f1,gmean,bacc,auc,brier,ece,dataset,seed,IR,IR_actual,n_min,n_syn,method,H,n_channels,length,M,n_select,tau,clf,energy_syn,mmd_syn,disp_ratio,accept,secs,guard,guard_mode,guard_fired,guard_amt,rho_before,rho_after
0.5098039215686274,0.6408553614135919,0.6993529355790276,0.9151203730136074,0.051490150150150155,0.04300900900900901,JapaneseVowels,0,5,8.0,30,210,none,0.85,12,29,2.0,64,2.0,rf,,,,,,,,,,,
0.5454545454545454,0.8750025488319796,0.8750118945665619,0.918070225520982,0.09108726726726726,0.166,JapaneseVowels,0,5,8.0,30,210,SMOTE-raw,0.85,12,29,2.0,64,2.0,rf,1.8208311617377468,0.07800531354316198,0.5483789941954831,,,,,,,,
0.4722222222222222,0.7138369782491262,0.7387953182986011,0.9046055761728042,0.06693792792792792,0.07525225225225225,JapaneseVowels,0,5,8.0,30,210,guide=gpf | walk=aligned,0.85,12,29,2.0,64,2.0,rf,8.81527959949021,0.1760446898466942,4.968032553873166,0.34539473684210525,2.3,0.0,,,,,
0.49019607843137253,0.8348781950277996,0.8353791987819963,0.9232086782757636,0.08720117117117118,0.1354684684684685,JapaneseVowels,0,5,8.0,30,210,guide=gpf | walk=aligned | guard-shrink,0.85,12,29,2.0,64,2.0,rf,0.8057890438694244,0.02760180849092686,1.1825072657792774,0.34539473684210525,3.5,1.0,shrink,1.0,0.634,4.97,1.18
0.5070422535211268,0.7368603493348819,0.7578742030640404,0.9070320677514512,0.06597717717717717,0.07381981981981982,JapaneseVowels,0,5,8.0,30,210,guide=gpf | walk=aligned | guard-trim,0.85,12,29,2.0,64,2.0,rf,5.736987960449152,0.15743344585605268,1.9936455283555778,0.34539473684210525,4.7,1.0,trim,1.0,0.281,4.97,2.0
0.5714285714285714,0.8686721491408194,0.8692073460843087,0.9308212008754401,0.08916102102102104,0.1652972972972973,JapaneseVowels,0,5,8.0,30,210,guide=sig | walk=aligned,0.85,12,29,2.0,64,2.0,rf,1.9588728350568516,0.04182509301782167,4.087777544761582,0.29829545454545453,2.9,0.0,,,,,
0.5473684210526316,0.8629571387463867,0.8633076410695595,0.9211628128271006,0.09605306306306306,0.1838288288288288,JapaneseVowels,0,5,8.0,30,210,guide=sig | walk=aligned | guard-shrink,0.85,12,29,2.0,64,2.0,rf,1.7755376581228148,0.07159643850456399,1.262823326903607,0.29829545454545453,4.2,1.0,shrink,1.0,0.699,4.09,1.26
0.5531914893617021,0.8643894337381997,0.8647825673232468,0.9226377390807879,0.09123387387387387,0.16556756756756758,JapaneseVowels,0,5,8.0,30,210,guide=sig | walk=aligned | guard-trim,0.85,12,29,2.0,64,2.0,rf,1.3497860065863065,0.037232105002149574,1.927289018687165,0.29829545454545453,5.3,1.0,trim,1.0,0.067,4.09,1.96
0.44,0.588612720570814,0.6656199448092112,0.9093158245313542,0.053237867867867855,0.027162162162162162,JapaneseVowels,0,10,10.0,24,216,none,0.85,12,29,2.1999999999999997,64,2.0,rf,,,,,,,,,,,
0.4854368932038835,0.8334522705113219,0.833904272528309,0.9056522980302598,0.10211666666666666,0.17278378378378378,JapaneseVowels,0,10,10.0,24,216,SMOTE-raw,0.85,12,29,2.1999999999999997,64,2.0,rf,1.728700190890919,0.07246597916380626,0.5294063329741628,,,,,,,,
0.5079365079365079,0.7012624044814465,0.7344656960700352,0.9162146731373109,0.058349009009008995,0.049855855855855856,JapaneseVowels,0,10,10.0,24,216,guide=gpf | walk=aligned,0.85,12,29,2.1999999999999997,64,2.0,rf,17.234892525259667,0.24065784034688198,9.5347966869925,0.48214285714285715,2.3,0.0,,,,,
0.5,0.8249603144461412,0.8266247977923684,0.91388333809116,0.09409006006006007,0.1480810810810811,JapaneseVowels,0,10,10.0,24,216,guide=gpf | walk=aligned | guard-shrink,0.85,12,29,2.1999999999999997,64,2.0,rf,1.141876350631101,0.03789372682805059,0.8399409871337769,0.48214285714285715,3.4,1.0,shrink,1.0,0.458,9.53,0.84
0.45161290322580644,0.6549546919381286,0.7007327053002188,0.9165001427347989,0.05786264264264263,0.0554054054054054,JapaneseVowels,0,10,10.0,24,216,guide=gpf | walk=aligned | guard-trim,0.85,12,29,2.1999999999999997,64,2.0,rf,9.741495050434313,0.23615445216207198,2.0167543920414883,0.48214285714285715,4.6,1.0,trim,1.0,0.463,9.53,1.99
0.5526315789473685,0.7933854438170315,0.8033114473308592,0.9142163859548957,0.08086837837837839,0.13608108108108108,JapaneseVowels,0,10,10.0,24,216,guide=sig | walk=aligned,0.85,12,29,2.1999999999999997,64,2.0,rf,4.965048196193109,0.07953634483508731,6.735036942080717,0.375,0.9,0.0,,,,,
0.5,0.8377227627071346,0.838329051289371,0.9102198115900656,0.1009778978978979,0.17317117117117117,JapaneseVowels,0,10,10.0,24,216,guide=sig | walk=aligned | guard-shrink,0.85,12,29,2.1999999999999997,64,2.0,rf,1.371682687044494,0.06048940924600443,0.8947543231796202,0.375,2.1,1.0,shrink,1.0,0.545,6.74,0.89
0.49382716049382713,0.766855508440154,0.7783328575506708,0.9134551336949281,0.08472318318318318,0.14192792792792794,JapaneseVowels,0,10,10.0,24,216,guide=sig | walk=aligned | guard-trim,0.85,12,29,2.1999999999999997,64,2.0,rf,2.193970526481568,0.05324570230463421,1.9516449569460375,0.375,3.3,1.0,trim,1.0,0.171,6.74,1.95
0.21052631578947367,0.3576176445235395,0.5600913502711962,0.8961366447806641,0.05899225225225225,0.02241441441441442,JapaneseVowels,0,20,20.0,12,228,none,0.85,12,29,2.0,64,2.0,rf,,,,,,,,,,,
0.43636363636363634,0.6110599262872102,0.6758492720525264,0.8998001712817585,0.0623782882882883,0.060531531531531534,JapaneseVowels,0,20,20.0,12,228,SMOTE-raw,0.85,12,29,2.0,64,2.0,rf,2.170112490386824,0.08419363497862253,0.4808011514162245,,,,,,,,
0.46153846153846156,0.6138565538332104,0.6802740508135883,0.8982300884955752,0.05787711711711712,0.025801801801801805,JapaneseVowels,0,20,20.0,12,228,guide=gpf | walk=aligned,0.85,12,29,2.0,64,2.0,rf,23.162466095370036,0.31114251123548375,5.479787980637041,0.3958333333333333,2.1,0.0,,,,,
0.5142857142857142,0.7380216744831085,0.7593491293177277,0.9178323341897422,0.06531297297297296,0.07344144144144144,JapaneseVowels,0,20,20.0,12,228,guide=gpf | walk=aligned | guard-shrink,0.85,12,29,2.0,64,2.0,rf,2.9505075423658944,0.08527800616867298,0.968116066291481,0.3958333333333333,3.2,1.0,shrink,1.0,0.604,5.48,0.97
0.43137254901960786,0.5877229049138035,0.6641450185555238,0.9059377676277477,0.05697597597597598,0.03214414414414415,JapaneseVowels,0,20,20.0,12,228,guide=gpf | walk=aligned | guard-trim,0.85,12,29,2.0,64,2.0,rf,14.939403069639113,0.3100428884094496,2.0070426852953798,0.3958333333333333,4.3,1.0,trim,1.0,0.412,5.48,2.0
0.46808510638297873,0.5912741330298001,0.6700447235702731,0.9164049862023028,0.05386627627627628,0.04463963963963964,JapaneseVowels,0,20,20.0,12,228,guide=sig | walk=aligned,0.85,12,29,2.0,64,2.0,rf,13.313201559834098,0.16724119916089508,7.5184975296328345,0.2375,1.8,0.0,,,,,
0.3673469387755102,0.53161536989913,0.6318869540393948,0.905224093634028,0.058097057057057054,0.044558558558558566,JapaneseVowels,0,20,20.0,12,228,guide=sig | walk=aligned | guard-shrink,0.85,12,29,2.0,64,2.0,rf,2.748329435083189,0.08355997217810684,0.8549440679976199,0.2375,3.0,1.0,shrink,1.0,0.516,7.52,0.85
0.4444444444444444,0.5646010838295052,0.6553906175658959,0.9097440289275859,0.05455603603603603,0.029981981981981983,JapaneseVowels,0,20,20.0,12,228,guide=sig | walk=aligned | guard-trim,0.85,12,29,2.0,64,2.0,rf,4.91961078459731,0.1057984521061377,1.948537507760478,0.2375,4.1,1.0,trim,1.0,0.346,7.52,1.98
0.56,0.6670471842014548,0.7184318203444666,0.9038919021790847,0.05282717717717717,0.05076576576576577,JapaneseVowels,1,5,8.0,30,210,none,0.85,12,29,2.0,64,2.0,rf,,,,,,,,,,,
0.54,0.8735331900306192,0.8735369683128746,0.918212960319726,0.09620117117117118,0.17123423423423423,JapaneseVowels,1,5,8.0,30,210,SMOTE-raw,0.85,12,29,2.0,64,2.0,rf,1.814840421889258,0.07894697490813674,0.5706657450757184,,,,,,,,
0.5205479452054794,0.7558570110184326,0.7725283090684176,0.9078884765439147,0.06782831831831831,0.07883783783783782,JapaneseVowels,1,5,8.0,30,210,guide=gpf | walk=aligned,0.85,12,29,2.0,64,2.0,rf,9.134828909552816,0.1630770349025633,5.821533504163723,0.328125,3.2,0.0,,,,,
0.5436893203883495,0.886562439096421,0.8867161480635646,0.924445713198211,0.08962507507507507,0.1441171171171171,JapaneseVowels,1,5,8.0,30,210,guide=gpf | walk=aligned | guard-shrink,0.85,12,29,2.0,64,2.0,rf,0.7482066711788846,0.025722352470634036,1.0232313356062077,0.328125,4.3,1.0,shrink,1.0,0.586,5.82,1.02
0.4788732394366197,0.7149691549768247,0.7402702445522885,0.9086021505376344,0.06855882882882881,0.07681981981981982,JapaneseVowels,1,5,8.0,30,210,guide=gpf | walk=aligned | guard-trim,0.85,12,29,2.0,64,2.0,rf,5.029338316626436,0.1372922233711209,2.0102539677625826,0.328125,5.5,1.0,trim,1.0,0.3,5.82,2.0
0.5416666666666666,0.8615224625443353,0.8618327148158722,0.9300599486154725,0.09321312312312312,0.17074774774774773,JapaneseVowels,1,5,8.0,30,210,guide=sig | walk=aligned,0.85,12,29,2.0,64,2.0,rf,1.8353768661546148,0.041323242023175055,3.833336616333516,0.29829545454545453,2.9,0.0,,,,,
0.5252525252525253,0.8572040270167722,0.8574079360548101,0.9264440003806262,0.09950624624624624,0.18664864864864866,JapaneseVowels,1,5,8.0,30,210,guide=sig | walk=aligned | guard-shrink,0.85,12,29,2.0,64,2.0,rf,1.473459614381916,0.059681182257715126,1.2313934563181121,0.29829545454545453,4.2,1.0,shrink,1.0,0.722,3.83,1.23
0.5294117647058824,0.8705870325994342,0.8705871158055001,0.933390427252831,0.09311237237237237,0.17054054054054052,JapaneseVowels,1,5,8.0,30,210,guide=sig | walk=aligned | guard-trim,0.85,12,29,2.0,64,2.0,rf,1.3642185077407376,0.03849963286058811,1.9742575014164634,0.29829545454545453,5.4,1.0,trim,1.0,0.057,3.83,1.95
0.43478260869565216,0.563757765832536,0.6539156913122086,0.9150727947473594,0.0504972972972973,0.04021621621621622,JapaneseVowels,1,10,10.0,24,216,none,0.85,12,29,2.1999999999999997,64,2.0,rf,,,,,,,,,,,
0.5070422535211268,0.7368603493348819,0.7578742030640404,0.9228756304120278,0.07016873873873875,0.10572072072072072,JapaneseVowels,1,10,10.0,24,216,SMOTE-raw,0.85,12,29,2.1999999999999997,64,2.0,rf,2.152144604757705,0.10527523995560217,0.45695416664279714,,,,,,,,
0.6031746031746031,0.7677236236302427,0.7872775716052907,0.9191645256446856,0.058014984984984995,0.06775675675675676,JapaneseVowels,1,10,10.0,24,216,guide=gpf | walk=aligned,0.85,12,29,2.1999999999999997,64,2.0,rf,14.969781504078579,0.21689076083670855,16.649013159781546,0.421875,1.4,0.0,,,,,
0.5066666666666667,0.7534612616922469,0.7695784565610428,0.9295841659529926,0.07126027027027027,0.10964864864864866,JapaneseVowels,1,10,10.0,24,216,guide=gpf | walk=aligned | guard-shrink,0.85,12,29,2.1999999999999997,64,2.0,rf,1.5012675427253512,0.07363705743160798,0.6324150478477814,0.421875,2.8,1.0,shrink,1.0,0.347,16.65,0.63
0.5161290322580645,0.7023471110918269,0.7359406223237226,0.9212103910933486,0.057981021021021026,0.05845045045045045,JapaneseVowels,1,10,10.0,24,216,guide=gpf | walk=aligned | guard-trim,0.85,12,29,2.1999999999999997,64,2.0,rf,7.958499572534759,0.2024028243033944,1.933480956330061,0.421875,4.0,1.0,trim,1.0,0.421,16.65,1.99
0.53125,0.7228447412379048,0.7505947283280997,0.9257303263869063,0.061270990990991,0.09180180180180181,JapaneseVowels,1,10,10.0,24,216,guide=sig | walk=aligned,0.85,12,29,2.1999999999999997,64,2.0,rf,6.549043405025987,0.09578499811153052,10.293568319990042,0.39705882352941174,1.6,0.0,,,,,
0.5454545454545454,0.7426488149499467,0.7652488343324769,0.9208297649633647,0.0638703903903904,0.09787387387387386,JapaneseVowels,1,10,10.0,24,216,guide=sig | walk=aligned | guard-shrink,0.85,12,29,2.1999999999999997,64,2.0,rf,1.872148765122354,0.07541832817050043,0.9378669722451096,0.39705882352941174,2.8,1.0,shrink,1.0,0.441,10.29,0.94
0.48484848484848486,0.6979981707564096,0.7300409173089732,0.9266818917118661,0.06230483483483482,0.09006306306306307,JapaneseVowels,1,10,10.0,24,216,guide=sig | walk=aligned | guard-trim,0.85,12,29,2.1999999999999997,64,2.0,rf,2.8081280436448672,0.06812766519432789,1.9613953822023635,0.39705882352941174,4.0,1.0,trim,1.0,0.181,10.29,1.97
0.17142857142857143,0.31062634136676054,0.5469121705205062,0.9113141117137693,0.05167894894894895,0.02613513513513513,JapaneseVowels,1,20,20.0,12,228,none,0.85,12,29,2.0,64,2.0,rf,,,,,,,,,,,
0.5925925925925926,0.710965189456219,0.7477400323532211,0.8811970691787991,0.05657123123123123,0.05504504504504505,JapaneseVowels,1,20,20.0,12,228,SMOTE-raw,0.85,12,29,2.0,64,2.0,rf,1.9307031111290378,0.06780374588963578,0.5442139995218425,,,,,,,,
0.34146341463414637,0.4730836759289927,0.6084784470453897,0.9219716433533163,0.050278618618618626,0.027639639639639637,JapaneseVowels,1,20,20.0,12,228,guide=gpf | walk=aligned,0.85,12,29,2.0,64,2.0,rf,28.866686182370078,0.3787843954760335,4.903282811334158,0.35625,1.8,0.0,,,,,
0.43478260869565216,0.563757765832536,0.6539156913122086,0.9286326006280331,0.04917246246246246,0.036513513513513514,JapaneseVowels,1,20,20.0,12,228,guide=gpf | walk=aligned | guard-shrink,0.85,12,29,2.0,64,2.0,rf,7.4148270119410284,0.1976273732174204,1.1608090412540837,0.35625,2.9,1.0,shrink,1.0,0.639,4.9,1.16
0.20512820512820512,0.3570850788601798,0.5586164240175088,0.9146445903511276,0.05102780780780781,0.042162162162162176,JapaneseVowels,1,20,20.0,12,228,guide=gpf | walk=aligned | guard-trim,0.85,12,29,2.0,64,2.0,rf,22.7322986876099,0.4156516634798989,2.0039246428727138,0.35625,4.0,1.0,trim,1.0,0.289,4.9,2.0
0.48148148148148145,0.6379533599607444,0.6949281568179656,0.9077933200114188,0.05258684684684684,0.04974774774774775,JapaneseVowels,1,20,20.0,12,228,guide=sig | walk=aligned,0.85,12,29,2.0,64,2.0,rf,8.107730936283698,0.1291165933856938,5.6660243527231335,0.35625,1.7,0.0,,,,,
0.5357142857142857,0.6852718350169822,0.7271862213340946,0.8934722618707774,0.05618138138138139,0.04713513513513514,JapaneseVowels,1,20,20.0,12,228,guide=sig | walk=aligned | guard-shrink,0.85,12,29,2.0,64,2.0,rf,2.1269849418305427,0.06588066463172382,0.92117644206295,0.35625,2.9,1.0,shrink,1.0,0.594,5.67,0.92
0.5384615384615384,0.6650470382169992,0.7154819678370921,0.9152631078123513,0.051314564564564555,0.042081081081081086,JapaneseVowels,1,20,20.0,12,228,guide=sig | walk=aligned | guard-trim,0.85,12,29,2.0,64,2.0,rf,5.367411027556603,0.11504913227528502,1.9868163046642684,0.35625,4.0,1.0,trim,1.0,0.118,5.67,1.99
0.4528301886792453,0.6129257624655972,0.678799124559901,0.9118374726424969,0.05319933933933934,0.053297297297297305,JapaneseVowels,2,5,8.0,30,210,none,0.85,12,29,2.0,64,2.0,rf,,,,,,,,,,,
0.5252525252525253,0.8572040270167722,0.8574079360548101,0.9252069654581787,0.09078339339339338,0.16281981981981983,JapaneseVowels,2,5,8.0,30,210,SMOTE-raw,0.85,12,29,2.0,64,2.0,rf,1.8556608727298567,0.08303926863503852,0.494080240970078,,,,,,,,
0.5263157894736842,0.7730349436310124,0.7857074888191073,0.9128841944999524,0.06653963963963964,0.07947747747747749,JapaneseVowels,2,5,8.0,30,210,guide=gpf | walk=aligned,0.85,12,29,2.0,64,2.0,rf,10.041242607925746,0.18739605514290192,5.820365949806046,0.34539473684210525,2.6,0.0,,,,,
0.4897959183673469,0.8221873307533207,0.8236749452849939,0.9199733561709011,0.0874623123123123,0.13746846846846847,JapaneseVowels,2,5,8.0,30,210,guide=gpf | walk=aligned | guard-shrink,0.85,12,29,2.0,64,2.0,rf,0.7693442832142381,0.027044259152763206,1.0334543485981154,0.34539473684210525,3.7,1.0,shrink,1.0,0.586,5.82,1.03
0.5135135135135135,0.7546600870513133,0.7710533828147302,0.915976781806071,0.06502303303303303,0.0751081081081081,JapaneseVowels,2,5,8.0,30,210,guide=gpf | walk=aligned | guard-trim,0.85,12,29,2.0,64,2.0,rf,5.9378294182773175,0.16008407434480187,2.0152070880761777,0.34539473684210525,4.8,1.0,trim,1.0,0.367,5.82,1.99
0.5591397849462365,0.8658193593372351,0.866257493576934,0.933390427252831,0.09295327327327327,0.17610810810810812,JapaneseVowels,2,5,8.0,30,210,guide=sig | walk=aligned,0.85,12,29,2.0,64,2.0,rf,1.783003903054972,0.04338466486538406,4.0685562391535965,0.3125,2.7,0.0,,,,,
0.5360824742268041,0.860085393216023,0.8603577885621848,0.9250166523931869,0.1000257057057057,0.19255855855855855,JapaneseVowels,2,5,8.0,30,210,guide=sig | walk=aligned | guard-shrink,0.85,12,29,2.0,64,2.0,rf,1.716920294335143,0.0759004733058748,1.1762291338937096,0.3125,4.0,1.0,shrink,1.0,0.701,4.07,1.18
0.5154639175257731,0.8419715951829201,0.8427538300504329,0.9248263393281949,0.09880048048048047,0.1832612612612613,JapaneseVowels,2,5,8.0,30,210,guide=sig | walk=aligned | guard-trim,0.85,12,29,2.0,64,2.0,rf,1.3432403117334886,0.04100863405175181,1.9835933240361592,0.3125,5.1,1.0,trim,1.0,0.062,4.07,1.95
0.46808510638297873,0.5912741330298001,0.6700447235702731,0.909363402797602,0.05004321321321322,0.03179279279279279,JapaneseVowels,2,10,10.0,24,216,none,0.85,12,29,2.0,64,2.0,rf,,,,,,,,,,,
0.5681818181818182,0.854591356676664,0.8560281663336188,0.9149776382148634,0.08170324324324324,0.13616216216216215,JapaneseVowels,2,10,10.0,24,216,SMOTE-raw,0.85,12,29,2.0,64,2.0,rf,1.970662830061034,0.09170555288805338,0.46617297861801543,,,,,,,,
0.4931506849315068,0.7345321907527741,0.7549243505566657,0.9108383290512894,0.06268357357357357,0.06811711711711713,JapaneseVowels,2,10,10.0,24,216,guide=gpf | walk=aligned,0.85,12,29,2.0,64,2.0,rf,12.943060732585327,0.21082152364347628,8.423824769997164,0.375,2.5,0.0,,,,,
0.5176470588235295,0.8016777535130221,0.8076410695594253,0.9122180987724807,0.0745392792792793,0.11282882882882884,JapaneseVowels,2,10,10.0,24,216,guide=gpf | walk=aligned | guard-shrink,0.85,12,29,2.0,64,2.0,rf,1.0838639588702321,0.04522130841289307,0.8626572778665595,0.375,3.7,1.0,shrink,1.0,0.487,8.42,0.86
0.5070422535211268,0.7368603493348819,0.7578742030640404,0.9116471595775049,0.061351711711711714,0.07641441441441442,JapaneseVowels,2,10,10.0,24,216,guide=gpf | walk=aligned | guard-trim,0.85,12,29,2.0,64,2.0,rf,6.44889601159495,0.16855148812443,1.968793716326657,0.375,4.9,1.0,trim,1.0,0.398,8.42,1.98
0.5882352941176471,0.8587567332159077,0.8604529450946807,0.9292986963555048,0.08056891891891892,0.13624324324324324,JapaneseVowels,2,10,10.0,24,216,guide=sig | walk=aligned,0.85,12,29,2.0,64,2.0,rf,3.1690994374204315,0.049612159198712535,14.195800318209509,0.29347826086956524,1.8,0.0,,,,,
0.5121951219512195,0.7857930639591174,0.7944618898087353,0.9077933200114188,0.08275096096096096,0.14110810810810814,JapaneseVowels,2,10,10.0,24,216,guide=sig | walk=aligned | guard-shrink,0.85,12,29,2.0,64,2.0,rf,2.1086739941243415,0.1013565724669574,0.7138348203238233,0.29347826086956524,3.0,1.0,shrink,1.0,0.375,14.2,0.71
0.5679012345679012,0.826343316782425,0.8311447330859263,0.928680178894281,0.07721960960960961,0.13024324324324324,JapaneseVowels,2,10,10.0,24,216,guide=sig | walk=aligned | guard-trim,0.85,12,29,2.0,64,2.0,rf,1.6706226377349616,0.044107749136884644,1.9844546625934576,0.29347826086956524,4.2,1.0,trim,1.0,0.088,14.2,1.98
0.17647058823529413,0.3110855084191276,0.5483870967741935,0.9039394804453326,0.0564051051051051,0.02632432432432432,JapaneseVowels,2,20,20.0,12,228,none,0.85,12,29,2.0,64,2.0,rf,,,,,,,,,,,
0.47058823529411764,0.695813507586209,0.7270910648015987,0.9013226758016938,0.07212258258258258,0.10158558558558559,JapaneseVowels,2,20,20.0,12,228,SMOTE-raw,0.85,12,29,2.0,64,2.0,rf,1.773931301860145,0.07324060652148934,0.43193328915962353,,,,,,,,
0.3829787234042553,0.5332238920921644,0.6348368065467694,0.8963269578456561,0.05449402402402403,0.018315315315315314,JapaneseVowels,2,20,20.0,12,228,guide=gpf | walk=aligned,0.85,12,29,2.0,64,2.0,rf,25.75130568901483,0.3199742903973428,5.845068478482669,0.296875,2.8,0.0,,,,,
0.5538461538461539,0.7438011024000216,0.7667237605861643,0.9147873251498715,0.061219489489489486,0.06743243243243245,JapaneseVowels,2,20,20.0,12,228,guide=gpf | walk=aligned | guard-shrink,0.85,12,29,2.0,64,2.0,rf,3.4901607852182117,0.09886629705234729,0.9099938314969049,0.296875,3.8,1.0,shrink,1.0,0.585,5.85,0.91
0.37209302325581395,0.5049945614451324,0.6231325530497669,0.903083071652869,0.054303723723723725,0.026234234234234235,JapaneseVowels,2,20,20.0,12,228,guide=gpf | walk=aligned | guard-trim,0.85,12,29,2.0,64,2.0,rf,15.982827567570862,0.3033297302974507,2.1411527636040524,0.296875,4.9,1.0,trim,1.0,0.5,5.85,2.15
0.5172413793103449,0.6831857667521063,0.7242363688267199,0.905128937101532,0.05684714714714715,0.05257657657657658,JapaneseVowels,2,20,20.0,12,228,guide=sig | walk=aligned,0.85,12,29,2.0,64,2.0,rf,15.38395172523045,0.21582343604664445,5.550891052048646,0.10477941176470588,5.1,0.0,,,,,
0.5,0.7001760174550143,0.7329907698163478,0.9057474545627557,0.06367228228228228,0.06806306306306306,JapaneseVowels,2,20,20.0,12,228,guide=sig | walk=aligned | guard-shrink,0.85,12,29,2.0,64,2.0,rf,2.4314325630873093,0.07256309651074255,1.0531463422122493,0.10477941176470588,6.3,1.0,shrink,1.0,0.6,5.55,1.05
0.5,0.6610285903207433,0.7095822628223427,0.9076981634789228,0.056143303303303305,0.045999999999999985,JapaneseVowels,2,20,20.0,12,228,guide=sig | walk=aligned | guard-trim,0.85,12,29,2.0,64,2.0,rf,10.13160371195777,0.20879655585660473,2.0069397203610326,0.10477941176470588,7.4,1.0,trim,1.0,0.259,5.55,1.99
0.9090909090909091,0.9128709291752769,0.9166666666666667,0.9990079365079365,0.011720432098765433,0.03261111111111111,Libras,0,5,14.0,12,156,none,0.841,2,45,2.0,64,2.0,rf,,,,,,,,,,,
1.0,1.0,1.0,1.0,0.011879197530864196,0.053203703703703704,Libras,0,5,14.0,12,156,SMOTE-raw,0.841,2,45,2.0,64,2.0,rf,3.0654366470684966,0.1386567966255552,0.7178822223190814,,,,,,,,
0.9565217391304348,0.9574271077563381,0.9583333333333333,1.0,0.007484814814814813,0.02918518518518519,Libras,0,5,14.0,12,156,guide=gpf | walk=aligned,0.841,2,45,2.0,64,2.0,rf,13.160882383242454,0.1958898967352476,15.667280081146403,0.5416666666666666,0.2,0.0,,,,,
1.0,1.0,1.0,1.0,0.01314925925925926,0.06144444444444444,Libras,0,5,14.0,12,156,guide=gpf | walk=aligned | guard-shrink,0.841,2,45,2.0,64,2.0,rf,3.3534432110906938,0.13797939340412324,1.02514461483546,0.5416666666666666,1.0,1.0,shrink,1.0,0.357,15.67,1.03
0.9565217391304348,0.9574271077563381,0.9583333333333333,0.9995039682539683,0.008082716049382717,0.0292962962962963,Libras,0,5,14.0,12,156,guide=gpf | walk=aligned | guard-trim,0.841,2,45,2.0,64,2.0,rf,4.868172282295545,0.12396802612477842,2.94451519989927,0.5416666666666666,1.8,1.0,trim,1.0,0.5,15.67,3.08
0.96,0.9970193674385764,0.9970238095238095,1.0,0.006779259259259259,0.0334074074074074,Libras,0,5,14.0,12,156,guide=sig | walk=aligned,0.841,2,45,2.0,64,2.0,rf,7.572009441960519,0.15806518991106744,5.632088325570993,0.203125,1.2,0.0,,,,,
1.0,1.0,1.0,1.0,0.007560432098765432,0.04201851851851852,Libras,0,5,14.0,12,156,guide=sig | walk=aligned | guard-shrink,0.841,2,45,2.0,64,2.0,rf,2.955874557051237,0.09668294397758037,2.0025176774245392,0.203125,2.0,1.0,shrink,1.0,0.588,5.63,2.0
0.96,0.9970193674385764,0.9970238095238095,0.9995039682539683,0.00673358024691358,0.03077777777777778,Libras,0,5,14.0,12,156,guide=sig | walk=aligned | guard-trim,0.841,2,45,2.0,64,2.0,rf,3.886374350827266,0.12199373372224132,1.972461257831477,0.203125,2.7,1.0,trim,1.0,0.436,5.63,1.98
0.9090909090909091,0.9128709291752769,0.9166666666666667,0.9990079365079365,0.01168537037037037,0.026685185185185183,Libras,0,10,14.0,12,156,none,0.841,2,45,1.7999999999999998,64,2.0,rf,,,,,,,,,,,
0.96,0.9970193674385764,0.9970238095238095,1.0,0.010511234567901234,0.05000000000000001,Libras,0,10,14.0,12,156,SMOTE-raw,0.841,2,45,1.7999999999999998,64,2.0,rf,2.8751690471553406,0.13645425266790534,0.6565680682134757,,,,,,,,
1.0,1.0,1.0,1.0,0.006614691358024691,0.033,Libras,0,10,14.0,12,156,guide=gpf | walk=aligned,0.841,2,45,1.7999999999999998,64,2.0,rf,8.250859471791012,0.161698045985178,9.839032713613845,0.4875,0.9,0.0,,,,,
1.0,1.0,1.0,1.0,0.011851790123456793,0.055055555555555566,Libras,0,10,14.0,12,156,guide=gpf | walk=aligned | guard-shrink,0.841,2,45,1.7999999999999998,64,2.0,rf,2.9105978824987506,0.1161928357061549,1.1363476147902196,0.4875,1.7,1.0,shrink,1.0,0.451,9.84,1.14
0.9565217391304348,0.9574271077563381,0.9583333333333333,1.0,0.00728216049382716,0.030425925925925933,Libras,0,10,14.0,12,156,guide=gpf | walk=aligned | guard-trim,0.841,2,45,1.7999999999999998,64,2.0,rf,3.722854378737713,0.11587589629814554,2.0919507702636024,0.4875,2.4,1.0,trim,1.0,0.5,9.84,2.1
1.0,1.0,1.0,1.0,0.005686049382716048,0.03133333333333333,Libras,0,10,14.0,12,156,guide=sig | walk=aligned,0.841,2,45,1.7999999999999998,64,2.0,rf,5.413016972952123,0.14293554123276386,3.9915896881427795,0.203125,2.1,0.0,,,,,
1.0,1.0,1.0,1.0,0.006813827160493826,0.03559259259259259,Libras,0,10,14.0,12,156,guide=sig | walk=aligned | guard-shrink,0.841,2,45,1.7999999999999998,64,2.0,rf,2.9021917417617384,0.09759952821338491,2.0014572126065007,0.203125,2.8,1.0,shrink,1.0,0.685,3.99,2.0
0.96,0.9970193674385764,0.9970238095238095,1.0,0.00595037037037037,0.0304074074074074,Libras,0,10,14.0,12,156,guide=sig | walk=aligned | guard-trim,0.841,2,45,1.7999999999999998,64,2.0,rf,4.067052289106206,0.12592620260092302,2.0165332756637278,0.203125,3.5,1.0,trim,1.0,0.224,3.99,1.99
0.8,0.816496580927726,0.8333333333333333,0.9990079365079365,0.014693333333333334,0.02988888888888889,Libras,0,20,21.0,8,160,none,0.841,2,45,1.5999999999999999,64,2.0,rf,,,,,,,,,,,
0.8333333333333334,0.9074209047695003,0.9107142857142858,0.996031746031746,0.016037716049382717,0.045092592592592594,Libras,0,20,21.0,8,160,SMOTE-raw,0.841,2,45,1.5999999999999999,64,2.0,rf,3.700299647096415,0.14637095344001405,0.6620316442996055,,,,,,,,
0.9565217391304348,0.9574271077563381,0.9583333333333333,1.0,0.004955308641975309,0.018851851851851856,Libras,0,20,21.0,8,160,guide=gpf | walk=aligned,0.841,2,45,1.5999999999999999,64,2.0,rf,6.691751044347335,0.1575193453114151,3.357188047233983,0.20833333333333334,2.1,0.0,,,,,
0.9565217391304348,0.9574271077563381,0.9583333333333333,1.0,0.004564753086419753,0.025166666666666667,Libras,0,20,21.0,8,160,guide=gpf | walk=aligned | guard-shrink,0.841,2,45,1.5999999999999999,64,2.0,rf,4.311708221346379,0.12178036052481023,1.9460587443600035,0.20833333333333334,2.8,1.0,shrink,1.0,0.772,3.36,1.95
0.9565217391304348,0.9574271077563381,0.9583333333333333,1.0,0.00491141975308642,0.017722222222222226,Libras,0,20,21.0,8,160,guide=gpf | walk=aligned | guard-trim,0.841,2,45,1.5999999999999999,64,2.0,rf,5.208428759376254,0.14227178169604404,1.9935165806893569,0.20833333333333334,3.6,1.0,trim,1.0,0.219,3.36,1.99
0.9090909090909091,0.9128709291752769,0.9166666666666667,0.998015873015873,0.010226975308641974,0.01727777777777778,Libras,0,20,21.0,8,160,guide=sig | walk=aligned,0.841,2,45,1.5999999999999999,64,2.0,rf,6.357653931004776,0.2031911271124155,1.7318698479980383,0.45454545454545453,0.3,0.0,,,,,
0.9090909090909091,0.9128709291752769,0.9166666666666667,0.998015873015873,0.010226975308641974,0.01727777777777778,Libras,0,20,21.0,8,160,guide=sig | walk=aligned | guard-shrink,0.841,2,45,1.5999999999999999,64,2.0,rf,6.357653931004776,0.2031911271124155,1.7318698479980383,0.45454545454545453,1.1,1.0,shrink,0.0,1.0,1.73,1.73
0.9090909090909091,0.9128709291752769,0.9166666666666667,0.998015873015873,0.010226975308641974,0.01727777777777778,Libras,0,20,21.0,8,160,guide=sig | walk=aligned | guard-trim,0.841,2,45,1.5999999999999999,64,2.0,rf,6.357653931004776,0.2031911271124155,1.7318698479980383,0.45454545454545453,1.9,1.0,trim,0.0,0.0,1.73,1.73
0.8571428571428571,0.8660254037844386,0.875,0.9990079365079366,0.013373518518518519,0.038462962962962956,Libras,1,5,14.0,12,156,none,0.841,2,45,2.0,64,2.0,rf,,,,,,,,,,,
0.96,0.9970193674385764,0.9970238095238095,1.0,0.010123024691358026,0.04438888888888888,Libras,1,5,14.0,12,156,SMOTE-raw,0.841,2,45,2.0,64,2.0,rf,3.0534271980876984,0.14066928618063534,0.6402568613814626,,,,,,,,
0.9565217391304348,0.9574271077563381,0.9583333333333333,1.0,0.007743333333333336,0.03462962962962963,Libras,1,5,14.0,12,156,guide=gpf | walk=aligned,0.841,2,45,2.0,64,2.0,rf,8.818789906677113,0.1675581967816464,14.516772137055353,0.4431818181818182,1.0,0.0,,,,,
0.9565217391304348,0.9574271077563381,0.9583333333333333,0.9997519841269842,0.014278395061728396,0.05692592592592592,Libras,1,5,14.0,12,156,guide=gpf | walk=aligned | guard-shrink,0.841,2,45,2.0,64,2.0,rf,3.3123353978078303,0.1391096186716121,0.9415434170047735,0.4431818181818182,1.8,1.0,shrink,1.0,0.371,14.52,0.94
0.9090909090909091,0.9128709291752769,0.9166666666666667,0.9995039682539681,0.008517283950617283,0.022444444444444444,Libras,1,5,14.0,12,156,guide=gpf | walk=aligned | guard-trim,0.841,2,45,2.0,64,2.0,rf,3.9344245984749424,0.12019887462595102,2.19944763484433,0.4431818181818182,2.5,1.0,trim,1.0,0.5,14.52,2.25
1.0,1.0,1.0,1.0,0.006483765432098766,0.032981481481481466,Libras,1,5,14.0,12,156,guide=sig | walk=aligned,0.841,2,45,2.0,64,2.0,rf,6.6860717977418265,0.14593643765435926,5.302731212891016,0.21195652173913043,2.0,0.0,,,,,
1.0,1.0,1.0,1.0,0.007492777777777778,0.039277777777777786,Libras,1,5,14.0,12,156,guide=sig | walk=aligned | guard-shrink,0.841,2,45,2.0,64,2.0,rf,2.9087590830397954,0.09388438885880235,1.9745033755467791,0.21195652173913043,2.8,1.0,shrink,1.0,0.614,5.3,1.97
0.96,0.9970193674385764,0.9970238095238095,1.0,0.00690895061728395,0.029351851851851858,Libras,1,5,14.0,12,156,guide=sig | walk=aligned | guard-trim,0.841,2,45,2.0,64,2.0,rf,3.386105361731362,0.105627636489805,1.9596028962345522,0.21195652173913043,3.5,1.0,trim,1.0,0.333,5.3,1.99
0.9090909090909091,0.9128709291752769,0.9166666666666667,0.9990079365079365,0.011402283950617282,0.03461111111111111,Libras,1,10,14.0,12,156,none,0.841,2,45,2.0,64,2.0,rf,,,,,,,,,,,
1.0,1.0,1.0,1.0,0.011948148148148147,0.05537037037037036,Libras,1,10,14.0,12,156,SMOTE-raw,0.841,2,45,2.0,64,2.0,rf,3.0319098446319916,0.1368222354074059,0.6914874164692069,,,,,,,,
0.9565217391304348,0.9574271077563381,0.9583333333333333,1.0,0.007818086419753087,0.02890740740740741,Libras,1,10,14.0,12,156,guide=gpf | walk=aligned,0.841,2,45,2.0,64,2.0,rf,11.508874478065396,0.18178077643878976,12.589325745931998,0.4431818181818182,0.8,0.0,,,,,
0.96,0.9970193674385764,0.9970238095238095,1.0,0.01443037037037037,0.06548148148148147,Libras,1,10,14.0,12,156,guide=gpf | walk=aligned | guard-shrink,0.841,2,45,2.0,64,2.0,rf,3.4397762778125607,0.13971985326098535,1.0047424749459446,0.4431818181818182,1.5,1.0,shrink,1.0,0.399,12.59,1.0
0.9565217391304348,0.9574271077563381,0.9583333333333333,0.9995039682539683,0.0075820987654320994,0.029185185185185186,Libras,1,10,14.0,12,156,guide=gpf | walk=aligned | guard-trim,0.841,2,45,2.0,64,2.0,rf,4.966236807754848,0.12782360297953255,2.9336797099228327,0.4431818181818182,2.3,1.0,trim,1.0,0.5,12.59,2.92
1.0,1.0,1.0,0.9999999999999999,0.00632851851851852,0.031259259259259264,Libras,1,10,14.0,12,156,guide=sig | walk=aligned,0.841,2,45,2.0,64,2.0,rf,6.258589517852792,0.14188858223788592,5.458507370940965,0.195,2.2,0.0,,,,,
0.96,0.9970193674385764,0.9970238095238095,1.0,0.009437592592592593,0.04457407407407407,Libras,1,10,14.0,12,156,guide=sig | walk=aligned | guard-shrink,0.841,2,45,2.0,64,2.0,rf,2.82850655268072,0.0938136193458452,2.0001806772949253,0.195,3.0,1.0,shrink,1.0,0.603,5.46,2.0
1.0,1.0,1.0,1.0,0.0059620987654321,0.03051851851851852,Libras,1,10,14.0,12,156,guide=sig | walk=aligned | guard-trim,0.841,2,45,2.0,64,2.0,rf,3.482631696327365,0.10909143579046243,1.9604093382535772,0.195,3.8,1.0,trim,1.0,0.359,5.46,1.99
0.6666666666666666,0.7071067811865476,0.75,0.9905753968253969,0.022218209876543212,0.032018518518518516,Libras,1,20,21.0,8,160,none,0.841,2,45,1.7999999999999998,64,2.0,rf,,,,,,,,,,,
0.7368421052631579,0.7637626158259734,0.7916666666666667,0.9935515873015873,0.018933703703703703,0.031,Libras,1,20,21.0,8,160,SMOTE-raw,0.841,2,45,1.7999999999999998,64,2.0,rf,4.463142345222739,0.21047839104748878,0.684088888374084,,,,,,,,
0.9090909090909091,0.9128709291752769,0.9166666666666667,0.9970238095238095,0.008083333333333333,0.017703703703703708,Libras,1,20,21.0,8,160,guide=gpf | walk=aligned,0.841,2,45,1.7999999999999998,64,2.0,rf,9.007654829610988,0.21913477754984445,5.6124226481801225,0.4166666666666667,1.0,0.0,,,,,
0.9565217391304348,0.9574271077563381,0.9583333333333333,0.9970238095238095,0.012175740740740744,0.03687037037037037,Libras,1,20,21.0,8,160,guide=gpf | walk=aligned | guard-shrink,0.841,2,45,1.7999999999999998,64,2.0,rf,5.223167497783081,0.21360340513180387,1.4068017107073867,0.4166666666666667,1.7,1.0,shrink,1.0,0.597,5.61,1.41
0.9090909090909091,0.9128709291752769,0.9166666666666667,1.0,0.009799444444444446,0.019981481481481485,Libras,1,20,21.0,8,160,guide=gpf | walk=aligned | guard-trim,0.841,2,45,1.7999999999999998,64,2.0,rf,9.002629060164349,0.27639454987652123,1.9914240780838612,0.4166666666666667,2.5,1.0,trim,1.0,0.363,5.61,1.99
0.9090909090909091,0.9128709291752769,0.9166666666666667,1.0,0.009151543209876543,0.0270925925925926,Libras,1,20,21.0,8,160,guide=sig | walk=aligned,0.841,2,45,1.7999999999999998,64,2.0,rf,11.952377966044466,0.3265282933011896,3.29171319835477,0.18518518518518517,2.4,0.0,,,,,
0.9090909090909091,0.9128709291752769,0.9166666666666667,0.9970238095238095,0.010488518518518519,0.017481481481481483,Libras,1,20,21.0,8,160,guide=sig | walk=aligned | guard-shrink,0.841,2,45,1.7999999999999998,64,2.0,rf,8.268986527235167,0.27615375287573907,1.8062670778611114,0.18518518518518517,3.1,1.0,shrink,1.0,0.779,3.29,1.81
0.8571428571428571,0.8660254037844386,0.875,1.0,0.010572222222222222,0.029185185185185186,Libras,1,20,21.0,8,160,guide=sig | walk=aligned | guard-trim,0.841,2,45,1.7999999999999998,64,2.0,rf,13.178489469072655,0.39061464836826343,1.9768552531063095,0.18518518518518517,3.8,1.0,trim,1.0,0.194,3.29,1.99
0.9090909090909091,0.9128709291752769,0.9166666666666667,0.9990079365079365,0.01134777777777778,0.038259259259259264,Libras,2,5,14.0,12,156,none,0.841,2,45,2.0,64,2.0,rf,,,,,,,,,,,
0.96,0.9970193674385764,0.9970238095238095,1.0,0.011896543209876542,0.04922222222222222,Libras,2,5,14.0,12,156,SMOTE-raw,0.841,2,45,2.0,64,2.0,rf,2.928297969848858,0.13592443992266123,0.6594946752898332,,,,,,,,
0.9565217391304348,0.9574271077563381,0.9583333333333333,0.9997519841269842,0.007997098765432099,0.030351851851851862,Libras,2,5,14.0,12,156,guide=gpf | walk=aligned,0.841,2,45,2.0,64,2.0,rf,9.79471664185021,0.17503655375283156,13.429216628749344,0.5416666666666666,0.4,0.0,,,,,
1.0,1.0,1.0,1.0,0.012857345679012347,0.0605,Libras,2,5,14.0,12,156,guide=gpf | walk=aligned | guard-shrink,0.841,2,45,2.0,64,2.0,rf,3.330207207818896,0.13704677652029096,1.0192137424443037,0.5416666666666666,1.2,1.0,shrink,1.0,0.386,13.43,1.02
0.9166666666666666,0.9545733693437699,0.9553571428571428,0.9990079365079365,0.008249382716049383,0.02833333333333334,Libras,2,5,14.0,12,156,guide=gpf | walk=aligned | guard-trim,0.841,2,45,2.0,64,2.0,rf,3.7488159809593586,0.10821706124772656,2.5558243293800373,0.5416666666666666,1.9,1.0,trim,1.0,0.5,13.43,2.56
0.96,0.9970193674385764,0.9970238095238095,1.0,0.006604197530864196,0.032037037037037044,Libras,2,5,14.0,12,156,guide=sig | walk=aligned,0.841,2,45,2.0,64,2.0,rf,5.905956552488691,0.1336983878525828,6.309425549182998,0.203125,1.6,0.0,,,,,
0.96,0.9970193674385764,0.9970238095238095,1.0,0.00833783950617284,0.04005555555555556,Libras,2,5,14.0,12,156,guide=sig | walk=aligned | guard-shrink,0.841,2,45,2.0,64,2.0,rf,2.4929241518899037,0.08362502628329915,1.6164906942406587,0.203125,2.4,1.0,shrink,1.0,0.563,6.31,1.62
0.96,0.9970193674385764,0.9970238095238095,1.0,0.006109382716049383,0.030333333333333327,Libras,2,5,14.0,12,156,guide=sig | walk=aligned | guard-trim,0.841,2,45,2.0,64,2.0,rf,3.030235760454646,0.09662965906255527,2.0072100142742473,0.203125,3.1,1.0,trim,1.0,0.321,6.31,1.97
0.9090909090909091,0.9128709291752769,0.9166666666666667,0.9990079365079365,0.011709876543209876,0.034370370370370364,Libras,2,10,14.0,12,156,none,0.841,2,45,1.7999999999999998,64,2.0,rf,,,,,,,,,,,
0.96,0.9970193674385764,0.9970238095238095,1.0,0.011034320987654321,0.051555555555555556,Libras,2,10,14.0,12,156,SMOTE-raw,0.841,2,45,1.7999999999999998,64,2.0,rf,2.956479579716648,0.13172107784626763,0.7024066002066164,,,,,,,,
0.9166666666666666,0.9545733693437699,0.9553571428571428,0.9995039682539683,0.009027592592592592,0.0240925925925926,Libras,2,10,14.0,12,156,guide=gpf | walk=aligned,0.841,2,45,1.7999999999999998,64,2.0,rf,7.850007133943096,0.16037318904329712,8.333902969213275,0.4431818181818182,0.3,0.0,,,,,
0.9166666666666666,0.9545733693437699,0.9553571428571428,0.9995039682539683,0.014470370370370371,0.05477777777777777,Libras,2,10,14.0,12,156,guide=gpf | walk=aligned | guard-shrink,0.841,2,45,1.7999999999999998,64,2.0,rf,3.1761183838004694,0.12278154443188238,1.2609368585653735,0.4431818181818182,1.0,1.0,shrink,1.0,0.49,8.33,1.26
0.9090909090909091,0.9128709291752769,0.9166666666666667,0.9990079365079365,0.008964814814814814,0.025148148148148152,Libras,2,10,14.0,12,156,guide=gpf | walk=aligned | guard-trim,0.841,2,45,1.7999999999999998,64,2.0,rf,3.446892490275557,0.10430147035652482,2.232286116132767,0.4431818181818182,1.8,1.0,trim,1.0,0.5,8.33,2.19
0.96,0.9970193674385764,0.9970238095238095,1.0,0.006355432098765432,0.025703703703703704,Libras,2,10,14.0,12,156,guide=sig | walk=aligned,0.841,2,45,1.7999999999999998,64,2.0,rf,5.099146480543682,0.1348757841570739,4.008288597211784,0.195,2.2,0.0,,,,,
0.96,0.9970193674385764,0.9970238095238095,0.9990079365079365,0.008782098765432098,0.03244444444444445,Libras,2,10,14.0,12,156,guide=sig | walk=aligned | guard-shrink,0.841,2,45,1.7999999999999998,64,2.0,rf,2.7631157062091756,0.09516750975753352,2.0062941596753334,0.195,3.0,1.0,shrink,1.0,0.675,4.01,2.01
0.96,0.9970193674385764,0.9970238095238095,1.0,0.006005740740740742,0.02931481481481481,Libras,2,10,14.0,12,156,guide=sig | walk=aligned | guard-trim,0.841,2,45,1.7999999999999998,64,2.0,rf,3.5586332569948187,0.1124119159362107,2.004846071694067,0.195,3.7,1.0,trim,1.0,0.237,4.01,1.99
0.8,0.816496580927726,0.8333333333333333,1.0,0.016662037037037038,0.03909259259259259,Libras,2,20,21.0,8,160,none,0.841,2,45,1.7999999999999998,64,2.0,rf,,,,,,,,,,,
0.9565217391304348,0.9574271077563381,0.9583333333333333,0.998015873015873,0.013653086419753086,0.05270370370370371,Libras,2,20,21.0,8,160,SMOTE-raw,0.841,2,45,1.7999999999999998,64,2.0,rf,5.487638270799817,0.22612139091820616,0.6841863239590776,,,,,,,,
0.9565217391304348,0.9574271077563381,0.9583333333333333,1.0,0.00660462962962963,0.028574074074074068,Libras,2,20,21.0,8,160,guide=gpf | walk=aligned,0.841,2,45,1.7999999999999998,64,2.0,rf,14.072877766927949,0.21752278097438715,9.249078134091102,0.20833333333333334,1.7,0.0,,,,,
0.9166666666666666,0.9545733693437699,0.9553571428571428,0.9990079365079365,0.008961913580246913,0.041129629629629634,Libras,2,20,21.0,8,160,guide=gpf | walk=aligned | guard-shrink,0.841,2,45,1.7999999999999998,64,2.0,rf,5.374139608516121,0.17972316292705204,1.4547311583508509,0.20833333333333334,2.5,1.0,shrink,1.0,0.465,9.25,1.45
0.9565217391304348,0.9574271077563381,0.9583333333333333,1.0,0.00623746913580247,0.02572222222222222,Libras,2,20,21.0,8,160,guide=gpf | walk=aligned | guard-trim,0.841,2,45,1.7999999999999998,64,2.0,rf,6.852633597412719,0.16088804161792147,2.9166663161976287,0.20833333333333334,3.2,1.0,trim,1.0,0.5,9.25,2.83
0.96,0.9970193674385764,0.9970238095238095,1.0,0.007628580246913581,0.03572222222222222,Libras,2,20,21.0,8,160,guide=sig | walk=aligned,0.841,2,45,1.7999999999999998,64,2.0,rf,14.394617186579882,0.32062376196586884,3.398547274809388,0.16666666666666666,2.1,0.0,,,,,
0.9230769230769231,0.9940297973880049,0.9940476190476191,0.9995039682539683,0.010991481481481482,0.03940740740740741,Libras,2,20,21.0,8,160,guide=sig | walk=aligned | guard-shrink,0.841,2,45,1.7999999999999998,64,2.0,rf,10.985745779370692,0.2948654974103089,2.0001441195685503,0.16666666666666666,2.9,1.0,shrink,1.0,0.762,3.4,2.0
0.96,0.9970193674385764,0.9970238095238095,1.0,0.007391604938271606,0.03496296296296296,Libras,2,20,21.0,8,160,guide=sig | walk=aligned | guard-trim,0.841,2,45,1.7999999999999998,64,2.0,rf,12.879743355316421,0.3419435866456867,1.9487455968129284,0.16666666666666666,3.6,1.0,trim,1.0,0.281,3.4,1.97
0.9310344827586207,0.9455157322858251,0.9466666666666667,0.9908888888888889,0.02831611111111111,0.06209259259259259,NATOPS,0,5,5.0,30,120,none,0.715,24,51,2.1999999999999997,64,2.0,rf,,,,,,,,,,,
0.8813559322033898,0.9215928240461366,0.9233333333333333,0.9846666666666667,0.03450913580246914,0.0414074074074074,NATOPS,0,5,5.0,30,120,SMOTE-raw,0.715,24,51,2.1999999999999997,64,2.0,rf,0.6511561796644729,0.08881383341467453,0.6881414134025718,,,,,,,,
0.9666666666666667,0.9799092928543041,0.98,0.9971111111111111,0.01506796296296296,0.03861111111111112,NATOPS,0,5,5.0,30,120,guide=gpf | walk=aligned,0.715,24,51,2.1999999999999997,64,2.0,rf,0.45838087761317503,0.05754096616655047,2.6575357526580485,0.75,1.8,0.0,,,,,
0.9666666666666667,0.9799092928543041,0.98,0.9972222222222222,0.015768395061728394,0.04151851851851852,NATOPS,0,5,5.0,30,120,guide=gpf | walk=aligned | guard-shrink,0.715,24,51,2.1999999999999997,64,2.0,rf,0.4344155791454076,0.06378632782310267,1.4167436563479208,0.75,3.4,1.0,shrink,1.0,0.868,2.66,1.42
0.9666666666666667,0.9799092928543041,0.98,0.9974444444444444,0.014859691358024691,0.039203703703703685,NATOPS,0,5,5.0,30,120,guide=gpf | walk=aligned | guard-trim,0.715,24,51,2.1999999999999997,64,2.0,rf,0.44443674782286813,0.058555817618338724,1.8605387597435477,0.75,4.8,1.0,trim,1.0,0.008,2.66,1.87
0.9666666666666667,0.9799092928543041,0.98,0.9981111111111112,0.015497530864197532,0.04666666666666668,NATOPS,0,5,5.0,30,120,guide=sig | walk=aligned,0.715,24,51,2.1999999999999997,64,2.0,rf,1.0170098210404515,0.07025997525896466,2.3083966257926343,0.9375,0.8,0.0,,,,,
0.9666666666666667,0.9799092928543041,0.98,0.9978888888888889,0.015099567901234569,0.045351851851851865,NATOPS,0,5,5.0,30,120,guide=sig | walk=aligned | guard-shrink,0.715,24,51,2.1999999999999997,64,2.0,rf,0.8857947588895563,0.06607919214760427,1.9129131380560542,0.9375,2.4,1.0,shrink,1.0,0.931,2.31,1.91
0.9666666666666667,0.9799092928543041,0.98,0.998,0.015285123456790123,0.047981481481481486,NATOPS,0,5,5.0,30,120,guide=sig | walk=aligned | guard-trim,0.715,24,51,2.1999999999999997,64,2.0,rf,0.9902628583678013,0.07202515061931958,1.9128262488610257,0.9375,3.7,1.0,trim,1.0,0.017,2.31,1.9
0.6666666666666666,0.7071067811865476,0.75,0.9755555555555555,0.05245074074074075,0.060148148148148145,NATOPS,0,10,10.0,15,135,none,0.715,24,51,2.1999999999999997,64,2.0,rf,,,,,,,,,,,
0.8928571428571429,0.9098229375970788,0.9133333333333333,0.994,0.02898098765432099,0.04848148148148147,NATOPS,0,10,10.0,15,135,SMOTE-raw,0.715,24,51,2.1999999999999997,64,2.0,rf,0.8602940073794088,0.08518469593187428,0.6711206906446882,,,,,,,,
0.9090909090909091,0.9128709291752769,0.9166666666666667,0.9916666666666667,0.019550308641975312,0.03312962962962964,NATOPS,0,10,10.0,15,135,guide=gpf | walk=aligned,0.715,24,51,2.1999999999999997,64,2.0,rf,1.4067617239781,0.07942305511558545,0.9704558287336938,0.84375,1.8,0.0,,,,,
0.9090909090909091,0.9128709291752769,0.9166666666666667,0.9916666666666667,0.019550308641975312,0.03312962962962964,NATOPS,0,10,10.0,15,135,guide=gpf | walk=aligned | guard-shrink,0.715,24,51,2.1999999999999997,64,2.0,rf,1.4067617239781,0.07942305511558545,0.9704558287336938,0.84375,3.2,1.0,shrink,0.0,1.0,0.97,0.97
0.9090909090909091,0.9128709291752769,0.9166666666666667,0.9916666666666667,0.019550308641975312,0.03312962962962964,NATOPS,0,10,10.0,15,135,guide=gpf | walk=aligned | guard-trim,0.715,24,51,2.1999999999999997,64,2.0,rf,1.4067617239781,0.07942305511558545,0.9704558287336938,0.84375,4.6,1.0,trim,0.0,0.0,0.97,0.97
0.9491525423728814,0.9628660919936433,0.9633333333333334,0.9957777777777778,0.017964629629629626,0.04246296296296296,NATOPS,0,10,10.0,15,135,guide=sig | walk=aligned,0.715,24,51,2.1999999999999997,64,2.0,rf,1.281654890617192,0.08171947722224415,0.8969739944638147,0.703125,0.9,0.0,,,,,
0.9491525423728814,0.9628660919936433,0.9633333333333334,0.9957777777777778,0.017964629629629626,0.04246296296296296,NATOPS,0,10,10.0,15,135,guide=sig | walk=aligned | guard-shrink,0.715,24,51,2.1999999999999997,64,2.0,rf,1.281654890617192,0.08171947722224415,0.8969739944638147,0.703125,2.3,1.0,shrink,0.0,1.0,0.9,0.9
0.9491525423728814,0.9628660919936433,0.9633333333333334,0.9957777777777778,0.017964629629629626,0.04246296296296296,NATOPS,0,10,10.0,15,135,guide=sig | walk=aligned | guard-trim,0.715,24,51,2.1999999999999997,64,2.0,rf,1.281654890617192,0.08171947722224415,0.8969739944638147,0.703125,3.7,1.0,trim,0.0,0.0,0.9,0.9
0.5365853658536586,0.6055300708194983,0.6833333333333333,0.9822222222222223,0.06294987654320988,0.08596296296296295,NATOPS,0,20,18.8,8,142,none,0.715,24,51,1.7999999999999998,64,2.0,rf,,,,,,,,,,,
0.7547169811320755,0.8082903768654761,0.8233333333333333,0.9536666666666667,0.06158611111111111,0.046240740740740735,NATOPS,0,20,18.8,8,142,SMOTE-raw,0.715,24,51,1.7999999999999998,64,2.0,rf,2.748159675317309,0.25119201559425164,0.6052598570086981,,,,,,,,
0.9310344827586207,0.9455157322858251,0.9466666666666667,0.9947777777777778,0.021726543209876544,0.04677777777777778,NATOPS,0,20,18.8,8,142,guide=gpf | walk=aligned,0.715,24,51,1.7999999999999998,64,2.0,rf,2.957750255057304,0.26782850915068146,0.6804769057626516,0.4034090909090909,3.2,0.0,,,,,
0.9310344827586207,0.9455157322858251,0.9466666666666667,0.9947777777777778,0.021726543209876544,0.04677777777777778,NATOPS,0,20,18.8,8,142,guide=gpf | walk=aligned | guard-shrink,0.715,24,51,1.7999999999999998,64,2.0,rf,2.957750255057304,0.26782850915068146,0.6804769057626516,0.4034090909090909,4.6,1.0,shrink,0.0,1.0,0.68,0.68
0.9310344827586207,0.9455157322858251,0.9466666666666667,0.9947777777777778,0.021726543209876544,0.04677777777777778,NATOPS,0,20,18.8,8,142,guide=gpf | walk=aligned | guard-trim,0.715,24,51,1.7999999999999998,64,2.0,rf,2.957750255057304,0.26782850915068146,0.6804769057626516,0.4034090909090909,6.0,1.0,trim,0.0,0.0,0.68,0.68
0.9310344827586207,0.9455157322858251,0.9466666666666667,0.9957777777777778,0.021777901234567902,0.04659259259259259,NATOPS,0,20,18.8,8,142,guide=sig | walk=aligned,0.715,24,51,1.7999999999999998,64,2.0,rf,2.4986888577070268,0.26485914871769134,0.6431753028702375,0.5546875,1.4,0.0,,,,,
0.9310344827586207,0.9455157322858251,0.9466666666666667,0.9957777777777778,0.021777901234567902,0.04659259259259259,NATOPS,0,20,18.8,8,142,guide=sig | walk=aligned | guard-shrink,0.715,24,51,1.7999999999999998,64,2.0,rf,2.4986888577070268,0.26485914871769134,0.6431753028702375,0.5546875,2.7,1.0,shrink,0.0,1.0,0.64,0.64
0.9310344827586207,0.9455157322858251,0.9466666666666667,0.9957777777777778,0.021777901234567902,0.04659259259259259,NATOPS,0,20,18.8,8,142,guide=sig | walk=aligned | guard-trim,0.715,24,51,1.7999999999999998,64,2.0,rf,2.4986888577070268,0.26485914871769134,0.6431753028702375,0.5546875,4.1,1.0,trim,0.0,0.0,0.64,0.64
0.8727272727272727,0.8914407813571615,0.8966666666666667,0.9905555555555556,0.02892160493827161,0.06581481481481483,NATOPS,1,5,5.0,30,120,none,0.715,24,51,2.1999999999999997,64,2.0,rf,,,,,,,,,,,
0.8771929824561403,0.9067647005823629,0.91,0.9886666666666667,0.03135753086419753,0.03177777777777777,NATOPS,1,5,5.0,30,120,SMOTE-raw,0.715,24,51,2.1999999999999997,64,2.0,rf,0.5949950493120859,0.09032701805860222,0.6596110019213178,,,,,,,,
0.9666666666666667,0.9799092928543041,0.98,0.9976666666666667,0.013514691358024692,0.0374814814814815,NATOPS,1,5,5.0,30,120,guide=gpf | walk=aligned,0.715,24,51,2.1999999999999997,64,2.0,rf,0.4587989363040963,0.06777962030253926,0.7805806964914141,0.75,1.3,0.0,,,,,
0.9666666666666667,0.9799092928543041,0.98,0.9976666666666667,0.013514691358024692,0.0374814814814815,NATOPS,1,5,5.0,30,120,guide=gpf | walk=aligned | guard-shrink,0.715,24,51,2.1999999999999997,64,2.0,rf,0.4587989363040963,0.06777962030253926,0.7805806964914141,0.75,2.6,1.0,shrink,0.0,1.0,0.78,0.78
0.9666666666666667,0.9799092928543041,0.98,0.9976666666666667,0.013514691358024692,0.0374814814814815,NATOPS,1,5,5.0,30,120,guide=gpf | walk=aligned | guard-trim,0.715,24,51,2.1999999999999997,64,2.0,rf,0.4587989363040963,0.06777962030253926,0.7805806964914141,0.75,4.0,1.0,trim,0.0,0.0,0.78,0.78
0.9666666666666667,0.9799092928543041,0.98,0.9961111111111111,0.01637561728395062,0.04194444444444448,NATOPS,1,5,5.0,30,120,guide=sig | walk=aligned,0.715,24,51,2.1999999999999997,64,2.0,rf,0.7671572685238681,0.06794487043683484,1.3447663347674648,0.75,0.7,0.0,,,,,
0.9666666666666667,0.9799092928543041,0.98,0.9961111111111111,0.01637561728395062,0.04194444444444448,NATOPS,1,5,5.0,30,120,guide=sig | walk=aligned | guard-shrink,0.715,24,51,2.1999999999999997,64,2.0,rf,0.7671572685238681,0.06794487043683484,1.3447663347674648,0.75,2.0,1.0,shrink,0.0,1.0,1.34,1.34
0.9666666666666667,0.9799092928543041,0.98,0.9961111111111111,0.01637561728395062,0.04194444444444448,NATOPS,1,5,5.0,30,120,guide=sig | walk=aligned | guard-trim,0.715,24,51,2.1999999999999997,64,2.0,rf,0.7671572685238681,0.06794487043683484,1.3447663347674648,0.75,3.2,1.0,trim,0.0,0.0,1.34,1.34
0.8,0.816496580927726,0.8333333333333333,0.9837777777777778,0.04413524691358024,0.06642592592592593,NATOPS,1,10,10.0,15,135,none,0.715,24,51,2.0,64,2.0,rf,,,,,,,,,,,
0.8301886792452831,0.8534895690308373,0.8633333333333333,0.979,0.04611722222222222,0.0387962962962963,NATOPS,1,10,10.0,15,135,SMOTE-raw,0.715,24,51,2.0,64,2.0,rf,0.9226132976617887,0.1120375300322839,0.6319210057479303,,,,,,,,
0.9666666666666667,0.9799092928543041,0.98,0.9973333333333333,0.015061358024691357,0.040999999999999995,NATOPS,1,10,10.0,15,135,guide=gpf | walk=aligned,0.715,24,51,2.0,64,2.0,rf,0.4842005983507045,0.06669898558977816,0.8737679544033581,0.84375,1.5,0.0,,,,,
0.9666666666666667,0.9799092928543041,0.98,0.9973333333333333,0.015061358024691357,0.040999999999999995,NATOPS,1,10,10.0,15,135,guide=gpf | walk=aligned | guard-shrink,0.715,24,51,2.0,64,2.0,rf,0.4842005983507045,0.06669898558977816,0.8737679544033581,0.84375,2.9,1.0,shrink,0.0,1.0,0.87,0.87
0.9666666666666667,0.9799092928543041,0.98,0.9973333333333333,0.015061358024691357,0.040999999999999995,NATOPS,1,10,10.0,15,135,guide=gpf | walk=aligned | guard-trim,0.715,24,51,2.0,64,2.0,rf,0.4842005983507045,0.06669898558977816,0.8737679544033581,0.84375,4.2,1.0,trim,0.0,0.0,0.87,0.87
0.9666666666666667,0.9799092928543041,0.98,0.9984444444444444,0.013598641975308641,0.046111111111111096,NATOPS,1,10,10.0,15,135,guide=sig | walk=aligned,0.715,24,51,2.0,64,2.0,rf,0.6463354906793279,0.10080426570292722,0.8186692352539103,0.84375,0.9,0.0,,,,,
0.9666666666666667,0.9799092928543041,0.98,0.9984444444444444,0.013598641975308641,0.046111111111111096,NATOPS,1,10,10.0,15,135,guide=sig | walk=aligned | guard-shrink,0.715,24,51,2.0,64,2.0,rf,0.6463354906793279,0.10080426570292722,0.8186692352539103,0.84375,2.3,1.0,shrink,0.0,1.0,0.82,0.82
0.9666666666666667,0.9799092928543041,0.98,0.9984444444444444,0.013598641975308641,0.046111111111111096,NATOPS,1,10,10.0,15,135,guide=sig | walk=aligned | guard-trim,0.715,24,51,2.0,64,2.0,rf,0.6463354906793279,0.10080426570292722,0.8186692352539103,0.84375,3.8,1.0,trim,0.0,0.0,0.82,0.82
0.3684210526315789,0.48143304599682163,0.6133333333333333,0.888888888888889,0.09374308641975308,0.05414814814814813,NATOPS,1,20,18.8,8,142,none,0.715,24,51,1.7999999999999998,64,2.0,rf,,,,,,,,,,,
0.7450980392156863,0.7904991390816873,0.81,0.9196666666666666,0.06408993827160495,0.059092592592592606,NATOPS,1,20,18.8,8,142,SMOTE-raw,0.715,24,51,1.7999999999999998,64,2.0,rf,1.4488901773883445,0.10920381429004611,0.6116847451431892,,,,,,,,
0.5238095238095238,0.603508261933689,0.6799999999999999,0.9044444444444445,0.0788143827160494,0.04016666666666666,NATOPS,1,20,18.8,8,142,guide=gpf | walk=aligned,0.715,24,51,1.7999999999999998,64,2.0,rf,5.551757394004872,0.32936049141428336,0.290275073107102,0.4034090909090909,3.4,0.0,,,,,
0.5238095238095238,0.603508261933689,0.6799999999999999,0.9044444444444445,0.0788143827160494,0.04016666666666666,NATOPS,1,20,18.8,8,142,guide=gpf | walk=aligned | guard-shrink,0.715,24,51,1.7999999999999998,64,2.0,rf,5.551757394004872,0.32936049141428336,0.290275073107102,0.4034090909090909,4.8,1.0,shrink,0.0,1.0,0.29,0.29
0.5238095238095238,0.603508261933689,0.6799999999999999,0.9044444444444445,0.0788143827160494,0.04016666666666666,NATOPS,1,20,18.8,8,142,guide=gpf | walk=aligned | guard-trim,0.715,24,51,1.7999999999999998,64,2.0,rf,5.551757394004872,0.32936049141428336,0.290275073107102,0.4034090909090909,6.2,1.0,trim,0.0,0.0,0.29,0.29
0.72,0.7694153624668538,0.7933333333333333,0.9542222222222223,0.05405549382716049,0.05112962962962962,NATOPS,1,20,18.8,8,142,guide=sig | walk=aligned,0.715,24,51,1.7999999999999998,64,2.0,rf,2.5463279162110393,0.14191803994168695,0.519964363889168,0.6339285714285714,1.3,0.0,,,,,
0.72,0.7694153624668538,0.7933333333333333,0.9542222222222223,0.05405549382716049,0.05112962962962962,NATOPS,1,20,18.8,8,142,guide=sig | walk=aligned | guard-shrink,0.715,24,51,1.7999999999999998,64,2.0,rf,2.5463279162110393,0.14191803994168695,0.519964363889168,0.6339285714285714,2.6,1.0,shrink,0.0,1.0,0.52,0.52
0.72,0.7694153624668538,0.7933333333333333,0.9542222222222223,0.05405549382716049,0.05112962962962962,NATOPS,1,20,18.8,8,142,guide=sig | walk=aligned | guard-trim,0.715,24,51,1.7999999999999998,64,2.0,rf,2.5463279162110393,0.14191803994168695,0.519964363889168,0.6339285714285714,4.1,1.0,trim,0.0,0.0,0.52,0.52
0.8928571428571429,0.9098229375970788,0.9133333333333333,0.9932222222222222,0.026657530864197535,0.05566666666666668,NATOPS,2,5,5.0,30,120,none,0.715,24,51,2.1999999999999997,64,2.0,rf,,,,,,,,,,,
0.9122807017543859,0.927840982544363,0.9299999999999999,0.9885555555555556,0.03174061728395061,0.048481481481481487,NATOPS,2,5,5.0,30,120,SMOTE-raw,0.715,24,51,2.1999999999999997,64,2.0,rf,0.6356626294255694,0.09900237703566572,0.6241761134780434,,,,,,,,
0.9666666666666667,0.9799092928543041,0.98,0.9974444444444445,0.015951604938271604,0.04288888888888888,NATOPS,2,5,5.0,30,120,guide=gpf | walk=aligned,0.715,24,51,2.1999999999999997,64,2.0,rf,0.4915513582793114,0.05382554204430168,3.333816439625029,0.75,1.4,0.0,,,,,
0.9666666666666667,0.9799092928543041,0.98,0.9975555555555555,0.01624537037037037,0.04364814814814815,NATOPS,2,5,5.0,30,120,guide=gpf | walk=aligned | guard-shrink,0.715,24,51,2.1999999999999997,64,2.0,rf,0.4408252876510703,0.06691113718989061,1.1343735508299788,0.75,3.0,1.0,shrink,1.0,0.775,3.33,1.13
0.9666666666666667,0.9799092928543041,0.98,0.9976666666666667,0.015945987654320988,0.0466111111111111,NATOPS,2,5,5.0,30,120,guide=gpf | walk=aligned | guard-trim,0.715,24,51,2.1999999999999997,64,2.0,rf,0.4574028772937906,0.05601241947111679,1.4912628446266094,0.75,4.3,1.0,trim,1.0,0.017,3.33,1.5
0.9491525423728814,0.9628660919936433,0.9633333333333334,0.998,0.014132407407407406,0.042277777777777754,NATOPS,2,5,5.0,30,120,guide=sig | walk=aligned,0.715,24,51,2.1999999999999997,64,2.0,rf,1.0531543821489295,0.07653755385236849,2.4576369136560188,0.75,0.6,0.0,,,,,
0.9491525423728814,0.9628660919936433,0.9633333333333334,0.9982222222222222,0.014078456790123458,0.04846296296296296,NATOPS,2,5,5.0,30,120,guide=sig | walk=aligned | guard-shrink,0.715,24,51,2.1999999999999997,64,2.0,rf,0.8854700045765975,0.0732050465597156,1.8451173593691845,0.75,2.2,1.0,shrink,1.0,0.902,2.46,1.85
0.9666666666666667,0.9799092928543041,0.98,0.9965555555555556,0.014107530864197533,0.04129629629629628,NATOPS,2,5,5.0,30,120,guide=sig | walk=aligned | guard-trim,0.715,24,51,2.1999999999999997,64,2.0,rf,0.9642184858282672,0.07648852895262148,1.9468303563321545,0.75,3.5,1.0,trim,1.0,0.017,2.46,1.95
0.8,0.816496580927726,0.8333333333333333,0.9716666666666667,0.049737222222222224,0.045537037037037036,NATOPS,2,10,10.0,15,135,none,0.715,24,51,2.1999999999999997,64,2.0,rf,,,,,,,,,,,
0.7777777777777778,0.8282511696339462,0.84,0.9875555555555555,0.04253382716049383,0.06274074074074074,NATOPS,2,10,10.0,15,135,SMOTE-raw,0.715,24,51,2.1999999999999997,64,2.0,rf,1.1609789967833688,0.10435084064272349,0.5753585006565547,,,,,,,,
0.8928571428571429,0.9098229375970788,0.9133333333333333,0.9944444444444445,0.02287166666666667,0.033462962962962965,NATOPS,2,10,10.0,15,135,guide=gpf | walk=aligned,0.715,24,51,2.1999999999999997,64,2.0,rf,4.346960856113226,0.11877282584704718,5.582878780775783,0.6026785714285714,2.3,0.0,,,,,
0.847457627118644,0.9006170724070864,0.9033333333333333,0.9827777777777778,0.041404382716049376,0.0562037037037037,NATOPS,2,10,10.0,15,135,guide=gpf | walk=aligned | guard-shrink,0.715,24,51,2.1999999999999997,64,2.0,rf,1.2401452635296586,0.0627488495680707,1.7099968002074035,0.6026785714285714,3.9,1.0,shrink,1.0,0.599,5.58,1.71
0.8928571428571429,0.9098229375970788,0.9133333333333333,0.995,0.022493395061728396,0.03594444444444446,NATOPS,2,10,10.0,15,135,guide=gpf | walk=aligned | guard-trim,0.715,24,51,2.1999999999999997,64,2.0,rf,1.971181396386255,0.07466224063970917,1.927884370802366,0.6026785714285714,5.3,1.0,trim,1.0,0.193,5.58,2.0
0.9310344827586207,0.9455157322858251,0.9466666666666667,0.9968888888888889,0.017746296296296295,0.04514814814814816,NATOPS,2,10,10.0,15,135,guide=sig | walk=aligned,0.715,24,51,2.1999999999999997,64,2.0,rf,1.0232139361843426,0.035445634548479044,12.35570709866825,0.46875,1.4,0.0,,,,,
0.896551724137931,0.9247221805013175,0.9266666666666667,0.9964444444444445,0.02364111111111111,0.06559259259259258,NATOPS,2,10,10.0,15,135,guide=sig | walk=aligned | guard-shrink,0.715,24,51,2.1999999999999997,64,2.0,rf,0.8786177029037265,0.0740159559953294,1.265236558330753,0.46875,3.1,1.0,shrink,1.0,0.402,12.36,1.27
0.9310344827586207,0.9455157322858251,0.9466666666666667,0.9962222222222221,0.018011790123456793,0.04575925925925926,NATOPS,2,10,10.0,15,135,guide=sig | walk=aligned | guard-trim,0.715,24,51,2.1999999999999997,64,2.0,rf,0.7942895450860696,0.037525176445245556,1.909343530679617,0.46875,4.4,1.0,trim,1.0,0.022,12.36,1.94
0.125,0.2581988897471611,0.5333333333333333,0.944,0.09028364197530865,0.08650000000000002,NATOPS,2,20,18.8,8,142,none,0.715,24,51,2.4,64,2.0,rf,,,,,,,,,,,
0.5416666666666666,0.6472162612982533,0.7,0.9161111111111111,0.08625444444444444,0.047,NATOPS,2,20,18.8,8,142,SMOTE-raw,0.715,24,51,2.4,64,2.0,rf,2.3866076584338174,0.14608813882502036,0.4477216864982796,,,,,,,,
0.8518518518518519,0.8726715049522102,0.88,0.9852222222222222,0.03201030864197531,0.038129629629629624,NATOPS,2,20,18.8,8,142,guide=gpf | walk=aligned,0.715,24,51,2.4,64,2.0,rf,1.632206448533836,0.13351367676373016,0.2570903395447712,0.1232638888888889,9.7,0.0,,,,,
0.8518518518518519,0.8726715049522102,0.88,0.9852222222222222,0.03201030864197531,0.038129629629629624,NATOPS,2,20,18.8,8,142,guide=gpf | walk=aligned | guard-shrink,0.715,24,51,2.4,64,2.0,rf,1.632206448533836,0.13351367676373016,0.2570903395447712,0.1232638888888889,11.1,1.0,shrink,0.0,1.0,0.26,0.26
0.8518518518518519,0.8726715049522102,0.88,0.9852222222222222,0.03201030864197531,0.038129629629629624,NATOPS,2,20,18.8,8,142,guide=gpf | walk=aligned | guard-trim,0.715,24,51,2.4,64,2.0,rf,1.632206448533836,0.13351367676373016,0.2570903395447712,0.1232638888888889,12.5,1.0,trim,0.0,0.0,0.26,0.26
0.8888888888888888,0.9498537899183338,0.95,0.994,0.02931697530864198,0.06205555555555555,NATOPS,2,20,18.8,8,142,guide=sig | walk=aligned,0.715,24,51,2.4,64,2.0,rf,0.9745029235428664,0.06199479272725983,0.9587354160674801,0.3697916666666667,1.8,0.0,,,,,
0.8888888888888888,0.9498537899183338,0.95,0.994,0.02931697530864198,0.06205555555555555,NATOPS,2,20,18.8,8,142,guide=sig | walk=aligned | guard-shrink,0.715,24,51,2.4,64,2.0,rf,0.9745029235428664,0.06199479272725983,0.9587354160674801,0.3697916666666667,3.2,1.0,shrink,0.0,1.0,0.96,0.96
0.8888888888888888,0.9498537899183338,0.95,0.994,0.02931697530864198,0.06205555555555555,NATOPS,2,20,18.8,8,142,guide=sig | walk=aligned | guard-trim,0.715,24,51,2.4,64,2.0,rf,0.9745029235428664,0.06199479272725983,0.9587354160674801,0.3697916666666667,4.6,1.0,trim,0.0,0.0,0.96,0.96
0.2692307692307692,0.39440531887330776,0.5777777777777777,0.993283950617284,0.0702135390946502,0.15932098765432098,ERing,0,5,5.0,5,20,none,0.675,4,65,1.5999999999999999,64,2.0,rf,,,,,,,,,,,
0.8051948051948052,0.8281468230294837,0.8422222222222222,0.9896790123456789,0.05604909465020575,0.12662962962962965,ERing,0,5,5.0,5,20,SMOTE-raw,0.675,4,65,1.5999999999999999,64,2.0,rf,3.7895925770385794,0.2147260177023106,0.5044087137070903,,,,,,,,
0.8705882352941177,0.9006993167862731,0.9044444444444444,0.9904691358024692,0.05865625514403292,0.14917283950617283,ERing,0,5,5.0,5,20,guide=gpf | walk=aligned,0.675,4,65,1.5999999999999999,64,2.0,rf,4.159421143555022,0.15574977245891997,1.6358918310533734,0.3125,0.1,0.0,,,,,
0.8705882352941177,0.9006993167862731,0.9044444444444444,0.9904691358024692,0.05865625514403292,0.14917283950617283,ERing,0,5,5.0,5,20,guide=gpf | walk=aligned | guard-shrink,0.675,4,65,1.5999999999999999,64,2.0,rf,4.159421143555022,0.15574977245891997,1.6358918310533734,0.3125,0.7,1.0,shrink,0.0,1.0,1.64,1.64
0.8705882352941177,0.9006993167862731,0.9044444444444444,0.9904691358024692,0.05865625514403292,0.14917283950617283,ERing,0,5,5.0,5,20,guide=gpf | walk=aligned | guard-trim,0.675,4,65,1.5999999999999999,64,2.0,rf,4.159421143555022,0.15574977245891997,1.6358918310533734,0.3125,1.3,1.0,trim,0.0,0.0,1.64,1.64
0.8837209302325582,0.9127897814859592,0.9155555555555556,0.9940740740740741,0.055814567901234576,0.1554320987654321,ERing,0,5,5.0,5,20,guide=sig | walk=aligned,0.675,4,65,1.5999999999999999,64,2.0,rf,3.059624322696706,0.13454979904396902,1.300695553637074,0.625,0.2,0.0,,,,,
0.8837209302325582,0.9127897814859592,0.9155555555555556,0.9940740740740741,0.055814567901234576,0.1554320987654321,ERing,0,5,5.0,5,20,guide=sig | walk=aligned | guard-shrink,0.675,4,65,1.5999999999999999,64,2.0,rf,3.059624322696706,0.13454979904396902,1.300695553637074,0.625,0.8,1.0,shrink,0.0,1.0,1.3,1.3
0.8837209302325582,0.9127897814859592,0.9155555555555556,0.9940740740740741,0.055814567901234576,0.1554320987654321,ERing,0,5,5.0,5,20,guide=sig | walk=aligned | guard-trim,0.675,4,65,1.5999999999999999,64,2.0,rf,3.059624322696706,0.13454979904396902,1.300695553637074,0.625,1.4,1.0,trim,0.0,0.0,1.3,1.3
0.16326530612244897,0.29814239699997197,0.5444444444444444,0.975604938271605,0.0801776131687243,0.11735802469135803,ERing,0,10,6.2,4,21,none,0.675,4,65,1.5999999999999999,64,2.0,rf,,,,,,,,,,,
0.6956521739130435,0.7302967433402214,0.7666666666666666,0.9938765432098765,0.05687633744855967,0.12537037037037038,ERing,0,10,6.2,4,21,SMOTE-raw,0.675,4,65,1.5999999999999999,64,2.0,rf,3.1280030092360516,0.1947630885937992,0.39416652633544136,,,,,,,,
0.5454545454545454,0.6282250127674532,0.6933333333333334,0.9659259259259259,0.06820761316872428,0.08598765432098764,ERing,0,10,6.2,4,21,guide=gpf | walk=aligned,0.675,4,65,1.5999999999999999,64,2.0,rf,4.280834848520877,0.18291115348579456,1.1852974595839256,0.65625,0.0,0.0,,,,,
0.5454545454545454,0.6282250127674532,0.6933333333333334,0.9659259259259259,0.06820761316872428,0.08598765432098764,ERing,0,10,6.2,4,21,guide=gpf | walk=aligned | guard-shrink,0.675,4,65,1.5999999999999999,64,2.0,rf,4.280834848520877,0.18291115348579456,1.1852974595839256,0.65625,0.6,1.0,shrink,0.0,1.0,1.19,1.19
0.5454545454545454,0.6282250127674532,0.6933333333333334,0.9659259259259259,0.06820761316872428,0.08598765432098764,ERing,0,10,6.2,4,21,guide=gpf | walk=aligned | guard-trim,0.675,4,65,1.5999999999999999,64,2.0,rf,4.280834848520877,0.18291115348579456,1.1852974595839256,0.65625,1.2,1.0,trim,0.0,0.0,1.19,1.19
0.8674698795180723,0.89044308571008,0.8955555555555557,0.9925432098765432,0.04965144032921811,0.13637037037037036,ERing,0,10,6.2,4,21,guide=sig | walk=aligned,0.675,4,65,1.5999999999999999,64,2.0,rf,2.163578572567184,0.10387237370327962,0.8346167400754517,0.65625,0.0,0.0,,,,,
0.8674698795180723,0.89044308571008,0.8955555555555557,0.9925432098765432,0.04965144032921811,0.13637037037037036,ERing,0,10,6.2,4,21,guide=sig | walk=aligned | guard-shrink,0.675,4,65,1.5999999999999999,64,2.0,rf,2.163578572567184,0.10387237370327962,0.8346167400754517,0.65625,0.6,1.0,shrink,0.0,1.0,0.83,0.83
0.8674698795180723,0.89044308571008,0.8955555555555557,0.9925432098765432,0.04965144032921811,0.13637037037037036,ERing,0,10,6.2,4,21,guide=sig | walk=aligned | guard-trim,0.675,4,65,1.5999999999999999,64,2.0,rf,2.163578572567184,0.10387237370327962,0.8346167400754517,0.65625,1.2,1.0,trim,0.0,0.0,0.83,0.83
0.043478260869565216,0.14907119849998599,0.5111111111111111,0.9655308641975308,0.08941061728395062,0.10898765432098763,ERing,0,20,6.2,4,21,none,0.675,4,65,1.7999999999999998,64,2.0,rf,,,,,,,,,,,
0.6363636363636364,0.6831300510639732,0.7333333333333334,0.9952098765432098,0.059948312757201645,0.14933333333333335,ERing,0,20,6.2,4,21,SMOTE-raw,0.675,4,65,1.7999999999999998,64,2.0,rf,4.313705349273054,0.2294367149945753,0.4506056959148746,,,,,,,,
0.684931506849315,0.7403702777314526,0.7711111111111111,0.9787654320987654,0.06966152263374487,0.13608641975308647,ERing,0,20,6.2,4,21,guide=gpf | walk=aligned,0.675,4,65,1.7999999999999998,64,2.0,rf,5.865541495448966,0.19129481416124494,1.8634767514478077,0.328125,0.1,0.0,,,,,
0.684931506849315,0.7403702777314526,0.7711111111111111,0.9787654320987654,0.06966152263374487,0.13608641975308647,ERing,0,20,6.2,4,21,guide=gpf | walk=aligned | guard-shrink,0.675,4,65,1.7999999999999998,64,2.0,rf,5.865541495448966,0.19129481416124494,1.8634767514478077,0.328125,0.6,1.0,shrink,0.0,1.0,1.86,1.86
0.684931506849315,0.7403702777314526,0.7711111111111111,0.9787654320987654,0.06966152263374487,0.13608641975308647,ERing,0,20,6.2,4,21,guide=gpf | walk=aligned | guard-trim,0.675,4,65,1.7999999999999998,64,2.0,rf,5.865541495448966,0.19129481416124494,1.8634767514478077,0.328125,1.2,1.0,trim,0.0,0.0,1.86,1.86
0.891566265060241,0.9047474239999624,0.9088888888888889,0.9902716049382716,0.05626382716049383,0.14781481481481484,ERing,0,20,6.2,4,21,guide=sig | walk=aligned,0.675,4,65,1.7999999999999998,64,2.0,rf,2.6419304944218602,0.10813028339154585,2.1147600969675335,0.328125,0.1,0.0,,,,,
0.8433734939759037,0.8760179264189788,0.8822222222222222,0.9901234567901235,0.057777078189300404,0.13682716049382715,ERing,0,20,6.2,4,21,guide=sig | walk=aligned | guard-shrink,0.675,4,65,1.7999999999999998,64,2.0,rf,2.5895451346001686,0.10866768724396458,1.9203098201464734,0.328125,0.7,1.0,shrink,1.0,0.972,2.11,1.92
0.8571428571428571,0.8884443332777431,0.8933333333333333,0.990320987654321,0.05688041152263375,0.14000000000000004,ERing,0,20,6.2,4,21,guide=sig | walk=aligned | guard-trim,0.675,4,65,1.7999999999999998,64,2.0,rf,2.8764925323560213,0.1195481019040131,1.210237046889281,0.328125,1.3,1.0,trim,1.0,0.048,2.11,1.17
0.42105263157894735,0.5163977794943222,0.6333333333333333,0.9885432098765432,0.07185292181069959,0.14664197530864195,ERing,1,5,5.0,5,20,none,0.675,4,65,1.5999999999999999,64,2.0,rf,,,,,,,,,,,
0.9024390243902439,0.9067647005823629,0.9111111111111111,0.9959506172839506,0.048990740740740744,0.14398765432098767,ERing,1,5,5.0,5,20,SMOTE-raw,0.675,4,65,1.5999999999999999,64,2.0,rf,2.994356804947575,0.18263776470644033,0.47079496026060536,,,,,,,,
0.9318181818181818,0.9502696173607847,0.9511111111111111,0.9975308641975309,0.052855514403292184,0.16907407407407407,ERing,1,5,5.0,5,20,guide=gpf | walk=aligned,0.675,4,65,1.5999999999999999,64,2.0,rf,3.051514591377309,0.11406601830012975,1.343014874938806,0.625,0.2,0.0,,,,,
0.9318181818181818,0.9502696173607847,0.9511111111111111,0.9975308641975309,0.052855514403292184,0.16907407407407407,ERing,1,5,5.0,5,20,guide=gpf | walk=aligned | guard-shrink,0.675,4,65,1.5999999999999999,64,2.0,rf,3.051514591377309,0.11406601830012975,1.343014874938806,0.625,0.8,1.0,shrink,0.0,1.0,1.34,1.34
0.9318181818181818,0.9502696173607847,0.9511111111111111,0.9975308641975309,0.052855514403292184,0.16907407407407407,ERing,1,5,5.0,5,20,guide=gpf | walk=aligned | guard-trim,0.675,4,65,1.5999999999999999,64,2.0,rf,3.051514591377309,0.11406601830012975,1.343014874938806,0.625,1.4,1.0,trim,0.0,0.0,1.34,1.34
0.8571428571428571,0.8884443332777431,0.8933333333333333,0.9866666666666667,0.0596358024691358,0.1436049382716049,ERing,1,5,5.0,5,20,guide=sig | walk=aligned,0.675,4,65,1.5999999999999999,64,2.0,rf,3.1096413213698924,0.14877235539829292,0.8865979171599568,0.625,0.2,0.0,,,,,
0.8571428571428571,0.8884443332777431,0.8933333333333333,0.9866666666666667,0.0596358024691358,0.1436049382716049,ERing,1,5,5.0,5,20,guide=sig | walk=aligned | guard-shrink,0.675,4,65,1.5999999999999999,64,2.0,rf,3.1096413213698924,0.14877235539829292,0.8865979171599568,0.625,0.7,1.0,shrink,0.0,1.0,0.89,0.89
0.8571428571428571,0.8884443332777431,0.8933333333333333,0.9866666666666667,0.0596358024691358,0.1436049382716049,ERing,1,5,5.0,5,20,guide=sig | walk=aligned | guard-trim,0.675,4,65,1.5999999999999999,64,2.0,rf,3.1096413213698924,0.14877235539829292,0.8865979171599568,0.625,1.3,1.0,trim,0.0,0.0,0.89,0.89
0.3018867924528302,0.4216370213557839,0.5888888888888889,0.9816296296296296,0.0757166255144033,0.11893827160493826,ERing,1,10,6.2,4,21,none,0.675,4,65,1.7999999999999998,64,2.0,rf,,,,,,,,,,,
0.7142857142857143,0.7453559924999299,0.7777777777777778,0.9935308641975309,0.05641588477366255,0.13153086419753082,ERing,1,10,6.2,4,21,SMOTE-raw,0.675,4,65,1.7999999999999998,64,2.0,rf,3.572667500792603,0.22365259649998304,0.3681470718204946,,,,,,,,
0.5507246376811594,0.6425258797689316,0.7,0.9515555555555556,0.07557069958847737,0.07723456790123456,ERing,1,10,6.2,4,21,guide=gpf | walk=aligned,0.675,4,65,1.7999999999999998,64,2.0,rf,4.295785958606798,0.18504513997327998,1.4985479363858318,0.65625,0.1,0.0,,,,,
0.5507246376811594,0.6425258797689316,0.7,0.9515555555555556,0.07557069958847737,0.07723456790123456,ERing,1,10,6.2,4,21,guide=gpf | walk=aligned | guard-shrink,0.675,4,65,1.7999999999999998,64,2.0,rf,4.295785958606798,0.18504513997327998,1.4985479363858318,0.65625,0.8,1.0,shrink,0.0,1.0,1.5,1.5
0.5507246376811594,0.6425258797689316,0.7,0.9515555555555556,0.07557069958847737,0.07723456790123456,ERing,1,10,6.2,4,21,guide=gpf | walk=aligned | guard-trim,0.675,4,65,1.7999999999999998,64,2.0,rf,4.295785958606798,0.18504513997327998,1.4985479363858318,0.65625,1.4,1.0,trim,0.0,0.0,1.5,1.5
0.8674698795180723,0.89044308571008,0.8955555555555557,0.9932345679012345,0.04898028806584362,0.13803703703703704,ERing,1,10,6.2,4,21,guide=sig | walk=aligned,0.675,4,65,1.7999999999999998,64,2.0,rf,2.431484939696828,0.10056693289486829,1.7311959077062002,0.65625,0.0,0.0,,,,,
0.8674698795180723,0.89044308571008,0.8955555555555557,0.9932345679012345,0.04898028806584362,0.13803703703703704,ERing,1,10,6.2,4,21,guide=sig | walk=aligned | guard-shrink,0.675,4,65,1.7999999999999998,64,2.0,rf,2.431484939696828,0.10056693289486829,1.7311959077062002,0.65625,0.6,1.0,shrink,0.0,1.0,1.73,1.73
0.8674698795180723,0.89044308571008,0.8955555555555557,0.9932345679012345,0.04898028806584362,0.13803703703703704,ERing,1,10,6.2,4,21,guide=sig | walk=aligned | guard-trim,0.675,4,65,1.7999999999999998,64,2.0,rf,2.431484939696828,0.10056693289486829,1.7311959077062002,0.65625,1.2,1.0,trim,0.0,0.0,1.73,1.73
0.2692307692307692,0.39440531887330776,0.5777777777777777,0.951358024691358,0.08529148148148148,0.0930246913580247,ERing,1,20,6.2,4,21,none,0.675,4,65,1.7999999999999998,64,2.0,rf,,,,,,,,,,,
0.75,0.7745966692414834,0.8,0.9823703703703704,0.060113621399176954,0.1328518518518519,ERing,1,20,6.2,4,21,SMOTE-raw,0.675,4,65,1.7999999999999998,64,2.0,rf,3.942615993775185,0.21499470520126218,0.41103191636141156,,,,,,,,
0.7297297297297297,0.7711463328491335,0.7955555555555556,0.971358024691358,0.06491288065843621,0.09813580246913581,ERing,1,20,6.2,4,21,guide=gpf | walk=aligned,0.675,4,65,1.7999999999999998,64,2.0,rf,6.459247634837279,0.15804534504537404,4.018645141812196,0.328125,0.2,0.0,,,,,
0.7222222222222222,0.7584259202738326,0.7866666666666666,0.9683950617283951,0.06622637860082303,0.09440740740740743,ERing,1,20,6.2,4,21,guide=gpf | walk=aligned | guard-shrink,0.675,4,65,1.7999999999999998,64,2.0,rf,4.168729508706534,0.1510351131756249,1.3180825835890981,0.328125,0.8,1.0,shrink,1.0,0.705,4.02,1.32
0.7631578947368421,0.7991971279870292,0.8177777777777778,0.9698271604938271,0.06617353909465021,0.10428395061728393,ERing,1,20,6.2,4,21,guide=gpf | walk=aligned | guard-trim,0.675,4,65,1.7999999999999998,64,2.0,rf,5.122371644649835,0.17946737749418196,1.549375278400974,0.328125,1.4,1.0,trim,1.0,0.095,4.02,1.63
0.684931506849315,0.7403702777314526,0.7711111111111111,0.976246913580247,0.06251901234567901,0.10508641975308644,ERing,1,20,6.2,4,21,guide=sig | walk=aligned,0.675,4,65,1.7999999999999998,64,2.0,rf,3.5041450258355624,0.1340844141654327,1.3873911805682728,0.328125,0.2,0.0,,,,,
0.684931506849315,0.7403702777314526,0.7711111111111111,0.976246913580247,0.06251901234567901,0.10508641975308644,ERing,1,20,6.2,4,21,guide=sig | walk=aligned | guard-shrink,0.675,4,65,1.7999999999999998,64,2.0,rf,3.5041450258355624,0.1340844141654327,1.3873911805682728,0.328125,0.8,1.0,shrink,0.0,1.0,1.39,1.39
0.684931506849315,0.7403702777314526,0.7711111111111111,0.976246913580247,0.06251901234567901,0.10508641975308644,ERing,1,20,6.2,4,21,guide=sig | walk=aligned | guard-trim,0.675,4,65,1.7999999999999998,64,2.0,rf,3.5041450258355624,0.1340844141654327,1.3873911805682728,0.328125,1.4,1.0,trim,0.0,0.0,1.39,1.39
0.3018867924528302,0.4216370213557839,0.5888888888888889,0.9838024691358025,0.07656769547325104,0.13413580246913584,ERing,2,5,5.0,5,20,none,0.675,4,65,1.5999999999999999,64,2.0,rf,,,,,,,,,,,
0.8888888888888888,0.8944271909999159,0.9,0.9950617283950617,0.05397139917695473,0.15003703703703697,ERing,2,5,5.0,5,20,SMOTE-raw,0.675,4,65,1.5999999999999999,64,2.0,rf,3.1119536250897823,0.19567083913017413,0.4122251791241379,,,,,,,,
0.8333333333333334,0.8740426861909838,0.88,0.9874567901234569,0.06270004115226338,0.15529629629629632,ERing,2,5,5.0,5,20,guide=gpf | walk=aligned,0.675,4,65,1.5999999999999999,64,2.0,rf,3.2823030384784175,0.1216067451199625,1.334137760881442,0.3125,0.2,0.0,,,,,
0.8333333333333334,0.8740426861909838,0.88,0.9874567901234569,0.06270004115226338,0.15529629629629632,ERing,2,5,5.0,5,20,guide=gpf | walk=aligned | guard-shrink,0.675,4,65,1.5999999999999999,64,2.0,rf,3.2823030384784175,0.1216067451199625,1.334137760881442,0.3125,0.8,1.0,shrink,0.0,1.0,1.33,1.33
0.8333333333333334,0.8740426861909838,0.88,0.9874567901234569,0.06270004115226338,0.15529629629629632,ERing,2,5,5.0,5,20,guide=gpf | walk=aligned | guard-trim,0.675,4,65,1.5999999999999999,64,2.0,rf,3.2823030384784175,0.1216067451199625,1.334137760881442,0.3125,1.4,1.0,trim,0.0,0.0,1.33,1.33
0.8395061728395061,0.8653551329788478,0.8733333333333333,0.9929876543209877,0.053105226337448554,0.14435802469135803,ERing,2,5,5.0,5,20,guide=sig | walk=aligned,0.675,4,65,1.5999999999999999,64,2.0,rf,2.7944932214997102,0.13997471750345303,0.7998285124860492,0.625,0.2,0.0,,,,,
0.8395061728395061,0.8653551329788478,0.8733333333333333,0.9929876543209877,0.053105226337448554,0.14435802469135803,ERing,2,5,5.0,5,20,guide=sig | walk=aligned | guard-shrink,0.675,4,65,1.5999999999999999,64,2.0,rf,2.7944932214997102,0.13997471750345303,0.7998285124860492,0.625,0.7,1.0,shrink,0.0,1.0,0.8,0.8
0.8395061728395061,0.8653551329788478,0.8733333333333333,0.9929876543209877,0.053105226337448554,0.14435802469135803,ERing,2,5,5.0,5,20,guide=sig | walk=aligned | guard-trim,0.675,4,65,1.5999999999999999,64,2.0,rf,2.7944932214997102,0.13997471750345303,0.7998285124860492,0.625,1.3,1.0,trim,0.0,0.0,0.8,0.8
0.125,0.2581988897471611,0.5333333333333333,0.9825679012345678,0.08574444444444444,0.13674074074074077,ERing,2,10,6.2,4,21,none,0.675,4,65,1.5999999999999999,64,2.0,rf,,,,,,,,,,,
0.8607594936708861,0.8692269873603532,0.8777777777777778,0.9958024691358024,0.05245872427983539,0.1424320987654321,ERing,2,10,6.2,4,21,SMOTE-raw,0.675,4,65,1.5999999999999999,64,2.0,rf,4.27406229883605,0.23290427169755246,0.39341299498562543,,,,,,,,
0.9411764705882353,0.9428090415820634,0.9444444444444444,0.9986172839506172,0.047628024691358024,0.15803703703703703,ERing,2,10,6.2,4,21,guide=gpf | walk=aligned,0.675,4,65,1.5999999999999999,64,2.0,rf,3.4931994725025284,0.1126396756740069,2.9377631641160358,0.328125,0.2,0.0,,,,,
0.875,0.8819171036881969,0.8888888888888888,0.995358024691358,0.05158563786008231,0.15322222222222223,ERing,2,10,6.2,4,21,guide=gpf | walk=aligned | guard-shrink,0.675,4,65,1.5999999999999999,64,2.0,rf,3.2099095074719095,0.12657290848434777,1.5891668087161548,0.328125,0.8,1.0,shrink,1.0,0.825,2.94,1.59
0.9285714285714286,0.9309493362512627,0.9333333333333333,0.9982222222222222,0.0489622633744856,0.1640864197530864,ERing,2,10,6.2,4,21,guide=gpf | walk=aligned | guard-trim,0.675,4,65,1.5999999999999999,64,2.0,rf,3.677756371306863,0.12378237430439842,1.6655160275448244,0.328125,1.4,1.0,trim,1.0,0.048,2.94,1.62
0.7142857142857143,0.7453559924999299,0.7777777777777778,0.9935308641975309,0.05888744855967078,0.14549382716049383,ERing,2,10,6.2,4,21,guide=sig | walk=aligned,0.675,4,65,1.5999999999999999,64,2.0,rf,5.382532366659127,0.18986424404382507,1.846447638753124,0.65625,0.0,0.0,,,,,
0.7142857142857143,0.7453559924999299,0.7777777777777778,0.9935308641975309,0.05888744855967078,0.14549382716049383,ERing,2,10,6.2,4,21,guide=sig | walk=aligned | guard-shrink,0.675,4,65,1.5999999999999999,64,2.0,rf,5.382532366659127,0.18986424404382507,1.846447638753124,0.65625,0.6,1.0,shrink,0.0,1.0,1.85,1.85
0.7142857142857143,0.7453559924999299,0.7777777777777778,0.9935308641975309,0.05888744855967078,0.14549382716049383,ERing,2,10,6.2,4,21,guide=sig | walk=aligned | guard-trim,0.675,4,65,1.5999999999999999,64,2.0,rf,5.382532366659127,0.18986424404382507,1.846447638753124,0.65625,1.2,1.0,trim,0.0,0.0,1.85,1.85
0.125,0.2581988897471611,0.5333333333333333,0.9751111111111112,0.08728358024691359,0.12376543209876545,ERing,2,20,6.2,4,21,none,0.675,4,65,1.5999999999999999,64,2.0,rf,,,,,,,,,,,
0.8157894736842105,0.8299933065325822,0.8444444444444444,0.9943703703703702,0.05374320987654321,0.14034567901234568,ERing,2,20,6.2,4,21,SMOTE-raw,0.675,4,65,1.5999999999999999,64,2.0,rf,4.263014889469581,0.23272927606251903,0.3922376669843291,,,,,,,,
0.9024390243902439,0.9067647005823629,0.9111111111111111,0.9982222222222221,0.04959477366255144,0.16630864197530865,ERing,2,20,6.2,4,21,guide=gpf | walk=aligned,0.675,4,65,1.5999999999999999,64,2.0,rf,2.899464156872501,0.10653125993436785,3.0012266402685075,0.328125,0.1,0.0,,,,,
0.8888888888888888,0.8944271909999159,0.9,0.9968888888888889,0.05171847736625515,0.15964197530864196,ERing,2,20,6.2,4,21,guide=gpf | walk=aligned | guard-shrink,0.675,4,65,1.5999999999999999,64,2.0,rf,2.7328238557879914,0.12405372756749244,1.523370336895257,0.328125,0.7,1.0,shrink,1.0,0.816,3.0,1.52
0.8888888888888888,0.8944271909999159,0.9,0.9988641975308643,0.04927572016460906,0.16123456790123455,ERing,2,20,6.2,4,21,guide=gpf | walk=aligned | guard-trim,0.675,4,65,1.5999999999999999,64,2.0,rf,3.066594748300524,0.11610596898838133,1.6534861900831428,0.328125,1.3,1.0,trim,1.0,0.048,3.0,1.63
0.59375,0.6497862896539309,0.7111111111111111,0.9911604938271604,0.06484654320987654,0.14322222222222222,ERing,2,20,6.2,4,21,guide=sig | walk=aligned,0.675,4,65,1.5999999999999999,64,2.0,rf,6.048094948625142,0.22643075251309852,1.2642544851377175,0.328125,0.2,0.0,,,,,
0.59375,0.6497862896539309,0.7111111111111111,0.9911604938271604,0.06484654320987654,0.14322222222222222,ERing,2,20,6.2,4,21,guide=sig | walk=aligned | guard-shrink,0.675,4,65,1.5999999999999999,64,2.0,rf,6.048094948625142,0.22643075251309852,1.2642544851377175,0.328125,0.7,1.0,shrink,0.0,1.0,1.26,1.26
0.59375,0.6497862896539309,0.7111111111111111,0.9911604938271604,0.06484654320987654,0.14322222222222222,ERing,2,20,6.2,4,21,guide=sig | walk=aligned | guard-trim,0.675,4,65,1.5999999999999999,64,2.0,rf,6.048094948625142,0.22643075251309852,1.2642544851377175,0.328125,1.3,1.0,trim,0.0,0.0,1.26,1.26
0.27450980392156865,0.40161823294666765,0.5768081928739066,0.8216343076594836,0.16869554093567252,0.11085526315789473,RacketSports,0,5,4.9,22,86,none,0.138,6,30,2.1999999999999997,64,2.0,rf,,,,,,,,,,,
0.3880597014925373,0.5213594348787626,0.6007040751013442,0.8228077661617239,0.15946973684210528,0.07662280701754384,RacketSports,0,5,4.9,22,86,SMOTE-raw,0.138,6,30,2.1999999999999997,64,2.0,rf,1.1539701240196543,0.07429111254157628,0.39615229111285155,,,,,,,,
0.5405405405405406,0.6466667913076702,0.6820994239385535,0.8328355024535951,0.1462918859649123,0.058092105263157896,RacketSports,0,5,4.9,22,86,guide=gpf | walk=aligned,0.138,6,30,2.1999999999999997,64,2.0,rf,3.7011992599429355,0.15257105280127004,2.170429450488478,0.26875,0.3,0.0,,,,,
0.5066666666666667,0.6238281097875653,0.6612972050352037,0.8236611905269896,0.15033786549707603,0.04929824561403508,RacketSports,0,5,4.9,22,86,guide=gpf | walk=aligned | guard-shrink,0.138,6,30,2.1999999999999997,64,2.0,rf,3.2466409791819437,0.13777622282837154,1.8803867136964016,0.26875,1.1,1.0,shrink,1.0,0.96,2.17,1.88
0.5135135135135135,0.6270687970997586,0.6658843609985066,0.8339022829101771,0.1468703947368421,0.10076754385964914,RacketSports,0,5,4.9,22,86,guide=gpf | walk=aligned | guard-trim,0.138,6,30,2.1999999999999997,64,2.0,rf,3.630734513968136,0.1512641245922356,1.9067740635860244,0.26875,1.8,1.0,trim,1.0,0.023,2.17,1.9
0.5128205128205128,0.6333320232507159,0.6637508000853425,0.819180712609345,0.15833523391812862,0.10179824561403511,RacketSports,0,5,4.9,22,86,guide=sig | walk=aligned,0.138,6,30,2.1999999999999997,64,2.0,rf,2.2453187747198413,0.10211515732857224,1.5666737307873169,0.38392857142857145,0.7,0.0,,,,,
0.5128205128205128,0.6333320232507159,0.6637508000853425,0.819180712609345,0.15833523391812862,0.10179824561403511,RacketSports,0,5,4.9,22,86,guide=sig | walk=aligned | guard-shrink,0.138,6,30,2.1999999999999997,64,2.0,rf,2.2453187747198413,0.10211515732857224,1.5666737307873169,0.38392857142857145,1.5,1.0,shrink,0.0,1.0,1.57,1.57
0.5128205128205128,0.6333320232507159,0.6637508000853425,0.819180712609345,0.15833523391812862,0.10179824561403511,RacketSports,0,5,4.9,22,86,guide=sig | walk=aligned | guard-trim,0.138,6,30,2.1999999999999997,64,2.0,rf,2.2453187747198413,0.10211515732857224,1.5666737307873169,0.38392857142857145,2.2,1.0,trim,0.0,0.0,1.57,1.57
0.045454545454545456,0.15249857033260467,0.5116279069767442,0.794004693834009,0.19951805555555555,0.17506578947368423,RacketSports,0,10,9.8,11,97,none,0.138,6,30,2.0,64,2.0,rf,,,,,,,,,,,
0.3103448275862069,0.4447258668554252,0.5771282270108812,0.7622146362278642,0.17846096491228067,0.11232456140350877,RacketSports,0,10,9.8,11,97,SMOTE-raw,0.138,6,30,2.0,64,2.0,rf,1.9509500131661035,0.11655131252585849,0.49991090352951617,,,,,,,,
0.3448275862068966,0.4710523696671776,0.5933432899509281,0.7442927245572861,0.17941586257309944,0.10703947368421049,RacketSports,0,10,9.8,11,97,guide=gpf | walk=aligned,0.138,6,30,2.0,64,2.0,rf,5.726223109704893,0.22822902016559599,1.2068952402808084,0.10104166666666667,0.9,0.0,,,,,
0.3448275862068966,0.4710523696671776,0.5933432899509281,0.7442927245572861,0.17941586257309944,0.10703947368421049,RacketSports,0,10,9.8,11,97,guide=gpf | walk=aligned | guard-shrink,0.138,6,30,2.0,64,2.0,rf,5.726223109704893,0.22822902016559599,1.2068952402808084,0.10104166666666667,1.6,1.0,shrink,0.0,1.0,1.21,1.21
0.3448275862068966,0.4710523696671776,0.5933432899509281,0.7442927245572861,0.17941586257309944,0.10703947368421049,RacketSports,0,10,9.8,11,97,guide=gpf | walk=aligned | guard-trim,0.138,6,30,2.0,64,2.0,rf,5.726223109704893,0.22822902016559599,1.2068952402808084,0.10104166666666667,2.3,1.0,trim,0.0,0.0,1.21,1.21
0.4126984126984127,0.5318930128188899,0.6190526989545552,0.7402389588222743,0.17267302631578946,0.08046052631578947,RacketSports,0,10,9.8,11,97,guide=sig | walk=aligned,0.138,6,30,2.0,64,2.0,rf,5.096304867534364,0.19622569007803803,2.124996558131243,0.37890625,0.2,0.0,,,,,
0.45454545454545453,0.5685371389314481,0.6377213569447407,0.7313846810326434,0.17366184210526314,0.093859649122807,RacketSports,0,10,9.8,11,97,guide=sig | walk=aligned | guard-shrink,0.138,6,30,2.0,64,2.0,rf,4.683904269785522,0.18668042964357545,1.9213720805843157,0.37890625,1.0,1.0,shrink,1.0,0.97,2.12,1.92
0.4307692307692308,0.5492590582970841,0.6260934499679967,0.7504800512054619,0.170668932748538,0.09528508771929822,RacketSports,0,10,9.8,11,97,guide=sig | walk=aligned | guard-trim,0.138,6,30,2.0,64,2.0,rf,5.007890286210191,0.1961782418894592,1.9916539334947088,0.37890625,1.7,1.0,trim,1.0,0.01,2.12,1.98
0.0,0.0,0.5,0.6558566247066354,0.2499795321637427,0.21517543859649127,RacketSports,0,20,21.6,5,103,none,0.138,6,30,1.4,64,2.0,rf,,,,,,,,,,,
0.08333333333333333,0.21267696480596646,0.5094943460635801,0.6544698101130788,0.219615350877193,0.18008771929824566,RacketSports,0,20,21.6,5,103,SMOTE-raw,0.138,6,30,1.4,64,2.0,rf,4.75298070249478,0.14839085381991568,0.3891994619105155,,,,,,,,
0.16666666666666666,0.30359484753316857,0.541924471943674,0.6044378066993813,0.2160671783625731,0.1518201754385965,RacketSports,0,20,21.6,5,103,guide=gpf | walk=aligned,0.138,6,30,1.4,64,2.0,rf,2.9532461416101565,0.23538505904527185,0.043949167342224045,0.08253205128205128,2.7,0.0,,,,,
0.16666666666666666,0.30359484753316857,0.541924471943674,0.6044378066993813,0.2160671783625731,0.1518201754385965,RacketSports,0,20,21.6,5,103,guide=gpf | walk=aligned | guard-shrink,0.138,6,30,1.4,64,2.0,rf,2.9532461416101565,0.23538505904527185,0.043949167342224045,0.08253205128205128,3.4,1.0,shrink,0.0,1.0,0.04,0.04
0.16666666666666666,0.30359484753316857,0.541924471943674,0.6044378066993813,0.2160671783625731,0.1518201754385965,RacketSports,0,20,21.6,5,103,guide=gpf | walk=aligned | guard-trim,0.138,6,30,1.4,64,2.0,rf,2.9532461416101565,0.23538505904527185,0.043949167342224045,0.08253205128205128,4.1,1.0,trim,0.0,0.0,0.04,0.04
0.0,0.0,0.5,0.6463622786430553,0.23355197368421052,0.2042763157894737,RacketSports,0,20,21.6,5,103,guide=sig | walk=aligned,0.138,6,30,1.4,64,2.0,rf,2.9492315316520727,0.3091622166999757,0.012278163125084101,0.04876893939393939,5.6,0.0,,,,,
0.0,0.0,0.5,0.6463622786430553,0.23355197368421052,0.2042763157894737,RacketSports,0,20,21.6,5,103,guide=sig | walk=aligned | guard-shrink,0.138,6,30,1.4,64,2.0,rf,2.9492315316520727,0.3091622166999757,0.012278163125084101,0.04876893939393939,6.3,1.0,shrink,0.0,1.0,0.01,0.01
0.0,0.0,0.5,0.6463622786430553,0.23355197368421052,0.2042763157894737,RacketSports,0,20,21.6,5,103,guide=sig | walk=aligned | guard-trim,0.138,6,30,1.4,64,2.0,rf,2.9492315316520727,0.3091622166999757,0.012278163125084101,0.04876893939393939,6.9,1.0,trim,0.0,0.0,0.01,0.01
0.2962962962962963,0.4253539296119329,0.5792617879240453,0.8072327714956261,0.16831915204678363,0.12885964912280704,RacketSports,1,5,4.9,22,86,none,0.138,6,30,2.0,64,2.0,rf,,,,,,,,,,,
0.5074626865671642,0.6082429303679985,0.6655643268615319,0.8544911457222104,0.14462755847953215,0.07107456140350876,RacketSports,1,5,4.9,22,86,SMOTE-raw,0.138,6,30,2.0,64,2.0,rf,1.0295223427074927,0.09227483362961708,0.45232487023285484,,,,,,,,
0.5897435897435898,0.6899256769586882,0.7123959889054832,0.8591849797311714,0.14491206140350876,0.10046052631578947,RacketSports,1,5,4.9,22,86,guide=gpf | walk=aligned,0.138,6,30,2.0,64,2.0,rf,0.6716506777558156,0.048684065639853835,0.9481268332127888,0.38392857142857145,0.2,0.0,,,,,
0.5897435897435898,0.6899256769586882,0.7123959889054832,0.8591849797311714,0.14491206140350876,0.10046052631578947,RacketSports,1,5,4.9,22,86,guide=gpf | walk=aligned | guard-shrink,0.138,6,30,2.0,64,2.0,rf,0.6716506777558156,0.048684065639853835,0.9481268332127888,0.38392857142857145,1.0,1.0,shrink,0.0,1.0,0.95,0.95
0.5897435897435898,0.6899256769586882,0.7123959889054832,0.8591849797311714,0.14491206140350876,0.10046052631578947,RacketSports,1,5,4.9,22,86,guide=gpf | walk=aligned | guard-trim,0.138,6,30,2.0,64,2.0,rf,0.6716506777558156,0.048684065639853835,0.9481268332127888,0.38392857142857145,1.8,1.0,trim,0.0,0.0,0.95,0.95
0.7209302325581395,0.8009755093562075,0.8054192447194367,0.89310859825048,0.13002258771929823,0.113530701754386,RacketSports,1,5,4.9,22,86,guide=sig | walk=aligned,0.138,6,30,2.0,64,2.0,rf,0.4956914280952418,0.035743602905703886,1.177452430406546,0.4479166666666667,0.6,0.0,,,,,
0.7209302325581395,0.8009755093562075,0.8054192447194367,0.89310859825048,0.13002258771929823,0.113530701754386,RacketSports,1,5,4.9,22,86,guide=sig | walk=aligned | guard-shrink,0.138,6,30,2.0,64,2.0,rf,0.4956914280952418,0.035743602905703886,1.177452430406546,0.4479166666666667,1.4,1.0,shrink,0.0,1.0,1.18,1.18
0.7209302325581395,0.8009755093562075,0.8054192447194367,0.89310859825048,0.13002258771929823,0.113530701754386,RacketSports,1,5,4.9,22,86,guide=sig | walk=aligned | guard-trim,0.138,6,30,2.0,64,2.0,rf,0.4956914280952418,0.035743602905703886,1.177452430406546,0.4479166666666667,2.2,1.0,trim,0.0,0.0,1.18,1.18
0.045454545454545456,0.15249857033260467,0.5116279069767442,0.7109024962662684,0.21832807017543862,0.1867543859649123,RacketSports,1,10,9.8,11,97,none,0.138,6,30,2.1999999999999997,64,2.0,rf,,,,,,,,,,,
0.25,0.3922113484323592,0.5538724130573928,0.7330915297631747,0.18595263157894734,0.1332017543859649,RacketSports,1,10,9.8,11,97,SMOTE-raw,0.138,6,30,2.1999999999999997,64,2.0,rf,1.4085642686474245,0.08368098573275862,0.4115979357712226,,,,,,,,
0.2545454545454545,0.39411068810468003,0.5584595690206956,0.7048218476637508,0.2002468567251462,0.13265350877192983,RacketSports,1,10,9.8,11,97,guide=gpf | walk=aligned,0.138,6,30,2.1999999999999997,64,2.0,rf,12.637987151251435,0.34630890839840955,4.043719668832624,0.10104166666666667,2.7,0.0,,,,,
0.4,0.5266525597690845,0.6098783870279496,0.7296778323021123,0.1838285087719298,0.0899561403508772,RacketSports,1,10,9.8,11,97,guide=gpf | walk=aligned | guard-shrink,0.138,6,30,2.1999999999999997,64,2.0,rf,5.000802281445294,0.20299383375969893,1.3447127495688078,0.10104166666666667,3.4,1.0,shrink,1.0,0.703,4.04,1.34
0.2222222222222222,0.36487559658250374,0.5468316620439514,0.6866865799018562,0.20480445906432748,0.14203947368421055,RacketSports,1,10,9.8,11,97,guide=gpf | walk=aligned | guard-trim,0.138,6,30,2.1999999999999997,64,2.0,rf,9.930162176906785,0.33170230621785046,1.9733113956919377,0.10104166666666667,4.1,1.0,trim,1.0,0.175,4.04,1.97
0.417910447761194,0.5437936580767931,0.6169191380413911,0.7266908470236826,0.1816578947368421,0.07425438596491228,RacketSports,1,10,9.8,11,97,guide=sig | walk=aligned,0.138,6,30,2.1999999999999997,64,2.0,rf,4.1536236818499805,0.176468505083067,1.9736831790104457,0.2526041666666667,1.1,0.0,,,,,
0.417910447761194,0.5437936580767931,0.6169191380413911,0.7266908470236826,0.1816578947368421,0.07425438596491228,RacketSports,1,10,9.8,11,97,guide=sig | walk=aligned | guard-shrink,0.138,6,30,2.1999999999999997,64,2.0,rf,4.1536236818499805,0.176468505083067,1.9736831790104457,0.2526041666666667,1.9,1.0,shrink,0.0,1.0,1.97,1.97
0.417910447761194,0.5437936580767931,0.6169191380413911,0.7266908470236826,0.1816578947368421,0.07425438596491228,RacketSports,1,10,9.8,11,97,guide=sig | walk=aligned | guard-trim,0.138,6,30,2.1999999999999997,64,2.0,rf,4.1536236818499805,0.176468505083067,1.9736831790104457,0.2526041666666667,2.7,1.0,trim,0.0,0.0,1.97,1.97
0.045454545454545456,0.15249857033260467,0.5116279069767442,0.7020482184766375,0.22923567251461988,0.21807017543859644,RacketSports,1,20,21.6,5,103,none,0.138,6,30,1.5999999999999999,64,2.0,rf,,,,,,,,,,,
0.13043478260869565,0.26413527189768715,0.5348837209302325,0.8140601664177513,0.20718194444444443,0.20160087719298245,RacketSports,1,20,21.6,5,103,SMOTE-raw,0.138,6,30,1.5999999999999999,64,2.0,rf,3.14019993561417,0.17869675411076424,0.39745835360531323,,,,,,,,
0.20833333333333334,0.34099716973523675,0.5581395348837209,0.7976317473863879,0.18085899122807017,0.14638157894736842,RacketSports,1,20,21.6,5,103,guide=gpf | walk=aligned,0.138,6,30,1.5999999999999999,64,2.0,rf,6.2837744447262445,0.27146748565875545,0.9401117258877358,0.04876893939393939,5.6,0.0,,,,,
0.20833333333333334,0.34099716973523675,0.5581395348837209,0.7976317473863879,0.18085899122807017,0.14638157894736842,RacketSports,1,20,21.6,5,103,guide=gpf | walk=aligned | guard-shrink,0.138,6,30,1.5999999999999999,64,2.0,rf,6.2837744447262445,0.27146748565875545,0.9401117258877358,0.04876893939393939,6.3,1.0,shrink,0.0,1.0,0.94,0.94
0.20833333333333334,0.34099716973523675,0.5581395348837209,0.7976317473863879,0.18085899122807017,0.14638157894736842,RacketSports,1,20,21.6,5,103,guide=gpf | walk=aligned | guard-trim,0.138,6,30,1.5999999999999999,64,2.0,rf,6.2837744447262445,0.27146748565875545,0.9401117258877358,0.04876893939393939,7.0,1.0,trim,0.0,0.0,0.94,0.94
0.37735849056603776,0.4822428221704121,0.6162790697674418,0.7915510987838702,0.16006951754385965,0.12278508771929826,RacketSports,1,20,21.6,5,103,guide=sig | walk=aligned,0.138,6,30,1.5999999999999999,64,2.0,rf,3.2553123488249938,0.14221614705546926,1.008421145143643,0.10729166666666666,2.6,0.0,,,,,
0.37735849056603776,0.4822428221704121,0.6162790697674418,0.7915510987838702,0.16006951754385965,0.12278508771929826,RacketSports,1,20,21.6,5,103,guide=sig | walk=aligned | guard-shrink,0.138,6,30,1.5999999999999999,64,2.0,rf,3.2553123488249938,0.14221614705546926,1.008421145143643,0.10729166666666666,3.3,1.0,shrink,0.0,1.0,1.01,1.01
0.37735849056603776,0.4822428221704121,0.6162790697674418,0.7915510987838702,0.16006951754385965,0.12278508771929826,RacketSports,1,20,21.6,5,103,guide=sig | walk=aligned | guard-trim,0.138,6,30,1.5999999999999999,64,2.0,rf,3.2553123488249938,0.14221614705546926,1.008421145143643,0.10729166666666666,4.0,1.0,trim,0.0,0.0,1.01,1.01
0.4074074074074074,0.5057805388588732,0.627906976744186,0.9012161297205036,0.13473084795321638,0.09938596491228072,RacketSports,2,5,4.9,22,86,none,0.138,6,30,2.1999999999999997,64,2.0,rf,,,,,,,,,,,
0.6486486486486487,0.7227002916441674,0.7469596756987412,0.9014294858118198,0.12056461988304093,0.09350877192982457,RacketSports,2,5,4.9,22,86,SMOTE-raw,0.138,6,30,2.1999999999999997,64,2.0,rf,1.3937551369405146,0.08404093776101262,0.5021789456443215,,,,,,,,
0.6987951807228916,0.7786899328495449,0.7867505867292511,0.8838276082782163,0.12600160818713452,0.0732017543859649,RacketSports,2,5,4.9,22,86,guide=gpf | walk=aligned,0.138,6,30,2.1999999999999997,64,2.0,rf,1.446413838699863,0.048140180466300087,1.3638866235187015,0.24431818181818182,1.0,0.0,,,,,
0.6987951807228916,0.7786899328495449,0.7867505867292511,0.8838276082782163,0.12600160818713452,0.0732017543859649,RacketSports,2,5,4.9,22,86,guide=gpf | walk=aligned | guard-shrink,0.138,6,30,2.1999999999999997,64,2.0,rf,1.446413838699863,0.048140180466300087,1.3638866235187015,0.24431818181818182,1.8,1.0,shrink,0.0,1.0,1.36,1.36
0.6987951807228916,0.7786899328495449,0.7867505867292511,0.8838276082782163,0.12600160818713452,0.0732017543859649,RacketSports,2,5,4.9,22,86,guide=gpf | walk=aligned | guard-trim,0.138,6,30,2.1999999999999997,64,2.0,rf,1.446413838699863,0.048140180466300087,1.3638866235187015,0.24431818181818182,2.6,1.0,trim,0.0,0.0,1.36,1.36
0.6966292134831461,0.7884920101662477,0.7916577768295285,0.9063366759120973,0.12412953216374269,0.11570175438596493,RacketSports,2,5,4.9,22,86,guide=sig | walk=aligned,0.138,6,30,2.1999999999999997,64,2.0,rf,0.9728982257641992,0.033070975351413234,4.3899584133423435,0.38392857142857145,0.7,0.0,,,,,
0.7058823529411765,0.7879506492990184,0.7937913377426926,0.8932152762961383,0.12825095029239766,0.11765350877192983,RacketSports,2,5,4.9,22,86,guide=sig | walk=aligned | guard-shrink,0.138,6,30,2.1999999999999997,64,2.0,rf,0.6638953604523969,0.03339529019632548,1.1042374229104452,0.38392857142857145,1.4,1.0,shrink,1.0,0.675,4.39,1.1
0.7045454545454546,0.7926750210059723,0.7962449327928312,0.903563046724984,0.12381549707602339,0.11885964912280701,RacketSports,2,5,4.9,22,86,guide=sig | walk=aligned | guard-trim,0.138,6,30,2.1999999999999997,64,2.0,rf,0.7409642178989042,0.03012656923392054,1.9465500214201923,0.38392857142857145,2.2,1.0,trim,1.0,0.035,4.39,1.98
0.0,0.0,0.5,0.7584809046298272,0.21914627192982453,0.1904605263157895,RacketSports,2,10,9.8,11,97,none,0.138,6,30,2.0,64,2.0,rf,,,,,,,,,,,
0.3448275862068966,0.4710523696671776,0.5933432899509281,0.7965649669298058,0.17000884502923974,0.10563596491228068,RacketSports,2,10,9.8,11,97,SMOTE-raw,0.138,6,30,2.0,64,2.0,rf,1.5662452116194192,0.1069730252486848,0.31665936055251087,,,,,,,,
0.22641509433962265,0.3666256094837572,0.5514188180072541,0.7427992319180712,0.19198720760233917,0.12822368421052632,RacketSports,2,10,9.8,11,97,guide=gpf | walk=aligned,0.138,6,30,2.0,64,2.0,rf,7.154095265458386,0.30505571902007655,0.831412182570791,0.08192567567567567,3.0,0.0,,,,,
0.22641509433962265,0.3666256094837572,0.5514188180072541,0.7427992319180712,0.19198720760233917,0.12822368421052632,RacketSports,2,10,9.8,11,97,guide=gpf | walk=aligned | guard-shrink,0.138,6,30,2.0,64,2.0,rf,7.154095265458386,0.30505571902007655,0.831412182570791,0.08192567567567567,3.8,1.0,shrink,0.0,1.0,0.83,0.83
0.22641509433962265,0.3666256094837572,0.5514188180072541,0.7427992319180712,0.19198720760233917,0.12822368421052632,RacketSports,2,10,9.8,11,97,guide=gpf | walk=aligned | guard-trim,0.138,6,30,2.0,64,2.0,rf,7.154095265458386,0.30505571902007655,0.831412182570791,0.08192567567567567,4.6,1.0,trim,0.0,0.0,0.83,0.83
0.3939393939393939,0.5240126806902824,0.6052912310646469,0.8169404736505227,0.1576925438596491,0.10776315789473684,RacketSports,2,10,9.8,11,97,guide=sig | walk=aligned,0.138,6,30,2.0,64,2.0,rf,3.6832567229186726,0.15754439747502225,1.9906101557555118,0.3368055555555556,0.3,0.0,,,,,
0.3939393939393939,0.5240126806902824,0.6052912310646469,0.8169404736505227,0.1576925438596491,0.10776315789473684,RacketSports,2,10,9.8,11,97,guide=sig | walk=aligned | guard-shrink,0.138,6,30,2.0,64,2.0,rf,3.6832567229186726,0.15754439747502225,1.9906101557555118,0.3368055555555556,1.1,1.0,shrink,0.0,1.0,1.99,1.99
0.3939393939393939,0.5240126806902824,0.6052912310646469,0.8169404736505227,0.1576925438596491,0.10776315789473684,RacketSports,2,10,9.8,11,97,guide=sig | walk=aligned | guard-trim,0.138,6,30,2.0,64,2.0,rf,3.6832567229186726,0.15754439747502225,1.9906101557555118,0.3368055555555556,1.9,1.0,trim,0.0,0.0,1.99,1.99
0.0,0.0,0.5,0.7701088116065714,0.2349824561403509,0.20824561403508776,RacketSports,2,20,21.6,5,103,none,0.138,6,30,1.4,64,2.0,rf,,,,,,,,,,,
0.16326530612244897,0.3021860471355721,0.5373373159803713,0.8357158096863665,0.18897551169590643,0.1619078947368421,RacketSports,2,20,21.6,5,103,SMOTE-raw,0.138,6,30,1.4,64,2.0,rf,3.0869802395575423,0.17723675634670044,0.31436419475966115,,,,,,,,
0.0,0.0,0.5,0.7366119052698954,0.23819459064327483,0.20482456140350877,RacketSports,2,20,21.6,5,103,guide=gpf | walk=aligned,0.138,6,30,1.4,64,2.0,rf,7.83965242159041,0.6548092740800173,0.0260900965155389,0.04876893939393939,5.0,0.0,,,,,
0.0,0.0,0.5,0.7366119052698954,0.23819459064327483,0.20482456140350877,RacketSports,2,20,21.6,5,103,guide=gpf | walk=aligned | guard-shrink,0.138,6,30,1.4,64,2.0,rf,7.83965242159041,0.6548092740800173,0.0260900965155389,0.04876893939393939,5.7,1.0,shrink,0.0,1.0,0.03,0.03
0.0,0.0,0.5,0.7366119052698954,0.23819459064327483,0.20482456140350877,RacketSports,2,20,21.6,5,103,guide=gpf | walk=aligned | guard-trim,0.138,6,30,1.4,64,2.0,rf,7.83965242159041,0.6548092740800173,0.0260900965155389,0.04876893939393939,6.4,1.0,trim,0.0,0.0,0.03,0.03
0.0,0.0,0.5,0.7278643055259229,0.23919766081871346,0.21368421052631575,RacketSports,2,20,21.6,5,103,guide=sig | walk=aligned,0.138,6,30,1.4,64,2.0,rf,8.137973871037806,0.6457199574056296,0.02854824532604619,0.04876893939393939,4.9,0.0,,,,,
0.0,0.0,0.5,0.7278643055259229,0.23919766081871346,0.21368421052631575,RacketSports,2,20,21.6,5,103,guide=sig | walk=aligned | guard-shrink,0.138,6,30,1.4,64,2.0,rf,8.137973871037806,0.6457199574056296,0.02854824532604619,0.04876893939393939,5.6,1.0,shrink,0.0,1.0,0.03,0.03
0.0,0.0,0.5,0.7278643055259229,0.23919766081871346,0.21368421052631575,RacketSports,2,20,21.6,5,103,guide=sig | walk=aligned | guard-trim,0.138,6,30,1.4,64,2.0,rf,8.137973871037806,0.6457199574056296,0.02854824532604619,0.04876893939393939,6.3,1.0,trim,0.0,0.0,0.03,0.03
0.5384615384615384,0.6069769786668839,0.6842105263157895,0.9469238975817924,0.2030765185185185,0.25104444444444446,GunPoint,0,5,5.2,5,21,none,0.852,1,150,1.5999999999999999,64,2.0,rf,,,,,,,,,,,
0.784,0.8029550685469662,0.8223684210526316,0.994576813655761,0.11429703703703704,0.2200444444444445,GunPoint,0,5,5.2,5,21,SMOTE-raw,0.852,1,150,1.5999999999999999,64,2.0,rf,2.5303677048097413,0.24415146426930578,0.5550528893203354,,,,,,,,
0.7642276422764228,0.7863975156570492,0.8092105263157895,0.9910206258890469,0.11497125925925923,0.2015111111111111,GunPoint,0,5,5.2,5,21,guide=gpf | walk=aligned,0.852,1,150,1.5999999999999999,64,2.0,rf,4.116485951072722,0.3559304817040507,1.1368502197913914,0.65625,0.2,0.0,,,,,
0.7642276422764228,0.7863975156570492,0.8092105263157895,0.9910206258890469,0.11497125925925923,0.2015111111111111,GunPoint,0,5,5.2,5,21,guide=gpf | walk=aligned | guard-shrink,0.852,1,150,1.5999999999999999,64,2.0,rf,4.116485951072722,0.3559304817040507,1.1368502197913914,0.65625,0.8,1.0,shrink,0.0,1.0,1.14,1.14
0.7642276422764228,0.7863975156570492,0.8092105263157895,0.9910206258890469,0.11497125925925923,0.2015111111111111,GunPoint,0,5,5.2,5,21,guide=gpf | walk=aligned | guard-trim,0.852,1,150,1.5999999999999999,64,2.0,rf,4.116485951072722,0.3559304817040507,1.1368502197913914,0.65625,1.4,1.0,trim,0.0,0.0,1.14,1.14
0.7540983606557377,0.7779866052154991,0.8026315789473684,0.9915540540540541,0.11847081481481482,0.19782222222222223,GunPoint,0,5,5.2,5,21,guide=sig | walk=aligned,0.852,1,150,1.5999999999999999,64,2.0,rf,5.463714444973537,0.3531572970090352,2.268528395889646,0.328125,0.2,0.0,,,,,
0.7642276422764228,0.7863975156570492,0.8092105263157895,0.9918207681365575,0.11956251851851851,0.20324444444444442,GunPoint,0,5,5.2,5,21,guide=sig | walk=aligned | guard-shrink,0.852,1,150,1.5999999999999999,64,2.0,rf,5.019176998453874,0.3391962159252774,1.9851893248907053,0.328125,0.8,1.0,shrink,1.0,0.939,2.27,1.99
0.7741935483870968,0.7947194142390263,0.8157894736842105,0.9947546230440968,0.11311155555555556,0.20715555555555554,GunPoint,0,5,5.2,5,21,guide=sig | walk=aligned | guard-trim,0.852,1,150,1.5999999999999999,64,2.0,rf,4.73784519641546,0.3302775281367638,1.981155080779436,0.328125,1.4,1.0,trim,1.0,0.048,2.27,1.92
0.5794392523364486,0.6386663736585051,0.7039473684210527,0.972972972972973,0.1697417037037037,0.24295555555555556,GunPoint,0,10,6.5,4,22,none,0.852,1,150,1.5999999999999999,64,2.0,rf,,,,,,,,,,,
0.9305555555555556,0.9325586943189843,0.9340327169274538,0.9943990042674253,0.06885407407407407,0.17413333333333333,GunPoint,0,10,6.5,4,22,SMOTE-raw,0.852,1,150,1.5999999999999999,64,2.0,rf,1.8611677960502195,0.18021146190388682,0.3836938813914592,,,,,,,,
0.9142857142857143,0.9176629354822471,0.9210526315789473,0.992798719772404,0.07353044444444444,0.16322222222222224,GunPoint,0,10,6.5,4,22,guide=gpf | walk=aligned,0.852,1,150,1.5999999999999999,64,2.0,rf,7.391449822757673,0.3701377744948357,3.8064069741063524,0.34375,0.3,0.0,,,,,
0.9295774647887324,0.9318911162960934,0.9342105263157895,0.9950213371266002,0.0694002962962963,0.15573333333333333,GunPoint,0,10,6.5,4,22,guide=gpf | walk=aligned | guard-shrink,0.852,1,150,1.5999999999999999,64,2.0,rf,4.772080224064391,0.32466556119181045,2.0079209463912164,0.34375,0.9,1.0,shrink,1.0,0.688,3.81,2.01
0.9064748201438849,0.910465468000326,0.9144736842105263,0.9936877667140825,0.0780094074074074,0.17020000000000002,GunPoint,0,10,6.5,4,22,guide=gpf | walk=aligned | guard-trim,0.852,1,150,1.5999999999999999,64,2.0,rf,4.928528771684443,0.31091166595562514,2.404703117642999,0.34375,1.5,1.0,trim,1.0,0.5,3.81,2.76
0.9142857142857143,0.9176629354822471,0.9210526315789473,0.9884423897581792,0.09493037037037036,0.17933333333333332,GunPoint,0,10,6.5,4,22,guide=sig | walk=aligned,0.852,1,150,1.5999999999999999,64,2.0,rf,14.923483273433705,0.5919380516875429,2.886185562909337,0.34375,0.2,0.0,,,,,
0.9142857142857143,0.9176629354822471,0.9210526315789473,0.9866642958748222,0.09225503703703704,0.18637777777777778,GunPoint,0,10,6.5,4,22,guide=sig | walk=aligned | guard-shrink,0.852,1,150,1.5999999999999999,64,2.0,rf,11.495338562861976,0.5615631929349962,2.001410134369778,0.34375,0.7,1.0,shrink,1.0,0.815,2.89,2.0
0.9064748201438849,0.910465468000326,0.9144736842105263,0.9809743954480797,0.10089837037037039,0.18071111111111113,GunPoint,0,10,6.5,4,22,guide=sig | walk=aligned | guard-trim,0.852,1,150,1.5999999999999999,64,2.0,rf,19.864599998272567,0.7925884334030544,1.9250460489303338,0.34375,1.3,1.0,trim,1.0,0.182,2.89,1.9
0.34782608695652173,0.45883146774112354,0.6052631578947368,0.9414118065433854,0.2104777777777778,0.26106666666666667,GunPoint,0,20,6.5,4,22,none,0.852,1,150,1.5999999999999999,64,2.0,rf,,,,,,,,,,,
0.8676470588235294,0.8751142985701226,0.8814011379800853,0.9932432432432432,0.08106925925925926,0.1844222222222222,GunPoint,0,20,6.5,4,22,SMOTE-raw,0.852,1,150,1.5999999999999999,64,2.0,rf,1.6179317148532686,0.15960539550351316,0.4257663399619612,,,,,,,,
0.8125,0.8271701918685112,0.8421052631578947,0.9648826458036984,0.12637555555555555,0.1758666666666667,GunPoint,0,20,6.5,4,22,guide=gpf | walk=aligned,0.852,1,150,1.5999999999999999,64,2.0,rf,16.117445551798767,0.5685721962305472,2.726343018737144,0.6875,0.2,0.0,,,,,
0.8125,0.8271701918685112,0.8421052631578947,0.9770625889046941,0.12211037037037037,0.18924444444444444,GunPoint,0,20,6.5,4,22,guide=gpf | walk=aligned | guard-shrink,0.852,1,150,1.5999999999999999,64,2.0,rf,13.47162234917972,0.5625036525420413,1.9901662152024666,0.6875,0.8,1.0,shrink,1.0,0.856,2.73,1.99
0.7642276422764228,0.7863975156570492,0.8092105263157895,0.9493243243243245,0.14436718518518518,0.21557777777777778,GunPoint,0,20,6.5,4,22,guide=gpf | walk=aligned | guard-trim,0.852,1,150,1.5999999999999999,64,2.0,rf,23.587656140666503,0.785719619474933,1.8650205372297803,0.6875,1.4,1.0,trim,1.0,0.136,2.73,1.93
0.784,0.8029550685469662,0.8223684210526316,0.9539473684210527,0.1383571111111111,0.20864444444444444,GunPoint,0,20,6.5,4,22,guide=sig | walk=aligned,0.852,1,150,1.5999999999999999,64,2.0,rf,20.914659955905186,0.7109061242517715,2.230469538204271,0.34375,0.3,0.0,,,,,
0.784,0.8029550685469662,0.8223684210526316,0.9596372688477952,0.13542022222222222,0.18939999999999999,GunPoint,0,20,6.5,4,22,guide=sig | walk=aligned | guard-shrink,0.852,1,150,1.5999999999999999,64,2.0,rf,19.633023247606474,0.714774779637214,1.9929203058397331,0.34375,1.0,1.0,shrink,1.0,0.947,2.23,1.99
0.7540983606557377,0.7779866052154991,0.8026315789473684,0.9461237553342815,0.1446292592592593,0.21673333333333336,GunPoint,0,20,6.5,4,22,guide=sig | walk=aligned | guard-trim,0.852,1,150,1.5999999999999999,64,2.0,rf,21.354935332063285,0.712415339404946,2.012451507593404,0.34375,1.6,1.0,trim,1.0,0.045,2.23,1.91
0.5925925925925926,0.6488856845230502,0.7105263157894737,0.9818634423897582,0.17579251851851851,0.2831777777777778,GunPoint,1,5,5.2,5,21,none,0.852,1,150,1.5999999999999999,64,2.0,rf,,,,,,,,,,,
0.8484848484848485,0.8583950752789521,0.868421052631579,0.9961770981507824,0.08286414814814815,0.1862222222222222,GunPoint,1,5,5.2,5,21,SMOTE-raw,0.852,1,150,1.5999999999999999,64,2.0,rf,2.061266970527017,0.18940322957001943,0.51725531375369,,,,,,,,
0.7333333333333333,0.7608859102526822,0.7894736842105263,0.9866642958748222,0.11409392592592592,0.2008888888888889,GunPoint,1,5,5.2,5,21,guide=gpf | walk=aligned,0.852,1,150,1.5999999999999999,64,2.0,rf,3.3522767060041776,0.29781794375547554,0.6407186431134501,0.65625,0.2,0.0,,,,,
0.7333333333333333,0.7608859102526822,0.7894736842105263,0.9866642958748222,0.11409392592592592,0.2008888888888889,GunPoint,1,5,5.2,5,21,guide=gpf | walk=aligned | guard-shrink,0.852,1,150,1.5999999999999999,64,2.0,rf,3.3522767060041776,0.29781794375547554,0.6407186431134501,0.65625,0.8,1.0,shrink,0.0,1.0,0.64,0.64
0.7333333333333333,0.7608859102526822,0.7894736842105263,0.9866642958748222,0.11409392592592592,0.2008888888888889,GunPoint,1,5,5.2,5,21,guide=gpf | walk=aligned | guard-trim,0.852,1,150,1.5999999999999999,64,2.0,rf,3.3522767060041776,0.29781794375547554,0.6407186431134501,0.65625,1.4,1.0,trim,0.0,0.0,0.64,0.64
0.6306306306306306,0.6786208925382962,0.7302631578947368,0.977151493598862,0.1429685925925926,0.20724444444444445,GunPoint,1,5,5.2,5,21,guide=sig | walk=aligned,0.852,1,150,1.5999999999999999,64,2.0,rf,4.418890919383962,0.3641110981561786,0.7592609288458653,0.65625,0.1,0.0,,,,,
0.6306306306306306,0.6786208925382962,0.7302631578947368,0.977151493598862,0.1429685925925926,0.20724444444444445,GunPoint,1,5,5.2,5,21,guide=sig | walk=aligned | guard-shrink,0.852,1,150,1.5999999999999999,64,2.0,rf,4.418890919383962,0.3641110981561786,0.7592609288458653,0.65625,0.7,1.0,shrink,0.0,1.0,0.76,0.76
0.6306306306306306,0.6786208925382962,0.7302631578947368,0.977151493598862,0.1429685925925926,0.20724444444444445,GunPoint,1,5,5.2,5,21,guide=sig | walk=aligned | guard-trim,0.852,1,150,1.5999999999999999,64,2.0,rf,4.418890919383962,0.3641110981561786,0.7592609288458653,0.65625,1.2,1.0,trim,0.0,0.0,0.76,0.76
0.46464646464646464,0.5501196042201808,0.6513157894736842,0.9697724039829303,0.20809829629629634,0.29086666666666666,GunPoint,1,10,6.5,4,22,none,0.852,1,150,1.7999999999999998,64,2.0,rf,,,,,,,,,,,
0.9594594594594594,0.9599927394225201,0.960348506401138,0.9989331436699858,0.055570148148148146,0.16686666666666666,GunPoint,1,10,6.5,4,22,SMOTE-raw,0.852,1,150,1.7999999999999998,64,2.0,rf,2.485271760064359,0.21467163388739274,0.49180904979775275,,,,,,,,
0.6181818181818182,0.6688560540599386,0.7236842105263158,0.9927098150782362,0.13014081481481482,0.24637777777777778,GunPoint,1,10,6.5,4,22,guide=gpf | walk=aligned,0.852,1,150,1.7999999999999998,64,2.0,rf,4.863403428283139,0.3655327065987747,1.4693743928711247,0.34375,0.3,0.0,,,,,
0.6181818181818182,0.6688560540599386,0.7236842105263158,0.9927098150782362,0.13014081481481482,0.24637777777777778,GunPoint,1,10,6.5,4,22,guide=gpf | walk=aligned | guard-shrink,0.852,1,150,1.7999999999999998,64,2.0,rf,4.863403428283139,0.3655327065987747,1.4693743928711247,0.34375,0.9,1.0,shrink,0.0,1.0,1.47,1.47
0.6181818181818182,0.6688560540599386,0.7236842105263158,0.9927098150782362,0.13014081481481482,0.24637777777777778,GunPoint,1,10,6.5,4,22,guide=gpf | walk=aligned | guard-trim,0.852,1,150,1.7999999999999998,64,2.0,rf,4.863403428283139,0.3655327065987747,1.4693743928711247,0.34375,1.4,1.0,trim,0.0,0.0,1.47,1.47
0.6428571428571429,0.6882472016116853,0.7368421052631579,0.992176386913229,0.14745029629629633,0.2514888888888889,GunPoint,1,10,6.5,4,22,guide=sig | walk=aligned,0.852,1,150,1.7999999999999998,64,2.0,rf,33.50092888904178,0.6507057198171279,10.289706089771505,0.34375,0.3,0.0,,,,,
0.7008547008547008,0.7344887229975191,0.7697368421052632,0.993954480796586,0.1288745185185185,0.24817777777777777,GunPoint,1,10,6.5,4,22,guide=sig | walk=aligned | guard-shrink,0.852,1,150,1.7999999999999998,64,2.0,rf,10.637508915695841,0.5483103740544455,2.0138636265690035,0.34375,0.9,1.0,shrink,1.0,0.402,10.29,2.01
0.5794392523364486,0.6386663736585051,0.7039473684210527,0.9827524893314367,0.1760513333333333,0.2816222222222223,GunPoint,1,10,6.5,4,22,guide=sig | walk=aligned | guard-trim,0.852,1,150,1.7999999999999998,64,2.0,rf,53.27197611972584,1.2645905018702657,1.1665050425857058,0.34375,1.5,1.0,trim,1.0,0.455,10.29,1.42
0.5098039215686274,0.5848976518656018,0.6710526315789473,0.9795519203413939,0.16896985185185187,0.2490888888888889,GunPoint,1,20,6.5,4,22,none,0.852,1,150,1.5999999999999999,64,2.0,rf,,,,,,,,,,,
0.9523809523809523,0.9532082534239031,0.9537695590327169,0.9979551920341393,0.058220370370370374,0.17073333333333335,GunPoint,1,20,6.5,4,22,SMOTE-raw,0.852,1,150,1.5999999999999999,64,2.0,rf,1.9311489216676918,0.1600194196396707,0.3613857778469105,,,,,,,,
0.8823529411764706,0.8885233166386386,0.8947368421052632,0.9905761024182076,0.08858355555555555,0.18306666666666666,GunPoint,1,20,6.5,4,22,guide=gpf | walk=aligned,0.852,1,150,1.5999999999999999,64,2.0,rf,4.579981004948285,0.2214408317827482,2.245241580047615,0.34375,0.1,0.0,,,,,
0.8740740740740741,0.8810878443570108,0.888157894736842,0.989775960170697,0.08791948148148147,0.17828888888888889,GunPoint,1,20,6.5,4,22,guide=gpf | walk=aligned | guard-shrink,0.852,1,150,1.5999999999999999,64,2.0,rf,4.231015013911396,0.21530698449286145,2.0001066597700707,0.34375,0.7,1.0,shrink,1.0,0.94,2.25,2.0
0.8823529411764706,0.8885233166386386,0.8947368421052632,0.9887091038406828,0.09493081481481482,0.18471111111111113,GunPoint,1,20,6.5,4,22,guide=gpf | walk=aligned | guard-trim,0.852,1,150,1.5999999999999999,64,2.0,rf,4.054889881024195,0.2138922507400095,1.7925864528868698,0.34375,1.3,1.0,trim,1.0,0.045,2.25,1.83
0.9142857142857143,0.9176629354822471,0.9210526315789473,0.9887091038406828,0.09990022222222222,0.1824222222222222,GunPoint,1,20,6.5,4,22,guide=sig | walk=aligned,0.852,1,150,1.5999999999999999,64,2.0,rf,13.893633423406069,0.546636019897365,2.6062031343889713,0.34375,0.3,0.0,,,,,
0.8985507246376812,0.9032106474595007,0.9078947368421053,0.9856863442389758,0.10063348148148148,0.18026666666666663,GunPoint,1,20,6.5,4,22,guide=sig | walk=aligned | guard-shrink,0.852,1,150,1.5999999999999999,64,2.0,rf,11.544522283948623,0.5247569377897374,2.0003096650357097,0.34375,0.9,1.0,shrink,1.0,0.867,2.61,2.0
0.8905109489051095,0.8958970805552212,0.9013157894736843,0.9899537695590327,0.09909407407407407,0.19742222222222225,GunPoint,1,20,6.5,4,22,guide=sig | walk=aligned | guard-trim,0.852,1,150,1.5999999999999999,64,2.0,rf,15.111979540036938,0.6313144887981474,1.8354880954680903,0.34375,1.5,1.0,trim,1.0,0.136,2.61,1.9
0.6181818181818182,0.6688560540599386,0.7236842105263158,0.8601529160739687,0.2436754814814815,0.2782,GunPoint,2,5,5.2,5,21,none,0.852,1,150,1.5999999999999999,64,2.0,rf,,,,,,,,,,,
0.6181818181818182,0.6688560540599386,0.7236842105263158,0.9445234708392602,0.184399037037037,0.22144444444444444,GunPoint,2,5,5.2,5,21,SMOTE-raw,0.852,1,150,1.5999999999999999,64,2.0,rf,2.9053573477549444,0.2594159380346093,0.5014371727406514,,,,,,,,
0.6126126126126126,0.6643213844587705,0.716927453769559,0.9791073968705547,0.14835414814814812,0.2120222222222222,GunPoint,2,5,5.2,5,21,guide=gpf | walk=aligned,0.852,1,150,1.5999999999999999,64,2.0,rf,7.792027050934355,0.4445456483261802,2.1747838134788777,0.65625,0.2,0.0,,,,,
0.6126126126126126,0.6643213844587705,0.716927453769559,0.9780405405405406,0.15023837037037038,0.21177777777777776,GunPoint,2,5,5.2,5,21,guide=gpf | walk=aligned | guard-shrink,0.852,1,150,1.5999999999999999,64,2.0,rf,7.331916160530457,0.4340481954727071,2.00143418135051,0.65625,0.8,1.0,shrink,1.0,0.949,2.17,2.0
0.6306306306306306,0.6786208925382962,0.7302631578947368,0.9826635846372689,0.1493137777777778,0.21124444444444446,GunPoint,2,5,5.2,5,21,guide=gpf | walk=aligned | guard-trim,0.852,1,150,1.5999999999999999,64,2.0,rf,6.922315161105483,0.41117677457168994,1.8851607813685227,0.65625,1.4,1.0,trim,1.0,0.095,2.17,1.93
0.625,0.674020019879027,0.7235064011379801,0.9684388335704124,0.14648414814814817,0.20684444444444444,GunPoint,2,5,5.2,5,21,guide=sig | walk=aligned,0.852,1,150,1.5999999999999999,64,2.0,rf,8.282415957903755,0.466595945255462,2.4270977628978567,0.328125,0.3,0.0,,,,,
0.6306306306306306,0.6786208925382962,0.7302631578947368,0.9649715504978663,0.15040948148148148,0.20613333333333336,GunPoint,2,5,5.2,5,21,guide=sig | walk=aligned | guard-shrink,0.852,1,150,1.5999999999999999,64,2.0,rf,7.195832356678424,0.43799496346675665,2.0031491919977475,0.328125,0.9,1.0,shrink,1.0,0.888,2.43,2.0
0.6306306306306306,0.6786208925382962,0.7302631578947368,0.9610597439544808,0.14939903703703702,0.20842222222222223,GunPoint,2,5,5.2,5,21,guide=sig | walk=aligned | guard-trim,0.852,1,150,1.5999999999999999,64,2.0,rf,7.51736632105727,0.44041990667627773,1.8163308478992557,0.328125,1.5,1.0,trim,1.0,0.048,2.43,1.79
0.4329896907216495,0.5256574830378469,0.6381578947368421,0.9490576102418207,0.22071451851851853,0.2669333333333333,GunPoint,2,10,6.5,4,22,none,0.852,1,150,1.5999999999999999,64,2.0,rf,,,,,,,,,,,
0.8125,0.8271701918685112,0.8421052631578947,0.9895981507823614,0.11041118518518518,0.1986,GunPoint,2,10,6.5,4,22,SMOTE-raw,0.852,1,150,1.5999999999999999,64,2.0,rf,2.0108058191921483,0.16119552689964578,0.3661128526980513,,,,,,,,
0.8396946564885496,0.8506963092234007,0.861842105263158,0.97475106685633,0.1144385925925926,0.1699333333333333,GunPoint,2,10,6.5,4,22,guide=gpf | walk=aligned,0.852,1,150,1.5999999999999999,64,2.0,rf,3.8960306236705424,0.26766373959217005,1.6826422354374169,0.22916666666666666,0.4,0.0,,,,,
0.8396946564885496,0.8506963092234007,0.861842105263158,0.97475106685633,0.1144385925925926,0.1699333333333333,GunPoint,2,10,6.5,4,22,guide=gpf | walk=aligned | guard-shrink,0.852,1,150,1.5999999999999999,64,2.0,rf,3.8960306236705424,0.26766373959217005,1.6826422354374169,0.22916666666666666,1.0,1.0,shrink,0.0,1.0,1.68,1.68
0.8396946564885496,0.8506963092234007,0.861842105263158,0.97475106685633,0.1144385925925926,0.1699333333333333,GunPoint,2,10,6.5,4,22,guide=gpf | walk=aligned | guard-trim,0.852,1,150,1.5999999999999999,64,2.0,rf,3.8960306236705424,0.26766373959217005,1.6826422354374169,0.22916666666666666,1.6,1.0,trim,0.0,0.0,1.68,1.68
0.8507462686567164,0.8601539774161745,0.8682432432432432,0.9695056899004267,0.10541103703703705,0.14491111111111107,GunPoint,2,10,6.5,4,22,guide=sig | walk=aligned,0.852,1,150,1.5999999999999999,64,2.0,rf,1.9837163129610307,0.12890891769073254,2.182304732859916,0.34375,0.2,0.0,,,,,
0.8592592592592593,0.8676663818619293,0.8748221906116643,0.9711948790896159,0.10453792592592594,0.15373333333333333,GunPoint,2,10,6.5,4,22,guide=sig | walk=aligned | guard-shrink,0.852,1,150,1.5999999999999999,64,2.0,rf,1.9518756098950902,0.1296775563123842,2.0000509897385323,0.34375,0.7,1.0,shrink,1.0,0.954,2.18,2.0
0.8507462686567164,0.8601539774161745,0.8682432432432432,0.9780405405405405,0.09533177777777778,0.14384444444444444,GunPoint,2,10,6.5,4,22,guide=sig | walk=aligned | guard-trim,0.852,1,150,1.5999999999999999,64,2.0,rf,1.946223600858497,0.13242742212246317,1.873736218925639,0.34375,1.3,1.0,trim,1.0,0.045,2.18,1.83
0.48,0.5619514869490163,0.6578947368421053,0.738620199146515,0.3036472592592593,0.3463555555555556,GunPoint,2,20,6.5,4,22,none,0.852,1,150,1.5999999999999999,64,2.0,rf,,,,,,,,,,,
0.5660377358490566,0.6282808624375432,0.6973684210526316,0.8158783783783784,0.2722971851851852,0.30435555555555555,GunPoint,2,20,6.5,4,22,SMOTE-raw,0.852,1,150,1.5999999999999999,64,2.0,rf,5.4152587257210545,0.4823736433173257,0.37460888875368725,,,,,,,,
0.6181818181818182,0.6688560540599386,0.7236842105263158,0.8549075391180654,0.2429991111111111,0.2847555555555556,GunPoint,2,20,6.5,4,22,guide=gpf | walk=aligned,0.852,1,150,1.5999999999999999,64,2.0,rf,8.695583664407378,0.5240421897550376,2.002777317073702,0.6875,0.1,0.0,,,,,
0.6181818181818182,0.6688560540599386,0.7236842105263158,0.8540184921763869,0.24304014814814814,0.2847111111111111,GunPoint,2,20,6.5,4,22,guide=gpf | walk=aligned | guard-shrink,0.852,1,150,1.5999999999999999,64,2.0,rf,8.689663564801192,0.5239571170617969,2.0000818080538263,0.6875,0.6,1.0,shrink,1.0,0.999,2.0,2.0
0.6181818181818182,0.6688560540599386,0.7236842105263158,0.8687766714082504,0.23878762962962963,0.2822,GunPoint,2,20,6.5,4,22,guide=gpf | walk=aligned | guard-trim,0.852,1,150,1.5999999999999999,64,2.0,rf,8.082450450185574,0.5213642951974412,1.7467039876189685,0.6875,1.2,1.0,trim,1.0,0.045,2.0,1.72
0.5794392523364486,0.6386663736585051,0.7039473684210527,0.7875177809388335,0.26949925925925927,0.30040000000000006,GunPoint,2,20,6.5,4,22,guide=sig | walk=aligned,0.852,1,150,1.5999999999999999,64,2.0,rf,13.799353960446881,0.7656313164623212,1.1209219239722106,0.6875,0.2,0.0,,,,,
0.5794392523364486,0.6386663736585051,0.7039473684210527,0.7875177809388335,0.26949925925925927,0.30040000000000006,GunPoint,2,20,6.5,4,22,guide=sig | walk=aligned | guard-shrink,0.852,1,150,1.5999999999999999,64,2.0,rf,13.799353960446881,0.7656313164623212,1.1209219239722106,0.6875,0.8,1.0,shrink,0.0,1.0,1.12,1.12
0.5794392523364486,0.6386663736585051,0.7039473684210527,0.7875177809388335,0.26949925925925927,0.30040000000000006,GunPoint,2,20,6.5,4,22,guide=sig | walk=aligned | guard-trim,0.852,1,150,1.5999999999999999,64,2.0,rf,13.799353960446881,0.7656313164623212,1.1209219239722106,0.6875,1.3,1.0,trim,0.0,0.0,1.12,1.12
0.7419354838709677,0.8335416406315084,0.8427083333333334,0.9730654761904762,0.04057644628099174,0.030041322314049587,OSULeaf,0,5,5.0,33,133,none,0.647,1,427,1.5999999999999999,64,2.0,rf,,,,,,,,,,,
0.735632183908046,0.9436504599035548,0.9452380952380952,0.984375,0.0692238751147842,0.123168044077135,OSULeaf,0,5,5.0,33,133,SMOTE-raw,0.647,1,427,1.5999999999999999,64,2.0,rf,1.4240326390635687,0.09372154162299062,0.8716777037807479,,,,,,,,
0.835820895522388,0.9196919774214263,0.9208333333333334,0.985639880952381,0.037767676767676776,0.05140495867768596,OSULeaf,0,5,5.0,33,133,guide=gpf | walk=aligned,0.647,1,427,1.5999999999999999,64,2.0,rf,3.7333910172774143,0.2510157247927468,0.773765611743901,0.27708333333333335,5.5,0.0,,,,,
0.835820895522388,0.9196919774214263,0.9208333333333334,0.985639880952381,0.037767676767676776,0.05140495867768596,OSULeaf,0,5,5.0,33,133,guide=gpf | walk=aligned | guard-shrink,0.647,1,427,1.5999999999999999,64,2.0,rf,3.7333910172774143,0.2510157247927468,0.773765611743901,0.27708333333333335,6.4,1.0,shrink,0.0,1.0,0.77,0.77
0.835820895522388,0.9196919774214263,0.9208333333333334,0.985639880952381,0.037767676767676776,0.05140495867768596,OSULeaf,0,5,5.0,33,133,guide=gpf | walk=aligned | guard-trim,0.647,1,427,1.5999999999999999,64,2.0,rf,3.7333910172774143,0.2510157247927468,0.773765611743901,0.27708333333333335,7.1,1.0,trim,0.0,0.0,0.77,0.77
0.8108108108108109,0.940174755792013,0.9401785714285714,0.9811755952380953,0.056089898989898995,0.10517906336088156,OSULeaf,0,5,5.0,33,133,guide=sig | walk=aligned,0.647,1,427,1.5999999999999999,64,2.0,rf,3.6379685564954976,0.2019449926187198,1.6285475549855408,0.13407258064516128,13.2,0.0,,,,,
0.8108108108108109,0.940174755792013,0.9401785714285714,0.9811755952380953,0.056089898989898995,0.10517906336088156,OSULeaf,0,5,5.0,33,133,guide=sig | walk=aligned | guard-shrink,0.647,1,427,1.5999999999999999,64,2.0,rf,3.6379685564954976,0.2019449926187198,1.6285475549855408,0.13407258064516128,14.0,1.0,shrink,0.0,1.0,1.63,1.63
0.8108108108108109,0.940174755792013,0.9401785714285714,0.9811755952380953,0.056089898989898995,0.10517906336088156,OSULeaf,0,5,5.0,33,133,guide=sig | walk=aligned | guard-trim,0.647,1,427,1.5999999999999999,64,2.0,rf,3.6379685564954976,0.2019449926187198,1.6285475549855408,0.13407258064516128,14.9,1.0,trim,0.0,0.0,1.63,1.63
0.7368421052631579,0.8023403267940606,0.8186011904761905,0.973735119047619,0.03998714416896235,0.03757575757575759,OSULeaf,0,10,9.8,17,149,none,0.647,1,427,1.7999999999999998,64,2.0,rf,,,,,,,,,,,
0.821917808219178,0.9425459443140463,0.9425595238095238,0.9851190476190476,0.05655665748393021,0.10013774104683194,OSULeaf,0,10,9.8,17,149,SMOTE-raw,0.647,1,427,1.7999999999999998,64,2.0,rf,1.537323870215829,0.09834416069168606,0.7847173444125377,,,,,,,,
0.8285714285714286,0.9313488681937152,0.9316964285714286,0.9820684523809524,0.03784086317722681,0.0497245179063361,OSULeaf,0,10,9.8,17,149,guide=gpf | walk=aligned,0.647,1,427,1.7999999999999998,64,2.0,rf,2.007678382870953,0.10918386336585428,1.7630643509711603,0.04901315789473684,35.8,0.0,,,,,
0.8285714285714286,0.9313488681937152,0.9316964285714286,0.9820684523809524,0.03784086317722681,0.0497245179063361,OSULeaf,0,10,9.8,17,149,guide=gpf | walk=aligned | guard-shrink,0.647,1,427,1.7999999999999998,64,2.0,rf,2.007678382870953,0.10918386336585428,1.7630643509711603,0.04901315789473684,36.6,1.0,shrink,0.0,1.0,1.76,1.76
0.8285714285714286,0.9313488681937152,0.9316964285714286,0.9820684523809524,0.03784086317722681,0.0497245179063361,OSULeaf,0,10,9.8,17,149,guide=gpf | walk=aligned | guard-trim,0.647,1,427,1.7999999999999998,64,2.0,rf,2.007678382870953,0.10918386336585428,1.7630643509711603,0.04901315789473684,37.4,1.0,trim,0.0,0.0,1.76,1.76
0.819672131147541,0.875425066821283,0.8811011904761905,0.9791666666666667,0.039672956841138654,0.054586776859504145,OSULeaf,0,10,9.8,17,149,guide=sig | walk=aligned,0.647,1,427,1.7999999999999998,64,2.0,rf,5.549168392369969,0.29033428416052487,1.3164467127737762,0.04901315789473684,42.7,0.0,,,,,
0.819672131147541,0.875425066821283,0.8811011904761905,0.9791666666666667,0.039672956841138654,0.054586776859504145,OSULeaf,0,10,9.8,17,149,guide=sig | walk=aligned | guard-shrink,0.647,1,427,1.7999999999999998,64,2.0,rf,5.549168392369969,0.29033428416052487,1.3164467127737762,0.04901315789473684,43.5,1.0,shrink,0.0,1.0,1.32,1.32
0.819672131147541,0.875425066821283,0.8811011904761905,0.9791666666666667,0.039672956841138654,0.054586776859504145,OSULeaf,0,10,9.8,17,149,guide=sig | walk=aligned | guard-trim,0.647,1,427,1.7999999999999998,64,2.0,rf,5.549168392369969,0.29033428416052487,1.3164467127737762,0.04901315789473684,44.2,1.0,trim,0.0,0.0,1.32,1.32
0.7058823529411765,0.7482121547872826,0.7788690476190476,0.975297619047619,0.04821198347107438,0.045440771349862255,OSULeaf,0,20,20.8,8,158,none,0.647,1,427,1.5999999999999999,64,2.0,rf,,,,,,,,,,,
0.4,0.5252550400927698,0.6311011904761905,0.9026041666666667,0.07809274563820018,0.025867768595041314,OSULeaf,0,20,20.8,8,158,SMOTE-raw,0.647,1,427,1.5999999999999999,64,2.0,rf,3.8214738000991115,0.23003893813458615,0.7208005210574239,,,,,,,,
0.6923076923076923,0.7464200272921789,0.7764880952380953,0.9755952380952382,0.04398691460055097,0.04048209366391184,OSULeaf,0,20,20.8,8,158,guide=gpf | walk=aligned,0.647,1,427,1.5999999999999999,64,2.0,rf,12.449015281888903,0.6558153718020191,0.7809463462049977,0.04888613861386139,40.9,0.0,,,,,
0.6923076923076923,0.7464200272921789,0.7764880952380953,0.9755952380952382,0.04398691460055097,0.04048209366391184,OSULeaf,0,20,20.8,8,158,guide=gpf | walk=aligned | guard-shrink,0.647,1,427,1.5999999999999999,64,2.0,rf,12.449015281888903,0.6558153718020191,0.7809463462049977,0.04888613861386139,41.5,1.0,shrink,0.0,1.0,0.78,0.78
0.6923076923076923,0.7464200272921789,0.7764880952380953,0.9755952380952382,0.04398691460055097,0.04048209366391184,OSULeaf,0,20,20.8,8,158,guide=gpf | walk=aligned | guard-trim,0.647,1,427,1.5999999999999999,64,2.0,rf,12.449015281888903,0.6558153718020191,0.7809463462049977,0.04888613861386139,42.2,1.0,trim,0.0,0.0,0.78,0.78
0.5306122448979592,0.6312779932501249,0.6936011904761905,0.9654761904761905,0.060000321395775935,0.056487603305785124,OSULeaf,0,20,20.8,8,158,guide=sig | walk=aligned,0.647,1,427,1.5999999999999999,64,2.0,rf,1.7421476933980333,0.10100095570137513,0.8746583400703349,0.04888613861386139,43.2,0.0,,,,,
0.5306122448979592,0.6312779932501249,0.6936011904761905,0.9654761904761905,0.060000321395775935,0.056487603305785124,OSULeaf,0,20,20.8,8,158,guide=sig | walk=aligned | guard-shrink,0.647,1,427,1.5999999999999999,64,2.0,rf,1.7421476933980333,0.10100095570137513,0.8746583400703349,0.04888613861386139,43.9,1.0,shrink,0.0,1.0,0.87,0.87
0.5306122448979592,0.6312779932501249,0.6936011904761905,0.9654761904761905,0.060000321395775935,0.056487603305785124,OSULeaf,0,20,20.8,8,158,guide=sig | walk=aligned | guard-trim,0.647,1,427,1.5999999999999999,64,2.0,rf,1.7421476933980333,0.10100095570137513,0.8746583400703349,0.04888613861386139,44.6,1.0,trim,0.0,0.0,0.87,0.87
0.7419354838709677,0.8335416406315084,0.8427083333333334,0.971577380952381,0.0402653810835629,0.034600550964187335,OSULeaf,1,5,5.0,33,133,none,0.647,1,427,1.7999999999999998,64,2.0,rf,,,,,,,,,,,
0.7294117647058823,0.9312689755177636,0.9319940476190476,0.9783482142857143,0.07141354453627181,0.1281955922865014,OSULeaf,1,5,5.0,33,133,SMOTE-raw,0.647,1,427,1.7999999999999998,64,2.0,rf,1.6131483093899224,0.10521472931161235,0.8621650785556778,,,,,,,,
0.8115942028985508,0.9151502608861564,0.9160714285714286,0.9841517857142857,0.038461845730027554,0.04761707988980716,OSULeaf,1,5,5.0,33,133,guide=gpf | walk=aligned,0.647,1,427,1.7999999999999998,64,2.0,rf,3.782774689288038,0.24366838419239034,1.0533361888325905,0.27708333333333335,5.9,0.0,,,,,
0.8115942028985508,0.9151502608861564,0.9160714285714286,0.9841517857142857,0.038461845730027554,0.04761707988980716,OSULeaf,1,5,5.0,33,133,guide=gpf | walk=aligned | guard-shrink,0.647,1,427,1.7999999999999998,64,2.0,rf,3.782774689288038,0.24366838419239034,1.0533361888325905,0.27708333333333335,6.6,1.0,shrink,0.0,1.0,1.05,1.05
0.8115942028985508,0.9151502608861564,0.9160714285714286,0.9841517857142857,0.038461845730027554,0.04761707988980716,OSULeaf,1,5,5.0,33,133,guide=gpf | walk=aligned | guard-trim,0.647,1,427,1.7999999999999998,64,2.0,rf,3.782774689288038,0.24366838419239034,1.0533361888325905,0.27708333333333335,7.4,1.0,trim,0.0,0.0,1.05,1.05
0.7945205479452054,0.9243723739458496,0.9245535714285714,0.9833333333333334,0.05392566574839302,0.1068457300275482,OSULeaf,1,5,5.0,33,133,guide=sig | walk=aligned,0.647,1,427,1.7999999999999998,64,2.0,rf,3.6739913174054184,0.21330995390803453,1.329556192862964,0.1298828125,13.6,0.0,,,,,
0.7945205479452054,0.9243723739458496,0.9245535714285714,0.9833333333333334,0.05392566574839302,0.1068457300275482,OSULeaf,1,5,5.0,33,133,guide=sig | walk=aligned | guard-shrink,0.647,1,427,1.7999999999999998,64,2.0,rf,3.6739913174054184,0.21330995390803453,1.329556192862964,0.1298828125,14.4,1.0,shrink,0.0,1.0,1.33,1.33
0.7945205479452054,0.9243723739458496,0.9245535714285714,0.9833333333333334,0.05392566574839302,0.1068457300275482,OSULeaf,1,5,5.0,33,133,guide=sig | walk=aligned | guard-trim,0.647,1,427,1.7999999999999998,64,2.0,rf,3.6739913174054184,0.21330995390803453,1.329556192862964,0.1298828125,15.2,1.0,trim,0.0,0.0,1.33,1.33
0.7368421052631579,0.8023403267940606,0.8186011904761905,0.9773065476190476,0.04307685950413223,0.044269972451790644,OSULeaf,1,10,9.8,17,149,none,0.647,1,427,1.7999999999999998,64,2.0,rf,,,,,,,,,,,
0.7714285714285715,0.8941775950159853,0.8956845238095238,0.9804315476190477,0.052775206611570244,0.09060606060606062,OSULeaf,1,10,9.8,17,149,SMOTE-raw,0.647,1,427,1.7999999999999998,64,2.0,rf,1.6205057117236983,0.10170497291208946,0.8092288622486151,,,,,,,,
0.835820895522388,0.9196919774214263,0.9208333333333334,0.9831845238095238,0.03559247015610652,0.036308539944903594,OSULeaf,1,10,9.8,17,149,guide=gpf | walk=aligned,0.647,1,427,1.7999999999999998,64,2.0,rf,2.8779330703072343,0.16783895930831783,2.3143628287176123,0.05609939759036144,32.5,0.0,,,,,
0.8656716417910447,0.9382734904371661,0.9388392857142858,0.9848214285714286,0.03554742883379247,0.045798898071625356,OSULeaf,1,10,9.8,17,149,guide=gpf | walk=aligned | guard-shrink,0.647,1,427,1.7999999999999998,64,2.0,rf,2.807532602097755,0.16799567329667942,2.0020266208742847,0.05609939759036144,33.3,1.0,shrink,1.0,0.915,2.31,2.0
0.8787878787878788,0.940570369003627,0.9412202380952381,0.9834077380952381,0.03620381083562902,0.04243801652892561,OSULeaf,1,10,9.8,17,149,guide=gpf | walk=aligned | guard-trim,0.647,1,427,1.7999999999999998,64,2.0,rf,2.8563608735604493,0.16894816845137017,1.4356225190523828,0.05609939759036144,34.0,1.0,trim,1.0,0.007,2.31,1.44
0.8709677419354839,0.9119739187999998,0.9147321428571429,0.9920386904761905,0.03363943985307622,0.06753443526170799,OSULeaf,1,10,9.8,17,149,guide=sig | walk=aligned,0.647,1,427,1.7999999999999998,64,2.0,rf,3.5142846071978973,0.18088302551779367,1.9895687791053998,0.04901315789473684,41.0,0.0,,,,,
0.8709677419354839,0.9119739187999998,0.9147321428571429,0.9920386904761905,0.03363943985307622,0.06753443526170799,OSULeaf,1,10,9.8,17,149,guide=sig | walk=aligned | guard-shrink,0.647,1,427,1.7999999999999998,64,2.0,rf,3.5142846071978973,0.18088302551779367,1.9895687791053998,0.04901315789473684,41.8,1.0,shrink,0.0,1.0,1.99,1.99
0.8709677419354839,0.9119739187999998,0.9147321428571429,0.9920386904761905,0.03363943985307622,0.06753443526170799,OSULeaf,1,10,9.8,17,149,guide=sig | walk=aligned | guard-trim,0.647,1,427,1.7999999999999998,64,2.0,rf,3.5142846071978973,0.18088302551779367,1.9895687791053998,0.04901315789473684,42.6,1.0,trim,0.0,0.0,1.99,1.99
0.7407407407407407,0.7867957924694432,0.8077380952380953,0.9796875,0.04315913682277319,0.036942148760330584,OSULeaf,1,20,20.8,8,158,none,0.647,1,427,1.5999999999999999,64,2.0,rf,,,,,,,,,,,
0.7142857142857143,0.7830039834478737,0.8029761904761905,0.975297619047619,0.059145592286501375,0.12428374655647381,OSULeaf,1,20,20.8,8,158,SMOTE-raw,0.647,1,427,1.5999999999999999,64,2.0,rf,3.115461087160135,0.1768311851172525,0.7268969489067695,,,,,,,,
0.6530612244897959,0.7054211845550484,0.7476190476190476,0.9820684523809524,0.04482759412304867,0.05128099173553719,OSULeaf,1,20,20.8,8,158,guide=gpf | walk=aligned,0.647,1,427,1.5999999999999999,64,2.0,rf,17.098145162770237,0.7601008353997375,0.46895807704836084,0.04888613861386139,39.7,0.0,,,,,
0.6530612244897959,0.7054211845550484,0.7476190476190476,0.9820684523809524,0.04482759412304867,0.05128099173553719,OSULeaf,1,20,20.8,8,158,guide=gpf | walk=aligned | guard-shrink,0.647,1,427,1.5999999999999999,64,2.0,rf,17.098145162770237,0.7601008353997375,0.46895807704836084,0.04888613861386139,40.4,1.0,shrink,0.0,1.0,0.47,0.47
0.6530612244897959,0.7054211845550484,0.7476190476190476,0.9820684523809524,0.04482759412304867,0.05128099173553719,OSULeaf,1,20,20.8,8,158,guide=gpf | walk=aligned | guard-trim,0.647,1,427,1.5999999999999999,64,2.0,rf,17.098145162770237,0.7601008353997375,0.46895807704836084,0.04888613861386139,41.1,1.0,trim,0.0,0.0,0.47,0.47
0.6545454545454545,0.7410176400445153,0.7693452380952381,0.959375,0.05051960514233242,0.04577134986225895,OSULeaf,1,20,20.8,8,158,guide=sig | walk=aligned,0.647,1,427,1.5999999999999999,64,2.0,rf,1.3231880547822001,0.06056581928889648,0.8671808322585594,0.04888613861386139,41.1,0.0,,,,,
0.6545454545454545,0.7410176400445153,0.7693452380952381,0.959375,0.05051960514233242,0.04577134986225895,OSULeaf,1,20,20.8,8,158,guide=sig | walk=aligned | guard-shrink,0.647,1,427,1.5999999999999999,64,2.0,rf,1.3231880547822001,0.06056581928889648,0.8671808322585594,0.04888613861386139,41.8,1.0,shrink,0.0,1.0,0.87,0.87
0.6545454545454545,0.7410176400445153,0.7693452380952381,0.959375,0.05051960514233242,0.04577134986225895,OSULeaf,1,20,20.8,8,158,guide=sig | walk=aligned | guard-trim,0.647,1,427,1.5999999999999999,64,2.0,rf,1.3231880547822001,0.06056581928889648,0.8671808322585594,0.04888613861386139,42.5,1.0,trim,0.0,0.0,0.87,0.87
0.7619047619047619,0.85146931829632,0.8583333333333334,0.9696428571428571,0.03986409550045914,0.03035812672176308,OSULeaf,2,5,5.0,33,133,none,0.647,1,427,1.5999999999999999,64,2.0,rf,,,,,,,,,,,
0.7045454545454546,0.9238087567498043,0.9248511904761905,0.9758928571428571,0.07102089072543617,0.13406336088154272,OSULeaf,2,5,5.0,33,133,SMOTE-raw,0.647,1,427,1.5999999999999999,64,2.0,rf,1.4929810584044798,0.10111250061671484,0.8325658443763291,,,,,,,,
0.835820895522388,0.9196919774214263,0.9208333333333334,0.9843005952380952,0.03765174471992654,0.0421900826446281,OSULeaf,2,5,5.0,33,133,guide=gpf | walk=aligned,0.647,1,427,1.5999999999999999,64,2.0,rf,4.3592585039794045,0.2880975831582011,0.6299048548056179,0.31971153846153844,5.2,0.0,,,,,
0.835820895522388,0.9196919774214263,0.9208333333333334,0.9843005952380952,0.03765174471992654,0.0421900826446281,OSULeaf,2,5,5.0,33,133,guide=gpf | walk=aligned | guard-shrink,0.647,1,427,1.5999999999999999,64,2.0,rf,4.3592585039794045,0.2880975831582011,0.6299048548056179,0.31971153846153844,6.0,1.0,shrink,0.0,1.0,0.63,0.63
0.835820895522388,0.9196919774214263,0.9208333333333334,0.9843005952380952,0.03765174471992654,0.0421900826446281,OSULeaf,2,5,5.0,33,133,guide=gpf | walk=aligned | guard-trim,0.647,1,427,1.5999999999999999,64,2.0,rf,4.3592585039794045,0.2880975831582011,0.6299048548056179,0.31971153846153844,6.8,1.0,trim,0.0,0.0,0.63,0.63
0.7792207792207793,0.9330250341152236,0.9330357142857143,0.9835565476190476,0.05366469237832875,0.088168044077135,OSULeaf,2,5,5.0,33,133,guide=sig | walk=aligned,0.647,1,427,1.5999999999999999,64,2.0,rf,2.8048512542594857,0.1599061461092547,1.5401883184102174,0.15393518518518517,11.4,0.0,,,,,
0.7792207792207793,0.9330250341152236,0.9330357142857143,0.9835565476190476,0.05366469237832875,0.088168044077135,OSULeaf,2,5,5.0,33,133,guide=sig | walk=aligned | guard-shrink,0.647,1,427,1.5999999999999999,64,2.0,rf,2.8048512542594857,0.1599061461092547,1.5401883184102174,0.15393518518518517,12.2,1.0,shrink,0.0,1.0,1.54,1.54
0.7792207792207793,0.9330250341152236,0.9330357142857143,0.9835565476190476,0.05366469237832875,0.088168044077135,OSULeaf,2,5,5.0,33,133,guide=sig | walk=aligned | guard-trim,0.647,1,427,1.5999999999999999,64,2.0,rf,2.8048512542594857,0.1599061461092547,1.5401883184102174,0.15393518518518517,13.0,1.0,trim,0.0,0.0,1.54,1.54
0.75,0.8042853971072706,0.8209821428571429,0.9695684523809524,0.04107314049586777,0.024889807162534434,OSULeaf,2,10,9.8,17,149,none,0.647,1,427,1.7999999999999998,64,2.0,rf,,,,,,,,,,,
0.8985507246376812,0.9700883612184142,0.9700892857142858,0.9916666666666668,0.05758406795224977,0.14527548209366395,OSULeaf,2,10,9.8,17,149,SMOTE-raw,0.647,1,427,1.7999999999999998,64,2.0,rf,2.754189576369072,0.16903677987991517,0.6930584828884577,,,,,,,,
0.8135593220338984,0.8598172563316663,0.8678571428571429,0.9837797619047619,0.0349848025711662,0.03508264462809918,OSULeaf,2,10,9.8,17,149,guide=gpf | walk=aligned,0.647,1,427,1.7999999999999998,64,2.0,rf,5.696842101895518,0.31576252786608566,0.8318856624046593,0.2586805555555556,7.2,0.0,,,,,
0.8135593220338984,0.8598172563316663,0.8678571428571429,0.9837797619047619,0.0349848025711662,0.03508264462809918,OSULeaf,2,10,9.8,17,149,guide=gpf | walk=aligned | guard-shrink,0.647,1,427,1.7999999999999998,64,2.0,rf,5.696842101895518,0.31576252786608566,0.8318856624046593,0.2586805555555556,7.9,1.0,shrink,0.0,1.0,0.83,0.83
0.8135593220338984,0.8598172563316663,0.8678571428571429,0.9837797619047619,0.0349848025711662,0.03508264462809918,OSULeaf,2,10,9.8,17,149,guide=gpf | walk=aligned | guard-trim,0.647,1,427,1.7999999999999998,64,2.0,rf,5.696842101895518,0.31576252786608566,0.8318856624046593,0.2586805555555556,8.7,1.0,trim,0.0,0.0,0.83,0.83
0.8571428571428571,0.9097684163723048,0.9123511904761905,0.986904761904762,0.040517171717171716,0.0874931129476584,OSULeaf,2,10,9.8,17,149,guide=sig | walk=aligned,0.647,1,427,1.7999999999999998,64,2.0,rf,6.373431815459844,0.302244154846403,2.0901337749570423,0.04901315789473684,39.2,0.0,,,,,
0.84375,0.9075575542552188,0.9099702380952381,0.9876488095238096,0.04134403122130395,0.09654269972451791,OSULeaf,2,10,9.8,17,149,guide=sig | walk=aligned | guard-shrink,0.647,1,427,1.7999999999999998,64,2.0,rf,6.377881223488069,0.30446839966451766,2.0001696447890276,0.04901315789473684,40.1,1.0,shrink,1.0,0.975,2.09,2.0
0.8571428571428571,0.9097684163723048,0.9123511904761905,0.9880952380952381,0.040345959595959595,0.08833333333333335,OSULeaf,2,10,9.8,17,149,guide=sig | walk=aligned | guard-trim,0.647,1,427,1.7999999999999998,64,2.0,rf,6.241788505430817,0.300764634818518,1.6133933659898754,0.04901315789473684,40.9,1.0,trim,1.0,0.007,2.09,1.61
0.68,0.7271315136171984,0.7632440476190476,0.9658482142857141,0.05117892561983471,0.05389807162534435,OSULeaf,2,20,20.8,8,158,none,0.647,1,427,1.5999999999999999,64,2.0,rf,,,,,,,,,,,
0.43902439024390244,0.5303300858899106,0.640625,0.9508184523809524,0.06668471074380165,0.05761707988980715,OSULeaf,2,20,20.8,8,158,SMOTE-raw,0.647,1,427,1.5999999999999999,64,2.0,rf,3.0788621389941735,0.1848803500276024,0.6867560906659086,,,,,,,,
0.7058823529411765,0.7482121547872826,0.7788690476190476,0.96875,0.04562433425160698,0.0481542699724518,OSULeaf,2,20,20.8,8,158,guide=gpf | walk=aligned,0.647,1,427,1.5999999999999999,64,2.0,rf,5.099824578939053,0.27035870089905056,1.160823144531993,0.04888613861386139,40.1,0.0,,,,,
0.7058823529411765,0.7482121547872826,0.7788690476190476,0.96875,0.04562433425160698,0.0481542699724518,OSULeaf,2,20,20.8,8,158,guide=gpf | walk=aligned | guard-shrink,0.647,1,427,1.5999999999999999,64,2.0,rf,5.099824578939053,0.27035870089905056,1.160823144531993,0.04888613861386139,40.9,1.0,shrink,0.0,1.0,1.16,1.16
0.7058823529411765,0.7482121547872826,0.7788690476190476,0.96875,0.04562433425160698,0.0481542699724518,OSULeaf,2,20,20.8,8,158,guide=gpf | walk=aligned | guard-trim,0.647,1,427,1.5999999999999999,64,2.0,rf,5.099824578939053,0.27035870089905056,1.160823144531993,0.04888613861386139,41.6,1.0,trim,0.0,0.0,1.16,1.16
0.6382978723404256,0.6846531968814576,0.734375,0.9651041666666668,0.051001790633608816,0.04778236914600552,OSULeaf,2,20,20.8,8,158,guide=sig | walk=aligned,0.647,1,427,1.5999999999999999,64,2.0,rf,9.237199156426552,0.5108889321087533,0.5279561669200304,0.04888613861386139,43.3,0.0,,,,,
0.6382978723404256,0.6846531968814576,0.734375,0.9651041666666668,0.051001790633608816,0.04778236914600552,OSULeaf,2,20,20.8,8,158,guide=sig | walk=aligned | guard-shrink,0.647,1,427,1.5999999999999999,64,2.0,rf,9.237199156426552,0.5108889321087533,0.5279561669200304,0.04888613861386139,44.0,1.0,shrink,0.0,1.0,0.53,0.53
0.6382978723404256,0.6846531968814576,0.734375,0.9651041666666668,0.051001790633608816,0.04778236914600552,OSULeaf,2,20,20.8,8,158,guide=sig | walk=aligned | guard-trim,0.647,1,427,1.5999999999999999,64,2.0,rf,9.237199156426552,0.5108889321087533,0.5279561669200304,0.04888613861386139,44.7,1.0,trim,0.0,0.0,0.53,0.53
0.0425531914893617,0.15221485181647873,0.5097691709172646,0.8390968559983861,0.042553986928104574,0.01268235294117647,Handwriting,0,5,14.0,10,130,none,0.218,3,152,1.7999999999999998,64,2.0,rf,,,,,,,,,,,
0.19672131147540983,0.3707560054287876,0.5623324976225469,0.8862280625918562,0.044474797385620914,0.05058039215686274,Handwriting,0,5,14.0,10,130,SMOTE-raw,0.218,3,152,1.7999999999999998,64,2.0,rf,1.3105499733367143,0.13312789159176752,0.5254716001120217,,,,,,,,
0.3283582089552239,0.5016901780809141,0.6198524538197747,0.857986801533097,0.04908149019607844,0.07159215686274509,Handwriting,0,5,14.0,10,130,guide=gpf | walk=aligned,0.218,3,152,1.7999999999999998,64,2.0,rf,2.9736799219986683,0.1956772742318239,1.4488304671541032,0.0655241935483871,8.5,0.0,,,,,
0.3283582089552239,0.5016901780809141,0.6198524538197747,0.857986801533097,0.04908149019607844,0.07159215686274509,Handwriting,0,5,14.0,10,130,guide=gpf | walk=aligned | guard-shrink,0.218,3,152,1.7999999999999998,64,2.0,rf,2.9736799219986683,0.1956772742318239,1.4488304671541032,0.0655241935483871,9.3,1.0,shrink,0.0,1.0,1.45,1.45
0.3283582089552239,0.5016901780809141,0.6198524538197747,0.857986801533097,0.04908149019607844,0.07159215686274509,Handwriting,0,5,14.0,10,130,guide=gpf | walk=aligned | guard-trim,0.218,3,152,1.7999999999999998,64,2.0,rf,2.9736799219986683,0.1956772742318239,1.4488304671541032,0.0655241935483871,10.1,1.0,trim,0.0,0.0,1.45,1.45
0.2891566265060241,0.5190250951202375,0.6221866804991211,0.8443560704302469,0.055657660130718954,0.08031764705882354,Handwriting,0,5,14.0,10,130,guide=sig | walk=aligned,0.218,3,152,1.7999999999999998,64,2.0,rf,1.890148442890899,0.13761736349922715,0.8599940862526472,0.23897058823529413,2.6,0.0,,,,,
0.2891566265060241,0.5190250951202375,0.6221866804991211,0.8443560704302469,0.055657660130718954,0.08031764705882354,Handwriting,0,5,14.0,10,130,guide=sig | walk=aligned | guard-shrink,0.218,3,152,1.7999999999999998,64,2.0,rf,1.890148442890899,0.13761736349922715,0.8599940862526472,0.23897058823529413,3.5,1.0,shrink,0.0,1.0,0.86,0.86
0.2891566265060241,0.5190250951202375,0.6221866804991211,0.8443560704302469,0.055657660130718954,0.08031764705882354,Handwriting,0,5,14.0,10,130,guide=sig | walk=aligned | guard-trim,0.218,3,152,1.7999999999999998,64,2.0,rf,1.890148442890899,0.13761736349922715,0.8599940862526472,0.23897058823529413,4.3,1.0,trim,0.0,0.0,0.86,0.86
0.0,0.0,0.49814126394052044,0.8507247629751304,0.04204938562091504,0.01556078431372549,Handwriting,0,10,14.0,10,130,none,0.218,3,152,1.7999999999999998,64,2.0,rf,,,,,,,,,,,
0.2033898305084746,0.3712220722443836,0.5635716549955333,0.8801763637935506,0.04561849673202614,0.051635294117647064,Handwriting,0,10,14.0,10,130,SMOTE-raw,0.218,3,152,1.7999999999999998,64,2.0,rf,1.2986029747646715,0.12989256903734347,0.5115003653938537,,,,,,,,
0.3235294117647059,0.5013741527405271,0.6192328751332814,0.8655802426443041,0.050868352941176476,0.08025490196078434,Handwriting,0,10,14.0,10,130,guide=gpf | walk=aligned,0.218,3,152,1.7999999999999998,64,2.0,rf,2.7506762630055945,0.1674213556233295,1.5768731945422485,0.07965686274509803,6.5,0.0,,,,,
0.3235294117647059,0.5013741527405271,0.6192328751332814,0.8655802426443041,0.050868352941176476,0.08025490196078434,Handwriting,0,10,14.0,10,130,guide=gpf | walk=aligned | guard-shrink,0.218,3,152,1.7999999999999998,64,2.0,rf,2.7506762630055945,0.1674213556233295,1.5768731945422485,0.07965686274509803,7.3,1.0,shrink,0.0,1.0,1.58,1.58
0.3235294117647059,0.5013741527405271,0.6192328751332814,0.8655802426443041,0.050868352941176476,0.08025490196078434,Handwriting,0,10,14.0,10,130,guide=gpf | walk=aligned | guard-trim,0.218,3,152,1.7999999999999998,64,2.0,rf,2.7506762630055945,0.1674213556233295,1.5768731945422485,0.07965686274509803,8.1,1.0,trim,0.0,0.0,1.58,1.58
0.21333333333333335,0.42486883843070467,0.5781533673381171,0.850465404455203,0.05126070588235294,0.06658039215686275,Handwriting,0,10,14.0,10,130,guide=sig | walk=aligned,0.218,3,152,1.7999999999999998,64,2.0,rf,1.9183805424331375,0.14379488209327695,0.8302828173665024,0.22569444444444445,2.5,0.0,,,,,
0.21333333333333335,0.42486883843070467,0.5781533673381171,0.850465404455203,0.05126070588235294,0.06658039215686275,Handwriting,0,10,14.0,10,130,guide=sig | walk=aligned | guard-shrink,0.218,3,152,1.7999999999999998,64,2.0,rf,1.9183805424331375,0.14379488209327695,0.8302828173665024,0.22569444444444445,3.3,1.0,shrink,0.0,1.0,0.83,0.83
0.21333333333333335,0.42486883843070467,0.5781533673381171,0.850465404455203,0.05126070588235294,0.06658039215686275,Handwriting,0,10,14.0,10,130,guide=sig | walk=aligned | guard-trim,0.218,3,152,1.7999999999999998,64,2.0,rf,1.9183805424331375,0.14379488209327695,0.8302828173665024,0.22569444444444445,4.1,1.0,trim,0.0,0.0,0.83,0.83
0.0425531914893617,0.15221485181647873,0.5097691709172646,0.7507852799631136,0.04326935947712418,0.02051764705882353,Handwriting,0,20,20.0,7,133,none,0.218,3,152,1.5999999999999999,64,2.0,rf,,,,,,,,,,,
0.2222222222222222,0.4002103132876757,0.5733408259127979,0.7468949021642028,0.04896147712418301,0.0325607843137255,Handwriting,0,20,20.0,7,133,SMOTE-raw,0.218,3,152,1.5999999999999999,64,2.0,rf,2.294175401163768,0.2043917084591792,0.5288964552075496,,,,,,,,
0.2545454545454545,0.4022214330540261,0.5782974554047434,0.7716348232039423,0.043893111111111105,0.022207843137254893,Handwriting,0,20,20.0,7,133,guide=gpf | walk=aligned,0.218,3,152,1.5999999999999999,64,2.0,rf,4.645871067258007,0.3498174503483915,0.4177416392607958,0.04889705882352941,10.8,0.0,,,,,
0.2545454545454545,0.4022214330540261,0.5782974554047434,0.7716348232039423,0.043893111111111105,0.022207843137254893,Handwriting,0,20,20.0,7,133,guide=gpf | walk=aligned | guard-shrink,0.218,3,152,1.5999999999999999,64,2.0,rf,4.645871067258007,0.3498174503483915,0.4177416392607958,0.04889705882352941,11.6,1.0,shrink,0.0,1.0,0.42,0.42
0.2545454545454545,0.4022214330540261,0.5782974554047434,0.7716348232039423,0.043893111111111105,0.022207843137254893,Handwriting,0,20,20.0,7,133,guide=gpf | walk=aligned | guard-trim,0.218,3,152,1.5999999999999999,64,2.0,rf,4.645871067258007,0.3498174503483915,0.4177416392607958,0.04889705882352941,12.4,1.0,trim,0.0,0.0,0.42,0.42
0.14035087719298245,0.3031015527524445,0.5403158410420449,0.8013601913489526,0.04951511111111111,0.03589019607843137,Handwriting,0,20,20.0,7,133,guide=sig | walk=aligned,0.218,3,152,1.5999999999999999,64,2.0,rf,3.1265675658944456,0.2418108117306068,0.6374898875462598,0.04889705882352941,13.0,0.0,,,,,
0.14035087719298245,0.3031015527524445,0.5403158410420449,0.8013601913489526,0.04951511111111111,0.03589019607843137,Handwriting,0,20,20.0,7,133,guide=sig | walk=aligned | guard-shrink,0.218,3,152,1.5999999999999999,64,2.0,rf,3.1265675658944456,0.2418108117306068,0.6374898875462598,0.04889705882352941,13.8,1.0,shrink,0.0,1.0,0.64,0.64
0.14035087719298245,0.3031015527524445,0.5403158410420449,0.8013601913489526,0.04951511111111111,0.03589019607843137,Handwriting,0,20,20.0,7,133,guide=sig | walk=aligned | guard-trim,0.218,3,152,1.5999999999999999,64,2.0,rf,3.1265675658944456,0.2418108117306068,0.6374898875462598,0.04889705882352941,14.6,1.0,trim,0.0,0.0,0.64,0.64
0.0425531914893617,0.15221485181647873,0.5097691709172646,0.8457681334831849,0.04244905882352941,0.019580392156862744,Handwriting,1,5,14.0,10,130,none,0.218,3,152,1.7999999999999998,64,2.0,rf,,,,,,,,,,,
0.2153846153846154,0.3997059522639935,0.5721016685398116,0.8844845969856776,0.04650959477124183,0.054619607843137255,Handwriting,1,5,14.0,10,130,SMOTE-raw,0.218,3,152,1.7999999999999998,64,2.0,rf,1.2490909964142283,0.12461308343940769,0.5506872061257249,,,,,,,,
0.4117647058823529,0.5666952292870892,0.6559753321229935,0.8627561165384283,0.04985639215686275,0.08014117647058824,Handwriting,1,5,14.0,10,130,guide=gpf | walk=aligned,0.218,3,152,1.7999999999999998,64,2.0,rf,2.720613294803128,0.1800543531415988,1.4673706283518793,0.06885593220338983,8.5,0.0,,,,,
0.4117647058823529,0.5666952292870892,0.6559753321229935,0.8627561165384283,0.04985639215686275,0.08014117647058824,Handwriting,1,5,14.0,10,130,guide=gpf | walk=aligned | guard-shrink,0.218,3,152,1.7999999999999998,64,2.0,rf,2.720613294803128,0.1800543531415988,1.4673706283518793,0.06885593220338983,9.3,1.0,shrink,0.0,1.0,1.47,1.47
0.4117647058823529,0.5666952292870892,0.6559753321229935,0.8627561165384283,0.04985639215686275,0.08014117647058824,Handwriting,1,5,14.0,10,130,guide=gpf | walk=aligned | guard-trim,0.218,3,152,1.7999999999999998,64,2.0,rf,2.720613294803128,0.1800543531415988,1.4673706283518793,0.06885593220338983,10.1,1.0,trim,0.0,0.0,1.47,1.47
0.2465753424657534,0.45150392762734676,0.5916400103743408,0.868721362496758,0.050583947712418295,0.0700549019607843,Handwriting,1,5,14.0,10,130,guide=sig | walk=aligned,0.218,3,152,1.7999999999999998,64,2.0,rf,1.8110483471126262,0.13780139584985895,0.786288008377442,0.25390625,1.9,0.0,,,,,
0.2465753424657534,0.45150392762734676,0.5916400103743408,0.868721362496758,0.050583947712418295,0.0700549019607843,Handwriting,1,5,14.0,10,130,guide=sig | walk=aligned | guard-shrink,0.218,3,152,1.7999999999999998,64,2.0,rf,1.8110483471126262,0.13780139584985895,0.786288008377442,0.25390625,2.7,1.0,shrink,0.0,1.0,0.79,0.79
0.2465753424657534,0.45150392762734676,0.5916400103743408,0.868721362496758,0.050583947712418295,0.0700549019607843,Handwriting,1,5,14.0,10,130,guide=sig | walk=aligned | guard-trim,0.218,3,152,1.7999999999999998,64,2.0,rf,1.8110483471126262,0.13780139584985895,0.786288008377442,0.25390625,3.5,1.0,trim,0.0,0.0,0.79,0.79
0.0425531914893617,0.15221485181647873,0.5097691709172646,0.8248609550157056,0.042388797385620916,0.018898039215686273,Handwriting,1,10,14.0,10,130,none,0.218,3,152,1.7999999999999998,64,2.0,rf,,,,,,,,,,,
0.2191780821917808,0.4254111090259168,0.5793925247111034,0.8738508976686551,0.048052,0.05807058823529411,Handwriting,1,10,14.0,10,130,SMOTE-raw,0.218,3,152,1.7999999999999998,64,2.0,rf,1.1593544724233968,0.11385502856812102,0.5700624987252846,,,,,,,,
0.3142857142857143,0.5007415037153656,0.6179937177602951,0.8512146624016599,0.05191737254901961,0.08278823529411763,Handwriting,1,10,14.0,10,130,guide=gpf | walk=aligned,0.218,3,152,1.7999999999999998,64,2.0,rf,2.6809225780551067,0.17057494399443374,1.41941390993935,0.08290816326530612,5.5,0.0,,,,,
0.3142857142857143,0.5007415037153656,0.6179937177602951,0.8512146624016599,0.05191737254901961,0.08278823529411763,Handwriting,1,10,14.0,10,130,guide=gpf | walk=aligned | guard-shrink,0.218,3,152,1.7999999999999998,64,2.0,rf,2.6809225780551067,0.17057494399443374,1.41941390993935,0.08290816326530612,6.3,1.0,shrink,0.0,1.0,1.42,1.42
0.3142857142857143,0.5007415037153656,0.6179937177602951,0.8512146624016599,0.05191737254901961,0.08278823529411763,Handwriting,1,10,14.0,10,130,guide=gpf | walk=aligned | guard-trim,0.218,3,152,1.7999999999999998,64,2.0,rf,2.6809225780551067,0.17057494399443374,1.41941390993935,0.08290816326530612,7.1,1.0,trim,0.0,0.0,1.42,1.42
0.2972972972972973,0.4994738016721337,0.6155154030143224,0.8605659779257082,0.05275354248366013,0.07408627450980393,Handwriting,1,10,14.0,10,130,guide=sig | walk=aligned,0.218,3,152,1.7999999999999998,64,2.0,rf,1.8510905696679014,0.13456110291576007,0.8930246011032568,0.23897058823529413,1.9,0.0,,,,,
0.2972972972972973,0.4994738016721337,0.6155154030143224,0.8605659779257082,0.05275354248366013,0.07408627450980393,Handwriting,1,10,14.0,10,130,guide=sig | walk=aligned | guard-shrink,0.218,3,152,1.7999999999999998,64,2.0,rf,1.8510905696679014,0.13456110291576007,0.8930246011032568,0.23897058823529413,2.7,1.0,shrink,0.0,1.0,0.89,0.89
0.2972972972972973,0.4994738016721337,0.6155154030143224,0.8605659779257082,0.05275354248366013,0.07408627450980393,Handwriting,1,10,14.0,10,130,guide=sig | walk=aligned | guard-trim,0.218,3,152,1.7999999999999998,64,2.0,rf,1.8510905696679014,0.13456110291576007,0.8930246011032568,0.23897058823529413,3.5,1.0,trim,0.0,0.0,0.89,0.89
0.0,0.0,0.4993804213135068,0.7769804904757788,0.042499620915032676,0.009815686274509803,Handwriting,1,20,20.0,7,133,none,0.218,3,152,1.7999999999999998,64,2.0,rf,,,,,,,,,,,
0.26229508196721313,0.42865032667885117,0.5868274689490216,0.8509697126883952,0.04511585620915033,0.03961176470588235,Handwriting,1,20,20.0,7,133,SMOTE-raw,0.218,3,152,1.7999999999999998,64,2.0,rf,1.8156383695364635,0.18339679898151284,0.48488751071810804,,,,,,,,
0.18518518518518517,0.3397271572419313,0.5544220627647618,0.8589089651595054,0.04071166013071895,0.033403921568627454,Handwriting,1,20,20.0,7,133,guide=gpf | walk=aligned,0.218,3,152,1.7999999999999998,64,2.0,rf,3.6196944707990273,0.21579001945963228,1.5227990373649496,0.04889705882352941,10.6,0.0,,,,,
0.18518518518518517,0.3397271572419313,0.5544220627647618,0.8589089651595054,0.04071166013071895,0.033403921568627454,Handwriting,1,20,20.0,7,133,guide=gpf | walk=aligned | guard-shrink,0.218,3,152,1.7999999999999998,64,2.0,rf,3.6196944707990273,0.21579001945963228,1.5227990373649496,0.04889705882352941,11.4,1.0,shrink,0.0,1.0,1.52,1.52
0.18518518518518517,0.3397271572419313,0.5544220627647618,0.8589089651595054,0.04071166013071895,0.033403921568627454,Handwriting,1,20,20.0,7,133,guide=gpf | walk=aligned | guard-trim,0.218,3,152,1.7999999999999998,64,2.0,rf,3.6196944707990273,0.21579001945963228,1.5227990373649496,0.04889705882352941,12.1,1.0,trim,0.0,0.0,1.52,1.52
0.21052631578947367,0.3716875546494899,0.5648108123685196,0.8370652142589551,0.04779371241830065,0.04918039215686275,Handwriting,1,20,20.0,7,133,guide=sig | walk=aligned,0.218,3,152,1.7999999999999998,64,2.0,rf,3.361374288543681,0.2554402188583267,0.6976386703248139,0.259765625,1.5,0.0,,,,,
0.21052631578947367,0.3716875546494899,0.5648108123685196,0.8370652142589551,0.04779371241830065,0.04918039215686275,Handwriting,1,20,20.0,7,133,guide=sig | walk=aligned | guard-shrink,0.218,3,152,1.7999999999999998,64,2.0,rf,3.361374288543681,0.2554402188583267,0.6976386703248139,0.259765625,2.3,1.0,shrink,0.0,1.0,0.7,0.7
0.21052631578947367,0.3716875546494899,0.5648108123685196,0.8370652142589551,0.04779371241830065,0.04918039215686275,Handwriting,1,20,20.0,7,133,guide=sig | walk=aligned | guard-trim,0.218,3,152,1.7999999999999998,64,2.0,rf,3.361374288543681,0.2554402188583267,0.6976386703248139,0.259765625,3.0,1.0,trim,0.0,0.0,0.7,0.7
0.0425531914893617,0.15221485181647873,0.5097691709172646,0.8568629146134118,0.04186794771241831,0.021380392156862747,Handwriting,2,5,14.0,10,130,none,0.218,3,152,1.7999999999999998,64,2.0,rf,,,,,,,,,,,
0.24242424242424243,0.4273036368074525,0.5837295755165557,0.8669778968905795,0.048278117647058826,0.05866666666666667,Handwriting,2,5,14.0,10,130,SMOTE-raw,0.218,3,152,1.7999999999999998,64,2.0,rf,1.3612092007428505,0.13486211173462748,0.5150531477857745,,,,,,,,
0.3188405797101449,0.5010579280778855,0.6186132964467883,0.8648742111178351,0.04996903267973857,0.0757372549019608,Handwriting,2,5,14.0,10,130,guide=gpf | walk=aligned,0.218,3,152,1.7999999999999998,64,2.0,rf,2.7593105720361386,0.17338034609286712,1.5299852702498686,0.06885593220338983,8.2,0.0,,,,,
0.3188405797101449,0.5010579280778855,0.6186132964467883,0.8648742111178351,0.04996903267973857,0.0757372549019608,Handwriting,2,5,14.0,10,130,guide=gpf | walk=aligned | guard-shrink,0.218,3,152,1.7999999999999998,64,2.0,rf,2.7593105720361386,0.17338034609286712,1.5299852702498686,0.06885593220338983,9.0,1.0,shrink,0.0,1.0,1.53,1.53
0.3188405797101449,0.5010579280778855,0.6186132964467883,0.8648742111178351,0.04996903267973857,0.0757372549019608,Handwriting,2,5,14.0,10,130,guide=gpf | walk=aligned | guard-trim,0.218,3,152,1.7999999999999998,64,2.0,rf,2.7593105720361386,0.17338034609286712,1.5299852702498686,0.06885593220338983,9.8,1.0,trim,0.0,0.0,1.53,1.53
0.16901408450704225,0.3684168274685554,0.5561367107576151,0.8441111207169822,0.053394771241830064,0.07263529411764708,Handwriting,2,5,14.0,10,130,guide=sig | walk=aligned,0.218,3,152,1.7999999999999998,64,2.0,rf,2.384601452721748,0.1754871642713719,0.8323578802821354,0.29017857142857145,1.5,0.0,,,,,
0.16901408450704225,0.3684168274685554,0.5561367107576151,0.8441111207169822,0.053394771241830064,0.07263529411764708,Handwriting,2,5,14.0,10,130,guide=sig | walk=aligned | guard-shrink,0.218,3,152,1.7999999999999998,64,2.0,rf,2.384601452721748,0.1754871642713719,0.8323578802821354,0.29017857142857145,2.5,1.0,shrink,0.0,1.0,0.83,0.83
0.16901408450704225,0.3684168274685554,0.5561367107576151,0.8441111207169822,0.053394771241830064,0.07263529411764708,Handwriting,2,5,14.0,10,130,guide=sig | walk=aligned | guard-trim,0.218,3,152,1.7999999999999998,64,2.0,rf,2.384601452721748,0.1754871642713719,0.8323578802821354,0.29017857142857145,3.3,1.0,trim,0.0,0.0,0.83,0.83
0.0425531914893617,0.15221485181647873,0.5097691709172646,0.8473098757960865,0.04282397385620915,0.019670588235294113,Handwriting,2,10,14.0,10,130,none,0.218,3,152,1.7999999999999998,64,2.0,rf,,,,,,,,,,,
0.21875,0.39995821227791123,0.5727212472263047,0.8818910117864038,0.04620912418300654,0.05112941176470589,Handwriting,2,10,14.0,10,130,SMOTE-raw,0.218,3,152,1.7999999999999998,64,2.0,rf,1.404498019824615,0.13853620287900625,0.5035971705181498,,,,,,,,
0.35294117647058826,0.5239983012979329,0.6314803607965188,0.8611135125788882,0.04877562091503268,0.07007450980392156,Handwriting,2,10,14.0,10,130,guide=gpf | walk=aligned,0.218,3,152,1.7999999999999998,64,2.0,rf,2.995094759007122,0.1884967424628028,1.6947224658999138,0.07665094339622641,6.6,0.0,,,,,
0.35294117647058826,0.5239983012979329,0.6314803607965188,0.8611135125788882,0.04877562091503268,0.07007450980392156,Handwriting,2,10,14.0,10,130,guide=gpf | walk=aligned | guard-shrink,0.218,3,152,1.7999999999999998,64,2.0,rf,2.995094759007122,0.1884967424628028,1.6947224658999138,0.07665094339622641,7.4,1.0,shrink,0.0,1.0,1.69,1.69
0.35294117647058826,0.5239983012979329,0.6314803607965188,0.8611135125788882,0.04877562091503268,0.07007450980392156,Handwriting,2,10,14.0,10,130,guide=gpf | walk=aligned | guard-trim,0.218,3,152,1.7999999999999998,64,2.0,rf,2.995094759007122,0.1884967424628028,1.6947224658999138,0.07665094339622641,8.1,1.0,trim,0.0,0.0,1.69,1.69
0.3333333333333333,0.5422948865555743,0.6375320595948244,0.8624391227918504,0.05280149019607843,0.08467450980392155,Handwriting,2,10,14.0,10,130,guide=sig | walk=aligned,0.218,3,152,1.7999999999999998,64,2.0,rf,1.9275001091015085,0.14295536794836372,0.8545866114177404,0.23897058823529413,1.9,0.0,,,,,
0.3333333333333333,0.5422948865555743,0.6375320595948244,0.8624391227918504,0.05280149019607843,0.08467450980392155,Handwriting,2,10,14.0,10,130,guide=sig | walk=aligned | guard-shrink,0.218,3,152,1.7999999999999998,64,2.0,rf,1.9275001091015085,0.14295536794836372,0.8545866114177404,0.23897058823529413,2.7,1.0,shrink,0.0,1.0,0.85,0.85
0.3333333333333333,0.5422948865555743,0.6375320595948244,0.8624391227918504,0.05280149019607843,0.08467450980392155,Handwriting,2,10,14.0,10,130,guide=sig | walk=aligned | guard-trim,0.218,3,152,1.7999999999999998,64,2.0,rf,1.9275001091015085,0.14295536794836372,0.8545866114177404,0.23897058823529413,3.5,1.0,trim,0.0,0.0,0.85,0.85
0.0,0.0,0.4993804213135068,0.8720209792225008,0.039926366013071896,0.012137254901960784,Handwriting,2,20,20.0,7,133,none,0.218,3,152,1.4,64,2.0,rf,,,,,,,,,,,
0.24561403508771928,0.40171959700950693,0.577058298031757,0.8542981470274632,0.04325288888888888,0.02151372549019608,Handwriting,2,20,20.0,7,133,SMOTE-raw,0.218,3,152,1.4,64,2.0,rf,1.8552741308144736,0.19822441337819136,0.5119339881565222,,,,,,,,
0.2962962962962963,0.43052861566695033,0.5911645197544739,0.8767326590011815,0.0414002614379085,0.030031372549019615,Handwriting,2,20,20.0,7,133,guide=gpf | walk=aligned,0.218,3,152,1.4,64,2.0,rf,2.533983492478841,0.21812367315913628,0.6748493446358708,0.06597222222222222,8.7,0.0,,,,,
0.2962962962962963,0.43052861566695033,0.5911645197544739,0.8767326590011815,0.0414002614379085,0.030031372549019615,Handwriting,2,20,20.0,7,133,guide=gpf | walk=aligned | guard-shrink,0.218,3,152,1.4,64,2.0,rf,2.533983492478841,0.21812367315913628,0.6748493446358708,0.06597222222222222,9.5,1.0,shrink,0.0,1.0,0.67,0.67
0.2962962962962963,0.43052861566695033,0.5911645197544739,0.8767326590011815,0.0414002614379085,0.030031372549019615,Handwriting,2,20,20.0,7,133,guide=gpf | walk=aligned | guard-trim,0.218,3,152,1.4,64,2.0,rf,2.533983492478841,0.21812367315913628,0.6748493446358708,0.06597222222222222,10.2,1.0,trim,0.0,0.0,0.67,0.67
0.21428571428571427,0.37192007738393085,0.5654303910550128,0.8279732572548342,0.046335908496732026,0.03049019607843137,Handwriting,2,20,20.0,7,133,guide=sig | walk=aligned,0.218,3,152,1.4,64,2.0,rf,2.943442190763287,0.2124807466986628,1.0051874266444225,0.31971153846153844,2.0,0.0,,,,,
0.21428571428571427,0.37192007738393085,0.5654303910550128,0.8279732572548342,0.046335908496732026,0.03049019607843137,Handwriting,2,20,20.0,7,133,guide=sig | walk=aligned | guard-shrink,0.218,3,152,1.4,64,2.0,rf,2.943442190763287,0.2124807466986628,1.0051874266444225,0.31971153846153844,2.8,1.0,shrink,0.0,1.0,1.01,1.01
0.21428571428571427,0.37192007738393085,0.5654303910550128,0.8279732572548342,0.046335908496732026,0.03049019607843137,Handwriting,2,20,20.0,7,133,guide=sig | walk=aligned | guard-trim,0.218,3,152,1.4,64,2.0,rf,2.943442190763287,0.2124807466986628,1.0051874266444225,0.31971153846153844,3.6,1.0,trim,0.0,0.0,1.01,1.01
0.0,0.0,0.5,0.42424242424242425,0.3079975975975976,0.24324324324324328,HandMovementDirection,0,5,5.0,24,96,none,0.243,10,400,1.5999999999999999,64,2.0,rf,,,,,,,,,,,
0.17142857142857143,0.30895719032666236,0.5272727272727273,0.496969696969697,0.28133783783783783,0.18,HandMovementDirection,0,5,5.0,24,96,SMOTE-raw,0.243,10,400,1.5999999999999999,64,2.0,rf,4.224201673833933,0.2850975857280761,0.5855520422997217,,,,,,,,
0.15789473684210525,0.29771859806932394,0.49318181818181817,0.44659090909090904,0.2948004504504505,0.2068918918918919,HandMovementDirection,0,5,5.0,24,96,guide=gpf | walk=aligned,0.243,10,400,1.5999999999999999,64,2.0,rf,6.614298675077611,0.3782399070324906,0.9261582643766679,0.75,3.4,0.0,,,,,
0.15789473684210525,0.29771859806932394,0.49318181818181817,0.44659090909090904,0.2948004504504505,0.2068918918918919,HandMovementDirection,0,5,5.0,24,96,guide=gpf | walk=aligned | guard-shrink,0.243,10,400,1.5999999999999999,64,2.0,rf,6.614298675077611,0.3782399070324906,0.9261582643766679,0.75,4.4,1.0,shrink,0.0,1.0,0.93,0.93
0.15789473684210525,0.29771859806932394,0.49318181818181817,0.44659090909090904,0.2948004504504505,0.2068918918918919,HandMovementDirection,0,5,5.0,24,96,guide=gpf | walk=aligned | guard-trim,0.243,10,400,1.5999999999999999,64,2.0,rf,6.614298675077611,0.3782399070324906,0.9261582643766679,0.75,5.4,1.0,trim,0.0,0.0,0.93,0.93
0.1111111111111111,0.24618298195866545,0.48787878787878786,0.46022727272727265,0.28093663663663665,0.21927927927927926,HandMovementDirection,0,5,5.0,24,96,guide=sig | walk=aligned,0.243,10,400,1.5999999999999999,64,2.0,rf,5.672483495696548,0.3278503145781302,1.2573250254244253,0.17647058823529413,13.1,0.0,,,,,
0.1111111111111111,0.24618298195866545,0.48787878787878786,0.46022727272727265,0.28093663663663665,0.21927927927927926,HandMovementDirection,0,5,5.0,24,96,guide=sig | walk=aligned | guard-shrink,0.243,10,400,1.5999999999999999,64,2.0,rf,5.672483495696548,0.3278503145781302,1.2573250254244253,0.17647058823529413,14.2,1.0,shrink,0.0,1.0,1.26,1.26
0.1111111111111111,0.24618298195866545,0.48787878787878786,0.46022727272727265,0.28093663663663665,0.21927927927927926,HandMovementDirection,0,5,5.0,24,96,guide=sig | walk=aligned | guard-trim,0.243,10,400,1.5999999999999999,64,2.0,rf,5.672483495696548,0.3278503145781302,1.2573250254244253,0.17647058823529413,15.3,1.0,trim,0.0,0.0,1.26,1.26
0.0,0.0,0.5,0.471969696969697,0.35258123123123125,0.35968468468468473,HandMovementDirection,0,10,10.0,12,108,none,0.243,10,400,2.0,64,2.0,rf,,,,,,,,,,,
0.05714285714285714,0.17407765595569782,0.4712121212121212,0.5950757575757576,0.29791936936936936,0.2682432432432432,HandMovementDirection,0,10,10.0,12,108,SMOTE-raw,0.243,10,400,2.0,64,2.0,rf,3.9678659005262187,0.25069903111612213,0.5629596267939421,,,,,,,,
0.0,0.0,0.4659090909090909,0.4992424242424242,0.32672627627627626,0.321036036036036,HandMovementDirection,0,10,10.0,12,108,guide=gpf | walk=aligned,0.243,10,400,2.0,64,2.0,rf,6.694694688093284,0.328903498472503,1.635036089558709,0.05113636363636364,52.3,0.0,,,,,
0.0,0.0,0.4659090909090909,0.4992424242424242,0.32672627627627626,0.321036036036036,HandMovementDirection,0,10,10.0,12,108,guide=gpf | walk=aligned | guard-shrink,0.243,10,400,2.0,64,2.0,rf,6.694694688093284,0.328903498472503,1.635036089558709,0.05113636363636364,53.3,1.0,shrink,0.0,1.0,1.64,1.64
0.0,0.0,0.4659090909090909,0.4992424242424242,0.32672627627627626,0.321036036036036,HandMovementDirection,0,10,10.0,12,108,guide=gpf | walk=aligned | guard-trim,0.243,10,400,2.0,64,2.0,rf,6.694694688093284,0.328903498472503,1.635036089558709,0.05113636363636364,54.3,1.0,trim,0.0,0.0,1.64,1.64
0.0,0.0,0.4659090909090909,0.44469696969696965,0.3463022522522523,0.3594144144144144,HandMovementDirection,0,10,10.0,12,108,guide=sig | walk=aligned,0.243,10,400,2.0,64,2.0,rf,5.450436191151562,0.23426736639613166,2.350792195240276,0.048214285714285716,52.9,0.0,,,,,
0.0,0.0,0.4659090909090909,0.4787878787878788,0.33690450450450454,0.31783783783783776,HandMovementDirection,0,10,10.0,12,108,guide=sig | walk=aligned | guard-shrink,0.243,10,400,2.0,64,2.0,rf,4.546575872898751,0.2211612796786252,1.865871511779049,0.048214285714285716,54.0,1.0,shrink,1.0,0.922,2.35,1.87
0.0,0.0,0.4772727272727273,0.47765151515151516,0.3370954954954955,0.34990990990990994,HandMovementDirection,0,10,10.0,12,108,guide=sig | walk=aligned | guard-trim,0.243,10,400,2.0,64,2.0,rf,5.105607431781445,0.23417175859424022,1.9455794172831804,0.048214285714285716,55.1,1.0,trim,1.0,0.065,2.35,1.97
0.0,0.0,0.5,0.35833333333333334,0.37944744744744746,0.3177477477477478,HandMovementDirection,0,20,20.0,6,114,none,0.243,10,400,1.5999999999999999,64,2.0,rf,,,,,,,,,,,
0.0,0.0,0.5,0.4318181818181818,0.34931081081081083,0.324054054054054,HandMovementDirection,0,20,20.0,6,114,SMOTE-raw,0.243,10,400,1.5999999999999999,64,2.0,rf,4.18639734556027,0.26294222934652134,0.550173274795535,,,,,,,,
0.0,0.0,0.5,0.35454545454545455,0.35144144144144146,0.3015315315315315,HandMovementDirection,0,20,20.0,6,114,guide=gpf | walk=aligned,0.243,10,400,1.5999999999999999,64,2.0,rf,10.591048959711626,0.4492675650704614,1.5176543086742984,0.0488013698630137,56.9,0.0,,,,,
0.0,0.0,0.5,0.35454545454545455,0.35144144144144146,0.3015315315315315,HandMovementDirection,0,20,20.0,6,114,guide=gpf | walk=aligned | guard-shrink,0.243,10,400,1.5999999999999999,64,2.0,rf,10.591048959711626,0.4492675650704614,1.5176543086742984,0.0488013698630137,58.0,1.0,shrink,0.0,1.0,1.52,1.52
0.0,0.0,0.5,0.35454545454545455,0.35144144144144146,0.3015315315315315,HandMovementDirection,0,20,20.0,6,114,guide=gpf | walk=aligned | guard-trim,0.243,10,400,1.5999999999999999,64,2.0,rf,10.591048959711626,0.4492675650704614,1.5176543086742984,0.0488013698630137,59.0,1.0,trim,0.0,0.0,1.52,1.52
0.0,0.0,0.5,0.4011363636363637,0.36105930930930924,0.2984234234234234,HandMovementDirection,0,20,20.0,6,114,guide=sig | walk=aligned,0.243,10,400,1.5999999999999999,64,2.0,rf,14.097913181918718,0.475963882574167,2.6616518939630978,0.0488013698630137,54.6,0.0,,,,,
0.0,0.0,0.5,0.4018939393939394,0.35722507507507506,0.3017567567567568,HandMovementDirection,0,20,20.0,6,114,guide=sig | walk=aligned | guard-shrink,0.243,10,400,1.5999999999999999,64,2.0,rf,9.52757536297405,0.4114668609912516,1.6667638505797027,0.0488013698630137,55.8,1.0,shrink,1.0,0.867,2.66,1.67
0.0,0.0,0.5,0.3833333333333333,0.36702987987987984,0.3262612612612613,HandMovementDirection,0,20,20.0,6,114,guide=sig | walk=aligned | guard-trim,0.243,10,400,1.5999999999999999,64,2.0,rf,13.852981555106043,0.49997334651877545,1.9786957425803924,0.0488013698630137,56.8,1.0,trim,1.0,0.351,2.66,1.99
0.058823529411764705,0.17624019422539816,0.48257575757575755,0.4818181818181818,0.3310521021021021,0.3056306306306306,HandMovementDirection,1,5,5.0,24,96,none,0.243,10,400,1.5999999999999999,64,2.0,rf,,,,,,,,,,,
0.3333333333333333,0.4547726704829368,0.5598484848484848,0.5685606060606061,0.2545015015015015,0.15189189189189187,HandMovementDirection,1,5,5.0,24,96,SMOTE-raw,0.243,10,400,1.5999999999999999,64,2.0,rf,1.2104621556944846,0.1016583776346488,0.5317067606913236,,,,,,,,
0.19047619047619047,0.3302891295379082,0.47575757575757577,0.5125,0.2952552552552552,0.26801801801801806,HandMovementDirection,1,5,5.0,24,96,guide=gpf | walk=aligned,0.243,10,400,1.5999999999999999,64,2.0,rf,3.2527391361801605,0.21131594591718805,0.6714754765604002,0.15,15.7,0.0,,,,,
0.19047619047619047,0.3302891295379082,0.47575757575757577,0.5125,0.2952552552552552,0.26801801801801806,HandMovementDirection,1,5,5.0,24,96,guide=gpf | walk=aligned | guard-shrink,0.243,10,400,1.5999999999999999,64,2.0,rf,3.2527391361801605,0.21131594591718805,0.6714754765604002,0.15,16.7,1.0,shrink,0.0,1.0,0.67,0.67
0.19047619047619047,0.3302891295379082,0.47575757575757577,0.5125,0.2952552552552552,0.26801801801801806,HandMovementDirection,1,5,5.0,24,96,guide=gpf | walk=aligned | guard-trim,0.243,10,400,1.5999999999999999,64,2.0,rf,3.2527391361801605,0.21131594591718805,0.6714754765604002,0.15,17.8,1.0,trim,0.0,0.0,0.67,0.67
0.34146341463414637,0.4605661864718383,0.5712121212121212,0.5238636363636364,0.2946471471471472,0.2606306306306306,HandMovementDirection,1,5,5.0,24,96,guide=sig | walk=aligned,0.243,10,400,1.5999999999999999,64,2.0,rf,4.25128855086176,0.22401189602875116,1.2344064399113794,0.1,22.8,0.0,,,,,
0.34146341463414637,0.4605661864718383,0.5712121212121212,0.5238636363636364,0.2946471471471472,0.2606306306306306,HandMovementDirection,1,5,5.0,24,96,guide=sig | walk=aligned | guard-shrink,0.243,10,400,1.5999999999999999,64,2.0,rf,4.25128855086176,0.22401189602875116,1.2344064399113794,0.1,23.7,1.0,shrink,0.0,1.0,1.23,1.23
0.34146341463414637,0.4605661864718383,0.5712121212121212,0.5238636363636364,0.2946471471471472,0.2606306306306306,HandMovementDirection,1,5,5.0,24,96,guide=sig | walk=aligned | guard-trim,0.243,10,400,1.5999999999999999,64,2.0,rf,4.25128855086176,0.22401189602875116,1.2344064399113794,0.1,24.8,1.0,trim,0.0,0.0,1.23,1.23
0.0,0.0,0.5,0.41098484848484845,0.35363093093093095,0.33072072072072073,HandMovementDirection,1,10,10.0,12,108,none,0.243,10,400,1.7999999999999998,64,2.0,rf,,,,,,,,,,,
0.0,0.0,0.5,0.4075757575757576,0.3311388888888889,0.2477927927927928,HandMovementDirection,1,10,10.0,12,108,SMOTE-raw,0.243,10,400,1.7999999999999998,64,2.0,rf,4.78587107614462,0.3266604685079451,0.5841024125113151,,,,,,,,
0.06060606060606061,0.17837651700316892,0.49393939393939396,0.4526515151515151,0.3061686186186186,0.2431081081081081,HandMovementDirection,1,10,10.0,12,108,guide=gpf | walk=aligned,0.243,10,400,1.7999999999999998,64,2.0,rf,4.498229165306572,0.2779564164945566,1.0867429453109503,0.048214285714285716,50.6,0.0,,,,,
0.06060606060606061,0.17837651700316892,0.49393939393939396,0.4526515151515151,0.3061686186186186,0.2431081081081081,HandMovementDirection,1,10,10.0,12,108,guide=gpf | walk=aligned | guard-shrink,0.243,10,400,1.7999999999999998,64,2.0,rf,4.498229165306572,0.2779564164945566,1.0867429453109503,0.048214285714285716,51.7,1.0,shrink,0.0,1.0,1.09,1.09
0.06060606060606061,0.17837651700316892,0.49393939393939396,0.4526515151515151,0.3061686186186186,0.2431081081081081,HandMovementDirection,1,10,10.0,12,108,guide=gpf | walk=aligned | guard-trim,0.243,10,400,1.7999999999999998,64,2.0,rf,4.498229165306572,0.2779564164945566,1.0867429453109503,0.048214285714285716,52.7,1.0,trim,0.0,0.0,1.09,1.09
0.0625,0.18048755518250442,0.5053030303030304,0.45719696969696966,0.3204312312312312,0.3028828828828829,HandMovementDirection,1,10,10.0,12,108,guide=sig | walk=aligned,0.243,10,400,1.7999999999999998,64,2.0,rf,3.82398524930594,0.202528358477311,1.982372888494952,0.048214285714285716,48.5,0.0,,,,,
0.0625,0.18048755518250442,0.5053030303030304,0.45719696969696966,0.3204312312312312,0.3028828828828829,HandMovementDirection,1,10,10.0,12,108,guide=sig | walk=aligned | guard-shrink,0.243,10,400,1.7999999999999998,64,2.0,rf,3.82398524930594,0.202528358477311,1.982372888494952,0.048214285714285716,49.5,1.0,shrink,0.0,1.0,1.98,1.98
0.0625,0.18048755518250442,0.5053030303030304,0.45719696969696966,0.3204312312312312,0.3028828828828829,HandMovementDirection,1,10,10.0,12,108,guide=sig | walk=aligned | guard-trim,0.243,10,400,1.7999999999999998,64,2.0,rf,3.82398524930594,0.202528358477311,1.982372888494952,0.048214285714285716,50.6,1.0,trim,0.0,0.0,1.98,1.98
0.0,0.0,0.5,0.42840909090909085,0.3730187687687687,0.31463963963963965,HandMovementDirection,1,20,20.0,6,114,none,0.243,10,400,1.5999999999999999,64,2.0,rf,,,,,,,,,,,
0.0,0.0,0.48863636363636365,0.49166666666666664,0.35739789789789794,0.31621621621621626,HandMovementDirection,1,20,20.0,6,114,SMOTE-raw,0.243,10,400,1.5999999999999999,64,2.0,rf,8.237088011660717,0.4742205669521378,0.6172872658471487,,,,,,,,
0.06451612903225806,0.18257418583505536,0.5166666666666667,0.4477272727272727,0.35905735735735733,0.37459459459459465,HandMovementDirection,1,20,20.0,6,114,guide=gpf | walk=aligned,0.243,10,400,1.5999999999999999,64,2.0,rf,9.908905636108322,0.47459498595988414,1.5669526475822217,0.0488013698630137,52.2,0.0,,,,,
0.06451612903225806,0.18257418583505536,0.5166666666666667,0.4477272727272727,0.35905735735735733,0.37459459459459465,HandMovementDirection,1,20,20.0,6,114,guide=gpf | walk=aligned | guard-shrink,0.243,10,400,1.5999999999999999,64,2.0,rf,9.908905636108322,0.47459498595988414,1.5669526475822217,0.0488013698630137,53.3,1.0,shrink,0.0,1.0,1.57,1.57
0.06451612903225806,0.18257418583505536,0.5166666666666667,0.4477272727272727,0.35905735735735733,0.37459459459459465,HandMovementDirection,1,20,20.0,6,114,guide=gpf | walk=aligned | guard-trim,0.243,10,400,1.5999999999999999,64,2.0,rf,9.908905636108322,0.47459498595988414,1.5669526475822217,0.0488013698630137,54.4,1.0,trim,0.0,0.0,1.57,1.57
0.0,0.0,0.5,0.5132575757575758,0.36608228228228235,0.3603603603603604,HandMovementDirection,1,20,20.0,6,114,guide=sig | walk=aligned,0.243,10,400,1.5999999999999999,64,2.0,rf,14.784863980350735,0.6985492489688185,0.7917260384663386,0.0488013698630137,51.6,0.0,,,,,
0.0,0.0,0.5,0.5132575757575758,0.36608228228228235,0.3603603603603604,HandMovementDirection,1,20,20.0,6,114,guide=sig | walk=aligned | guard-shrink,0.243,10,400,1.5999999999999999,64,2.0,rf,14.784863980350735,0.6985492489688185,0.7917260384663386,0.0488013698630137,52.6,1.0,shrink,0.0,1.0,0.79,0.79
0.0,0.0,0.5,0.5132575757575758,0.36608228228228235,0.3603603603603604,HandMovementDirection,1,20,20.0,6,114,guide=sig | walk=aligned | guard-trim,0.243,10,400,1.5999999999999999,64,2.0,rf,14.784863980350735,0.6985492489688185,0.7917260384663386,0.0488013698630137,53.6,1.0,trim,0.0,0.0,0.79,0.79
0.0,0.0,0.48863636363636365,0.4132575757575758,0.3226708708708708,0.260990990990991,HandMovementDirection,2,5,5.0,24,96,none,0.243,10,400,1.5999999999999999,64,2.0,rf,,,,,,,,,,,
0.22857142857142856,0.36097511036500884,0.5553030303030303,0.49053030303030304,0.27362732732732736,0.17756756756756756,HandMovementDirection,2,5,5.0,24,96,SMOTE-raw,0.243,10,400,1.5999999999999999,64,2.0,rf,2.002439744132941,0.1571501809537258,0.5560769895092424,,,,,,,,
0.20512820512820512,0.3437758254761643,0.5098484848484849,0.4560606060606061,0.2885414414414414,0.19864864864864865,HandMovementDirection,2,5,5.0,24,96,guide=gpf | walk=aligned,0.243,10,400,1.5999999999999999,64,2.0,rf,2.9118408062774126,0.18711751400132437,0.9365531530223308,0.23076923076923078,9.6,0.0,,,,,
0.20512820512820512,0.3437758254761643,0.5098484848484849,0.4560606060606061,0.2885414414414414,0.19864864864864865,HandMovementDirection,2,5,5.0,24,96,guide=gpf | walk=aligned | guard-shrink,0.243,10,400,1.5999999999999999,64,2.0,rf,2.9118408062774126,0.18711751400132437,0.9365531530223308,0.23076923076923078,10.7,1.0,shrink,0.0,1.0,0.94,0.94
0.20512820512820512,0.3437758254761643,0.5098484848484849,0.4560606060606061,0.2885414414414414,0.19864864864864865,HandMovementDirection,2,5,5.0,24,96,guide=gpf | walk=aligned | guard-trim,0.243,10,400,1.5999999999999999,64,2.0,rf,2.9118408062774126,0.18711751400132437,0.9365531530223308,0.23076923076923078,11.7,1.0,trim,0.0,0.0,0.94,0.94
0.23809523809523808,0.3743681545638132,0.5037878787878788,0.48901515151515157,0.2806687687687688,0.171981981981982,HandMovementDirection,2,5,5.0,24,96,guide=sig | walk=aligned,0.243,10,400,1.5999999999999999,64,2.0,rf,2.390483775770864,0.1513982451178587,1.0013245139495446,0.12,17.3,0.0,,,,,
0.23809523809523808,0.3743681545638132,0.5037878787878788,0.48901515151515157,0.2806687687687688,0.171981981981982,HandMovementDirection,2,5,5.0,24,96,guide=sig | walk=aligned | guard-shrink,0.243,10,400,1.5999999999999999,64,2.0,rf,2.390483775770864,0.1513982451178587,1.0013245139495446,0.12,18.3,1.0,shrink,0.0,1.0,1.0,1.0
0.23809523809523808,0.3743681545638132,0.5037878787878788,0.48901515151515157,0.2806687687687688,0.171981981981982,HandMovementDirection,2,5,5.0,24,96,guide=sig | walk=aligned | guard-trim,0.243,10,400,1.5999999999999999,64,2.0,rf,2.390483775770864,0.1513982451178587,1.0013245139495446,0.12,19.3,1.0,trim,0.0,0.0,1.0,1.0
0.0,0.0,0.5,0.48522727272727273,0.35317837837837834,0.3322522522522523,HandMovementDirection,2,10,10.0,12,108,none,0.243,10,400,1.5999999999999999,64,2.0,rf,,,,,,,,,,,
0.11764705882352941,0.2522624895547565,0.5106060606060606,0.5155303030303031,0.31434339339339334,0.26716216216216215,HandMovementDirection,2,10,10.0,12,108,SMOTE-raw,0.243,10,400,1.5999999999999999,64,2.0,rf,2.5512019115680182,0.17970790622163169,0.609434456702092,,,,,,,,
0.0,0.0,0.4772727272727273,0.45530303030303027,0.35229594594594593,0.3340990990990991,HandMovementDirection,2,10,10.0,12,108,guide=gpf | walk=aligned,0.243,10,400,1.5999999999999999,64,2.0,rf,11.061276773813601,0.47666262517070446,1.7575715012921855,0.048214285714285716,50.2,0.0,,,,,
0.0,0.0,0.4772727272727273,0.45530303030303027,0.35229594594594593,0.3340990990990991,HandMovementDirection,2,10,10.0,12,108,guide=gpf | walk=aligned | guard-shrink,0.243,10,400,1.5999999999999999,64,2.0,rf,11.061276773813601,0.47666262517070446,1.7575715012921855,0.048214285714285716,51.2,1.0,shrink,0.0,1.0,1.76,1.76
0.0,0.0,0.4772727272727273,0.45530303030303027,0.35229594594594593,0.3340990990990991,HandMovementDirection,2,10,10.0,12,108,guide=gpf | walk=aligned | guard-trim,0.243,10,400,1.5999999999999999,64,2.0,rf,11.061276773813601,0.47666262517070446,1.7575715012921855,0.048214285714285716,52.2,1.0,trim,0.0,0.0,1.76,1.76
0.06060606060606061,0.17837651700316892,0.49393939393939396,0.5193181818181818,0.314198048048048,0.280045045045045,HandMovementDirection,2,10,10.0,12,108,guide=sig | walk=aligned,0.243,10,400,1.5999999999999999,64,2.0,rf,3.9492349989560864,0.22440029328030442,1.1677143081328034,0.048214285714285716,48.9,0.0,,,,,
0.06060606060606061,0.17837651700316892,0.49393939393939396,0.5193181818181818,0.314198048048048,0.280045045045045,HandMovementDirection,2,10,10.0,12,108,guide=sig | walk=aligned | guard-shrink,0.243,10,400,1.5999999999999999,64,2.0,rf,3.9492349989560864,0.22440029328030442,1.1677143081328034,0.048214285714285716,50.0,1.0,shrink,0.0,1.0,1.17,1.17
0.06060606060606061,0.17837651700316892,0.49393939393939396,0.5193181818181818,0.314198048048048,0.280045045045045,HandMovementDirection,2,10,10.0,12,108,guide=sig | walk=aligned | guard-trim,0.243,10,400,1.5999999999999999,64,2.0,rf,3.9492349989560864,0.22440029328030442,1.1677143081328034,0.048214285714285716,51.1,1.0,trim,0.0,0.0,1.17,1.17
0.0,0.0,0.5,0.390530303030303,0.3873316816816817,0.27004504504504506,HandMovementDirection,2,20,20.0,6,114,none,0.243,10,400,1.4,64,2.0,rf,,,,,,,,,,,
0.06451612903225806,0.18257418583505536,0.5166666666666667,0.43219696969696975,0.3420235735735736,0.31184684684684677,HandMovementDirection,2,20,20.0,6,114,SMOTE-raw,0.243,10,400,1.4,64,2.0,rf,4.294998027539419,0.2897390536546227,0.52753259175794,,,,,,,,
0.0,0.0,0.5,0.3246212121212121,0.3723481981981982,0.31148648648648647,HandMovementDirection,2,20,20.0,6,114,guide=gpf | walk=aligned,0.243,10,400,1.4,64,2.0,rf,9.85999948302653,0.48332751584821887,1.1193481141923134,0.0488013698630137,52.5,0.0,,,,,
0.0,0.0,0.5,0.3246212121212121,0.3723481981981982,0.31148648648648647,HandMovementDirection,2,20,20.0,6,114,guide=gpf | walk=aligned | guard-shrink,0.243,10,400,1.4,64,2.0,rf,9.85999948302653,0.48332751584821887,1.1193481141923134,0.0488013698630137,53.5,1.0,shrink,0.0,1.0,1.12,1.12
0.0,0.0,0.5,0.3246212121212121,0.3723481981981982,0.31148648648648647,HandMovementDirection,2,20,20.0,6,114,guide=gpf | walk=aligned | guard-trim,0.243,10,400,1.4,64,2.0,rf,9.85999948302653,0.48332751584821887,1.1193481141923134,0.0488013698630137,54.6,1.0,trim,0.0,0.0,1.12,1.12
0.0,0.0,0.4772727272727273,0.4253787878787879,0.3715839339339339,0.36031531531531535,HandMovementDirection,2,20,20.0,6,114,guide=sig | walk=aligned,0.243,10,400,1.4,64,2.0,rf,8.004654134070153,0.46171899893326224,0.7000003578771149,0.0488013698630137,52.4,0.0,,,,,
0.0,0.0,0.4772727272727273,0.4253787878787879,0.3715839339339339,0.36031531531531535,HandMovementDirection,2,20,20.0,6,114,guide=sig | walk=aligned | guard-shrink,0.243,10,400,1.4,64,2.0,rf,8.004654134070153,0.46171899893326224,0.7000003578771149,0.0488013698630137,53.4,1.0,shrink,0.0,1.0,0.7,0.7
0.0,0.0,0.4772727272727273,0.4253787878787879,0.3715839339339339,0.36031531531531535,HandMovementDirection,2,20,20.0,6,114,guide=sig | walk=aligned | guard-trim,0.243,10,400,1.4,64,2.0,rf,8.004654134070153,0.46171899893326224,0.7000003578771149,0.0488013698630137,54.4,1.0,trim,0.0,0.0,0.7,0.7
