f1,gmean,bacc,auc,brier,ece,dataset,seed,IR,IR_actual,n_min,n_syn,method,H,n_channels,length,M,n_select,tau,clf,energy_syn,mmd_syn,disp_ratio,accept,secs,guard,guard_fired,guard_c,rho_before,rho_after
0.6649417852522639,0.7057350887577264,0.7475803526905118,0.967549148495701,0.1613050102580715,0.23395853579527048,ItalyPowerDemand,0,5,4.7,7,26,none,0.645,1,24,2.0,64,2.0,rf,,,,,,,,,,
0.8073394495412844,0.8227098358942211,0.8362969762908563,0.9817572570530547,0.1062752812483287,0.16289937963667137,ItalyPowerDemand,0,5,4.7,7,26,none,0.645,1,24,2.0,64,2.0,ridge,,,,,,,,,,
0.7550776583034647,0.7787388905384358,0.8002402647445487,0.9645307281986188,0.13395114998380306,0.18976352445740202,ItalyPowerDemand,0,5,4.7,7,26,SMOTE-raw,0.645,1,24,2.0,64,2.0,rf,1.6134451520982775,0.1441736221967801,0.6516082953919244,,,,,,,
0.8818565400843882,0.8876768222068879,0.8909345391903531,0.976158635175363,0.07991973230723075,0.10117663938409543,ItalyPowerDemand,0,5,4.7,7,26,SMOTE-raw,0.645,1,24,2.0,64,2.0,ridge,1.6134451520982775,0.1441736221967801,0.6516082953919244,,,,,,,
0.8453837597330367,0.855644480092943,0.8645564168819982,0.9799854934493858,0.10843822481373501,0.1801684483317137,ItalyPowerDemand,0,5,4.7,7,26,guide=gpf | walk=plain,0.645,1,24,2.0,64,2.0,rf,1.5744018040863512,0.14832428815121124,1.0015218780144557,0.40625,0.1,0.0,,,,
0.9055036344755971,0.9093091680129886,0.911385375583662,0.9820556991099627,0.06681176928618794,0.08733570219527986,ItalyPowerDemand,0,5,4.7,7,26,guide=gpf | walk=plain,0.645,1,24,2.0,64,2.0,ridge,1.5744018040863512,0.14832428815121124,1.0015218780144557,0.40625,0.1,0.0,,,,
0.8453837597330367,0.855644480092943,0.8645564168819982,0.9799854934493858,0.10843822481373501,0.1801684483317137,ItalyPowerDemand,0,5,4.7,7,26,guide=gpf | walk=plain | guard,0.645,1,24,2.0,64,2.0,rf,1.5744018040863512,0.14832428815121124,1.0015218780144557,0.40625,0.8,1.0,0.0,1.0,1.0,1.0
0.9055036344755971,0.9093091680129886,0.911385375583662,0.9820556991099627,0.06681176928618794,0.08733570219527986,ItalyPowerDemand,0,5,4.7,7,26,guide=gpf | walk=plain | guard,0.645,1,24,2.0,64,2.0,ridge,1.5744018040863512,0.14832428815121124,1.0015218780144557,0.40625,0.8,1.0,0.0,1.0,1.0,1.0
0.6623544631306598,0.7036738787488618,0.7456367015730541,0.9749856445592879,0.14643542813950977,0.23174279235503725,ItalyPowerDemand,0,5,4.7,7,26,guide=gpf | walk=aligned,0.645,1,24,2.0,64,2.0,rf,5.931050547100146,0.3217174645073611,2.2775100387876077,0.40625,0.7,0.0,,,,
0.8064146620847652,0.8219012756636015,0.8353279840427943,0.9745039817459238,0.10910510398035214,0.15531373763276374,ItalyPowerDemand,0,5,4.7,7,26,guide=gpf | walk=aligned,0.645,1,24,2.0,64,2.0,ridge,5.931050547100146,0.3217174645073611,2.2775100387876077,0.40625,0.7,0.0,,,,
0.6743589743589744,0.7132295386994606,0.752459313658824,0.9749346449672847,0.14578760393046106,0.23072238419177196,ItalyPowerDemand,0,5,4.7,7,26,guide=gpf | walk=aligned | guard,0.645,1,24,2.0,64,2.0,rf,5.46037781047022,0.31965142525732204,2.000588154609494,0.40625,1.5,1.0,1.0,0.929,2.28,2.0
0.8145620022753128,0.8288765176354834,0.8411759372591685,0.9753426417033109,0.10599760281408833,0.1511957314189152,ItalyPowerDemand,0,5,4.7,7,26,guide=gpf | walk=aligned | guard,0.645,1,24,2.0,64,2.0,ridge,5.46037781047022,0.31965142525732204,2.000588154609494,0.40625,1.5,1.0,1.0,0.929,2.28,2.0
0.7903225806451613,0.808125470125646,0.8226800852259848,0.9544365867295282,0.12883836518734476,0.15830579850988014,ItalyPowerDemand,0,5,4.7,7,26,guide=sig | walk=aligned,0.645,1,24,2.0,64,2.0,rf,5.365998090583167,0.33078532469213257,2.4329069891723276,0.40625,0.2,0.0,,,,
0.8117913832199547,0.8264254235032944,0.8382689605149825,0.9768537407256297,0.1064937589557998,0.15560002438788542,ItalyPowerDemand,0,5,4.7,7,26,guide=sig | walk=aligned,0.645,1,24,2.0,64,2.0,ridge,5.365998090583167,0.33078532469213257,2.4329069891723276,0.40625,0.2,0.0,,,,
0.793063583815029,0.8105270369955043,0.8255870619701708,0.9596895447058646,0.1260808228053126,0.16428571428571428,ItalyPowerDemand,0,5,4.7,7,26,guide=sig | walk=aligned | guard,0.645,1,24,2.0,64,2.0,rf,4.623815378363602,0.30503061595180914,2.0058042675957024,0.40625,1.0,1.0,1.0,0.882,2.43,2.01
0.8303571428571429,0.8424296147643948,0.8519141846865225,0.9786066155915197,0.09891973951863056,0.14571657301262203,ItalyPowerDemand,0,5,4.7,7,26,guide=sig | walk=aligned | guard,0.645,1,24,2.0,64,2.0,ridge,4.623815378363602,0.30503061595180914,2.0058042675957024,0.40625,1.0,1.0,1.0,0.882,2.43,2.01
0.5123010130246021,0.5868224420118113,0.6715456276349789,0.9365168411986038,0.21272116402116403,0.26824425008098474,ItalyPowerDemand,0,10,8.2,4,29,none,0.645,1,24,1.5999999999999999,64,2.0,rf,,,,,,,,,,
0.794392523364486,0.8117356273332904,0.8284770388503558,0.9802083805551778,0.11524193348742656,0.1798446176012395,ItalyPowerDemand,0,10,8.2,4,29,none,0.645,1,24,1.5999999999999999,64,2.0,ridge,,,,,,,,,,
0.6683870967741935,0.7084758178626311,0.7495296704293033,0.935151185457183,0.17300471871288198,0.21191124068675088,ItalyPowerDemand,0,10,8.2,4,29,SMOTE-raw,0.645,1,24,1.5999999999999999,64,2.0,rf,2.060643810288269,0.1731985804836731,0.3958209180440669,,,,,,,
0.9049111807732497,0.90887907297309,0.9113683757196609,0.9804199344183023,0.06639217958339388,0.0873786700369499,ItalyPowerDemand,0,10,8.2,4,29,SMOTE-raw,0.645,1,24,1.5999999999999999,64,2.0,ridge,2.060643810288269,0.1731985804836731,0.3958209180440669,,,,,,,
0.7083854818523154,0.7405738399397461,0.7729214832948004,0.9337949740846517,0.15888433214555664,0.18801425332037575,ItalyPowerDemand,0,10,8.2,4,29,guide=gpf | walk=plain,0.645,1,24,1.5999999999999999,64,2.0,rf,1.5785834293237393,0.12709993894071858,0.7016129381572627,0.453125,0.0,0.0,,,,
0.9128630705394191,0.9161962163740729,0.9181909878054308,0.9798683832751559,0.06541766566458379,0.08144645812915274,ItalyPowerDemand,0,10,8.2,4,29,guide=gpf | walk=plain,0.645,1,24,1.5999999999999999,64,2.0,ridge,1.5785834293237393,0.12709993894071858,0.7016129381572627,0.453125,0.0,0.0,,,,
0.7083854818523154,0.7405738399397461,0.7729214832948004,0.9337949740846517,0.15888433214555664,0.18801425332037575,ItalyPowerDemand,0,10,8.2,4,29,guide=gpf | walk=plain | guard,0.645,1,24,1.5999999999999999,64,2.0,rf,1.5785834293237393,0.12709993894071858,0.7016129381572627,0.453125,0.7,1.0,0.0,1.0,0.7,0.7
0.9128630705394191,0.9161962163740729,0.9181909878054308,0.9798683832751559,0.06541766566458379,0.08144645812915274,ItalyPowerDemand,0,10,8.2,4,29,guide=gpf | walk=plain | guard,0.645,1,24,1.5999999999999999,64,2.0,ridge,1.5785834293237393,0.12709993894071858,0.7016129381572627,0.453125,0.7,1.0,0.0,1.0,0.7,0.7
0.7350427350427351,0.7622723458874415,0.7885273584477991,0.9422741284736389,0.14271472843105498,0.16689018464528665,ItalyPowerDemand,0,10,8.2,4,29,guide=gpf | walk=aligned,0.645,1,24,1.5999999999999999,64,2.0,rf,3.8504750243808683,0.2426863436327822,2.034338133650351,0.453125,0.1,0.0,,,,
0.920997920997921,0.9238541580148304,0.9259599256539282,0.9827281381748947,0.059508634326110955,0.09381967363170214,ItalyPowerDemand,0,10,8.2,4,29,guide=gpf | walk=aligned,0.645,1,24,1.5999999999999999,64,2.0,ridge,3.8504750243808683,0.2426863436327822,2.034338133650351,0.453125,0.1,0.0,,,,
0.7359413202933985,0.7630178446924019,0.7894963506958611,0.9432355652265892,0.14219321887485153,0.16662779397473276,ItalyPowerDemand,0,10,8.2,4,29,guide=gpf | walk=aligned | guard,0.645,1,24,1.5999999999999999,64,2.0,rf,3.818201007718706,0.24223671837702754,2.000088410041699,0.453125,0.9,1.0,1.0,0.99,2.03,2.0
0.920997920997921,0.9238541580148304,0.9259599256539282,0.9827696933980082,0.059366876386433835,0.09364780122960278,ItalyPowerDemand,0,10,8.2,4,29,guide=gpf | walk=aligned | guard,0.645,1,24,1.5999999999999999,64,2.0,ridge,3.818201007718706,0.24223671837702754,2.000088410041699,0.453125,0.9,1.0,1.0,0.99,2.03,2.0
0.7388688327316486,0.7652993481723602,0.7885613581758013,0.9208712996962691,0.15102978080120938,0.16327178490443797,ItalyPowerDemand,0,10,8.2,4,29,guide=sig | walk=aligned,0.645,1,24,1.5999999999999999,64,2.0,rf,1.7234862192153653,0.12973156167785227,1.311412663055979,0.453125,0.2,0.0,,,,
0.9113660062565172,0.9148737457785643,0.9172049956933678,0.9798646055276001,0.06307623433506933,0.08203870311860079,ItalyPowerDemand,0,10,8.2,4,29,guide=sig | walk=aligned,0.645,1,24,1.5999999999999999,64,2.0,ridge,1.7234862192153653,0.12973156167785227,1.311412663055979,0.453125,0.2,0.0,,,,
0.7388688327316486,0.7652993481723602,0.7885613581758013,0.9208712996962691,0.15102978080120938,0.16327178490443797,ItalyPowerDemand,0,10,8.2,4,29,guide=sig | walk=aligned | guard,0.645,1,24,1.5999999999999999,64,2.0,rf,1.7234862192153653,0.12973156167785227,1.311412663055979,0.453125,0.9,1.0,0.0,1.0,1.31,1.31
0.9113660062565172,0.9148737457785643,0.9172049956933678,0.9798646055276001,0.06307623433506933,0.08203870311860079,ItalyPowerDemand,0,10,8.2,4,29,guide=sig | walk=aligned | guard,0.645,1,24,1.5999999999999999,64,2.0,ridge,1.7234862192153653,0.12973156167785227,1.311412663055979,0.453125,0.9,1.0,0.0,1.0,1.31,1.31
0.2980132450331126,0.41844784527012,0.5867503059975521,0.9245659368058389,0.23773736097613649,0.28447359896339486,ItalyPowerDemand,0,20,8.2,4,29,none,0.645,1,24,1.5999999999999999,64,2.0,rf,,,,,,,,,,
0.5901639344262295,0.6469966392206306,0.7076193390452876,0.9767290750562885,0.18835528750896996,0.2641777092728383,ItalyPowerDemand,0,20,8.2,4,29,none,0.645,1,24,1.5999999999999999,64,2.0,ridge,,,,,,,,,,
0.38819875776397517,0.4907457658320445,0.6160184051860919,0.912728364839748,0.2227932836626714,0.27890508584386137,ItalyPowerDemand,0,20,8.2,4,29,SMOTE-raw,0.645,1,24,1.5999999999999999,64,2.0,rf,2.6812741906186695,0.24379068445951724,0.527706811436563,,,,,,,
0.7822014051522248,0.8013986217675203,0.8187531166417334,0.9685011408797619,0.1251696678535153,0.1756798589843823,ItalyPowerDemand,0,20,8.2,4,29,SMOTE-raw,0.645,1,24,1.5999999999999999,64,2.0,ridge,2.6812741906186695,0.24379068445951724,0.527706811436563,,,,,,,
0.3894080996884735,0.49170707089793736,0.6179563896822159,0.9047592063707935,0.2209765360112299,0.2703628117913832,ItalyPowerDemand,0,20,8.2,4,29,guide=gpf | walk=plain,0.645,1,24,1.5999999999999999,64,2.0,rf,3.137077482964397,0.26626202271673705,0.4870150350949349,0.453125,0.2,0.0,,,,
0.8139797068771139,0.8282359171301055,0.8392549526270456,0.9609003127974975,0.11687906000900429,0.1489829820441788,ItalyPowerDemand,0,20,8.2,4,29,guide=gpf | walk=plain,0.645,1,24,1.5999999999999999,64,2.0,ridge,3.137077482964397,0.26626202271673705,0.4870150350949349,0.453125,0.2,0.0,,,,
0.3894080996884735,0.49170707089793736,0.6179563896822159,0.9047592063707935,0.2209765360112299,0.2703628117913832,ItalyPowerDemand,0,20,8.2,4,29,guide=gpf | walk=plain | guard,0.645,1,24,1.5999999999999999,64,2.0,rf,3.137077482964397,0.26626202271673705,0.4870150350949349,0.453125,0.9,1.0,0.0,1.0,0.49,0.49
0.8139797068771139,0.8282359171301055,0.8392549526270456,0.9609003127974975,0.11687906000900429,0.1489829820441788,ItalyPowerDemand,0,20,8.2,4,29,guide=gpf | walk=plain | guard,0.645,1,24,1.5999999999999999,64,2.0,ridge,3.137077482964397,0.26626202271673705,0.4870150350949349,0.453125,0.9,1.0,0.0,1.0,0.49,0.49
0.6952264381884945,0.7294851826458404,0.7574232739471418,0.9316624355894042,0.151319997840406,0.17937479753806285,ItalyPowerDemand,0,20,8.2,4,29,guide=gpf | walk=aligned,0.645,1,24,1.5999999999999999,64,2.0,rf,3.3528416145093143,0.23878345589230843,0.8709718582253498,0.453125,0.1,0.0,,,,
0.8079911209766926,0.8225261419995309,0.8315200145065507,0.946669537754809,0.12403009319117125,0.14127710477989816,ItalyPowerDemand,0,20,8.2,4,29,guide=gpf | walk=aligned,0.645,1,24,1.5999999999999999,64,2.0,ridge,3.3528416145093143,0.23878345589230843,0.8709718582253498,0.453125,0.1,0.0,,,,
0.6952264381884945,0.7294851826458404,0.7574232739471418,0.9316624355894042,0.151319997840406,0.17937479753806285,ItalyPowerDemand,0,20,8.2,4,29,guide=gpf | walk=aligned | guard,0.645,1,24,1.5999999999999999,64,2.0,rf,3.3528416145093143,0.23878345589230843,0.8709718582253498,0.453125,0.9,1.0,0.0,1.0,0.87,0.87
0.8079911209766926,0.8225261419995309,0.8315200145065507,0.946669537754809,0.12403009319117125,0.14127710477989816,ItalyPowerDemand,0,20,8.2,4,29,guide=gpf | walk=aligned | guard,0.645,1,24,1.5999999999999999,64,2.0,ridge,3.3528416145093143,0.23878345589230843,0.8709718582253498,0.453125,0.9,1.0,0.0,1.0,0.87,0.87
0.6384615384615384,0.6844327961268226,0.7252481980144159,0.9253989301418921,0.16606185077205488,0.20272108843537415,ItalyPowerDemand,0,20,8.2,4,29,guide=sig | walk=aligned,0.645,1,24,1.5999999999999999,64,2.0,rf,3.4118559883087496,0.21910027288523048,1.330544639095064,0.453125,0.2,0.0,,,,
0.8026905829596412,0.8182020803950849,0.8285790380343624,0.9518186076733608,0.12399380024962628,0.15278427376130965,ItalyPowerDemand,0,20,8.2,4,29,guide=sig | walk=aligned,0.645,1,24,1.5999999999999999,64,2.0,ridge,3.4118559883087496,0.21910027288523048,1.330544639095064,0.453125,0.2,0.0,,,,
0.6384615384615384,0.6844327961268226,0.7252481980144159,0.9253989301418921,0.16606185077205488,0.20272108843537415,ItalyPowerDemand,0,20,8.2,4,29,guide=sig | walk=aligned | guard,0.645,1,24,1.5999999999999999,64,2.0,rf,3.4118559883087496,0.21910027288523048,1.330544639095064,0.453125,0.9,1.0,0.0,1.0,1.33,1.33
0.8026905829596412,0.8182020803950849,0.8285790380343624,0.9518186076733608,0.12399380024962628,0.15278427376130965,ItalyPowerDemand,0,20,8.2,4,29,guide=sig | walk=aligned | guard,0.645,1,24,1.5999999999999999,64,2.0,ridge,3.4118559883087496,0.21910027288523048,1.330544639095064,0.453125,0.9,1.0,0.0,1.0,1.33,1.33
0.6243386243386243,0.6736454166641369,0.7232365474409538,0.9359785121719026,0.17831878846776805,0.21892128279883383,ItalyPowerDemand,1,5,4.7,7,26,none,0.645,1,24,2.1999999999999997,64,2.0,rf,,,,,,,,,,
0.8685344827586207,0.8759599657250938,0.8811596173897276,0.9731137706453904,0.09408339773704694,0.12728608478126288,ItalyPowerDemand,1,5,4.7,7,26,none,0.645,1,24,2.1999999999999997,64,2.0,ridge,,,,,,,,,,
0.6683544303797468,0.7082758314593539,0.7447130422956616,0.9272311377064538,0.16865935644098906,0.1944574020084224,ItalyPowerDemand,1,5,4.7,7,26,SMOTE-raw,0.645,1,24,2.1999999999999997,64,2.0,rf,2.9299560412599153,0.24533064443125696,0.2535316208989039,,,,,,,
0.8694736842105263,0.8761410801622045,0.8792782991069406,0.9596196563760824,0.09121028833075118,0.07953246612590546,ItalyPowerDemand,1,5,4.7,7,26,SMOTE-raw,0.645,1,24,2.1999999999999997,64,2.0,ridge,2.9299560412599153,0.24533064443125696,0.2535316208989039,,,,,,,
0.7019704433497537,0.7351750422912385,0.7642118863049095,0.919681309216193,0.16093496382680056,0.17421768707482993,ItalyPowerDemand,1,5,4.7,7,26,guide=gpf | walk=plain,0.645,1,24,2.1999999999999997,64,2.0,rf,2.6163234769753103,0.19249923252480305,0.9499554230834297,0.40625,0.0,0.0,,,,
0.8966942148760331,0.9008737466548465,0.9026531121084365,0.9736275443129788,0.07460393362435204,0.07853503659656465,ItalyPowerDemand,1,5,4.7,7,26,guide=gpf | walk=plain,0.645,1,24,2.1999999999999997,64,2.0,ridge,2.6163234769753103,0.19249923252480305,0.9499554230834297,0.40625,0.0,0.0,,,,
0.7019704433497537,0.7351750422912385,0.7642118863049095,0.919681309216193,0.16093496382680056,0.17421768707482993,ItalyPowerDemand,1,5,4.7,7,26,guide=gpf | walk=plain | guard,0.645,1,24,2.1999999999999997,64,2.0,rf,2.6163234769753103,0.19249923252480305,0.9499554230834297,0.40625,0.8,1.0,0.0,1.0,0.95,0.95
0.8966942148760331,0.9008737466548465,0.9026531121084365,0.9736275443129788,0.07460393362435204,0.07853503659656465,ItalyPowerDemand,1,5,4.7,7,26,guide=gpf | walk=plain | guard,0.645,1,24,2.1999999999999997,64,2.0,ridge,2.6163234769753103,0.19249923252480305,0.9499554230834297,0.40625,0.8,1.0,0.0,1.0,0.95,0.95
0.6881987577639752,0.7240610972500084,0.7554456231016818,0.9216532934403191,0.1629089407191448,0.17941367022999674,ItalyPowerDemand,1,5,4.7,7,26,guide=gpf | walk=aligned,0.645,1,24,2.1999999999999997,64,2.0,rf,2.727755305969227,0.21271446330504862,0.8751193042159217,0.40625,0.1,0.0,,,,
0.8994818652849741,0.9035995433429506,0.9055600888526225,0.9749950889281774,0.07302341570425513,0.07645665834971746,ItalyPowerDemand,1,5,4.7,7,26,guide=gpf | walk=aligned,0.645,1,24,2.1999999999999997,64,2.0,ridge,2.727755305969227,0.21271446330504862,0.8751193042159217,0.40625,0.1,0.0,,,,
0.6881987577639752,0.7240610972500084,0.7554456231016818,0.9216532934403191,0.1629089407191448,0.17941367022999674,ItalyPowerDemand,1,5,4.7,7,26,guide=gpf | walk=aligned | guard,0.645,1,24,2.1999999999999997,64,2.0,rf,2.727755305969227,0.21271446330504862,0.8751193042159217,0.40625,0.8,1.0,0.0,1.0,0.88,0.88
0.8994818652849741,0.9035995433429506,0.9055600888526225,0.9749950889281774,0.07302341570425513,0.07645665834971746,ItalyPowerDemand,1,5,4.7,7,26,guide=gpf | walk=aligned | guard,0.645,1,24,2.1999999999999997,64,2.0,ridge,2.727755305969227,0.21271446330504862,0.8751193042159217,0.40625,0.8,1.0,0.0,1.0,0.88,0.88
0.731995277449823,0.7590665696829291,0.7788884355591822,0.9273746921135742,0.14436142965122556,0.14020084224165857,ItalyPowerDemand,1,5,4.7,7,26,guide=sig | walk=aligned,0.645,1,24,2.1999999999999997,64,2.0,rf,1.904291962211376,0.14803381108453872,1.765652087374419,0.8125,0.2,0.0,,,,
0.8668796592119276,0.8741618830852375,0.8782753071308763,0.9698837964851836,0.08827513296862737,0.09892274554881199,ItalyPowerDemand,1,5,4.7,7,26,guide=sig | walk=aligned,0.645,1,24,2.1999999999999997,64,2.0,ridge,1.904291962211376,0.14803381108453872,1.765652087374419,0.8125,0.2,0.0,,,,
0.731995277449823,0.7590665696829291,0.7788884355591822,0.9273746921135742,0.14436142965122556,0.14020084224165857,ItalyPowerDemand,1,5,4.7,7,26,guide=sig | walk=aligned | guard,0.645,1,24,2.1999999999999997,64,2.0,rf,1.904291962211376,0.14803381108453872,1.765652087374419,0.8125,1.0,1.0,0.0,1.0,1.77,1.77
0.8668796592119276,0.8741618830852375,0.8782753071308763,0.9698837964851836,0.08827513296862737,0.09892274554881199,ItalyPowerDemand,1,5,4.7,7,26,guide=sig | walk=aligned | guard,0.645,1,24,2.1999999999999997,64,2.0,ridge,1.904291962211376,0.14803381108453872,1.765652087374419,0.8125,1.0,1.0,0.0,1.0,1.77,1.77
0.5207439198855508,0.5933174767689037,0.6735119452377714,0.9385870468591806,0.21644355901090595,0.2723291221250405,ItalyPowerDemand,1,10,8.2,4,29,none,0.645,1,24,1.5999999999999999,64,2.0,rf,,,,,,,,,,
0.7306273062730627,0.7586708082883098,0.7865667074663403,0.9687655832086677,0.15646455307059473,0.22439885423185843,ItalyPowerDemand,1,10,8.2,4,29,none,0.645,1,24,1.5999999999999999,64,2.0,ridge,,,,,,,,,,
0.5869565217391305,0.6444692989387328,0.7037433700530396,0.9289500128443418,0.20229503293380846,0.24663103336572728,ItalyPowerDemand,1,10,8.2,4,29,SMOTE-raw,0.645,1,24,1.5999999999999999,64,2.0,rf,2.9707750559823314,0.2348006978102387,0.45896755623314,,,,,,,
0.822742474916388,0.8356963640537733,0.8451142390860873,0.9489928525016242,0.12417683723646274,0.14544512973934678,ItalyPowerDemand,1,10,8.2,4,29,SMOTE-raw,0.645,1,24,1.5999999999999999,64,2.0,ridge,2.9707750559823314,0.2348006978102387,0.45896755623314,,,,,,,
0.6750313676286073,0.7135287382770581,0.7476483521465161,0.9254178188796712,0.17377095346074936,0.19987042436022032,ItalyPowerDemand,1,10,8.2,4,29,guide=gpf | walk=plain,0.645,1,24,1.5999999999999999,64,2.0,rf,1.994551471876095,0.14956028378317376,0.9826304009605813,0.90625,0.0,0.0,,,,
0.8669527896995708,0.8744319391945853,0.8792272995149372,0.9658076068724784,0.09711762215742205,0.1154005167974435,ItalyPowerDemand,1,10,8.2,4,29,guide=gpf | walk=plain,0.645,1,24,1.5999999999999999,64,2.0,ridge,1.994551471876095,0.14956028378317376,0.9826304009605813,0.90625,0.0,0.0,,,,
0.6750313676286073,0.7135287382770581,0.7476483521465161,0.9254178188796712,0.17377095346074936,0.19987042436022032,ItalyPowerDemand,1,10,8.2,4,29,guide=gpf | walk=plain | guard,0.645,1,24,1.5999999999999999,64,2.0,rf,1.994551471876095,0.14956028378317376,0.9826304009605813,0.90625,0.8,1.0,0.0,1.0,0.98,0.98
0.8669527896995708,0.8744319391945853,0.8792272995149372,0.9658076068724784,0.09711762215742205,0.1154005167974435,ItalyPowerDemand,1,10,8.2,4,29,guide=gpf | walk=plain | guard,0.645,1,24,1.5999999999999999,64,2.0,ridge,1.994551471876095,0.14956028378317376,0.9826304009605813,0.90625,0.8,1.0,0.0,1.0,0.98,0.98
0.6407263294422828,0.6864527233337924,0.7300818260120585,0.9257124831890233,0.1763000647878199,0.20459669582118561,ItalyPowerDemand,1,10,8.2,4,29,guide=gpf | walk=aligned,0.645,1,24,1.5999999999999999,64,2.0,rf,2.8587351546958253,0.2229793792142155,0.6685965545618336,0.453125,0.1,0.0,,,,
0.8705882352941177,0.8776725875062787,0.8821512761231243,0.9706129017634526,0.08775113324001935,0.10668144124351098,ItalyPowerDemand,1,10,8.2,4,29,guide=gpf | walk=aligned,0.645,1,24,1.5999999999999999,64,2.0,ridge,2.8587351546958253,0.2229793792142155,0.6685965545618336,0.453125,0.1,0.0,,,,
0.6407263294422828,0.6864527233337924,0.7300818260120585,0.9257124831890233,0.1763000647878199,0.20459669582118561,ItalyPowerDemand,1,10,8.2,4,29,guide=gpf | walk=aligned | guard,0.645,1,24,1.5999999999999999,64,2.0,rf,2.8587351546958253,0.2229793792142155,0.6685965545618336,0.453125,0.8,1.0,0.0,1.0,0.67,0.67
0.8705882352941177,0.8776725875062787,0.8821512761231243,0.9706129017634526,0.08775113324001935,0.10668144124351098,ItalyPowerDemand,1,10,8.2,4,29,guide=gpf | walk=aligned | guard,0.645,1,24,1.5999999999999999,64,2.0,ridge,2.8587351546958253,0.2229793792142155,0.6685965545618336,0.453125,0.8,1.0,0.0,1.0,0.67,0.67
0.6502590673575129,0.694041090530385,0.7368874382338274,0.921579627362981,0.18093648634056797,0.20607061872367996,ItalyPowerDemand,1,10,8.2,4,29,guide=sig | walk=aligned,0.645,1,24,1.5999999999999999,64,2.0,rf,2.0654254908127623,0.1643815176879474,1.1553869638089689,0.453125,0.1,0.0,,,,
0.9020833333333333,0.9061754108413242,0.9084613989754748,0.976049080496245,0.07484984088202559,0.08868560559711823,ItalyPowerDemand,1,10,8.2,4,29,guide=sig | walk=aligned,0.645,1,24,1.5999999999999999,64,2.0,ridge,2.0654254908127623,0.1643815176879474,1.1553869638089689,0.453125,0.1,0.0,,,,
0.6502590673575129,0.694041090530385,0.7368874382338274,0.921579627362981,0.18093648634056797,0.20607061872367996,ItalyPowerDemand,1,10,8.2,4,29,guide=sig | walk=aligned | guard,0.645,1,24,1.5999999999999999,64,2.0,rf,2.0654254908127623,0.1643815176879474,1.1553869638089689,0.453125,0.8,1.0,0.0,1.0,1.16,1.16
0.9020833333333333,0.9061754108413242,0.9084613989754748,0.976049080496245,0.07484984088202559,0.08868560559711823,ItalyPowerDemand,1,10,8.2,4,29,guide=sig | walk=aligned | guard,0.645,1,24,1.5999999999999999,64,2.0,ridge,2.0654254908127623,0.1643815176879474,1.1553869638089689,0.453125,0.8,1.0,0.0,1.0,1.16,1.16
0.23407917383820998,0.36407912084850014,0.5662768031189084,0.9483317466793598,0.24106962531044165,0.29677356656948495,ItalyPowerDemand,1,20,8.2,4,29,none,0.645,1,24,1.5999999999999999,64,2.0,rf,,,,,,,,,,
0.6709511568123393,0.710512463913413,0.7505099959200326,0.9671449295072307,0.16513070892264858,0.23446143944834358,ItalyPowerDemand,1,20,8.2,4,29,none,0.645,1,24,1.5999999999999999,64,2.0,ridge,,,,,,,,,,
0.5107604017216643,0.5856141418334104,0.6676753252640646,0.9407762515677653,0.18806415073966093,0.22839326206673144,ItalyPowerDemand,1,20,8.2,4,29,SMOTE-raw,0.645,1,24,1.5999999999999999,64,2.0,rf,2.2921694960510486,0.18609104775422292,0.42143453386933255,,,,,,,
0.8355263157894737,0.8466299461641279,0.8539031687746499,0.947715973827765,0.1169883742288293,0.13396656400021578,ItalyPowerDemand,1,20,8.2,4,29,SMOTE-raw,0.645,1,24,1.5999999999999999,64,2.0,ridge,2.2921694960510486,0.18609104775422292,0.42143453386933255,,,,,,,
0.33279483037156704,0.4467800388342962,0.5974828868035722,0.92078063375493,0.22457138537954865,0.27484936831875606,ItalyPowerDemand,1,20,8.2,4,29,guide=gpf | walk=plain,0.645,1,24,1.5999999999999999,64,2.0,rf,4.546703792578414,0.3393485537863904,0.7310451275631031,0.453125,0.1,0.0,,,,
0.827968923418424,0.8402136746057604,0.8490128745636701,0.9527063783489733,0.11777845825609862,0.14262659685516954,ItalyPowerDemand,1,20,8.2,4,29,guide=gpf | walk=plain,0.645,1,24,1.5999999999999999,64,2.0,ridge,4.546703792578414,0.3393485537863904,0.7310451275631031,0.453125,0.1,0.0,,,,
0.33279483037156704,0.4467800388342962,0.5974828868035722,0.92078063375493,0.22457138537954865,0.27484936831875606,ItalyPowerDemand,1,20,8.2,4,29,guide=gpf | walk=plain | guard,0.645,1,24,1.5999999999999999,64,2.0,rf,4.546703792578414,0.3393485537863904,0.7310451275631031,0.453125,0.9,1.0,0.0,1.0,0.73,0.73
0.827968923418424,0.8402136746057604,0.8490128745636701,0.9527063783489733,0.11777845825609862,0.14262659685516954,ItalyPowerDemand,1,20,8.2,4,29,guide=gpf | walk=plain | guard,0.645,1,24,1.5999999999999999,64,2.0,ridge,4.546703792578414,0.3393485537863904,0.7310451275631031,0.453125,0.9,1.0,0.0,1.0,0.73,0.73
0.5462184873949579,0.6129412650687214,0.6842445260437916,0.9223729543496986,0.18784481157542385,0.2262131519274376,ItalyPowerDemand,1,20,8.2,4,29,guide=gpf | walk=aligned,0.645,1,24,1.5999999999999999,64,2.0,rf,4.771417491535148,0.2958096551392544,1.412086870480883,0.453125,0.1,0.0,,,,
0.6790123456790124,0.7163846770102411,0.7467133596264564,0.9134820254771294,0.17672770513553668,0.1979706409447194,ItalyPowerDemand,1,20,8.2,4,29,guide=gpf | walk=aligned,0.645,1,24,1.5999999999999999,64,2.0,ridge,4.771417491535148,0.2958096551392544,1.412086870480883,0.453125,0.1,0.0,,,,
0.5462184873949579,0.6129412650687214,0.6842445260437916,0.9223729543496986,0.18784481157542385,0.2262131519274376,ItalyPowerDemand,1,20,8.2,4,29,guide=gpf | walk=aligned | guard,0.645,1,24,1.5999999999999999,64,2.0,rf,4.771417491535148,0.2958096551392544,1.412086870480883,0.453125,0.9,1.0,0.0,1.0,1.41,1.41
0.6790123456790124,0.7163846770102411,0.7467133596264564,0.9134820254771294,0.17672770513553668,0.1979706409447194,ItalyPowerDemand,1,20,8.2,4,29,guide=gpf | walk=aligned | guard,0.645,1,24,1.5999999999999999,64,2.0,ridge,4.771417491535148,0.2958096551392544,1.412086870480883,0.453125,0.9,1.0,0.0,1.0,1.41,1.41
0.64,0.685794765003747,0.7281495081372682,0.9313148828142708,0.16853212396069542,0.20962099125364436,ItalyPowerDemand,1,20,8.2,4,29,guide=sig | walk=aligned,0.645,1,24,1.5999999999999999,64,2.0,rf,2.182537380173043,0.1675963108161339,1.0629210793175858,0.3020833333333333,0.3,0.0,,,,
0.841991341991342,0.8520297159180248,0.8578244707375675,0.95522613596869,0.10644038111980424,0.1183980830118996,ItalyPowerDemand,1,20,8.2,4,29,guide=sig | walk=aligned,0.645,1,24,1.5999999999999999,64,2.0,ridge,2.182537380173043,0.1675963108161339,1.0629210793175858,0.3020833333333333,0.3,0.0,,,,
0.64,0.685794765003747,0.7281495081372682,0.9313148828142708,0.16853212396069542,0.20962099125364436,ItalyPowerDemand,1,20,8.2,4,29,guide=sig | walk=aligned | guard,0.645,1,24,1.5999999999999999,64,2.0,rf,2.182537380173043,0.1675963108161339,1.0629210793175858,0.3020833333333333,1.0,1.0,0.0,1.0,1.06,1.06
0.841991341991342,0.8520297159180248,0.8578244707375675,0.95522613596869,0.10644038111980424,0.1183980830118996,ItalyPowerDemand,1,20,8.2,4,29,guide=sig | walk=aligned | guard,0.645,1,24,1.5999999999999999,64,2.0,ridge,2.182537380173043,0.1675963108161339,1.0629210793175858,0.3020833333333333,1.0,1.0,0.0,1.0,1.06,1.06
0.5589887640449438,0.6228276085880371,0.6939571150097466,0.973421657071188,0.16779289493575208,0.2494719792678976,ItalyPowerDemand,2,5,4.7,7,26,none,0.645,1,24,1.5999999999999999,64,2.0,rf,,,,,,,,,,
0.7628128724672228,0.7851932253312712,0.8060768847182556,0.9716026716230715,0.12994821986988836,0.17945873167813278,ItalyPowerDemand,2,5,4.7,7,26,none,0.645,1,24,1.5999999999999999,64,2.0,ridge,,,,,,,,,,
0.6878172588832487,0.7239958762741617,0.7602565846139897,0.9648688366048628,0.14629802397149336,0.22662131519274373,ItalyPowerDemand,2,5,4.7,7,26,SMOTE-raw,0.645,1,24,1.5999999999999999,64,2.0,rf,2.307750433036179,0.2087758870265104,0.5383792474613236,,,,,,,
0.8438177874186551,0.8537527302479099,0.8597624552336915,0.9678589237952763,0.09211899354837612,0.10545358126507068,ItalyPowerDemand,2,5,4.7,7,26,SMOTE-raw,0.645,1,24,1.5999999999999999,64,2.0,ridge,2.307750433036179,0.2087758870265104,0.5383792474613236,,,,,,,
0.6188579017264276,0.6693500779673489,0.7203125708327667,0.9488039651238345,0.16346821077637402,0.2251473922902494,ItalyPowerDemand,2,5,4.7,7,26,guide=gpf | walk=plain,0.645,1,24,1.5999999999999999,64,2.0,rf,5.5752123690375806,0.42624212204565837,0.8525408696815453,0.2708333333333333,0.3,0.0,,,,
0.8158765159867696,0.8292774958102662,0.8373679677229249,0.9564047932060988,0.11056093720274843,0.12393139403362285,ItalyPowerDemand,2,5,4.7,7,26,guide=gpf | walk=plain,0.645,1,24,1.5999999999999999,64,2.0,ridge,5.5752123690375806,0.42624212204565837,0.8525408696815453,0.2708333333333333,0.3,0.0,,,,
0.6188579017264276,0.6693500779673489,0.7203125708327667,0.9488039651238345,0.16346821077637402,0.2251473922902494,ItalyPowerDemand,2,5,4.7,7,26,guide=gpf | walk=plain | guard,0.645,1,24,1.5999999999999999,64,2.0,rf,5.5752123690375806,0.42624212204565837,0.8525408696815453,0.2708333333333333,1.0,1.0,0.0,1.0,0.85,0.85
0.8158765159867696,0.8292774958102662,0.8373679677229249,0.9564047932060988,0.11056093720274843,0.12393139403362285,ItalyPowerDemand,2,5,4.7,7,26,guide=gpf | walk=plain | guard,0.645,1,24,1.5999999999999999,64,2.0,ridge,5.5752123690375806,0.42624212204565837,0.8525408696815453,0.2708333333333333,1.0,1.0,0.0,1.0,0.85,0.85
0.7605294825511432,0.783324242573167,0.8060542182329208,0.9701860162896474,0.1372097721628334,0.2137706511175899,ItalyPowerDemand,2,5,4.7,7,26,guide=gpf | walk=aligned,0.645,1,24,1.5999999999999999,64,2.0,rf,11.690907534033872,0.5541385112575122,1.5604391596403813,0.2708333333333333,0.3,0.0,,,,
0.7883720930232558,0.806581342506117,0.8226574187406501,0.9733857684694078,0.1197925879127817,0.1670437841144552,ItalyPowerDemand,2,5,4.7,7,26,guide=gpf | walk=aligned,0.645,1,24,1.5999999999999999,64,2.0,ridge,11.690907534033872,0.5541385112575122,1.5604391596403813,0.2708333333333333,0.3,0.0,,,,
0.7605294825511432,0.783324242573167,0.8060542182329208,0.9701860162896474,0.1372097721628334,0.2137706511175899,ItalyPowerDemand,2,5,4.7,7,26,guide=gpf | walk=aligned | guard,0.645,1,24,1.5999999999999999,64,2.0,rf,11.690907534033872,0.5541385112575122,1.5604391596403813,0.2708333333333333,1.0,1.0,0.0,1.0,1.56,1.56
0.7883720930232558,0.806581342506117,0.8226574187406501,0.9733857684694078,0.1197925879127817,0.1670437841144552,ItalyPowerDemand,2,5,4.7,7,26,guide=gpf | walk=aligned | guard,0.645,1,24,1.5999999999999999,64,2.0,ridge,11.690907534033872,0.5541385112575122,1.5604391596403813,0.2708333333333333,1.0,1.0,0.0,1.0,1.56,1.56
0.7845433255269321,0.8033854429275988,0.8206967677591912,0.9778397328376928,0.11848769031422093,0.20460965338516363,ItalyPowerDemand,2,5,4.7,7,26,guide=sig | walk=aligned,0.645,1,24,1.5999999999999999,64,2.0,rf,7.580241796970262,0.39286969412156336,1.7814741308688435,0.40625,0.2,0.0,,,,
0.8394241417497231,0.8503187599023264,0.8587367967722925,0.980147936594285,0.09779082197549654,0.14320215959842272,ItalyPowerDemand,2,5,4.7,7,26,guide=sig | walk=aligned,0.645,1,24,1.5999999999999999,64,2.0,ridge,7.580241796970262,0.39286969412156336,1.7814741308688435,0.40625,0.2,0.0,,,,
0.7845433255269321,0.8033854429275988,0.8206967677591912,0.9778397328376928,0.11848769031422093,0.20460965338516363,ItalyPowerDemand,2,5,4.7,7,26,guide=sig | walk=aligned | guard,0.645,1,24,1.5999999999999999,64,2.0,rf,7.580241796970262,0.39286969412156336,1.7814741308688435,0.40625,1.0,1.0,0.0,1.0,1.78,1.78
0.8394241417497231,0.8503187599023264,0.8587367967722925,0.980147936594285,0.09779082197549654,0.14320215959842272,ItalyPowerDemand,2,5,4.7,7,26,guide=sig | walk=aligned | guard,0.645,1,24,1.5999999999999999,64,2.0,ridge,7.580241796970262,0.39286969412156336,1.7814741308688435,0.40625,1.0,1.0,0.0,1.0,1.78,1.78
0.30132450331125826,0.42117444631651085,0.5886939571150097,0.9458856551369811,0.2267554799697657,0.2826854551344347,ItalyPowerDemand,2,10,8.2,4,29,none,0.645,1,24,1.5999999999999999,64,2.0,rf,,,,,,,,,,
0.6810673443456162,0.7185697850079554,0.7553946235096786,0.9487321879202744,0.17058233502035536,0.22855127869410127,ItalyPowerDemand,2,10,8.2,4,29,none,0.645,1,24,1.5999999999999999,64,2.0,ridge,,,,,,,,,,
0.7158671586715867,0.7465638225494663,0.774904800761594,0.954349698535745,0.14934964906597561,0.20443472627146095,ItalyPowerDemand,2,10,8.2,4,29,SMOTE-raw,0.645,1,24,1.5999999999999999,64,2.0,rf,2.3808963496725823,0.19592250568292102,0.4757739687663609,,,,,,,
0.8369565217391305,0.8476377809165272,0.8539258352599846,0.9424686824727624,0.11792851923252086,0.12817716513647104,ItalyPowerDemand,2,10,8.2,4,29,SMOTE-raw,0.645,1,24,1.5999999999999999,64,2.0,ridge,2.3808963496725823,0.19592250568292102,0.4757739687663609,,,,,,,
0.639686684073107,0.6856956035986638,0.7310394850174532,0.953941701799719,0.1592630493467228,0.21955620343375443,ItalyPowerDemand,2,10,8.2,4,29,guide=gpf | walk=plain,0.645,1,24,1.5999999999999999,64,2.0,rf,4.579819052259282,0.34484201101412504,0.9582810079708245,0.453125,0.2,0.0,,,,
0.8528464017185822,0.8616171196810755,0.8665907339407952,0.9571641204648139,0.10167609613381966,0.1143122150751657,ItalyPowerDemand,2,10,8.2,4,29,guide=gpf | walk=plain,0.645,1,24,1.5999999999999999,64,2.0,ridge,4.579819052259282,0.34484201101412504,0.9582810079708245,0.453125,0.2,0.0,,,,
0.639686684073107,0.6856956035986638,0.7310394850174532,0.953941701799719,0.1592630493467228,0.21955620343375443,ItalyPowerDemand,2,10,8.2,4,29,guide=gpf | walk=plain | guard,0.645,1,24,1.5999999999999999,64,2.0,rf,4.579819052259282,0.34484201101412504,0.9582810079708245,0.453125,1.0,1.0,0.0,1.0,0.96,0.96
0.8528464017185822,0.8616171196810755,0.8665907339407952,0.9571641204648139,0.10167609613381966,0.1143122150751657,ItalyPowerDemand,2,10,8.2,4,29,guide=gpf | walk=plain | guard,0.645,1,24,1.5999999999999999,64,2.0,ridge,4.579819052259282,0.34484201101412504,0.9582810079708245,0.453125,1.0,1.0,0.0,1.0,0.96,0.96
0.6916354556803995,0.726945814241137,0.7593215920939299,0.9416016894087069,0.15366859950329337,0.19612892776158078,ItalyPowerDemand,2,10,8.2,4,29,guide=gpf | walk=aligned,0.645,1,24,1.5999999999999999,64,2.0,rf,2.769734185374528,0.16384791790387776,1.790300014579663,0.453125,0.1,0.0,,,,
0.8053691275167785,0.8204843779396926,0.8305283557731538,0.9401302567357238,0.1298284704999181,0.1478475877725094,ItalyPowerDemand,2,10,8.2,4,29,guide=gpf | walk=aligned,0.645,1,24,1.5999999999999999,64,2.0,ridge,2.769734185374528,0.16384791790387776,1.790300014579663,0.453125,0.1,0.0,,,,
0.6916354556803995,0.726945814241137,0.7593215920939299,0.9416016894087069,0.15366859950329337,0.19612892776158078,ItalyPowerDemand,2,10,8.2,4,29,guide=gpf | walk=aligned | guard,0.645,1,24,1.5999999999999999,64,2.0,rf,2.769734185374528,0.16384791790387776,1.790300014579663,0.453125,0.9,1.0,0.0,1.0,1.79,1.79
0.8053691275167785,0.8204843779396926,0.8305283557731538,0.9401302567357238,0.1298284704999181,0.1478475877725094,ItalyPowerDemand,2,10,8.2,4,29,guide=gpf | walk=aligned | guard,0.645,1,24,1.5999999999999999,64,2.0,ridge,2.769734185374528,0.16384791790387776,1.790300014579663,0.453125,0.9,1.0,0.0,1.0,1.79,1.79
0.6860025220680959,0.722491554462647,0.7573552744911374,0.9393577073605633,0.1586153547133139,0.20246841593780374,ItalyPowerDemand,2,10,8.2,4,29,guide=sig | walk=aligned,0.645,1,24,1.5999999999999999,64,2.0,rf,2.079100774751714,0.13564507006548654,2.7370863376839076,0.90625,0.2,0.0,,,,
0.8207964601769911,0.8337661508046497,0.8422185955845687,0.9511386131133173,0.11813582822135266,0.13809968036470033,ItalyPowerDemand,2,10,8.2,4,29,guide=sig | walk=aligned,0.645,1,24,1.5999999999999999,64,2.0,ridge,2.079100774751714,0.13564507006548654,2.7370863376839076,0.90625,0.2,0.0,,,,
0.6917293233082706,0.7270679273478043,0.7602849177206582,0.9383717152485002,0.15574038440773133,0.1959021703919663,ItalyPowerDemand,2,10,8.2,4,29,guide=sig | walk=aligned | guard,0.645,1,24,1.5999999999999999,64,2.0,rf,1.8366214502508154,0.1256633018121215,2.000114372204088,0.90625,1.0,1.0,1.0,0.848,2.74,2.0
0.8387799564270153,0.8493519136700985,0.8558638197561086,0.9568203454372364,0.10657993990512525,0.12316503306429524,ItalyPowerDemand,2,10,8.2,4,29,guide=sig | walk=aligned | guard,0.645,1,24,1.5999999999999999,64,2.0,ridge,1.8366214502508154,0.1256633018121215,2.000114372204088,0.90625,1.0,1.0,1.0,0.848,2.74,2.0
0.41358024691358025,0.5105902063549337,0.6296352962509633,0.9607888692446015,0.2114982939207429,0.27578555231616453,ItalyPowerDemand,2,20,8.2,4,29,none,0.645,1,24,1.5999999999999999,64,2.0,rf,,,,,,,,,,
0.624,0.6734154528172214,0.7251631986944105,0.9677493691161582,0.18140770088587294,0.25288895152827806,ItalyPowerDemand,2,20,8.2,4,29,none,0.645,1,24,1.5999999999999999,64,2.0,ridge,,,,,,,,,,
0.6394736842105263,0.6855743868480507,0.7329661362709098,0.9502980642821524,0.17218378144908758,0.22397797214123746,ItalyPowerDemand,2,20,8.2,4,29,SMOTE-raw,0.645,1,24,1.5999999999999999,64,2.0,rf,1.837371881307126,0.15902871637848548,0.4054660841296979,,,,,,,
0.8266666666666667,0.8390866269158747,0.8480382156942744,0.9614027532224186,0.11598396907757573,0.14771340291917087,ItalyPowerDemand,2,20,8.2,4,29,SMOTE-raw,0.645,1,24,1.5999999999999999,64,2.0,ridge,1.837371881307126,0.15902871637848548,0.4054660841296979,,,,,,,
0.7055900621118012,0.7382568627313887,0.7690511809238859,0.9568713450292397,0.14796165640859518,0.19910916747651441,ItalyPowerDemand,2,20,8.2,4,29,guide=gpf | walk=plain,0.645,1,24,1.5999999999999999,64,2.0,rf,2.177625960439471,0.21165242697491415,0.2448860166102936,0.2265625,0.2,0.0,,,,
0.8126410835214447,0.8270879804493478,0.8382802937576499,0.9624491892953745,0.11953928119158247,0.15480288240502751,ItalyPowerDemand,2,20,8.2,4,29,guide=gpf | walk=plain,0.645,1,24,1.5999999999999999,64,2.0,ridge,2.177625960439471,0.21165242697491415,0.2448860166102936,0.2265625,0.2,0.0,,,,
0.7055900621118012,0.7382568627313887,0.7690511809238859,0.9568713450292397,0.14796165640859518,0.19910916747651441,ItalyPowerDemand,2,20,8.2,4,29,guide=gpf | walk=plain | guard,0.645,1,24,1.5999999999999999,64,2.0,rf,2.177625960439471,0.21165242697491415,0.2448860166102936,0.2265625,1.0,1.0,0.0,1.0,0.24,0.24
0.8126410835214447,0.8270879804493478,0.8382802937576499,0.9624491892953745,0.11953928119158247,0.15480288240502751,ItalyPowerDemand,2,20,8.2,4,29,guide=gpf | walk=plain | guard,0.645,1,24,1.5999999999999999,64,2.0,ridge,2.177625960439471,0.21165242697491415,0.2448860166102936,0.2265625,1.0,1.0,0.0,1.0,0.24,0.24
0.39689922480620154,0.49757257140716055,0.620880366290403,0.9400490351632743,0.20938286362163913,0.25833171363783614,ItalyPowerDemand,2,20,8.2,4,29,guide=gpf | walk=aligned,0.645,1,24,1.5999999999999999,64,2.0,rf,6.482976237941445,0.4078740449303739,0.6210727765810985,0.3020833333333333,0.2,0.0,,,,
0.6251655629139072,0.6743068261672626,0.7242055396890158,0.9486075222509331,0.19159893781789714,0.2490024826862579,ItalyPowerDemand,2,20,8.2,4,29,guide=gpf | walk=aligned,0.645,1,24,1.5999999999999999,64,2.0,ridge,6.482976237941445,0.4078740449303739,0.6210727765810985,0.3020833333333333,0.2,0.0,,,,
0.39689922480620154,0.49757257140716055,0.620880366290403,0.9400490351632743,0.20938286362163913,0.25833171363783614,ItalyPowerDemand,2,20,8.2,4,29,guide=gpf | walk=aligned | guard,0.645,1,24,1.5999999999999999,64,2.0,rf,6.482976237941445,0.4078740449303739,0.6210727765810985,0.3020833333333333,1.0,1.0,0.0,1.0,0.62,0.62
0.6251655629139072,0.6743068261672626,0.7242055396890158,0.9486075222509331,0.19159893781789714,0.2490024826862579,ItalyPowerDemand,2,20,8.2,4,29,guide=gpf | walk=aligned | guard,0.645,1,24,1.5999999999999999,64,2.0,ridge,6.482976237941445,0.4078740449303739,0.6210727765810985,0.3020833333333333,1.0,1.0,0.0,1.0,0.62,0.62
0.6666666666666666,0.7069892354962308,0.7447017090529942,0.9328354262054792,0.164224716553288,0.19338192419825076,ItalyPowerDemand,2,20,8.2,4,29,guide=sig | walk=aligned,0.645,1,24,1.5999999999999999,64,2.0,rf,3.166869826765785,0.24802619389804548,0.7416239497065439,0.3020833333333333,0.1,0.0,,,,
0.8366445916114791,0.8477892983937039,0.8558298200281065,0.9656036085044654,0.11083606824846787,0.14689793492798178,ItalyPowerDemand,2,20,8.2,4,29,guide=sig | walk=aligned,0.645,1,24,1.5999999999999999,64,2.0,ridge,3.166869826765785,0.24802619389804548,0.7416239497065439,0.3020833333333333,0.1,0.0,,,,
0.6666666666666666,0.7069892354962308,0.7447017090529942,0.9328354262054792,0.164224716553288,0.19338192419825076,ItalyPowerDemand,2,20,8.2,4,29,guide=sig | walk=aligned | guard,0.645,1,24,1.5999999999999999,64,2.0,rf,3.166869826765785,0.24802619389804548,0.7416239497065439,0.3020833333333333,0.9,1.0,0.0,1.0,0.74,0.74
0.8366445916114791,0.8477892983937039,0.8558298200281065,0.9656036085044654,0.11083606824846787,0.14689793492798178,ItalyPowerDemand,2,20,8.2,4,29,guide=sig | walk=aligned | guard,0.645,1,24,1.5999999999999999,64,2.0,ridge,3.166869826765785,0.24802619389804548,0.7416239497065439,0.3020833333333333,0.9,1.0,0.0,1.0,0.74,0.74
0.5961538461538461,0.6575116539359024,0.7057697566311184,0.9072327044025157,0.1597071746031746,0.16148571428571432,ArrowHead,0,5,4.8,5,19,none,0.826,1,251,1.4,64,2.0,rf,,,,,,,,,,
0.5740740740740741,0.6444903318159327,0.6869018321028165,0.8727098714793546,0.20709681791355475,0.19947143750071988,ArrowHead,0,5,4.8,5,19,none,0.826,1,251,1.4,64,2.0,ridge,,,,,,,,,,
0.8148148148148148,0.845212029227318,0.846663932184851,0.9226141646158054,0.11006666666666667,0.05622857142857143,ArrowHead,0,5,4.8,5,19,SMOTE-raw,0.826,1,251,1.4,64,2.0,rf,2.1253273862748845,0.15426726724336015,0.7126175331106664,,,,,,,
0.7205882352941176,0.7678243806131982,0.7701668033907575,0.8660103910308996,0.16566645910924294,0.12982775476303995,ArrowHead,0,5,4.8,5,19,SMOTE-raw,0.826,1,251,1.4,64,2.0,ridge,2.1253273862748845,0.15426726724336015,0.7126175331106664,,,,,,,
0.6486486486486487,0.7015744627801574,0.7325676784249384,0.9022422750888707,0.14880063492063492,0.12872380952380952,ArrowHead,0,5,4.8,5,19,guide=gpf | walk=plain,0.826,1,251,1.4,64,2.0,rf,8.369256411857789,0.5211407213350656,0.519902254694859,0.19791666666666666,0.2,0.0,,,,
0.6666666666666666,0.7207992404145733,0.737968280010938,0.8773584905660378,0.16790259676013947,0.1470383217870287,ArrowHead,0,5,4.8,5,19,guide=gpf | walk=plain,0.826,1,251,1.4,64,2.0,ridge,8.369256411857789,0.5211407213350656,0.519902254694859,0.19791666666666666,0.2,0.0,,,,
0.6486486486486487,0.7015744627801574,0.7325676784249384,0.9022422750888707,0.14880063492063492,0.12872380952380952,ArrowHead,0,5,4.8,5,19,guide=gpf | walk=plain | guard,0.826,1,251,1.4,64,2.0,rf,8.369256411857789,0.5211407213350656,0.519902254694859,0.19791666666666666,0.9,1.0,0.0,1.0,0.52,0.52
0.6666666666666666,0.7207992404145733,0.737968280010938,0.8773584905660378,0.16790259676013947,0.1470383217870287,ArrowHead,0,5,4.8,5,19,guide=gpf | walk=plain | guard,0.826,1,251,1.4,64,2.0,ridge,8.369256411857789,0.5211407213350656,0.519902254694859,0.19791666666666666,0.9,1.0,0.0,1.0,0.52,0.52
0.7008547008547008,0.7449584448111773,0.7640825813508341,0.9093519278096801,0.13435980952380952,0.09971428571428574,ArrowHead,0,5,4.8,5,19,guide=gpf | walk=aligned,0.826,1,251,1.4,64,2.0,rf,4.2470969566175025,0.3236921329508654,0.4605518228627181,0.19791666666666666,0.8,0.0,,,,
0.6935483870967742,0.7433967816396212,0.7549904293136451,0.8891167623735303,0.1596795249830208,0.13383701670893966,ArrowHead,0,5,4.8,5,19,guide=gpf | walk=aligned,0.826,1,251,1.4,64,2.0,ridge,4.2470969566175025,0.3236921329508654,0.4605518228627181,0.19791666666666666,0.8,0.0,,,,
0.7008547008547008,0.7449584448111773,0.7640825813508341,0.9093519278096801,0.13435980952380952,0.09971428571428574,ArrowHead,0,5,4.8,5,19,guide=gpf | walk=aligned | guard,0.826,1,251,1.4,64,2.0,rf,4.2470969566175025,0.3236921329508654,0.4605518228627181,0.19791666666666666,1.9,1.0,0.0,1.0,0.46,0.46
0.6935483870967742,0.7433967816396212,0.7549904293136451,0.8891167623735303,0.1596795249830208,0.13383701670893966,ArrowHead,0,5,4.8,5,19,guide=gpf | walk=aligned | guard,0.826,1,251,1.4,64,2.0,ridge,4.2470969566175025,0.3236921329508654,0.4605518228627181,0.19791666666666666,1.9,1.0,0.0,1.0,0.46,0.46
0.6785714285714286,0.7243942713964876,0.7517774131802024,0.907437790538693,0.1370933968253968,0.11011428571428568,ArrowHead,0,5,4.8,5,19,guide=sig | walk=aligned,0.826,1,251,1.4,64,2.0,rf,4.244083258250818,0.30870182760011244,0.5640924263812539,0.296875,0.7,0.0,,,,
0.688,0.7394319705344098,0.7502734481815696,0.8785890073831009,0.16788414751438813,0.145810236520428,ArrowHead,0,5,4.8,5,19,guide=sig | walk=aligned,0.826,1,251,1.4,64,2.0,ridge,4.244083258250818,0.30870182760011244,0.5640924263812539,0.296875,0.7,0.0,,,,
0.6785714285714286,0.7243942713964876,0.7517774131802024,0.907437790538693,0.1370933968253968,0.11011428571428568,ArrowHead,0,5,4.8,5,19,guide=sig | walk=aligned | guard,0.826,1,251,1.4,64,2.0,rf,4.244083258250818,0.30870182760011244,0.5640924263812539,0.296875,1.4,1.0,0.0,1.0,0.56,0.56
0.688,0.7394319705344098,0.7502734481815696,0.8785890073831009,0.16788414751438813,0.145810236520428,ArrowHead,0,5,4.8,5,19,guide=sig | walk=aligned | guard,0.826,1,251,1.4,64,2.0,ridge,4.244083258250818,0.30870182760011244,0.5640924263812539,0.296875,1.4,1.0,0.0,1.0,0.56,0.56
0.5773195876288659,0.6370220572706061,0.7028985507246377,0.8836477987421385,0.1836742857142857,0.20533333333333334,ArrowHead,0,10,6.0,4,20,none,0.826,1,251,1.5999999999999999,64,2.0,rf,,,,,,,,,,
0.5102040816326531,0.5904628959564102,0.6622914957615532,0.8930817610062893,0.23068167645229123,0.2344303204352616,ArrowHead,0,10,6.0,4,20,none,0.826,1,251,1.5999999999999999,64,2.0,ridge,,,,,,,,,,
0.6909090909090909,0.7315313331168342,0.7612113754443532,0.9124965818977305,0.1443951111111111,0.14988571428571432,ArrowHead,0,10,6.0,4,20,SMOTE-raw,0.826,1,251,1.5999999999999999,64,2.0,rf,3.4665277211512393,0.25858224800701546,0.53861527021761,,,,,,,
0.6037735849056604,0.6647497735362243,0.7082991523106371,0.8501503964998632,0.20170044080310712,0.1934087810802206,ArrowHead,0,10,6.0,4,20,SMOTE-raw,0.826,1,251,1.5999999999999999,64,2.0,ridge,3.4665277211512393,0.25858224800701546,0.53861527021761,,,,,,,
0.6788990825688074,0.7218417485715679,0.7539649986327591,0.8932868471424664,0.1451787936507936,0.13645714285714283,ArrowHead,0,10,6.0,4,20,guide=gpf | walk=plain,0.826,1,251,1.5999999999999999,64,2.0,rf,5.902343187631972,0.31605173137010545,1.6600125846459983,0.625,0.1,0.0,,,,
0.5769230769230769,0.6436412005752372,0.6938063986874488,0.8761279737489746,0.20490638998517624,0.20374755709944412,ArrowHead,0,10,6.0,4,20,guide=gpf | walk=plain,0.826,1,251,1.5999999999999999,64,2.0,ridge,5.902343187631972,0.31605173137010545,1.6600125846459983,0.625,0.1,0.0,,,,
0.6788990825688074,0.7218417485715679,0.7539649986327591,0.8932868471424664,0.1451787936507936,0.13645714285714283,ArrowHead,0,10,6.0,4,20,guide=gpf | walk=plain | guard,0.826,1,251,1.5999999999999999,64,2.0,rf,5.902343187631972,0.31605173137010545,1.6600125846459983,0.625,0.9,1.0,0.0,1.0,1.66,1.66
0.5769230769230769,0.6436412005752372,0.6938063986874488,0.8761279737489746,0.20490638998517624,0.20374755709944412,ArrowHead,0,10,6.0,4,20,guide=gpf | walk=plain | guard,0.826,1,251,1.5999999999999999,64,2.0,ridge,5.902343187631972,0.31605173137010545,1.6600125846459983,0.625,0.9,1.0,0.0,1.0,1.66,1.66
0.6727272727272727,0.7183291158110057,0.7492480175006837,0.896841673502871,0.14288869841269844,0.13140952380952384,ArrowHead,0,10,6.0,4,20,guide=gpf | walk=aligned,0.826,1,251,1.5999999999999999,64,2.0,rf,4.279553704451642,0.31427502166504917,0.5314466814935258,0.625,0.2,0.0,,,,
0.6238532110091743,0.6818078238538389,0.7180749248017501,0.9070276182663385,0.1780806003947538,0.188208878686902,ArrowHead,0,10,6.0,4,20,guide=gpf | walk=aligned,0.826,1,251,1.5999999999999999,64,2.0,ridge,4.279553704451642,0.31427502166504917,0.5314466814935258,0.625,0.2,0.0,,,,
0.6727272727272727,0.7183291158110057,0.7492480175006837,0.896841673502871,0.14288869841269844,0.13140952380952384,ArrowHead,0,10,6.0,4,20,guide=gpf | walk=aligned | guard,0.826,1,251,1.5999999999999999,64,2.0,rf,4.279553704451642,0.31427502166504917,0.5314466814935258,0.625,0.9,1.0,0.0,1.0,0.53,0.53
0.6238532110091743,0.6818078238538389,0.7180749248017501,0.9070276182663385,0.1780806003947538,0.188208878686902,ArrowHead,0,10,6.0,4,20,guide=gpf | walk=aligned | guard,0.826,1,251,1.5999999999999999,64,2.0,ridge,4.279553704451642,0.31427502166504917,0.5314466814935258,0.625,0.9,1.0,0.0,1.0,0.53,0.53
0.7079646017699115,0.7468830500165129,0.7709871479354662,0.9036778780421109,0.1341670476190476,0.12032380952380953,ArrowHead,0,10,6.0,4,20,guide=sig | walk=aligned,0.826,1,251,1.5999999999999999,64,2.0,rf,3.3451291866356136,0.22887612897519316,0.7335835873223414,0.3125,0.4,0.0,,,,
0.5981308411214953,0.6614507468522113,0.7035821711785617,0.8848783155592015,0.1849201164360668,0.19346239979014826,ArrowHead,0,10,6.0,4,20,guide=sig | walk=aligned,0.826,1,251,1.5999999999999999,64,2.0,ridge,3.3451291866356136,0.22887612897519316,0.7335835873223414,0.3125,0.4,0.0,,,,
0.7079646017699115,0.7468830500165129,0.7709871479354662,0.9036778780421109,0.1341670476190476,0.12032380952380953,ArrowHead,0,10,6.0,4,20,guide=sig | walk=aligned | guard,0.826,1,251,1.5999999999999999,64,2.0,rf,3.3451291866356136,0.22887612897519316,0.7335835873223414,0.3125,1.5,1.0,0.0,1.0,0.73,0.73
0.5981308411214953,0.6614507468522113,0.7035821711785617,0.8848783155592015,0.1849201164360668,0.19346239979014826,ArrowHead,0,10,6.0,4,20,guide=sig | walk=aligned | guard,0.826,1,251,1.5999999999999999,64,2.0,ridge,3.3451291866356136,0.22887612897519316,0.7335835873223414,0.3125,1.5,1.0,0.0,1.0,0.73,0.73
0.5416666666666666,0.6109474345985044,0.6836888159693738,0.9099671862182116,0.16870679365079366,0.17919999999999994,ArrowHead,0,20,6.0,4,20,none,0.826,1,251,1.4,64,2.0,rf,,,,,,,,,,
0.5607476635514018,0.6340101157767919,0.6796554552912223,0.871752802843861,0.20712803221082188,0.18102917225001103,ArrowHead,0,20,6.0,4,20,none,0.826,1,251,1.4,64,2.0,ridge,,,,,,,,,,
0.8088235294117647,0.8407517763034443,0.8419469510527755,0.9180339075745146,0.11472958730158729,0.06382857142857146,ArrowHead,0,20,6.0,4,20,SMOTE-raw,0.826,1,251,1.4,64,2.0,rf,2.281395939062616,0.15324464518134606,0.658021319708262,,,,,,,
0.7205882352941176,0.7678243806131982,0.7701668033907575,0.8471424665025977,0.17485112151752072,0.1469899513233595,ArrowHead,0,20,6.0,4,20,SMOTE-raw,0.826,1,251,1.4,64,2.0,ridge,2.281395939062616,0.15324464518134606,0.658021319708262,,,,,,,
0.672566371681416,0.7207992404145733,0.7470604320481269,0.9080530489472245,0.14073720634920636,0.11438095238095237,ArrowHead,0,20,6.0,4,20,guide=gpf | walk=plain,0.826,1,251,1.4,64,2.0,rf,8.827890236068422,0.5367184024858811,0.4342012352432832,0.3125,0.2,0.0,,,,
0.6666666666666666,0.7207992404145733,0.737968280010938,0.874487284659557,0.1687635373802043,0.1485590440080561,ArrowHead,0,20,6.0,4,20,guide=gpf | walk=plain,0.826,1,251,1.4,64,2.0,ridge,8.827890236068422,0.5367184024858811,0.4342012352432832,0.3125,0.2,0.0,,,,
0.672566371681416,0.7207992404145733,0.7470604320481269,0.9080530489472245,0.14073720634920636,0.11438095238095237,ArrowHead,0,20,6.0,4,20,guide=gpf | walk=plain | guard,0.826,1,251,1.4,64,2.0,rf,8.827890236068422,0.5367184024858811,0.4342012352432832,0.3125,1.0,1.0,0.0,1.0,0.43,0.43
0.6666666666666666,0.7207992404145733,0.737968280010938,0.874487284659557,0.1687635373802043,0.1485590440080561,ArrowHead,0,20,6.0,4,20,guide=gpf | walk=plain | guard,0.826,1,251,1.4,64,2.0,ridge,8.827890236068422,0.5367184024858811,0.4342012352432832,0.3125,1.0,1.0,0.0,1.0,0.43,0.43
0.6782608695652174,0.7265615696691495,0.7495898277276456,0.9111293409898824,0.13469853968253967,0.11942857142857144,ArrowHead,0,20,6.0,4,20,guide=gpf | walk=aligned,0.826,1,251,1.4,64,2.0,rf,4.678303249748138,0.3508794119001819,0.3993925715041324,0.3125,0.3,0.0,,,,
0.6829268292682927,0.7347017833232582,0.7477440525020509,0.8833743505605688,0.16710243263685753,0.13483758393081843,ArrowHead,0,20,6.0,4,20,guide=gpf | walk=aligned,0.826,1,251,1.4,64,2.0,ridge,4.678303249748138,0.3508794119001819,0.3993925715041324,0.3125,0.3,0.0,,,,
0.6782608695652174,0.7265615696691495,0.7495898277276456,0.9111293409898824,0.13469853968253967,0.11942857142857144,ArrowHead,0,20,6.0,4,20,guide=gpf | walk=aligned | guard,0.826,1,251,1.4,64,2.0,rf,4.678303249748138,0.3508794119001819,0.3993925715041324,0.3125,0.9,1.0,0.0,1.0,0.4,0.4
0.6829268292682927,0.7347017833232582,0.7477440525020509,0.8833743505605688,0.16710243263685753,0.13483758393081843,ArrowHead,0,20,6.0,4,20,guide=gpf | walk=aligned | guard,0.826,1,251,1.4,64,2.0,ridge,4.678303249748138,0.3508794119001819,0.3993925715041324,0.3125,0.9,1.0,0.0,1.0,0.4,0.4
0.6607142857142857,0.7112518090688742,0.7398140552365327,0.9080530489472245,0.1421415238095238,0.12028571428571427,ArrowHead,0,20,6.0,4,20,guide=sig | walk=aligned,0.826,1,251,1.4,64,2.0,rf,5.185108949754136,0.3851147213295253,0.3903171436832772,0.20833333333333334,0.7,0.0,,,,
0.6721311475409836,0.7259026421529301,0.7404976756904567,0.8828274541974296,0.16892099237692004,0.14047419126390026,ArrowHead,0,20,6.0,4,20,guide=sig | walk=aligned,0.826,1,251,1.4,64,2.0,ridge,5.185108949754136,0.3851147213295253,0.3903171436832772,0.20833333333333334,0.7,0.0,,,,
0.6607142857142857,0.7112518090688742,0.7398140552365327,0.9080530489472245,0.1421415238095238,0.12028571428571427,ArrowHead,0,20,6.0,4,20,guide=sig | walk=aligned | guard,0.826,1,251,1.4,64,2.0,rf,5.185108949754136,0.3851147213295253,0.3903171436832772,0.20833333333333334,1.4,1.0,0.0,1.0,0.39,0.39
0.6721311475409836,0.7259026421529301,0.7404976756904567,0.8828274541974296,0.16892099237692004,0.14047419126390026,ArrowHead,0,20,6.0,4,20,guide=sig | walk=aligned | guard,0.826,1,251,1.4,64,2.0,ridge,5.185108949754136,0.3851147213295253,0.3903171436832772,0.20833333333333334,1.4,1.0,0.0,1.0,0.39,0.39
0.6666666666666666,0.7088448586497094,0.7489062072737216,0.9051818430407437,0.14460387301587302,0.15278095238095235,ArrowHead,1,5,4.8,5,19,none,0.826,1,251,1.5999999999999999,64,2.0,rf,,,,,,,,,,
0.6846846846846847,0.7279715488134617,0.7564943943122778,0.9088050314465409,0.15953642423025188,0.17218453320377017,ArrowHead,1,5,4.8,5,19,none,0.826,1,251,1.5999999999999999,64,2.0,ridge,,,,,,,,,,
0.7413793103448276,0.7743848282230976,0.7927262783702489,0.9246650259775772,0.1276015238095238,0.1289142857142857,ArrowHead,1,5,4.8,5,19,SMOTE-raw,0.826,1,251,1.5999999999999999,64,2.0,rf,2.282357025395388,0.1602236521208521,0.5472368417329031,,,,,,,
0.7130434782608696,0.7524456524825174,0.7735165436149849,0.8893902105550998,0.14689793625298675,0.13043871635949963,ArrowHead,1,5,4.8,5,19,SMOTE-raw,0.826,1,251,1.5999999999999999,64,2.0,ridge,2.282357025395388,0.1602236521208521,0.5472368417329031,,,,,,,
0.773109243697479,0.8009428406336273,0.8144654088050314,0.9150943396226414,0.12282247619047618,0.11680000000000003,ArrowHead,1,5,4.8,5,19,guide=gpf | walk=plain,0.826,1,251,1.5999999999999999,64,2.0,rf,3.9098792749712707,0.2454975151373039,0.8572606523800739,0.59375,0.0,0.0,,,,
0.7241379310344828,0.7615665388586251,0.7807629204265791,0.900054689636314,0.14368031317182736,0.13879687512055533,ArrowHead,1,5,4.8,5,19,guide=gpf | walk=plain,0.826,1,251,1.5999999999999999,64,2.0,ridge,3.9098792749712707,0.2454975151373039,0.8572606523800739,0.59375,0.0,0.0,,,,
0.773109243697479,0.8009428406336273,0.8144654088050314,0.9150943396226414,0.12282247619047618,0.11680000000000003,ArrowHead,1,5,4.8,5,19,guide=gpf | walk=plain | guard,0.826,1,251,1.5999999999999999,64,2.0,rf,3.9098792749712707,0.2454975151373039,0.8572606523800739,0.59375,0.7,1.0,0.0,1.0,0.86,0.86
0.7241379310344828,0.7615665388586251,0.7807629204265791,0.900054689636314,0.14368031317182736,0.13879687512055533,ArrowHead,1,5,4.8,5,19,guide=gpf | walk=plain | guard,0.826,1,251,1.5999999999999999,64,2.0,ridge,3.9098792749712707,0.2454975151373039,0.8572606523800739,0.59375,0.7,1.0,0.0,1.0,0.86,0.86
0.7768595041322314,0.8056235218484052,0.8169948044845502,0.9226141646158053,0.11400247619047618,0.09548571428571431,ArrowHead,1,5,4.8,5,19,guide=gpf | walk=aligned,0.826,1,251,1.5999999999999999,64,2.0,rf,2.778321051510103,0.16824556271007773,0.7588514394956677,0.59375,0.2,0.0,,,,
0.7377049180327869,0.7765006377080135,0.7883511074651354,0.9068908941755537,0.14752340061434188,0.1447584132678561,ArrowHead,1,5,4.8,5,19,guide=gpf | walk=aligned,0.826,1,251,1.5999999999999999,64,2.0,ridge,2.778321051510103,0.16824556271007773,0.7588514394956677,0.59375,0.2,0.0,,,,
0.7768595041322314,0.8056235218484052,0.8169948044845502,0.9226141646158053,0.11400247619047618,0.09548571428571431,ArrowHead,1,5,4.8,5,19,guide=gpf | walk=aligned | guard,0.826,1,251,1.5999999999999999,64,2.0,rf,2.778321051510103,0.16824556271007773,0.7588514394956677,0.59375,0.9,1.0,0.0,1.0,0.76,0.76
0.7377049180327869,0.7765006377080135,0.7883511074651354,0.9068908941755537,0.14752340061434188,0.1447584132678561,ArrowHead,1,5,4.8,5,19,guide=gpf | walk=aligned | guard,0.826,1,251,1.5999999999999999,64,2.0,ridge,2.778321051510103,0.16824556271007773,0.7588514394956677,0.59375,0.9,1.0,0.0,1.0,0.76,0.76
0.7804878048780488,0.810108409885382,0.8195242001640689,0.9160514082581351,0.11749079365079364,0.09184761904761905,ArrowHead,1,5,4.8,5,19,guide=sig | walk=aligned,0.826,1,251,1.5999999999999999,64,2.0,rf,2.8353820772574725,0.1683799869793774,0.8637302192136616,0.59375,0.4,0.0,,,,
0.7213114754098361,0.7638968644192162,0.7763877495214657,0.9008750341810228,0.1537223293079804,0.14952130595798974,ArrowHead,1,5,4.8,5,19,guide=sig | walk=aligned,0.826,1,251,1.5999999999999999,64,2.0,ridge,2.8353820772574725,0.1683799869793774,0.8637302192136616,0.59375,0.4,0.0,,,,
0.7804878048780488,0.810108409885382,0.8195242001640689,0.9160514082581351,0.11749079365079364,0.09184761904761905,ArrowHead,1,5,4.8,5,19,guide=sig | walk=aligned | guard,0.826,1,251,1.5999999999999999,64,2.0,rf,2.8353820772574725,0.1683799869793774,0.8637302192136616,0.59375,1.0,1.0,0.0,1.0,0.86,0.86
0.7213114754098361,0.7638968644192162,0.7763877495214657,0.9008750341810228,0.1537223293079804,0.14952130595798974,ArrowHead,1,5,4.8,5,19,guide=sig | walk=aligned | guard,0.826,1,251,1.5999999999999999,64,2.0,ridge,2.8353820772574725,0.1683799869793774,0.8637302192136616,0.59375,1.0,1.0,0.0,1.0,0.86,0.86
0.4090909090909091,0.5083389927826362,0.6257178014766202,0.8395542794640416,0.22454012698412698,0.20165714285714284,ArrowHead,1,10,6.0,4,20,none,0.826,1,251,1.5999999999999999,64,2.0,rf,,,,,,,,,,
0.42696629213483145,0.522268667560738,0.6329641782882144,0.9011484823625923,0.2479837439071948,0.26415096334230354,ArrowHead,1,10,6.0,4,20,none,0.826,1,251,1.5999999999999999,64,2.0,ridge,,,,,,,,,,
0.56,0.6279428937597371,0.6887476073284113,0.8344271260596117,0.19947853968253967,0.1823047619047619,ArrowHead,1,10,6.0,4,20,SMOTE-raw,0.826,1,251,1.5999999999999999,64,2.0,rf,6.904911821379068,0.5254141830732574,0.48087101294557155,,,,,,,
0.5052631578947369,0.5841774821052687,0.6644790812141099,0.8934919332786437,0.2244658137284935,0.2309940524578021,ArrowHead,1,10,6.0,4,20,SMOTE-raw,0.826,1,251,1.5999999999999999,64,2.0,ridge,6.904911821379068,0.5254141830732574,0.48087101294557155,,,,,,,
0.5306122448979592,0.6051009131720795,0.6742548537052229,0.8435192780968007,0.19400558730158732,0.189447619047619,ArrowHead,1,10,6.0,4,20,guide=gpf | walk=plain,0.826,1,251,1.5999999999999999,64,2.0,rf,6.83057146393657,0.4575435037361668,1.3838107325428153,0.625,0.1,0.0,,,,
0.4782608695652174,0.5619899017890618,0.654703308722997,0.8881596937380366,0.22857143427319687,0.2354185108019117,ArrowHead,1,10,6.0,4,20,guide=gpf | walk=plain,0.826,1,251,1.5999999999999999,64,2.0,ridge,6.83057146393657,0.4575435037361668,1.3838107325428153,0.625,0.1,0.0,,,,
0.5306122448979592,0.6051009131720795,0.6742548537052229,0.8435192780968007,0.19400558730158732,0.189447619047619,ArrowHead,1,10,6.0,4,20,guide=gpf | walk=plain | guard,0.826,1,251,1.5999999999999999,64,2.0,rf,6.83057146393657,0.4575435037361668,1.3838107325428153,0.625,0.8,1.0,0.0,1.0,1.38,1.38
0.4782608695652174,0.5619899017890618,0.654703308722997,0.8881596937380366,0.22857143427319687,0.2354185108019117,ArrowHead,1,10,6.0,4,20,guide=gpf | walk=plain | guard,0.826,1,251,1.5999999999999999,64,2.0,ridge,6.83057146393657,0.4575435037361668,1.3838107325428153,0.625,0.8,1.0,0.0,1.0,1.38,1.38
0.5742574257425742,0.639057790167827,0.6959939841400055,0.8852884878315559,0.19365358730158727,0.19222857142857142,ArrowHead,1,10,6.0,4,20,guide=gpf | walk=aligned,0.826,1,251,1.5999999999999999,64,2.0,rf,6.194232270078052,0.4105029562843622,1.6380144677772026,0.625,0.2,0.0,,,,
0.5742574257425742,0.639057790167827,0.6959939841400055,0.9025157232704403,0.20901963586601432,0.2151231134451103,ArrowHead,1,10,6.0,4,20,guide=gpf | walk=aligned,0.826,1,251,1.5999999999999999,64,2.0,ridge,6.194232270078052,0.4105029562843622,1.6380144677772026,0.625,0.2,0.0,,,,
0.5742574257425742,0.639057790167827,0.6959939841400055,0.8852884878315559,0.19365358730158727,0.19222857142857142,ArrowHead,1,10,6.0,4,20,guide=gpf | walk=aligned | guard,0.826,1,251,1.5999999999999999,64,2.0,rf,6.194232270078052,0.4105029562843622,1.6380144677772026,0.625,0.9,1.0,0.0,1.0,1.64,1.64
0.5742574257425742,0.639057790167827,0.6959939841400055,0.9025157232704403,0.20901963586601432,0.2151231134451103,ArrowHead,1,10,6.0,4,20,guide=gpf | walk=aligned | guard,0.826,1,251,1.5999999999999999,64,2.0,ridge,6.194232270078052,0.4105029562843622,1.6380144677772026,0.625,0.9,1.0,0.0,1.0,1.64,1.64
0.5742574257425742,0.639057790167827,0.6959939841400055,0.8799562482909489,0.1950366349206349,0.19335238095238094,ArrowHead,1,10,6.0,4,20,guide=sig | walk=aligned,0.826,1,251,1.5999999999999999,64,2.0,rf,6.202716654611036,0.4102645946192893,1.6679142515581156,0.625,0.2,0.0,,,,
0.5742574257425742,0.639057790167827,0.6959939841400055,0.9012852064533771,0.208796057582939,0.21316241935310132,ArrowHead,1,10,6.0,4,20,guide=sig | walk=aligned,0.826,1,251,1.5999999999999999,64,2.0,ridge,6.202716654611036,0.4102645946192893,1.6679142515581156,0.625,0.2,0.0,,,,
0.5742574257425742,0.639057790167827,0.6959939841400055,0.8799562482909489,0.1950366349206349,0.19335238095238094,ArrowHead,1,10,6.0,4,20,guide=sig | walk=aligned | guard,0.826,1,251,1.5999999999999999,64,2.0,rf,6.202716654611036,0.4102645946192893,1.6679142515581156,0.625,0.9,1.0,0.0,1.0,1.67,1.67
0.5742574257425742,0.639057790167827,0.6959939841400055,0.9012852064533771,0.208796057582939,0.21316241935310132,ArrowHead,1,10,6.0,4,20,guide=sig | walk=aligned | guard,0.826,1,251,1.5999999999999999,64,2.0,ridge,6.202716654611036,0.4102645946192893,1.6679142515581156,0.625,0.9,1.0,0.0,1.0,1.67,1.67
0.7413793103448276,0.7743848282230976,0.7927262783702489,0.9298605414273996,0.1312167619047619,0.12567619047619047,ArrowHead,1,20,6.0,4,20,none,0.826,1,251,1.5999999999999999,64,2.0,rf,,,,,,,,,,
0.6371681415929203,0.6945232841948219,0.7231337161607876,0.888569866010391,0.1786595317689469,0.16354352923795054,ArrowHead,1,20,6.0,4,20,none,0.826,1,251,1.5999999999999999,64,2.0,ridge,,,,,,,,,,
0.8175182481751825,0.8483605447515624,0.8491933278643697,0.9185124418922614,0.11403174603174603,0.04910476190476188,ArrowHead,1,20,6.0,4,20,SMOTE-raw,0.826,1,251,1.5999999999999999,64,2.0,rf,2.988977525930954,0.20940673476123084,0.4766663687439093,,,,,,,
0.7205882352941176,0.7678243806131982,0.7701668033907575,0.851791085589281,0.17262911920330193,0.13433782260179128,ArrowHead,1,20,6.0,4,20,SMOTE-raw,0.826,1,251,1.5999999999999999,64,2.0,ridge,2.988977525930954,0.20940673476123084,0.4766663687439093,,,,,,,
0.7777777777777778,0.8102771648939588,0.8173366147115122,0.9294503691550451,0.11417752380952381,0.07958095238095239,ArrowHead,1,20,6.0,4,20,guide=gpf | walk=plain,0.826,1,251,1.5999999999999999,64,2.0,rf,9.20668069509668,0.4497154585602252,1.051888041793285,0.3125,0.2,0.0,,,,
0.6666666666666666,0.7220311337902461,0.7357806945583811,0.868471424665026,0.16703536257348037,0.1409908615391465,ArrowHead,1,20,6.0,4,20,guide=gpf | walk=plain,0.826,1,251,1.5999999999999999,64,2.0,ridge,9.20668069509668,0.4497154585602252,1.051888041793285,0.3125,0.2,0.0,,,,
0.7777777777777778,0.8102771648939588,0.8173366147115122,0.9294503691550451,0.11417752380952381,0.07958095238095239,ArrowHead,1,20,6.0,4,20,guide=gpf | walk=plain | guard,0.826,1,251,1.5999999999999999,64,2.0,rf,9.20668069509668,0.4497154585602252,1.051888041793285,0.3125,0.9,1.0,0.0,1.0,1.05,1.05
0.6666666666666666,0.7220311337902461,0.7357806945583811,0.868471424665026,0.16703536257348037,0.1409908615391465,ArrowHead,1,20,6.0,4,20,guide=gpf | walk=plain | guard,0.826,1,251,1.5999999999999999,64,2.0,ridge,9.20668069509668,0.4497154585602252,1.051888041793285,0.3125,0.9,1.0,0.0,1.0,1.05,1.05
0.8062015503875969,0.8347131043893596,0.8390757451462948,0.9345091605140825,0.10675650793650796,0.08043809523809521,ArrowHead,1,20,6.0,4,20,guide=gpf | walk=aligned,0.826,1,251,1.5999999999999999,64,2.0,rf,3.7844200444613634,0.2512870602642595,0.6329860005953255,0.20833333333333334,0.6,0.0,,,,
0.7794117647058824,0.816496580927726,0.8180202351654362,0.9047033087229971,0.13367224373648823,0.09827972223374787,ArrowHead,1,20,6.0,4,20,guide=gpf | walk=aligned,0.826,1,251,1.5999999999999999,64,2.0,ridge,3.7844200444613634,0.2512870602642595,0.6329860005953255,0.20833333333333334,0.6,0.0,,,,
0.8062015503875969,0.8347131043893596,0.8390757451462948,0.9345091605140825,0.10675650793650796,0.08043809523809521,ArrowHead,1,20,6.0,4,20,guide=gpf | walk=aligned | guard,0.826,1,251,1.5999999999999999,64,2.0,rf,3.7844200444613634,0.2512870602642595,0.6329860005953255,0.20833333333333334,1.2,1.0,0.0,1.0,0.63,0.63
0.7794117647058824,0.816496580927726,0.8180202351654362,0.9047033087229971,0.13367224373648823,0.09827972223374787,ArrowHead,1,20,6.0,4,20,guide=gpf | walk=aligned | guard,0.826,1,251,1.5999999999999999,64,2.0,ridge,3.7844200444613634,0.2512870602642595,0.6329860005953255,0.20833333333333334,1.2,1.0,0.0,1.0,0.63,0.63
0.7804878048780488,0.810108409885382,0.8195242001640689,0.926510801203172,0.11812330158730158,0.0931047619047619,ArrowHead,1,20,6.0,4,20,guide=sig | walk=aligned,0.826,1,251,1.5999999999999999,64,2.0,rf,5.883171519522147,0.44338775262012886,0.19788265167035418,0.052083333333333336,2.7,0.0,,,,
0.7575757575757576,0.7973499997800858,0.800998085862729,0.8963631391851244,0.13980296056852126,0.10604955279068265,ArrowHead,1,20,6.0,4,20,guide=sig | walk=aligned,0.826,1,251,1.5999999999999999,64,2.0,ridge,5.883171519522147,0.44338775262012886,0.19788265167035418,0.052083333333333336,2.7,0.0,,,,
0.7804878048780488,0.810108409885382,0.8195242001640689,0.926510801203172,0.11812330158730158,0.0931047619047619,ArrowHead,1,20,6.0,4,20,guide=sig | walk=aligned | guard,0.826,1,251,1.5999999999999999,64,2.0,rf,5.883171519522147,0.44338775262012886,0.19788265167035418,0.052083333333333336,3.5,1.0,0.0,1.0,0.2,0.2
0.7575757575757576,0.7973499997800858,0.800998085862729,0.8963631391851244,0.13980296056852126,0.10604955279068265,ArrowHead,1,20,6.0,4,20,guide=sig | walk=aligned | guard,0.826,1,251,1.5999999999999999,64,2.0,ridge,5.883171519522147,0.44338775262012886,0.19788265167035418,0.052083333333333336,3.5,1.0,0.0,1.0,0.2,0.2
0.4666666666666667,0.5516772843673705,0.6521739130434783,0.8325129887886245,0.20978990476190473,0.19209523809523807,ArrowHead,2,5,4.8,5,19,none,0.826,1,251,1.5999999999999999,64,2.0,rf,,,,,,,,,,
0.4946236559139785,0.5746204653902287,0.6619496855345912,0.8996445173639596,0.23475676508399784,0.24552406449065778,ArrowHead,2,5,4.8,5,19,none,0.826,1,251,1.5999999999999999,64,2.0,ridge,,,,,,,,,,
0.5686274509803921,0.6359480014446365,0.69127700300793,0.8418102269619907,0.19166292063492069,0.1655047619047619,ArrowHead,2,5,4.8,5,19,SMOTE-raw,0.826,1,251,1.5999999999999999,64,2.0,rf,5.808657397419461,0.4701159482210545,0.5134672344797487,,,,,,,
0.5360824742268041,0.6080312010761365,0.6789718348372984,0.8923981405523653,0.21516998449694272,0.21873832438697552,ArrowHead,2,5,4.8,5,19,SMOTE-raw,0.826,1,251,1.5999999999999999,64,2.0,ridge,5.808657397419461,0.4701159482210545,0.5134672344797487,,,,,,,
0.54,0.613627041468455,0.6767842493847416,0.8644380639868744,0.1897254603174603,0.1860571428571429,ArrowHead,2,5,4.8,5,19,guide=gpf | walk=plain,0.826,1,251,1.5999999999999999,64,2.0,rf,6.841644617966773,0.45502059570480513,1.4608669479842666,0.59375,0.1,0.0,,,,
0.5,0.5813621525521044,0.6597621000820344,0.8900738310090238,0.22037127843504278,0.23164591359184533,ArrowHead,2,5,4.8,5,19,guide=gpf | walk=plain,0.826,1,251,1.5999999999999999,64,2.0,ridge,6.841644617966773,0.45502059570480513,1.4608669479842666,0.59375,0.1,0.0,,,,
0.54,0.613627041468455,0.6767842493847416,0.8644380639868744,0.1897254603174603,0.1860571428571429,ArrowHead,2,5,4.8,5,19,guide=gpf | walk=plain | guard,0.826,1,251,1.5999999999999999,64,2.0,rf,6.841644617966773,0.45502059570480513,1.4608669479842666,0.59375,0.9,1.0,0.0,1.0,1.46,1.46
0.5,0.5813621525521044,0.6597621000820344,0.8900738310090238,0.22037127843504278,0.23164591359184533,ArrowHead,2,5,4.8,5,19,guide=gpf | walk=plain | guard,0.826,1,251,1.5999999999999999,64,2.0,ridge,6.841644617966773,0.45502059570480513,1.4608669479842666,0.59375,0.9,1.0,0.0,1.0,1.46,1.46
0.5904761904761905,0.6542806188839748,0.701052775499043,0.8638911676237353,0.18119930158730158,0.16249523809523808,ArrowHead,2,5,4.8,5,19,guide=gpf | walk=aligned,0.826,1,251,1.5999999999999999,64,2.0,rf,3.988791352519307,0.3161899138764751,1.2148168515029059,0.59375,0.1,0.0,,,,
0.5794392523364486,0.6477702020149891,0.6916188132348919,0.8975936560021875,0.20415451651327735,0.1976684819449894,ArrowHead,2,5,4.8,5,19,guide=gpf | walk=aligned,0.826,1,251,1.5999999999999999,64,2.0,ridge,3.988791352519307,0.3161899138764751,1.2148168515029059,0.59375,0.1,0.0,,,,
0.5904761904761905,0.6542806188839748,0.701052775499043,0.8638911676237353,0.18119930158730158,0.16249523809523808,ArrowHead,2,5,4.8,5,19,guide=gpf | walk=aligned | guard,0.826,1,251,1.5999999999999999,64,2.0,rf,3.988791352519307,0.3161899138764751,1.2148168515029059,0.59375,0.7,1.0,0.0,1.0,1.21,1.21
0.5794392523364486,0.6477702020149891,0.6916188132348919,0.8975936560021875,0.20415451651327735,0.1976684819449894,ArrowHead,2,5,4.8,5,19,guide=gpf | walk=aligned | guard,0.826,1,251,1.5999999999999999,64,2.0,ridge,3.988791352519307,0.3161899138764751,1.2148168515029059,0.59375,0.7,1.0,0.0,1.0,1.21,1.21
0.5961538461538461,0.6575116539359024,0.7057697566311184,0.8757178014766203,0.1720662857142857,0.17794285714285712,ArrowHead,2,5,4.8,5,19,guide=sig | walk=aligned,0.826,1,251,1.5999999999999999,64,2.0,rf,4.669579205808093,0.3293455577834,1.676977490649069,0.59375,0.2,0.0,,,,
0.5849056603773585,0.6510335486231631,0.6963357943669675,0.9030626196335794,0.19810263466473713,0.210303262342536,ArrowHead,2,5,4.8,5,19,guide=sig | walk=aligned,0.826,1,251,1.5999999999999999,64,2.0,ridge,4.669579205808093,0.3293455577834,1.676977490649069,0.59375,0.2,0.0,,,,
0.5961538461538461,0.6575116539359024,0.7057697566311184,0.8757178014766203,0.1720662857142857,0.17794285714285712,ArrowHead,2,5,4.8,5,19,guide=sig | walk=aligned | guard,0.826,1,251,1.5999999999999999,64,2.0,rf,4.669579205808093,0.3293455577834,1.676977490649069,0.59375,0.8,1.0,0.0,1.0,1.68,1.68
0.5849056603773585,0.6510335486231631,0.6963357943669675,0.9030626196335794,0.19810263466473713,0.210303262342536,ArrowHead,2,5,4.8,5,19,guide=sig | walk=aligned | guard,0.826,1,251,1.5999999999999999,64,2.0,ridge,4.669579205808093,0.3293455577834,1.676977490649069,0.59375,0.8,1.0,0.0,1.0,1.68,1.68
0.5567010309278351,0.6225855743388996,0.690935192780968,0.8820754716981132,0.1819653333333333,0.1872761904761905,ArrowHead,2,10,6.0,4,20,none,0.826,1,251,1.4,64,2.0,rf,,,,,,,,,,
0.4948453608247423,0.5785331228557111,0.655045118949959,0.8874760732841126,0.23282895328780212,0.23623373760934194,ArrowHead,2,10,6.0,4,20,none,0.826,1,251,1.4,64,2.0,ridge,,,,,,,,,,
0.6909090909090909,0.7315313331168342,0.7612113754443532,0.8975936560021875,0.14229980952380952,0.13108571428571425,ArrowHead,2,10,6.0,4,20,SMOTE-raw,0.826,1,251,1.4,64,2.0,rf,5.375336057482931,0.3835310753302418,0.4836044739993146,,,,,,,
0.5904761904761905,0.6542806188839748,0.701052775499043,0.8568498769483183,0.20487515818063395,0.19951486465054888,ArrowHead,2,10,6.0,4,20,SMOTE-raw,0.826,1,251,1.4,64,2.0,ridge,5.375336057482931,0.3835310753302418,0.4836044739993146,,,,,,,
0.6095238095238096,0.6680325084317194,0.7130161334427126,0.8793409898824172,0.1579137142857143,0.15689523809523812,ArrowHead,2,10,6.0,4,20,guide=gpf | walk=plain,0.826,1,251,1.4,64,2.0,rf,6.836628833702354,0.42240352241966295,0.7263484807657765,0.3125,0.2,0.0,,,,
0.5769230769230769,0.6436412005752372,0.6938063986874488,0.8616352201257862,0.208940102910168,0.2009127352752335,ArrowHead,2,10,6.0,4,20,guide=gpf | walk=plain,0.826,1,251,1.4,64,2.0,ridge,6.836628833702354,0.42240352241966295,0.7263484807657765,0.3125,0.2,0.0,,,,
0.6095238095238096,0.6680325084317194,0.7130161334427126,0.8793409898824172,0.1579137142857143,0.15689523809523812,ArrowHead,2,10,6.0,4,20,guide=gpf | walk=plain | guard,0.826,1,251,1.4,64,2.0,rf,6.836628833702354,0.42240352241966295,0.7263484807657765,0.3125,0.8,1.0,0.0,1.0,0.73,0.73
0.5769230769230769,0.6436412005752372,0.6938063986874488,0.8616352201257862,0.208940102910168,0.2009127352752335,ArrowHead,2,10,6.0,4,20,guide=gpf | walk=plain | guard,0.826,1,251,1.4,64,2.0,ridge,6.836628833702354,0.42240352241966295,0.7263484807657765,0.3125,0.8,1.0,0.0,1.0,0.73,0.73
0.6296296296296297,0.6852083827238181,0.7227919059338256,0.8964998632759092,0.1568599365079365,0.16819047619047617,ArrowHead,2,10,6.0,4,20,guide=gpf | walk=aligned,0.826,1,251,1.4,64,2.0,rf,4.904817454488883,0.38534899424183267,0.3879276267256763,0.625,0.1,0.0,,,,
0.5631067961165048,0.6328229309282876,0.6865600218758545,0.889937106918239,0.2048197446037385,0.20436694555279813,ArrowHead,2,10,6.0,4,20,guide=gpf | walk=aligned,0.826,1,251,1.4,64,2.0,ridge,4.904817454488883,0.38534899424183267,0.3879276267256763,0.625,0.1,0.0,,,,
0.6296296296296297,0.6852083827238181,0.7227919059338256,0.8964998632759092,0.1568599365079365,0.16819047619047617,ArrowHead,2,10,6.0,4,20,guide=gpf | walk=aligned | guard,0.826,1,251,1.4,64,2.0,rf,4.904817454488883,0.38534899424183267,0.3879276267256763,0.625,0.7,1.0,0.0,1.0,0.39,0.39
0.5631067961165048,0.6328229309282876,0.6865600218758545,0.889937106918239,0.2048197446037385,0.20436694555279813,ArrowHead,2,10,6.0,4,20,guide=gpf | walk=aligned | guard,0.826,1,251,1.4,64,2.0,ridge,4.904817454488883,0.38534899424183267,0.3879276267256763,0.625,0.7,1.0,0.0,1.0,0.39,0.39
0.6607142857142857,0.7112518090688742,0.7398140552365327,0.9079846869018321,0.1385097142857143,0.13001904761904762,ArrowHead,2,10,6.0,4,20,guide=sig | walk=aligned,0.826,1,251,1.4,64,2.0,rf,3.3573597823496417,0.2519915070631349,0.7838738200620555,0.625,0.2,0.0,,,,
0.5714285714285714,0.6404469317237681,0.6890894175553732,0.8809133169264425,0.19798318343817004,0.20587151302067536,ArrowHead,2,10,6.0,4,20,guide=sig | walk=aligned,0.826,1,251,1.4,64,2.0,ridge,3.3573597823496417,0.2519915070631349,0.7838738200620555,0.625,0.2,0.0,,,,
0.6607142857142857,0.7112518090688742,0.7398140552365327,0.9079846869018321,0.1385097142857143,0.13001904761904762,ArrowHead,2,10,6.0,4,20,guide=sig | walk=aligned | guard,0.826,1,251,1.4,64,2.0,rf,3.3573597823496417,0.2519915070631349,0.7838738200620555,0.625,0.8,1.0,0.0,1.0,0.78,0.78
0.5714285714285714,0.6404469317237681,0.6890894175553732,0.8809133169264425,0.19798318343817004,0.20587151302067536,ArrowHead,2,10,6.0,4,20,guide=sig | walk=aligned | guard,0.826,1,251,1.4,64,2.0,ridge,3.3573597823496417,0.2519915070631349,0.7838738200620555,0.625,0.8,1.0,0.0,1.0,0.78,0.78
0.5473684210526316,0.6138498140448513,0.6884057971014492,0.8748974569319115,0.19154380952380953,0.19807619047619046,ArrowHead,2,20,6.0,4,20,none,0.826,1,251,1.4,64,2.0,rf,,,,,,,,,,
0.4631578947368421,0.5539032945569857,0.6405523653267706,0.8908941755537325,0.23583032486697197,0.23736180010851965,ArrowHead,2,20,6.0,4,20,none,0.826,1,251,1.4,64,2.0,ridge,,,,,,,,,,
0.6727272727272727,0.7183291158110057,0.7492480175006837,0.9061389116762373,0.1417145396825397,0.1380190476190476,ArrowHead,2,20,6.0,4,20,SMOTE-raw,0.826,1,251,1.4,64,2.0,rf,5.959293925037722,0.4190476783260284,0.43574156585195456,,,,,,,
0.5631067961165048,0.6328229309282876,0.6865600218758545,0.853705222860268,0.21003222644127065,0.1994016097950954,ArrowHead,2,20,6.0,4,20,SMOTE-raw,0.826,1,251,1.4,64,2.0,ridge,5.959293925037722,0.4190476783260284,0.43574156585195456,,,,,,,
0.6226415094339622,0.6783902192555729,0.7202625102543068,0.876196335794367,0.1653888888888889,0.16009523809523807,ArrowHead,2,20,6.0,4,20,guide=gpf | walk=plain,0.826,1,251,1.4,64,2.0,rf,10.97142329495493,0.5949937488990513,0.6877220533033834,0.625,0.0,0.0,,,,
0.5490196078431373,0.6218164751270296,0.6793136450642603,0.8558928083128248,0.22552336074571142,0.2270549118151428,ArrowHead,2,20,6.0,4,20,guide=gpf | walk=plain,0.826,1,251,1.4,64,2.0,ridge,10.97142329495493,0.5949937488990513,0.6877220533033834,0.625,0.0,0.0,,,,
0.6226415094339622,0.6783902192555729,0.7202625102543068,0.876196335794367,0.1653888888888889,0.16009523809523807,ArrowHead,2,20,6.0,4,20,guide=gpf | walk=plain | guard,0.826,1,251,1.4,64,2.0,rf,10.97142329495493,0.5949937488990513,0.6877220533033834,0.625,0.8,1.0,0.0,1.0,0.69,0.69
0.5490196078431373,0.6218164751270296,0.6793136450642603,0.8558928083128248,0.22552336074571142,0.2270549118151428,ArrowHead,2,20,6.0,4,20,guide=gpf | walk=plain | guard,0.826,1,251,1.4,64,2.0,ridge,10.97142329495493,0.5949937488990513,0.6877220533033834,0.625,0.8,1.0,0.0,1.0,0.69,0.69
0.6355140186915887,0.6885921484025748,0.727508887065901,0.8962264150943396,0.15534622222222222,0.15921904761904762,ArrowHead,2,20,6.0,4,20,guide=gpf | walk=aligned,0.826,1,251,1.4,64,2.0,rf,6.192759979434639,0.3972893986676367,0.6875314817170434,0.3125,0.4,0.0,,,,
0.5631067961165048,0.6328229309282876,0.6865600218758545,0.8928083128247196,0.1980890255568321,0.20573900111047969,ArrowHead,2,20,6.0,4,20,guide=gpf | walk=aligned,0.826,1,251,1.4,64,2.0,ridge,6.192759979434639,0.3972893986676367,0.6875314817170434,0.3125,0.4,0.0,,,,
0.6355140186915887,0.6885921484025748,0.727508887065901,0.8962264150943396,0.15534622222222222,0.15921904761904762,ArrowHead,2,20,6.0,4,20,guide=gpf | walk=aligned | guard,0.826,1,251,1.4,64,2.0,rf,6.192759979434639,0.3972893986676367,0.6875314817170434,0.3125,1.2,1.0,0.0,1.0,0.69,0.69
0.5631067961165048,0.6328229309282876,0.6865600218758545,0.8928083128247196,0.1980890255568321,0.20573900111047969,ArrowHead,2,20,6.0,4,20,guide=gpf | walk=aligned | guard,0.826,1,251,1.4,64,2.0,ridge,6.192759979434639,0.3972893986676367,0.6875314817170434,0.3125,1.2,1.0,0.0,1.0,0.69,0.69
0.7540983606557377,0.7890763647670371,0.800314465408805,0.9119496855345912,0.12710368253968252,0.10588571428571428,ArrowHead,2,20,6.0,4,20,guide=sig | walk=aligned,0.826,1,251,1.4,64,2.0,rf,3.5793023822481054,0.23319819709177814,0.8343116957574309,0.20833333333333334,0.5,0.0,,,,
0.6111111111111112,0.6717064087753128,0.7108285479901559,0.8802296964725185,0.18569619218627736,0.1838418588423833,ArrowHead,2,20,6.0,4,20,guide=sig | walk=aligned,0.826,1,251,1.4,64,2.0,ridge,3.5793023822481054,0.23319819709177814,0.8343116957574309,0.20833333333333334,0.5,0.0,,,,
0.7540983606557377,0.7890763647670371,0.800314465408805,0.9119496855345912,0.12710368253968252,0.10588571428571428,ArrowHead,2,20,6.0,4,20,guide=sig | walk=aligned | guard,0.826,1,251,1.4,64,2.0,rf,3.5793023822481054,0.23319819709177814,0.8343116957574309,0.20833333333333334,1.2,1.0,0.0,1.0,0.83,0.83
0.6111111111111112,0.6717064087753128,0.7108285479901559,0.8802296964725185,0.18569619218627736,0.1838418588423833,ArrowHead,2,20,6.0,4,20,guide=sig | walk=aligned | guard,0.826,1,251,1.4,64,2.0,ridge,3.5793023822481054,0.23319819709177814,0.8343116957574309,0.20833333333333334,1.2,1.0,0.0,1.0,0.83,0.83
0.5384615384615384,0.6069769786668839,0.6842105263157895,0.9469238975817924,0.2030765185185185,0.25104444444444446,GunPoint,0,5,5.2,5,21,none,0.852,1,150,1.5999999999999999,64,2.0,rf,,,,,,,,,,
0.5945945945945946,0.6499808510145764,0.7035917496443813,0.8461948790896158,0.24685046333766736,0.27497682215862734,GunPoint,0,5,5.2,5,21,none,0.852,1,150,1.5999999999999999,64,2.0,ridge,,,,,,,,,,
0.784,0.8029550685469662,0.8223684210526316,0.994576813655761,0.11429703703703704,0.2200444444444445,GunPoint,0,5,5.2,5,21,SMOTE-raw,0.852,1,150,1.5999999999999999,64,2.0,rf,2.5303677048097413,0.24415146426930578,0.5550528893203354,,,,,,,
0.6610169491525424,0.701679553857432,0.7363086770981508,0.834103840682788,0.21301588506468105,0.20551133247934145,GunPoint,0,5,5.2,5,21,SMOTE-raw,0.852,1,150,1.5999999999999999,64,2.0,ridge,2.5303677048097413,0.24415146426930578,0.5550528893203354,,,,,,,
0.6666666666666666,0.7071067811865476,0.75,0.983819345661451,0.1352368148148148,0.23611111111111105,GunPoint,0,5,5.2,5,21,guide=gpf | walk=plain,0.852,1,150,1.5999999999999999,64,2.0,rf,4.060414747198102,0.3392736763783609,0.6969208170511848,0.328125,0.1,0.0,,,,
0.6260869565217392,0.6741519091318067,0.7165718349928876,0.8572190611664297,0.22474329809826069,0.22293580008747346,GunPoint,0,5,5.2,5,21,guide=gpf | walk=plain,0.852,1,150,1.5999999999999999,64,2.0,ridge,4.060414747198102,0.3392736763783609,0.6969208170511848,0.328125,0.1,0.0,,,,
0.6666666666666666,0.7071067811865476,0.75,0.983819345661451,0.1352368148148148,0.23611111111111105,GunPoint,0,5,5.2,5,21,guide=gpf | walk=plain | guard,0.852,1,150,1.5999999999999999,64,2.0,rf,4.060414747198102,0.3392736763783609,0.6969208170511848,0.328125,0.7,1.0,0.0,1.0,0.7,0.7
0.6260869565217392,0.6741519091318067,0.7165718349928876,0.8572190611664297,0.22474329809826069,0.22293580008747346,GunPoint,0,5,5.2,5,21,guide=gpf | walk=plain | guard,0.852,1,150,1.5999999999999999,64,2.0,ridge,4.060414747198102,0.3392736763783609,0.6969208170511848,0.328125,0.7,1.0,0.0,1.0,0.7,0.7
0.7642276422764228,0.7863975156570492,0.8092105263157895,0.9910206258890469,0.11497125925925923,0.2015111111111111,GunPoint,0,5,5.2,5,21,guide=gpf | walk=aligned,0.852,1,150,1.5999999999999999,64,2.0,rf,4.116485951072722,0.3559304817040507,1.1368502197913914,0.65625,0.2,0.0,,,,
0.6140350877192983,0.6647227467254485,0.7099928876244666,0.8077880512091038,0.24115916185954323,0.23524675400038417,GunPoint,0,5,5.2,5,21,guide=gpf | walk=aligned,0.852,1,150,1.5999999999999999,64,2.0,ridge,4.116485951072722,0.3559304817040507,1.1368502197913914,0.65625,0.2,0.0,,,,
0.7642276422764228,0.7863975156570492,0.8092105263157895,0.9910206258890469,0.11497125925925923,0.2015111111111111,GunPoint,0,5,5.2,5,21,guide=gpf | walk=aligned | guard,0.852,1,150,1.5999999999999999,64,2.0,rf,4.116485951072722,0.3559304817040507,1.1368502197913914,0.65625,1.0,1.0,0.0,1.0,1.14,1.14
0.6140350877192983,0.6647227467254485,0.7099928876244666,0.8077880512091038,0.24115916185954323,0.23524675400038417,GunPoint,0,5,5.2,5,21,guide=gpf | walk=aligned | guard,0.852,1,150,1.5999999999999999,64,2.0,ridge,4.116485951072722,0.3559304817040507,1.1368502197913914,0.65625,1.0,1.0,0.0,1.0,1.14,1.14
0.7540983606557377,0.7779866052154991,0.8026315789473684,0.9915540540540541,0.11847081481481482,0.19782222222222223,GunPoint,0,5,5.2,5,21,guide=sig | walk=aligned,0.852,1,150,1.5999999999999999,64,2.0,rf,5.463714444973537,0.3531572970090352,2.268528395889646,0.328125,0.5,0.0,,,,
0.6434782608695652,0.6882472016116853,0.7299075391180655,0.8257467994310099,0.22482706105161332,0.21598412697726452,GunPoint,0,5,5.2,5,21,guide=sig | walk=aligned,0.852,1,150,1.5999999999999999,64,2.0,ridge,5.463714444973537,0.3531572970090352,2.268528395889646,0.328125,0.5,0.0,,,,
0.7642276422764228,0.7863975156570492,0.8092105263157895,0.9918207681365575,0.11956251851851851,0.20324444444444442,GunPoint,0,5,5.2,5,21,guide=sig | walk=aligned | guard,0.852,1,150,1.5999999999999999,64,2.0,rf,5.019176998453874,0.3391962159252774,1.9851893248907053,0.328125,1.3,1.0,1.0,0.939,2.27,1.99
0.6379310344827587,0.6834509954326606,0.7231507823613087,0.828769559032717,0.223841981054257,0.21380830621427566,GunPoint,0,5,5.2,5,21,guide=sig | walk=aligned | guard,0.852,1,150,1.5999999999999999,64,2.0,ridge,5.019176998453874,0.3391962159252774,1.9851893248907053,0.328125,1.3,1.0,1.0,0.939,2.27,1.99
0.5794392523364486,0.6386663736585051,0.7039473684210527,0.972972972972973,0.1697417037037037,0.24295555555555556,GunPoint,0,10,6.5,4,22,none,0.852,1,150,1.5999999999999999,64,2.0,rf,,,,,,,,,,
0.7703703703703704,0.7870755420933834,0.7948079658605974,0.9084281650071124,0.1469811933111463,0.1447786847938781,GunPoint,0,10,6.5,4,22,none,0.852,1,150,1.5999999999999999,64,2.0,ridge,,,,,,,,,,
0.9305555555555556,0.9325586943189843,0.9340327169274538,0.9943990042674253,0.06885407407407407,0.17413333333333333,GunPoint,0,10,6.5,4,22,SMOTE-raw,0.852,1,150,1.5999999999999999,64,2.0,rf,1.8611677960502195,0.18021146190388682,0.3836938813914592,,,,,,,
0.88,0.8800782326533972,0.8801564722617354,0.9441678520625889,0.09478732238487013,0.07902884909795038,GunPoint,0,10,6.5,4,22,SMOTE-raw,0.852,1,150,1.5999999999999999,64,2.0,ridge,1.8611677960502195,0.18021146190388682,0.3836938813914592,,,,,,,
0.8676470588235294,0.8751142985701226,0.8814011379800853,0.9810633001422475,0.10051,0.16371111111111114,GunPoint,0,10,6.5,4,22,guide=gpf | walk=plain,0.852,1,150,1.5999999999999999,64,2.0,rf,3.8550270945815885,0.3151782214345208,0.4969917020172856,0.34375,0.2,0.0,,,,
0.8029197080291971,0.8154796823805811,0.8213015647226174,0.9240753911806543,0.12551228965001202,0.08725632912608662,GunPoint,0,10,6.5,4,22,guide=gpf | walk=plain,0.852,1,150,1.5999999999999999,64,2.0,ridge,3.8550270945815885,0.3151782214345208,0.4969917020172856,0.34375,0.2,0.0,,,,
0.8676470588235294,0.8751142985701226,0.8814011379800853,0.9810633001422475,0.10051,0.16371111111111114,GunPoint,0,10,6.5,4,22,guide=gpf | walk=plain | guard,0.852,1,150,1.5999999999999999,64,2.0,rf,3.8550270945815885,0.3151782214345208,0.4969917020172856,0.34375,0.8,1.0,0.0,1.0,0.5,0.5
0.8029197080291971,0.8154796823805811,0.8213015647226174,0.9240753911806543,0.12551228965001202,0.08725632912608662,GunPoint,0,10,6.5,4,22,guide=gpf | walk=plain | guard,0.852,1,150,1.5999999999999999,64,2.0,ridge,3.8550270945815885,0.3151782214345208,0.4969917020172856,0.34375,0.8,1.0,0.0,1.0,0.5,0.5
0.9142857142857143,0.9176629354822471,0.9210526315789473,0.992798719772404,0.07353044444444444,0.16322222222222224,GunPoint,0,10,6.5,4,22,guide=gpf | walk=aligned,0.852,1,150,1.5999999999999999,64,2.0,rf,7.391449822757673,0.3701377744948357,3.8064069741063524,0.34375,0.2,0.0,,,,
0.8226950354609929,0.8312444183707619,0.8342816500711238,0.9029160739687055,0.13540634583250266,0.12106579886256423,GunPoint,0,10,6.5,4,22,guide=gpf | walk=aligned,0.852,1,150,1.5999999999999999,64,2.0,ridge,7.391449822757673,0.3701377744948357,3.8064069741063524,0.34375,0.2,0.0,,,,
0.9295774647887324,0.9318911162960934,0.9342105263157895,0.9950213371266002,0.0694002962962963,0.15573333333333333,GunPoint,0,10,6.5,4,22,guide=gpf | walk=aligned | guard,0.852,1,150,1.5999999999999999,64,2.0,rf,4.772080224064391,0.32466556119181045,2.0079209463912164,0.34375,0.9,1.0,1.0,0.688,3.81,2.01
0.8169014084507042,0.8250177807472245,0.8275248933143671,0.9066500711237554,0.13128394517586126,0.10003804622700062,GunPoint,0,10,6.5,4,22,guide=gpf | walk=aligned | guard,0.852,1,150,1.5999999999999999,64,2.0,ridge,4.772080224064391,0.32466556119181045,2.0079209463912164,0.34375,0.9,1.0,1.0,0.688,3.81,2.01
0.9142857142857143,0.9176629354822471,0.9210526315789473,0.9884423897581792,0.09493037037037036,0.17933333333333332,GunPoint,0,10,6.5,4,22,guide=sig | walk=aligned,0.852,1,150,1.5999999999999999,64,2.0,rf,14.923483273433705,0.5919380516875429,2.886185562909337,0.34375,0.2,0.0,,,,
0.8201438848920863,0.8301741920760902,0.8344594594594594,0.921230440967283,0.12418497713308482,0.08812635635585579,GunPoint,0,10,6.5,4,22,guide=sig | walk=aligned,0.852,1,150,1.5999999999999999,64,2.0,ridge,14.923483273433705,0.5919380516875429,2.886185562909337,0.34375,0.2,0.0,,,,
0.9142857142857143,0.9176629354822471,0.9210526315789473,0.9866642958748222,0.09225503703703704,0.18637777777777778,GunPoint,0,10,6.5,4,22,guide=sig | walk=aligned | guard,0.852,1,150,1.5999999999999999,64,2.0,rf,11.495338562861976,0.5615631929349962,2.001410134369778,0.34375,1.0,1.0,1.0,0.815,2.89,2.0
0.8201438848920863,0.8301741920760902,0.8344594594594594,0.923719772403983,0.12146914813053324,0.08389971876581777,GunPoint,0,10,6.5,4,22,guide=sig | walk=aligned | guard,0.852,1,150,1.5999999999999999,64,2.0,ridge,11.495338562861976,0.5615631929349962,2.001410134369778,0.34375,1.0,1.0,1.0,0.815,2.89,2.0
0.34782608695652173,0.45883146774112354,0.6052631578947368,0.9414118065433854,0.2104777777777778,0.26106666666666667,GunPoint,0,20,6.5,4,22,none,0.852,1,150,1.5999999999999999,64,2.0,rf,,,,,,,,,,
0.7076923076923077,0.7347307690489066,0.7485775248933144,0.8662873399715505,0.18056965270834505,0.1831240601929505,GunPoint,0,20,6.5,4,22,none,0.852,1,150,1.5999999999999999,64,2.0,ridge,,,,,,,,,,
0.8676470588235294,0.8751142985701226,0.8814011379800853,0.9932432432432432,0.08106925925925926,0.1844222222222222,GunPoint,0,20,6.5,4,22,SMOTE-raw,0.852,1,150,1.5999999999999999,64,2.0,rf,1.6179317148532686,0.15960539550351316,0.4257663399619612,,,,,,,
0.8082191780821918,0.8129683243791311,0.8138335704125177,0.8701991465149359,0.1588974756516819,0.12977003274949078,GunPoint,0,20,6.5,4,22,SMOTE-raw,0.852,1,150,1.5999999999999999,64,2.0,ridge,1.6179317148532686,0.15960539550351316,0.4257663399619612,,,,,,,
0.8656716417910447,0.8735890880367281,0.881578947368421,0.9964438122332859,0.08649125925925925,0.19039999999999999,GunPoint,0,20,6.5,4,22,guide=gpf | walk=plain,0.852,1,150,1.5999999999999999,64,2.0,rf,2.3501072990999745,0.16694781901770805,1.2262345355165991,0.6875,0.1,0.0,,,,
0.7943262411347518,0.8045036814968363,0.8076102418207681,0.8785561877667141,0.14842475423223064,0.10503651905372623,GunPoint,0,20,6.5,4,22,guide=gpf | walk=plain,0.852,1,150,1.5999999999999999,64,2.0,ridge,2.3501072990999745,0.16694781901770805,1.2262345355165991,0.6875,0.1,0.0,,,,
0.8656716417910447,0.8735890880367281,0.881578947368421,0.9964438122332859,0.08649125925925925,0.19039999999999999,GunPoint,0,20,6.5,4,22,guide=gpf | walk=plain | guard,0.852,1,150,1.5999999999999999,64,2.0,rf,2.3501072990999745,0.16694781901770805,1.2262345355165991,0.6875,0.9,1.0,0.0,1.0,1.23,1.23
0.7943262411347518,0.8045036814968363,0.8076102418207681,0.8785561877667141,0.14842475423223064,0.10503651905372623,GunPoint,0,20,6.5,4,22,guide=gpf | walk=plain | guard,0.852,1,150,1.5999999999999999,64,2.0,ridge,2.3501072990999745,0.16694781901770805,1.2262345355165991,0.6875,0.9,1.0,0.0,1.0,1.23,1.23
0.8125,0.8271701918685112,0.8421052631578947,0.9648826458036984,0.12637555555555555,0.1758666666666667,GunPoint,0,20,6.5,4,22,guide=gpf | walk=aligned,0.852,1,150,1.5999999999999999,64,2.0,rf,16.117445551798767,0.5685721962305472,2.726343018737144,0.6875,0.2,0.0,,,,
0.7131782945736435,0.7402759855963451,0.7553342816500711,0.8593527738264579,0.1775138051215448,0.15356810148622047,GunPoint,0,20,6.5,4,22,guide=gpf | walk=aligned,0.852,1,150,1.5999999999999999,64,2.0,ridge,16.117445551798767,0.5685721962305472,2.726343018737144,0.6875,0.2,0.0,,,,
0.8125,0.8271701918685112,0.8421052631578947,0.9770625889046941,0.12211037037037037,0.18924444444444444,GunPoint,0,20,6.5,4,22,guide=gpf | walk=aligned | guard,0.852,1,150,1.5999999999999999,64,2.0,rf,13.47162234917972,0.5625036525420413,1.9901662152024666,0.6875,1.0,1.0,1.0,0.856,2.73,1.99
0.7230769230769231,0.7482792018151596,0.7619132290184922,0.8650426742532005,0.1736568679412243,0.140215937725185,GunPoint,0,20,6.5,4,22,guide=gpf | walk=aligned | guard,0.852,1,150,1.5999999999999999,64,2.0,ridge,13.47162234917972,0.5625036525420413,1.9901662152024666,0.6875,1.0,1.0,1.0,0.856,2.73,1.99
0.784,0.8029550685469662,0.8223684210526316,0.9539473684210527,0.1383571111111111,0.20864444444444444,GunPoint,0,20,6.5,4,22,guide=sig | walk=aligned,0.852,1,150,1.5999999999999999,64,2.0,rf,20.914659955905186,0.7109061242517715,2.230469538204271,0.34375,0.4,0.0,,,,
0.7086614173228346,0.7376291265312498,0.7555120910384068,0.8621977240398293,0.1778513825451119,0.16221822722449,GunPoint,0,20,6.5,4,22,guide=sig | walk=aligned,0.852,1,150,1.5999999999999999,64,2.0,ridge,20.914659955905186,0.7109061242517715,2.230469538204271,0.34375,0.4,0.0,,,,
0.784,0.8029550685469662,0.8223684210526316,0.9596372688477952,0.13542022222222222,0.18939999999999999,GunPoint,0,20,6.5,4,22,guide=sig | walk=aligned | guard,0.852,1,150,1.5999999999999999,64,2.0,rf,19.633023247606474,0.714774779637214,1.9929203058397331,0.34375,1.0,1.0,1.0,0.947,2.23,1.99
0.7086614173228346,0.7376291265312498,0.7555120910384068,0.8632645803698435,0.1767773319556268,0.1614054920916378,GunPoint,0,20,6.5,4,22,guide=sig | walk=aligned | guard,0.852,1,150,1.5999999999999999,64,2.0,ridge,19.633023247606474,0.714774779637214,1.9929203058397331,0.34375,1.0,1.0,1.0,0.947,2.23,1.99
0.5925925925925926,0.6488856845230502,0.7105263157894737,0.9818634423897582,0.17579251851851851,0.2831777777777778,GunPoint,1,5,5.2,5,21,none,0.852,1,150,1.5999999999999999,64,2.0,rf,,,,,,,,,,
0.631578947368421,0.6788828577642427,0.7233285917496444,0.9070056899004267,0.20410131780734245,0.21706530645957084,GunPoint,1,5,5.2,5,21,none,0.852,1,150,1.5999999999999999,64,2.0,ridge,,,,,,,,,,
0.8484848484848485,0.8583950752789521,0.868421052631579,0.9961770981507824,0.08286414814814815,0.1862222222222222,GunPoint,1,5,5.2,5,21,SMOTE-raw,0.852,1,150,1.5999999999999999,64,2.0,rf,2.061266970527017,0.18940322957001943,0.51725531375369,,,,,,,
0.7,0.7332772942940271,0.7628022759601707,0.8970483641536273,0.18102524262630962,0.18111415868203723,GunPoint,1,5,5.2,5,21,SMOTE-raw,0.852,1,150,1.5999999999999999,64,2.0,ridge,2.061266970527017,0.18940322957001943,0.51725531375369,,,,,,,
0.6181818181818182,0.6688560540599386,0.7236842105263158,0.9732396870554765,0.1521286666666667,0.25384444444444443,GunPoint,1,5,5.2,5,21,guide=gpf | walk=plain,0.852,1,150,1.5999999999999999,64,2.0,rf,11.130097246070116,0.7469336179170496,0.6132398800613005,0.65625,0.1,0.0,,,,
0.631578947368421,0.6788828577642427,0.7233285917496444,0.9045163584637269,0.1941267441240446,0.2056980119213574,GunPoint,1,5,5.2,5,21,guide=gpf | walk=plain,0.852,1,150,1.5999999999999999,64,2.0,ridge,11.130097246070116,0.7469336179170496,0.6132398800613005,0.65625,0.1,0.0,,,,
0.6181818181818182,0.6688560540599386,0.7236842105263158,0.9732396870554765,0.1521286666666667,0.25384444444444443,GunPoint,1,5,5.2,5,21,guide=gpf | walk=plain | guard,0.852,1,150,1.5999999999999999,64,2.0,rf,11.130097246070116,0.7469336179170496,0.6132398800613005,0.65625,0.9,1.0,0.0,1.0,0.61,0.61
0.631578947368421,0.6788828577642427,0.7233285917496444,0.9045163584637269,0.1941267441240446,0.2056980119213574,GunPoint,1,5,5.2,5,21,guide=gpf | walk=plain | guard,0.852,1,150,1.5999999999999999,64,2.0,ridge,11.130097246070116,0.7469336179170496,0.6132398800613005,0.65625,0.9,1.0,0.0,1.0,0.61,0.61
0.7333333333333333,0.7608859102526822,0.7894736842105263,0.9866642958748222,0.11409392592592592,0.2008888888888889,GunPoint,1,5,5.2,5,21,guide=gpf | walk=aligned,0.852,1,150,1.5999999999999999,64,2.0,rf,3.3522767060041776,0.29781794375547554,0.6407186431134501,0.65625,0.1,0.0,,,,
0.6194690265486725,0.6693875249853215,0.7167496443812233,0.864153627311522,0.21714095218238214,0.21119174789369421,GunPoint,1,5,5.2,5,21,guide=gpf | walk=aligned,0.852,1,150,1.5999999999999999,64,2.0,ridge,3.3522767060041776,0.29781794375547554,0.6407186431134501,0.65625,0.1,0.0,,,,
0.7333333333333333,0.7608859102526822,0.7894736842105263,0.9866642958748222,0.11409392592592592,0.2008888888888889,GunPoint,1,5,5.2,5,21,guide=gpf | walk=aligned | guard,0.852,1,150,1.5999999999999999,64,2.0,rf,3.3522767060041776,0.29781794375547554,0.6407186431134501,0.65625,0.8,1.0,0.0,1.0,0.64,0.64
0.6194690265486725,0.6693875249853215,0.7167496443812233,0.864153627311522,0.21714095218238214,0.21119174789369421,GunPoint,1,5,5.2,5,21,guide=gpf | walk=aligned | guard,0.852,1,150,1.5999999999999999,64,2.0,ridge,3.3522767060041776,0.29781794375547554,0.6407186431134501,0.65625,0.8,1.0,0.0,1.0,0.64,0.64
0.6306306306306306,0.6786208925382962,0.7302631578947368,0.977151493598862,0.1429685925925926,0.20724444444444445,GunPoint,1,5,5.2,5,21,guide=sig | walk=aligned,0.852,1,150,1.5999999999999999,64,2.0,rf,4.418890919383962,0.3641110981561786,0.7592609288458653,0.65625,0.2,0.0,,,,
0.6071428571428571,0.6597555476430673,0.7101706970128023,0.8778449502133712,0.20662547823288377,0.2091664484555393,GunPoint,1,5,5.2,5,21,guide=sig | walk=aligned,0.852,1,150,1.5999999999999999,64,2.0,ridge,4.418890919383962,0.3641110981561786,0.7592609288458653,0.65625,0.2,0.0,,,,
0.6306306306306306,0.6786208925382962,0.7302631578947368,0.977151493598862,0.1429685925925926,0.20724444444444445,GunPoint,1,5,5.2,5,21,guide=sig | walk=aligned | guard,0.852,1,150,1.5999999999999999,64,2.0,rf,4.418890919383962,0.3641110981561786,0.7592609288458653,0.65625,0.8,1.0,0.0,1.0,0.76,0.76
0.6071428571428571,0.6597555476430673,0.7101706970128023,0.8778449502133712,0.20662547823288377,0.2091664484555393,GunPoint,1,5,5.2,5,21,guide=sig | walk=aligned | guard,0.852,1,150,1.5999999999999999,64,2.0,ridge,4.418890919383962,0.3641110981561786,0.7592609288458653,0.65625,0.8,1.0,0.0,1.0,0.76,0.76
0.46464646464646464,0.5501196042201808,0.6513157894736842,0.9697724039829303,0.20809829629629634,0.29086666666666666,GunPoint,1,10,6.5,4,22,none,0.852,1,150,1.7999999999999998,64,2.0,rf,,,,,,,,,,
0.5523809523809524,0.6177207681213422,0.6907894736842105,0.9125177809388336,0.2100577992234864,0.2493301987717253,GunPoint,1,10,6.5,4,22,none,0.852,1,150,1.7999999999999998,64,2.0,ridge,,,,,,,,,,
0.9594594594594594,0.9599927394225201,0.960348506401138,0.9989331436699858,0.055570148148148146,0.16686666666666666,GunPoint,1,10,6.5,4,22,SMOTE-raw,0.852,1,150,1.7999999999999998,64,2.0,rf,2.485271760064359,0.21467163388739274,0.49180904979775275,,,,,,,
0.6779661016949152,0.7156053649930441,0.7496443812233287,0.9118065433854907,0.16211338235420408,0.17012719321798672,GunPoint,1,10,6.5,4,22,SMOTE-raw,0.852,1,150,1.7999999999999998,64,2.0,ridge,2.485271760064359,0.21467163388739274,0.49180904979775275,,,,,,,
0.6949152542372882,0.7295090810187098,0.7629800853485065,0.9935988620199147,0.12222814814814816,0.2416888888888889,GunPoint,1,10,6.5,4,22,guide=gpf | walk=plain,0.852,1,150,1.7999999999999998,64,2.0,rf,3.450291499653197,0.2879465045193784,0.6217107593750333,0.34375,0.2,0.0,,,,
0.6306306306306306,0.6786208925382962,0.7302631578947368,0.9046941678520626,0.18732602332472312,0.20120413986292282,GunPoint,1,10,6.5,4,22,guide=gpf | walk=plain,0.852,1,150,1.7999999999999998,64,2.0,ridge,3.450291499653197,0.2879465045193784,0.6217107593750333,0.34375,0.2,0.0,,,,
0.6949152542372882,0.7295090810187098,0.7629800853485065,0.9935988620199147,0.12222814814814816,0.2416888888888889,GunPoint,1,10,6.5,4,22,guide=gpf | walk=plain | guard,0.852,1,150,1.7999999999999998,64,2.0,rf,3.450291499653197,0.2879465045193784,0.6217107593750333,0.34375,0.9,1.0,0.0,1.0,0.62,0.62
0.6306306306306306,0.6786208925382962,0.7302631578947368,0.9046941678520626,0.18732602332472312,0.20120413986292282,GunPoint,1,10,6.5,4,22,guide=gpf | walk=plain | guard,0.852,1,150,1.7999999999999998,64,2.0,ridge,3.450291499653197,0.2879465045193784,0.6217107593750333,0.34375,0.9,1.0,0.0,1.0,0.62,0.62
0.6181818181818182,0.6688560540599386,0.7236842105263158,0.9927098150782362,0.13014081481481482,0.24637777777777778,GunPoint,1,10,6.5,4,22,guide=gpf | walk=aligned,0.852,1,150,1.7999999999999998,64,2.0,rf,4.863403428283139,0.3655327065987747,1.4693743928711247,0.34375,0.3,0.0,,,,
0.5871559633027523,0.6444864088188399,0.7037695590327169,0.9121621621621622,0.2011045143949755,0.21644276518006053,GunPoint,1,10,6.5,4,22,guide=gpf | walk=aligned,0.852,1,150,1.7999999999999998,64,2.0,ridge,4.863403428283139,0.3655327065987747,1.4693743928711247,0.34375,0.3,0.0,,,,
0.6181818181818182,0.6688560540599386,0.7236842105263158,0.9927098150782362,0.13014081481481482,0.24637777777777778,GunPoint,1,10,6.5,4,22,guide=gpf | walk=aligned | guard,0.852,1,150,1.7999999999999998,64,2.0,rf,4.863403428283139,0.3655327065987747,1.4693743928711247,0.34375,1.0,1.0,0.0,1.0,1.47,1.47
0.5871559633027523,0.6444864088188399,0.7037695590327169,0.9121621621621622,0.2011045143949755,0.21644276518006053,GunPoint,1,10,6.5,4,22,guide=gpf | walk=aligned | guard,0.852,1,150,1.7999999999999998,64,2.0,ridge,4.863403428283139,0.3655327065987747,1.4693743928711247,0.34375,1.0,1.0,0.0,1.0,1.47,1.47
0.6428571428571429,0.6882472016116853,0.7368421052631579,0.992176386913229,0.14745029629629633,0.2514888888888889,GunPoint,1,10,6.5,4,22,guide=sig | walk=aligned,0.852,1,150,1.7999999999999998,64,2.0,rf,33.50092888904178,0.6507057198171279,10.289706089771505,0.34375,0.3,0.0,,,,
0.5242718446601942,0.5960395606792697,0.6776315789473684,0.905583214793741,0.2117384404756524,0.23450026517409447,GunPoint,1,10,6.5,4,22,guide=sig | walk=aligned,0.852,1,150,1.7999999999999998,64,2.0,ridge,33.50092888904178,0.6507057198171279,10.289706089771505,0.34375,0.3,0.0,,,,
0.7008547008547008,0.7344887229975191,0.7697368421052632,0.993954480796586,0.1288745185185185,0.24817777777777777,GunPoint,1,10,6.5,4,22,guide=sig | walk=aligned | guard,0.852,1,150,1.7999999999999998,64,2.0,rf,10.637508915695841,0.5483103740544455,2.0138636265690035,0.34375,0.9,1.0,1.0,0.402,10.29,2.01
0.6548672566371682,0.6977407149243606,0.743421052631579,0.9375889046941679,0.17117261477692983,0.20031755337771462,GunPoint,1,10,6.5,4,22,guide=sig | walk=aligned | guard,0.852,1,150,1.7999999999999998,64,2.0,ridge,10.637508915695841,0.5483103740544455,2.0138636265690035,0.34375,0.9,1.0,1.0,0.402,10.29,2.01
0.5098039215686274,0.5848976518656018,0.6710526315789473,0.9795519203413939,0.16896985185185187,0.2490888888888889,GunPoint,1,20,6.5,4,22,none,0.852,1,150,1.5999999999999999,64,2.0,rf,,,,,,,,,,
0.7424242424242424,0.764034175875737,0.7750711237553343,0.9061166429587482,0.1468567905404038,0.18518559735778878,GunPoint,1,20,6.5,4,22,none,0.852,1,150,1.5999999999999999,64,2.0,ridge,,,,,,,,,,
0.9523809523809523,0.9532082534239031,0.9537695590327169,0.9979551920341393,0.058220370370370374,0.17073333333333335,GunPoint,1,20,6.5,4,22,SMOTE-raw,0.852,1,150,1.5999999999999999,64,2.0,rf,1.9311489216676918,0.1600194196396707,0.3613857778469105,,,,,,,
0.8456375838926175,0.846715686502594,0.8469061166429588,0.9011379800853484,0.11906283449527867,0.1071306271520564,GunPoint,1,20,6.5,4,22,SMOTE-raw,0.852,1,150,1.5999999999999999,64,2.0,ridge,1.9311489216676918,0.1600194196396707,0.3613857778469105,,,,,,,
0.9379310344827586,0.9394923116760644,0.9406116642958748,0.9983108108108107,0.06217022222222222,0.17653333333333338,GunPoint,1,20,6.5,4,22,guide=gpf | walk=plain,0.852,1,150,1.5999999999999999,64,2.0,rf,1.8246752695475514,0.15399526076964898,0.5391766609281959,0.34375,0.2,0.0,,,,
0.8435374149659864,0.8465056615244151,0.8470839260312945,0.9004267425320056,0.11837680873732419,0.10171442990716632,GunPoint,1,20,6.5,4,22,guide=gpf | walk=plain,0.852,1,150,1.5999999999999999,64,2.0,ridge,1.8246752695475514,0.15399526076964898,0.5391766609281959,0.34375,0.2,0.0,,,,
0.9379310344827586,0.9394923116760644,0.9406116642958748,0.9983108108108107,0.06217022222222222,0.17653333333333338,GunPoint,1,20,6.5,4,22,guide=gpf | walk=plain | guard,0.852,1,150,1.5999999999999999,64,2.0,rf,1.8246752695475514,0.15399526076964898,0.5391766609281959,0.34375,0.9,1.0,0.0,1.0,0.54,0.54
0.8435374149659864,0.8465056615244151,0.8470839260312945,0.9004267425320056,0.11837680873732419,0.10171442990716632,GunPoint,1,20,6.5,4,22,guide=gpf | walk=plain | guard,0.852,1,150,1.5999999999999999,64,2.0,ridge,1.8246752695475514,0.15399526076964898,0.5391766609281959,0.34375,0.9,1.0,0.0,1.0,0.54,0.54
0.8823529411764706,0.8885233166386386,0.8947368421052632,0.9905761024182076,0.08858355555555555,0.18306666666666666,GunPoint,1,20,6.5,4,22,guide=gpf | walk=aligned,0.852,1,150,1.5999999999999999,64,2.0,rf,4.579981004948285,0.2214408317827482,2.245241580047615,0.34375,0.3,0.0,,,,
0.8137931034482758,0.8193950514590742,0.8205903271692745,0.9123399715504978,0.12190377513052124,0.08537479515890065,GunPoint,1,20,6.5,4,22,guide=gpf | walk=aligned,0.852,1,150,1.5999999999999999,64,2.0,ridge,4.579981004948285,0.2214408317827482,2.245241580047615,0.34375,0.3,0.0,,,,
0.8740740740740741,0.8810878443570108,0.888157894736842,0.989775960170697,0.08791948148148147,0.17828888888888889,GunPoint,1,20,6.5,4,22,guide=gpf | walk=aligned | guard,0.852,1,150,1.5999999999999999,64,2.0,rf,4.231015013911396,0.21530698449286145,2.0001066597700707,0.34375,1.0,1.0,1.0,0.94,2.25,2.0
0.821917808219178,0.8263099002245488,0.8271692745376956,0.9110953058321479,0.12184968836613157,0.09702374764013667,GunPoint,1,20,6.5,4,22,guide=gpf | walk=aligned | guard,0.852,1,150,1.5999999999999999,64,2.0,ridge,4.231015013911396,0.21530698449286145,2.0001066597700707,0.34375,1.0,1.0,1.0,0.94,2.25,2.0
0.9142857142857143,0.9176629354822471,0.9210526315789473,0.9887091038406828,0.09990022222222222,0.1824222222222222,GunPoint,1,20,6.5,4,22,guide=sig | walk=aligned,0.852,1,150,1.5999999999999999,64,2.0,rf,13.893633423406069,0.546636019897365,2.6062031343889713,0.34375,0.2,0.0,,,,
0.8391608391608392,0.8454547540285823,0.8474395448079659,0.9295874822190611,0.11059698573443041,0.10480981314556664,GunPoint,1,20,6.5,4,22,guide=sig | walk=aligned,0.852,1,150,1.5999999999999999,64,2.0,ridge,13.893633423406069,0.546636019897365,2.6062031343889713,0.34375,0.2,0.0,,,,
0.8985507246376812,0.9032106474595007,0.9078947368421053,0.9856863442389758,0.10063348148148148,0.18026666666666663,GunPoint,1,20,6.5,4,22,guide=sig | walk=aligned | guard,0.852,1,150,1.5999999999999999,64,2.0,rf,11.544522283948623,0.5247569377897374,2.0003096650357097,0.34375,0.9,1.0,1.0,0.867,2.61,2.0
0.8333333333333334,0.8391216704443929,0.8406827880512091,0.9253200568990041,0.11375642707889971,0.10795783347662415,GunPoint,1,20,6.5,4,22,guide=sig | walk=aligned | guard,0.852,1,150,1.5999999999999999,64,2.0,ridge,11.544522283948623,0.5247569377897374,2.0003096650357097,0.34375,0.9,1.0,1.0,0.867,2.61,2.0
0.6181818181818182,0.6688560540599386,0.7236842105263158,0.8601529160739687,0.2436754814814815,0.2782,GunPoint,2,5,5.2,5,21,none,0.852,1,150,1.5999999999999999,64,2.0,rf,,,,,,,,,,
0.6071428571428571,0.6597555476430673,0.7101706970128023,0.8600640113798008,0.25785066316099686,0.26643687370950053,GunPoint,2,5,5.2,5,21,none,0.852,1,150,1.5999999999999999,64,2.0,ridge,,,,,,,,,,
0.6181818181818182,0.6688560540599386,0.7236842105263158,0.9445234708392602,0.184399037037037,0.22144444444444444,GunPoint,2,5,5.2,5,21,SMOTE-raw,0.852,1,150,1.5999999999999999,64,2.0,rf,2.9053573477549444,0.2594159380346093,0.5014371727406514,,,,,,,
0.6126126126126126,0.6643213844587705,0.716927453769559,0.8573968705547652,0.2469727496292666,0.26002717449948975,GunPoint,2,5,5.2,5,21,SMOTE-raw,0.852,1,150,1.5999999999999999,64,2.0,ridge,2.9053573477549444,0.2594159380346093,0.5014371727406514,,,,,,,
0.6181818181818182,0.6688560540599386,0.7236842105263158,0.9412339971550497,0.18729644444444446,0.22124444444444444,GunPoint,2,5,5.2,5,21,guide=gpf | walk=plain,0.852,1,150,1.5999999999999999,64,2.0,rf,4.908609954883787,0.3818974665747642,0.6159385285372125,0.65625,0.1,0.0,,,,
0.6071428571428571,0.6597555476430673,0.7101706970128023,0.8465504978662873,0.24994805500025138,0.2463905101650695,GunPoint,2,5,5.2,5,21,guide=gpf | walk=plain,0.852,1,150,1.5999999999999999,64,2.0,ridge,4.908609954883787,0.3818974665747642,0.6159385285372125,0.65625,0.1,0.0,,,,
0.6181818181818182,0.6688560540599386,0.7236842105263158,0.9412339971550497,0.18729644444444446,0.22124444444444444,GunPoint,2,5,5.2,5,21,guide=gpf | walk=plain | guard,0.852,1,150,1.5999999999999999,64,2.0,rf,4.908609954883787,0.3818974665747642,0.6159385285372125,0.65625,0.7,1.0,0.0,1.0,0.62,0.62
0.6071428571428571,0.6597555476430673,0.7101706970128023,0.8465504978662873,0.24994805500025138,0.2463905101650695,GunPoint,2,5,5.2,5,21,guide=gpf | walk=plain | guard,0.852,1,150,1.5999999999999999,64,2.0,ridge,4.908609954883787,0.3818974665747642,0.6159385285372125,0.65625,0.7,1.0,0.0,1.0,0.62,0.62
0.6126126126126126,0.6643213844587705,0.716927453769559,0.9791073968705547,0.14835414814814812,0.2120222222222222,GunPoint,2,5,5.2,5,21,guide=gpf | walk=aligned,0.852,1,150,1.5999999999999999,64,2.0,rf,7.792027050934355,0.4445456483261802,2.1747838134788777,0.65625,0.2,0.0,,,,
0.5945945945945946,0.6499808510145764,0.7035917496443813,0.8472617354196301,0.25378604681088157,0.25922201176551674,GunPoint,2,5,5.2,5,21,guide=gpf | walk=aligned,0.852,1,150,1.5999999999999999,64,2.0,ridge,7.792027050934355,0.4445456483261802,2.1747838134788777,0.65625,0.2,0.0,,,,
0.6126126126126126,0.6643213844587705,0.716927453769559,0.9780405405405406,0.15023837037037038,0.21177777777777776,GunPoint,2,5,5.2,5,21,guide=gpf | walk=aligned | guard,0.852,1,150,1.5999999999999999,64,2.0,rf,7.331916160530457,0.4340481954727071,2.00143418135051,0.65625,0.9,1.0,1.0,0.949,2.17,2.0
0.5945945945945946,0.6499808510145764,0.7035917496443813,0.8493954480796586,0.2534862365951959,0.2592962970926767,GunPoint,2,5,5.2,5,21,guide=gpf | walk=aligned | guard,0.852,1,150,1.5999999999999999,64,2.0,ridge,7.331916160530457,0.4340481954727071,2.00143418135051,0.65625,0.9,1.0,1.0,0.949,2.17,2.0
0.625,0.674020019879027,0.7235064011379801,0.9684388335704124,0.14648414814814817,0.20684444444444444,GunPoint,2,5,5.2,5,21,guide=sig | walk=aligned,0.852,1,150,1.5999999999999999,64,2.0,rf,8.282415957903755,0.466595945255462,2.4270977628978567,0.328125,0.3,0.0,,,,
0.6071428571428571,0.6597555476430673,0.7101706970128023,0.8552631578947368,0.2384856053366778,0.23644406014082242,GunPoint,2,5,5.2,5,21,guide=sig | walk=aligned,0.852,1,150,1.5999999999999999,64,2.0,ridge,8.282415957903755,0.466595945255462,2.4270977628978567,0.328125,0.3,0.0,,,,
0.6306306306306306,0.6786208925382962,0.7302631578947368,0.9649715504978663,0.15040948148148148,0.20613333333333336,GunPoint,2,5,5.2,5,21,guide=sig | walk=aligned | guard,0.852,1,150,1.5999999999999999,64,2.0,rf,7.195832356678424,0.43799496346675665,2.0031491919977475,0.328125,0.9,1.0,1.0,0.888,2.43,2.0
0.6071428571428571,0.6597555476430673,0.7101706970128023,0.857574679943101,0.2388518430538224,0.23701198231121015,GunPoint,2,5,5.2,5,21,guide=sig | walk=aligned | guard,0.852,1,150,1.5999999999999999,64,2.0,ridge,7.195832356678424,0.43799496346675665,2.0031491919977475,0.328125,0.9,1.0,1.0,0.888,2.43,2.0
0.4329896907216495,0.5256574830378469,0.6381578947368421,0.9490576102418207,0.22071451851851853,0.2669333333333333,GunPoint,2,10,6.5,4,22,none,0.852,1,150,1.5999999999999999,64,2.0,rf,,,,,,,,,,
0.7096774193548387,0.7400357532403207,0.7624466571834994,0.9023826458036984,0.1671712083098031,0.19280849137645653,GunPoint,2,10,6.5,4,22,none,0.852,1,150,1.5999999999999999,64,2.0,ridge,,,,,,,,,,
0.8125,0.8271701918685112,0.8421052631578947,0.9895981507823614,0.11041118518518518,0.1986,GunPoint,2,10,6.5,4,22,SMOTE-raw,0.852,1,150,1.5999999999999999,64,2.0,rf,2.0108058191921483,0.16119552689964578,0.3661128526980513,,,,,,,
0.8356164383561644,0.8396512518605965,0.8405049786628734,0.9185633001422474,0.11734702646817614,0.06667831007773174,GunPoint,2,10,6.5,4,22,SMOTE-raw,0.852,1,150,1.5999999999999999,64,2.0,ridge,2.0108058191921483,0.16119552689964578,0.3661128526980513,,,,,,,
0.7272727272727273,0.7557273022289731,0.7827169274537695,0.9814189189189189,0.13026251851851853,0.212,GunPoint,2,10,6.5,4,22,guide=gpf | walk=plain,0.852,1,150,1.5999999999999999,64,2.0,rf,3.221395642108714,0.19791010343267668,1.1875115676168961,0.34375,0.2,0.0,,,,
0.725925925925926,0.7467330458877309,0.7548008534850641,0.8556187766714083,0.17528063350102277,0.13717219274041934,GunPoint,2,10,6.5,4,22,guide=gpf | walk=plain,0.852,1,150,1.5999999999999999,64,2.0,ridge,3.221395642108714,0.19791010343267668,1.1875115676168961,0.34375,0.2,0.0,,,,
0.7272727272727273,0.7557273022289731,0.7827169274537695,0.9814189189189189,0.13026251851851853,0.212,GunPoint,2,10,6.5,4,22,guide=gpf | walk=plain | guard,0.852,1,150,1.5999999999999999,64,2.0,rf,3.221395642108714,0.19791010343267668,1.1875115676168961,0.34375,1.0,1.0,0.0,1.0,1.19,1.19
0.725925925925926,0.7467330458877309,0.7548008534850641,0.8556187766714083,0.17528063350102277,0.13717219274041934,GunPoint,2,10,6.5,4,22,guide=gpf | walk=plain | guard,0.852,1,150,1.5999999999999999,64,2.0,ridge,3.221395642108714,0.19791010343267668,1.1875115676168961,0.34375,1.0,1.0,0.0,1.0,1.19,1.19
0.8396946564885496,0.8506963092234007,0.861842105263158,0.97475106685633,0.1144385925925926,0.1699333333333333,GunPoint,2,10,6.5,4,22,guide=gpf | walk=aligned,0.852,1,150,1.5999999999999999,64,2.0,rf,3.8960306236705424,0.26766373959217005,1.6826422354374169,0.22916666666666666,0.2,0.0,,,,
0.7555555555555555,0.7736319545739951,0.7814722617354196,0.883357041251778,0.16140917252602136,0.14194841152407653,GunPoint,2,10,6.5,4,22,guide=gpf | walk=aligned,0.852,1,150,1.5999999999999999,64,2.0,ridge,3.8960306236705424,0.26766373959217005,1.6826422354374169,0.22916666666666666,0.2,0.0,,,,
0.8396946564885496,0.8506963092234007,0.861842105263158,0.97475106685633,0.1144385925925926,0.1699333333333333,GunPoint,2,10,6.5,4,22,guide=gpf | walk=aligned | guard,0.852,1,150,1.5999999999999999,64,2.0,rf,3.8960306236705424,0.26766373959217005,1.6826422354374169,0.22916666666666666,0.9,1.0,0.0,1.0,1.68,1.68
0.7555555555555555,0.7736319545739951,0.7814722617354196,0.883357041251778,0.16140917252602136,0.14194841152407653,GunPoint,2,10,6.5,4,22,guide=gpf | walk=aligned | guard,0.852,1,150,1.5999999999999999,64,2.0,ridge,3.8960306236705424,0.26766373959217005,1.6826422354374169,0.22916666666666666,0.9,1.0,0.0,1.0,1.68,1.68
0.8507462686567164,0.8601539774161745,0.8682432432432432,0.9695056899004267,0.10541103703703705,0.14491111111111107,GunPoint,2,10,6.5,4,22,guide=sig | walk=aligned,0.852,1,150,1.5999999999999999,64,2.0,rf,1.9837163129610307,0.12890891769073254,2.182304732859916,0.34375,0.3,0.0,,,,
0.8055555555555556,0.8124213497330888,0.8140113798008535,0.8950924608819345,0.14177358074090474,0.11637092570037989,GunPoint,2,10,6.5,4,22,guide=sig | walk=aligned,0.852,1,150,1.5999999999999999,64,2.0,ridge,1.9837163129610307,0.12890891769073254,2.182304732859916,0.34375,0.3,0.0,,,,
0.8592592592592593,0.8676663818619293,0.8748221906116643,0.9711948790896159,0.10453792592592594,0.15373333333333333,GunPoint,2,10,6.5,4,22,guide=sig | walk=aligned | guard,0.852,1,150,1.5999999999999999,64,2.0,rf,1.9518756098950902,0.1296775563123842,2.0000509897385323,0.34375,1.1,1.0,1.0,0.954,2.18,2.0
0.7916666666666666,0.7990704058551495,0.8006756756756757,0.8975817923186344,0.14025406361606635,0.10765156942963787,GunPoint,2,10,6.5,4,22,guide=sig | walk=aligned | guard,0.852,1,150,1.5999999999999999,64,2.0,ridge,1.9518756098950902,0.1296775563123842,2.0000509897385323,0.34375,1.1,1.0,1.0,0.954,2.18,2.0
0.48,0.5619514869490163,0.6578947368421053,0.738620199146515,0.3036472592592593,0.3463555555555556,GunPoint,2,20,6.5,4,22,none,0.852,1,150,1.5999999999999999,64,2.0,rf,,,,,,,,,,
0.5333333333333333,0.6028618330581056,0.6774537695590327,0.6895448079658606,0.29961062446563574,0.3247731308032388,GunPoint,2,20,6.5,4,22,none,0.852,1,150,1.5999999999999999,64,2.0,ridge,,,,,,,,,,
0.5660377358490566,0.6282808624375432,0.6973684210526316,0.8158783783783784,0.2722971851851852,0.30435555555555555,GunPoint,2,20,6.5,4,22,SMOTE-raw,0.852,1,150,1.5999999999999999,64,2.0,rf,5.4152587257210545,0.4823736433173257,0.37460888875368725,,,,,,,
0.5925925925925926,0.6488856845230502,0.7105263157894737,0.7110597439544808,0.2863093212018622,0.2975091322686022,GunPoint,2,20,6.5,4,22,SMOTE-raw,0.852,1,150,1.5999999999999999,64,2.0,ridge,5.4152587257210545,0.4823736433173257,0.37460888875368725,,,,,,,
0.5384615384615384,0.6069769786668839,0.6842105263157895,0.837126600284495,0.26650437037037034,0.29860000000000003,GunPoint,2,20,6.5,4,22,guide=gpf | walk=plain,0.852,1,150,1.5999999999999999,64,2.0,rf,5.156431373107328,0.3783451467774892,1.3112658344336914,0.6875,0.1,0.0,,,,
0.5925925925925926,0.6488856845230502,0.7105263157894737,0.710348506401138,0.28585885397297506,0.3005940562110336,GunPoint,2,20,6.5,4,22,guide=gpf | walk=plain,0.852,1,150,1.5999999999999999,64,2.0,ridge,5.156431373107328,0.3783451467774892,1.3112658344336914,0.6875,0.1,0.0,,,,
0.5384615384615384,0.6069769786668839,0.6842105263157895,0.837126600284495,0.26650437037037034,0.29860000000000003,GunPoint,2,20,6.5,4,22,guide=gpf | walk=plain | guard,0.852,1,150,1.5999999999999999,64,2.0,rf,5.156431373107328,0.3783451467774892,1.3112658344336914,0.6875,0.8,1.0,0.0,1.0,1.31,1.31
0.5925925925925926,0.6488856845230502,0.7105263157894737,0.710348506401138,0.28585885397297506,0.3005940562110336,GunPoint,2,20,6.5,4,22,guide=gpf | walk=plain | guard,0.852,1,150,1.5999999999999999,64,2.0,ridge,5.156431373107328,0.3783451467774892,1.3112658344336914,0.6875,0.8,1.0,0.0,1.0,1.31,1.31
0.6181818181818182,0.6688560540599386,0.7236842105263158,0.8549075391180654,0.2429991111111111,0.2847555555555556,GunPoint,2,20,6.5,4,22,guide=gpf | walk=aligned,0.852,1,150,1.5999999999999999,64,2.0,rf,8.695583664407378,0.5240421897550376,2.002777317073702,0.6875,0.2,0.0,,,,
0.5384615384615384,0.6069769786668839,0.6842105263157895,0.7331081081081081,0.2957114554300779,0.31504775517026445,GunPoint,2,20,6.5,4,22,guide=gpf | walk=aligned,0.852,1,150,1.5999999999999999,64,2.0,ridge,8.695583664407378,0.5240421897550376,2.002777317073702,0.6875,0.2,0.0,,,,
0.6181818181818182,0.6688560540599386,0.7236842105263158,0.8540184921763869,0.24304014814814814,0.2847111111111111,GunPoint,2,20,6.5,4,22,guide=gpf | walk=aligned | guard,0.852,1,150,1.5999999999999999,64,2.0,rf,8.689663564801192,0.5239571170617969,2.0000818080538263,0.6875,0.9,1.0,1.0,0.999,2.0,2.0
0.5384615384615384,0.6069769786668839,0.6842105263157895,0.7332859174964438,0.29570623310009164,0.3150436545215631,GunPoint,2,20,6.5,4,22,guide=gpf | walk=aligned | guard,0.852,1,150,1.5999999999999999,64,2.0,ridge,8.689663564801192,0.5239571170617969,2.0000818080538263,0.6875,0.9,1.0,1.0,0.999,2.0,2.0
0.5794392523364486,0.6386663736585051,0.7039473684210527,0.7875177809388335,0.26949925925925927,0.30040000000000006,GunPoint,2,20,6.5,4,22,guide=sig | walk=aligned,0.852,1,150,1.5999999999999999,64,2.0,rf,13.799353960446881,0.7656313164623212,1.1209219239722106,0.6875,0.1,0.0,,,,
0.5523809523809524,0.6177207681213422,0.6907894736842105,0.7265291607396871,0.29416063402680426,0.3151406076073139,GunPoint,2,20,6.5,4,22,guide=sig | walk=aligned,0.852,1,150,1.5999999999999999,64,2.0,ridge,13.799353960446881,0.7656313164623212,1.1209219239722106,0.6875,0.1,0.0,,,,
0.5794392523364486,0.6386663736585051,0.7039473684210527,0.7875177809388335,0.26949925925925927,0.30040000000000006,GunPoint,2,20,6.5,4,22,guide=sig | walk=aligned | guard,0.852,1,150,1.5999999999999999,64,2.0,rf,13.799353960446881,0.7656313164623212,1.1209219239722106,0.6875,0.8,1.0,0.0,1.0,1.12,1.12
0.5523809523809524,0.6177207681213422,0.6907894736842105,0.7265291607396871,0.29416063402680426,0.3151406076073139,GunPoint,2,20,6.5,4,22,guide=sig | walk=aligned | guard,0.852,1,150,1.5999999999999999,64,2.0,ridge,13.799353960446881,0.7656313164623212,1.1209219239722106,0.6875,0.8,1.0,0.0,1.0,1.12,1.12
1.0,1.0,1.0,1.0,0.018511944444444445,0.09241666666666669,BasicMotions,0,5,5.0,6,24,none,0.04,6,100,1.4,64,2.0,rf,,,,,,,,,,
0.6666666666666666,0.7788880963698616,0.7833333333333333,0.8533333333333334,0.13738986773442852,0.17198792566009785,BasicMotions,0,5,5.0,6,24,none,0.04,6,100,1.4,64,2.0,ridge,,,,,,,,,,
1.0,1.0,1.0,1.0,0.005200833333333333,0.054250000000000013,BasicMotions,0,5,5.0,6,24,SMOTE-raw,0.04,6,100,1.4,64,2.0,rf,0.37758064436868577,0.1716367982297452,0.6981981447723558,,,,,,,
0.6666666666666666,0.816496580927726,0.8333333333333333,0.8633333333333334,0.17480302939442116,0.26862597901380986,BasicMotions,0,5,5.0,6,24,SMOTE-raw,0.04,6,100,1.4,64,2.0,ridge,0.37758064436868577,0.1716367982297452,0.6981981447723558,,,,,,,
1.0,1.0,1.0,1.0,0.006028055555555556,0.05641666666666668,BasicMotions,0,5,5.0,6,24,guide=gpf | walk=plain,0.04,6,100,1.4,64,2.0,rf,1.0084041400206498,0.33813825072242587,2.022815491237188,0.375,0.1,0.0,,,,
0.8,0.9128709291752769,0.9166666666666667,0.9266666666666667,0.15094754034034166,0.21366658257394242,BasicMotions,0,5,5.0,6,24,guide=gpf | walk=plain,0.04,6,100,1.4,64,2.0,ridge,1.0084041400206498,0.33813825072242587,2.022815491237188,0.375,0.1,0.0,,,,
1.0,1.0,1.0,1.0,0.0061086111111111115,0.05708333333333335,BasicMotions,0,5,5.0,6,24,guide=gpf | walk=plain | guard,0.04,6,100,1.4,64,2.0,rf,0.9917224710855264,0.3340956094172608,1.9880028304637947,0.375,0.9,1.0,1.0,0.994,2.02,1.99
0.7692307692307693,0.8944271909999159,0.9,0.9266666666666667,0.15137526602807191,0.21356806273231288,BasicMotions,0,5,5.0,6,24,guide=gpf | walk=plain | guard,0.04,6,100,1.4,64,2.0,ridge,0.9917224710855264,0.3340956094172608,1.9880028304637947,0.375,0.9,1.0,1.0,0.994,2.02,1.99
1.0,1.0,1.0,1.0,0.007704722222222221,0.06425,BasicMotions,0,5,5.0,6,24,guide=gpf | walk=aligned,0.04,6,100,1.4,64,2.0,rf,0.3115317431287903,0.1575245231143486,0.9490761428538562,0.75,0.2,0.0,,,,
0.7407407407407407,0.8755950357709131,0.8833333333333333,0.8933333333333333,0.15548353006323384,0.2233899064986823,BasicMotions,0,5,5.0,6,24,guide=gpf | walk=aligned,0.04,6,100,1.4,64,2.0,ridge,0.3115317431287903,0.1575245231143486,0.9490761428538562,0.75,0.2,0.0,,,,
1.0,1.0,1.0,1.0,0.007704722222222221,0.06425,BasicMotions,0,5,5.0,6,24,guide=gpf | walk=aligned | guard,0.04,6,100,1.4,64,2.0,rf,0.3115317431287903,0.1575245231143486,0.9490761428538562,0.75,1.0,1.0,0.0,1.0,0.95,0.95
0.7407407407407407,0.8755950357709131,0.8833333333333333,0.8933333333333333,0.15548353006323384,0.2233899064986823,BasicMotions,0,5,5.0,6,24,guide=gpf | walk=aligned | guard,0.04,6,100,1.4,64,2.0,ridge,0.3115317431287903,0.1575245231143486,0.9490761428538562,0.75,1.0,1.0,0.0,1.0,0.95,0.95
1.0,1.0,1.0,1.0,0.008177222222222221,0.06783333333333331,BasicMotions,0,5,5.0,6,24,guide=sig | walk=aligned,0.04,6,100,1.4,64,2.0,rf,0.6854616026531999,0.3110658311258042,0.7103062303109523,0.75,0.2,0.0,,,,
0.8181818181818182,0.9,0.9,0.9433333333333334,0.10231104829795794,0.1755639075194661,BasicMotions,0,5,5.0,6,24,guide=sig | walk=aligned,0.04,6,100,1.4,64,2.0,ridge,0.6854616026531999,0.3110658311258042,0.7103062303109523,0.75,0.2,0.0,,,,
1.0,1.0,1.0,1.0,0.008177222222222221,0.06783333333333331,BasicMotions,0,5,5.0,6,24,guide=sig | walk=aligned | guard,0.04,6,100,1.4,64,2.0,rf,0.6854616026531999,0.3110658311258042,0.7103062303109523,0.75,1.0,1.0,0.0,1.0,0.71,0.71
0.8181818181818182,0.9,0.9,0.9433333333333334,0.10231104829795794,0.1755639075194661,BasicMotions,0,5,5.0,6,24,guide=sig | walk=aligned | guard,0.04,6,100,1.4,64,2.0,ridge,0.6854616026531999,0.3110658311258042,0.7103062303109523,0.75,1.0,1.0,0.0,1.0,0.71,0.71
1.0,1.0,1.0,1.0,0.03149972222222222,0.11375,BasicMotions,0,10,7.5,4,26,none,0.04,6,100,1.5999999999999999,64,2.0,rf,,,,,,,,,,
0.2857142857142857,0.43204937989385733,0.5666666666666667,0.9033333333333333,0.14095766687546818,0.20661757397938466,BasicMotions,0,10,7.5,4,26,none,0.04,6,100,1.5999999999999999,64,2.0,ridge,,,,,,,,,,
1.0,1.0,1.0,1.0,0.00670138888888889,0.05525000000000001,BasicMotions,0,10,7.5,4,26,SMOTE-raw,0.04,6,100,1.5999999999999999,64,2.0,rf,0.34312591567807815,0.1498777679627178,0.5033096895795948,,,,,,,
0.6451612903225806,0.7958224257542215,0.8166666666666667,0.89,0.16433431083539843,0.24279592340503364,BasicMotions,0,10,7.5,4,26,SMOTE-raw,0.04,6,100,1.5999999999999999,64,2.0,ridge,0.34312591567807815,0.1498777679627178,0.5033096895795948,,,,,,,
1.0,1.0,1.0,1.0,0.007908055555555557,0.05908333333333335,BasicMotions,0,10,7.5,4,26,guide=gpf | walk=plain,0.04,6,100,1.5999999999999999,64,2.0,rf,0.6959808976642563,0.20093629260082346,2.4910316765168994,0.8125,0.1,0.0,,,,
0.8,0.9128709291752769,0.9166666666666667,0.88,0.14960637150148365,0.25249269227871585,BasicMotions,0,10,7.5,4,26,guide=gpf | walk=plain,0.04,6,100,1.5999999999999999,64,2.0,ridge,0.6959808976642563,0.20093629260082346,2.4910316765168994,0.8125,0.1,0.0,,,,
1.0,1.0,1.0,1.0,0.0069175,0.05525000000000004,BasicMotions,0,10,7.5,4,26,guide=gpf | walk=plain | guard,0.04,6,100,1.5999999999999999,64,2.0,rf,0.5272702975389616,0.1712319195953067,1.8074844930076455,0.8125,1.2,1.0,1.0,0.896,2.49,1.81
0.7692307692307693,0.8944271909999159,0.9,0.87,0.15786813596460275,0.24835170914148932,BasicMotions,0,10,7.5,4,26,guide=gpf | walk=plain | guard,0.04,6,100,1.5999999999999999,64,2.0,ridge,0.5272702975389616,0.1712319195953067,1.8074844930076455,0.8125,1.2,1.0,1.0,0.896,2.49,1.81
1.0,1.0,1.0,0.9999999999999999,0.00857,0.0645,BasicMotions,0,10,7.5,4,26,guide=gpf | walk=aligned,0.04,6,100,1.5999999999999999,64,2.0,rf,0.38055300368678124,0.16896594073141136,1.0390447909193017,0.40625,0.3,0.0,,,,
0.8,0.9128709291752769,0.9166666666666667,0.8666666666666667,0.16057759006812303,0.24629433470246176,BasicMotions,0,10,7.5,4,26,guide=gpf | walk=aligned,0.04,6,100,1.5999999999999999,64,2.0,ridge,0.38055300368678124,0.16896594073141136,1.0390447909193017,0.40625,0.3,0.0,,,,
1.0,1.0,1.0,0.9999999999999999,0.00857,0.0645,BasicMotions,0,10,7.5,4,26,guide=gpf | walk=aligned | guard,0.04,6,100,1.5999999999999999,64,2.0,rf,0.38055300368678124,0.16896594073141136,1.0390447909193017,0.40625,1.2,1.0,0.0,1.0,1.04,1.04
0.8,0.9128709291752769,0.9166666666666667,0.8666666666666667,0.16057759006812303,0.24629433470246176,BasicMotions,0,10,7.5,4,26,guide=gpf | walk=aligned | guard,0.04,6,100,1.5999999999999999,64,2.0,ridge,0.38055300368678124,0.16896594073141136,1.0390447909193017,0.40625,1.2,1.0,0.0,1.0,1.04,1.04
1.0,1.0,1.0,1.0,0.0068405555555555555,0.056166666666666684,BasicMotions,0,10,7.5,4,26,guide=sig | walk=aligned,0.04,6,100,1.5999999999999999,64,2.0,rf,0.35218555106194094,0.15650277466499163,1.0390750984264847,0.8125,0.2,0.0,,,,
0.7407407407407407,0.8755950357709131,0.8833333333333333,0.88,0.15984543557045489,0.21659884350065417,BasicMotions,0,10,7.5,4,26,guide=sig | walk=aligned,0.04,6,100,1.5999999999999999,64,2.0,ridge,0.35218555106194094,0.15650277466499163,1.0390750984264847,0.8125,0.2,0.0,,,,
1.0,1.0,1.0,1.0,0.0068405555555555555,0.056166666666666684,BasicMotions,0,10,7.5,4,26,guide=sig | walk=aligned | guard,0.04,6,100,1.5999999999999999,64,2.0,rf,0.35218555106194094,0.15650277466499163,1.0390750984264847,0.8125,0.8,1.0,0.0,1.0,1.04,1.04
0.7407407407407407,0.8755950357709131,0.8833333333333333,0.88,0.15984543557045489,0.21659884350065417,BasicMotions,0,10,7.5,4,26,guide=sig | walk=aligned | guard,0.04,6,100,1.5999999999999999,64,2.0,ridge,0.35218555106194094,0.15650277466499163,1.0390750984264847,0.8125,0.8,1.0,0.0,1.0,1.04,1.04
0.9473684210526315,0.9486832980505138,0.95,1.0,0.03394083333333333,0.11574999999999999,BasicMotions,0,20,7.5,4,26,none,0.04,6,100,1.5999999999999999,64,2.0,rf,,,,,,,,,,
0.5555555555555556,0.6708203932499369,0.7,0.8600000000000001,0.13460074442713488,0.1464071139310374,BasicMotions,0,20,7.5,4,26,none,0.04,6,100,1.5999999999999999,64,2.0,ridge,,,,,,,,,,
0.9473684210526315,0.9486832980505138,0.95,0.9999999999999999,0.017913055555555557,0.08625000000000001,BasicMotions,0,20,7.5,4,26,SMOTE-raw,0.04,6,100,1.5999999999999999,64,2.0,rf,0.6777437113480143,0.30990478959497436,0.4616797443740493,,,,,,,
0.7272727272727273,0.8326663997864531,0.8333333333333334,0.8666666666666667,0.1286458851388027,0.1588290347787476,BasicMotions,0,20,7.5,4,26,SMOTE-raw,0.04,6,100,1.5999999999999999,64,2.0,ridge,0.6777437113480143,0.30990478959497436,0.4616797443740493,,,,,,,
1.0,1.0,1.0,1.0,0.013551666666666665,0.08066666666666664,BasicMotions,0,20,7.5,4,26,guide=gpf | walk=plain,0.04,6,100,1.5999999999999999,64,2.0,rf,0.3897019790468854,0.13646502511502612,1.3826627340672693,0.8125,0.0,0.0,,,,
0.782608695652174,0.8831760866327847,0.8833333333333333,0.8700000000000001,0.12822270276519082,0.19343029237580428,BasicMotions,0,20,7.5,4,26,guide=gpf | walk=plain,0.04,6,100,1.5999999999999999,64,2.0,ridge,0.3897019790468854,0.13646502511502612,1.3826627340672693,0.8125,0.0,0.0,,,,
1.0,1.0,1.0,1.0,0.013551666666666665,0.08066666666666664,BasicMotions,0,20,7.5,4,26,guide=gpf | walk=plain | guard,0.04,6,100,1.5999999999999999,64,2.0,rf,0.3897019790468854,0.13646502511502612,1.3826627340672693,0.8125,0.9,1.0,0.0,1.0,1.38,1.38
0.782608695652174,0.8831760866327847,0.8833333333333333,0.8700000000000001,0.12822270276519082,0.19343029237580428,BasicMotions,0,20,7.5,4,26,guide=gpf | walk=plain | guard,0.04,6,100,1.5999999999999999,64,2.0,ridge,0.3897019790468854,0.13646502511502612,1.3826627340672693,0.8125,0.9,1.0,0.0,1.0,1.38,1.38
1.0,1.0,1.0,1.0,0.013964444444444446,0.083,BasicMotions,0,20,7.5,4,26,guide=gpf | walk=aligned,0.04,6,100,1.5999999999999999,64,2.0,rf,0.4473758768088929,0.1811803382020737,1.0391802923319453,0.8125,0.2,0.0,,,,
0.8181818181818182,0.9,0.9,0.8700000000000001,0.12419110353896416,0.19037691792325956,BasicMotions,0,20,7.5,4,26,guide=gpf | walk=aligned,0.04,6,100,1.5999999999999999,64,2.0,ridge,0.4473758768088929,0.1811803382020737,1.0391802923319453,0.8125,0.2,0.0,,,,
1.0,1.0,1.0,1.0,0.013964444444444446,0.083,BasicMotions,0,20,7.5,4,26,guide=gpf | walk=aligned | guard,0.04,6,100,1.5999999999999999,64,2.0,rf,0.4473758768088929,0.1811803382020737,1.0391802923319453,0.8125,0.9,1.0,0.0,1.0,1.04,1.04
0.8181818181818182,0.9,0.9,0.8700000000000001,0.12419110353896416,0.19037691792325956,BasicMotions,0,20,7.5,4,26,guide=gpf | walk=aligned | guard,0.04,6,100,1.5999999999999999,64,2.0,ridge,0.4473758768088929,0.1811803382020737,1.0391802923319453,0.8125,0.9,1.0,0.0,1.0,1.04,1.04
1.0,1.0,1.0,0.9999999999999999,0.018104166666666664,0.08925000000000001,BasicMotions,0,20,7.5,4,26,guide=sig | walk=aligned,0.04,6,100,1.5999999999999999,64,2.0,rf,0.697644171387378,0.33844052553985227,0.6502971875340688,0.2708333333333333,0.3,0.0,,,,
0.6956521739130435,0.816496580927726,0.8166666666666667,0.8633333333333333,0.12986886019442773,0.16156540365017108,BasicMotions,0,20,7.5,4,26,guide=sig | walk=aligned,0.04,6,100,1.5999999999999999,64,2.0,ridge,0.697644171387378,0.33844052553985227,0.6502971875340688,0.2708333333333333,0.3,0.0,,,,
1.0,1.0,1.0,0.9999999999999999,0.018104166666666664,0.08925000000000001,BasicMotions,0,20,7.5,4,26,guide=sig | walk=aligned | guard,0.04,6,100,1.5999999999999999,64,2.0,rf,0.697644171387378,0.33844052553985227,0.6502971875340688,0.2708333333333333,1.0,1.0,0.0,1.0,0.65,0.65
0.6956521739130435,0.816496580927726,0.8166666666666667,0.8633333333333333,0.12986886019442773,0.16156540365017108,BasicMotions,0,20,7.5,4,26,guide=sig | walk=aligned | guard,0.04,6,100,1.5999999999999999,64,2.0,ridge,0.697644171387378,0.33844052553985227,0.6502971875340688,0.2708333333333333,1.0,1.0,0.0,1.0,0.65,0.65
1.0,1.0,1.0,1.0,0.019711666666666672,0.09166666666666667,BasicMotions,1,5,5.0,6,24,none,0.04,6,100,1.4,64,2.0,rf,,,,,,,,,,
0.5333333333333333,0.621825270205921,0.6833333333333333,0.9366666666666668,0.11214064614017079,0.2059442361233336,BasicMotions,1,5,5.0,6,24,none,0.04,6,100,1.4,64,2.0,ridge,,,,,,,,,,
1.0,1.0,1.0,1.0,0.009013055555555557,0.06591666666666668,BasicMotions,1,5,5.0,6,24,SMOTE-raw,0.04,6,100,1.4,64,2.0,rf,0.4124902760862794,0.2028294873150659,0.5675553295097501,,,,,,,
0.7142857142857143,0.8563488385776752,0.8666666666666667,0.9600000000000001,0.112337772718977,0.22276712895719197,BasicMotions,1,5,5.0,6,24,SMOTE-raw,0.04,6,100,1.4,64,2.0,ridge,0.4124902760862794,0.2028294873150659,0.5675553295097501,,,,,,,
1.0,1.0,1.0,1.0,0.007273333333333335,0.05950000000000001,BasicMotions,1,5,5.0,6,24,guide=gpf | walk=plain,0.04,6,100,1.4,64,2.0,rf,0.335328662082401,0.18597889575205506,1.3110024051921136,0.375,0.1,0.0,,,,
0.7142857142857143,0.8563488385776752,0.8666666666666667,0.9966666666666667,0.1006022508573597,0.23082774558185026,BasicMotions,1,5,5.0,6,24,guide=gpf | walk=plain,0.04,6,100,1.4,64,2.0,ridge,0.335328662082401,0.18597889575205506,1.3110024051921136,0.375,0.1,0.0,,,,
1.0,1.0,1.0,1.0,0.007273333333333335,0.05950000000000001,BasicMotions,1,5,5.0,6,24,guide=gpf | walk=plain | guard,0.04,6,100,1.4,64,2.0,rf,0.335328662082401,0.18597889575205506,1.3110024051921136,0.375,1.0,1.0,0.0,1.0,1.31,1.31
0.7142857142857143,0.8563488385776752,0.8666666666666667,0.9966666666666667,0.1006022508573597,0.23082774558185026,BasicMotions,1,5,5.0,6,24,guide=gpf | walk=plain | guard,0.04,6,100,1.4,64,2.0,ridge,0.335328662082401,0.18597889575205506,1.3110024051921136,0.375,1.0,1.0,0.0,1.0,1.31,1.31
1.0,1.0,1.0,1.0,0.007070277777777778,0.05958333333333335,BasicMotions,1,5,5.0,6,24,guide=gpf | walk=aligned,0.04,6,100,1.4,64,2.0,rf,0.5412665774542269,0.2669104463823849,0.6641687800426979,0.75,0.4,0.0,,,,
0.75,0.8660254037844386,0.8666666666666667,0.9366666666666666,0.11262086525497499,0.21108066756444582,BasicMotions,1,5,5.0,6,24,guide=gpf | walk=aligned,0.04,6,100,1.4,64,2.0,ridge,0.5412665774542269,0.2669104463823849,0.6641687800426979,0.75,0.4,0.0,,,,
1.0,1.0,1.0,1.0,0.007070277777777778,0.05958333333333335,BasicMotions,1,5,5.0,6,24,guide=gpf | walk=aligned | guard,0.04,6,100,1.4,64,2.0,rf,0.5412665774542269,0.2669104463823849,0.6641687800426979,0.75,1.3,1.0,0.0,1.0,0.66,0.66
0.75,0.8660254037844386,0.8666666666666667,0.9366666666666666,0.11262086525497499,0.21108066756444582,BasicMotions,1,5,5.0,6,24,guide=gpf | walk=aligned | guard,0.04,6,100,1.4,64,2.0,ridge,0.5412665774542269,0.2669104463823849,0.6641687800426979,0.75,1.3,1.0,0.0,1.0,0.66,0.66
1.0,1.0,1.0,1.0,0.007974722222222222,0.06175000000000001,BasicMotions,1,5,5.0,6,24,guide=sig | walk=aligned,0.04,6,100,1.4,64,2.0,rf,0.5877927240580856,0.37078170667529625,0.5457760510892907,0.75,0.1,0.0,,,,
0.782608695652174,0.8831760866327847,0.8833333333333333,0.9733333333333334,0.09151573872464855,0.17332794368705765,BasicMotions,1,5,5.0,6,24,guide=sig | walk=aligned,0.04,6,100,1.4,64,2.0,ridge,0.5877927240580856,0.37078170667529625,0.5457760510892907,0.75,0.1,0.0,,,,
1.0,1.0,1.0,1.0,0.007974722222222222,0.06175000000000001,BasicMotions,1,5,5.0,6,24,guide=sig | walk=aligned | guard,0.04,6,100,1.4,64,2.0,rf,0.5877927240580856,0.37078170667529625,0.5457760510892907,0.75,0.9,1.0,0.0,1.0,0.55,0.55
0.782608695652174,0.8831760866327847,0.8833333333333333,0.9733333333333334,0.09151573872464855,0.17332794368705765,BasicMotions,1,5,5.0,6,24,guide=sig | walk=aligned | guard,0.04,6,100,1.4,64,2.0,ridge,0.5877927240580856,0.37078170667529625,0.5457760510892907,0.75,0.9,1.0,0.0,1.0,0.55,0.55
0.8888888888888888,0.8944271909999159,0.9,1.0,0.03669638888888889,0.11991666666666669,BasicMotions,1,10,7.5,4,26,none,0.04,6,100,1.5999999999999999,64,2.0,rf,,,,,,,,,,
0.6,0.7211102550927979,0.7333333333333334,0.8633333333333334,0.13580552105794091,0.149256617983432,BasicMotions,1,10,7.5,4,26,none,0.04,6,100,1.5999999999999999,64,2.0,ridge,,,,,,,,,,
0.9473684210526315,0.9486832980505138,0.95,1.0,0.019458333333333334,0.08833333333333335,BasicMotions,1,10,7.5,4,26,SMOTE-raw,0.04,6,100,1.5999999999999999,64,2.0,rf,0.6774153121842275,0.33164726482469087,0.5144843268580828,,,,,,,
0.7272727272727273,0.8326663997864531,0.8333333333333334,0.8566666666666667,0.13245078466416033,0.17395958083672083,BasicMotions,1,10,7.5,4,26,SMOTE-raw,0.04,6,100,1.5999999999999999,64,2.0,ridge,0.6774153121842275,0.33164726482469087,0.5144843268580828,,,,,,,
1.0,1.0,1.0,1.0,0.014920833333333336,0.08224999999999999,BasicMotions,1,10,7.5,4,26,guide=gpf | walk=plain,0.04,6,100,1.5999999999999999,64,2.0,rf,0.621686895191379,0.27421559369258053,1.4190715748591127,0.8125,0.1,0.0,,,,
0.782608695652174,0.8831760866327847,0.8833333333333333,0.8600000000000001,0.12622445869316168,0.19329418354143263,BasicMotions,1,10,7.5,4,26,guide=gpf | walk=plain,0.04,6,100,1.5999999999999999,64,2.0,ridge,0.621686895191379,0.27421559369258053,1.4190715748591127,0.8125,0.1,0.0,,,,
1.0,1.0,1.0,1.0,0.014920833333333336,0.08224999999999999,BasicMotions,1,10,7.5,4,26,guide=gpf | walk=plain | guard,0.04,6,100,1.5999999999999999,64,2.0,rf,0.621686895191379,0.27421559369258053,1.4190715748591127,0.8125,0.9,1.0,0.0,1.0,1.42,1.42
0.782608695652174,0.8831760866327847,0.8833333333333333,0.8600000000000001,0.12622445869316168,0.19329418354143263,BasicMotions,1,10,7.5,4,26,guide=gpf | walk=plain | guard,0.04,6,100,1.5999999999999999,64,2.0,ridge,0.621686895191379,0.27421559369258053,1.4190715748591127,0.8125,0.9,1.0,0.0,1.0,1.42,1.42
1.0,1.0,1.0,1.0,0.010765555555555556,0.07133333333333335,BasicMotions,1,10,7.5,4,26,guide=gpf | walk=aligned,0.04,6,100,1.5999999999999999,64,2.0,rf,0.6114917948057668,0.2978162674824204,0.7819309518665929,0.8125,0.1,0.0,,,,
0.6956521739130435,0.816496580927726,0.8166666666666667,0.8533333333333334,0.14039574083248324,0.17601349410510025,BasicMotions,1,10,7.5,4,26,guide=gpf | walk=aligned,0.04,6,100,1.5999999999999999,64,2.0,ridge,0.6114917948057668,0.2978162674824204,0.7819309518665929,0.8125,0.1,0.0,,,,
1.0,1.0,1.0,1.0,0.010765555555555556,0.07133333333333335,BasicMotions,1,10,7.5,4,26,guide=gpf | walk=aligned | guard,0.04,6,100,1.5999999999999999,64,2.0,rf,0.6114917948057668,0.2978162674824204,0.7819309518665929,0.8125,0.8,1.0,0.0,1.0,0.78,0.78
0.6956521739130435,0.816496580927726,0.8166666666666667,0.8533333333333334,0.14039574083248324,0.17601349410510025,BasicMotions,1,10,7.5,4,26,guide=gpf | walk=aligned | guard,0.04,6,100,1.5999999999999999,64,2.0,ridge,0.6114917948057668,0.2978162674824204,0.7819309518665929,0.8125,0.8,1.0,0.0,1.0,0.78,0.78
1.0,1.0,1.0,1.0,0.017539166666666668,0.08608333333333333,BasicMotions,1,10,7.5,4,26,guide=sig | walk=aligned,0.04,6,100,1.5999999999999999,64,2.0,rf,0.6424453254155178,0.35840716473039913,0.5332238379485867,0.203125,0.7,0.0,,,,
0.7272727272727273,0.8326663997864531,0.8333333333333334,0.8400000000000001,0.13933288170014468,0.13890858250105062,BasicMotions,1,10,7.5,4,26,guide=sig | walk=aligned,0.04,6,100,1.5999999999999999,64,2.0,ridge,0.6424453254155178,0.35840716473039913,0.5332238379485867,0.203125,0.7,0.0,,,,
1.0,1.0,1.0,1.0,0.017539166666666668,0.08608333333333333,BasicMotions,1,10,7.5,4,26,guide=sig | walk=aligned | guard,0.04,6,100,1.5999999999999999,64,2.0,rf,0.6424453254155178,0.35840716473039913,0.5332238379485867,0.203125,1.5,1.0,0.0,1.0,0.53,0.53
0.7272727272727273,0.8326663997864531,0.8333333333333334,0.8400000000000001,0.13933288170014468,0.13890858250105062,BasicMotions,1,10,7.5,4,26,guide=sig | walk=aligned | guard,0.04,6,100,1.5999999999999999,64,2.0,ridge,0.6424453254155178,0.35840716473039913,0.5332238379485867,0.203125,1.5,1.0,0.0,1.0,0.53,0.53
0.8888888888888888,0.8944271909999159,0.9,1.0,0.04519805555555555,0.13275,BasicMotions,1,20,7.5,4,26,none,0.04,6,100,1.5999999999999999,64,2.0,rf,,,,,,,,,,
0.6,0.7211102550927979,0.7333333333333334,0.8500000000000001,0.14193883906102453,0.16932260263847335,BasicMotions,1,20,7.5,4,26,none,0.04,6,100,1.5999999999999999,64,2.0,ridge,,,,,,,,,,
0.9473684210526315,0.9486832980505138,0.95,1.0,0.022769444444444443,0.0955,BasicMotions,1,20,7.5,4,26,SMOTE-raw,0.04,6,100,1.5999999999999999,64,2.0,rf,0.5687423006761281,0.3208139819866974,0.47699973546652397,,,,,,,
0.6956521739130435,0.816496580927726,0.8166666666666667,0.8433333333333334,0.14377397494152575,0.19529625038153225,BasicMotions,1,20,7.5,4,26,SMOTE-raw,0.04,6,100,1.5999999999999999,64,2.0,ridge,0.5687423006761281,0.3208139819866974,0.47699973546652397,,,,,,,
1.0,1.0,1.0,1.0,0.01573583333333333,0.08491666666666668,BasicMotions,1,20,7.5,4,26,guide=gpf | walk=plain,0.04,6,100,1.5999999999999999,64,2.0,rf,0.33767348582357015,0.13288016631924326,1.8820717372267612,0.8125,0.2,0.0,,,,
0.75,0.8660254037844386,0.8666666666666667,0.8633333333333334,0.1407965068085395,0.1961818292023454,BasicMotions,1,20,7.5,4,26,guide=gpf | walk=plain,0.04,6,100,1.5999999999999999,64,2.0,ridge,0.33767348582357015,0.13288016631924326,1.8820717372267612,0.8125,0.2,0.0,,,,
1.0,1.0,1.0,1.0,0.01573583333333333,0.08491666666666668,BasicMotions,1,20,7.5,4,26,guide=gpf | walk=plain | guard,0.04,6,100,1.5999999999999999,64,2.0,rf,0.33767348582357015,0.13288016631924326,1.8820717372267612,0.8125,1.0,1.0,0.0,1.0,1.88,1.88
0.75,0.8660254037844386,0.8666666666666667,0.8633333333333334,0.1407965068085395,0.1961818292023454,BasicMotions,1,20,7.5,4,26,guide=gpf | walk=plain | guard,0.04,6,100,1.5999999999999999,64,2.0,ridge,0.33767348582357015,0.13288016631924326,1.8820717372267612,0.8125,1.0,1.0,0.0,1.0,1.88,1.88
1.0,1.0,1.0,1.0,0.015028333333333335,0.08050000000000002,BasicMotions,1,20,7.5,4,26,guide=gpf | walk=aligned,0.04,6,100,1.5999999999999999,64,2.0,rf,0.3663876773464787,0.16273094310791358,1.0811330594475832,0.8125,0.2,0.0,,,,
0.75,0.8660254037844386,0.8666666666666667,0.8300000000000001,0.15639579945131352,0.19260337637090916,BasicMotions,1,20,7.5,4,26,guide=gpf | walk=aligned,0.04,6,100,1.5999999999999999,64,2.0,ridge,0.3663876773464787,0.16273094310791358,1.0811330594475832,0.8125,0.2,0.0,,,,
1.0,1.0,1.0,1.0,0.015028333333333335,0.08050000000000002,BasicMotions,1,20,7.5,4,26,guide=gpf | walk=aligned | guard,0.04,6,100,1.5999999999999999,64,2.0,rf,0.3663876773464787,0.16273094310791358,1.0811330594475832,0.8125,0.9,1.0,0.0,1.0,1.08,1.08
0.75,0.8660254037844386,0.8666666666666667,0.8300000000000001,0.15639579945131352,0.19260337637090916,BasicMotions,1,20,7.5,4,26,guide=gpf | walk=aligned | guard,0.04,6,100,1.5999999999999999,64,2.0,ridge,0.3663876773464787,0.16273094310791358,1.0811330594475832,0.8125,0.9,1.0,0.0,1.0,1.08,1.08
1.0,1.0,1.0,1.0,0.0216625,0.09158333333333334,BasicMotions,1,20,7.5,4,26,guide=sig | walk=aligned,0.04,6,100,1.5999999999999999,64,2.0,rf,0.5015325160608266,0.28279786191366196,0.6478489501313022,0.40625,0.4,0.0,,,,
0.6956521739130435,0.816496580927726,0.8166666666666667,0.8266666666666667,0.14975067415200333,0.17513942564651525,BasicMotions,1,20,7.5,4,26,guide=sig | walk=aligned,0.04,6,100,1.5999999999999999,64,2.0,ridge,0.5015325160608266,0.28279786191366196,0.6478489501313022,0.40625,0.4,0.0,,,,
1.0,1.0,1.0,1.0,0.0216625,0.09158333333333334,BasicMotions,1,20,7.5,4,26,guide=sig | walk=aligned | guard,0.04,6,100,1.5999999999999999,64,2.0,rf,0.5015325160608266,0.28279786191366196,0.6478489501313022,0.40625,1.0,1.0,0.0,1.0,0.65,0.65
0.6956521739130435,0.816496580927726,0.8166666666666667,0.8266666666666667,0.14975067415200333,0.17513942564651525,BasicMotions,1,20,7.5,4,26,guide=sig | walk=aligned | guard,0.04,6,100,1.5999999999999999,64,2.0,ridge,0.5015325160608266,0.28279786191366196,0.6478489501313022,0.40625,1.0,1.0,0.0,1.0,0.65,0.65
1.0,1.0,1.0,1.0,0.018058611111111112,0.09141666666666667,BasicMotions,2,5,5.0,6,24,none,0.04,6,100,1.5999999999999999,64,2.0,rf,,,,,,,,,,
0.42857142857142855,0.5385164807134504,0.6333333333333333,0.9633333333333334,0.11300262016411655,0.22472179422186805,BasicMotions,2,5,5.0,6,24,none,0.04,6,100,1.5999999999999999,64,2.0,ridge,,,,,,,,,,
1.0,1.0,1.0,1.0,0.005874722222222223,0.05275000000000004,BasicMotions,2,5,5.0,6,24,SMOTE-raw,0.04,6,100,1.5999999999999999,64,2.0,rf,0.3951224516152865,0.18259922546232665,0.47853075202223067,,,,,,,
0.625,0.7745966692414834,0.8,0.9066666666666667,0.17621280199386793,0.23818242546322327,BasicMotions,2,5,5.0,6,24,SMOTE-raw,0.04,6,100,1.5999999999999999,64,2.0,ridge,0.3951224516152865,0.18259922546232665,0.47853075202223067,,,,,,,
1.0,1.0,1.0,1.0,0.0055697222222222224,0.05241666666666666,BasicMotions,2,5,5.0,6,24,guide=gpf | walk=plain,0.04,6,100,1.5999999999999999,64,2.0,rf,0.7431072000403656,0.3251281035420175,1.4648340652465686,0.375,0.2,0.0,,,,
0.6896551724137931,0.8366600265340756,0.85,0.9166666666666667,0.16968244760549905,0.24732667206584327,BasicMotions,2,5,5.0,6,24,guide=gpf | walk=plain,0.04,6,100,1.5999999999999999,64,2.0,ridge,0.7431072000403656,0.3251281035420175,1.4648340652465686,0.375,0.2,0.0,,,,
1.0,1.0,1.0,1.0,0.0055697222222222224,0.05241666666666666,BasicMotions,2,5,5.0,6,24,guide=gpf | walk=plain | guard,0.04,6,100,1.5999999999999999,64,2.0,rf,0.7431072000403656,0.3251281035420175,1.4648340652465686,0.375,1.0,1.0,0.0,1.0,1.46,1.46
0.6896551724137931,0.8366600265340756,0.85,0.9166666666666667,0.16968244760549905,0.24732667206584327,BasicMotions,2,5,5.0,6,24,guide=gpf | walk=plain | guard,0.04,6,100,1.5999999999999999,64,2.0,ridge,0.7431072000403656,0.3251281035420175,1.4648340652465686,0.375,1.0,1.0,0.0,1.0,1.46,1.46
1.0,1.0,1.0,1.0,0.005015277777777778,0.05025,BasicMotions,2,5,5.0,6,24,guide=gpf | walk=aligned,0.04,6,100,1.5999999999999999,64,2.0,rf,0.40919732229055694,0.1963285163457409,0.5750524441222653,0.75,0.2,0.0,,,,
0.7407407407407407,0.8755950357709131,0.8833333333333333,0.93,0.1487880265403057,0.25990114083327537,BasicMotions,2,5,5.0,6,24,guide=gpf | walk=aligned,0.04,6,100,1.5999999999999999,64,2.0,ridge,0.40919732229055694,0.1963285163457409,0.5750524441222653,0.75,0.2,0.0,,,,
1.0,1.0,1.0,1.0,0.005015277777777778,0.05025,BasicMotions,2,5,5.0,6,24,guide=gpf | walk=aligned | guard,0.04,6,100,1.5999999999999999,64,2.0,rf,0.40919732229055694,0.1963285163457409,0.5750524441222653,0.75,0.8,1.0,0.0,1.0,0.58,0.58
0.7407407407407407,0.8755950357709131,0.8833333333333333,0.93,0.1487880265403057,0.25990114083327537,BasicMotions,2,5,5.0,6,24,guide=gpf | walk=aligned | guard,0.04,6,100,1.5999999999999999,64,2.0,ridge,0.40919732229055694,0.1963285163457409,0.5750524441222653,0.75,0.8,1.0,0.0,1.0,0.58,0.58
1.0,1.0,1.0,1.0,0.006470555555555556,0.05716666666666666,BasicMotions,2,5,5.0,6,24,guide=sig | walk=aligned,0.04,6,100,1.5999999999999999,64,2.0,rf,0.41020368658742146,0.2101561630505977,0.6600624387995006,0.75,0.2,0.0,,,,
0.8333333333333334,0.9309493362512627,0.9333333333333333,1.0,0.09176082017557585,0.24277037342198568,BasicMotions,2,5,5.0,6,24,guide=sig | walk=aligned,0.04,6,100,1.5999999999999999,64,2.0,ridge,0.41020368658742146,0.2101561630505977,0.6600624387995006,0.75,0.2,0.0,,,,
1.0,1.0,1.0,1.0,0.006470555555555556,0.05716666666666666,BasicMotions,2,5,5.0,6,24,guide=sig | walk=aligned | guard,0.04,6,100,1.5999999999999999,64,2.0,rf,0.41020368658742146,0.2101561630505977,0.6600624387995006,0.75,1.0,1.0,0.0,1.0,0.66,0.66
0.8333333333333334,0.9309493362512627,0.9333333333333333,1.0,0.09176082017557585,0.24277037342198568,BasicMotions,2,5,5.0,6,24,guide=sig | walk=aligned | guard,0.04,6,100,1.5999999999999999,64,2.0,ridge,0.41020368658742146,0.2101561630505977,0.6600624387995006,0.75,1.0,1.0,0.0,1.0,0.66,0.66
1.0,1.0,1.0,1.0,0.024751111111111106,0.09550000000000002,BasicMotions,2,10,7.5,4,26,none,0.04,6,100,1.5999999999999999,64,2.0,rf,,,,,,,,,,
0.0,0.0,0.5,0.9966666666666667,0.14644476680704832,0.13719181109860337,BasicMotions,2,10,7.5,4,26,none,0.04,6,100,1.5999999999999999,64,2.0,ridge,,,,,,,,,,
1.0,1.0,1.0,1.0,0.008112222222222224,0.06266666666666666,BasicMotions,2,10,7.5,4,26,SMOTE-raw,0.04,6,100,1.5999999999999999,64,2.0,rf,0.6884636636722188,0.3699928271696869,0.7941950870300281,,,,,,,
0.6060606060606061,0.752772652709081,0.7833333333333333,1.0,0.13638751764764187,0.27132127628464225,BasicMotions,2,10,7.5,4,26,SMOTE-raw,0.04,6,100,1.5999999999999999,64,2.0,ridge,0.6884636636722188,0.3699928271696869,0.7941950870300281,,,,,,,
1.0,1.0,1.0,1.0,0.006841666666666668,0.05833333333333332,BasicMotions,2,10,7.5,4,26,guide=gpf | walk=plain,0.04,6,100,1.5999999999999999,64,2.0,rf,0.4658898786560406,0.269326988448517,3.370055950062095,0.8125,0.1,0.0,,,,
0.7692307692307693,0.8944271909999159,0.9,0.9533333333333334,0.12383237883056882,0.147454722500949,BasicMotions,2,10,7.5,4,26,guide=gpf | walk=plain,0.04,6,100,1.5999999999999999,64,2.0,ridge,0.4658898786560406,0.269326988448517,3.370055950062095,0.8125,0.1,0.0,,,,
1.0,1.0,1.0,1.0,0.009446944444444445,0.06841666666666668,BasicMotions,2,10,7.5,4,26,guide=gpf | walk=plain | guard,0.04,6,100,1.5999999999999999,64,2.0,rf,0.5276814693395879,0.320107406501697,1.7034982679715651,0.8125,0.7,1.0,1.0,0.77,3.37,1.7
0.6451612903225806,0.7958224257542215,0.8166666666666667,0.9733333333333334,0.1313263466328241,0.2317652069102883,BasicMotions,2,10,7.5,4,26,guide=gpf | walk=plain | guard,0.04,6,100,1.5999999999999999,64,2.0,ridge,0.5276814693395879,0.320107406501697,1.7034982679715651,0.8125,0.7,1.0,1.0,0.77,3.37,1.7
1.0,1.0,1.0,1.0,0.007096111111111111,0.058666666666666686,BasicMotions,2,10,7.5,4,26,guide=gpf | walk=aligned,0.04,6,100,1.5999999999999999,64,2.0,rf,0.3197673322656889,0.1918227451704706,1.7854309131968351,0.8125,0.2,0.0,,,,
0.7407407407407407,0.8755950357709131,0.8833333333333333,0.9866666666666667,0.11055176389186872,0.22741007133677849,BasicMotions,2,10,7.5,4,26,guide=gpf | walk=aligned,0.04,6,100,1.5999999999999999,64,2.0,ridge,0.3197673322656889,0.1918227451704706,1.7854309131968351,0.8125,0.2,0.0,,,,
1.0,1.0,1.0,1.0,0.007096111111111111,0.058666666666666686,BasicMotions,2,10,7.5,4,26,guide=gpf | walk=aligned | guard,0.04,6,100,1.5999999999999999,64,2.0,rf,0.3197673322656889,0.1918227451704706,1.7854309131968351,0.8125,1.1,1.0,0.0,1.0,1.79,1.79
0.7407407407407407,0.8755950357709131,0.8833333333333333,0.9866666666666667,0.11055176389186872,0.22741007133677849,BasicMotions,2,10,7.5,4,26,guide=gpf | walk=aligned | guard,0.04,6,100,1.5999999999999999,64,2.0,ridge,0.3197673322656889,0.1918227451704706,1.7854309131968351,0.8125,1.1,1.0,0.0,1.0,1.79,1.79
1.0,1.0,1.0,1.0,0.005066666666666667,0.04833333333333335,BasicMotions,2,10,7.5,4,26,guide=sig | walk=aligned,0.04,6,100,1.5999999999999999,64,2.0,rf,0.3438170573832817,0.22468371253015162,1.3726316877147149,0.8125,0.2,0.0,,,,
0.7142857142857143,0.8563488385776752,0.8666666666666667,0.98,0.11853136267626148,0.2179357484607933,BasicMotions,2,10,7.5,4,26,guide=sig | walk=aligned,0.04,6,100,1.5999999999999999,64,2.0,ridge,0.3438170573832817,0.22468371253015162,1.3726316877147149,0.8125,0.2,0.0,,,,
1.0,1.0,1.0,1.0,0.005066666666666667,0.04833333333333335,BasicMotions,2,10,7.5,4,26,guide=sig | walk=aligned | guard,0.04,6,100,1.5999999999999999,64,2.0,rf,0.3438170573832817,0.22468371253015162,1.3726316877147149,0.8125,1.0,1.0,0.0,1.0,1.37,1.37
0.7142857142857143,0.8563488385776752,0.8666666666666667,0.98,0.11853136267626148,0.2179357484607933,BasicMotions,2,10,7.5,4,26,guide=sig | walk=aligned | guard,0.04,6,100,1.5999999999999999,64,2.0,ridge,0.3438170573832817,0.22468371253015162,1.3726316877147149,0.8125,1.0,1.0,0.0,1.0,1.37,1.37
1.0,1.0,1.0,1.0,0.03523833333333333,0.11966666666666666,BasicMotions,2,20,7.5,4,26,none,0.04,6,100,1.4,64,2.0,rf,,,,,,,,,,
0.16666666666666666,0.3109126351029605,0.5333333333333333,0.94,0.13325865445602048,0.2123980344785875,BasicMotions,2,20,7.5,4,26,none,0.04,6,100,1.4,64,2.0,ridge,,,,,,,,,,
1.0,1.0,1.0,1.0,0.015238055555555557,0.08875000000000001,BasicMotions,2,20,7.5,4,26,SMOTE-raw,0.04,6,100,1.4,64,2.0,rf,0.527358229633337,0.24247671747805566,0.41503646780487574,,,,,,,
0.625,0.7745966692414834,0.8,0.92,0.17329222089571067,0.2421907939198416,BasicMotions,2,20,7.5,4,26,SMOTE-raw,0.04,6,100,1.4,64,2.0,ridge,0.527358229633337,0.24247671747805566,0.41503646780487574,,,,,,,
1.0,1.0,1.0,1.0,0.014678611111111111,0.08458333333333334,BasicMotions,2,20,7.5,4,26,guide=gpf | walk=plain,0.04,6,100,1.4,64,2.0,rf,0.8391203204830393,0.43956660332056235,0.291620475113107,0.2708333333333333,0.3,0.0,,,,
0.8571428571428571,0.916515138991168,0.9166666666666667,0.9366666666666668,0.11072280336846793,0.18351096525813573,BasicMotions,2,20,7.5,4,26,guide=gpf | walk=plain,0.04,6,100,1.4,64,2.0,ridge,0.8391203204830393,0.43956660332056235,0.291620475113107,0.2708333333333333,0.3,0.0,,,,
1.0,1.0,1.0,1.0,0.014678611111111111,0.08458333333333334,BasicMotions,2,20,7.5,4,26,guide=gpf | walk=plain | guard,0.04,6,100,1.4,64,2.0,rf,0.8391203204830393,0.43956660332056235,0.291620475113107,0.2708333333333333,1.0,1.0,0.0,1.0,0.29,0.29
0.8571428571428571,0.916515138991168,0.9166666666666667,0.9366666666666668,0.11072280336846793,0.18351096525813573,BasicMotions,2,20,7.5,4,26,guide=gpf | walk=plain | guard,0.04,6,100,1.4,64,2.0,ridge,0.8391203204830393,0.43956660332056235,0.291620475113107,0.2708333333333333,1.0,1.0,0.0,1.0,0.29,0.29
1.0,1.0,1.0,1.0,0.012719166666666667,0.08291666666666668,BasicMotions,2,20,7.5,4,26,guide=gpf | walk=aligned,0.04,6,100,1.4,64,2.0,rf,0.9093947168320808,0.47412870766745835,0.3207571182349359,0.40625,0.2,0.0,,,,
0.75,0.8660254037844386,0.8666666666666667,0.9133333333333333,0.12312422448758198,0.18867822749909618,BasicMotions,2,20,7.5,4,26,guide=gpf | walk=aligned,0.04,6,100,1.4,64,2.0,ridge,0.9093947168320808,0.47412870766745835,0.3207571182349359,0.40625,0.2,0.0,,,,
1.0,1.0,1.0,1.0,0.012719166666666667,0.08291666666666668,BasicMotions,2,20,7.5,4,26,guide=gpf | walk=aligned | guard,0.04,6,100,1.4,64,2.0,rf,0.9093947168320808,0.47412870766745835,0.3207571182349359,0.40625,1.0,1.0,0.0,1.0,0.32,0.32
0.75,0.8660254037844386,0.8666666666666667,0.9133333333333333,0.12312422448758198,0.18867822749909618,BasicMotions,2,20,7.5,4,26,guide=gpf | walk=aligned | guard,0.04,6,100,1.4,64,2.0,ridge,0.9093947168320808,0.47412870766745835,0.3207571182349359,0.40625,1.0,1.0,0.0,1.0,0.32,0.32
1.0,1.0,1.0,1.0,0.009326944444444447,0.06941666666666668,BasicMotions,2,20,7.5,4,26,guide=sig | walk=aligned,0.04,6,100,1.4,64,2.0,rf,0.5575119140346807,0.2841355556538321,0.8042850642831567,0.40625,0.6,0.0,,,,
0.8,0.9128709291752769,0.9166666666666667,0.99,0.09764676420969079,0.2155956824460732,BasicMotions,2,20,7.5,4,26,guide=sig | walk=aligned,0.04,6,100,1.4,64,2.0,ridge,0.5575119140346807,0.2841355556538321,0.8042850642831567,0.40625,0.6,0.0,,,,
1.0,1.0,1.0,1.0,0.009326944444444447,0.06941666666666668,BasicMotions,2,20,7.5,4,26,guide=sig | walk=aligned | guard,0.04,6,100,1.4,64,2.0,rf,0.5575119140346807,0.2841355556538321,0.8042850642831567,0.40625,1.5,1.0,0.0,1.0,0.8,0.8
0.8,0.9128709291752769,0.9166666666666667,0.99,0.09764676420969079,0.2155956824460732,BasicMotions,2,20,7.5,4,26,guide=sig | walk=aligned | guard,0.04,6,100,1.4,64,2.0,ridge,0.5575119140346807,0.2841355556538321,0.8042850642831567,0.40625,1.5,1.0,0.0,1.0,0.8,0.8
0.2692307692307692,0.39440531887330776,0.5777777777777777,0.993283950617284,0.0702135390946502,0.15932098765432098,ERing,0,5,5.0,5,20,none,0.675,4,65,1.5999999999999999,64,2.0,rf,,,,,,,,,,
0.7123287671232876,0.7567311116299117,0.7844444444444445,0.9850864197530864,0.05627512491750002,0.06068374465011556,ERing,0,5,5.0,5,20,none,0.675,4,65,1.5999999999999999,64,2.0,ridge,,,,,,,,,,
0.8051948051948052,0.8281468230294837,0.8422222222222222,0.9896790123456789,0.05604909465020575,0.12662962962962965,ERing,0,5,5.0,5,20,SMOTE-raw,0.675,4,65,1.5999999999999999,64,2.0,rf,3.7895925770385794,0.2147260177023106,0.5044087137070903,,,,,,,
0.8735632183908046,0.9107316282887249,0.9133333333333333,0.9880493827160494,0.030297747491017678,0.026725892036335724,ERing,0,5,5.0,5,20,SMOTE-raw,0.675,4,65,1.5999999999999999,64,2.0,ridge,3.7895925770385794,0.2147260177023106,0.5044087137070903,,,,,,,
0.8395061728395061,0.8653551329788478,0.8733333333333333,0.9892345679012345,0.05763559670781893,0.14235802469135805,ERing,0,5,5.0,5,20,guide=gpf | walk=plain,0.675,4,65,1.5999999999999999,64,2.0,rf,5.180615513035619,0.19198625041376483,1.796396518511507,0.625,0.1,0.0,,,,
0.9230769230769231,0.957465790898422,0.9577777777777778,0.9930864197530864,0.023413808669006206,0.03135579743217852,ERing,0,5,5.0,5,20,guide=gpf | walk=plain,0.675,4,65,1.5999999999999999,64,2.0,ridge,5.180615513035619,0.19198625041376483,1.796396518511507,0.625,0.1,0.0,,,,
0.8395061728395061,0.8653551329788478,0.8733333333333333,0.9892345679012345,0.05763559670781893,0.14235802469135805,ERing,0,5,5.0,5,20,guide=gpf | walk=plain | guard,0.675,4,65,1.5999999999999999,64,2.0,rf,5.180615513035619,0.19198625041376483,1.796396518511507,0.625,1.0,1.0,0.0,1.0,1.8,1.8
0.9230769230769231,0.957465790898422,0.9577777777777778,0.9930864197530864,0.023413808669006206,0.03135579743217852,ERing,0,5,5.0,5,20,guide=gpf | walk=plain | guard,0.675,4,65,1.5999999999999999,64,2.0,ridge,5.180615513035619,0.19198625041376483,1.796396518511507,0.625,1.0,1.0,0.0,1.0,1.8,1.8
0.8705882352941177,0.9006993167862731,0.9044444444444444,0.9904691358024692,0.05865625514403292,0.14917283950617283,ERing,0,5,5.0,5,20,guide=gpf | walk=aligned,0.675,4,65,1.5999999999999999,64,2.0,rf,4.159421143555022,0.15574977245891997,1.6358918310533734,0.3125,0.3,0.0,,,,
0.9361702127659575,0.9777777777777779,0.9777777777777777,0.9868641975308641,0.029833156787263823,0.04511187861361943,ERing,0,5,5.0,5,20,guide=gpf | walk=aligned,0.675,4,65,1.5999999999999999,64,2.0,ridge,4.159421143555022,0.15574977245891997,1.6358918310533734,0.3125,0.3,0.0,,,,
0.8705882352941177,0.9006993167862731,0.9044444444444444,0.9904691358024692,0.05865625514403292,0.14917283950617283,ERing,0,5,5.0,5,20,guide=gpf | walk=aligned | guard,0.675,4,65,1.5999999999999999,64,2.0,rf,4.159421143555022,0.15574977245891997,1.6358918310533734,0.3125,1.0,1.0,0.0,1.0,1.64,1.64
0.9361702127659575,0.9777777777777779,0.9777777777777777,0.9868641975308641,0.029833156787263823,0.04511187861361943,ERing,0,5,5.0,5,20,guide=gpf | walk=aligned | guard,0.675,4,65,1.5999999999999999,64,2.0,ridge,4.159421143555022,0.15574977245891997,1.6358918310533734,0.3125,1.0,1.0,0.0,1.0,1.64,1.64
0.8837209302325582,0.9127897814859592,0.9155555555555556,0.9940740740740741,0.055814567901234576,0.1554320987654321,ERing,0,5,5.0,5,20,guide=sig | walk=aligned,0.675,4,65,1.5999999999999999,64,2.0,rf,3.059624322696706,0.13454979904396902,1.300695553637074,0.625,0.2,0.0,,,,
0.9263157894736842,0.9755530245474634,0.9755555555555555,0.9893333333333334,0.025484752380105512,0.03670192225103516,ERing,0,5,5.0,5,20,guide=sig | walk=aligned,0.675,4,65,1.5999999999999999,64,2.0,ridge,3.059624322696706,0.13454979904396902,1.300695553637074,0.625,0.2,0.0,,,,
0.8837209302325582,0.9127897814859592,0.9155555555555556,0.9940740740740741,0.055814567901234576,0.1554320987654321,ERing,0,5,5.0,5,20,guide=sig | walk=aligned | guard,0.675,4,65,1.5999999999999999,64,2.0,rf,3.059624322696706,0.13454979904396902,1.300695553637074,0.625,0.9,1.0,0.0,1.0,1.3,1.3
0.9263157894736842,0.9755530245474634,0.9755555555555555,0.9893333333333334,0.025484752380105512,0.03670192225103516,ERing,0,5,5.0,5,20,guide=sig | walk=aligned | guard,0.675,4,65,1.5999999999999999,64,2.0,ridge,3.059624322696706,0.13454979904396902,1.300695553637074,0.625,0.9,1.0,0.0,1.0,1.3,1.3
0.16326530612244897,0.29814239699997197,0.5444444444444444,0.975604938271605,0.0801776131687243,0.11735802469135803,ERing,0,10,6.2,4,21,none,0.675,4,65,1.5999999999999999,64,2.0,rf,,,,,,,,,,
0.7222222222222222,0.7584259202738326,0.7866666666666666,0.9910123456790124,0.053512744286945524,0.06289494936748456,ERing,0,10,6.2,4,21,none,0.675,4,65,1.5999999999999999,64,2.0,ridge,,,,,,,,,,
0.6956521739130435,0.7302967433402214,0.7666666666666666,0.9938765432098765,0.05687633744855967,0.12537037037037038,ERing,0,10,6.2,4,21,SMOTE-raw,0.675,4,65,1.5999999999999999,64,2.0,rf,3.1280030092360516,0.1947630885937992,0.39416652633544136,,,,,,,
0.8705882352941177,0.9006993167862731,0.9044444444444444,0.9924938271604937,0.0269724286687486,0.028066120593505692,ERing,0,10,6.2,4,21,SMOTE-raw,0.675,4,65,1.5999999999999999,64,2.0,ridge,3.1280030092360516,0.1947630885937992,0.39416652633544136,,,,,,,
0.6857142857142857,0.7286720544682381,0.7644444444444445,0.981432098765432,0.06135312757201646,0.11566666666666665,ERing,0,10,6.2,4,21,guide=gpf | walk=plain,0.675,4,65,1.5999999999999999,64,2.0,rf,5.1956449066380745,0.17435254817272394,1.528099896792516,0.65625,0.0,0.0,,,,
0.9090909090909091,0.9365025558091323,0.9377777777777778,0.9939753086419754,0.02387309833030877,0.02484939839079946,ERing,0,10,6.2,4,21,guide=gpf | walk=plain,0.675,4,65,1.5999999999999999,64,2.0,ridge,5.1956449066380745,0.17435254817272394,1.528099896792516,0.65625,0.0,0.0,,,,
0.6857142857142857,0.7286720544682381,0.7644444444444445,0.981432098765432,0.06135312757201646,0.11566666666666665,ERing,0,10,6.2,4,21,guide=gpf | walk=plain | guard,0.675,4,65,1.5999999999999999,64,2.0,rf,5.1956449066380745,0.17435254817272394,1.528099896792516,0.65625,0.8,1.0,0.0,1.0,1.53,1.53
0.9090909090909091,0.9365025558091323,0.9377777777777778,0.9939753086419754,0.02387309833030877,0.02484939839079946,ERing,0,10,6.2,4,21,guide=gpf | walk=plain | guard,0.675,4,65,1.5999999999999999,64,2.0,ridge,5.1956449066380745,0.17435254817272394,1.528099896792516,0.65625,0.8,1.0,0.0,1.0,1.53,1.53
0.5454545454545454,0.6282250127674532,0.6933333333333334,0.9659259259259259,0.06820761316872428,0.08598765432098764,ERing,0,10,6.2,4,21,guide=gpf | walk=aligned,0.675,4,65,1.5999999999999999,64,2.0,rf,4.280834848520877,0.18291115348579456,1.1852974595839256,0.65625,0.1,0.0,,,,
0.9090909090909091,0.9365025558091323,0.9377777777777778,0.9927901234567901,0.027069535041504673,0.033184497333633524,ERing,0,10,6.2,4,21,guide=gpf | walk=aligned,0.675,4,65,1.5999999999999999,64,2.0,ridge,4.280834848520877,0.18291115348579456,1.1852974595839256,0.65625,0.1,0.0,,,,
0.5454545454545454,0.6282250127674532,0.6933333333333334,0.9659259259259259,0.06820761316872428,0.08598765432098764,ERing,0,10,6.2,4,21,guide=gpf | walk=aligned | guard,0.675,4,65,1.5999999999999999,64,2.0,rf,4.280834848520877,0.18291115348579456,1.1852974595839256,0.65625,0.8,1.0,0.0,1.0,1.19,1.19
0.9090909090909091,0.9365025558091323,0.9377777777777778,0.9927901234567901,0.027069535041504673,0.033184497333633524,ERing,0,10,6.2,4,21,guide=gpf | walk=aligned | guard,0.675,4,65,1.5999999999999999,64,2.0,ridge,4.280834848520877,0.18291115348579456,1.1852974595839256,0.65625,0.8,1.0,0.0,1.0,1.19,1.19
0.8674698795180723,0.89044308571008,0.8955555555555557,0.9925432098765432,0.04965144032921811,0.13637037037037036,ERing,0,10,6.2,4,21,guide=sig | walk=aligned,0.675,4,65,1.5999999999999999,64,2.0,rf,2.163578572567184,0.10387237370327962,0.8346167400754517,0.65625,0.1,0.0,,,,
0.9130434782608695,0.9552971226757634,0.9555555555555555,0.9942716049382716,0.02247318249373958,0.03056581654654333,ERing,0,10,6.2,4,21,guide=sig | walk=aligned,0.675,4,65,1.5999999999999999,64,2.0,ridge,2.163578572567184,0.10387237370327962,0.8346167400754517,0.65625,0.1,0.0,,,,
0.8674698795180723,0.89044308571008,0.8955555555555557,0.9925432098765432,0.04965144032921811,0.13637037037037036,ERing,0,10,6.2,4,21,guide=sig | walk=aligned | guard,0.675,4,65,1.5999999999999999,64,2.0,rf,2.163578572567184,0.10387237370327962,0.8346167400754517,0.65625,0.8,1.0,0.0,1.0,0.83,0.83
0.9130434782608695,0.9552971226757634,0.9555555555555555,0.9942716049382716,0.02247318249373958,0.03056581654654333,ERing,0,10,6.2,4,21,guide=sig | walk=aligned | guard,0.675,4,65,1.5999999999999999,64,2.0,ridge,2.163578572567184,0.10387237370327962,0.8346167400754517,0.65625,0.8,1.0,0.0,1.0,0.83,0.83
0.043478260869565216,0.14907119849998599,0.5111111111111111,0.9655308641975308,0.08941061728395062,0.10898765432098763,ERing,0,20,6.2,4,21,none,0.675,4,65,1.7999999999999998,64,2.0,rf,,,,,,,,,,
0.4918032786885246,0.5760658398584764,0.6644444444444444,0.9801481481481482,0.07987901992041249,0.08560981711329853,ERing,0,20,6.2,4,21,none,0.675,4,65,1.7999999999999998,64,2.0,ridge,,,,,,,,,,
0.6363636363636364,0.6831300510639732,0.7333333333333334,0.9952098765432098,0.059948312757201645,0.14933333333333335,ERing,0,20,6.2,4,21,SMOTE-raw,0.675,4,65,1.7999999999999998,64,2.0,rf,4.313705349273054,0.2294367149945753,0.4506056959148746,,,,,,,
0.7692307692307693,0.8110350040397626,0.8266666666666667,0.986074074074074,0.04214054840459712,0.032597212832623595,ERing,0,20,6.2,4,21,SMOTE-raw,0.675,4,65,1.7999999999999998,64,2.0,ridge,4.313705349273054,0.2294367149945753,0.4506056959148746,,,,,,,
0.6666666666666666,0.7133298719196046,0.7533333333333333,0.9851851851851852,0.060440411522633755,0.12632098765432098,ERing,0,20,6.2,4,21,guide=gpf | walk=plain,0.675,4,65,1.7999999999999998,64,2.0,rf,7.862820261335408,0.2011438543331765,3.4877255401218803,0.65625,0.1,0.0,,,,
0.8292682926829268,0.8634126947650709,0.8711111111111112,0.9901234567901234,0.03551257448076258,0.04611903606691806,ERing,0,20,6.2,4,21,guide=gpf | walk=plain,0.675,4,65,1.7999999999999998,64,2.0,ridge,7.862820261335408,0.2011438543331765,3.4877255401218803,0.65625,0.1,0.0,,,,
0.7323943661971831,0.7601169500660919,0.7888888888888889,0.9916543209876544,0.05953596707818931,0.1367901234567901,ERing,0,20,6.2,4,21,guide=gpf | walk=plain | guard,0.675,4,65,1.7999999999999998,64,2.0,rf,6.212751283362049,0.20695357326197872,1.486649071853637,0.65625,0.9,1.0,1.0,0.757,3.49,1.49
0.8292682926829268,0.8634126947650709,0.8711111111111112,0.9879506172839506,0.038077542445778156,0.04176194803087506,ERing,0,20,6.2,4,21,guide=gpf | walk=plain | guard,0.675,4,65,1.7999999999999998,64,2.0,ridge,6.212751283362049,0.20695357326197872,1.486649071853637,0.65625,0.9,1.0,1.0,0.757,3.49,1.49
0.684931506849315,0.7403702777314526,0.7711111111111111,0.9787654320987654,0.06966152263374487,0.13608641975308647,ERing,0,20,6.2,4,21,guide=gpf | walk=aligned,0.675,4,65,1.7999999999999998,64,2.0,rf,5.865541495448966,0.19129481416124494,1.8634767514478077,0.328125,0.1,0.0,,,,
0.8539325842696629,0.9066013048335668,0.9088888888888889,0.9900246913580247,0.030398088824482812,0.035879983255995763,ERing,0,20,6.2,4,21,guide=gpf | walk=aligned,0.675,4,65,1.7999999999999998,64,2.0,ridge,5.865541495448966,0.19129481416124494,1.8634767514478077,0.328125,0.1,0.0,,,,
0.684931506849315,0.7403702777314526,0.7711111111111111,0.9787654320987654,0.06966152263374487,0.13608641975308647,ERing,0,20,6.2,4,21,guide=gpf | walk=aligned | guard,0.675,4,65,1.7999999999999998,64,2.0,rf,5.865541495448966,0.19129481416124494,1.8634767514478077,0.328125,0.8,1.0,0.0,1.0,1.86,1.86
0.8539325842696629,0.9066013048335668,0.9088888888888889,0.9900246913580247,0.030398088824482812,0.035879983255995763,ERing,0,20,6.2,4,21,guide=gpf | walk=aligned | guard,0.675,4,65,1.7999999999999998,64,2.0,ridge,5.865541495448966,0.19129481416124494,1.8634767514478077,0.328125,0.8,1.0,0.0,1.0,1.86,1.86
0.891566265060241,0.9047474239999624,0.9088888888888889,0.9902716049382716,0.05626382716049383,0.14781481481481484,ERing,0,20,6.2,4,21,guide=sig | walk=aligned,0.675,4,65,1.7999999999999998,64,2.0,rf,2.6419304944218602,0.10813028339154585,2.1147600969675335,0.328125,0.1,0.0,,,,
0.9072164948453608,0.9710882275462989,0.971111111111111,0.9870617283950617,0.03196732646420015,0.03862620894803347,ERing,0,20,6.2,4,21,guide=sig | walk=aligned,0.675,4,65,1.7999999999999998,64,2.0,ridge,2.6419304944218602,0.10813028339154585,2.1147600969675335,0.328125,0.1,0.0,,,,
0.8433734939759037,0.8760179264189788,0.8822222222222222,0.9901234567901235,0.057777078189300404,0.13682716049382715,ERing,0,20,6.2,4,21,guide=sig | walk=aligned | guard,0.675,4,65,1.7999999999999998,64,2.0,rf,2.5895451346001686,0.10866768724396458,1.9203098201464734,0.328125,0.9,1.0,1.0,0.972,2.11,1.92
0.9072164948453608,0.9710882275462989,0.971111111111111,0.986567901234568,0.03217282547146916,0.041160544525214324,ERing,0,20,6.2,4,21,guide=sig | walk=aligned | guard,0.675,4,65,1.7999999999999998,64,2.0,ridge,2.5895451346001686,0.10866768724396458,1.9203098201464734,0.328125,0.9,1.0,1.0,0.972,2.11,1.92
0.42105263157894735,0.5163977794943222,0.6333333333333333,0.9885432098765432,0.07185292181069959,0.14664197530864195,ERing,1,5,5.0,5,20,none,0.675,4,65,1.5999999999999999,64,2.0,rf,,,,,,,,,,
0.7123287671232876,0.7567311116299117,0.7844444444444445,0.9850864197530864,0.05627512491750001,0.06068374465011553,ERing,1,5,5.0,5,20,none,0.675,4,65,1.5999999999999999,64,2.0,ridge,,,,,,,,,,
0.9024390243902439,0.9067647005823629,0.9111111111111111,0.9959506172839506,0.048990740740740744,0.14398765432098767,ERing,1,5,5.0,5,20,SMOTE-raw,0.675,4,65,1.5999999999999999,64,2.0,rf,2.994356804947575,0.18263776470644033,0.47079496026060536,,,,,,,
0.8735632183908046,0.9107316282887249,0.9133333333333333,0.9893333333333334,0.0300334529795905,0.024122143168587705,ERing,1,5,5.0,5,20,SMOTE-raw,0.675,4,65,1.5999999999999999,64,2.0,ridge,2.994356804947575,0.18263776470644033,0.47079496026060536,,,,,,,
0.8461538461538461,0.8563488385776752,0.8666666666666667,0.9893827160493828,0.05747604938271605,0.14160493827160492,ERing,1,5,5.0,5,20,guide=gpf | walk=plain,0.675,4,65,1.5999999999999999,64,2.0,rf,4.660907285680736,0.17609165839258234,1.5735109077364369,0.625,0.1,0.0,,,,
0.9230769230769231,0.957465790898422,0.9577777777777778,0.9913086419753087,0.024891553100442335,0.031434409614220296,ERing,1,5,5.0,5,20,guide=gpf | walk=plain,0.675,4,65,1.5999999999999999,64,2.0,ridge,4.660907285680736,0.17609165839258234,1.5735109077364369,0.625,0.1,0.0,,,,
0.8461538461538461,0.8563488385776752,0.8666666666666667,0.9893827160493828,0.05747604938271605,0.14160493827160492,ERing,1,5,5.0,5,20,guide=gpf | walk=plain | guard,0.675,4,65,1.5999999999999999,64,2.0,rf,4.660907285680736,0.17609165839258234,1.5735109077364369,0.625,0.7,1.0,0.0,1.0,1.57,1.57
0.9230769230769231,0.957465790898422,0.9577777777777778,0.9913086419753087,0.024891553100442335,0.031434409614220296,ERing,1,5,5.0,5,20,guide=gpf | walk=plain | guard,0.675,4,65,1.5999999999999999,64,2.0,ridge,4.660907285680736,0.17609165839258234,1.5735109077364369,0.625,0.7,1.0,0.0,1.0,1.57,1.57
0.9318181818181818,0.9502696173607847,0.9511111111111111,0.9975308641975309,0.052855514403292184,0.16907407407407407,ERing,1,5,5.0,5,20,guide=gpf | walk=aligned,0.675,4,65,1.5999999999999999,64,2.0,rf,3.051514591377309,0.11406601830012975,1.343014874938806,0.625,0.0,0.0,,,,
0.9148936170212766,0.9644034809529018,0.9644444444444444,0.9859753086419754,0.030191150022543075,0.03684753598137616,ERing,1,5,5.0,5,20,guide=gpf | walk=aligned,0.675,4,65,1.5999999999999999,64,2.0,ridge,3.051514591377309,0.11406601830012975,1.343014874938806,0.625,0.0,0.0,,,,
0.9318181818181818,0.9502696173607847,0.9511111111111111,0.9975308641975309,0.052855514403292184,0.16907407407407407,ERing,1,5,5.0,5,20,guide=gpf | walk=aligned | guard,0.675,4,65,1.5999999999999999,64,2.0,rf,3.051514591377309,0.11406601830012975,1.343014874938806,0.625,0.7,1.0,0.0,1.0,1.34,1.34
0.9148936170212766,0.9644034809529018,0.9644444444444444,0.9859753086419754,0.030191150022543075,0.03684753598137616,ERing,1,5,5.0,5,20,guide=gpf | walk=aligned | guard,0.675,4,65,1.5999999999999999,64,2.0,ridge,3.051514591377309,0.11406601830012975,1.343014874938806,0.625,0.7,1.0,0.0,1.0,1.34,1.34
0.8571428571428571,0.8884443332777431,0.8933333333333333,0.9866666666666667,0.0596358024691358,0.1436049382716049,ERing,1,5,5.0,5,20,guide=sig | walk=aligned,0.675,4,65,1.5999999999999999,64,2.0,rf,3.1096413213698924,0.14877235539829292,0.8865979171599568,0.625,0.1,0.0,,,,
0.9263157894736842,0.9755530245474634,0.9755555555555555,0.9876543209876543,0.025723121903307788,0.026768303188795962,ERing,1,5,5.0,5,20,guide=sig | walk=aligned,0.675,4,65,1.5999999999999999,64,2.0,ridge,3.1096413213698924,0.14877235539829292,0.8865979171599568,0.625,0.1,0.0,,,,
0.8571428571428571,0.8884443332777431,0.8933333333333333,0.9866666666666667,0.0596358024691358,0.1436049382716049,ERing,1,5,5.0,5,20,guide=sig | walk=aligned | guard,0.675,4,65,1.5999999999999999,64,2.0,rf,3.1096413213698924,0.14877235539829292,0.8865979171599568,0.625,0.8,1.0,0.0,1.0,0.89,0.89
0.9263157894736842,0.9755530245474634,0.9755555555555555,0.9876543209876543,0.025723121903307788,0.026768303188795962,ERing,1,5,5.0,5,20,guide=sig | walk=aligned | guard,0.675,4,65,1.5999999999999999,64,2.0,ridge,3.1096413213698924,0.14877235539829292,0.8865979171599568,0.625,0.8,1.0,0.0,1.0,0.89,0.89
0.3018867924528302,0.4216370213557839,0.5888888888888889,0.9816296296296296,0.0757166255144033,0.11893827160493826,ERing,1,10,6.2,4,21,none,0.675,4,65,1.7999999999999998,64,2.0,rf,,,,,,,,,,
0.7222222222222222,0.7584259202738326,0.7866666666666666,0.9910123456790124,0.05351274428694554,0.06289494936748458,ERing,1,10,6.2,4,21,none,0.675,4,65,1.7999999999999998,64,2.0,ridge,,,,,,,,,,
0.7142857142857143,0.7453559924999299,0.7777777777777778,0.9935308641975309,0.05641588477366255,0.13153086419753082,ERing,1,10,6.2,4,21,SMOTE-raw,0.675,4,65,1.7999999999999998,64,2.0,rf,3.572667500792603,0.22365259649998304,0.3681470718204946,,,,,,,
0.8571428571428571,0.8884443332777431,0.8933333333333333,0.9924938271604938,0.02788970032755635,0.031086450099474996,ERing,1,10,6.2,4,21,SMOTE-raw,0.675,4,65,1.7999999999999998,64,2.0,ridge,3.572667500792603,0.22365259649998304,0.3681470718204946,,,,,,,
0.6376811594202898,0.6960913804067274,0.74,0.9765432098765432,0.06592004115226338,0.10487654320987655,ERing,1,10,6.2,4,21,guide=gpf | walk=plain,0.675,4,65,1.7999999999999998,64,2.0,rf,8.198155859022021,0.23136719482708823,3.356190108703356,0.65625,0.1,0.0,,,,
0.9425287356321839,0.9523978834473865,0.9533333333333334,0.9956543209876544,0.021495414195981128,0.04277887827143812,ERing,1,10,6.2,4,21,guide=gpf | walk=plain,0.675,4,65,1.7999999999999998,64,2.0,ridge,8.198155859022021,0.23136719482708823,3.356190108703356,0.65625,0.1,0.0,,,,
0.6764705882352942,0.7149203529842405,0.7555555555555555,0.9842469135802469,0.06257818930041152,0.120320987654321,ERing,1,10,6.2,4,21,guide=gpf | walk=plain | guard,0.675,4,65,1.7999999999999998,64,2.0,rf,5.067294689307838,0.19143300354393855,1.3862511291792368,0.65625,0.8,1.0,1.0,0.772,3.36,1.39
0.8837209302325582,0.9127897814859592,0.9155555555555556,0.9942716049382716,0.02383254953811894,0.032389953552651764,ERing,1,10,6.2,4,21,guide=gpf | walk=plain | guard,0.675,4,65,1.7999999999999998,64,2.0,ridge,5.067294689307838,0.19143300354393855,1.3862511291792368,0.65625,0.8,1.0,1.0,0.772,3.36,1.39
0.5507246376811594,0.6425258797689316,0.7,0.9515555555555556,0.07557069958847737,0.07723456790123456,ERing,1,10,6.2,4,21,guide=gpf | walk=aligned,0.675,4,65,1.7999999999999998,64,2.0,rf,4.295785958606798,0.18504513997327998,1.4985479363858318,0.65625,0.2,0.0,,,,
0.896551724137931,0.9247221805013175,0.9266666666666667,0.9927901234567902,0.026331950610615166,0.03383158501407179,ERing,1,10,6.2,4,21,guide=gpf | walk=aligned,0.675,4,65,1.7999999999999998,64,2.0,ridge,4.295785958606798,0.18504513997327998,1.4985479363858318,0.65625,0.2,0.0,,,,
0.5507246376811594,0.6425258797689316,0.7,0.9515555555555556,0.07557069958847737,0.07723456790123456,ERing,1,10,6.2,4,21,guide=gpf | walk=aligned | guard,0.675,4,65,1.7999999999999998,64,2.0,rf,4.295785958606798,0.18504513997327998,1.4985479363858318,0.65625,0.8,1.0,0.0,1.0,1.5,1.5
0.896551724137931,0.9247221805013175,0.9266666666666667,0.9927901234567902,0.026331950610615166,0.03383158501407179,ERing,1,10,6.2,4,21,guide=gpf | walk=aligned | guard,0.675,4,65,1.7999999999999998,64,2.0,ridge,4.295785958606798,0.18504513997327998,1.4985479363858318,0.65625,0.8,1.0,0.0,1.0,1.5,1.5
0.8674698795180723,0.89044308571008,0.8955555555555557,0.9932345679012345,0.04898028806584362,0.13803703703703704,ERing,1,10,6.2,4,21,guide=sig | walk=aligned,0.675,4,65,1.7999999999999998,64,2.0,rf,2.431484939696828,0.10056693289486829,1.7311959077062002,0.65625,0.2,0.0,,,,
0.8936170212765957,0.9509449491407461,0.9511111111111111,0.9943703703703703,0.02296408666249873,0.03520812134264765,ERing,1,10,6.2,4,21,guide=sig | walk=aligned,0.675,4,65,1.7999999999999998,64,2.0,ridge,2.431484939696828,0.10056693289486829,1.7311959077062002,0.65625,0.2,0.0,,,,
0.8674698795180723,0.89044308571008,0.8955555555555557,0.9932345679012345,0.04898028806584362,0.13803703703703704,ERing,1,10,6.2,4,21,guide=sig | walk=aligned | guard,0.675,4,65,1.7999999999999998,64,2.0,rf,2.431484939696828,0.10056693289486829,1.7311959077062002,0.65625,0.8,1.0,0.0,1.0,1.73,1.73
0.8936170212765957,0.9509449491407461,0.9511111111111111,0.9943703703703703,0.02296408666249873,0.03520812134264765,ERing,1,10,6.2,4,21,guide=sig | walk=aligned | guard,0.675,4,65,1.7999999999999998,64,2.0,ridge,2.431484939696828,0.10056693289486829,1.7311959077062002,0.65625,0.8,1.0,0.0,1.0,1.73,1.73
0.2692307692307692,0.39440531887330776,0.5777777777777777,0.951358024691358,0.08529148148148148,0.0930246913580247,ERing,1,20,6.2,4,21,none,0.675,4,65,1.7999999999999998,64,2.0,rf,,,,,,,,,,
0.5757575757575758,0.6468919042641276,0.7066666666666667,0.9732345679012346,0.07492340180909725,0.07964069401828312,ERing,1,20,6.2,4,21,none,0.675,4,65,1.7999999999999998,64,2.0,ridge,,,,,,,,,,
0.75,0.7745966692414834,0.8,0.9823703703703704,0.060113621399176954,0.1328518518518519,ERing,1,20,6.2,4,21,SMOTE-raw,0.675,4,65,1.7999999999999998,64,2.0,rf,3.942615993775185,0.21499470520126218,0.41103191636141156,,,,,,,
0.8235294117647058,0.8720629720154927,0.8777777777777778,0.9848888888888889,0.03612253080607018,0.03445506992366436,ERing,1,20,6.2,4,21,SMOTE-raw,0.675,4,65,1.7999999999999998,64,2.0,ridge,3.942615993775185,0.21499470520126218,0.41103191636141156,,,,,,,
0.7323943661971831,0.7601169500660919,0.7888888888888889,0.9775308641975309,0.0631280658436214,0.10528395061728395,ERing,1,20,6.2,4,21,guide=gpf | walk=plain,0.675,4,65,1.7999999999999998,64,2.0,rf,7.788720969752838,0.20772842552789095,3.3343183903917053,0.65625,0.1,0.0,,,,
0.9090909090909091,0.9365025558091323,0.9377777777777778,0.9920987654320989,0.025669434783909366,0.039021006198557806,ERing,1,20,6.2,4,21,guide=gpf | walk=plain,0.675,4,65,1.7999999999999998,64,2.0,ridge,7.788720969752838,0.20772842552789095,3.3343183903917053,0.65625,0.1,0.0,,,,
0.7837837837837838,0.8027729719194864,0.8222222222222222,0.9857777777777778,0.056507037037037036,0.125,ERing,1,20,6.2,4,21,guide=gpf | walk=plain | guard,0.675,4,65,1.7999999999999998,64,2.0,rf,4.512963577531195,0.15891001792984727,1.4856827478714785,0.65625,0.9,1.0,1.0,0.774,3.33,1.49
0.896551724137931,0.9247221805013175,0.9266666666666667,0.9891358024691358,0.028217505839767607,0.04274386610269249,ERing,1,20,6.2,4,21,guide=gpf | walk=plain | guard,0.675,4,65,1.7999999999999998,64,2.0,ridge,4.512963577531195,0.15891001792984727,1.4856827478714785,0.65625,0.9,1.0,1.0,0.774,3.33,1.49
0.7297297297297297,0.7711463328491335,0.7955555555555556,0.971358024691358,0.06491288065843621,0.09813580246913581,ERing,1,20,6.2,4,21,guide=gpf | walk=aligned,0.675,4,65,1.7999999999999998,64,2.0,rf,6.459247634837279,0.15804534504537404,4.018645141812196,0.328125,0.2,0.0,,,,
0.898876404494382,0.934390935183495,0.9355555555555555,0.9889382716049383,0.02763578834772573,0.04171917269489516,ERing,1,20,6.2,4,21,guide=gpf | walk=aligned,0.675,4,65,1.7999999999999998,64,2.0,ridge,6.459247634837279,0.15804534504537404,4.018645141812196,0.328125,0.2,0.0,,,,
0.7222222222222222,0.7584259202738326,0.7866666666666666,0.9683950617283951,0.06622637860082303,0.09440740740740743,ERing,1,20,6.2,4,21,guide=gpf | walk=aligned | guard,0.675,4,65,1.7999999999999998,64,2.0,rf,4.168729508706534,0.1510351131756249,1.3180825835890981,0.328125,0.9,1.0,1.0,0.705,4.02,1.32
0.9111111111111111,0.945998721059872,0.9466666666666667,0.9887407407407408,0.027057552057062974,0.03924890611663597,ERing,1,20,6.2,4,21,guide=gpf | walk=aligned | guard,0.675,4,65,1.7999999999999998,64,2.0,ridge,4.168729508706534,0.1510351131756249,1.3180825835890981,0.328125,0.9,1.0,1.0,0.705,4.02,1.32
0.684931506849315,0.7403702777314526,0.7711111111111111,0.976246913580247,0.06251901234567901,0.10508641975308644,ERing,1,20,6.2,4,21,guide=sig | walk=aligned,0.675,4,65,1.7999999999999998,64,2.0,rf,3.5041450258355624,0.1340844141654327,1.3873911805682728,0.328125,0.3,0.0,,,,
0.9213483146067416,0.9481365740034307,0.9488888888888889,0.9889382716049382,0.02792670463505394,0.04196884567992517,ERing,1,20,6.2,4,21,guide=sig | walk=aligned,0.675,4,65,1.7999999999999998,64,2.0,ridge,3.5041450258355624,0.1340844141654327,1.3873911805682728,0.328125,0.3,0.0,,,,
0.684931506849315,0.7403702777314526,0.7711111111111111,0.976246913580247,0.06251901234567901,0.10508641975308644,ERing,1,20,6.2,4,21,guide=sig | walk=aligned | guard,0.675,4,65,1.7999999999999998,64,2.0,rf,3.5041450258355624,0.1340844141654327,1.3873911805682728,0.328125,1.0,1.0,0.0,1.0,1.39,1.39
0.9213483146067416,0.9481365740034307,0.9488888888888889,0.9889382716049382,0.02792670463505394,0.04196884567992517,ERing,1,20,6.2,4,21,guide=sig | walk=aligned | guard,0.675,4,65,1.7999999999999998,64,2.0,ridge,3.5041450258355624,0.1340844141654327,1.3873911805682728,0.328125,1.0,1.0,0.0,1.0,1.39,1.39
0.3018867924528302,0.4216370213557839,0.5888888888888889,0.9838024691358025,0.07656769547325104,0.13413580246913584,ERing,2,5,5.0,5,20,none,0.675,4,65,1.5999999999999999,64,2.0,rf,,,,,,,,,,
0.7123287671232876,0.7567311116299117,0.7844444444444445,0.9850864197530864,0.05627512491750004,0.06068374465011559,ERing,2,5,5.0,5,20,none,0.675,4,65,1.5999999999999999,64,2.0,ridge,,,,,,,,,,
0.8888888888888888,0.8944271909999159,0.9,0.9950617283950617,0.05397139917695473,0.15003703703703697,ERing,2,5,5.0,5,20,SMOTE-raw,0.675,4,65,1.5999999999999999,64,2.0,rf,3.1119536250897823,0.19567083913017413,0.4122251791241379,,,,,,,
0.8735632183908046,0.9107316282887249,0.9133333333333333,0.987358024691358,0.03113977898450535,0.022720986362039758,ERing,2,5,5.0,5,20,SMOTE-raw,0.675,4,65,1.5999999999999999,64,2.0,ridge,3.1119536250897823,0.19567083913017413,0.4122251791241379,,,,,,,
0.8607594936708861,0.8692269873603532,0.8777777777777778,0.9896790123456791,0.055837530864197536,0.13577777777777775,ERing,2,5,5.0,5,20,guide=gpf | walk=plain,0.675,4,65,1.5999999999999999,64,2.0,rf,4.834773110848104,0.18252918602785495,1.6297741890582873,0.625,0.1,0.0,,,,
0.9347826086956522,0.9687971414256794,0.9688888888888889,0.9911111111111112,0.025142948161775133,0.03212685508304366,ERing,2,5,5.0,5,20,guide=gpf | walk=plain,0.675,4,65,1.5999999999999999,64,2.0,ridge,4.834773110848104,0.18252918602785495,1.6297741890582873,0.625,0.1,0.0,,,,
0.8607594936708861,0.8692269873603532,0.8777777777777778,0.9896790123456791,0.055837530864197536,0.13577777777777775,ERing,2,5,5.0,5,20,guide=gpf | walk=plain | guard,0.675,4,65,1.5999999999999999,64,2.0,rf,4.834773110848104,0.18252918602785495,1.6297741890582873,0.625,0.8,1.0,0.0,1.0,1.63,1.63
0.9347826086956522,0.9687971414256794,0.9688888888888889,0.9911111111111112,0.025142948161775133,0.03212685508304366,ERing,2,5,5.0,5,20,guide=gpf | walk=plain | guard,0.675,4,65,1.5999999999999999,64,2.0,ridge,4.834773110848104,0.18252918602785495,1.6297741890582873,0.625,0.8,1.0,0.0,1.0,1.63,1.63
0.8333333333333334,0.8740426861909838,0.88,0.9874567901234569,0.06270004115226338,0.15529629629629632,ERing,2,5,5.0,5,20,guide=gpf | walk=aligned,0.675,4,65,1.5999999999999999,64,2.0,rf,3.2823030384784175,0.1216067451199625,1.334137760881442,0.3125,0.1,0.0,,,,
0.8936170212765957,0.9509449491407461,0.9511111111111111,0.9872592592592593,0.02876233400462247,0.03426211180636982,ERing,2,5,5.0,5,20,guide=gpf | walk=aligned,0.675,4,65,1.5999999999999999,64,2.0,ridge,3.2823030384784175,0.1216067451199625,1.334137760881442,0.3125,0.1,0.0,,,,
0.8333333333333334,0.8740426861909838,0.88,0.9874567901234569,0.06270004115226338,0.15529629629629632,ERing,2,5,5.0,5,20,guide=gpf | walk=aligned | guard,0.675,4,65,1.5999999999999999,64,2.0,rf,3.2823030384784175,0.1216067451199625,1.334137760881442,0.3125,0.7,1.0,0.0,1.0,1.33,1.33
0.8936170212765957,0.9509449491407461,0.9511111111111111,0.9872592592592593,0.02876233400462247,0.03426211180636982,ERing,2,5,5.0,5,20,guide=gpf | walk=aligned | guard,0.675,4,65,1.5999999999999999,64,2.0,ridge,3.2823030384784175,0.1216067451199625,1.334137760881442,0.3125,0.7,1.0,0.0,1.0,1.33,1.33
0.8395061728395061,0.8653551329788478,0.8733333333333333,0.9929876543209877,0.053105226337448554,0.14435802469135803,ERing,2,5,5.0,5,20,guide=sig | walk=aligned,0.675,4,65,1.5999999999999999,64,2.0,rf,2.7944932214997102,0.13997471750345303,0.7998285124860492,0.625,0.2,0.0,,,,
0.9166666666666666,0.9733231861470053,0.9733333333333334,0.9909135802469136,0.025002863837371995,0.029583823867421637,ERing,2,5,5.0,5,20,guide=sig | walk=aligned,0.675,4,65,1.5999999999999999,64,2.0,ridge,2.7944932214997102,0.13997471750345303,0.7998285124860492,0.625,0.2,0.0,,,,
0.8395061728395061,0.8653551329788478,0.8733333333333333,0.9929876543209877,0.053105226337448554,0.14435802469135803,ERing,2,5,5.0,5,20,guide=sig | walk=aligned | guard,0.675,4,65,1.5999999999999999,64,2.0,rf,2.7944932214997102,0.13997471750345303,0.7998285124860492,0.625,0.7,1.0,0.0,1.0,0.8,0.8
0.9166666666666666,0.9733231861470053,0.9733333333333334,0.9909135802469136,0.025002863837371995,0.029583823867421637,ERing,2,5,5.0,5,20,guide=sig | walk=aligned | guard,0.675,4,65,1.5999999999999999,64,2.0,ridge,2.7944932214997102,0.13997471750345303,0.7998285124860492,0.625,0.7,1.0,0.0,1.0,0.8,0.8
0.125,0.2581988897471611,0.5333333333333333,0.9825679012345678,0.08574444444444444,0.13674074074074077,ERing,2,10,6.2,4,21,none,0.675,4,65,1.5999999999999999,64,2.0,rf,,,,,,,,,,
0.6363636363636364,0.6831300510639732,0.7333333333333334,0.9769876543209877,0.07384142880026061,0.08257668663472198,ERing,2,10,6.2,4,21,none,0.675,4,65,1.5999999999999999,64,2.0,ridge,,,,,,,,,,
0.8607594936708861,0.8692269873603532,0.8777777777777778,0.9958024691358024,0.05245872427983539,0.1424320987654321,ERing,2,10,6.2,4,21,SMOTE-raw,0.675,4,65,1.5999999999999999,64,2.0,rf,4.27406229883605,0.23290427169755246,0.39341299498562543,,,,,,,
0.8395061728395061,0.8653551329788478,0.8733333333333333,0.9872592592592593,0.03627282117063191,0.03182608106036862,ERing,2,10,6.2,4,21,SMOTE-raw,0.675,4,65,1.5999999999999999,64,2.0,ridge,4.27406229883605,0.23290427169755246,0.39341299498562543,,,,,,,
0.8,0.816496580927726,0.8333333333333333,0.9948148148148147,0.05652530864197531,0.15255555555555556,ERing,2,10,6.2,4,21,guide=gpf | walk=plain,0.675,4,65,1.5999999999999999,64,2.0,rf,5.999380237948774,0.19227657645752283,1.5378525661867717,0.65625,0.1,0.0,,,,
0.8941176470588236,0.914843304399687,0.9177777777777778,0.993283950617284,0.026928977593273572,0.02688431385374836,ERing,2,10,6.2,4,21,guide=gpf | walk=plain,0.675,4,65,1.5999999999999999,64,2.0,ridge,5.999380237948774,0.19227657645752283,1.5378525661867717,0.65625,0.1,0.0,,,,
0.8,0.816496580927726,0.8333333333333333,0.9948148148148147,0.05652530864197531,0.15255555555555556,ERing,2,10,6.2,4,21,guide=gpf | walk=plain | guard,0.675,4,65,1.5999999999999999,64,2.0,rf,5.999380237948774,0.19227657645752283,1.5378525661867717,0.65625,0.8,1.0,0.0,1.0,1.54,1.54
0.8941176470588236,0.914843304399687,0.9177777777777778,0.993283950617284,0.026928977593273572,0.02688431385374836,ERing,2,10,6.2,4,21,guide=gpf | walk=plain | guard,0.675,4,65,1.5999999999999999,64,2.0,ridge,5.999380237948774,0.19227657645752283,1.5378525661867717,0.65625,0.8,1.0,0.0,1.0,1.54,1.54
0.9411764705882353,0.9428090415820634,0.9444444444444444,0.9986172839506172,0.047628024691358024,0.15803703703703703,ERing,2,10,6.2,4,21,guide=gpf | walk=aligned,0.675,4,65,1.5999999999999999,64,2.0,rf,3.4931994725025284,0.1126396756740069,2.9377631641160358,0.328125,0.2,0.0,,,,
0.896551724137931,0.9247221805013175,0.9266666666666667,0.9921975308641975,0.02647423071252108,0.02259229633663836,ERing,2,10,6.2,4,21,guide=gpf | walk=aligned,0.675,4,65,1.5999999999999999,64,2.0,ridge,3.4931994725025284,0.1126396756740069,2.9377631641160358,0.328125,0.2,0.0,,,,
0.875,0.8819171036881969,0.8888888888888888,0.995358024691358,0.05158563786008231,0.15322222222222223,ERing,2,10,6.2,4,21,guide=gpf | walk=aligned | guard,0.675,4,65,1.5999999999999999,64,2.0,rf,3.2099095074719095,0.12657290848434777,1.5891668087161548,0.328125,0.9,1.0,1.0,0.825,2.94,1.59
0.896551724137931,0.9247221805013175,0.9266666666666667,0.9905185185185186,0.028263136796926994,0.027447946113473037,ERing,2,10,6.2,4,21,guide=gpf | walk=aligned | guard,0.675,4,65,1.5999999999999999,64,2.0,ridge,3.2099095074719095,0.12657290848434777,1.5891668087161548,0.328125,0.9,1.0,1.0,0.825,2.94,1.59
0.7142857142857143,0.7453559924999299,0.7777777777777778,0.9935308641975309,0.05888744855967078,0.14549382716049383,ERing,2,10,6.2,4,21,guide=sig | walk=aligned,0.675,4,65,1.5999999999999999,64,2.0,rf,5.382532366659127,0.18986424404382507,1.846447638753124,0.65625,0.2,0.0,,,,
0.8536585365853658,0.8779887228950405,0.8844444444444445,0.9942716049382716,0.02875875925000812,0.03273197692295721,ERing,2,10,6.2,4,21,guide=sig | walk=aligned,0.675,4,65,1.5999999999999999,64,2.0,ridge,5.382532366659127,0.18986424404382507,1.846447638753124,0.65625,0.2,0.0,,,,
0.7142857142857143,0.7453559924999299,0.7777777777777778,0.9935308641975309,0.05888744855967078,0.14549382716049383,ERing,2,10,6.2,4,21,guide=sig | walk=aligned | guard,0.675,4,65,1.5999999999999999,64,2.0,rf,5.382532366659127,0.18986424404382507,1.846447638753124,0.65625,0.9,1.0,0.0,1.0,1.85,1.85
0.8536585365853658,0.8779887228950405,0.8844444444444445,0.9942716049382716,0.02875875925000812,0.03273197692295721,ERing,2,10,6.2,4,21,guide=sig | walk=aligned | guard,0.675,4,65,1.5999999999999999,64,2.0,ridge,5.382532366659127,0.18986424404382507,1.846447638753124,0.65625,0.9,1.0,0.0,1.0,1.85,1.85
0.125,0.2581988897471611,0.5333333333333333,0.9751111111111112,0.08728358024691359,0.12376543209876545,ERing,2,20,6.2,4,21,none,0.675,4,65,1.5999999999999999,64,2.0,rf,,,,,,,,,,
0.6363636363636364,0.6831300510639732,0.7333333333333334,0.9769876543209877,0.0738414288002606,0.08257668663472195,ERing,2,20,6.2,4,21,none,0.675,4,65,1.5999999999999999,64,2.0,ridge,,,,,,,,,,
0.8157894736842105,0.8299933065325822,0.8444444444444444,0.9943703703703702,0.05374320987654321,0.14034567901234568,ERing,2,20,6.2,4,21,SMOTE-raw,0.675,4,65,1.5999999999999999,64,2.0,rf,4.263014889469581,0.23272927606251903,0.3922376669843291,,,,,,,
0.8395061728395061,0.8653551329788478,0.8733333333333333,0.9877530864197531,0.0361744974345863,0.032382469042517216,ERing,2,20,6.2,4,21,SMOTE-raw,0.675,4,65,1.5999999999999999,64,2.0,ridge,4.263014889469581,0.23272927606251903,0.3922376669843291,,,,,,,
0.8311688311688312,0.8432740427115678,0.8555555555555556,0.9961975308641975,0.053266872427983544,0.15203703703703705,ERing,2,20,6.2,4,21,guide=gpf | walk=plain,0.675,4,65,1.5999999999999999,64,2.0,rf,5.547642671560801,0.17312743341681525,1.7914239366278497,0.65625,0.0,0.0,,,,
0.8941176470588236,0.914843304399687,0.9177777777777778,0.9938765432098765,0.026588169642053,0.030190415479807265,ERing,2,20,6.2,4,21,guide=gpf | walk=plain,0.675,4,65,1.5999999999999999,64,2.0,ridge,5.547642671560801,0.17312743341681525,1.7914239366278497,0.65625,0.0,0.0,,,,
0.8311688311688312,0.8432740427115678,0.8555555555555556,0.9961975308641975,0.053266872427983544,0.15203703703703705,ERing,2,20,6.2,4,21,guide=gpf | walk=plain | guard,0.675,4,65,1.5999999999999999,64,2.0,rf,5.547642671560801,0.17312743341681525,1.7914239366278497,0.65625,0.7,1.0,0.0,1.0,1.79,1.79
0.8941176470588236,0.914843304399687,0.9177777777777778,0.9938765432098765,0.026588169642053,0.030190415479807265,ERing,2,20,6.2,4,21,guide=gpf | walk=plain | guard,0.675,4,65,1.5999999999999999,64,2.0,ridge,5.547642671560801,0.17312743341681525,1.7914239366278497,0.65625,0.7,1.0,0.0,1.0,1.79,1.79
0.9024390243902439,0.9067647005823629,0.9111111111111111,0.9982222222222221,0.04959477366255144,0.16630864197530865,ERing,2,20,6.2,4,21,guide=gpf | walk=aligned,0.675,4,65,1.5999999999999999,64,2.0,rf,2.899464156872501,0.10653125993436785,3.0012266402685075,0.328125,0.2,0.0,,,,
0.9195402298850575,0.9386094258641278,0.94,0.9928888888888889,0.025299285263800618,0.02427139536774435,ERing,2,20,6.2,4,21,guide=gpf | walk=aligned,0.675,4,65,1.5999999999999999,64,2.0,ridge,2.899464156872501,0.10653125993436785,3.0012266402685075,0.328125,0.2,0.0,,,,
0.8888888888888888,0.8944271909999159,0.9,0.9968888888888889,0.05171847736625515,0.15964197530864196,ERing,2,20,6.2,4,21,guide=gpf | walk=aligned | guard,0.675,4,65,1.5999999999999999,64,2.0,rf,2.7328238557879914,0.12405372756749244,1.523370336895257,0.328125,0.9,1.0,1.0,0.816,3.0,1.52
0.8941176470588236,0.914843304399687,0.9177777777777778,0.992,0.02741869239411939,0.026701409395934024,ERing,2,20,6.2,4,21,guide=gpf | walk=aligned | guard,0.675,4,65,1.5999999999999999,64,2.0,ridge,2.7328238557879914,0.12405372756749244,1.523370336895257,0.328125,0.9,1.0,1.0,0.816,3.0,1.52
0.59375,0.6497862896539309,0.7111111111111111,0.9911604938271604,0.06484654320987654,0.14322222222222222,ERing,2,20,6.2,4,21,guide=sig | walk=aligned,0.675,4,65,1.5999999999999999,64,2.0,rf,6.048094948625142,0.22643075251309852,1.2642544851377175,0.328125,0.3,0.0,,,,
0.8395061728395061,0.8653551329788478,0.8733333333333333,0.9930864197530864,0.03092548071511778,0.03556097389460609,ERing,2,20,6.2,4,21,guide=sig | walk=aligned,0.675,4,65,1.5999999999999999,64,2.0,ridge,6.048094948625142,0.22643075251309852,1.2642544851377175,0.328125,0.3,0.0,,,,
0.59375,0.6497862896539309,0.7111111111111111,0.9911604938271604,0.06484654320987654,0.14322222222222222,ERing,2,20,6.2,4,21,guide=sig | walk=aligned | guard,0.675,4,65,1.5999999999999999,64,2.0,rf,6.048094948625142,0.22643075251309852,1.2642544851377175,0.328125,0.9,1.0,0.0,1.0,1.26,1.26
0.8395061728395061,0.8653551329788478,0.8733333333333333,0.9930864197530864,0.03092548071511778,0.03556097389460609,ERing,2,20,6.2,4,21,guide=sig | walk=aligned | guard,0.675,4,65,1.5999999999999999,64,2.0,ridge,6.048094948625142,0.22643075251309852,1.2642544851377175,0.328125,0.9,1.0,0.0,1.0,1.26,1.26
0.5098039215686274,0.6408553614135919,0.6993529355790276,0.9151203730136074,0.051490150150150155,0.04300900900900901,JapaneseVowels,0,5,8.0,30,210,none,0.85,12,29,2.0,64,2.0,rf,,,,,,,,,,
0.5301204819277109,0.8042848425200538,0.8105909220668,0.9049386240365401,0.08262920038293008,0.08068194359509515,JapaneseVowels,0,5,8.0,30,210,none,0.85,12,29,2.0,64,2.0,ridge,,,,,,,,,,
0.5454545454545454,0.8750025488319796,0.8750118945665619,0.918070225520982,0.09108726726726726,0.166,JapaneseVowels,0,5,8.0,30,210,SMOTE-raw,0.85,12,29,2.0,64,2.0,rf,1.8208311617377468,0.07800531354316198,0.5483789941954831,,,,,,,
0.43564356435643564,0.780507604728557,0.7840422495004282,0.8758207250927776,0.1293016817266051,0.13441352082594626,JapaneseVowels,0,5,8.0,30,210,SMOTE-raw,0.85,12,29,2.0,64,2.0,ridge,1.8208311617377468,0.07800531354316198,0.5483789941954831,,,,,,,
0.5,0.7183549789105442,0.7446950233133505,0.9122656770387289,0.06260372372372372,0.06425225225225227,JapaneseVowels,0,5,8.0,30,210,guide=gpf | walk=plain,0.85,12,29,2.0,64,2.0,rf,8.844078896194155,0.18360026468394686,4.098987053139642,0.34539473684210525,2.1,0.0,,,,
0.5753424657534246,0.7971545170216331,0.8077362260919212,0.9182605385859739,0.06104917329323504,0.05279058472504864,JapaneseVowels,0,5,8.0,30,210,guide=gpf | walk=plain,0.85,12,29,2.0,64,2.0,ridge,8.844078896194155,0.18360026468394686,4.098987053139642,0.34539473684210525,2.1,0.0,,,,
0.55,0.8081797071519682,0.8150157008278618,0.9292511180892569,0.07253312312312313,0.10716216216216219,JapaneseVowels,0,5,8.0,30,210,guide=gpf | walk=plain | guard,0.85,12,29,2.0,64,2.0,rf,1.5225143674827741,0.047930533982742385,1.2783774738685998,0.34539473684210525,3.4,1.0,1.0,0.699,4.1,1.28
0.5542168674698795,0.8236905224027804,0.8281948805785517,0.9076981634789228,0.08322191393838756,0.09275251284204461,JapaneseVowels,0,5,8.0,30,210,guide=gpf | walk=plain | guard,0.85,12,29,2.0,64,2.0,ridge,1.5225143674827741,0.047930533982742385,1.2783774738685998,0.34539473684210525,3.4,1.0,1.0,0.699,4.1,1.28
0.4722222222222222,0.7138369782491262,0.7387953182986011,0.9046055761728042,0.06693792792792792,0.07525225225225225,JapaneseVowels,0,5,8.0,30,210,guide=gpf | walk=aligned,0.85,12,29,2.0,64,2.0,rf,8.81527959949021,0.1760446898466942,4.968032553873166,0.34539473684210525,3.1,0.0,,,,
0.5588235294117647,0.7618134231508623,0.7799029403368541,0.9236844609382435,0.05753606543185992,0.045267900389197244,JapaneseVowels,0,5,8.0,30,210,guide=gpf | walk=aligned,0.85,12,29,2.0,64,2.0,ridge,8.81527959949021,0.1760446898466942,4.968032553873166,0.34539473684210525,3.1,0.0,,,,
0.49019607843137253,0.8348781950277996,0.8353791987819963,0.9232086782757636,0.08720117117117118,0.1354684684684685,JapaneseVowels,0,5,8.0,30,210,guide=gpf | walk=aligned | guard,0.85,12,29,2.0,64,2.0,rf,0.8057890438694244,0.02760180849092686,1.1825072657792774,0.34539473684210525,4.3,1.0,1.0,0.634,4.97,1.18
0.5434782608695652,0.8490057324051855,0.8501284613188695,0.9243505566657151,0.09047926928142654,0.09921308607602616,JapaneseVowels,0,5,8.0,30,210,guide=gpf | walk=aligned | guard,0.85,12,29,2.0,64,2.0,ridge,0.8057890438694244,0.02760180849092686,1.1825072657792774,0.34539473684210525,4.3,1.0,1.0,0.634,4.97,1.18
0.5714285714285714,0.8686721491408194,0.8692073460843087,0.9308212008754401,0.08916102102102104,0.1652972972972973,JapaneseVowels,0,5,8.0,30,210,guide=sig | walk=aligned,0.85,12,29,2.0,64,2.0,rf,1.9588728350568516,0.04182509301782167,4.087777544761582,0.29829545454545453,1.4,0.0,,,,
0.43564356435643564,0.780507604728557,0.7840422495004282,0.9073175373489389,0.10269262818837353,0.13293532363983884,JapaneseVowels,0,5,8.0,30,210,guide=sig | walk=aligned,0.85,12,29,2.0,64,2.0,ridge,1.9588728350568516,0.04182509301782167,4.087777544761582,0.29829545454545453,1.4,0.0,,,,
0.5473684210526316,0.8629571387463867,0.8633076410695595,0.9211628128271006,0.09605306306306306,0.1838288288288288,JapaneseVowels,0,5,8.0,30,210,guide=sig | walk=aligned | guard,0.85,12,29,2.0,64,2.0,rf,1.7755376581228148,0.07159643850456399,1.262823326903607,0.29829545454545453,2.8,1.0,1.0,0.699,4.09,1.26
0.4230769230769231,0.7764739466938838,0.7796174707393663,0.8812446474450472,0.11072292048551388,0.12727516490071225,JapaneseVowels,0,5,8.0,30,210,guide=sig | walk=aligned | guard,0.85,12,29,2.0,64,2.0,ridge,1.7755376581228148,0.07159643850456399,1.262823326903607,0.29829545454545453,2.8,1.0,1.0,0.699,4.09,1.26
0.44,0.588612720570814,0.6656199448092112,0.9093158245313542,0.053237867867867855,0.027162162162162162,JapaneseVowels,0,10,10.0,24,216,none,0.85,12,29,2.1999999999999997,64,2.0,rf,,,,,,,,,,
0.3880597014925373,0.6252223888292763,0.6757541155200305,0.8733466552478828,0.08593235563791404,0.08269228507956858,JapaneseVowels,0,10,10.0,24,216,none,0.85,12,29,2.1999999999999997,64,2.0,ridge,,,,,,,,,,
0.4854368932038835,0.8334522705113219,0.833904272528309,0.9056522980302598,0.10211666666666666,0.17278378378378378,JapaneseVowels,0,10,10.0,24,216,SMOTE-raw,0.85,12,29,2.1999999999999997,64,2.0,rf,1.728700190890919,0.07246597916380626,0.5294063329741628,,,,,,,
0.34408602150537637,0.6679025560222397,0.6902179084594158,0.7581120943952803,0.1372611949358018,0.1472135395909967,JapaneseVowels,0,10,10.0,24,216,SMOTE-raw,0.85,12,29,2.1999999999999997,64,2.0,ridge,1.728700190890919,0.07246597916380626,0.5294063329741628,,,,,,,
0.4838709677419355,0.6789944034695029,0.7183366638119707,0.9077457417451709,0.05920402402402403,0.048504504504504505,JapaneseVowels,0,10,10.0,24,216,guide=gpf | walk=plain,0.85,12,29,2.1999999999999997,64,2.0,rf,17.659361053608343,0.26613344997703725,7.230069103356725,0.45,2.1,0.0,,,,
0.5573770491803278,0.7261938467741152,0.7550195070891617,0.907317537348939,0.06093979841239779,0.04564659850064429,JapaneseVowels,0,10,10.0,24,216,guide=gpf | walk=plain,0.85,12,29,2.1999999999999997,64,2.0,ridge,17.659361053608343,0.26613344997703725,7.230069103356725,0.45,2.1,0.0,,,,
0.5476190476190477,0.8223609161729162,0.8267199543248644,0.9261585307831383,0.07857729729729732,0.11563963963963965,JapaneseVowels,0,10,10.0,24,216,guide=gpf | walk=plain | guard,0.85,12,29,2.1999999999999997,64,2.0,rf,1.7040022660439256,0.053842895855538364,0.9601156606800044,0.45,3.3,1.0,1.0,0.526,7.23,0.96
0.3188405797101449,0.5714693513445148,0.6375963459891522,0.8525073746312685,0.09363659712879614,0.0796153877518249,JapaneseVowels,0,10,10.0,24,216,guide=gpf | walk=plain | guard,0.85,12,29,2.1999999999999997,64,2.0,ridge,1.7040022660439256,0.053842895855538364,0.9601156606800044,0.45,3.3,1.0,1.0,0.526,7.23,0.96
0.5079365079365079,0.7012624044814465,0.7344656960700352,0.9162146731373109,0.058349009009008995,0.049855855855855856,JapaneseVowels,0,10,10.0,24,216,guide=gpf | walk=aligned,0.85,12,29,2.1999999999999997,64,2.0,rf,17.234892525259667,0.24065784034688198,9.5347966869925,0.48214285714285715,0.8,0.0,,,,
0.5333333333333333,0.7045115140995963,0.7388904748310972,0.9177847559234942,0.06038903913497939,0.03019604092192167,JapaneseVowels,0,10,10.0,24,216,guide=gpf | walk=aligned,0.85,12,29,2.1999999999999997,64,2.0,ridge,17.234892525259667,0.24065784034688198,9.5347966869925,0.48214285714285715,0.8,0.0,,,,
0.5,0.8249603144461412,0.8266247977923684,0.91388333809116,0.09409006006006007,0.1480810810810811,JapaneseVowels,0,10,10.0,24,216,guide=gpf | walk=aligned | guard,0.85,12,29,2.1999999999999997,64,2.0,rf,1.141876350631101,0.03789372682805059,0.8399409871337769,0.48214285714285715,2.0,1.0,1.0,0.458,9.53,0.84
0.375,0.6598038618930614,0.6917879912455991,0.8266247977923684,0.10351549029582424,0.08317527918417897,JapaneseVowels,0,10,10.0,24,216,guide=gpf | walk=aligned | guard,0.85,12,29,2.1999999999999997,64,2.0,ridge,1.141876350631101,0.03789372682805059,0.8399409871337769,0.48214285714285715,2.0,1.0,1.0,0.458,9.53,0.84
0.5526315789473685,0.7933854438170315,0.8033114473308592,0.9142163859548957,0.08086837837837839,0.13608108108108108,JapaneseVowels,0,10,10.0,24,216,guide=sig | walk=aligned,0.85,12,29,2.1999999999999997,64,2.0,rf,4.965048196193109,0.07953634483508731,6.735036942080717,0.375,1.7,0.0,,,,
0.5128205128205128,0.77056911615686,0.7827576363117328,0.887905604719764,0.08004534898024904,0.10370778813032419,JapaneseVowels,0,10,10.0,24,216,guide=sig | walk=aligned,0.85,12,29,2.1999999999999997,64,2.0,ridge,4.965048196193109,0.07953634483508731,6.735036942080717,0.375,1.7,0.0,,,,
0.5,0.8377227627071346,0.838329051289371,0.9102198115900656,0.1009778978978979,0.17317117117117117,JapaneseVowels,0,10,10.0,24,216,guide=sig | walk=aligned | guard,0.85,12,29,2.1999999999999997,64,2.0,rf,1.371682687044494,0.06048940924600443,0.8947543231796202,0.375,3.1,1.0,1.0,0.545,6.74,0.89
0.41237113402061853,0.7467377588057947,0.7547340374916738,0.8833380911599581,0.11345808978141186,0.12499458345712205,JapaneseVowels,0,10,10.0,24,216,guide=sig | walk=aligned | guard,0.85,12,29,2.1999999999999997,64,2.0,ridge,1.371682687044494,0.06048940924600443,0.8947543231796202,0.375,3.1,1.0,1.0,0.545,6.74,0.89
0.21052631578947367,0.3576176445235395,0.5600913502711962,0.8961366447806641,0.05899225225225225,0.02241441441441442,JapaneseVowels,0,20,20.0,12,228,none,0.85,12,29,2.0,64,2.0,rf,,,,,,,,,,
0.2962962962962963,0.49663440499981226,0.6069083642592064,0.8392806166143305,0.0838993501927325,0.08515495630600582,JapaneseVowels,0,20,20.0,12,228,none,0.85,12,29,2.0,64,2.0,ridge,,,,,,,,,,
0.43636363636363634,0.6110599262872102,0.6758492720525264,0.8998001712817585,0.0623782882882883,0.060531531531531534,JapaneseVowels,0,20,20.0,12,228,SMOTE-raw,0.85,12,29,2.0,64,2.0,rf,2.170112490386824,0.08419363497862253,0.4808011514162245,,,,,,,
0.4444444444444444,0.6539368907141007,0.6992577790465315,0.7665810257874203,0.08785456626062302,0.08677120239903549,JapaneseVowels,0,20,20.0,12,228,SMOTE-raw,0.85,12,29,2.0,64,2.0,ridge,2.170112490386824,0.08419363497862253,0.4808011514162245,,,,,,,
0.375,0.5324202384446449,0.6333618802930822,0.9078408982776668,0.05581483483483484,0.03699099099099099,JapaneseVowels,0,20,20.0,12,228,guide=gpf | walk=plain,0.85,12,29,2.0,64,2.0,rf,26.23314907466832,0.3495249309240973,5.4629996630324404,0.4453125,1.4,0.0,,,,
0.27450980392156865,0.4659905655222767,0.5937291845085165,0.9089351984013703,0.07127037905171815,0.06292808642598269,JapaneseVowels,0,20,20.0,12,228,guide=gpf | walk=plain,0.85,12,29,2.0,64,2.0,ridge,26.23314907466832,0.3495249309240973,5.4629996630324404,0.4453125,1.4,0.0,,,,
0.5483870967741935,0.7250791970813644,0.7535445808354744,0.9205442953658769,0.0591730930930931,0.054198198198198204,JapaneseVowels,0,20,20.0,12,228,guide=gpf | walk=plain | guard,0.85,12,29,2.0,64,2.0,rf,3.8927355050594663,0.10918354981131473,0.9736080647944761,0.4453125,2.6,1.0,1.0,0.605,5.46,0.97
0.4745762711864407,0.6579986495856956,0.7051574840612808,0.8725854029879151,0.0696911469433208,0.06039505615208579,JapaneseVowels,0,20,20.0,12,228,guide=gpf | walk=plain | guard,0.85,12,29,2.0,64,2.0,ridge,3.8927355050594663,0.10918354981131473,0.9736080647944761,0.4453125,2.6,1.0,1.0,0.605,5.46,0.97
0.46153846153846156,0.6138565538332104,0.6802740508135883,0.8982300884955752,0.05787711711711712,0.025801801801801805,JapaneseVowels,0,20,20.0,12,228,guide=gpf | walk=aligned,0.85,12,29,2.0,64,2.0,rf,23.162466095370036,0.31114251123548375,5.479787980637041,0.3958333333333333,1.5,0.0,,,,
0.38461538461538464,0.5586711256067698,0.6450661337900847,0.9100770767913218,0.06764341327889822,0.05168693174579143,JapaneseVowels,0,20,20.0,12,228,guide=gpf | walk=aligned,0.85,12,29,2.0,64,2.0,ridge,23.162466095370036,0.31114251123548375,5.479787980637041,0.3958333333333333,1.5,0.0,,,,
0.5142857142857142,0.7380216744831085,0.7593491293177277,0.9178323341897422,0.06531297297297296,0.07344144144144144,JapaneseVowels,0,20,20.0,12,228,guide=gpf | walk=aligned | guard,0.85,12,29,2.0,64,2.0,rf,2.9505075423658944,0.08527800616867298,0.968116066291481,0.3958333333333333,2.7,1.0,1.0,0.604,5.48,0.97
0.5757575757575758,0.7641829885097424,0.7828527928442288,0.9007517366067179,0.06612916454561868,0.06287626978091271,JapaneseVowels,0,20,20.0,12,228,guide=gpf | walk=aligned | guard,0.85,12,29,2.0,64,2.0,ridge,2.9505075423658944,0.08527800616867298,0.968116066291481,0.3958333333333333,2.7,1.0,1.0,0.604,5.48,0.97
0.46808510638297873,0.5912741330298001,0.6700447235702731,0.9164049862023028,0.05386627627627628,0.04463963963963964,JapaneseVowels,0,20,20.0,12,228,guide=sig | walk=aligned,0.85,12,29,2.0,64,2.0,rf,13.313201559834098,0.16724119916089508,7.5184975296328345,0.2375,2.5,0.0,,,,
0.46153846153846156,0.6138565538332104,0.6802740508135883,0.8979921971643353,0.05550840887121662,0.03377612392606346,JapaneseVowels,0,20,20.0,12,228,guide=sig | walk=aligned,0.85,12,29,2.0,64,2.0,ridge,13.313201559834098,0.16724119916089508,7.5184975296328345,0.2375,2.5,0.0,,,,
0.3673469387755102,0.53161536989913,0.6318869540393948,0.905224093634028,0.058097057057057054,0.044558558558558566,JapaneseVowels,0,20,20.0,12,228,guide=sig | walk=aligned | guard,0.85,12,29,2.0,64,2.0,rf,2.748329435083189,0.08355997217810684,0.8549440679976199,0.2375,3.8,1.0,1.0,0.516,7.52,0.85
0.4375,0.6529175028913546,0.6977828527928442,0.8310019982871825,0.07933747994873973,0.06676298671420175,JapaneseVowels,0,20,20.0,12,228,guide=sig | walk=aligned | guard,0.85,12,29,2.0,64,2.0,ridge,2.748329435083189,0.08355997217810684,0.8549440679976199,0.2375,3.8,1.0,1.0,0.516,7.52,0.85
0.56,0.6670471842014548,0.7184318203444666,0.9038919021790847,0.05282717717717717,0.05076576576576577,JapaneseVowels,1,5,8.0,30,210,none,0.85,12,29,2.0,64,2.0,rf,,,,,,,,,,
0.5301204819277109,0.8042848425200538,0.8105909220668,0.9049386240365401,0.08262920038293002,0.08068194359509517,JapaneseVowels,1,5,8.0,30,210,none,0.85,12,29,2.0,64,2.0,ridge,,,,,,,,,,
0.54,0.8735331900306192,0.8735369683128746,0.918212960319726,0.09620117117117118,0.17123423423423423,JapaneseVowels,1,5,8.0,30,210,SMOTE-raw,0.85,12,29,2.0,64,2.0,rf,1.814840421889258,0.07894697490813674,0.5706657450757184,,,,,,,
0.44660194174757284,0.7966768929421925,0.7986963555048054,0.8835284042249502,0.12838155700172776,0.13067410370987734,JapaneseVowels,1,5,8.0,30,210,SMOTE-raw,0.85,12,29,2.0,64,2.0,ridge,1.814840421889258,0.07894697490813674,0.5706657450757184,,,,,,,
0.5070422535211268,0.7368603493348819,0.7578742030640404,0.9034636977828528,0.06644297297297297,0.076981981981982,JapaneseVowels,1,5,8.0,30,210,guide=gpf | walk=plain,0.85,12,29,2.0,64,2.0,rf,9.584971332504232,0.1780256842940635,4.833116004340812,0.3125,2.5,0.0,,,,
0.5294117647058824,0.7403388596964945,0.7622989818251023,0.9190217908459416,0.06172341055048475,0.055548762031032595,JapaneseVowels,1,5,8.0,30,210,guide=gpf | walk=plain,0.85,12,29,2.0,64,2.0,ridge,9.584971332504232,0.1780256842940635,4.833116004340812,0.3125,2.5,0.0,,,,
0.5,0.8116456581966679,0.8149205442953659,0.9184984299172139,0.08274360360360361,0.12648648648648653,JapaneseVowels,1,5,8.0,30,210,guide=gpf | walk=plain | guard,0.85,12,29,2.0,64,2.0,rf,1.162295821103811,0.03765195931072862,1.1769478165238103,0.3125,3.9,1.0,1.0,0.643,4.83,1.18
0.5,0.7977511449900606,0.8032162907983633,0.9096012941288419,0.08951482389343318,0.09834414158735408,JapaneseVowels,1,5,8.0,30,210,guide=gpf | walk=plain | guard,0.85,12,29,2.0,64,2.0,ridge,1.162295821103811,0.03765195931072862,1.1769478165238103,0.3125,3.9,1.0,1.0,0.643,4.83,1.18
0.5205479452054794,0.7558570110184326,0.7725283090684176,0.9078884765439147,0.06782831831831831,0.07883783783783782,JapaneseVowels,1,5,8.0,30,210,guide=gpf | walk=aligned,0.85,12,29,2.0,64,2.0,rf,9.134828909552816,0.1630770349025633,5.821533504163723,0.328125,2.6,0.0,,,,
0.5970149253731343,0.7840352032427337,0.7989818251022933,0.9253972785231707,0.05837993078338941,0.05016707780522759,JapaneseVowels,1,5,8.0,30,210,guide=gpf | walk=aligned,0.85,12,29,2.0,64,2.0,ridge,9.134828909552816,0.1630770349025633,5.821533504163723,0.328125,2.6,0.0,,,,
0.5436893203883495,0.886562439096421,0.8867161480635646,0.924445713198211,0.08962507507507507,0.1441171171171171,JapaneseVowels,1,5,8.0,30,210,guide=gpf | walk=aligned | guard,0.85,12,29,2.0,64,2.0,rf,0.7482066711788846,0.025722352470634036,1.0232313356062077,0.328125,4.0,1.0,1.0,0.586,5.82,1.02
0.5434782608695652,0.8490057324051855,0.8501284613188695,0.9229232086782758,0.089517628484724,0.09864116738121995,JapaneseVowels,1,5,8.0,30,210,guide=gpf | walk=aligned | guard,0.85,12,29,2.0,64,2.0,ridge,0.7482066711788846,0.025722352470634036,1.0232313356062077,0.328125,4.0,1.0,1.0,0.586,5.82,1.02
0.5416666666666666,0.8615224625443353,0.8618327148158722,0.9300599486154725,0.09321312312312312,0.17074774774774773,JapaneseVowels,1,5,8.0,30,210,guide=sig | walk=aligned,0.85,12,29,2.0,64,2.0,rf,1.8353768661546148,0.041323242023175055,3.833336616333516,0.29829545454545453,2.9,0.0,,,,
0.4888888888888889,0.7951226332479353,0.8002664382909888,0.9071272242839472,0.08758231618466178,0.11599546091219971,JapaneseVowels,1,5,8.0,30,210,guide=sig | walk=aligned,0.85,12,29,2.0,64,2.0,ridge,1.8353768661546148,0.041323242023175055,3.833336616333516,0.29829545454545453,2.9,0.0,,,,
0.5252525252525253,0.8572040270167722,0.8574079360548101,0.9264440003806262,0.09950624624624624,0.18664864864864866,JapaneseVowels,1,5,8.0,30,210,guide=sig | walk=aligned | guard,0.85,12,29,2.0,64,2.0,rf,1.473459614381916,0.059681182257715126,1.2313934563181121,0.29829545454545453,4.4,1.0,1.0,0.722,3.83,1.23
0.48936170212765956,0.8089446668188673,0.8119706917879912,0.8825768388999905,0.09876706834596256,0.112439163627771,JapaneseVowels,1,5,8.0,30,210,guide=sig | walk=aligned | guard,0.85,12,29,2.0,64,2.0,ridge,1.473459614381916,0.059681182257715126,1.2313934563181121,0.29829545454545453,4.4,1.0,1.0,0.722,3.83,1.23
0.43478260869565216,0.563757765832536,0.6539156913122086,0.9150727947473594,0.0504972972972973,0.04021621621621622,JapaneseVowels,1,10,10.0,24,216,none,0.85,12,29,2.1999999999999997,64,2.0,rf,,,,,,,,,,
0.5,0.7001760174550143,0.7329907698163478,0.8975164145018556,0.0714661353480762,0.06807190759753043,JapaneseVowels,1,10,10.0,24,216,none,0.85,12,29,2.1999999999999997,64,2.0,ridge,,,,,,,,,,
0.5070422535211268,0.7368603493348819,0.7578742030640404,0.9228756304120278,0.07016873873873875,0.10572072072072072,JapaneseVowels,1,10,10.0,24,216,SMOTE-raw,0.85,12,29,2.1999999999999997,64,2.0,rf,2.152144604757705,0.10527523995560217,0.45695416664279714,,,,,,,
0.525,0.7883319819283545,0.79741174231611,0.8601198972309448,0.07763057050773074,0.07436266131716412,JapaneseVowels,1,10,10.0,24,216,SMOTE-raw,0.85,12,29,2.1999999999999997,64,2.0,ridge,2.152144604757705,0.10527523995560217,0.45695416664279714,,,,,,,
0.5806451612903226,0.7472473035657399,0.7711485393472262,0.9233989913407556,0.05635684684684684,0.05292792792792794,JapaneseVowels,1,10,10.0,24,216,guide=gpf | walk=plain,0.85,12,29,2.1999999999999997,64,2.0,rf,14.573968296611287,0.22795540622427535,7.285445938237655,0.39705882352941174,2.5,0.0,,,,
0.5263157894736842,0.6842295958814576,0.7257112950804072,0.9241602436007232,0.05476094937347551,0.028844210604726264,JapaneseVowels,1,10,10.0,24,216,guide=gpf | walk=plain,0.85,12,29,2.1999999999999997,64,2.0,ridge,14.573968296611287,0.22795540622427535,7.285445938237655,0.39705882352941174,2.5,0.0,,,,
0.5405405405405406,0.7754929305767015,0.7886573413264821,0.928918070225521,0.06656648648648647,0.08938738738738741,JapaneseVowels,1,10,10.0,24,216,guide=gpf | walk=plain | guard,0.85,12,29,2.1999999999999997,64,2.0,rf,1.3351592334749185,0.05423367315547012,0.7991411780295224,0.39705882352941174,3.8,1.0,1.0,0.524,7.29,0.8
0.47058823529411764,0.695813507586209,0.7270910648015987,0.9004662670092302,0.07166046976429365,0.06868522475806646,JapaneseVowels,1,10,10.0,24,216,guide=gpf | walk=plain | guard,0.85,12,29,2.1999999999999997,64,2.0,ridge,1.3351592334749185,0.05423367315547012,0.7991411780295224,0.39705882352941174,3.8,1.0,1.0,0.524,7.29,0.8
0.6031746031746031,0.7677236236302427,0.7872775716052907,0.9191645256446856,0.058014984984984995,0.06775675675675676,JapaneseVowels,1,10,10.0,24,216,guide=gpf | walk=aligned,0.85,12,29,2.1999999999999997,64,2.0,rf,14.969781504078579,0.21689076083670855,16.649013159781546,0.421875,2.6,0.0,,,,
0.5614035087719298,0.7077457079055384,0.7433152535921591,0.9229232086782757,0.05330990127035585,0.023489121133891972,JapaneseVowels,1,10,10.0,24,216,guide=gpf | walk=aligned,0.85,12,29,2.1999999999999997,64,2.0,ridge,14.969781504078579,0.21689076083670855,16.649013159781546,0.421875,2.6,0.0,,,,
0.5066666666666667,0.7534612616922469,0.7695784565610428,0.9295841659529926,0.07126027027027027,0.10964864864864866,JapaneseVowels,1,10,10.0,24,216,guide=gpf | walk=aligned | guard,0.85,12,29,2.1999999999999997,64,2.0,rf,1.5012675427253512,0.07363705743160798,0.6324150478477814,0.421875,3.9,1.0,1.0,0.347,16.65,0.63
0.5384615384615384,0.7908627492150062,0.8003615948234846,0.9132172423636883,0.07578001743848468,0.07105214537271139,JapaneseVowels,1,10,10.0,24,216,guide=gpf | walk=aligned | guard,0.85,12,29,2.1999999999999997,64,2.0,ridge,1.5012675427253512,0.07363705743160798,0.6324150478477814,0.421875,3.9,1.0,1.0,0.347,16.65,0.63
0.53125,0.7228447412379048,0.7505947283280997,0.9257303263869063,0.061270990990991,0.09180180180180181,JapaneseVowels,1,10,10.0,24,216,guide=sig | walk=aligned,0.85,12,29,2.1999999999999997,64,2.0,rf,6.549043405025987,0.09578499811153052,10.293568319990042,0.39705882352941174,2.3,0.0,,,,
0.5,0.7183549789105442,0.7446950233133505,0.903035493386621,0.06660272923796415,0.054244112058055335,JapaneseVowels,1,10,10.0,24,216,guide=sig | walk=aligned,0.85,12,29,2.1999999999999997,64,2.0,ridge,6.549043405025987,0.09578499811153052,10.293568319990042,0.39705882352941174,2.3,0.0,,,,
0.5454545454545454,0.7426488149499467,0.7652488343324769,0.9208297649633647,0.0638703903903904,0.09787387387387386,JapaneseVowels,1,10,10.0,24,216,guide=sig | walk=aligned | guard,0.85,12,29,2.1999999999999997,64,2.0,rf,1.872148765122354,0.07541832817050043,0.9378669722451096,0.39705882352941174,3.7,1.0,1.0,0.441,10.29,0.94
0.417910447761194,0.6498497451080919,0.6933580740317823,0.8550766010086591,0.07408389915785125,0.058903929302599974,JapaneseVowels,1,10,10.0,24,216,guide=sig | walk=aligned | guard,0.85,12,29,2.1999999999999997,64,2.0,ridge,1.872148765122354,0.07541832817050043,0.9378669722451096,0.39705882352941174,3.7,1.0,1.0,0.441,10.29,0.94
0.17142857142857143,0.31062634136676054,0.5469121705205062,0.9113141117137693,0.05167894894894895,0.02613513513513513,JapaneseVowels,1,20,20.0,12,228,none,0.85,12,29,2.0,64,2.0,rf,,,,,,,,,,
0.4,0.5603718026780561,0.6480159862974593,0.8561233228661148,0.06851842041233559,0.06734485289668032,JapaneseVowels,1,20,20.0,12,228,none,0.85,12,29,2.0,64,2.0,ridge,,,,,,,,,,
0.5925925925925926,0.710965189456219,0.7477400323532211,0.8811970691787991,0.05657123123123123,0.05504504504504505,JapaneseVowels,1,20,20.0,12,228,SMOTE-raw,0.85,12,29,2.0,64,2.0,rf,1.9307031111290378,0.06780374588963578,0.5442139995218425,,,,,,,
0.43333333333333335,0.6321093892282559,0.6860785992958417,0.7772385574269673,0.08144447111847901,0.0649731267446654,JapaneseVowels,1,20,20.0,12,228,SMOTE-raw,0.85,12,29,2.0,64,2.0,ridge,1.9307031111290378,0.06780374588963578,0.5442139995218425,,,,,,,
0.3333333333333333,0.47237915777796174,0.6070035207917023,0.9179274907222381,0.05016546546546548,0.02882882882882883,JapaneseVowels,1,20,20.0,12,228,guide=gpf | walk=plain,0.85,12,29,2.0,64,2.0,rf,29.181185094609095,0.3888361115874458,4.637279933913434,0.35625,2.1,0.0,,,,
0.35555555555555557,0.5034848583316348,0.6201827005423922,0.9057950328290035,0.05883308765665826,0.046180139412262185,JapaneseVowels,1,20,20.0,12,228,guide=gpf | walk=plain,0.85,12,29,2.0,64,2.0,ridge,29.181185094609095,0.3888361115874458,4.637279933913434,0.35625,2.1,0.0,,,,
0.4186046511627907,0.5364264667853093,0.6407365115615187,0.9217813302883244,0.04899696696696697,0.05303603603603604,JapaneseVowels,1,20,20.0,12,228,guide=gpf | walk=plain | guard,0.85,12,29,2.0,64,2.0,rf,8.151913904677219,0.21137977467629832,1.1675459755467197,0.35625,3.5,1.0,1.0,0.657,4.64,1.17
0.5283018867924528,0.6640447060147828,0.7140070415834047,0.9043676848415644,0.05665321377804502,0.040592951355619536,JapaneseVowels,1,20,20.0,12,228,guide=gpf | walk=plain | guard,0.85,12,29,2.0,64,2.0,ridge,8.151913904677219,0.21137977467629832,1.1675459755467197,0.35625,3.5,1.0,1.0,0.657,4.64,1.17
0.34146341463414637,0.4730836759289927,0.6084784470453897,0.9219716433533163,0.050278618618618626,0.027639639639639637,JapaneseVowels,1,20,20.0,12,228,guide=gpf | walk=aligned,0.85,12,29,2.0,64,2.0,rf,28.866686182370078,0.3787843954760335,4.903282811334158,0.35625,2.2,0.0,,,,
0.36363636363636365,0.5042402748979835,0.6216576267960796,0.9082691026738986,0.05740775989908292,0.04036484019918167,JapaneseVowels,1,20,20.0,12,228,guide=gpf | walk=aligned,0.85,12,29,2.0,64,2.0,ridge,28.866686182370078,0.3787843954760335,4.903282811334158,0.35625,2.2,0.0,,,,
0.43478260869565216,0.563757765832536,0.6539156913122086,0.9286326006280331,0.04917246246246246,0.036513513513513514,JapaneseVowels,1,20,20.0,12,228,guide=gpf | walk=aligned | guard,0.85,12,29,2.0,64,2.0,rf,7.4148270119410284,0.1976273732174204,1.1608090412540837,0.35625,3.3,1.0,1.0,0.639,4.9,1.16
0.5384615384615384,0.6650470382169992,0.7154819678370921,0.9012275192691979,0.05714674329070122,0.04611010218138358,JapaneseVowels,1,20,20.0,12,228,guide=gpf | walk=aligned | guard,0.85,12,29,2.0,64,2.0,ridge,7.4148270119410284,0.1976273732174204,1.1608090412540837,0.35625,3.3,1.0,1.0,0.639,4.9,1.16
0.48148148148148145,0.6379533599607444,0.6949281568179656,0.9077933200114188,0.05258684684684684,0.04974774774774775,JapaneseVowels,1,20,20.0,12,228,guide=sig | walk=aligned,0.85,12,29,2.0,64,2.0,rf,8.107730936283698,0.1291165933856938,5.6660243527231335,0.35625,0.7,0.0,,,,
0.5714285714285714,0.70882049319884,0.7447901798458464,0.8838138738224379,0.054525043226576086,0.0451587211411009,JapaneseVowels,1,20,20.0,12,228,guide=sig | walk=aligned,0.85,12,29,2.0,64,2.0,ridge,8.107730936283698,0.1291165933856938,5.6660243527231335,0.35625,0.7,0.0,,,,
0.5357142857142857,0.6852718350169822,0.7271862213340946,0.8934722618707774,0.05618138138138139,0.04713513513513514,JapaneseVowels,1,20,20.0,12,228,guide=sig | walk=aligned | guard,0.85,12,29,2.0,64,2.0,rf,2.1269849418305427,0.06588066463172382,0.92117644206295,0.35625,2.1,1.0,1.0,0.594,5.67,0.92
0.53125,0.7228447412379048,0.7505947283280997,0.8595489580359692,0.06482909746721842,0.06288485012156356,JapaneseVowels,1,20,20.0,12,228,guide=sig | walk=aligned | guard,0.85,12,29,2.0,64,2.0,ridge,2.1269849418305427,0.06588066463172382,0.92117644206295,0.35625,2.1,1.0,1.0,0.594,5.67,0.92
0.4528301886792453,0.6129257624655972,0.678799124559901,0.9118374726424969,0.05319933933933934,0.053297297297297305,JapaneseVowels,2,5,8.0,30,210,none,0.85,12,29,2.0,64,2.0,rf,,,,,,,,,,
0.5301204819277109,0.8042848425200538,0.8105909220668,0.9049386240365401,0.08262920038293015,0.08068194359509523,JapaneseVowels,2,5,8.0,30,210,none,0.85,12,29,2.0,64,2.0,ridge,,,,,,,,,,
0.5252525252525253,0.8572040270167722,0.8574079360548101,0.9252069654581787,0.09078339339339338,0.16281981981981983,JapaneseVowels,2,5,8.0,30,210,SMOTE-raw,0.85,12,29,2.0,64,2.0,rf,1.8556608727298567,0.08303926863503852,0.494080240970078,,,,,,,
0.4731182795698925,0.7911634918007767,0.7958416595299267,0.885812161004853,0.11864073781004911,0.12470119858754708,JapaneseVowels,2,5,8.0,30,210,SMOTE-raw,0.85,12,29,2.0,64,2.0,ridge,1.8556608727298567,0.08303926863503852,0.494080240970078,,,,,,,
0.5588235294117647,0.7618134231508623,0.7799029403368541,0.9161195166048148,0.06293846846846848,0.0675045045045045,JapaneseVowels,2,5,8.0,30,210,guide=gpf | walk=plain,0.85,12,29,2.0,64,2.0,rf,11.086141052155739,0.20328745925729097,4.986583147195848,0.34539473684210525,1.1,0.0,,,,
0.5633802816901409,0.7791653722568774,0.793082120087544,0.918165382053478,0.059697677168655094,0.05076698093959037,JapaneseVowels,2,5,8.0,30,210,guide=gpf | walk=plain,0.85,12,29,2.0,64,2.0,ridge,11.086141052155739,0.20328745925729097,4.986583147195848,0.34539473684210525,1.1,0.0,,,,
0.4888888888888889,0.7951226332479353,0.8002664382909888,0.9208297649633648,0.08009876876876877,0.12424324324324326,JapaneseVowels,2,5,8.0,30,210,guide=gpf | walk=plain | guard,0.85,12,29,2.0,64,2.0,rf,1.263277390641548,0.03922752593169876,1.1452233345373624,0.34539473684210525,2.5,1.0,1.0,0.633,4.99,1.15
0.5411764705882353,0.821029156730351,0.8252450280711772,0.9141688076886478,0.08325178210988245,0.09332257247864473,JapaneseVowels,2,5,8.0,30,210,guide=gpf | walk=plain | guard,0.85,12,29,2.0,64,2.0,ridge,1.263277390641548,0.03922752593169876,1.1452233345373624,0.34539473684210525,2.5,1.0,1.0,0.633,4.99,1.15
0.5263157894736842,0.7730349436310124,0.7857074888191073,0.9128841944999524,0.06653963963963964,0.07947747747747749,JapaneseVowels,2,5,8.0,30,210,guide=gpf | walk=aligned,0.85,12,29,2.0,64,2.0,rf,10.041242607925746,0.18739605514290192,5.820365949806046,0.34539473684210525,2.6,0.0,,,,
0.5757575757575758,0.7641829885097424,0.7828527928442288,0.9209249214958607,0.05778947287750205,0.04580726633859243,JapaneseVowels,2,5,8.0,30,210,guide=gpf | walk=aligned,0.85,12,29,2.0,64,2.0,ridge,10.041242607925746,0.18739605514290192,5.820365949806046,0.34539473684210525,2.6,0.0,,,,
0.4897959183673469,0.8221873307533207,0.8236749452849939,0.9199733561709011,0.0874623123123123,0.13746846846846847,JapaneseVowels,2,5,8.0,30,210,guide=gpf | walk=aligned | guard,0.85,12,29,2.0,64,2.0,rf,0.7693442832142381,0.027044259152763206,1.0334543485981154,0.34539473684210525,4.1,1.0,1.0,0.586,5.82,1.03
0.5274725274725275,0.8318523332362486,0.833999429060805,0.9261585307831383,0.08825333370905125,0.09463419622890132,JapaneseVowels,2,5,8.0,30,210,guide=gpf | walk=aligned | guard,0.85,12,29,2.0,64,2.0,ridge,0.7693442832142381,0.027044259152763206,1.0334543485981154,0.34539473684210525,4.1,1.0,1.0,0.586,5.82,1.03
0.5591397849462365,0.8658193593372351,0.866257493576934,0.933390427252831,0.09295327327327327,0.17610810810810812,JapaneseVowels,2,5,8.0,30,210,guide=sig | walk=aligned,0.85,12,29,2.0,64,2.0,rf,1.783003903054972,0.04338466486538406,4.0685562391535965,0.3125,2.7,0.0,,,,
0.4752475247524752,0.8180102300775716,0.8192501665239318,0.9156913122085831,0.10073643507525125,0.1340421240321928,JapaneseVowels,2,5,8.0,30,210,guide=sig | walk=aligned,0.85,12,29,2.0,64,2.0,ridge,1.783003903054972,0.04338466486538406,4.0685562391535965,0.3125,2.7,0.0,,,,
0.5360824742268041,0.860085393216023,0.8603577885621848,0.9250166523931869,0.1000257057057057,0.19255855855855855,JapaneseVowels,2,5,8.0,30,210,guide=sig | walk=aligned | guard,0.85,12,29,2.0,64,2.0,rf,1.716920294335143,0.0759004733058748,1.1762291338937096,0.3125,4.0,1.0,1.0,0.701,4.07,1.18
0.4230769230769231,0.7764739466938838,0.7796174707393663,0.8936149966695214,0.10932846597470539,0.13126486540678703,JapaneseVowels,2,5,8.0,30,210,guide=sig | walk=aligned | guard,0.85,12,29,2.0,64,2.0,ridge,1.716920294335143,0.0759004733058748,1.1762291338937096,0.3125,4.0,1.0,1.0,0.701,4.07,1.18
0.46808510638297873,0.5912741330298001,0.6700447235702731,0.909363402797602,0.05004321321321322,0.03179279279279279,JapaneseVowels,2,10,10.0,24,216,none,0.85,12,29,2.0,64,2.0,rf,,,,,,,,,,
0.5428571428571428,0.7594364643984304,0.7769530878294795,0.9057950328290038,0.07180891384335301,0.06976308187974117,JapaneseVowels,2,10,10.0,24,216,none,0.85,12,29,2.0,64,2.0,ridge,,,,,,,,,,
0.5681818181818182,0.854591356676664,0.8560281663336188,0.9149776382148634,0.08170324324324324,0.13616216216216215,JapaneseVowels,2,10,10.0,24,216,SMOTE-raw,0.85,12,29,2.0,64,2.0,rf,1.970662830061034,0.09170555288805338,0.46617297861801543,,,,,,,
0.4523809523809524,0.7425847465535931,0.7563041202778571,0.8344276334570369,0.10061091787266079,0.0970757006864103,JapaneseVowels,2,10,10.0,24,216,SMOTE-raw,0.85,12,29,2.0,64,2.0,ridge,1.970662830061034,0.09170555288805338,0.46617297861801543,,,,,,,
0.53125,0.7228447412379048,0.7505947283280997,0.915976781806071,0.057563243243243245,0.057297297297297295,JapaneseVowels,2,10,10.0,24,216,guide=gpf | walk=plain,0.85,12,29,2.0,64,2.0,rf,12.428068947454374,0.2313031157253096,4.986088336811472,0.375,1.7,0.0,,,,
0.5671641791044776,0.7629991256942945,0.7813778665905414,0.928918070225521,0.05693561953424295,0.03954407053825674,JapaneseVowels,2,10,10.0,24,216,guide=gpf | walk=plain,0.85,12,29,2.0,64,2.0,ridge,12.428068947454374,0.2313031157253096,4.986088336811472,0.375,1.7,0.0,,,,
0.5641025641025641,0.8107658888249203,0.8179655533352365,0.9221143781520602,0.06643546546546547,0.09197297297297298,JapaneseVowels,2,10,10.0,24,216,guide=gpf | walk=plain | guard,0.85,12,29,2.0,64,2.0,rf,1.8456873818867834,0.0651671018058061,1.1174796772080464,0.375,3.2,1.0,1.0,0.633,4.99,1.12
0.5352112676056338,0.7582451907797142,0.7754781615757922,0.9262536873156343,0.07098525479741286,0.06032176419757221,JapaneseVowels,2,10,10.0,24,216,guide=gpf | walk=plain | guard,0.85,12,29,2.0,64,2.0,ridge,1.8456873818867834,0.0651671018058061,1.1174796772080464,0.375,3.2,1.0,1.0,0.633,4.99,1.12
0.4931506849315068,0.7345321907527741,0.7549243505566657,0.9108383290512894,0.06268357357357357,0.06811711711711713,JapaneseVowels,2,10,10.0,24,216,guide=gpf | walk=aligned,0.85,12,29,2.0,64,2.0,rf,12.943060732585327,0.21082152364347628,8.423824769997164,0.375,2.5,0.0,,,,
0.5454545454545454,0.7426488149499467,0.7652488343324769,0.9302502616804643,0.05373971579994496,0.038375760273067,JapaneseVowels,2,10,10.0,24,216,guide=gpf | walk=aligned,0.85,12,29,2.0,64,2.0,ridge,12.943060732585327,0.21082152364347628,8.423824769997164,0.375,2.5,0.0,,,,
0.5176470588235295,0.8016777535130221,0.8076410695594253,0.9122180987724807,0.0745392792792793,0.11282882882882884,JapaneseVowels,2,10,10.0,24,216,guide=gpf | walk=aligned | guard,0.85,12,29,2.0,64,2.0,rf,1.0838639588702321,0.04522130841289307,0.8626572778665595,0.375,4.0,1.0,1.0,0.487,8.42,0.86
0.5128205128205128,0.77056911615686,0.7827576363117328,0.911504424778761,0.08284170136471601,0.07197646491261435,JapaneseVowels,2,10,10.0,24,216,guide=gpf | walk=aligned | guard,0.85,12,29,2.0,64,2.0,ridge,1.0838639588702321,0.04522130841289307,0.8626572778665595,0.375,4.0,1.0,1.0,0.487,8.42,0.86
0.5882352941176471,0.8587567332159077,0.8604529450946807,0.9292986963555048,0.08056891891891892,0.13624324324324324,JapaneseVowels,2,10,10.0,24,216,guide=sig | walk=aligned,0.85,12,29,2.0,64,2.0,rf,3.1690994374204315,0.049612159198712535,14.195800318209509,0.29347826086956524,1.8,0.0,,,,
0.5333333333333333,0.7742649124973453,0.7871824150727947,0.868398515558093,0.07035297633071981,0.06397357780740275,JapaneseVowels,2,10,10.0,24,216,guide=sig | walk=aligned,0.85,12,29,2.0,64,2.0,ridge,3.1690994374204315,0.049612159198712535,14.195800318209509,0.29347826086956524,1.8,0.0,,,,
0.5121951219512195,0.7857930639591174,0.7944618898087353,0.9077933200114188,0.08275096096096096,0.14110810810810814,JapaneseVowels,2,10,10.0,24,216,guide=sig | walk=aligned | guard,0.85,12,29,2.0,64,2.0,rf,2.1086739941243415,0.1013565724669574,0.7138348203238233,0.29347826086956524,3.1,1.0,1.0,0.375,14.2,0.71
0.45977011494252873,0.7593738123779963,0.7694833000285469,0.8379484251593872,0.09793951034155536,0.09510036269913213,JapaneseVowels,2,10,10.0,24,216,guide=sig | walk=aligned | guard,0.85,12,29,2.0,64,2.0,ridge,2.1086739941243415,0.1013565724669574,0.7138348203238233,0.29347826086956524,3.1,1.0,1.0,0.375,14.2,0.71
0.17647058823529413,0.3110855084191276,0.5483870967741935,0.9039394804453326,0.0564051051051051,0.02632432432432432,JapaneseVowels,2,20,20.0,12,228,none,0.85,12,29,2.0,64,2.0,rf,,,,,,,,,,
0.35294117647058826,0.5300019659662233,0.6289371015320202,0.8952326577219526,0.07127578729616503,0.07711768097271171,JapaneseVowels,2,20,20.0,12,228,none,0.85,12,29,2.0,64,2.0,ridge,,,,,,,,,,
0.47058823529411764,0.695813507586209,0.7270910648015987,0.9013226758016938,0.07212258258258258,0.10158558558558559,JapaneseVowels,2,20,20.0,12,228,SMOTE-raw,0.85,12,29,2.0,64,2.0,rf,1.773931301860145,0.07324060652148934,0.43193328915962353,,,,,,,
0.34210526315789475,0.6162545912132094,0.6624797792368446,0.6797982681511086,0.11854293375162368,0.12781786033417103,JapaneseVowels,2,20,20.0,12,228,SMOTE-raw,0.85,12,29,2.0,64,2.0,ridge,1.773931301860145,0.07324060652148934,0.43193328915962353,,,,,,,
0.3333333333333333,0.47237915777796174,0.6070035207917023,0.9011323627367018,0.05459660660660661,0.02921621621621621,JapaneseVowels,2,20,20.0,12,228,guide=gpf | walk=plain,0.85,12,29,2.0,64,2.0,rf,27.781212412576213,0.3744524628991228,5.063951847506751,0.3958333333333333,0.8,0.0,,,,
0.48,0.615713915275502,0.683223903320963,0.9126463031687125,0.05877108381185374,0.04964176983528404,JapaneseVowels,2,20,20.0,12,228,guide=gpf | walk=plain,0.85,12,29,2.0,64,2.0,ridge,27.781212412576213,0.3744524628991228,5.063951847506751,0.3958333333333333,0.8,0.0,,,,
0.5,0.6610285903207433,0.7095822628223427,0.8934722618707774,0.0565212912912913,0.04604504504504505,JapaneseVowels,2,20,20.0,12,228,guide=gpf | walk=plain | guard,0.85,12,29,2.0,64,2.0,rf,5.635045748625615,0.1596359813606556,0.9721341390382607,0.3958333333333333,2.2,1.0,1.0,0.628,5.06,0.97
0.38596491228070173,0.5823554600204128,0.6552954610334,0.8995147016842706,0.07407855012677524,0.07739538628206341,JapaneseVowels,2,20,20.0,12,228,guide=gpf | walk=plain | guard,0.85,12,29,2.0,64,2.0,ridge,5.635045748625615,0.1596359813606556,0.9721341390382607,0.3958333333333333,2.2,1.0,1.0,0.628,5.06,0.97
0.3829787234042553,0.5332238920921644,0.6348368065467694,0.8963269578456561,0.05449402402402403,0.018315315315315314,JapaneseVowels,2,20,20.0,12,228,guide=gpf | walk=aligned,0.85,12,29,2.0,64,2.0,rf,25.75130568901483,0.3199742903973428,5.845068478482669,0.296875,2.8,0.0,,,,
0.425531914893617,0.5629131844356934,0.6524407650585212,0.903130649919117,0.0620546251990493,0.05565799111579577,JapaneseVowels,2,20,20.0,12,228,guide=gpf | walk=aligned,0.85,12,29,2.0,64,2.0,ridge,25.75130568901483,0.3199742903973428,5.845068478482669,0.296875,2.8,0.0,,,,
0.5538461538461539,0.7438011024000216,0.7667237605861643,0.9147873251498715,0.061219489489489486,0.06743243243243245,JapaneseVowels,2,20,20.0,12,228,guide=gpf | walk=aligned | guard,0.85,12,29,2.0,64,2.0,rf,3.4901607852182117,0.09886629705234729,0.9099938314969049,0.296875,4.0,1.0,1.0,0.585,5.85,0.91
0.4722222222222222,0.7138369782491262,0.7387953182986011,0.9005614235417261,0.07708926630646339,0.07595375332459943,JapaneseVowels,2,20,20.0,12,228,guide=gpf | walk=aligned | guard,0.85,12,29,2.0,64,2.0,ridge,3.4901607852182117,0.09886629705234729,0.9099938314969049,0.296875,4.0,1.0,1.0,0.585,5.85,0.91
0.5172413793103449,0.6831857667521063,0.7242363688267199,0.905128937101532,0.05684714714714715,0.05257657657657658,JapaneseVowels,2,20,20.0,12,228,guide=sig | walk=aligned,0.85,12,29,2.0,64,2.0,rf,15.38395172523045,0.21582343604664445,5.550891052048646,0.10477941176470588,5.6,0.0,,,,
0.36666666666666664,0.5796530999168555,0.650870682272338,0.88352840422495,0.0742413047542145,0.05781821888469228,JapaneseVowels,2,20,20.0,12,228,guide=sig | walk=aligned,0.85,12,29,2.0,64,2.0,ridge,15.38395172523045,0.21582343604664445,5.550891052048646,0.10477941176470588,5.6,0.0,,,,
0.5,0.7001760174550143,0.7329907698163478,0.9057474545627557,0.06367228228228228,0.06806306306306306,JapaneseVowels,2,20,20.0,12,228,guide=sig | walk=aligned | guard,0.85,12,29,2.0,64,2.0,rf,2.4314325630873093,0.07256309651074255,1.0531463422122493,0.10477941176470588,7.1,1.0,1.0,0.6,5.55,1.05
0.5428571428571428,0.7594364643984304,0.7769530878294795,0.8933295270720335,0.07193506989336616,0.06329497767890484,JapaneseVowels,2,20,20.0,12,228,guide=sig | walk=aligned | guard,0.85,12,29,2.0,64,2.0,ridge,2.4314325630873093,0.07256309651074255,1.0531463422122493,0.10477941176470588,7.1,1.0,1.0,0.6,5.55,1.05
0.9090909090909091,0.9128709291752769,0.9166666666666667,0.9990079365079365,0.011720432098765433,0.03261111111111111,Libras,0,5,14.0,12,156,none,0.841,2,45,2.0,64,2.0,rf,,,,,,,,,,
0.8571428571428571,0.8660254037844386,0.875,1.0,0.00809676946636225,0.018108782086494024,Libras,0,5,14.0,12,156,none,0.841,2,45,2.0,64,2.0,ridge,,,,,,,,,,
1.0,1.0,1.0,1.0,0.011879197530864196,0.053203703703703704,Libras,0,5,14.0,12,156,SMOTE-raw,0.841,2,45,2.0,64,2.0,rf,3.0654366470684966,0.1386567966255552,0.7178822223190814,,,,,,,
0.8461538461538461,0.948840144095737,0.9494047619047619,0.9910714285714285,0.016222870719472187,0.022545362906581885,Libras,0,5,14.0,12,156,SMOTE-raw,0.841,2,45,2.0,64,2.0,ridge,3.0654366470684966,0.1386567966255552,0.7178822223190814,,,,,,,
0.9090909090909091,0.9128709291752769,0.9166666666666667,0.9995039682539683,0.008574135802469136,0.0317962962962963,Libras,0,5,14.0,12,156,guide=gpf | walk=plain,0.841,2,45,2.0,64,2.0,rf,10.94042902364575,0.19748885866279753,5.264573037025729,0.6964285714285714,0.3,0.0,,,,
0.8695652173913043,0.9101499963594001,0.9136904761904763,0.9990079365079364,0.009859576196379536,0.022643313069844323,Libras,0,5,14.0,12,156,guide=gpf | walk=plain,0.841,2,45,2.0,64,2.0,ridge,10.94042902364575,0.19748885866279753,5.264573037025729,0.6964285714285714,0.3,0.0,,,,
0.9090909090909091,0.9128709291752769,0.9166666666666667,0.9970238095238095,0.014078765432098767,0.03588888888888889,Libras,0,5,14.0,12,156,guide=gpf | walk=plain | guard,0.841,2,45,2.0,64,2.0,rf,4.337693889618814,0.2066891180690369,1.2827352136714087,0.6964285714285714,1.3,1.0,1.0,0.616,5.26,1.28
0.9166666666666666,0.9545733693437699,0.9553571428571428,0.9940476190476191,0.011376960905808028,0.012272957193644529,Libras,0,5,14.0,12,156,guide=gpf | walk=plain | guard,0.841,2,45,2.0,64,2.0,ridge,4.337693889618814,0.2066891180690369,1.2827352136714087,0.6964285714285714,1.3,1.0,1.0,0.616,5.26,1.28
0.9565217391304348,0.9574271077563381,0.9583333333333333,1.0,0.007484814814814813,0.02918518518518519,Libras,0,5,14.0,12,156,guide=gpf | walk=aligned,0.841,2,45,2.0,64,2.0,rf,13.160882383242454,0.1958898967352476,15.667280081146403,0.5416666666666666,0.9,0.0,,,,
0.9166666666666666,0.9545733693437699,0.9553571428571428,0.9985119047619047,0.008495935844348523,0.017959269677489335,Libras,0,5,14.0,12,156,guide=gpf | walk=aligned,0.841,2,45,2.0,64,2.0,ridge,13.160882383242454,0.1958898967352476,15.667280081146403,0.5416666666666666,0.9,0.0,,,,
1.0,1.0,1.0,1.0,0.01314925925925926,0.06144444444444444,Libras,0,5,14.0,12,156,guide=gpf | walk=aligned | guard,0.841,2,45,2.0,64,2.0,rf,3.3534432110906938,0.13797939340412324,1.02514461483546,0.5416666666666666,1.7,1.0,1.0,0.357,15.67,1.03
0.8571428571428571,0.9880235200593537,0.9880952380952381,0.9975198412698413,0.014751866291957256,0.02401465444519509,Libras,0,5,14.0,12,156,guide=gpf | walk=aligned | guard,0.841,2,45,2.0,64,2.0,ridge,3.3534432110906938,0.13797939340412324,1.02514461483546,0.5416666666666666,1.7,1.0,1.0,0.357,15.67,1.03
0.96,0.9970193674385764,0.9970238095238095,1.0,0.006779259259259259,0.0334074074074074,Libras,0,5,14.0,12,156,guide=sig | walk=aligned,0.841,2,45,2.0,64,2.0,rf,7.572009441960519,0.15806518991106744,5.632088325570993,0.203125,2.1,0.0,,,,
0.9166666666666666,0.9545733693437699,0.9553571428571428,0.9975198412698413,0.010765563105616889,0.019768373715965657,Libras,0,5,14.0,12,156,guide=sig | walk=aligned,0.841,2,45,2.0,64,2.0,ridge,7.572009441960519,0.15806518991106744,5.632088325570993,0.203125,2.1,0.0,,,,
1.0,1.0,1.0,1.0,0.007560432098765432,0.04201851851851852,Libras,0,5,14.0,12,156,guide=sig | walk=aligned | guard,0.841,2,45,2.0,64,2.0,rf,2.955874557051237,0.09668294397758037,2.0025176774245392,0.203125,3.1,1.0,1.0,0.588,5.63,2.0
0.8695652173913043,0.9101499963594001,0.9136904761904763,0.9970238095238095,0.013624751554297276,0.023628623411886814,Libras,0,5,14.0,12,156,guide=sig | walk=aligned | guard,0.841,2,45,2.0,64,2.0,ridge,2.955874557051237,0.09668294397758037,2.0025176774245392,0.203125,3.1,1.0,1.0,0.588,5.63,2.0
0.9090909090909091,0.9128709291752769,0.9166666666666667,0.9990079365079365,0.01168537037037037,0.026685185185185183,Libras,0,10,14.0,12,156,none,0.841,2,45,1.7999999999999998,64,2.0,rf,,,,,,,,,,
0.8571428571428571,0.8660254037844386,0.875,1.0,0.008096769466362305,0.018108782086494135,Libras,0,10,14.0,12,156,none,0.841,2,45,1.7999999999999998,64,2.0,ridge,,,,,,,,,,
0.96,0.9970193674385764,0.9970238095238095,1.0,0.010511234567901234,0.05000000000000001,Libras,0,10,14.0,12,156,SMOTE-raw,0.841,2,45,1.7999999999999998,64,2.0,rf,2.8751690471553406,0.13645425266790534,0.6565680682134757,,,,,,,
0.8148148148148148,0.9459605012056633,0.9464285714285714,0.9950396825396824,0.016192341632001984,0.02199166550822668,Libras,0,10,14.0,12,156,SMOTE-raw,0.841,2,45,1.7999999999999998,64,2.0,ridge,2.8751690471553406,0.13645425266790534,0.6565680682134757,,,,,,,
0.9090909090909091,0.9128709291752769,0.9166666666666667,0.9995039682539684,0.0085308024691358,0.03283333333333333,Libras,0,10,14.0,12,156,guide=gpf | walk=plain,0.841,2,45,1.7999999999999998,64,2.0,rf,7.516648214240545,0.17488028034230974,2.7615776295910988,0.6964285714285714,0.5,0.0,,,,
0.8695652173913043,0.9101499963594001,0.9136904761904763,0.9985119047619048,0.00982159378292302,0.02109087759670697,Libras,0,10,14.0,12,156,guide=gpf | walk=plain,0.841,2,45,1.7999999999999998,64,2.0,ridge,7.516648214240545,0.17488028034230974,2.7615776295910988,0.6964285714285714,0.5,0.0,,,,
0.9565217391304348,0.9574271077563381,0.9583333333333333,0.9995039682539684,0.0100229012345679,0.03924074074074075,Libras,0,10,14.0,12,156,guide=gpf | walk=plain | guard,0.841,2,45,1.7999999999999998,64,2.0,rf,4.404183832907089,0.14170468466721642,1.6575616135281073,0.6964285714285714,1.4,1.0,1.0,0.851,2.76,1.66
0.8695652173913043,0.9101499963594001,0.9136904761904763,0.9970238095238095,0.010603491658241955,0.010208068923847468,Libras,0,10,14.0,12,156,guide=gpf | walk=plain | guard,0.841,2,45,1.7999999999999998,64,2.0,ridge,4.404183832907089,0.14170468466721642,1.6575616135281073,0.6964285714285714,1.4,1.0,1.0,0.851,2.76,1.66
1.0,1.0,1.0,1.0,0.006614691358024691,0.033,Libras,0,10,14.0,12,156,guide=gpf | walk=aligned,0.841,2,45,1.7999999999999998,64,2.0,rf,8.250859471791012,0.161698045985178,9.839032713613845,0.4875,0.7,0.0,,,,
0.9166666666666666,0.9545733693437699,0.9553571428571428,0.9985119047619047,0.009645982996190449,0.018756227266818342,Libras,0,10,14.0,12,156,guide=gpf | walk=aligned,0.841,2,45,1.7999999999999998,64,2.0,ridge,8.250859471791012,0.161698045985178,9.839032713613845,0.4875,0.7,0.0,,,,
1.0,1.0,1.0,1.0,0.011851790123456793,0.055055555555555566,Libras,0,10,14.0,12,156,guide=gpf | walk=aligned | guard,0.841,2,45,1.7999999999999998,64,2.0,rf,2.9105978824987506,0.1161928357061549,1.1363476147902196,0.4875,1.6,1.0,1.0,0.451,9.84,1.14
0.8888888888888888,0.9910312089651149,0.9910714285714286,0.9975198412698413,0.014430919021533272,0.027586480288957792,Libras,0,10,14.0,12,156,guide=gpf | walk=aligned | guard,0.841,2,45,1.7999999999999998,64,2.0,ridge,2.9105978824987506,0.1161928357061549,1.1363476147902196,0.4875,1.6,1.0,1.0,0.451,9.84,1.14
1.0,1.0,1.0,1.0,0.005686049382716048,0.03133333333333333,Libras,0,10,14.0,12,156,guide=sig | walk=aligned,0.841,2,45,1.7999999999999998,64,2.0,rf,5.413016972952123,0.14293554123276386,3.9915896881427795,0.203125,2.0,0.0,,,,
0.9166666666666666,0.9545733693437699,0.9553571428571428,0.998015873015873,0.011207543690372058,0.02093671371427834,Libras,0,10,14.0,12,156,guide=sig | walk=aligned,0.841,2,45,1.7999999999999998,64,2.0,ridge,5.413016972952123,0.14293554123276386,3.9915896881427795,0.203125,2.0,0.0,,,,
1.0,1.0,1.0,1.0,0.006813827160493826,0.03559259259259259,Libras,0,10,14.0,12,156,guide=sig | walk=aligned | guard,0.841,2,45,1.7999999999999998,64,2.0,rf,2.9021917417617384,0.09759952821338491,2.0014572126065007,0.203125,3.0,1.0,1.0,0.685,3.99,2.0
0.9166666666666666,0.9545733693437699,0.9553571428571428,0.998015873015873,0.011084345488608477,0.020520601607678754,Libras,0,10,14.0,12,156,guide=sig | walk=aligned | guard,0.841,2,45,1.7999999999999998,64,2.0,ridge,2.9021917417617384,0.09759952821338491,2.0014572126065007,0.203125,3.0,1.0,1.0,0.685,3.99,2.0
0.8,0.816496580927726,0.8333333333333333,0.9990079365079365,0.014693333333333334,0.02988888888888889,Libras,0,20,21.0,8,160,none,0.841,2,45,1.5999999999999999,64,2.0,rf,,,,,,,,,,
0.9090909090909091,0.9128709291752769,0.9166666666666667,1.0,0.009378712353989592,0.009593191194509087,Libras,0,20,21.0,8,160,none,0.841,2,45,1.5999999999999999,64,2.0,ridge,,,,,,,,,,
0.8333333333333334,0.9074209047695003,0.9107142857142858,0.996031746031746,0.016037716049382717,0.045092592592592594,Libras,0,20,21.0,8,160,SMOTE-raw,0.841,2,45,1.5999999999999999,64,2.0,rf,3.700299647096415,0.14637095344001405,0.6620316442996055,,,,,,,
0.8333333333333334,0.9074209047695003,0.9107142857142858,0.998015873015873,0.010582966500225237,0.01648752364393507,Libras,0,20,21.0,8,160,SMOTE-raw,0.841,2,45,1.5999999999999999,64,2.0,ridge,3.700299647096415,0.14637095344001405,0.6620316442996055,,,,,,,
0.9090909090909091,0.9128709291752769,0.9166666666666667,1.0,0.008243271604938273,0.03490740740740741,Libras,0,20,21.0,8,160,guide=gpf | walk=plain,0.841,2,45,1.5999999999999999,64,2.0,rf,8.834609560676427,0.2590228313468024,1.2754221412091455,0.5,0.7,0.0,,,,
0.8695652173913043,0.9101499963594001,0.9136904761904763,0.9990079365079364,0.009513310784404054,0.017295174615325388,Libras,0,20,21.0,8,160,guide=gpf | walk=plain,0.841,2,45,1.5999999999999999,64,2.0,ridge,8.834609560676427,0.2590228313468024,1.2754221412091455,0.5,0.7,0.0,,,,
0.9090909090909091,0.9128709291752769,0.9166666666666667,1.0,0.008243271604938273,0.03490740740740741,Libras,0,20,21.0,8,160,guide=gpf | walk=plain | guard,0.841,2,45,1.5999999999999999,64,2.0,rf,8.834609560676427,0.2590228313468024,1.2754221412091455,0.5,1.5,1.0,0.0,1.0,1.28,1.28
0.8695652173913043,0.9101499963594001,0.9136904761904763,0.9990079365079364,0.009513310784404054,0.017295174615325388,Libras,0,20,21.0,8,160,guide=gpf | walk=plain | guard,0.841,2,45,1.5999999999999999,64,2.0,ridge,8.834609560676427,0.2590228313468024,1.2754221412091455,0.5,1.5,1.0,0.0,1.0,1.28,1.28
0.9565217391304348,0.9574271077563381,0.9583333333333333,1.0,0.004955308641975309,0.018851851851851856,Libras,0,20,21.0,8,160,guide=gpf | walk=aligned,0.841,2,45,1.5999999999999999,64,2.0,rf,6.691751044347335,0.1575193453114151,3.357188047233983,0.20833333333333334,1.1,0.0,,,,
0.9166666666666666,0.9545733693437699,0.9553571428571428,0.9990079365079365,0.0078910899740568,0.016115967414195166,Libras,0,20,21.0,8,160,guide=gpf | walk=aligned,0.841,2,45,1.5999999999999999,64,2.0,ridge,6.691751044347335,0.1575193453114151,3.357188047233983,0.20833333333333334,1.1,0.0,,,,
0.9565217391304348,0.9574271077563381,0.9583333333333333,1.0,0.004564753086419753,0.025166666666666667,Libras,0,20,21.0,8,160,guide=gpf | walk=aligned | guard,0.841,2,45,1.5999999999999999,64,2.0,rf,4.311708221346379,0.12178036052481023,1.9460587443600035,0.20833333333333334,2.0,1.0,1.0,0.772,3.36,1.95
0.9166666666666666,0.9545733693437699,0.9553571428571428,0.9990079365079364,0.008036006428567897,0.015608086790919264,Libras,0,20,21.0,8,160,guide=gpf | walk=aligned | guard,0.841,2,45,1.5999999999999999,64,2.0,ridge,4.311708221346379,0.12178036052481023,1.9460587443600035,0.20833333333333334,2.0,1.0,1.0,0.772,3.36,1.95
0.9090909090909091,0.9128709291752769,0.9166666666666667,0.998015873015873,0.010226975308641974,0.01727777777777778,Libras,0,20,21.0,8,160,guide=sig | walk=aligned,0.841,2,45,1.5999999999999999,64,2.0,rf,6.357653931004776,0.2031911271124155,1.7318698479980383,0.45454545454545453,0.6,0.0,,,,
0.9090909090909091,0.9128709291752769,0.9166666666666667,0.9990079365079365,0.008573375702504573,0.015048691706175555,Libras,0,20,21.0,8,160,guide=sig | walk=aligned,0.841,2,45,1.5999999999999999,64,2.0,ridge,6.357653931004776,0.2031911271124155,1.7318698479980383,0.45454545454545453,0.6,0.0,,,,
0.9090909090909091,0.9128709291752769,0.9166666666666667,0.998015873015873,0.010226975308641974,0.01727777777777778,Libras,0,20,21.0,8,160,guide=sig | walk=aligned | guard,0.841,2,45,1.5999999999999999,64,2.0,rf,6.357653931004776,0.2031911271124155,1.7318698479980383,0.45454545454545453,1.3,1.0,0.0,1.0,1.73,1.73
0.9090909090909091,0.9128709291752769,0.9166666666666667,0.9990079365079365,0.008573375702504573,0.015048691706175555,Libras,0,20,21.0,8,160,guide=sig | walk=aligned | guard,0.841,2,45,1.5999999999999999,64,2.0,ridge,6.357653931004776,0.2031911271124155,1.7318698479980383,0.45454545454545453,1.3,1.0,0.0,1.0,1.73,1.73
0.8571428571428571,0.8660254037844386,0.875,0.9990079365079366,0.013373518518518519,0.038462962962962956,Libras,1,5,14.0,12,156,none,0.841,2,45,2.0,64,2.0,rf,,,,,,,,,,
0.8571428571428571,0.8660254037844386,0.875,1.0,0.008096769466362215,0.018108782086493955,Libras,1,5,14.0,12,156,none,0.841,2,45,2.0,64,2.0,ridge,,,,,,,,,,
0.96,0.9970193674385764,0.9970238095238095,1.0,0.010123024691358026,0.04438888888888888,Libras,1,5,14.0,12,156,SMOTE-raw,0.841,2,45,2.0,64,2.0,rf,3.0534271980876984,0.14066928618063534,0.6402568613814626,,,,,,,
0.9166666666666666,0.9545733693437699,0.9553571428571428,0.9970238095238094,0.011639216951355048,0.024308421504158247,Libras,1,5,14.0,12,156,SMOTE-raw,0.841,2,45,2.0,64,2.0,ridge,3.0534271980876984,0.14066928618063534,0.6402568613814626,,,,,,,
0.9565217391304348,0.9574271077563381,0.9583333333333333,1.0,0.007448703703703705,0.028796296296296306,Libras,1,5,14.0,12,156,guide=gpf | walk=plain,0.841,2,45,2.0,64,2.0,rf,9.269699102000887,0.1987295552312135,3.9343862816321336,0.6964285714285714,0.4,0.0,,,,
0.8695652173913043,0.9101499963594001,0.9136904761904763,0.9985119047619048,0.009999333613537996,0.01847531169083338,Libras,1,5,14.0,12,156,guide=gpf | walk=plain,0.841,2,45,2.0,64,2.0,ridge,9.269699102000887,0.1987295552312135,3.9343862816321336,0.6964285714285714,0.4,0.0,,,,
0.9565217391304348,0.9574271077563381,0.9583333333333333,0.9990079365079365,0.012515061728395062,0.04288888888888889,Libras,1,5,14.0,12,156,guide=gpf | walk=plain | guard,0.841,2,45,2.0,64,2.0,rf,4.477418764851558,0.19607998817226868,1.4309877234449944,0.6964285714285714,1.1,1.0,1.0,0.713,3.93,1.43
0.9166666666666666,0.9545733693437699,0.9553571428571428,0.9985119047619047,0.009793392304958477,0.014967415726745934,Libras,1,5,14.0,12,156,guide=gpf | walk=plain | guard,0.841,2,45,2.0,64,2.0,ridge,4.477418764851558,0.19607998817226868,1.4309877234449944,0.6964285714285714,1.1,1.0,1.0,0.713,3.93,1.43
0.9565217391304348,0.9574271077563381,0.9583333333333333,1.0,0.007743333333333336,0.03462962962962963,Libras,1,5,14.0,12,156,guide=gpf | walk=aligned,0.841,2,45,2.0,64,2.0,rf,8.818789906677113,0.1675581967816464,14.516772137055353,0.4431818181818182,1.0,0.0,,,,
0.9166666666666666,0.9545733693437699,0.9553571428571428,0.9995039682539683,0.007292443664926596,0.022526718861370164,Libras,1,5,14.0,12,156,guide=gpf | walk=aligned,0.841,2,45,2.0,64,2.0,ridge,8.818789906677113,0.1675581967816464,14.516772137055353,0.4431818181818182,1.0,0.0,,,,
0.9565217391304348,0.9574271077563381,0.9583333333333333,0.9997519841269842,0.014278395061728396,0.05692592592592592,Libras,1,5,14.0,12,156,guide=gpf | walk=aligned | guard,0.841,2,45,2.0,64,2.0,rf,3.3123353978078303,0.1391096186716121,0.9415434170047735,0.4431818181818182,1.9,1.0,1.0,0.371,14.52,0.94
0.9230769230769231,0.9940297973880049,0.9940476190476191,0.998015873015873,0.012061035932835305,0.023955304573010414,Libras,1,5,14.0,12,156,guide=gpf | walk=aligned | guard,0.841,2,45,2.0,64,2.0,ridge,3.3123353978078303,0.1391096186716121,0.9415434170047735,0.4431818181818182,1.9,1.0,1.0,0.371,14.52,0.94
1.0,1.0,1.0,1.0,0.006483765432098766,0.032981481481481466,Libras,1,5,14.0,12,156,guide=sig | walk=aligned,0.841,2,45,2.0,64,2.0,rf,6.6860717977418265,0.14593643765435926,5.302731212891016,0.21195652173913043,1.4,0.0,,,,
0.88,0.9517110739368163,0.9523809523809523,0.9965277777777778,0.013088255066458113,0.02064011596449774,Libras,1,5,14.0,12,156,guide=sig | walk=aligned,0.841,2,45,2.0,64,2.0,ridge,6.6860717977418265,0.14593643765435926,5.302731212891016,0.21195652173913043,1.4,0.0,,,,
1.0,1.0,1.0,1.0,0.007492777777777778,0.039277777777777786,Libras,1,5,14.0,12,156,guide=sig | walk=aligned | guard,0.841,2,45,2.0,64,2.0,rf,2.9087590830397954,0.09388438885880235,1.9745033755467791,0.21195652173913043,2.2,1.0,1.0,0.614,5.3,1.97
0.8148148148148148,0.9459605012056633,0.9464285714285714,0.9970238095238095,0.01630500574503626,0.026707869429753242,Libras,1,5,14.0,12,156,guide=sig | walk=aligned | guard,0.841,2,45,2.0,64,2.0,ridge,2.9087590830397954,0.09388438885880235,1.9745033755467791,0.21195652173913043,2.2,1.0,1.0,0.614,5.3,1.97
0.9090909090909091,0.9128709291752769,0.9166666666666667,0.9990079365079365,0.011402283950617282,0.03461111111111111,Libras,1,10,14.0,12,156,none,0.841,2,45,2.0,64,2.0,rf,,,,,,,,,,
0.8571428571428571,0.8660254037844386,0.875,1.0,0.008096769466362353,0.01810878208649426,Libras,1,10,14.0,12,156,none,0.841,2,45,2.0,64,2.0,ridge,,,,,,,,,,
1.0,1.0,1.0,1.0,0.011948148148148147,0.05537037037037036,Libras,1,10,14.0,12,156,SMOTE-raw,0.841,2,45,2.0,64,2.0,rf,3.0319098446319916,0.1368222354074059,0.6914874164692069,,,,,,,
0.8148148148148148,0.9459605012056633,0.9464285714285714,0.990079365079365,0.016630360671929825,0.022771648553452636,Libras,1,10,14.0,12,156,SMOTE-raw,0.841,2,45,2.0,64,2.0,ridge,3.0319098446319916,0.1368222354074059,0.6914874164692069,,,,,,,
0.9565217391304348,0.9574271077563381,0.9583333333333333,1.0,0.0071127160493827165,0.035,Libras,1,10,14.0,12,156,guide=gpf | walk=plain,0.841,2,45,2.0,64,2.0,rf,9.66948387787029,0.20739501785337844,3.9159915245143484,0.609375,0.4,0.0,,,,
0.8695652173913043,0.9101499963594001,0.9136904761904763,0.9975198412698413,0.010629197609099505,0.010253483150322991,Libras,1,10,14.0,12,156,guide=gpf | walk=plain,0.841,2,45,2.0,64,2.0,ridge,9.66948387787029,0.20739501785337844,3.9159915245143484,0.609375,0.4,0.0,,,,
0.9565217391304348,0.9574271077563381,0.9583333333333333,0.9990079365079365,0.011532037037037037,0.04068518518518519,Libras,1,10,14.0,12,156,guide=gpf | walk=plain | guard,0.841,2,45,2.0,64,2.0,rf,4.020088414055726,0.1744935372683044,1.4400563281565975,0.609375,1.2,1.0,1.0,0.715,3.92,1.44
0.9166666666666666,0.9545733693437699,0.9553571428571428,0.9965277777777778,0.011087041339651039,0.017266875020030978,Libras,1,10,14.0,12,156,guide=gpf | walk=plain | guard,0.841,2,45,2.0,64,2.0,ridge,4.020088414055726,0.1744935372683044,1.4400563281565975,0.609375,1.2,1.0,1.0,0.715,3.92,1.44
0.9565217391304348,0.9574271077563381,0.9583333333333333,1.0,0.007818086419753087,0.02890740740740741,Libras,1,10,14.0,12,156,guide=gpf | walk=aligned,0.841,2,45,2.0,64,2.0,rf,11.508874478065396,0.18178077643878976,12.589325745931998,0.4431818181818182,1.0,0.0,,,,
0.9166666666666666,0.9545733693437699,0.9553571428571428,0.9985119047619048,0.007832378780002178,0.012853484759995402,Libras,1,10,14.0,12,156,guide=gpf | walk=aligned,0.841,2,45,2.0,64,2.0,ridge,11.508874478065396,0.18178077643878976,12.589325745931998,0.4431818181818182,1.0,0.0,,,,
0.96,0.9970193674385764,0.9970238095238095,1.0,0.01443037037037037,0.06548148148148147,Libras,1,10,14.0,12,156,guide=gpf | walk=aligned | guard,0.841,2,45,2.0,64,2.0,rf,3.4397762778125607,0.13971985326098535,1.0047424749459446,0.4431818181818182,1.9,1.0,1.0,0.399,12.59,1.0
0.8888888888888888,0.9910312089651149,0.9910714285714286,0.9975198412698413,0.015321243522130438,0.024186748724695048,Libras,1,10,14.0,12,156,guide=gpf | walk=aligned | guard,0.841,2,45,2.0,64,2.0,ridge,3.4397762778125607,0.13971985326098535,1.0047424749459446,0.4431818181818182,1.9,1.0,1.0,0.399,12.59,1.0
1.0,1.0,1.0,0.9999999999999999,0.00632851851851852,0.031259259259259264,Libras,1,10,14.0,12,156,guide=sig | walk=aligned,0.841,2,45,2.0,64,2.0,rf,6.258589517852792,0.14188858223788592,5.458507370940965,0.195,2.2,0.0,,,,
0.88,0.9517110739368163,0.9523809523809523,0.9965277777777778,0.013818274434297017,0.029445288668809758,Libras,1,10,14.0,12,156,guide=sig | walk=aligned,0.841,2,45,2.0,64,2.0,ridge,6.258589517852792,0.14188858223788592,5.458507370940965,0.195,2.2,0.0,,,,
0.96,0.9970193674385764,0.9970238095238095,1.0,0.009437592592592593,0.04457407407407407,Libras,1,10,14.0,12,156,guide=sig | walk=aligned | guard,0.841,2,45,2.0,64,2.0,rf,2.82850655268072,0.0938136193458452,2.0001806772949253,0.195,3.2,1.0,1.0,0.603,5.46,2.0
0.8461538461538461,0.948840144095737,0.9494047619047619,0.9950396825396826,0.01645241327457562,0.022340832017420466,Libras,1,10,14.0,12,156,guide=sig | walk=aligned | guard,0.841,2,45,2.0,64,2.0,ridge,2.82850655268072,0.0938136193458452,2.0001806772949253,0.195,3.2,1.0,1.0,0.603,5.46,2.0
0.6666666666666666,0.7071067811865476,0.75,0.9905753968253969,0.022218209876543212,0.032018518518518516,Libras,1,20,21.0,8,160,none,0.841,2,45,1.7999999999999998,64,2.0,rf,,,,,,,,,,
0.9090909090909091,0.9128709291752769,0.9166666666666667,0.9970238095238095,0.011874729973198911,0.016321274843766394,Libras,1,20,21.0,8,160,none,0.841,2,45,1.7999999999999998,64,2.0,ridge,,,,,,,,,,
0.7368421052631579,0.7637626158259734,0.7916666666666667,0.9935515873015873,0.018933703703703703,0.031,Libras,1,20,21.0,8,160,SMOTE-raw,0.841,2,45,1.7999999999999998,64,2.0,rf,4.463142345222739,0.21047839104748878,0.684088888374084,,,,,,,
0.9166666666666666,0.9545733693437699,0.9553571428571428,0.9985119047619048,0.008974401948019994,0.009420129074831871,Libras,1,20,21.0,8,160,SMOTE-raw,0.841,2,45,1.7999999999999998,64,2.0,ridge,4.463142345222739,0.21047839104748878,0.684088888374084,,,,,,,
0.8,0.816496580927726,0.8333333333333333,0.9950396825396824,0.014478641975308642,0.022444444444444444,Libras,1,20,21.0,8,160,guide=gpf | walk=plain,0.841,2,45,1.7999999999999998,64,2.0,rf,7.066037120044573,0.25781661755500196,1.6504188913825122,0.7142857142857143,0.4,0.0,,,,
0.8695652173913043,0.9101499963594001,0.9136904761904763,0.9980158730158729,0.013182057094566674,0.01581788973107103,Libras,1,20,21.0,8,160,guide=gpf | walk=plain,0.841,2,45,1.7999999999999998,64,2.0,ridge,7.066037120044573,0.25781661755500196,1.6504188913825122,0.7142857142857143,0.4,0.0,,,,
0.8,0.816496580927726,0.8333333333333333,0.9950396825396824,0.014478641975308642,0.022444444444444444,Libras,1,20,21.0,8,160,guide=gpf | walk=plain | guard,0.841,2,45,1.7999999999999998,64,2.0,rf,7.066037120044573,0.25781661755500196,1.6504188913825122,0.7142857142857143,1.1,1.0,0.0,1.0,1.65,1.65
0.8695652173913043,0.9101499963594001,0.9136904761904763,0.9980158730158729,0.013182057094566674,0.01581788973107103,Libras,1,20,21.0,8,160,guide=gpf | walk=plain | guard,0.841,2,45,1.7999999999999998,64,2.0,ridge,7.066037120044573,0.25781661755500196,1.6504188913825122,0.7142857142857143,1.1,1.0,0.0,1.0,1.65,1.65
0.9090909090909091,0.9128709291752769,0.9166666666666667,0.9970238095238095,0.008083333333333333,0.017703703703703708,Libras,1,20,21.0,8,160,guide=gpf | walk=aligned,0.841,2,45,1.7999999999999998,64,2.0,rf,9.007654829610988,0.21913477754984445,5.6124226481801225,0.4166666666666667,1.1,0.0,,,,
0.8695652173913043,0.9101499963594001,0.9136904761904763,0.9985119047619049,0.011887029153927187,0.012787353462669506,Libras,1,20,21.0,8,160,guide=gpf | walk=aligned,0.841,2,45,1.7999999999999998,64,2.0,ridge,9.007654829610988,0.21913477754984445,5.6124226481801225,0.4166666666666667,1.1,0.0,,,,
0.9565217391304348,0.9574271077563381,0.9583333333333333,0.9970238095238095,0.012175740740740744,0.03687037037037037,Libras,1,20,21.0,8,160,guide=gpf | walk=aligned | guard,0.841,2,45,1.7999999999999998,64,2.0,rf,5.223167497783081,0.21360340513180387,1.4068017107073867,0.4166666666666667,1.9,1.0,1.0,0.597,5.61,1.41
0.9166666666666666,0.9545733693437699,0.9553571428571428,0.9970238095238095,0.009766882611025604,0.01162463819844713,Libras,1,20,21.0,8,160,guide=gpf | walk=aligned | guard,0.841,2,45,1.7999999999999998,64,2.0,ridge,5.223167497783081,0.21360340513180387,1.4068017107073867,0.4166666666666667,1.9,1.0,1.0,0.597,5.61,1.41
0.9090909090909091,0.9128709291752769,0.9166666666666667,1.0,0.009151543209876543,0.0270925925925926,Libras,1,20,21.0,8,160,guide=sig | walk=aligned,0.841,2,45,1.7999999999999998,64,2.0,rf,11.952377966044466,0.3265282933011896,3.29171319835477,0.18518518518518517,1.8,0.0,,,,
0.9090909090909091,0.9128709291752769,0.9166666666666667,0.9975198412698413,0.011152492302755976,0.01334298777291314,Libras,1,20,21.0,8,160,guide=sig | walk=aligned,0.841,2,45,1.7999999999999998,64,2.0,ridge,11.952377966044466,0.3265282933011896,3.29171319835477,0.18518518518518517,1.8,0.0,,,,
0.9090909090909091,0.9128709291752769,0.9166666666666667,0.9970238095238095,0.010488518518518519,0.017481481481481483,Libras,1,20,21.0,8,160,guide=sig | walk=aligned | guard,0.841,2,45,1.7999999999999998,64,2.0,rf,8.268986527235167,0.27615375287573907,1.8062670778611114,0.18518518518518517,2.7,1.0,1.0,0.779,3.29,1.81
0.9090909090909091,0.9128709291752769,0.9166666666666667,0.9965277777777779,0.010487773508817086,0.011794134534182765,Libras,1,20,21.0,8,160,guide=sig | walk=aligned | guard,0.841,2,45,1.7999999999999998,64,2.0,ridge,8.268986527235167,0.27615375287573907,1.8062670778611114,0.18518518518518517,2.7,1.0,1.0,0.779,3.29,1.81
0.9090909090909091,0.9128709291752769,0.9166666666666667,0.9990079365079365,0.01134777777777778,0.038259259259259264,Libras,2,5,14.0,12,156,none,0.841,2,45,2.0,64,2.0,rf,,,,,,,,,,
0.8571428571428571,0.8660254037844386,0.875,1.0,0.008096769466362357,0.018108782086494253,Libras,2,5,14.0,12,156,none,0.841,2,45,2.0,64,2.0,ridge,,,,,,,,,,
0.96,0.9970193674385764,0.9970238095238095,1.0,0.011896543209876542,0.04922222222222222,Libras,2,5,14.0,12,156,SMOTE-raw,0.841,2,45,2.0,64,2.0,rf,2.928297969848858,0.13592443992266123,0.6594946752898332,,,,,,,
0.8461538461538461,0.948840144095737,0.9494047619047619,0.9781746031746033,0.015297387449646717,0.020066997163134554,Libras,2,5,14.0,12,156,SMOTE-raw,0.841,2,45,2.0,64,2.0,ridge,2.928297969848858,0.13592443992266123,0.6594946752898332,,,,,,,
0.9090909090909091,0.9128709291752769,0.9166666666666667,1.0,0.007808765432098764,0.026111111111111106,Libras,2,5,14.0,12,156,guide=gpf | walk=plain,0.841,2,45,2.0,64,2.0,rf,8.738452751159317,0.1924410636423466,3.402707170609429,0.6964285714285714,0.6,0.0,,,,
0.8695652173913043,0.9101499963594001,0.9136904761904763,0.9990079365079365,0.008843758377756344,0.021344806291755777,Libras,2,5,14.0,12,156,guide=gpf | walk=plain,0.841,2,45,2.0,64,2.0,ridge,8.738452751159317,0.1924410636423466,3.402707170609429,0.6964285714285714,0.6,0.0,,,,
0.9090909090909091,0.9128709291752769,0.9166666666666667,0.9990079365079365,0.010829135802469136,0.0357037037037037,Libras,2,5,14.0,12,156,guide=gpf | walk=plain | guard,0.841,2,45,2.0,64,2.0,rf,3.8432309672797818,0.1372844842100498,1.4975893744109694,0.6964285714285714,1.3,1.0,1.0,0.767,3.4,1.5
0.9166666666666666,0.9545733693437699,0.9553571428571428,0.9985119047619048,0.009349767192890152,0.020119002646888835,Libras,2,5,14.0,12,156,guide=gpf | walk=plain | guard,0.841,2,45,2.0,64,2.0,ridge,3.8432309672797818,0.1372844842100498,1.4975893744109694,0.6964285714285714,1.3,1.0,1.0,0.767,3.4,1.5
0.9565217391304348,0.9574271077563381,0.9583333333333333,0.9997519841269842,0.007997098765432099,0.030351851851851862,Libras,2,5,14.0,12,156,guide=gpf | walk=aligned,0.841,2,45,2.0,64,2.0,rf,9.79471664185021,0.17503655375283156,13.429216628749344,0.5416666666666666,0.7,0.0,,,,
0.9166666666666666,0.9545733693437699,0.9553571428571428,0.9985119047619048,0.008608333755025833,0.019908908657956425,Libras,2,5,14.0,12,156,guide=gpf | walk=aligned,0.841,2,45,2.0,64,2.0,ridge,9.79471664185021,0.17503655375283156,13.429216628749344,0.5416666666666666,0.7,0.0,,,,
1.0,1.0,1.0,1.0,0.012857345679012347,0.0605,Libras,2,5,14.0,12,156,guide=gpf | walk=aligned | guard,0.841,2,45,2.0,64,2.0,rf,3.330207207818896,0.13704677652029096,1.0192137424443037,0.5416666666666666,1.5,1.0,1.0,0.386,13.43,1.02
0.8888888888888888,0.9910312089651149,0.9910714285714286,0.998015873015873,0.012126581187626882,0.023044361033997894,Libras,2,5,14.0,12,156,guide=gpf | walk=aligned | guard,0.841,2,45,2.0,64,2.0,ridge,3.330207207818896,0.13704677652029096,1.0192137424443037,0.5416666666666666,1.5,1.0,1.0,0.386,13.43,1.02
0.96,0.9970193674385764,0.9970238095238095,1.0,0.006604197530864196,0.032037037037037044,Libras,2,5,14.0,12,156,guide=sig | walk=aligned,0.841,2,45,2.0,64,2.0,rf,5.905956552488691,0.1336983878525828,6.309425549182998,0.203125,2.2,0.0,,,,
0.88,0.9517110739368163,0.9523809523809523,0.9970238095238094,0.012758883434295923,0.020622169703181092,Libras,2,5,14.0,12,156,guide=sig | walk=aligned,0.841,2,45,2.0,64,2.0,ridge,5.905956552488691,0.1336983878525828,6.309425549182998,0.203125,2.2,0.0,,,,
0.96,0.9970193674385764,0.9970238095238095,1.0,0.00833783950617284,0.04005555555555556,Libras,2,5,14.0,12,156,guide=sig | walk=aligned | guard,0.841,2,45,2.0,64,2.0,rf,2.4929241518899037,0.08362502628329915,1.6164906942406587,0.203125,3.0,1.0,1.0,0.563,6.31,1.62
0.8333333333333334,0.9074209047695003,0.9107142857142858,0.9955357142857143,0.01820793047735892,0.033754533579615574,Libras,2,5,14.0,12,156,guide=sig | walk=aligned | guard,0.841,2,45,2.0,64,2.0,ridge,2.4929241518899037,0.08362502628329915,1.6164906942406587,0.203125,3.0,1.0,1.0,0.563,6.31,1.62
0.9090909090909091,0.9128709291752769,0.9166666666666667,0.9990079365079365,0.011709876543209876,0.034370370370370364,Libras,2,10,14.0,12,156,none,0.841,2,45,1.7999999999999998,64,2.0,rf,,,,,,,,,,
0.8571428571428571,0.8660254037844386,0.875,1.0,0.008096769466362334,0.018108782086494205,Libras,2,10,14.0,12,156,none,0.841,2,45,1.7999999999999998,64,2.0,ridge,,,,,,,,,,
0.96,0.9970193674385764,0.9970238095238095,1.0,0.011034320987654321,0.051555555555555556,Libras,2,10,14.0,12,156,SMOTE-raw,0.841,2,45,1.7999999999999998,64,2.0,rf,2.956479579716648,0.13172107784626763,0.7024066002066164,,,,,,,
0.9166666666666666,0.9545733693437699,0.9553571428571428,0.9885912698412699,0.014457809620610305,0.01943341977135955,Libras,2,10,14.0,12,156,SMOTE-raw,0.841,2,45,1.7999999999999998,64,2.0,ridge,2.956479579716648,0.13172107784626763,0.7024066002066164,,,,,,,
0.9166666666666666,0.9545733693437699,0.9553571428571428,0.9995039682539683,0.009165185185185184,0.024629629629629637,Libras,2,10,14.0,12,156,guide=gpf | walk=plain,0.841,2,45,1.7999999999999998,64,2.0,rf,7.3323630978445475,0.18863508355018122,2.419217845406899,0.6964285714285714,0.6,0.0,,,,
0.8695652173913043,0.9101499963594001,0.9136904761904763,0.9985119047619048,0.010021422183071366,0.018603255499776886,Libras,2,10,14.0,12,156,guide=gpf | walk=plain,0.841,2,45,1.7999999999999998,64,2.0,ridge,7.3323630978445475,0.18863508355018122,2.419217845406899,0.6964285714285714,0.6,0.0,,,,
0.9166666666666666,0.9545733693437699,0.9553571428571428,0.9990079365079365,0.009992160493827158,0.029314814814814818,Libras,2,10,14.0,12,156,guide=gpf | walk=plain | guard,0.841,2,45,1.7999999999999998,64,2.0,rf,5.4009071635841135,0.16817541154780424,1.760943168439764,0.6964285714285714,1.4,1.0,1.0,0.909,2.42,1.76
0.8695652173913043,0.9101499963594001,0.9136904761904763,0.998015873015873,0.010378502763008817,0.02027613083998206,Libras,2,10,14.0,12,156,guide=gpf | walk=plain | guard,0.841,2,45,1.7999999999999998,64,2.0,ridge,5.4009071635841135,0.16817541154780424,1.760943168439764,0.6964285714285714,1.4,1.0,1.0,0.909,2.42,1.76
0.9166666666666666,0.9545733693437699,0.9553571428571428,0.9995039682539683,0.009027592592592592,0.0240925925925926,Libras,2,10,14.0,12,156,guide=gpf | walk=aligned,0.841,2,45,1.7999999999999998,64,2.0,rf,7.850007133943096,0.16037318904329712,8.333902969213275,0.4431818181818182,1.0,0.0,,,,
0.9166666666666666,0.9545733693437699,0.9553571428571428,0.9985119047619048,0.009321722950455736,0.01736666176758139,Libras,2,10,14.0,12,156,guide=gpf | walk=aligned,0.841,2,45,1.7999999999999998,64,2.0,ridge,7.850007133943096,0.16037318904329712,8.333902969213275,0.4431818181818182,1.0,0.0,,,,
0.9166666666666666,0.9545733693437699,0.9553571428571428,0.9995039682539683,0.014470370370370371,0.05477777777777777,Libras,2,10,14.0,12,156,guide=gpf | walk=aligned | guard,0.841,2,45,1.7999999999999998,64,2.0,rf,3.1761183838004694,0.12278154443188238,1.2609368585653735,0.4431818181818182,1.9,1.0,1.0,0.49,8.33,1.26
0.8888888888888888,0.9910312089651149,0.9910714285714286,0.998015873015873,0.013848308472318964,0.02574866665559513,Libras,2,10,14.0,12,156,guide=gpf | walk=aligned | guard,0.841,2,45,1.7999999999999998,64,2.0,ridge,3.1761183838004694,0.12278154443188238,1.2609368585653735,0.4431818181818182,1.9,1.0,1.0,0.49,8.33,1.26
0.96,0.9970193674385764,0.9970238095238095,1.0,0.006355432098765432,0.025703703703703704,Libras,2,10,14.0,12,156,guide=sig | walk=aligned,0.841,2,45,1.7999999999999998,64,2.0,rf,5.099146480543682,0.1348757841570739,4.008288597211784,0.195,2.1,0.0,,,,
0.88,0.9517110739368163,0.9523809523809523,0.9970238095238095,0.012765125670680942,0.0199396390146983,Libras,2,10,14.0,12,156,guide=sig | walk=aligned,0.841,2,45,1.7999999999999998,64,2.0,ridge,5.099146480543682,0.1348757841570739,4.008288597211784,0.195,2.1,0.0,,,,
0.96,0.9970193674385764,0.9970238095238095,0.9990079365079365,0.008782098765432098,0.03244444444444445,Libras,2,10,14.0,12,156,guide=sig | walk=aligned | guard,0.841,2,45,1.7999999999999998,64,2.0,rf,2.7631157062091756,0.09516750975753352,2.0062941596753334,0.195,3.0,1.0,1.0,0.675,4.01,2.01
0.8333333333333334,0.9074209047695003,0.9107142857142858,0.9965277777777777,0.014256348372727158,0.026386021218084345,Libras,2,10,14.0,12,156,guide=sig | walk=aligned | guard,0.841,2,45,1.7999999999999998,64,2.0,ridge,2.7631157062091756,0.09516750975753352,2.0062941596753334,0.195,3.0,1.0,1.0,0.675,4.01,2.01
0.8,0.816496580927726,0.8333333333333333,1.0,0.016662037037037038,0.03909259259259259,Libras,2,20,21.0,8,160,none,0.841,2,45,1.7999999999999998,64,2.0,rf,,,,,,,,,,
0.8695652173913043,0.9101499963594001,0.9136904761904763,0.9657738095238095,0.013926425294601101,0.014185415242616638,Libras,2,20,21.0,8,160,none,0.841,2,45,1.7999999999999998,64,2.0,ridge,,,,,,,,,,
0.9565217391304348,0.9574271077563381,0.9583333333333333,0.998015873015873,0.013653086419753086,0.05270370370370371,Libras,2,20,21.0,8,160,SMOTE-raw,0.841,2,45,1.7999999999999998,64,2.0,rf,5.487638270799817,0.22612139091820616,0.6841863239590776,,,,,,,
0.88,0.9517110739368163,0.9523809523809523,0.9166666666666667,0.01650364033693036,0.02177243394687251,Libras,2,20,21.0,8,160,SMOTE-raw,0.841,2,45,1.7999999999999998,64,2.0,ridge,5.487638270799817,0.22612139091820616,0.6841863239590776,,,,,,,
0.9090909090909091,0.9128709291752769,0.9166666666666667,0.9990079365079365,0.010163888888888889,0.03587037037037037,Libras,2,20,21.0,8,160,guide=gpf | walk=plain,0.841,2,45,1.7999999999999998,64,2.0,rf,8.448763864060965,0.23399023214421766,1.8137462258528119,0.8333333333333334,0.3,0.0,,,,
0.8181818181818182,0.8634441002668988,0.8720238095238095,0.9915674603174602,0.01346570612090592,0.012635274650070274,Libras,2,20,21.0,8,160,guide=gpf | walk=plain,0.841,2,45,1.7999999999999998,64,2.0,ridge,8.448763864060965,0.23399023214421766,1.8137462258528119,0.8333333333333334,0.3,0.0,,,,
0.9090909090909091,0.9128709291752769,0.9166666666666667,0.9990079365079365,0.010163888888888889,0.03587037037037037,Libras,2,20,21.0,8,160,guide=gpf | walk=plain | guard,0.841,2,45,1.7999999999999998,64,2.0,rf,8.448763864060965,0.23399023214421766,1.8137462258528119,0.8333333333333334,1.1,1.0,0.0,1.0,1.81,1.81
0.8181818181818182,0.8634441002668988,0.8720238095238095,0.9915674603174602,0.01346570612090592,0.012635274650070274,Libras,2,20,21.0,8,160,guide=gpf | walk=plain | guard,0.841,2,45,1.7999999999999998,64,2.0,ridge,8.448763864060965,0.23399023214421766,1.8137462258528119,0.8333333333333334,1.1,1.0,0.0,1.0,1.81,1.81
0.9565217391304348,0.9574271077563381,0.9583333333333333,1.0,0.00660462962962963,0.028574074074074068,Libras,2,20,21.0,8,160,guide=gpf | walk=aligned,0.841,2,45,1.7999999999999998,64,2.0,rf,14.072877766927949,0.21752278097438715,9.249078134091102,0.20833333333333334,2.1,0.0,,,,
0.8461538461538461,0.948840144095737,0.9494047619047619,0.9975198412698413,0.012825952074882645,0.024564150873351186,Libras,2,20,21.0,8,160,guide=gpf | walk=aligned,0.841,2,45,1.7999999999999998,64,2.0,ridge,14.072877766927949,0.21752278097438715,9.249078134091102,0.20833333333333334,2.1,0.0,,,,
0.9166666666666666,0.9545733693437699,0.9553571428571428,0.9990079365079365,0.008961913580246913,0.041129629629629634,Libras,2,20,21.0,8,160,guide=gpf | walk=aligned | guard,0.841,2,45,1.7999999999999998,64,2.0,rf,5.374139608516121,0.17972316292705204,1.4547311583508509,0.20833333333333334,3.0,1.0,1.0,0.465,9.25,1.45
0.8888888888888888,0.9910312089651149,0.9910714285714286,0.998015873015873,0.013286205377331575,0.02023217610101518,Libras,2,20,21.0,8,160,guide=gpf | walk=aligned | guard,0.841,2,45,1.7999999999999998,64,2.0,ridge,5.374139608516121,0.17972316292705204,1.4547311583508509,0.20833333333333334,3.0,1.0,1.0,0.465,9.25,1.45
0.96,0.9970193674385764,0.9970238095238095,1.0,0.007628580246913581,0.03572222222222222,Libras,2,20,21.0,8,160,guide=sig | walk=aligned,0.841,2,45,1.7999999999999998,64,2.0,rf,14.394617186579882,0.32062376196586884,3.398547274809388,0.16666666666666666,2.7,0.0,,,,
0.8461538461538461,0.948840144095737,0.9494047619047619,0.9965277777777779,0.015306528163630222,0.021549893593888265,Libras,2,20,21.0,8,160,guide=sig | walk=aligned,0.841,2,45,1.7999999999999998,64,2.0,ridge,14.394617186579882,0.32062376196586884,3.398547274809388,0.16666666666666666,2.7,0.0,,,,
0.9230769230769231,0.9940297973880049,0.9940476190476191,0.9995039682539683,0.010991481481481482,0.03940740740740741,Libras,2,20,21.0,8,160,guide=sig | walk=aligned | guard,0.841,2,45,1.7999999999999998,64,2.0,rf,10.985745779370692,0.2948654974103089,2.0001441195685503,0.16666666666666666,3.6,1.0,1.0,0.762,3.4,2.0
0.8,0.9046835805696823,0.9077380952380952,0.9866071428571429,0.019865104266308723,0.017547430570844062,Libras,2,20,21.0,8,160,guide=sig | walk=aligned | guard,0.841,2,45,1.7999999999999998,64,2.0,ridge,10.985745779370692,0.2948654974103089,2.0001441195685503,0.16666666666666666,3.6,1.0,1.0,0.762,3.4,2.0
0.27450980392156865,0.40161823294666765,0.5768081928739066,0.8216343076594836,0.16869554093567252,0.11085526315789473,RacketSports,0,5,4.9,22,86,none,0.138,6,30,2.1999999999999997,64,2.0,rf,,,,,,,,,,
0.32786885245901637,0.4642086300679589,0.5795818220610198,0.7448261147855771,0.21662916696633291,0.1923573186744938,RacketSports,0,5,4.9,22,86,none,0.138,6,30,2.1999999999999997,64,2.0,ridge,,,,,,,,,,
0.3880597014925373,0.5213594348787626,0.6007040751013442,0.8228077661617239,0.15946973684210528,0.07662280701754384,RacketSports,0,5,4.9,22,86,SMOTE-raw,0.138,6,30,2.1999999999999997,64,2.0,rf,1.1539701240196543,0.07429111254157628,0.39615229111285155,,,,,,,
0.5384615384615384,0.6524150536094581,0.6799658630253893,0.754213782803499,0.2110550983955212,0.18702205674780162,RacketSports,0,5,4.9,22,86,SMOTE-raw,0.138,6,30,2.1999999999999997,64,2.0,ridge,1.1539701240196543,0.07429111254157628,0.39615229111285155,,,,,,,
0.2692307692307692,0.3997545651971831,0.5722210369106038,0.7921911670578194,0.1658550438596491,0.0649780701754386,RacketSports,0,5,4.9,22,86,guide=gpf | walk=plain,0.138,6,30,2.1999999999999997,64,2.0,rf,8.472941811160595,0.24860270213935187,4.049237990029628,0.5375,0.4,0.0,,,,
0.36923076923076925,0.5034550987763374,0.5936633240879027,0.7682952848303819,0.21016023518899962,0.17610562921935716,RacketSports,0,5,4.9,22,86,guide=gpf | walk=plain,0.138,6,30,2.1999999999999997,64,2.0,ridge,8.472941811160595,0.24860270213935187,4.049237990029628,0.5375,0.4,0.0,,,,
0.4307692307692308,0.5492590582970841,0.6260934499679967,0.809793044591423,0.15901885964912282,0.06337719298245613,RacketSports,0,5,4.9,22,86,guide=gpf | walk=plain | guard,0.138,6,30,2.1999999999999997,64,2.0,rf,2.826484671700401,0.11375352478201373,1.2090347544878297,0.5375,1.2,1.0,1.0,0.703,4.05,1.21
0.39436619718309857,0.5326946606179016,0.5985705141881801,0.7608278216343076,0.21871513637045767,0.19344531180493296,RacketSports,0,5,4.9,22,86,guide=gpf | walk=plain | guard,0.138,6,30,2.1999999999999997,64,2.0,ridge,2.826484671700401,0.11375352478201373,1.2090347544878297,0.5375,1.2,1.0,1.0,0.703,4.05,1.21
0.5405405405405406,0.6466667913076702,0.6820994239385535,0.8328355024535951,0.1462918859649123,0.058092105263157896,RacketSports,0,5,4.9,22,86,guide=gpf | walk=aligned,0.138,6,30,2.1999999999999997,64,2.0,rf,3.7011992599429355,0.15257105280127004,2.170429450488478,0.26875,1.0,0.0,,,,
0.4117647058823529,0.5410402547741809,0.6123319820780884,0.7311713249413271,0.2146598028622476,0.20662156498870157,RacketSports,0,5,4.9,22,86,guide=gpf | walk=aligned,0.138,6,30,2.1999999999999997,64,2.0,ridge,3.7011992599429355,0.15257105280127004,2.170429450488478,0.26875,1.0,0.0,,,,
0.5066666666666667,0.6238281097875653,0.6612972050352037,0.8236611905269896,0.15033786549707603,0.04929824561403508,RacketSports,0,5,4.9,22,86,guide=gpf | walk=aligned | guard,0.138,6,30,2.1999999999999997,64,2.0,rf,3.2466409791819437,0.13777622282837154,1.8803867136964016,0.26875,1.8,1.0,1.0,0.96,2.17,1.88
0.417910447761194,0.5437936580767931,0.6169191380413911,0.731171324941327,0.21603698009948605,0.22103725665030394,RacketSports,0,5,4.9,22,86,guide=gpf | walk=aligned | guard,0.138,6,30,2.1999999999999997,64,2.0,ridge,3.2466409791819437,0.13777622282837154,1.8803867136964016,0.26875,1.8,1.0,1.0,0.96,2.17,1.88
0.5128205128205128,0.6333320232507159,0.6637508000853425,0.819180712609345,0.15833523391812862,0.10179824561403511,RacketSports,0,5,4.9,22,86,guide=sig | walk=aligned,0.138,6,30,2.1999999999999997,64,2.0,rf,2.2453187747198413,0.10211515732857224,1.5666737307873169,0.38392857142857145,0.7,0.0,,,,
0.41025641025641024,0.5542858211208602,0.5988905483251548,0.67399189246853,0.22858309971152105,0.21875985503694814,RacketSports,0,5,4.9,22,86,guide=sig | walk=aligned,0.138,6,30,2.1999999999999997,64,2.0,ridge,2.2453187747198413,0.10211515732857224,1.5666737307873169,0.38392857142857145,0.7,0.0,,,,
0.5128205128205128,0.6333320232507159,0.6637508000853425,0.819180712609345,0.15833523391812862,0.10179824561403511,RacketSports,0,5,4.9,22,86,guide=sig | walk=aligned | guard,0.138,6,30,2.1999999999999997,64,2.0,rf,2.2453187747198413,0.10211515732857224,1.5666737307873169,0.38392857142857145,1.5,1.0,0.0,1.0,1.57,1.57
0.41025641025641024,0.5542858211208602,0.5988905483251548,0.67399189246853,0.22858309971152105,0.21875985503694814,RacketSports,0,5,4.9,22,86,guide=sig | walk=aligned | guard,0.138,6,30,2.1999999999999997,64,2.0,ridge,2.2453187747198413,0.10211515732857224,1.5666737307873169,0.38392857142857145,1.5,1.0,0.0,1.0,1.57,1.57
0.045454545454545456,0.15249857033260467,0.5116279069767442,0.794004693834009,0.19951805555555555,0.17506578947368423,RacketSports,0,10,9.8,11,97,none,0.138,6,30,2.0,64,2.0,rf,,,,,,,,,,
0.2222222222222222,0.36487559658250374,0.5468316620439514,0.7173031790057607,0.24731440558113665,0.25325532763813946,RacketSports,0,10,9.8,11,97,none,0.138,6,30,2.0,64,2.0,ridge,,,,,,,,,,
0.3103448275862069,0.4447258668554252,0.5771282270108812,0.7622146362278642,0.17846096491228067,0.11232456140350877,RacketSports,0,10,9.8,11,97,SMOTE-raw,0.138,6,30,2.0,64,2.0,rf,1.9509500131661035,0.11655131252585849,0.49991090352951617,,,,,,,
0.28125,0.4315783448219146,0.5496052912310646,0.7313846810326434,0.24957266129899452,0.23245424466256934,RacketSports,0,10,9.8,11,97,SMOTE-raw,0.138,6,30,2.0,64,2.0,ridge,1.9509500131661035,0.11655131252585849,0.49991090352951617,,,,,,,
0.21818181818181817,0.3631171497375738,0.5422445060806486,0.7055685939833582,0.20598786549707607,0.16144736842105262,RacketSports,0,10,9.8,11,97,guide=gpf | walk=plain,0.138,6,30,2.0,64,2.0,rf,7.935620845162354,0.23644819798513395,3.521026430252088,0.37890625,0.6,0.0,,,,
0.20689655172413793,0.3577899590399991,0.5284830381907404,0.7217836569234052,0.2523177883002812,0.26173220275137643,RacketSports,0,10,9.8,11,97,guide=gpf | walk=plain,0.138,6,30,2.0,64,2.0,ridge,7.935620845162354,0.23644819798513395,3.521026430252088,0.37890625,0.6,0.0,,,,
0.2413793103448276,0.3883848047500054,0.5446981011307873,0.712289310859825,0.20717763157894736,0.15188596491228068,RacketSports,0,10,9.8,11,97,guide=gpf | walk=plain | guard,0.138,6,30,2.0,64,2.0,rf,3.632926942526865,0.15394062913044182,1.2087887316257657,0.37890625,1.6,1.0,1.0,0.754,3.52,1.21
0.2711864406779661,0.41520082102960365,0.5563260081075314,0.7337315980371238,0.24452790872083882,0.22447065361015892,RacketSports,0,10,9.8,11,97,guide=gpf | walk=plain | guard,0.138,6,30,2.0,64,2.0,ridge,3.632926942526865,0.15394062913044182,1.2087887316257657,0.37890625,1.6,1.0,1.0,0.754,3.52,1.21
0.3448275862068966,0.4710523696671776,0.5933432899509281,0.7442927245572861,0.17941586257309944,0.10703947368421049,RacketSports,0,10,9.8,11,97,guide=gpf | walk=aligned,0.138,6,30,2.0,64,2.0,rf,5.726223109704893,0.22822902016559599,1.2068952402808084,0.10104166666666667,2.8,0.0,,,,
0.3225806451612903,0.46190485093405015,0.5749946660977171,0.7384254320460849,0.24065237681043072,0.22664853321171002,RacketSports,0,10,9.8,11,97,guide=gpf | walk=aligned,0.138,6,30,2.0,64,2.0,ridge,5.726223109704893,0.22822902016559599,1.2068952402808084,0.10104166666666667,2.8,0.0,,,,
0.3448275862068966,0.4710523696671776,0.5933432899509281,0.7442927245572861,0.17941586257309944,0.10703947368421049,RacketSports,0,10,9.8,11,97,guide=gpf | walk=aligned | guard,0.138,6,30,2.0,64,2.0,rf,5.726223109704893,0.22822902016559599,1.2068952402808084,0.10104166666666667,3.8,1.0,0.0,1.0,1.21,1.21
0.3225806451612903,0.46190485093405015,0.5749946660977171,0.7384254320460849,0.24065237681043072,0.22664853321171002,RacketSports,0,10,9.8,11,97,guide=gpf | walk=aligned | guard,0.138,6,30,2.0,64,2.0,ridge,5.726223109704893,0.22822902016559599,1.2068952402808084,0.10104166666666667,3.8,1.0,0.0,1.0,1.21,1.21
0.4126984126984127,0.5318930128188899,0.6190526989545552,0.7402389588222743,0.17267302631578946,0.08046052631578947,RacketSports,0,10,9.8,11,97,guide=sig | walk=aligned,0.138,6,30,2.0,64,2.0,rf,5.096304867534364,0.19622569007803803,2.124996558131243,0.37890625,0.8,0.0,,,,
0.42424242424242425,0.5465331900653152,0.6215062940046938,0.7456795391508427,0.21543809425324897,0.19464120427783116,RacketSports,0,10,9.8,11,97,guide=sig | walk=aligned,0.138,6,30,2.0,64,2.0,ridge,5.096304867534364,0.19622569007803803,2.124996558131243,0.37890625,0.8,0.0,,,,
0.45454545454545453,0.5685371389314481,0.6377213569447407,0.7313846810326434,0.17366184210526314,0.093859649122807,RacketSports,0,10,9.8,11,97,guide=sig | walk=aligned | guard,0.138,6,30,2.0,64,2.0,rf,4.683904269785522,0.18668042964357545,1.9213720805843157,0.37890625,1.8,1.0,1.0,0.97,2.12,1.92
0.4,0.5266525597690845,0.6098783870279496,0.744826114785577,0.21628059058593932,0.21021772485666762,RacketSports,0,10,9.8,11,97,guide=sig | walk=aligned | guard,0.138,6,30,2.0,64,2.0,ridge,4.683904269785522,0.18668042964357545,1.9213720805843157,0.37890625,1.8,1.0,1.0,0.97,2.12,1.92
0.0,0.0,0.5,0.6558566247066354,0.2499795321637427,0.21517543859649127,RacketSports,0,20,21.6,5,103,none,0.138,6,30,1.4,64,2.0,rf,,,,,,,,,,
0.0851063829787234,0.21367780310952075,0.5140815020268829,0.5745679539150843,0.25992528904223244,0.2581597075548659,RacketSports,0,20,21.6,5,103,none,0.138,6,30,1.4,64,2.0,ridge,,,,,,,,,,
0.08333333333333333,0.21267696480596646,0.5094943460635801,0.6544698101130788,0.219615350877193,0.18008771929824566,RacketSports,0,20,21.6,5,103,SMOTE-raw,0.138,6,30,1.4,64,2.0,rf,4.75298070249478,0.14839085381991568,0.3891994619105155,,,,,,,
0.18867924528301888,0.3330843248856537,0.5352037550672072,0.5937700021335609,0.26601894861296005,0.26037668926799096,RacketSports,0,20,21.6,5,103,SMOTE-raw,0.138,6,30,1.4,64,2.0,ridge,4.75298070249478,0.14839085381991568,0.3891994619105155,,,,,,,
0.0,0.0,0.4954128440366973,0.6227864305525922,0.22716564327485383,0.20219298245614037,RacketSports,0,20,21.6,5,103,guide=gpf | walk=plain,0.138,6,30,1.4,64,2.0,rf,17.4804995062319,0.4808732524228211,0.5010836375433674,0.17881944444444445,1.4,0.0,,,,
0.08333333333333333,0.21267696480596646,0.5094943460635801,0.613185406443354,0.26442076326698455,0.2671019485177979,RacketSports,0,20,21.6,5,103,guide=gpf | walk=plain,0.138,6,30,1.4,64,2.0,ridge,17.4804995062319,0.4808732524228211,0.5010836375433674,0.17881944444444445,1.4,0.0,,,,
0.0,0.0,0.4954128440366973,0.6227864305525922,0.22716564327485383,0.20219298245614037,RacketSports,0,20,21.6,5,103,guide=gpf | walk=plain | guard,0.138,6,30,1.4,64,2.0,rf,17.4804995062319,0.4808732524228211,0.5010836375433674,0.17881944444444445,2.1,1.0,0.0,1.0,0.5,0.5
0.08333333333333333,0.21267696480596646,0.5094943460635801,0.613185406443354,0.26442076326698455,0.2671019485177979,RacketSports,0,20,21.6,5,103,guide=gpf | walk=plain | guard,0.138,6,30,1.4,64,2.0,ridge,17.4804995062319,0.4808732524228211,0.5010836375433674,0.17881944444444445,2.1,1.0,0.0,1.0,0.5,0.5
0.16666666666666666,0.30359484753316857,0.541924471943674,0.6044378066993813,0.2160671783625731,0.1518201754385965,RacketSports,0,20,21.6,5,103,guide=gpf | walk=aligned,0.138,6,30,1.4,64,2.0,rf,2.9532461416101565,0.23538505904527185,0.043949167342224045,0.08253205128205128,2.7,0.0,,,,
0.3,0.4403869741563822,0.5679539150842756,0.6157456795391508,0.2494638930262388,0.24791654353466208,RacketSports,0,20,21.6,5,103,guide=gpf | walk=aligned,0.138,6,30,1.4,64,2.0,ridge,2.9532461416101565,0.23538505904527185,0.043949167342224045,0.08253205128205128,2.7,0.0,,,,
0.16666666666666666,0.30359484753316857,0.541924471943674,0.6044378066993813,0.2160671783625731,0.1518201754385965,RacketSports,0,20,21.6,5,103,guide=gpf | walk=aligned | guard,0.138,6,30,1.4,64,2.0,rf,2.9532461416101565,0.23538505904527185,0.043949167342224045,0.08253205128205128,3.7,1.0,0.0,1.0,0.04,0.04
0.3,0.4403869741563822,0.5679539150842756,0.6157456795391508,0.2494638930262388,0.24791654353466208,RacketSports,0,20,21.6,5,103,guide=gpf | walk=aligned | guard,0.138,6,30,1.4,64,2.0,ridge,2.9532461416101565,0.23538505904527185,0.043949167342224045,0.08253205128205128,3.7,1.0,0.0,1.0,0.04,0.04
0.0,0.0,0.5,0.6463622786430553,0.23355197368421052,0.2042763157894737,RacketSports,0,20,21.6,5,103,guide=sig | walk=aligned,0.138,6,30,1.4,64,2.0,rf,2.9492315316520727,0.3091622166999757,0.012278163125084101,0.04876893939393939,5.8,0.0,,,,
0.1509433962264151,0.2964839112369501,0.5189886921271603,0.6274802645615531,0.27132811897937187,0.2765263141031467,RacketSports,0,20,21.6,5,103,guide=sig | walk=aligned,0.138,6,30,1.4,64,2.0,ridge,2.9492315316520727,0.3091622166999757,0.012278163125084101,0.04876893939393939,5.8,0.0,,,,
0.0,0.0,0.5,0.6463622786430553,0.23355197368421052,0.2042763157894737,RacketSports,0,20,21.6,5,103,guide=sig | walk=aligned | guard,0.138,6,30,1.4,64,2.0,rf,2.9492315316520727,0.3091622166999757,0.012278163125084101,0.04876893939393939,6.6,1.0,0.0,1.0,0.01,0.01
0.1509433962264151,0.2964839112369501,0.5189886921271603,0.6274802645615531,0.27132811897937187,0.2765263141031467,RacketSports,0,20,21.6,5,103,guide=sig | walk=aligned | guard,0.138,6,30,1.4,64,2.0,ridge,2.9492315316520727,0.3091622166999757,0.012278163125084101,0.04876893939393939,6.6,1.0,0.0,1.0,0.01,0.01
0.2962962962962963,0.4253539296119329,0.5792617879240453,0.8072327714956261,0.16831915204678363,0.12885964912280704,RacketSports,1,5,4.9,22,86,none,0.138,6,30,2.0,64,2.0,rf,,,,,,,,,,
0.3389830508474576,0.46878222455197605,0.5887561339876254,0.7719223383827608,0.2050006301076323,0.2048466890763971,RacketSports,1,5,4.9,22,86,none,0.138,6,30,2.0,64,2.0,ridge,,,,,,,,,,
0.5074626865671642,0.6082429303679985,0.6655643268615319,0.8544911457222104,0.14462755847953215,0.07107456140350876,RacketSports,1,5,4.9,22,86,SMOTE-raw,0.138,6,30,2.0,64,2.0,rf,1.0295223427074927,0.09227483362961708,0.45232487023285484,,,,,,,
0.4927536231884058,0.6022502430368061,0.6563900149349264,0.7627480264561552,0.19309526355856071,0.17357974002847296,RacketSports,1,5,4.9,22,86,SMOTE-raw,0.138,6,30,2.0,64,2.0,ridge,1.0295223427074927,0.09227483362961708,0.45232487023285484,,,,,,,
0.5,0.6052540035309728,0.6609771708982292,0.84798378493706,0.14912397660818713,0.061184210526315785,RacketSports,1,5,4.9,22,86,guide=gpf | walk=plain,0.138,6,30,2.0,64,2.0,rf,1.7115991106783852,0.12165986564858977,0.665460953363846,0.8958333333333334,0.1,0.0,,,,
0.4307692307692308,0.5492590582970841,0.6260934499679967,0.7740558992959248,0.19674952329740303,0.18532678137205885,RacketSports,1,5,4.9,22,86,guide=gpf | walk=plain,0.138,6,30,2.0,64,2.0,ridge,1.7115991106783852,0.12165986564858977,0.665460953363846,0.8958333333333334,0.1,0.0,,,,
0.5,0.6052540035309728,0.6609771708982292,0.84798378493706,0.14912397660818713,0.061184210526315785,RacketSports,1,5,4.9,22,86,guide=gpf | walk=plain | guard,0.138,6,30,2.0,64,2.0,rf,1.7115991106783852,0.12165986564858977,0.665460953363846,0.8958333333333334,0.9,1.0,0.0,1.0,0.67,0.67
0.4307692307692308,0.5492590582970841,0.6260934499679967,0.7740558992959248,0.19674952329740303,0.18532678137205885,RacketSports,1,5,4.9,22,86,guide=gpf | walk=plain | guard,0.138,6,30,2.0,64,2.0,ridge,1.7115991106783852,0.12165986564858977,0.665460953363846,0.8958333333333334,0.9,1.0,0.0,1.0,0.67,0.67
0.5897435897435898,0.6899256769586882,0.7123959889054832,0.8591849797311714,0.14491206140350876,0.10046052631578947,RacketSports,1,5,4.9,22,86,guide=gpf | walk=aligned,0.138,6,30,2.0,64,2.0,rf,0.6716506777558156,0.048684065639853835,0.9481268332127888,0.38392857142857145,0.7,0.0,,,,
0.5882352941176471,0.7005133903272202,0.7127160230424578,0.7648815873693193,0.18265636651869316,0.1474029500617388,RacketSports,1,5,4.9,22,86,guide=gpf | walk=aligned,0.138,6,30,2.0,64,2.0,ridge,0.6716506777558156,0.048684065639853835,0.9481268332127888,0.38392857142857145,0.7,0.0,,,,
0.5897435897435898,0.6899256769586882,0.7123959889054832,0.8591849797311714,0.14491206140350876,0.10046052631578947,RacketSports,1,5,4.9,22,86,guide=gpf | walk=aligned | guard,0.138,6,30,2.0,64,2.0,rf,0.6716506777558156,0.048684065639853835,0.9481268332127888,0.38392857142857145,1.7,1.0,0.0,1.0,0.95,0.95
0.5882352941176471,0.7005133903272202,0.7127160230424578,0.7648815873693193,0.18265636651869316,0.1474029500617388,RacketSports,1,5,4.9,22,86,guide=gpf | walk=aligned | guard,0.138,6,30,2.0,64,2.0,ridge,0.6716506777558156,0.048684065639853835,0.9481268332127888,0.38392857142857145,1.7,1.0,0.0,1.0,0.95,0.95
0.7209302325581395,0.8009755093562075,0.8054192447194367,0.89310859825048,0.13002258771929823,0.113530701754386,RacketSports,1,5,4.9,22,86,guide=sig | walk=aligned,0.138,6,30,2.0,64,2.0,rf,0.4956914280952418,0.035743602905703886,1.177452430406546,0.4479166666666667,0.6,0.0,,,,
0.6024096385542169,0.708086728158039,0.7218903349690634,0.8212075954768508,0.1627642760017333,0.14678210348787343,RacketSports,1,5,4.9,22,86,guide=sig | walk=aligned,0.138,6,30,2.0,64,2.0,ridge,0.4956914280952418,0.035743602905703886,1.177452430406546,0.4479166666666667,0.6,0.0,,,,
0.7209302325581395,0.8009755093562075,0.8054192447194367,0.89310859825048,0.13002258771929823,0.113530701754386,RacketSports,1,5,4.9,22,86,guide=sig | walk=aligned | guard,0.138,6,30,2.0,64,2.0,rf,0.4956914280952418,0.035743602905703886,1.177452430406546,0.4479166666666667,1.4,1.0,0.0,1.0,1.18,1.18
0.6024096385542169,0.708086728158039,0.7218903349690634,0.8212075954768508,0.1627642760017333,0.14678210348787343,RacketSports,1,5,4.9,22,86,guide=sig | walk=aligned | guard,0.138,6,30,2.0,64,2.0,ridge,0.4956914280952418,0.035743602905703886,1.177452430406546,0.4479166666666667,1.4,1.0,0.0,1.0,1.18,1.18
0.045454545454545456,0.15249857033260467,0.5116279069767442,0.7109024962662684,0.21832807017543862,0.1867543859649123,RacketSports,1,10,9.8,11,97,none,0.138,6,30,2.1999999999999997,64,2.0,rf,,,,,,,,,,
0.19607843137254902,0.33627180731916223,0.5443780669938127,0.6658843609985065,0.24241007925452934,0.230158658556899,RacketSports,1,10,9.8,11,97,none,0.138,6,30,2.1999999999999997,64,2.0,ridge,,,,,,,,,,
0.25,0.3922113484323592,0.5538724130573928,0.7330915297631747,0.18595263157894734,0.1332017543859649,RacketSports,1,10,9.8,11,97,SMOTE-raw,0.138,6,30,2.1999999999999997,64,2.0,rf,1.4085642686474245,0.08368098573275862,0.4115979357712226,,,,,,,
0.36923076923076925,0.5034550987763374,0.5936633240879027,0.6963942820567527,0.2148780232719425,0.19010475371395333,RacketSports,1,10,9.8,11,97,SMOTE-raw,0.138,6,30,2.1999999999999997,64,2.0,ridge,1.4085642686474245,0.08368098573275862,0.4115979357712226,,,,,,,
0.08333333333333333,0.21267696480596646,0.5094943460635801,0.6868999359931727,0.21899298245614038,0.1790350877192982,RacketSports,1,10,9.8,11,97,guide=gpf | walk=plain,0.138,6,30,2.1999999999999997,64,2.0,rf,24.89181832710443,0.494959810109285,7.39005581271425,0.37890625,0.7,0.0,,,,
0.12244897959183673,0.2604750219092369,0.5211222530403243,0.6998079795178151,0.23799768448785122,0.23376001265847865,RacketSports,1,10,9.8,11,97,guide=gpf | walk=plain,0.138,6,30,2.1999999999999997,64,2.0,ridge,24.89181832710443,0.494959810109285,7.39005581271425,0.37890625,0.7,0.0,,,,
0.36666666666666664,0.49166294497499935,0.6003840409643695,0.7245572861105184,0.1926212719298246,0.1313815789473684,RacketSports,1,10,9.8,11,97,guide=gpf | walk=plain | guard,0.138,6,30,2.1999999999999997,64,2.0,rf,4.417894553475252,0.19645702706572976,0.7715696911428591,0.37890625,1.6,1.0,1.0,0.52,7.39,0.77
0.25,0.3922113484323592,0.5538724130573928,0.7192233838276082,0.2245752056307812,0.21538636518203866,RacketSports,1,10,9.8,11,97,guide=gpf | walk=plain | guard,0.138,6,30,2.1999999999999997,64,2.0,ridge,4.417894553475252,0.19645702706572976,0.7715696911428591,0.37890625,1.6,1.0,1.0,0.52,7.39,0.77
0.2545454545454545,0.39411068810468003,0.5584595690206956,0.7048218476637508,0.2002468567251462,0.13265350877192983,RacketSports,1,10,9.8,11,97,guide=gpf | walk=aligned,0.138,6,30,2.1999999999999997,64,2.0,rf,12.637987151251435,0.34630890839840955,4.043719668832624,0.10104166666666667,2.7,0.0,,,,
0.25925925925925924,0.39600091807666205,0.5630467249839983,0.7025816087049285,0.22972076028798732,0.2281398584755885,RacketSports,1,10,9.8,11,97,guide=gpf | walk=aligned,0.138,6,30,2.1999999999999997,64,2.0,ridge,12.637987151251435,0.34630890839840955,4.043719668832624,0.10104166666666667,2.7,0.0,,,,
0.4,0.5266525597690845,0.6098783870279496,0.7296778323021123,0.1838285087719298,0.0899561403508772,RacketSports,1,10,9.8,11,97,guide=gpf | walk=aligned | guard,0.138,6,30,2.1999999999999997,64,2.0,rf,5.000802281445294,0.20299383375969893,1.3447127495688078,0.10104166666666667,3.6,1.0,1.0,0.703,4.04,1.34
0.27586206896551724,0.4172512079241811,0.5609131640708342,0.6983144868786003,0.22894962400268418,0.21663932114192086,RacketSports,1,10,9.8,11,97,guide=gpf | walk=aligned | guard,0.138,6,30,2.1999999999999997,64,2.0,ridge,5.000802281445294,0.20299383375969893,1.3447127495688078,0.10104166666666667,3.6,1.0,1.0,0.703,4.04,1.34
0.417910447761194,0.5437936580767931,0.6169191380413911,0.7266908470236826,0.1816578947368421,0.07425438596491228,RacketSports,1,10,9.8,11,97,guide=sig | walk=aligned,0.138,6,30,2.1999999999999997,64,2.0,rf,4.1536236818499805,0.176468505083067,1.9736831790104457,0.2526041666666667,1.1,0.0,,,,
0.23728813559322035,0.3864573248387006,0.5401109451674846,0.6464689566887134,0.2398474517012082,0.22229821135900735,RacketSports,1,10,9.8,11,97,guide=sig | walk=aligned,0.138,6,30,2.1999999999999997,64,2.0,ridge,4.1536236818499805,0.176468505083067,1.9736831790104457,0.2526041666666667,1.1,0.0,,,,
0.417910447761194,0.5437936580767931,0.6169191380413911,0.7266908470236826,0.1816578947368421,0.07425438596491228,RacketSports,1,10,9.8,11,97,guide=sig | walk=aligned | guard,0.138,6,30,2.1999999999999997,64,2.0,rf,4.1536236818499805,0.176468505083067,1.9736831790104457,0.2526041666666667,2.1,1.0,0.0,1.0,1.97,1.97
0.23728813559322035,0.3864573248387006,0.5401109451674846,0.6464689566887134,0.2398474517012082,0.22229821135900735,RacketSports,1,10,9.8,11,97,guide=sig | walk=aligned | guard,0.138,6,30,2.1999999999999997,64,2.0,ridge,4.1536236818499805,0.176468505083067,1.9736831790104457,0.2526041666666667,2.1,1.0,0.0,1.0,1.97,1.97
0.045454545454545456,0.15249857033260467,0.5116279069767442,0.7020482184766375,0.22923567251461988,0.21807017543859644,RacketSports,1,20,21.6,5,103,none,0.138,6,30,1.5999999999999999,64,2.0,rf,,,,,,,,,,
0.13043478260869565,0.26413527189768715,0.5348837209302325,0.7081288670791551,0.25199045374014317,0.26388259097656797,RacketSports,1,20,21.6,5,103,none,0.138,6,30,1.5999999999999999,64,2.0,ridge,,,,,,,,,,
0.13043478260869565,0.26413527189768715,0.5348837209302325,0.8140601664177513,0.20718194444444443,0.20160087719298245,RacketSports,1,20,21.6,5,103,SMOTE-raw,0.138,6,30,1.5999999999999999,64,2.0,rf,3.14019993561417,0.17869675411076424,0.39745835360531323,,,,,,,
0.2,0.3378542716235475,0.5489652229571155,0.7399189246852997,0.23017839804425405,0.23613192442079906,RacketSports,1,20,21.6,5,103,SMOTE-raw,0.138,6,30,1.5999999999999999,64,2.0,ridge,3.14019993561417,0.17869675411076424,0.39745835360531323,,,,,,,
0.045454545454545456,0.15249857033260467,0.5116279069767442,0.7959248986558566,0.19618179824561402,0.18655701754385964,RacketSports,1,20,21.6,5,103,guide=gpf | walk=plain,0.138,6,30,1.5999999999999999,64,2.0,rf,8.432182041466895,0.3003976521801428,1.4757582324259622,0.5364583333333334,0.5,0.0,,,,
0.1276595744680851,0.26292085042178737,0.5302965649669298,0.7375720076808192,0.23793122973610706,0.24439434826214543,RacketSports,1,20,21.6,5,103,guide=gpf | walk=plain,0.138,6,30,1.5999999999999999,64,2.0,ridge,8.432182041466895,0.3003976521801428,1.4757582324259622,0.5364583333333334,0.5,0.0,,,,
0.045454545454545456,0.15249857033260467,0.5116279069767442,0.7959248986558566,0.19618179824561402,0.18655701754385964,RacketSports,1,20,21.6,5,103,guide=gpf | walk=plain | guard,0.138,6,30,1.5999999999999999,64,2.0,rf,8.432182041466895,0.3003976521801428,1.4757582324259622,0.5364583333333334,1.3,1.0,0.0,1.0,1.48,1.48
0.1276595744680851,0.26292085042178737,0.5302965649669298,0.7375720076808192,0.23793122973610706,0.24439434826214543,RacketSports,1,20,21.6,5,103,guide=gpf | walk=plain | guard,0.138,6,30,1.5999999999999999,64,2.0,ridge,8.432182041466895,0.3003976521801428,1.4757582324259622,0.5364583333333334,1.3,1.0,0.0,1.0,1.48,1.48
0.20833333333333334,0.34099716973523675,0.5581395348837209,0.7976317473863879,0.18085899122807017,0.14638157894736842,RacketSports,1,20,21.6,5,103,guide=gpf | walk=aligned,0.138,6,30,1.5999999999999999,64,2.0,rf,6.2837744447262445,0.27146748565875545,0.9401117258877358,0.04876893939393939,5.6,0.0,,,,
0.20408163265306123,0.3394293583514246,0.5535523789204182,0.7296778323021121,0.23068080309882918,0.22477351401964907,RacketSports,1,20,21.6,5,103,guide=gpf | walk=aligned,0.138,6,30,1.5999999999999999,64,2.0,ridge,6.2837744447262445,0.27146748565875545,0.9401117258877358,0.04876893939393939,5.6,0.0,,,,
0.20833333333333334,0.34099716973523675,0.5581395348837209,0.7976317473863879,0.18085899122807017,0.14638157894736842,RacketSports,1,20,21.6,5,103,guide=gpf | walk=aligned | guard,0.138,6,30,1.5999999999999999,64,2.0,rf,6.2837744447262445,0.27146748565875545,0.9401117258877358,0.04876893939393939,6.4,1.0,0.0,1.0,0.94,0.94
0.20408163265306123,0.3394293583514246,0.5535523789204182,0.7296778323021121,0.23068080309882918,0.22477351401964907,RacketSports,1,20,21.6,5,103,guide=gpf | walk=aligned | guard,0.138,6,30,1.5999999999999999,64,2.0,ridge,6.2837744447262445,0.27146748565875545,0.9401117258877358,0.04876893939393939,6.4,1.0,0.0,1.0,0.94,0.94
0.37735849056603776,0.4822428221704121,0.6162790697674418,0.7915510987838702,0.16006951754385965,0.12278508771929826,RacketSports,1,20,21.6,5,103,guide=sig | walk=aligned,0.138,6,30,1.5999999999999999,64,2.0,rf,3.2553123488249938,0.14221614705546926,1.008421145143643,0.10729166666666666,2.3,0.0,,,,
0.43333333333333335,0.5396582850720404,0.6328141668444633,0.7091956475357372,0.19505545310457947,0.19169597300921448,RacketSports,1,20,21.6,5,103,guide=sig | walk=aligned,0.138,6,30,1.5999999999999999,64,2.0,ridge,3.2553123488249938,0.14221614705546926,1.008421145143643,0.10729166666666666,2.3,0.0,,,,
0.37735849056603776,0.4822428221704121,0.6162790697674418,0.7915510987838702,0.16006951754385965,0.12278508771929826,RacketSports,1,20,21.6,5,103,guide=sig | walk=aligned | guard,0.138,6,30,1.5999999999999999,64,2.0,rf,3.2553123488249938,0.14221614705546926,1.008421145143643,0.10729166666666666,3.1,1.0,0.0,1.0,1.01,1.01
0.43333333333333335,0.5396582850720404,0.6328141668444633,0.7091956475357372,0.19505545310457947,0.19169597300921448,RacketSports,1,20,21.6,5,103,guide=sig | walk=aligned | guard,0.138,6,30,1.5999999999999999,64,2.0,ridge,3.2553123488249938,0.14221614705546926,1.008421145143643,0.10729166666666666,3.1,1.0,0.0,1.0,1.01,1.01
0.4074074074074074,0.5057805388588732,0.627906976744186,0.9012161297205036,0.13473084795321638,0.09938596491228072,RacketSports,2,5,4.9,22,86,none,0.138,6,30,2.1999999999999997,64,2.0,rf,,,,,,,,,,
0.547945205479452,0.6499577377079881,0.6866865799018562,0.8090462982718156,0.16925072094733687,0.1302628892809532,RacketSports,2,5,4.9,22,86,none,0.138,6,30,2.1999999999999997,64,2.0,ridge,,,,,,,,,,
0.6486486486486487,0.7227002916441674,0.7469596756987412,0.9014294858118198,0.12056461988304093,0.09350877192982457,RacketSports,2,5,4.9,22,86,SMOTE-raw,0.138,6,30,2.1999999999999997,64,2.0,rf,1.3937551369405146,0.08404093776101262,0.5021789456443215,,,,,,,
0.627906976744186,0.7319406706116953,0.740558992959249,0.8131000640068273,0.16024971574378347,0.13064795012256192,RacketSports,2,5,4.9,22,86,SMOTE-raw,0.138,6,30,2.1999999999999997,64,2.0,ridge,1.3937551369405146,0.08404093776101262,0.5021789456443215,,,,,,,
0.6388888888888888,0.7109434438326078,0.7399189246852997,0.8843609985065073,0.12670847953216374,0.12210526315789474,RacketSports,2,5,4.9,22,86,guide=gpf | walk=plain,0.138,6,30,2.1999999999999997,64,2.0,rf,2.6216373288768313,0.0864846840455954,2.255914675823883,0.4479166666666667,0.5,0.0,,,,
0.5135135135135135,0.6270687970997586,0.6658843609985066,0.7992319180712609,0.18340264837929898,0.16253203109118444,RacketSports,2,5,4.9,22,86,guide=gpf | walk=plain,0.138,6,30,2.1999999999999997,64,2.0,ridge,2.6216373288768313,0.0864846840455954,2.255914675823883,0.4479166666666667,0.5,0.0,,,,
0.5915492957746479,0.6760242211635201,0.7120759547685087,0.8919351397482397,0.1254767543859649,0.11504385964912281,RacketSports,2,5,4.9,22,86,guide=gpf | walk=plain | guard,0.138,6,30,2.1999999999999997,64,2.0,rf,2.179264070523905,0.07331754550069258,1.840095414856086,0.4479166666666667,1.5,1.0,1.0,0.942,2.26,1.84
0.5333333333333333,0.6433590110924302,0.6775122679752507,0.7926178792404522,0.1827267851657836,0.15519096931503837,RacketSports,2,5,4.9,22,86,guide=gpf | walk=plain | guard,0.138,6,30,2.1999999999999997,64,2.0,ridge,2.179264070523905,0.07331754550069258,1.840095414856086,0.4479166666666667,1.5,1.0,1.0,0.942,2.26,1.84
0.6987951807228916,0.7786899328495449,0.7867505867292511,0.8838276082782163,0.12600160818713452,0.0732017543859649,RacketSports,2,5,4.9,22,86,guide=gpf | walk=aligned,0.138,6,30,2.1999999999999997,64,2.0,rf,1.446413838699863,0.048140180466300087,1.3638866235187015,0.24431818181818182,1.0,0.0,,,,
0.6506024096385542,0.7436524649943193,0.7543204608491573,0.8489438873479837,0.14490719376570405,0.11112459956877992,RacketSports,2,5,4.9,22,86,guide=gpf | walk=aligned,0.138,6,30,2.1999999999999997,64,2.0,ridge,1.446413838699863,0.048140180466300087,1.3638866235187015,0.24431818181818182,1.0,0.0,,,,
0.6987951807228916,0.7786899328495449,0.7867505867292511,0.8838276082782163,0.12600160818713452,0.0732017543859649,RacketSports,2,5,4.9,22,86,guide=gpf | walk=aligned | guard,0.138,6,30,2.1999999999999997,64,2.0,rf,1.446413838699863,0.048140180466300087,1.3638866235187015,0.24431818181818182,1.9,1.0,0.0,1.0,1.36,1.36
0.6506024096385542,0.7436524649943193,0.7543204608491573,0.8489438873479837,0.14490719376570405,0.11112459956877992,RacketSports,2,5,4.9,22,86,guide=gpf | walk=aligned | guard,0.138,6,30,2.1999999999999997,64,2.0,ridge,1.446413838699863,0.048140180466300087,1.3638866235187015,0.24431818181818182,1.9,1.0,0.0,1.0,1.36,1.36
0.6966292134831461,0.7884920101662477,0.7916577768295285,0.9063366759120973,0.12412953216374269,0.11570175438596493,RacketSports,2,5,4.9,22,86,guide=sig | walk=aligned,0.138,6,30,2.1999999999999997,64,2.0,rf,0.9728982257641992,0.033070975351413234,4.3899584133423435,0.38392857142857145,0.7,0.0,,,,
0.6597938144329897,0.7707031583073196,0.7711755920631533,0.8389161510561126,0.15123351068505866,0.12230054148219036,RacketSports,2,5,4.9,22,86,guide=sig | walk=aligned,0.138,6,30,2.1999999999999997,64,2.0,ridge,0.9728982257641992,0.033070975351413234,4.3899584133423435,0.38392857142857145,0.7,0.0,,,,
0.7058823529411765,0.7879506492990184,0.7937913377426926,0.8932152762961383,0.12825095029239766,0.11765350877192983,RacketSports,2,5,4.9,22,86,guide=sig | walk=aligned | guard,0.138,6,30,2.1999999999999997,64,2.0,rf,0.6638953604523969,0.03339529019632548,1.1042374229104452,0.38392857142857145,1.5,1.0,1.0,0.675,4.39,1.1
0.6530612244897959,0.7662610281769211,0.7665884360998507,0.8419031363345423,0.16620097237331488,0.15712490539136814,RacketSports,2,5,4.9,22,86,guide=sig | walk=aligned | guard,0.138,6,30,2.1999999999999997,64,2.0,ridge,0.6638953604523969,0.03339529019632548,1.1042374229104452,0.38392857142857145,1.5,1.0,1.0,0.675,4.39,1.1
0.0,0.0,0.5,0.7584809046298272,0.21914627192982453,0.1904605263157895,RacketSports,2,10,9.8,11,97,none,0.138,6,30,2.0,64,2.0,rf,,,,,,,,,,
0.12,0.2592434546226157,0.5165350970770215,0.6616172391721783,0.25625682340335787,0.25533406219906907,RacketSports,2,10,9.8,11,97,none,0.138,6,30,2.0,64,2.0,ridge,,,,,,,,,,
0.3448275862068966,0.4710523696671776,0.5933432899509281,0.7965649669298058,0.17000884502923974,0.10563596491228068,RacketSports,2,10,9.8,11,97,SMOTE-raw,0.138,6,30,2.0,64,2.0,rf,1.5662452116194192,0.1069730252486848,0.31665936055251087,,,,,,,
0.24561403508771928,0.39030276606746545,0.54928525709409,0.6812459995732878,0.2504912418255563,0.24190298440705568,RacketSports,2,10,9.8,11,97,SMOTE-raw,0.138,6,30,2.0,64,2.0,ridge,1.5662452116194192,0.1069730252486848,0.31665936055251087,,,,,,,
0.21052631578947367,0.3595744586837929,0.5330701941540431,0.7331982078088329,0.19876608187134504,0.1475,RacketSports,2,10,9.8,11,97,guide=gpf | walk=plain,0.138,6,30,2.0,64,2.0,rf,12.124100347470536,0.3078190618363513,4.228158838269384,0.37890625,0.7,0.0,,,,
0.18867924528301888,0.3330843248856537,0.5352037550672072,0.699167911243866,0.24609643943917897,0.24948153775159077,RacketSports,2,10,9.8,11,97,guide=gpf | walk=plain,0.138,6,30,2.0,64,2.0,ridge,12.124100347470536,0.3078190618363513,4.228158838269384,0.37890625,0.7,0.0,,,,
0.2807017543859649,0.4192915682967157,0.565500320034137,0.7431192660550459,0.18224722222222223,0.1332017543859649,RacketSports,2,10,9.8,11,97,guide=gpf | walk=plain | guard,0.138,6,30,2.0,64,2.0,rf,4.481991221152105,0.15966142814742013,1.1213200825449685,0.37890625,1.7,1.0,1.0,0.688,4.23,1.12
0.27586206896551724,0.4172512079241811,0.5609131640708342,0.6976744186046512,0.24791251841469614,0.2401372553842324,RacketSports,2,10,9.8,11,97,guide=gpf | walk=plain | guard,0.138,6,30,2.0,64,2.0,ridge,4.481991221152105,0.15966142814742013,1.1213200825449685,0.37890625,1.7,1.0,1.0,0.688,4.23,1.12
0.22641509433962265,0.3666256094837572,0.5514188180072541,0.7427992319180712,0.19198720760233917,0.12822368421052632,RacketSports,2,10,9.8,11,97,guide=gpf | walk=aligned,0.138,6,30,2.0,64,2.0,rf,7.154095265458386,0.30505571902007655,0.831412182570791,0.08192567567567567,3.2,0.0,,,,
0.27586206896551724,0.4172512079241811,0.5609131640708342,0.6554299125240024,0.23783388679095852,0.25085641059136005,RacketSports,2,10,9.8,11,97,guide=gpf | walk=aligned,0.138,6,30,2.0,64,2.0,ridge,7.154095265458386,0.30505571902007655,0.831412182570791,0.08192567567567567,3.2,0.0,,,,
0.22641509433962265,0.3666256094837572,0.5514188180072541,0.7427992319180712,0.19198720760233917,0.12822368421052632,RacketSports,2,10,9.8,11,97,guide=gpf | walk=aligned | guard,0.138,6,30,2.0,64,2.0,rf,7.154095265458386,0.30505571902007655,0.831412182570791,0.08192567567567567,4.1,1.0,0.0,1.0,0.83,0.83
0.27586206896551724,0.4172512079241811,0.5609131640708342,0.6554299125240024,0.23783388679095852,0.25085641059136005,RacketSports,2,10,9.8,11,97,guide=gpf | walk=aligned | guard,0.138,6,30,2.0,64,2.0,ridge,7.154095265458386,0.30505571902007655,0.831412182570791,0.08192567567567567,4.1,1.0,0.0,1.0,0.83,0.83
0.3939393939393939,0.5240126806902824,0.6052912310646469,0.8169404736505227,0.1576925438596491,0.10776315789473684,RacketSports,2,10,9.8,11,97,guide=sig | walk=aligned,0.138,6,30,2.0,64,2.0,rf,3.6832567229186726,0.15754439747502225,1.9906101557555118,0.3368055555555556,0.9,0.0,,,,
0.32786885245901637,0.4642086300679589,0.5795818220610198,0.7326648175805419,0.22038305507728415,0.20589261110964935,RacketSports,2,10,9.8,11,97,guide=sig | walk=aligned,0.138,6,30,2.0,64,2.0,ridge,3.6832567229186726,0.15754439747502225,1.9906101557555118,0.3368055555555556,0.9,0.0,,,,
0.3939393939393939,0.5240126806902824,0.6052912310646469,0.8169404736505227,0.1576925438596491,0.10776315789473684,RacketSports,2,10,9.8,11,97,guide=sig | walk=aligned | guard,0.138,6,30,2.0,64,2.0,rf,3.6832567229186726,0.15754439747502225,1.9906101557555118,0.3368055555555556,1.8,1.0,0.0,1.0,1.99,1.99
0.32786885245901637,0.4642086300679589,0.5795818220610198,0.7326648175805419,0.22038305507728415,0.20589261110964935,RacketSports,2,10,9.8,11,97,guide=sig | walk=aligned | guard,0.138,6,30,2.0,64,2.0,ridge,3.6832567229186726,0.15754439747502225,1.9906101557555118,0.3368055555555556,1.8,1.0,0.0,1.0,1.99,1.99
0.0,0.0,0.5,0.7701088116065714,0.2349824561403509,0.20824561403508776,RacketSports,2,20,21.6,5,103,none,0.138,6,30,1.4,64,2.0,rf,,,,,,,,,,
0.043478260869565216,0.15109302356778606,0.5024535950501386,0.691273735865159,0.2706613178093589,0.2743871263508541,RacketSports,2,20,21.6,5,103,none,0.138,6,30,1.4,64,2.0,ridge,,,,,,,,,,
0.16326530612244897,0.3021860471355721,0.5373373159803713,0.8357158096863665,0.18897551169590643,0.1619078947368421,RacketSports,2,20,21.6,5,103,SMOTE-raw,0.138,6,30,1.4,64,2.0,rf,3.0869802395575423,0.17723675634670044,0.31436419475966115,,,,,,,
0.19607843137254902,0.33627180731916223,0.5443780669938127,0.7166631107318113,0.24864549309132675,0.2620657116990006,RacketSports,2,20,21.6,5,103,SMOTE-raw,0.138,6,30,1.4,64,2.0,ridge,3.0869802395575423,0.17723675634670044,0.31436419475966115,,,,,,,
0.1276595744680851,0.26292085042178737,0.5302965649669298,0.7077021548965222,0.21307960526315792,0.15655701754385964,RacketSports,2,20,21.6,5,103,guide=gpf | walk=plain,0.138,6,30,1.4,64,2.0,rf,10.76302325978598,0.48178526542569544,0.31417177617837194,0.13994565217391305,1.6,0.0,,,,
0.125,0.2617007934886073,0.5257094090036271,0.6799658630253894,0.2525915118055072,0.2518415969869007,RacketSports,2,20,21.6,5,103,guide=gpf | walk=plain,0.138,6,30,1.4,64,2.0,ridge,10.76302325978598,0.48178526542569544,0.31417177617837194,0.13994565217391305,1.6,0.0,,,,
0.1276595744680851,0.26292085042178737,0.5302965649669298,0.7077021548965222,0.21307960526315792,0.15655701754385964,RacketSports,2,20,21.6,5,103,guide=gpf | walk=plain | guard,0.138,6,30,1.4,64,2.0,rf,10.76302325978598,0.48178526542569544,0.31417177617837194,0.13994565217391305,2.4,1.0,0.0,1.0,0.31,0.31
0.125,0.2617007934886073,0.5257094090036271,0.6799658630253894,0.2525915118055072,0.2518415969869007,RacketSports,2,20,21.6,5,103,guide=gpf | walk=plain | guard,0.138,6,30,1.4,64,2.0,ridge,10.76302325978598,0.48178526542569544,0.31417177617837194,0.13994565217391305,2.4,1.0,0.0,1.0,0.31,0.31
0.0,0.0,0.5,0.7366119052698954,0.23819459064327483,0.20482456140350877,RacketSports,2,20,21.6,5,103,guide=gpf | walk=aligned,0.138,6,30,1.4,64,2.0,rf,7.83965242159041,0.6548092740800173,0.0260900965155389,0.04876893939393939,4.9,0.0,,,,
0.11764705882352941,0.25800600863297546,0.5119479411137188,0.7062086622573074,0.2669464733683075,0.2686485100443666,RacketSports,2,20,21.6,5,103,guide=gpf | walk=aligned,0.138,6,30,1.4,64,2.0,ridge,7.83965242159041,0.6548092740800173,0.0260900965155389,0.04876893939393939,4.9,0.0,,,,
0.0,0.0,0.5,0.7366119052698954,0.23819459064327483,0.20482456140350877,RacketSports,2,20,21.6,5,103,guide=gpf | walk=aligned | guard,0.138,6,30,1.4,64,2.0,rf,7.83965242159041,0.6548092740800173,0.0260900965155389,0.04876893939393939,5.7,1.0,0.0,1.0,0.03,0.03
0.11764705882352941,0.25800600863297546,0.5119479411137188,0.7062086622573074,0.2669464733683075,0.2686485100443666,RacketSports,2,20,21.6,5,103,guide=gpf | walk=aligned | guard,0.138,6,30,1.4,64,2.0,ridge,7.83965242159041,0.6548092740800173,0.0260900965155389,0.04876893939393939,5.7,1.0,0.0,1.0,0.03,0.03
0.0,0.0,0.5,0.7278643055259229,0.23919766081871346,0.21368421052631575,RacketSports,2,20,21.6,5,103,guide=sig | walk=aligned,0.138,6,30,1.4,64,2.0,rf,8.137973871037806,0.6457199574056296,0.02854824532604619,0.04876893939393939,5.2,0.0,,,,
0.12244897959183673,0.2604750219092369,0.5211222530403243,0.7151696180925965,0.26617056469355227,0.26953802020728673,RacketSports,2,20,21.6,5,103,guide=sig | walk=aligned,0.138,6,30,1.4,64,2.0,ridge,8.137973871037806,0.6457199574056296,0.02854824532604619,0.04876893939393939,5.2,0.0,,,,
0.0,0.0,0.5,0.7278643055259229,0.23919766081871346,0.21368421052631575,RacketSports,2,20,21.6,5,103,guide=sig | walk=aligned | guard,0.138,6,30,1.4,64,2.0,rf,8.137973871037806,0.6457199574056296,0.02854824532604619,0.04876893939393939,6.1,1.0,0.0,1.0,0.03,0.03
0.12244897959183673,0.2604750219092369,0.5211222530403243,0.7151696180925965,0.26617056469355227,0.26953802020728673,RacketSports,2,20,21.6,5,103,guide=sig | walk=aligned | guard,0.138,6,30,1.4,64,2.0,ridge,8.137973871037806,0.6457199574056296,0.02854824532604619,0.04876893939393939,6.1,1.0,0.0,1.0,0.03,0.03
0.8857142857142857,0.9062267870482649,0.909017928819909,0.9909017928819909,0.038832286634460554,0.06910628019323675,Epilepsy,0,5,5.0,20,80,none,0.045,3,206,2.0,64,2.0,rf,,,,,,,,,,
0.88,0.9207273363688337,0.9211934706984212,0.9668183034519667,0.05314233109984259,0.053208361313713426,Epilepsy,0,5,5.0,20,80,none,0.045,3,206,2.0,64,2.0,ridge,,,,,,,,,,
0.8533333333333334,0.901935005463705,0.9027294621354027,0.9866202836499866,0.04068727858293075,0.04859903381642513,Epilepsy,0,5,5.0,20,80,SMOTE-raw,0.045,3,206,2.0,64,2.0,rf,0.23805924816700208,0.08173127837544525,0.5851523048554492,,,,,,,
0.8860759493670886,0.9382885141740148,0.9383195076264383,0.9654803318169655,0.049046351173406694,0.06400766708969267,Epilepsy,0,5,5.0,20,80,SMOTE-raw,0.045,3,206,2.0,64,2.0,ridge,0.23805924816700208,0.08173127837544525,0.5851523048554492,,,,,,,
0.8888888888888888,0.9160653958494662,0.9175809472839176,0.9905004013914905,0.0341,0.046038647342995134,Epilepsy,0,5,5.0,20,80,guide=gpf | walk=plain,0.045,3,206,2.0,64,2.0,rf,0.23101021394742882,0.0740665410452841,1.431238282683787,0.625,0.3,0.0,,,,
0.9024390243902439,0.9595791156584854,0.9603960396039604,0.9657479261439657,0.05311567851019715,0.058283726247912976,Epilepsy,0,5,5.0,20,80,guide=gpf | walk=plain,0.045,3,206,2.0,64,2.0,ridge,0.23101021394742882,0.0740665410452841,1.431238282683787,0.625,0.3,0.0,,,,
0.8888888888888888,0.9160653958494662,0.9175809472839176,0.9905004013914905,0.0341,0.046038647342995134,Epilepsy,0,5,5.0,20,80,guide=gpf | walk=plain | guard,0.045,3,206,2.0,64,2.0,rf,0.23101021394742882,0.0740665410452841,1.431238282683787,0.625,1.2,1.0,0.0,1.0,1.43,1.43
0.9024390243902439,0.9595791156584854,0.9603960396039604,0.9657479261439657,0.05311567851019715,0.058283726247912976,Epilepsy,0,5,5.0,20,80,guide=gpf | walk=plain | guard,0.045,3,206,2.0,64,2.0,ridge,0.23101021394742882,0.0740665410452841,1.431238282683787,0.625,1.2,1.0,0.0,1.0,1.43,1.43
0.8974358974358975,0.9432662070040937,0.9432700026759433,0.9905004013914905,0.03704766505636071,0.043381642512077274,Epilepsy,0,5,5.0,20,80,guide=gpf | walk=aligned,0.045,3,206,2.0,64,2.0,rf,0.1503312866680584,0.06057475713960192,1.3058144794827415,0.8333333333333334,0.6,0.0,,,,
0.9135802469135802,0.964724348872221,0.9653465346534653,0.963071982873963,0.048422982697708894,0.043422254829766395,Epilepsy,0,5,5.0,20,80,guide=gpf | walk=aligned,0.045,3,206,2.0,64,2.0,ridge,0.1503312866680584,0.06057475713960192,1.3058144794827415,0.8333333333333334,0.6,0.0,,,,
0.8974358974358975,0.9432662070040937,0.9432700026759433,0.9905004013914905,0.03704766505636071,0.043381642512077274,Epilepsy,0,5,5.0,20,80,guide=gpf | walk=aligned | guard,0.045,3,206,2.0,64,2.0,rf,0.1503312866680584,0.06057475713960192,1.3058144794827415,0.8333333333333334,1.5,1.0,0.0,1.0,1.31,1.31
0.9135802469135802,0.964724348872221,0.9653465346534653,0.963071982873963,0.048422982697708894,0.043422254829766395,Epilepsy,0,5,5.0,20,80,guide=gpf | walk=aligned | guard,0.045,3,206,2.0,64,2.0,ridge,0.1503312866680584,0.06057475713960192,1.3058144794827415,0.8333333333333334,1.5,1.0,0.0,1.0,1.31,1.31
0.8974358974358975,0.9432662070040937,0.9432700026759433,0.9859512978324859,0.0428829307568438,0.05256038647342996,Epilepsy,0,5,5.0,20,80,guide=sig | walk=aligned,0.045,3,206,2.0,64,2.0,rf,0.25234740336689954,0.09669237788139018,2.016873569567924,0.8333333333333334,0.7,0.0,,,,
0.9135802469135802,0.964724348872221,0.9653465346534653,0.963071982873963,0.047057447090194875,0.04425634761057596,Epilepsy,0,5,5.0,20,80,guide=sig | walk=aligned,0.045,3,206,2.0,64,2.0,ridge,0.25234740336689954,0.09669237788139018,2.016873569567924,0.8333333333333334,0.7,0.0,,,,
0.8974358974358975,0.9432662070040937,0.9432700026759433,0.9855499063419855,0.04301441223832528,0.051859903381642515,Epilepsy,0,5,5.0,20,80,guide=sig | walk=aligned | guard,0.045,3,206,2.0,64,2.0,rf,0.25052520269963385,0.09686644384395471,1.9992285239445893,0.8333333333333334,1.6,1.0,1.0,0.996,2.02,2.0
0.9135802469135802,0.964724348872221,0.9653465346534653,0.963071982873963,0.04700098565964229,0.0441047581094438,Epilepsy,0,5,5.0,20,80,guide=sig | walk=aligned | guard,0.045,3,206,2.0,64,2.0,ridge,0.25052520269963385,0.09686644384395471,1.9992285239445893,0.8333333333333334,1.6,1.0,1.0,0.996,2.02,2.0
0.8064516129032258,0.8219949365267865,0.8378378378378378,0.9761841048969762,0.0649073268921095,0.07992753623188405,Epilepsy,0,10,10.0,10,90,none,0.045,3,206,2.0,64,2.0,rf,,,,,,,,,,
0.8055555555555556,0.8586165447309626,0.8621889215948622,0.9636071715279636,0.06391864644410168,0.08157859389010377,Epilepsy,0,10,10.0,10,90,none,0.045,3,206,2.0,64,2.0,ridge,,,,,,,,,,
0.8656716417910447,0.8809219876361221,0.8869413968423869,0.9799304254749799,0.05297858293075684,0.04579710144927539,Epilepsy,0,10,10.0,10,90,SMOTE-raw,0.045,3,206,2.0,64,2.0,rf,0.24830455949542674,0.09410482139029086,0.6321906596774564,,,,,,,
0.9,0.95159823590048,0.9518330211399519,0.9641423601819641,0.05093836112676964,0.06437399097904767,Epilepsy,0,10,10.0,10,90,SMOTE-raw,0.045,3,206,2.0,64,2.0,ridge,0.24830455949542674,0.09410482139029086,0.6321906596774564,,,,,,,
0.8405797101449275,0.8720682756153674,0.877040406743377,0.9882258496119882,0.04347818035426731,0.058816425120772974,Epilepsy,0,10,10.0,10,90,guide=gpf | walk=plain,0.045,3,206,2.0,64,2.0,rf,0.19965207631754622,0.07294352298274431,1.4678513774745832,0.703125,0.4,0.0,,,,
0.9135802469135802,0.964724348872221,0.9653465346534653,0.9705646240299705,0.04406634837494226,0.03566374516159855,Epilepsy,0,10,10.0,10,90,guide=gpf | walk=plain,0.045,3,206,2.0,64,2.0,ridge,0.19965207631754622,0.07294352298274431,1.4678513774745832,0.703125,0.4,0.0,,,,
0.8405797101449275,0.8720682756153674,0.877040406743377,0.9882258496119882,0.04347818035426731,0.058816425120772974,Epilepsy,0,10,10.0,10,90,guide=gpf | walk=plain | guard,0.045,3,206,2.0,64,2.0,rf,0.19965207631754622,0.07294352298274431,1.4678513774745832,0.703125,1.2,1.0,0.0,1.0,1.47,1.47
0.9135802469135802,0.964724348872221,0.9653465346534653,0.9705646240299705,0.04406634837494226,0.03566374516159855,Epilepsy,0,10,10.0,10,90,guide=gpf | walk=plain | guard,0.045,3,206,2.0,64,2.0,ridge,0.19965207631754622,0.07294352298274431,1.4678513774745832,0.703125,1.2,1.0,0.0,1.0,1.47,1.47
0.9041095890410958,0.9302688071298884,0.9310944607974311,0.9882258496119882,0.04106352657004831,0.05272946859903382,Epilepsy,0,10,10.0,10,90,guide=gpf | walk=aligned,0.045,3,206,2.0,64,2.0,rf,0.13932202732540988,0.06400722065877285,1.3503284070626818,0.9375,0.6,0.0,,,,
0.9135802469135802,0.964724348872221,0.9653465346534653,0.9620016055659619,0.04908097171308685,0.04784805028574918,Epilepsy,0,10,10.0,10,90,guide=gpf | walk=aligned,0.045,3,206,2.0,64,2.0,ridge,0.13932202732540988,0.06400722065877285,1.3503284070626818,0.9375,0.6,0.0,,,,
0.9041095890410958,0.9302688071298884,0.9310944607974311,0.9882258496119882,0.04106352657004831,0.05272946859903382,Epilepsy,0,10,10.0,10,90,guide=gpf | walk=aligned | guard,0.045,3,206,2.0,64,2.0,rf,0.13932202732540988,0.06400722065877285,1.3503284070626818,0.9375,1.6,1.0,0.0,1.0,1.35,1.35
0.9135802469135802,0.964724348872221,0.9653465346534653,0.9620016055659619,0.04908097171308685,0.04784805028574918,Epilepsy,0,10,10.0,10,90,guide=gpf | walk=aligned | guard,0.045,3,206,2.0,64,2.0,ridge,0.13932202732540988,0.06400722065877285,1.3503284070626818,0.9375,1.6,1.0,0.0,1.0,1.35,1.35
0.8974358974358975,0.9432662070040937,0.9432700026759433,0.9826063687449826,0.04332399355877616,0.05507246376811597,Epilepsy,0,10,10.0,10,90,guide=sig | walk=aligned,0.045,3,206,2.0,64,2.0,rf,0.13282931854779734,0.060994193544688824,1.5023529765582975,0.703125,0.9,0.0,,,,
0.891566265060241,0.9544061447355161,0.9554455445544554,0.9577200963339577,0.05354228484229126,0.04907991900565338,Epilepsy,0,10,10.0,10,90,guide=sig | walk=aligned,0.045,3,206,2.0,64,2.0,ridge,0.13282931854779734,0.060994193544688824,1.5023529765582975,0.703125,0.9,0.0,,,,
0.8974358974358975,0.9432662070040937,0.9432700026759433,0.9826063687449826,0.04332399355877616,0.05507246376811597,Epilepsy,0,10,10.0,10,90,guide=sig | walk=aligned | guard,0.045,3,206,2.0,64,2.0,rf,0.13282931854779734,0.060994193544688824,1.5023529765582975,0.703125,1.9,1.0,0.0,1.0,1.5,1.5
0.891566265060241,0.9544061447355161,0.9554455445544554,0.9577200963339577,0.05354228484229126,0.04907991900565338,Epilepsy,0,10,10.0,10,90,guide=sig | walk=aligned | guard,0.045,3,206,2.0,64,2.0,ridge,0.13282931854779734,0.060994193544688824,1.5023529765582975,0.703125,1.9,1.0,0.0,1.0,1.5,1.5
0.5660377358490566,0.6335546468146228,0.6977522076531978,0.9178485416109179,0.12248679549114332,0.11840579710144926,Epilepsy,0,20,20.0,5,95,none,0.045,3,206,1.5999999999999999,64,2.0,rf,,,,,,,,,,
0.6229508196721312,0.6986358511044849,0.732004281509232,0.9526358041209526,0.10331230224520138,0.1376864308516218,Epilepsy,0,20,20.0,5,95,none,0.045,3,206,1.5999999999999999,64,2.0,ridge,,,,,,,,,,
0.6557377049180327,0.7205088440682177,0.7504682900722505,0.9413968423869414,0.10853615136876008,0.10427536231884059,Epilepsy,0,20,20.0,5,95,SMOTE-raw,0.045,3,206,1.5999999999999999,64,2.0,rf,0.6492776996863996,0.24191798216214716,0.550023018071741,,,,,,,
0.8378378378378378,0.8877304168585124,0.8892159486218891,0.9542413700829542,0.06221589533596074,0.07755619649909876,Epilepsy,0,20,20.0,5,95,SMOTE-raw,0.045,3,206,1.5999999999999999,64,2.0,ridge,0.6492776996863996,0.24191798216214716,0.550023018071741,,,,,,,
0.8450704225352113,0.8824395115648317,0.8856034252073857,0.9755151190794755,0.05625644122383253,0.03867149758454107,Epilepsy,0,20,20.0,5,95,guide=gpf | walk=plain,0.045,3,206,1.5999999999999999,64,2.0,rf,1.1392007106587836,0.31754405256166884,2.0570855811734434,0.9895833333333334,0.1,0.0,,,,
0.8641975308641975,0.9282530543665675,0.9284185175274284,0.9502274551779503,0.05832249837009753,0.07001966428779358,Epilepsy,0,20,20.0,5,95,guide=gpf | walk=plain,0.045,3,206,1.5999999999999999,64,2.0,ridge,1.1392007106587836,0.31754405256166884,2.0570855811734434,0.9895833333333334,0.1,0.0,,,,
0.8450704225352113,0.8824395115648317,0.8856034252073857,0.9753813219159755,0.0565535426731079,0.039106280193236746,Epilepsy,0,20,20.0,5,95,guide=gpf | walk=plain | guard,0.045,3,206,1.5999999999999999,64,2.0,rf,1.1204570025300407,0.3178502239429676,1.9944503738019101,0.9895833333333334,0.9,1.0,1.0,0.986,2.06,1.99
0.8641975308641975,0.9282530543665675,0.9284185175274284,0.94995986085095,0.05834012055847285,0.07027925599162924,Epilepsy,0,20,20.0,5,95,guide=gpf | walk=plain | guard,0.045,3,206,1.5999999999999999,64,2.0,ridge,1.1204570025300407,0.3178502239429676,1.9944503738019101,0.9895833333333334,0.9,1.0,1.0,0.986,2.06,1.99
0.8,0.8481117561835346,0.8536259031308536,0.9558469360449559,0.07159863123993558,0.0430193236714976,Epilepsy,0,20,20.0,5,95,guide=gpf | walk=aligned,0.045,3,206,1.5999999999999999,64,2.0,rf,0.5307769571086278,0.16405247472388151,2.406453249915135,0.7421875,0.7,0.0,,,,
0.875,0.9332842730839682,0.9333690125769334,0.9523682097939524,0.05551726117078696,0.06350181102236187,Epilepsy,0,20,20.0,5,95,guide=gpf | walk=aligned,0.045,3,206,1.5999999999999999,64,2.0,ridge,0.5307769571086278,0.16405247472388151,2.406453249915135,0.7421875,0.7,0.0,,,,
0.7647058823529411,0.817260937640279,0.8265988761038265,0.9413968423869413,0.08275684380032207,0.08570048309178747,Epilepsy,0,20,20.0,5,95,guide=gpf | walk=aligned | guard,0.045,3,206,1.5999999999999999,64,2.0,rf,0.5505275922370556,0.18199416840792326,1.9343340575474082,0.7421875,1.6,1.0,1.0,0.912,2.41,1.93
0.8860759493670886,0.9382885141740148,0.9383195076264383,0.9526358041209527,0.05550023351277759,0.0670652483895392,Epilepsy,0,20,20.0,5,95,guide=gpf | walk=aligned | guard,0.045,3,206,1.5999999999999999,64,2.0,ridge,0.5505275922370556,0.18199416840792326,1.9343340575474082,0.7421875,1.6,1.0,1.0,0.912,2.41,1.93
0.8055555555555556,0.8586165447309626,0.8621889215948622,0.9705646240299706,0.06542818035426731,0.06425120772946857,Epilepsy,0,20,20.0,5,95,guide=sig | walk=aligned,0.045,3,206,1.5999999999999999,64,2.0,rf,0.4686195862820344,0.17159950338880636,1.4433413131318757,0.7421875,0.7,0.0,,,,
0.891566265060241,0.9544061447355161,0.9554455445544554,0.9486218892159486,0.056936780082237216,0.04102795260227916,Epilepsy,0,20,20.0,5,95,guide=sig | walk=aligned,0.045,3,206,1.5999999999999999,64,2.0,ridge,0.4686195862820344,0.17159950338880636,1.4433413131318757,0.7421875,0.7,0.0,,,,
0.8055555555555556,0.8586165447309626,0.8621889215948622,0.9705646240299706,0.06542818035426731,0.06425120772946857,Epilepsy,0,20,20.0,5,95,guide=sig | walk=aligned | guard,0.045,3,206,1.5999999999999999,64,2.0,rf,0.4686195862820344,0.17159950338880636,1.4433413131318757,0.7421875,1.6,1.0,0.0,1.0,1.44,1.44
0.891566265060241,0.9544061447355161,0.9554455445544554,0.9486218892159486,0.056936780082237216,0.04102795260227916,Epilepsy,0,20,20.0,5,95,guide=sig | walk=aligned | guard,0.045,3,206,1.5999999999999999,64,2.0,ridge,0.4686195862820344,0.17159950338880636,1.4433413131318757,0.7421875,1.6,1.0,0.0,1.0,1.44,1.44
0.8059701492537313,0.8414597965694547,0.85001337971635,0.9862188921594861,0.0471194041867955,0.07282608695652176,Epilepsy,1,5,5.0,20,80,none,0.045,3,206,2.0,64,2.0,rf,,,,,,,,,,
0.8974358974358975,0.9432662070040937,0.9432700026759433,0.9636071715279636,0.05374487650100185,0.05464706413676136,Epilepsy,1,5,5.0,20,80,none,0.045,3,206,2.0,64,2.0,ridge,,,,,,,,,,
0.8493150684931506,0.8923904510654496,0.8941664436713941,0.9828739630719828,0.04817246376811595,0.061014492753623195,Epilepsy,1,5,5.0,20,80,SMOTE-raw,0.045,3,206,2.0,64,2.0,rf,0.4457728379117265,0.1451678691703454,0.5178748109787022,,,,,,,
0.8974358974358975,0.9432662070040937,0.9432700026759433,0.9638747658549638,0.05102704649807757,0.05112982584720249,Epilepsy,1,5,5.0,20,80,SMOTE-raw,0.045,3,206,2.0,64,2.0,ridge,0.4457728379117265,0.1451678691703454,0.5178748109787022,,,,,,,
0.918918918918919,0.9442585967651508,0.9446079743109446,0.9943805191329944,0.028265217391304345,0.043236714975845435,Epilepsy,1,5,5.0,20,80,guide=gpf | walk=plain,0.045,3,206,2.0,64,2.0,rf,0.13674279262068856,0.0508680633689208,1.160129226441062,0.8333333333333334,0.1,0.0,,,,
0.9135802469135802,0.964724348872221,0.9653465346534653,0.9628043885469627,0.0475016228265573,0.04210525643208825,Epilepsy,1,5,5.0,20,80,guide=gpf | walk=plain,0.045,3,206,2.0,64,2.0,ridge,0.13674279262068856,0.0508680633689208,1.160129226441062,0.8333333333333334,0.1,0.0,,,,
0.918918918918919,0.9442585967651508,0.9446079743109446,0.9943805191329944,0.028265217391304345,0.043236714975845435,Epilepsy,1,5,5.0,20,80,guide=gpf | walk=plain | guard,0.045,3,206,2.0,64,2.0,rf,0.13674279262068856,0.0508680633689208,1.160129226441062,0.8333333333333334,1.0,1.0,0.0,1.0,1.16,1.16
0.9135802469135802,0.964724348872221,0.9653465346534653,0.9628043885469627,0.0475016228265573,0.04210525643208825,Epilepsy,1,5,5.0,20,80,guide=gpf | walk=plain | guard,0.045,3,206,2.0,64,2.0,ridge,0.13674279262068856,0.0508680633689208,1.160129226441062,0.8333333333333334,1.0,1.0,0.0,1.0,1.16,1.16
0.9066666666666666,0.9394285978438609,0.9396574792614396,0.9859512978324859,0.039654186795491146,0.053405797101449305,Epilepsy,1,5,5.0,20,80,guide=gpf | walk=aligned,0.045,3,206,2.0,64,2.0,rf,0.5674641602336385,0.17953381188046946,1.0453389308950525,0.8333333333333334,0.7,0.0,,,,
0.9,0.95159823590048,0.9518330211399519,0.9595932566229596,0.047673894531899345,0.045119133390740376,Epilepsy,1,5,5.0,20,80,guide=gpf | walk=aligned,0.045,3,206,2.0,64,2.0,ridge,0.5674641602336385,0.17953381188046946,1.0453389308950525,0.8333333333333334,0.7,0.0,,,,
0.9066666666666666,0.9394285978438609,0.9396574792614396,0.9859512978324859,0.039654186795491146,0.053405797101449305,Epilepsy,1,5,5.0,20,80,guide=gpf | walk=aligned | guard,0.045,3,206,2.0,64,2.0,rf,0.5674641602336385,0.17953381188046946,1.0453389308950525,0.8333333333333334,1.5,1.0,0.0,1.0,1.05,1.05
0.9,0.95159823590048,0.9518330211399519,0.9595932566229596,0.047673894531899345,0.045119133390740376,Epilepsy,1,5,5.0,20,80,guide=gpf | walk=aligned | guard,0.045,3,206,2.0,64,2.0,ridge,0.5674641602336385,0.17953381188046946,1.0453389308950525,0.8333333333333334,1.5,1.0,0.0,1.0,1.05,1.05
0.8493150684931506,0.8923904510654496,0.8941664436713941,0.9784586566764785,0.05779404186795492,0.07990338164251207,Epilepsy,1,5,5.0,20,80,guide=sig | walk=aligned,0.045,3,206,2.0,64,2.0,rf,0.686173811866067,0.20913077651430645,0.933672344659913,0.8333333333333334,0.7,0.0,,,,
0.9,0.95159823590048,0.9518330211399519,0.9614664169119614,0.049545847443220686,0.049811513868126614,Epilepsy,1,5,5.0,20,80,guide=sig | walk=aligned,0.045,3,206,2.0,64,2.0,ridge,0.686173811866067,0.20913077651430645,0.933672344659913,0.8333333333333334,0.7,0.0,,,,
0.8493150684931506,0.8923904510654496,0.8941664436713941,0.9784586566764785,0.05779404186795492,0.07990338164251207,Epilepsy,1,5,5.0,20,80,guide=sig | walk=aligned | guard,0.045,3,206,2.0,64,2.0,rf,0.686173811866067,0.20913077651430645,0.933672344659913,0.8333333333333334,1.6,1.0,0.0,1.0,0.93,0.93
0.9,0.95159823590048,0.9518330211399519,0.9614664169119614,0.049545847443220686,0.049811513868126614,Epilepsy,1,5,5.0,20,80,guide=sig | walk=aligned | guard,0.045,3,206,2.0,64,2.0,ridge,0.686173811866067,0.20913077651430645,0.933672344659913,0.8333333333333334,1.6,1.0,0.0,1.0,0.93,0.93
0.6885245901639344,0.7420977866605928,0.7689322986352689,0.9652127374899653,0.08357592592592593,0.09403381642512079,Epilepsy,1,10,10.0,10,90,none,0.045,3,206,1.5999999999999999,64,2.0,rf,,,,,,,,,,
0.7536231884057971,0.8129932273338204,0.8216483810543216,0.9620016055659619,0.0687542398915777,0.08742503158910488,Epilepsy,1,10,10.0,10,90,none,0.045,3,206,1.5999999999999999,64,2.0,ridge,,,,,,,,,,
0.7076923076923077,0.768666555807257,0.786058335563286,0.9641423601819642,0.07485523349436392,0.07942028985507246,Epilepsy,1,10,10.0,10,90,SMOTE-raw,0.045,3,206,1.5999999999999999,64,2.0,rf,0.5337259892623913,0.19100491791812013,0.5014744602994282,,,,,,,
0.8974358974358975,0.9432662070040937,0.9432700026759433,0.9609312282579608,0.05401328970623521,0.053948413975270545,Epilepsy,1,10,10.0,10,90,SMOTE-raw,0.045,3,206,1.5999999999999999,64,2.0,ridge,0.5337259892623913,0.19100491791812013,0.5014744602994282,,,,,,,
0.8333333333333334,0.8778790701234258,0.8806529301578807,0.9775220765319775,0.057039774557165863,0.05019323671497585,Epilepsy,1,10,10.0,10,90,guide=gpf | walk=plain,0.045,3,206,1.5999999999999999,64,2.0,rf,0.3230614181090401,0.11429630668353385,1.0523661542109208,0.9375,0.2,0.0,,,,
0.8860759493670886,0.9382885141740148,0.9383195076264383,0.9611988225849611,0.05043907202703918,0.06025955806165475,Epilepsy,1,10,10.0,10,90,guide=gpf | walk=plain,0.045,3,206,1.5999999999999999,64,2.0,ridge,0.3230614181090401,0.11429630668353385,1.0523661542109208,0.9375,0.2,0.0,,,,
0.8333333333333334,0.8778790701234258,0.8806529301578807,0.9775220765319775,0.057039774557165863,0.05019323671497585,Epilepsy,1,10,10.0,10,90,guide=gpf | walk=plain | guard,0.045,3,206,1.5999999999999999,64,2.0,rf,0.3230614181090401,0.11429630668353385,1.0523661542109208,0.9375,1.2,1.0,0.0,1.0,1.05,1.05
0.8860759493670886,0.9382885141740148,0.9383195076264383,0.9611988225849611,0.05043907202703918,0.06025955806165475,Epilepsy,1,10,10.0,10,90,guide=gpf | walk=plain | guard,0.045,3,206,1.5999999999999999,64,2.0,ridge,0.3230614181090401,0.11429630668353385,1.0523661542109208,0.9375,1.2,1.0,0.0,1.0,1.05,1.05
0.746268656716418,0.8013902824470998,0.813085362590313,0.9676210864329676,0.07334935587761675,0.0673671497584541,Epilepsy,1,10,10.0,10,90,guide=gpf | walk=aligned,0.045,3,206,1.5999999999999999,64,2.0,rf,0.8581740915504021,0.2730058577226082,0.8297537982030979,0.9375,0.6,0.0,,,,
0.8974358974358975,0.9432662070040937,0.9432700026759433,0.959058067968959,0.05388461567378288,0.0517501575271559,Epilepsy,1,10,10.0,10,90,guide=gpf | walk=aligned,0.045,3,206,1.5999999999999999,64,2.0,ridge,0.8581740915504021,0.2730058577226082,0.8297537982030979,0.9375,0.6,0.0,,,,
0.746268656716418,0.8013902824470998,0.813085362590313,0.9676210864329676,0.07334935587761675,0.0673671497584541,Epilepsy,1,10,10.0,10,90,guide=gpf | walk=aligned | guard,0.045,3,206,1.5999999999999999,64,2.0,rf,0.8581740915504021,0.2730058577226082,0.8297537982030979,0.9375,1.4,1.0,0.0,1.0,0.83,0.83
0.8974358974358975,0.9432662070040937,0.9432700026759433,0.959058067968959,0.05388461567378288,0.0517501575271559,Epilepsy,1,10,10.0,10,90,guide=gpf | walk=aligned | guard,0.045,3,206,1.5999999999999999,64,2.0,ridge,0.8581740915504021,0.2730058577226082,0.8297537982030979,0.9375,1.4,1.0,0.0,1.0,0.83,0.83
0.7647058823529411,0.817260937640279,0.8265988761038265,0.9550441530639551,0.08401368760064412,0.06623188405797101,Epilepsy,1,10,10.0,10,90,guide=sig | walk=aligned,0.045,3,206,1.5999999999999999,64,2.0,rf,0.7419717747301238,0.22758037068731873,0.9251610346530588,0.5625,0.9,0.0,,,,
0.8831168831168831,0.9296933237422244,0.9297564891624297,0.959058067968959,0.05417348179469558,0.060534950023840836,Epilepsy,1,10,10.0,10,90,guide=sig | walk=aligned,0.045,3,206,1.5999999999999999,64,2.0,ridge,0.7419717747301238,0.22758037068731873,0.9251610346530588,0.5625,0.9,0.0,,,,
0.7647058823529411,0.817260937640279,0.8265988761038265,0.9550441530639551,0.08401368760064412,0.06623188405797101,Epilepsy,1,10,10.0,10,90,guide=sig | walk=aligned | guard,0.045,3,206,1.5999999999999999,64,2.0,rf,0.7419717747301238,0.22758037068731873,0.9251610346530588,0.5625,1.8,1.0,0.0,1.0,0.93,0.93
0.8831168831168831,0.9296933237422244,0.9297564891624297,0.959058067968959,0.05417348179469558,0.060534950023840836,Epilepsy,1,10,10.0,10,90,guide=sig | walk=aligned | guard,0.045,3,206,1.5999999999999999,64,2.0,ridge,0.7419717747301238,0.22758037068731873,0.9251610346530588,0.5625,1.8,1.0,0.0,1.0,0.93,0.93
0.391304347826087,0.4931969619160719,0.6216216216216216,0.9502274551779502,0.12751481481481483,0.1554106280193237,Epilepsy,1,20,20.0,5,95,none,0.045,3,206,1.5999999999999999,64,2.0,rf,,,,,,,,,,
0.14634146341463414,0.28333425154767344,0.5355900454910356,0.9676210864329676,0.1380165926953639,0.16659343906668228,Epilepsy,1,20,20.0,5,95,none,0.045,3,206,1.5999999999999999,64,2.0,ridge,,,,,,,,,,
0.8253968253968254,0.8382736442849095,0.8513513513513513,0.9668183034519668,0.0627268115942029,0.06364734299516905,Epilepsy,1,20,20.0,5,95,SMOTE-raw,0.045,3,206,1.5999999999999999,64,2.0,rf,1.1695406568283935,0.2673245070933664,0.45167071875102094,,,,,,,
0.821917808219178,0.8732948138806063,0.8757024351083758,0.974043350280974,0.06087922819753424,0.045926559905642914,Epilepsy,1,20,20.0,5,95,SMOTE-raw,0.045,3,206,1.5999999999999999,64,2.0,ridge,1.1695406568283935,0.2673245070933664,0.45167071875102094,,,,,,,
0.8787878787878788,0.8853156407653622,0.8918918918918919,0.9854161091784854,0.04516441223832529,0.04468599033816423,Epilepsy,1,20,20.0,5,95,guide=gpf | walk=plain,0.045,3,206,1.5999999999999999,64,2.0,rf,1.980395837881892,0.36810437021829934,1.081749997545016,0.7421875,0.1,0.0,,,,
0.8378378378378378,0.8877304168585124,0.8892159486218891,0.9737757559539738,0.058220479937335035,0.05549097077080089,Epilepsy,1,20,20.0,5,95,guide=gpf | walk=plain,0.045,3,206,1.5999999999999999,64,2.0,ridge,1.980395837881892,0.36810437021829934,1.081749997545016,0.7421875,0.1,0.0,,,,
0.8787878787878788,0.8853156407653622,0.8918918918918919,0.9854161091784854,0.04516441223832529,0.04468599033816423,Epilepsy,1,20,20.0,5,95,guide=gpf | walk=plain | guard,0.045,3,206,1.5999999999999999,64,2.0,rf,1.980395837881892,0.36810437021829934,1.081749997545016,0.7421875,1.0,1.0,0.0,1.0,1.08,1.08
0.8378378378378378,0.8877304168585124,0.8892159486218891,0.9737757559539738,0.058220479937335035,0.05549097077080089,Epilepsy,1,20,20.0,5,95,guide=gpf | walk=plain | guard,0.045,3,206,1.5999999999999999,64,2.0,ridge,1.980395837881892,0.36810437021829934,1.081749997545016,0.7421875,1.0,1.0,0.0,1.0,1.08,1.08
0.8695652173913043,0.891490410038602,0.8955044153063956,0.9771206850414771,0.049301932367149755,0.04304347826086954,Epilepsy,1,20,20.0,5,95,guide=gpf | walk=aligned,0.045,3,206,1.5999999999999999,64,2.0,rf,0.570119035572239,0.12284317603324135,0.8703716231116484,0.7421875,0.7,0.0,,,,
0.875,0.9332842730839682,0.9333690125769334,0.9740433502809741,0.04981532487242807,0.03226966449524119,Epilepsy,1,20,20.0,5,95,guide=gpf | walk=aligned,0.045,3,206,1.5999999999999999,64,2.0,ridge,0.570119035572239,0.12284317603324135,0.8703716231116484,0.7421875,0.7,0.0,,,,
0.8695652173913043,0.891490410038602,0.8955044153063956,0.9771206850414771,0.049301932367149755,0.04304347826086954,Epilepsy,1,20,20.0,5,95,guide=gpf | walk=aligned | guard,0.045,3,206,1.5999999999999999,64,2.0,rf,0.570119035572239,0.12284317603324135,0.8703716231116484,0.7421875,1.6,1.0,0.0,1.0,0.87,0.87
0.875,0.9332842730839682,0.9333690125769334,0.9740433502809741,0.04981532487242807,0.03226966449524119,Epilepsy,1,20,20.0,5,95,guide=gpf | walk=aligned | guard,0.045,3,206,1.5999999999999999,64,2.0,ridge,0.570119035572239,0.12284317603324135,0.8703716231116484,0.7421875,1.6,1.0,0.0,1.0,0.87,0.87
0.8450704225352113,0.8824395115648317,0.8856034252073857,0.9740433502809741,0.05797914653784218,0.035241545893719806,Epilepsy,1,20,20.0,5,95,guide=sig | walk=aligned,0.045,3,206,1.5999999999999999,64,2.0,rf,0.5569546179779641,0.11039193781760082,0.7828193589785829,0.3298611111111111,1.7,0.0,,,,
0.9113924050632911,0.9566465378293674,0.9567835161894568,0.971902595664972,0.04967214806578175,0.042961373166942665,Epilepsy,1,20,20.0,5,95,guide=sig | walk=aligned,0.045,3,206,1.5999999999999999,64,2.0,ridge,0.5569546179779641,0.11039193781760082,0.7828193589785829,0.3298611111111111,1.7,0.0,,,,
0.8450704225352113,0.8824395115648317,0.8856034252073857,0.9740433502809741,0.05797914653784218,0.035241545893719806,Epilepsy,1,20,20.0,5,95,guide=sig | walk=aligned | guard,0.045,3,206,1.5999999999999999,64,2.0,rf,0.5569546179779641,0.11039193781760082,0.7828193589785829,0.3298611111111111,2.6,1.0,0.0,1.0,0.78,0.78
0.9113924050632911,0.9566465378293674,0.9567835161894568,0.971902595664972,0.04967214806578175,0.042961373166942665,Epilepsy,1,20,20.0,5,95,guide=sig | walk=aligned | guard,0.045,3,206,1.5999999999999999,64,2.0,ridge,0.5569546179779641,0.11039193781760082,0.7828193589785829,0.3298611111111111,2.6,1.0,0.0,1.0,0.78,0.78
0.8823529411764706,0.8959815740297358,0.9004549103559005,0.9941129248059941,0.03944202898550725,0.06734299516908213,Epilepsy,2,5,5.0,20,80,none,0.045,3,206,2.1999999999999997,64,2.0,rf,,,,,,,,,,
0.868421052631579,0.9159193278590855,0.9162429756489162,0.9662831147979662,0.054077983381386134,0.04673803253016014,Epilepsy,2,5,5.0,20,80,none,0.045,3,206,2.1999999999999997,64,2.0,ridge,,,,,,,,,,
0.9090909090909091,0.9482177696715555,0.9482204977254483,0.9911693872089911,0.03529822866344605,0.04183574879227053,Epilepsy,2,5,5.0,20,80,SMOTE-raw,0.045,3,206,2.1999999999999997,64,2.0,rf,0.33631075339190186,0.1290291495964626,0.5994463737611011,,,,,,,
0.8860759493670886,0.9382885141740148,0.9383195076264383,0.9638747658549638,0.05115280180752066,0.05095743825218557,Epilepsy,2,5,5.0,20,80,SMOTE-raw,0.045,3,206,2.1999999999999997,64,2.0,ridge,0.33631075339190186,0.1290291495964626,0.5994463737611011,,,,,,,
0.9473684210526315,0.9716340801232448,0.9716350013379716,0.9914369815359914,0.030920370370370372,0.037850241545893726,Epilepsy,2,5,5.0,20,80,guide=gpf | walk=plain,0.045,3,206,2.1999999999999997,64,2.0,rf,0.1927499877337122,0.07146451403813481,1.4874710041744303,0.8333333333333334,0.2,0.0,,,,
0.9135802469135802,0.964724348872221,0.9653465346534653,0.9609312282579608,0.0483320084714106,0.04891782875145398,Epilepsy,2,5,5.0,20,80,guide=gpf | walk=plain,0.045,3,206,2.1999999999999997,64,2.0,ridge,0.1927499877337122,0.07146451403813481,1.4874710041744303,0.8333333333333334,0.2,0.0,,,,
0.9473684210526315,0.9716340801232448,0.9716350013379716,0.9914369815359914,0.030920370370370372,0.037850241545893726,Epilepsy,2,5,5.0,20,80,guide=gpf | walk=plain | guard,0.045,3,206,2.1999999999999997,64,2.0,rf,0.1927499877337122,0.07146451403813481,1.4874710041744303,0.8333333333333334,1.1,1.0,0.0,1.0,1.49,1.49
0.9135802469135802,0.964724348872221,0.9653465346534653,0.9609312282579608,0.0483320084714106,0.04891782875145398,Epilepsy,2,5,5.0,20,80,guide=gpf | walk=plain | guard,0.045,3,206,2.1999999999999997,64,2.0,ridge,0.1927499877337122,0.07146451403813481,1.4874710041744303,0.8333333333333334,1.1,1.0,0.0,1.0,1.49,1.49
0.8974358974358975,0.9432662070040937,0.9432700026759433,0.9834091517259834,0.04497971014492754,0.07188405797101452,Epilepsy,2,5,5.0,20,80,guide=gpf | walk=aligned,0.045,3,206,2.1999999999999997,64,2.0,rf,0.18303006053457405,0.07666081124001456,1.0252818527683034,0.8333333333333334,0.6,0.0,,,,
0.9024390243902439,0.9595791156584854,0.9603960396039604,0.9515654268129515,0.05240745333404705,0.05129259693622097,Epilepsy,2,5,5.0,20,80,guide=gpf | walk=aligned,0.045,3,206,2.1999999999999997,64,2.0,ridge,0.18303006053457405,0.07666081124001456,1.0252818527683034,0.8333333333333334,0.6,0.0,,,,
0.8974358974358975,0.9432662070040937,0.9432700026759433,0.9834091517259834,0.04497971014492754,0.07188405797101452,Epilepsy,2,5,5.0,20,80,guide=gpf | walk=aligned | guard,0.045,3,206,2.1999999999999997,64,2.0,rf,0.18303006053457405,0.07666081124001456,1.0252818527683034,0.8333333333333334,1.6,1.0,0.0,1.0,1.03,1.03
0.9024390243902439,0.9595791156584854,0.9603960396039604,0.9515654268129515,0.05240745333404705,0.05129259693622097,Epilepsy,2,5,5.0,20,80,guide=gpf | walk=aligned | guard,0.045,3,206,2.1999999999999997,64,2.0,ridge,0.18303006053457405,0.07666081124001456,1.0252818527683034,0.8333333333333334,1.6,1.0,0.0,1.0,1.03,1.03
0.8974358974358975,0.9432662070040937,0.9432700026759433,0.9847471233609847,0.043336876006441226,0.06091787439613529,Epilepsy,2,5,5.0,20,80,guide=sig | walk=aligned,0.045,3,206,2.1999999999999997,64,2.0,rf,0.20611188612781195,0.09093800026649523,1.5065313531760618,0.8333333333333334,0.7,0.0,,,,
0.9135802469135802,0.964724348872221,0.9653465346534653,0.9569173133529568,0.05007981336938494,0.05102438351710162,Epilepsy,2,5,5.0,20,80,guide=sig | walk=aligned,0.045,3,206,2.1999999999999997,64,2.0,ridge,0.20611188612781195,0.09093800026649523,1.5065313531760618,0.8333333333333334,0.7,0.0,,,,
0.8974358974358975,0.9432662070040937,0.9432700026759433,0.9847471233609847,0.043336876006441226,0.06091787439613529,Epilepsy,2,5,5.0,20,80,guide=sig | walk=aligned | guard,0.045,3,206,2.1999999999999997,64,2.0,rf,0.20611188612781195,0.09093800026649523,1.5065313531760618,0.8333333333333334,1.7,1.0,0.0,1.0,1.51,1.51
0.9135802469135802,0.964724348872221,0.9653465346534653,0.9569173133529568,0.05007981336938494,0.05102438351710162,Epilepsy,2,5,5.0,20,80,guide=sig | walk=aligned | guard,0.045,3,206,2.1999999999999997,64,2.0,ridge,0.20611188612781195,0.09093800026649523,1.5065313531760618,0.8333333333333334,1.7,1.0,0.0,1.0,1.51,1.51
0.7419354838709677,0.7805845774671758,0.8009098207118008,0.971902595664972,0.08257826086956521,0.08323671497584542,Epilepsy,2,10,10.0,10,90,none,0.045,3,206,2.1999999999999997,64,2.0,rf,,,,,,,,,,
0.746268656716418,0.8013902824470998,0.813085362590313,0.9652127374899652,0.07405616821381378,0.08649945609320331,Epilepsy,2,10,10.0,10,90,none,0.045,3,206,2.1999999999999997,64,2.0,ridge,,,,,,,,,,
0.75,0.7933359043334857,0.8094728391758095,0.9772544822049772,0.07228582930756844,0.07207729468599035,Epilepsy,2,10,10.0,10,90,SMOTE-raw,0.045,3,206,2.1999999999999997,64,2.0,rf,0.4904496039208406,0.15386205792104168,0.5031761495560108,,,,,,,
0.8947368421052632,0.9345736371891054,0.9347069842119347,0.9657479261439657,0.055729230627305,0.0700152554047377,Epilepsy,2,10,10.0,10,90,SMOTE-raw,0.045,3,206,2.1999999999999997,64,2.0,ridge,0.4904496039208406,0.15386205792104168,0.5031761495560108,,,,,,,
0.8285714285714286,0.8676075390703752,0.8720899116938721,0.9854161091784854,0.05075491143317231,0.05487922705314011,Epilepsy,2,10,10.0,10,90,guide=gpf | walk=plain,0.045,3,206,2.1999999999999997,64,2.0,rf,0.23714534122226127,0.084334726399931,0.5994419045300219,0.5625,0.2,0.0,,,,
0.8974358974358975,0.9432662070040937,0.9432700026759433,0.9676210864329675,0.04645657401925196,0.06064659959276168,Epilepsy,2,10,10.0,10,90,guide=gpf | walk=plain,0.045,3,206,2.1999999999999997,64,2.0,ridge,0.23714534122226127,0.084334726399931,0.5994419045300219,0.5625,0.2,0.0,,,,
0.8285714285714286,0.8676075390703752,0.8720899116938721,0.9854161091784854,0.05075491143317231,0.05487922705314011,Epilepsy,2,10,10.0,10,90,guide=gpf | walk=plain | guard,0.045,3,206,2.1999999999999997,64,2.0,rf,0.23714534122226127,0.084334726399931,0.5994419045300219,0.5625,1.1,1.0,0.0,1.0,0.6,0.6
0.8974358974358975,0.9432662070040937,0.9432700026759433,0.9676210864329675,0.04645657401925196,0.06064659959276168,Epilepsy,2,10,10.0,10,90,guide=gpf | walk=plain | guard,0.045,3,206,2.1999999999999997,64,2.0,ridge,0.23714534122226127,0.084334726399931,0.5994419045300219,0.5625,1.1,1.0,0.0,1.0,0.6,0.6
0.8533333333333334,0.901935005463705,0.9027294621354027,0.9876906609579876,0.04410008051529791,0.06210144927536232,Epilepsy,2,10,10.0,10,90,guide=gpf | walk=aligned,0.045,3,206,2.1999999999999997,64,2.0,rf,0.26861763344087675,0.0849404590182875,0.8278709586519075,0.9375,0.6,0.0,,,,
0.9113924050632911,0.9566465378293674,0.9567835161894568,0.9609312282579608,0.047386920730962755,0.04742141909397611,Epilepsy,2,10,10.0,10,90,guide=gpf | walk=aligned,0.045,3,206,2.1999999999999997,64,2.0,ridge,0.26861763344087675,0.0849404590182875,0.8278709586519075,0.9375,0.6,0.0,,,,
0.8533333333333334,0.901935005463705,0.9027294621354027,0.9876906609579876,0.04410008051529791,0.06210144927536232,Epilepsy,2,10,10.0,10,90,guide=gpf | walk=aligned | guard,0.045,3,206,2.1999999999999997,64,2.0,rf,0.26861763344087675,0.0849404590182875,0.8278709586519075,0.9375,1.5,1.0,0.0,1.0,0.83,0.83
0.9113924050632911,0.9566465378293674,0.9567835161894568,0.9609312282579608,0.047386920730962755,0.04742141909397611,Epilepsy,2,10,10.0,10,90,guide=gpf | walk=aligned | guard,0.045,3,206,2.1999999999999997,64,2.0,ridge,0.26861763344087675,0.0849404590182875,0.8278709586519075,0.9375,1.5,1.0,0.0,1.0,0.83,0.83
0.7887323943661971,0.8436829438958168,0.8486754080813487,0.9748461332619749,0.06542399355877615,0.07642512077294683,Epilepsy,2,10,10.0,10,90,guide=sig | walk=aligned,0.045,3,206,2.1999999999999997,64,2.0,rf,0.3073366528803414,0.09700831236122054,0.6025472911201185,0.5625,0.8,0.0,,,,
0.9113924050632911,0.9566465378293674,0.9567835161894568,0.9636071715279636,0.04746403075452619,0.05811307967528534,Epilepsy,2,10,10.0,10,90,guide=sig | walk=aligned,0.045,3,206,2.1999999999999997,64,2.0,ridge,0.3073366528803414,0.09700831236122054,0.6025472911201185,0.5625,0.8,0.0,,,,
0.7887323943661971,0.8436829438958168,0.8486754080813487,0.9748461332619749,0.06542399355877615,0.07642512077294683,Epilepsy,2,10,10.0,10,90,guide=sig | walk=aligned | guard,0.045,3,206,2.1999999999999997,64,2.0,rf,0.3073366528803414,0.09700831236122054,0.6025472911201185,0.5625,1.8,1.0,0.0,1.0,0.6,0.6
0.9113924050632911,0.9566465378293674,0.9567835161894568,0.9636071715279636,0.04746403075452619,0.05811307967528534,Epilepsy,2,10,10.0,10,90,guide=sig | walk=aligned | guard,0.045,3,206,2.1999999999999997,64,2.0,ridge,0.3073366528803414,0.09700831236122054,0.6025472911201185,0.5625,1.8,1.0,0.0,1.0,0.6,0.6
0.49056603773584906,0.5838794161454409,0.6608241905271608,0.9404602622424404,0.11689186795491144,0.1339855072463768,Epilepsy,2,20,20.0,5,95,none,0.045,3,206,1.5999999999999999,64,2.0,rf,,,,,,,,,,
0.71875,0.7726596556942759,0.7910088306127909,0.9622691998929622,0.09277508555943541,0.11439321813513192,Epilepsy,2,20,20.0,5,95,none,0.045,3,206,1.5999999999999999,64,2.0,ridge,,,,,,,,,,
0.6206896551724138,0.6870490468870997,0.7283917580947283,0.9535723842654537,0.10819806763285024,0.10787439613526568,Epilepsy,2,20,20.0,5,95,SMOTE-raw,0.045,3,206,1.5999999999999999,64,2.0,rf,0.6525092522664588,0.21823392403015984,0.5263127774712287,,,,,,,
0.8493150684931506,0.8923904510654496,0.8941664436713941,0.9614664169119614,0.06746469360046925,0.06446771088749417,Epilepsy,2,20,20.0,5,95,SMOTE-raw,0.045,3,206,1.5999999999999999,64,2.0,ridge,0.6525092522664588,0.21823392403015984,0.5263127774712287,,,,,,,
0.8529411764705882,0.8765063107689347,0.881990901792882,0.9878244581214878,0.04742946859903382,0.04096618357487923,Epilepsy,2,20,20.0,5,95,guide=gpf | walk=plain,0.045,3,206,1.5999999999999999,64,2.0,rf,0.5702201823493438,0.19605203890041878,1.2145152023685748,0.9895833333333334,0.3,0.0,,,,
0.8533333333333334,0.901935005463705,0.9027294621354027,0.9638747658549639,0.05784176008099238,0.04574162117383098,Epilepsy,2,20,20.0,5,95,guide=gpf | walk=plain,0.045,3,206,1.5999999999999999,64,2.0,ridge,0.5702201823493438,0.19605203890041878,1.2145152023685748,0.9895833333333334,0.3,0.0,,,,
0.8529411764705882,0.8765063107689347,0.881990901792882,0.9878244581214878,0.04742946859903382,0.04096618357487923,Epilepsy,2,20,20.0,5,95,guide=gpf | walk=plain | guard,0.045,3,206,1.5999999999999999,64,2.0,rf,0.5702201823493438,0.19605203890041878,1.2145152023685748,0.9895833333333334,1.2,1.0,0.0,1.0,1.21,1.21
0.8533333333333334,0.901935005463705,0.9027294621354027,0.9638747658549639,0.05784176008099238,0.04574162117383098,Epilepsy,2,20,20.0,5,95,guide=gpf | walk=plain | guard,0.045,3,206,1.5999999999999999,64,2.0,ridge,0.5702201823493438,0.19605203890041878,1.2145152023685748,0.9895833333333334,1.2,1.0,0.0,1.0,1.21,1.21
0.78125,0.8138156789627872,0.8279368477388279,0.9676210864329676,0.07722737520128824,0.06816425120772948,Epilepsy,2,20,20.0,5,95,guide=gpf | walk=aligned,0.045,3,206,1.5999999999999999,64,2.0,rf,0.9443959754904465,0.29010552199382833,1.1687746779995687,0.9895833333333334,0.6,0.0,,,,
0.8493150684931506,0.8923904510654496,0.8941664436713941,0.962001605565962,0.06485082085504783,0.05211458693786009,Epilepsy,2,20,20.0,5,95,guide=gpf | walk=aligned,0.045,3,206,1.5999999999999999,64,2.0,ridge,0.9443959754904465,0.29010552199382833,1.1687746779995687,0.9895833333333334,0.6,0.0,,,,
0.78125,0.8138156789627872,0.8279368477388279,0.9676210864329676,0.07722737520128824,0.06816425120772948,Epilepsy,2,20,20.0,5,95,guide=gpf | walk=aligned | guard,0.045,3,206,1.5999999999999999,64,2.0,rf,0.9443959754904465,0.29010552199382833,1.1687746779995687,0.9895833333333334,1.5,1.0,0.0,1.0,1.17,1.17
0.8493150684931506,0.8923904510654496,0.8941664436713941,0.962001605565962,0.06485082085504783,0.05211458693786009,Epilepsy,2,20,20.0,5,95,guide=gpf | walk=aligned | guard,0.045,3,206,1.5999999999999999,64,2.0,ridge,0.9443959754904465,0.29010552199382833,1.1687746779995687,0.9895833333333334,1.5,1.0,0.0,1.0,1.17,1.17
0.7575757575757576,0.8055533768631653,0.818035857639818,0.9652127374899652,0.08235515297906604,0.08055555555555553,Epilepsy,2,20,20.0,5,95,guide=sig | walk=aligned,0.045,3,206,1.5999999999999999,64,2.0,rf,0.8025045669635953,0.2537281259335964,0.5448720627534088,0.4947916666666667,0.9,0.0,,,,
0.8493150684931506,0.8923904510654496,0.8941664436713941,0.9617340112389616,0.06341689539654677,0.06091734211028828,Epilepsy,2,20,20.0,5,95,guide=sig | walk=aligned,0.045,3,206,1.5999999999999999,64,2.0,ridge,0.8025045669635953,0.2537281259335964,0.5448720627534088,0.4947916666666667,0.9,0.0,,,,
0.7575757575757576,0.8055533768631653,0.818035857639818,0.9652127374899652,0.08235515297906604,0.08055555555555553,Epilepsy,2,20,20.0,5,95,guide=sig | walk=aligned | guard,0.045,3,206,1.5999999999999999,64,2.0,rf,0.8025045669635953,0.2537281259335964,0.5448720627534088,0.4947916666666667,1.7,1.0,0.0,1.0,0.54,0.54
0.8493150684931506,0.8923904510654496,0.8941664436713941,0.9617340112389616,0.06341689539654677,0.06091734211028828,Epilepsy,2,20,20.0,5,95,guide=sig | walk=aligned | guard,0.045,3,206,1.5999999999999999,64,2.0,ridge,0.8025045669635953,0.2537281259335964,0.5448720627534088,0.4947916666666667,1.7,1.0,0.0,1.0,0.54,0.54
0.9310344827586207,0.9455157322858251,0.9466666666666667,0.9908888888888889,0.02831611111111111,0.06209259259259259,NATOPS,0,5,5.0,30,120,none,0.715,24,51,2.1999999999999997,64,2.0,rf,,,,,,,,,,
0.9491525423728814,0.9628660919936433,0.9633333333333334,0.9904444444444445,0.016745334211713883,0.01627020935796178,NATOPS,0,5,5.0,30,120,none,0.715,24,51,2.1999999999999997,64,2.0,ridge,,,,,,,,,,
0.8813559322033898,0.9215928240461366,0.9233333333333333,0.9846666666666667,0.03450913580246914,0.0414074074074074,NATOPS,0,5,5.0,30,120,SMOTE-raw,0.715,24,51,2.1999999999999997,64,2.0,rf,0.6511561796644729,0.08881383341467453,0.6881414134025718,,,,,,,
0.9032258064516129,0.9531235200352809,0.9533333333333334,0.99,0.027210209285529776,0.03548249898485331,NATOPS,0,5,5.0,30,120,SMOTE-raw,0.715,24,51,2.1999999999999997,64,2.0,ridge,0.6511561796644729,0.08881383341467453,0.6881414134025718,,,,,,,
0.8928571428571429,0.9098229375970788,0.9133333333333333,0.9956666666666667,0.019881296296296293,0.04775925925925925,NATOPS,0,5,5.0,30,120,guide=gpf | walk=plain,0.715,24,51,2.1999999999999997,64,2.0,rf,3.342674500807642,0.08462301210060763,10.0947449224393,0.75,1.4,0.0,,,,
0.9152542372881356,0.9423375191511798,0.9433333333333334,0.9875555555555556,0.02030295115002156,0.023390793510630205,NATOPS,0,5,5.0,30,120,guide=gpf | walk=plain,0.715,24,51,2.1999999999999997,64,2.0,ridge,3.342674500807642,0.08462301210060763,10.0947449224393,0.75,1.4,0.0,,,,
0.8852459016393442,0.9359487165438072,0.9366666666666668,0.9903333333333334,0.03243611111111111,0.0577962962962963,NATOPS,0,5,5.0,30,120,guide=gpf | walk=plain | guard,0.715,24,51,2.1999999999999997,64,2.0,rf,0.9176373053167275,0.11910122896268316,1.7637760253795818,0.75,3.5,1.0,1.0,0.445,10.09,1.76
0.9508196721311475,0.9766154707855993,0.9766666666666667,0.9948888888888889,0.016614217756326266,0.03351153613564272,NATOPS,0,5,5.0,30,120,guide=gpf | walk=plain | guard,0.715,24,51,2.1999999999999997,64,2.0,ridge,0.9176373053167275,0.11910122896268316,1.7637760253795818,0.75,3.5,1.0,1.0,0.445,10.09,1.76
0.9666666666666667,0.9799092928543041,0.98,0.9971111111111111,0.01506796296296296,0.03861111111111112,NATOPS,0,5,5.0,30,120,guide=gpf | walk=aligned,0.715,24,51,2.1999999999999997,64,2.0,rf,0.45838087761317503,0.05754096616655047,2.6575357526580485,0.75,1.8,0.0,,,,
0.9666666666666667,0.9799092928543041,0.98,0.9866666666666666,0.01621971399350269,0.024760229692638074,NATOPS,0,5,5.0,30,120,guide=gpf | walk=aligned,0.715,24,51,2.1999999999999997,64,2.0,ridge,0.45838087761317503,0.05754096616655047,2.6575357526580485,0.75,1.8,0.0,,,,
0.9666666666666667,0.9799092928543041,0.98,0.9972222222222222,0.015768395061728394,0.04151851851851852,NATOPS,0,5,5.0,30,120,guide=gpf | walk=aligned | guard,0.715,24,51,2.1999999999999997,64,2.0,rf,0.4344155791454076,0.06378632782310267,1.4167436563479208,0.75,3.6,1.0,1.0,0.868,2.66,1.42
0.9666666666666667,0.9799092928543041,0.98,0.988,0.01610732142738436,0.023889156290601087,NATOPS,0,5,5.0,30,120,guide=gpf | walk=aligned | guard,0.715,24,51,2.1999999999999997,64,2.0,ridge,0.4344155791454076,0.06378632782310267,1.4167436563479208,0.75,3.6,1.0,1.0,0.868,2.66,1.42
0.9666666666666667,0.9799092928543041,0.98,0.9981111111111112,0.015497530864197532,0.04666666666666668,NATOPS,0,5,5.0,30,120,guide=sig | walk=aligned,0.715,24,51,2.1999999999999997,64,2.0,rf,1.0170098210404515,0.07025997525896466,2.3083966257926343,0.9375,0.9,0.0,,,,
0.9354838709677419,0.9733105020153298,0.9733333333333334,0.9853333333333334,0.022062879659834552,0.03723719444648845,NATOPS,0,5,5.0,30,120,guide=sig | walk=aligned,0.715,24,51,2.1999999999999997,64,2.0,ridge,1.0170098210404515,0.07025997525896466,2.3083966257926343,0.9375,0.9,0.0,,,,
0.9666666666666667,0.9799092928543041,0.98,0.9978888888888889,0.015099567901234569,0.045351851851851865,NATOPS,0,5,5.0,30,120,guide=sig | walk=aligned | guard,0.715,24,51,2.1999999999999997,64,2.0,rf,0.8857947588895563,0.06607919214760427,1.9129131380560542,0.9375,2.6,1.0,1.0,0.931,2.31,1.91
0.9354838709677419,0.9733105020153298,0.9733333333333334,0.9860000000000001,0.021617000116279237,0.03304714097311274,NATOPS,0,5,5.0,30,120,guide=sig | walk=aligned | guard,0.715,24,51,2.1999999999999997,64,2.0,ridge,0.8857947588895563,0.06607919214760427,1.9129131380560542,0.9375,2.6,1.0,1.0,0.931,2.31,1.91
0.6666666666666666,0.7071067811865476,0.75,0.9755555555555555,0.05245074074074075,0.060148148148148145,NATOPS,0,10,10.0,15,135,none,0.715,24,51,2.1999999999999997,64,2.0,rf,,,,,,,,,,
0.9122807017543859,0.927840982544363,0.9299999999999999,0.982,0.019357181708090747,0.023192010230106704,NATOPS,0,10,10.0,15,135,none,0.715,24,51,2.1999999999999997,64,2.0,ridge,,,,,,,,,,
0.8928571428571429,0.9098229375970788,0.9133333333333333,0.994,0.02898098765432099,0.04848148148148147,NATOPS,0,10,10.0,15,135,SMOTE-raw,0.715,24,51,2.1999999999999997,64,2.0,rf,0.8602940073794088,0.08518469593187428,0.6711206906446882,,,,,,,
0.9206349206349206,0.9699942726062298,0.97,0.9913333333333333,0.020587914866013426,0.02334602215934734,NATOPS,0,10,10.0,15,135,SMOTE-raw,0.715,24,51,2.1999999999999997,64,2.0,ridge,0.8602940073794088,0.08518469593187428,0.6711206906446882,,,,,,,
0.9285714285714286,0.9309493362512627,0.9333333333333333,0.9878888888888888,0.02422006172839506,0.04398148148148148,NATOPS,0,10,10.0,15,135,guide=gpf | walk=plain,0.715,24,51,2.1999999999999997,64,2.0,rf,5.911252957072833,0.1158836214554606,12.94684350293182,0.84375,1.5,0.0,,,,
0.9152542372881356,0.9423375191511798,0.9433333333333334,0.9804444444444445,0.018998857693499953,0.013985644473661917,NATOPS,0,10,10.0,15,135,guide=gpf | walk=plain,0.715,24,51,2.1999999999999997,64,2.0,ridge,5.911252957072833,0.1158836214554606,12.94684350293182,0.84375,1.5,0.0,,,,
0.9310344827586207,0.9455157322858251,0.9466666666666667,0.9937777777777778,0.026340123456790123,0.0662962962962963,NATOPS,0,10,10.0,15,135,guide=gpf | walk=plain | guard,0.715,24,51,2.1999999999999997,64,2.0,rf,1.3947535977165995,0.1033023843200529,1.184151437437348,0.84375,3.6,1.0,1.0,0.393,12.95,1.18
0.8923076923076924,0.9633275663033836,0.9633333333333334,0.9875555555555555,0.02865627190887134,0.03206169170865024,NATOPS,0,10,10.0,15,135,guide=gpf | walk=plain | guard,0.715,24,51,2.1999999999999997,64,2.0,ridge,1.3947535977165995,0.1033023843200529,1.184151437437348,0.84375,3.6,1.0,1.0,0.393,12.95,1.18
0.9090909090909091,0.9128709291752769,0.9166666666666667,0.9916666666666667,0.019550308641975312,0.03312962962962964,NATOPS,0,10,10.0,15,135,guide=gpf | walk=aligned,0.715,24,51,2.1999999999999997,64,2.0,rf,1.4067617239781,0.07942305511558545,0.9704558287336938,0.84375,1.5,0.0,,,,
0.9180327868852459,0.9563820714895624,0.9566666666666667,0.9802222222222223,0.019266136040231193,0.018567958021378676,NATOPS,0,10,10.0,15,135,guide=gpf | walk=aligned,0.715,24,51,2.1999999999999997,64,2.0,ridge,1.4067617239781,0.07942305511558545,0.9704558287336938,0.84375,1.5,0.0,,,,
0.9090909090909091,0.9128709291752769,0.9166666666666667,0.9916666666666667,0.019550308641975312,0.03312962962962964,NATOPS,0,10,10.0,15,135,guide=gpf | walk=aligned | guard,0.715,24,51,2.1999999999999997,64,2.0,rf,1.4067617239781,0.07942305511558545,0.9704558287336938,0.84375,3.1,1.0,0.0,1.0,0.97,0.97
0.9180327868852459,0.9563820714895624,0.9566666666666667,0.9802222222222223,0.019266136040231193,0.018567958021378676,NATOPS,0,10,10.0,15,135,guide=gpf | walk=aligned | guard,0.715,24,51,2.1999999999999997,64,2.0,ridge,1.4067617239781,0.07942305511558545,0.9704558287336938,0.84375,3.1,1.0,0.0,1.0,0.97,0.97
0.9491525423728814,0.9628660919936433,0.9633333333333334,0.9957777777777778,0.017964629629629626,0.04246296296296296,NATOPS,0,10,10.0,15,135,guide=sig | walk=aligned,0.715,24,51,2.1999999999999997,64,2.0,rf,1.281654890617192,0.08171947722224415,0.8969739944638147,0.703125,1.1,0.0,,,,
0.9180327868852459,0.9563820714895624,0.9566666666666667,0.9762222222222223,0.023401493130819923,0.025968116676934223,NATOPS,0,10,10.0,15,135,guide=sig | walk=aligned,0.715,24,51,2.1999999999999997,64,2.0,ridge,1.281654890617192,0.08171947722224415,0.8969739944638147,0.703125,1.1,0.0,,,,
0.9491525423728814,0.9628660919936433,0.9633333333333334,0.9957777777777778,0.017964629629629626,0.04246296296296296,NATOPS,0,10,10.0,15,135,guide=sig | walk=aligned | guard,0.715,24,51,2.1999999999999997,64,2.0,rf,1.281654890617192,0.08171947722224415,0.8969739944638147,0.703125,2.6,1.0,0.0,1.0,0.9,0.9
0.9180327868852459,0.9563820714895624,0.9566666666666667,0.9762222222222223,0.023401493130819923,0.025968116676934223,NATOPS,0,10,10.0,15,135,guide=sig | walk=aligned | guard,0.715,24,51,2.1999999999999997,64,2.0,ridge,1.281654890617192,0.08171947722224415,0.8969739944638147,0.703125,2.6,1.0,0.0,1.0,0.9,0.9
0.5365853658536586,0.6055300708194983,0.6833333333333333,0.9822222222222223,0.06294987654320988,0.08596296296296295,NATOPS,0,20,18.8,8,142,none,0.715,24,51,1.7999999999999998,64,2.0,rf,,,,,,,,,,
0.8928571428571429,0.9098229375970788,0.9133333333333333,0.9875555555555555,0.021341725121892193,0.022655355429271384,NATOPS,0,20,18.8,8,142,none,0.715,24,51,1.7999999999999998,64,2.0,ridge,,,,,,,,,,
0.7547169811320755,0.8082903768654761,0.8233333333333333,0.9536666666666667,0.06158611111111111,0.046240740740740735,NATOPS,0,20,18.8,8,142,SMOTE-raw,0.715,24,51,1.7999999999999998,64,2.0,rf,2.748159675317309,0.25119201559425164,0.6052598570086981,,,,,,,
0.9032258064516129,0.9531235200352809,0.9533333333333334,0.9913333333333333,0.02616041768917653,0.035593145369815386,NATOPS,0,20,18.8,8,142,SMOTE-raw,0.715,24,51,1.7999999999999998,64,2.0,ridge,2.748159675317309,0.25119201559425164,0.6052598570086981,,,,,,,
0.9310344827586207,0.9455157322858251,0.9466666666666667,0.9955555555555555,0.025527345679012346,0.05375925925925927,NATOPS,0,20,18.8,8,142,guide=gpf | walk=plain,0.715,24,51,1.7999999999999998,64,2.0,rf,2.116816413996993,0.15140007851354265,1.7996211961300879,0.6339285714285714,1.9,0.0,,,,
0.9152542372881356,0.9423375191511798,0.9433333333333334,0.9828888888888889,0.02282109611273221,0.023607600141863888,NATOPS,0,20,18.8,8,142,guide=gpf | walk=plain,0.715,24,51,1.7999999999999998,64,2.0,ridge,2.116816413996993,0.15140007851354265,1.7996211961300879,0.6339285714285714,1.9,0.0,,,,
0.9310344827586207,0.9455157322858251,0.9466666666666667,0.9955555555555555,0.025527345679012346,0.05375925925925927,NATOPS,0,20,18.8,8,142,guide=gpf | walk=plain | guard,0.715,24,51,1.7999999999999998,64,2.0,rf,2.116816413996993,0.15140007851354265,1.7996211961300879,0.6339285714285714,3.3,1.0,0.0,1.0,1.8,1.8
0.9152542372881356,0.9423375191511798,0.9433333333333334,0.9828888888888889,0.02282109611273221,0.023607600141863888,NATOPS,0,20,18.8,8,142,guide=gpf | walk=plain | guard,0.715,24,51,1.7999999999999998,64,2.0,ridge,2.116816413996993,0.15140007851354265,1.7996211961300879,0.6339285714285714,3.3,1.0,0.0,1.0,1.8,1.8
0.9310344827586207,0.9455157322858251,0.9466666666666667,0.9947777777777778,0.021726543209876544,0.04677777777777778,NATOPS,0,20,18.8,8,142,guide=gpf | walk=aligned,0.715,24,51,1.7999999999999998,64,2.0,rf,2.957750255057304,0.26782850915068146,0.6804769057626516,0.4034090909090909,3.1,0.0,,,,
0.9,0.9391485505499118,0.94,0.9893333333333334,0.02197638204776433,0.022021862921453427,NATOPS,0,20,18.8,8,142,guide=gpf | walk=aligned,0.715,24,51,1.7999999999999998,64,2.0,ridge,2.957750255057304,0.26782850915068146,0.6804769057626516,0.4034090909090909,3.1,0.0,,,,
0.9310344827586207,0.9455157322858251,0.9466666666666667,0.9947777777777778,0.021726543209876544,0.04677777777777778,NATOPS,0,20,18.8,8,142,guide=gpf | walk=aligned | guard,0.715,24,51,1.7999999999999998,64,2.0,rf,2.957750255057304,0.26782850915068146,0.6804769057626516,0.4034090909090909,4.7,1.0,0.0,1.0,0.68,0.68
0.9,0.9391485505499118,0.94,0.9893333333333334,0.02197638204776433,0.022021862921453427,NATOPS,0,20,18.8,8,142,guide=gpf | walk=aligned | guard,0.715,24,51,1.7999999999999998,64,2.0,ridge,2.957750255057304,0.26782850915068146,0.6804769057626516,0.4034090909090909,4.7,1.0,0.0,1.0,0.68,0.68
0.9310344827586207,0.9455157322858251,0.9466666666666667,0.9957777777777778,0.021777901234567902,0.04659259259259259,NATOPS,0,20,18.8,8,142,guide=sig | walk=aligned,0.715,24,51,1.7999999999999998,64,2.0,rf,2.4986888577070268,0.26485914871769134,0.6431753028702375,0.5546875,1.0,0.0,,,,
0.9333333333333333,0.959629558157151,0.96,0.9922222222222222,0.02102424711867758,0.023085522787563477,NATOPS,0,20,18.8,8,142,guide=sig | walk=aligned,0.715,24,51,1.7999999999999998,64,2.0,ridge,2.4986888577070268,0.26485914871769134,0.6431753028702375,0.5546875,1.0,0.0,,,,
0.9310344827586207,0.9455157322858251,0.9466666666666667,0.9957777777777778,0.021777901234567902,0.04659259259259259,NATOPS,0,20,18.8,8,142,guide=sig | walk=aligned | guard,0.715,24,51,1.7999999999999998,64,2.0,rf,2.4986888577070268,0.26485914871769134,0.6431753028702375,0.5546875,2.5,1.0,0.0,1.0,0.64,0.64
0.9333333333333333,0.959629558157151,0.96,0.9922222222222222,0.02102424711867758,0.023085522787563477,NATOPS,0,20,18.8,8,142,guide=sig | walk=aligned | guard,0.715,24,51,1.7999999999999998,64,2.0,ridge,2.4986888577070268,0.26485914871769134,0.6431753028702375,0.5546875,2.5,1.0,0.0,1.0,0.64,0.64
0.8727272727272727,0.8914407813571615,0.8966666666666667,0.9905555555555556,0.02892160493827161,0.06581481481481483,NATOPS,1,5,5.0,30,120,none,0.715,24,51,2.1999999999999997,64,2.0,rf,,,,,,,,,,
0.9491525423728814,0.9628660919936433,0.9633333333333334,0.9904444444444445,0.016745334211713866,0.016270209357960974,NATOPS,1,5,5.0,30,120,none,0.715,24,51,2.1999999999999997,64,2.0,ridge,,,,,,,,,,
0.8771929824561403,0.9067647005823629,0.91,0.9886666666666667,0.03135753086419753,0.03177777777777777,NATOPS,1,5,5.0,30,120,SMOTE-raw,0.715,24,51,2.1999999999999997,64,2.0,rf,0.5949950493120859,0.09032701805860222,0.6596110019213178,,,,,,,
0.9032258064516129,0.9531235200352809,0.9533333333333334,0.9924444444444445,0.021912608398048965,0.027564736375777867,NATOPS,1,5,5.0,30,120,SMOTE-raw,0.715,24,51,2.1999999999999997,64,2.0,ridge,0.5949950493120859,0.09032701805860222,0.6596110019213178,,,,,,,
0.9666666666666667,0.9799092928543041,0.98,0.9968888888888889,0.017112716049382713,0.04507407407407409,NATOPS,1,5,5.0,30,120,guide=gpf | walk=plain,0.715,24,51,2.1999999999999997,64,2.0,rf,1.3528842793956022,0.04039590310518304,6.116797756480887,0.75,1.4,0.0,,,,
0.9491525423728814,0.9628660919936433,0.9633333333333334,0.9904444444444445,0.017192731099876152,0.027456124842295773,NATOPS,1,5,5.0,30,120,guide=gpf | walk=plain,0.715,24,51,2.1999999999999997,64,2.0,ridge,1.3528842793956022,0.04039590310518304,6.116797756480887,0.75,1.4,0.0,,,,
0.8852459016393442,0.9359487165438072,0.9366666666666668,0.987111111111111,0.03612345679012346,0.05259259259259258,NATOPS,1,5,5.0,30,120,guide=gpf | walk=plain | guard,0.715,24,51,2.1999999999999997,64,2.0,rf,0.9238976383485449,0.1200929891788185,1.301325854079148,0.75,3.1,1.0,1.0,0.572,6.12,1.3
0.9354838709677419,0.9733105020153298,0.9733333333333334,0.9933333333333334,0.021219010101792526,0.037155766796253,NATOPS,1,5,5.0,30,120,guide=gpf | walk=plain | guard,0.715,24,51,2.1999999999999997,64,2.0,ridge,0.9238976383485449,0.1200929891788185,1.301325854079148,0.75,3.1,1.0,1.0,0.572,6.12,1.3
0.9666666666666667,0.9799092928543041,0.98,0.9976666666666667,0.013514691358024692,0.0374814814814815,NATOPS,1,5,5.0,30,120,guide=gpf | walk=aligned,0.715,24,51,2.1999999999999997,64,2.0,rf,0.4587989363040963,0.06777962030253926,0.7805806964914141,0.75,1.6,0.0,,,,
0.9666666666666667,0.9799092928543041,0.98,0.9902222222222222,0.0156103929803786,0.02101121932280801,NATOPS,1,5,5.0,30,120,guide=gpf | walk=aligned,0.715,24,51,2.1999999999999997,64,2.0,ridge,0.4587989363040963,0.06777962030253926,0.7805806964914141,0.75,1.6,0.0,,,,
0.9666666666666667,0.9799092928543041,0.98,0.9976666666666667,0.013514691358024692,0.0374814814814815,NATOPS,1,5,5.0,30,120,guide=gpf | walk=aligned | guard,0.715,24,51,2.1999999999999997,64,2.0,rf,0.4587989363040963,0.06777962030253926,0.7805806964914141,0.75,3.1,1.0,0.0,1.0,0.78,0.78
0.9666666666666667,0.9799092928543041,0.98,0.9902222222222222,0.0156103929803786,0.02101121932280801,NATOPS,1,5,5.0,30,120,guide=gpf | walk=aligned | guard,0.715,24,51,2.1999999999999997,64,2.0,ridge,0.4587989363040963,0.06777962030253926,0.7805806964914141,0.75,3.1,1.0,0.0,1.0,0.78,0.78
0.9666666666666667,0.9799092928543041,0.98,0.9961111111111111,0.01637561728395062,0.04194444444444448,NATOPS,1,5,5.0,30,120,guide=sig | walk=aligned,0.715,24,51,2.1999999999999997,64,2.0,rf,0.7671572685238681,0.06794487043683484,1.3447663347674648,0.75,1.0,0.0,,,,
0.9666666666666667,0.9799092928543041,0.98,0.9893333333333333,0.016812528419880027,0.026633527524486323,NATOPS,1,5,5.0,30,120,guide=sig | walk=aligned,0.715,24,51,2.1999999999999997,64,2.0,ridge,0.7671572685238681,0.06794487043683484,1.3447663347674648,0.75,1.0,0.0,,,,
0.9666666666666667,0.9799092928543041,0.98,0.9961111111111111,0.01637561728395062,0.04194444444444448,NATOPS,1,5,5.0,30,120,guide=sig | walk=aligned | guard,0.715,24,51,2.1999999999999997,64,2.0,rf,0.7671572685238681,0.06794487043683484,1.3447663347674648,0.75,2.5,1.0,0.0,1.0,1.34,1.34
0.9666666666666667,0.9799092928543041,0.98,0.9893333333333333,0.016812528419880027,0.026633527524486323,NATOPS,1,5,5.0,30,120,guide=sig | walk=aligned | guard,0.715,24,51,2.1999999999999997,64,2.0,ridge,0.7671572685238681,0.06794487043683484,1.3447663347674648,0.75,2.5,1.0,0.0,1.0,1.34,1.34
0.8,0.816496580927726,0.8333333333333333,0.9837777777777778,0.04413524691358024,0.06642592592592593,NATOPS,1,10,10.0,15,135,none,0.715,24,51,2.0,64,2.0,rf,,,,,,,,,,
0.9310344827586207,0.9455157322858251,0.9466666666666667,0.9808888888888889,0.01774177368885013,0.02398040989313395,NATOPS,1,10,10.0,15,135,none,0.715,24,51,2.0,64,2.0,ridge,,,,,,,,,,
0.8301886792452831,0.8534895690308373,0.8633333333333333,0.979,0.04611722222222222,0.0387962962962963,NATOPS,1,10,10.0,15,135,SMOTE-raw,0.715,24,51,2.0,64,2.0,rf,0.9226132976617887,0.1120375300322839,0.6319210057479303,,,,,,,
0.9508196721311475,0.9766154707855993,0.9766666666666667,0.9808888888888889,0.01753545447171373,0.01947885938355217,NATOPS,1,10,10.0,15,135,SMOTE-raw,0.715,24,51,2.0,64,2.0,ridge,0.9226132976617887,0.1120375300322839,0.6319210057479303,,,,,,,
0.9491525423728814,0.9628660919936433,0.9633333333333334,0.9967777777777778,0.01600253086419753,0.04401851851851854,NATOPS,1,10,10.0,15,135,guide=gpf | walk=plain,0.715,24,51,2.0,64,2.0,rf,1.0295327119131379,0.039975081994413686,5.536208827289454,0.84375,1.7,0.0,,,,
0.9666666666666667,0.9799092928543041,0.98,0.9835555555555555,0.015076926938533675,0.01877189749824607,NATOPS,1,10,10.0,15,135,guide=gpf | walk=plain,0.715,24,51,2.0,64,2.0,ridge,1.0295327119131379,0.039975081994413686,5.536208827289454,0.84375,1.7,0.0,,,,
0.9152542372881356,0.9423375191511798,0.9433333333333334,0.9940000000000001,0.029329753086419757,0.05785185185185184,NATOPS,1,10,10.0,15,135,guide=gpf | walk=plain | guard,0.715,24,51,2.0,64,2.0,rf,1.0082514536330214,0.12783497583547654,1.3472244027505507,0.84375,3.8,1.0,1.0,0.601,5.54,1.35
0.9508196721311475,0.9766154707855993,0.9766666666666667,0.9824444444444445,0.017714196186169002,0.024159875593550217,NATOPS,1,10,10.0,15,135,guide=gpf | walk=plain | guard,0.715,24,51,2.0,64,2.0,ridge,1.0082514536330214,0.12783497583547654,1.3472244027505507,0.84375,3.8,1.0,1.0,0.601,5.54,1.35
0.9666666666666667,0.9799092928543041,0.98,0.9973333333333333,0.015061358024691357,0.040999999999999995,NATOPS,1,10,10.0,15,135,guide=gpf | walk=aligned,0.715,24,51,2.0,64,2.0,rf,0.4842005983507045,0.06669898558977816,0.8737679544033581,0.84375,1.7,0.0,,,,
0.9666666666666667,0.9799092928543041,0.98,0.9822222222222223,0.013976069776204792,0.013559708187413817,NATOPS,1,10,10.0,15,135,guide=gpf | walk=aligned,0.715,24,51,2.0,64,2.0,ridge,0.4842005983507045,0.06669898558977816,0.8737679544033581,0.84375,1.7,0.0,,,,
0.9666666666666667,0.9799092928543041,0.98,0.9973333333333333,0.015061358024691357,0.040999999999999995,NATOPS,1,10,10.0,15,135,guide=gpf | walk=aligned | guard,0.715,24,51,2.0,64,2.0,rf,0.4842005983507045,0.06669898558977816,0.8737679544033581,0.84375,3.5,1.0,0.0,1.0,0.87,0.87
0.9666666666666667,0.9799092928543041,0.98,0.9822222222222223,0.013976069776204792,0.013559708187413817,NATOPS,1,10,10.0,15,135,guide=gpf | walk=aligned | guard,0.715,24,51,2.0,64,2.0,ridge,0.4842005983507045,0.06669898558977816,0.8737679544033581,0.84375,3.5,1.0,0.0,1.0,0.87,0.87
0.9666666666666667,0.9799092928543041,0.98,0.9984444444444444,0.013598641975308641,0.046111111111111096,NATOPS,1,10,10.0,15,135,guide=sig | walk=aligned,0.715,24,51,2.0,64,2.0,rf,0.6463354906793279,0.10080426570292722,0.8186692352539103,0.84375,1.0,0.0,,,,
0.9666666666666667,0.9799092928543041,0.98,0.9822222222222221,0.01394243036528691,0.013604431437380942,NATOPS,1,10,10.0,15,135,guide=sig | walk=aligned,0.715,24,51,2.0,64,2.0,ridge,0.6463354906793279,0.10080426570292722,0.8186692352539103,0.84375,1.0,0.0,,,,
0.9666666666666667,0.9799092928543041,0.98,0.9984444444444444,0.013598641975308641,0.046111111111111096,NATOPS,1,10,10.0,15,135,guide=sig | walk=aligned | guard,0.715,24,51,2.0,64,2.0,rf,0.6463354906793279,0.10080426570292722,0.8186692352539103,0.84375,2.5,1.0,0.0,1.0,0.82,0.82
0.9666666666666667,0.9799092928543041,0.98,0.9822222222222221,0.01394243036528691,0.013604431437380942,NATOPS,1,10,10.0,15,135,guide=sig | walk=aligned | guard,0.715,24,51,2.0,64,2.0,ridge,0.6463354906793279,0.10080426570292722,0.8186692352539103,0.84375,2.5,1.0,0.0,1.0,0.82,0.82
0.3684210526315789,0.48143304599682163,0.6133333333333333,0.888888888888889,0.09374308641975308,0.05414814814814813,NATOPS,1,20,18.8,8,142,none,0.715,24,51,1.7999999999999998,64,2.0,rf,,,,,,,,,,
0.7058823529411765,0.7668115805072325,0.79,0.9511111111111111,0.05375667237759549,0.05992976288607234,NATOPS,1,20,18.8,8,142,none,0.715,24,51,1.7999999999999998,64,2.0,ridge,,,,,,,,,,
0.7450980392156863,0.7904991390816873,0.81,0.9196666666666666,0.06408993827160495,0.059092592592592606,NATOPS,1,20,18.8,8,142,SMOTE-raw,0.715,24,51,1.7999999999999998,64,2.0,rf,1.4488901773883445,0.10920381429004611,0.6116847451431892,,,,,,,
0.8,0.9025888691240695,0.9033333333333333,0.9555555555555556,0.052135369194256126,0.05035974896975663,NATOPS,1,20,18.8,8,142,SMOTE-raw,0.715,24,51,1.7999999999999998,64,2.0,ridge,1.4488901773883445,0.10920381429004611,0.6116847451431892,,,,,,,
0.6666666666666666,0.7254117604658903,0.76,0.9347777777777777,0.06379969135802468,0.05920370370370371,NATOPS,1,20,18.8,8,142,guide=gpf | walk=plain,0.715,24,51,1.7999999999999998,64,2.0,rf,8.225720957739037,0.22380552827230638,2.357541154199023,0.34134615384615385,2.8,0.0,,,,
0.8518518518518519,0.8726715049522102,0.88,0.9613333333333334,0.03188514682720642,0.023576218126046114,NATOPS,1,20,18.8,8,142,guide=gpf | walk=plain,0.715,24,51,1.7999999999999998,64,2.0,ridge,8.225720957739037,0.22380552827230638,2.357541154199023,0.34134615384615385,2.8,0.0,,,,
0.6666666666666666,0.7254117604658903,0.76,0.9324444444444444,0.06318228395061729,0.050277777777777775,NATOPS,1,20,18.8,8,142,guide=gpf | walk=plain | guard,0.715,24,51,1.7999999999999998,64,2.0,rf,5.89212853822208,0.17634590347718326,1.8205622375858184,0.34134615384615385,4.6,1.0,1.0,0.921,2.36,1.82
0.8727272727272727,0.8914407813571615,0.8966666666666667,0.9617777777777778,0.02926225364582418,0.029312126006402404,NATOPS,1,20,18.8,8,142,guide=gpf | walk=plain | guard,0.715,24,51,1.7999999999999998,64,2.0,ridge,5.89212853822208,0.17634590347718326,1.8205622375858184,0.34134615384615385,4.6,1.0,1.0,0.921,2.36,1.82
0.5238095238095238,0.603508261933689,0.6799999999999999,0.9044444444444445,0.0788143827160494,0.04016666666666666,NATOPS,1,20,18.8,8,142,guide=gpf | walk=aligned,0.715,24,51,1.7999999999999998,64,2.0,rf,5.551757394004872,0.32936049141428336,0.290275073107102,0.4034090909090909,3.4,0.0,,,,
0.8813559322033898,0.9215928240461366,0.9233333333333333,0.9602222222222223,0.029856648745912432,0.01840350143039282,NATOPS,1,20,18.8,8,142,guide=gpf | walk=aligned,0.715,24,51,1.7999999999999998,64,2.0,ridge,5.551757394004872,0.32936049141428336,0.290275073107102,0.4034090909090909,3.4,0.0,,,,
0.5238095238095238,0.603508261933689,0.6799999999999999,0.9044444444444445,0.0788143827160494,0.04016666666666666,NATOPS,1,20,18.8,8,142,guide=gpf | walk=aligned | guard,0.715,24,51,1.7999999999999998,64,2.0,rf,5.551757394004872,0.32936049141428336,0.290275073107102,0.4034090909090909,4.8,1.0,0.0,1.0,0.29,0.29
0.8813559322033898,0.9215928240461366,0.9233333333333333,0.9602222222222223,0.029856648745912432,0.01840350143039282,NATOPS,1,20,18.8,8,142,guide=gpf | walk=aligned | guard,0.715,24,51,1.7999999999999998,64,2.0,ridge,5.551757394004872,0.32936049141428336,0.290275073107102,0.4034090909090909,4.8,1.0,0.0,1.0,0.29,0.29
0.72,0.7694153624668538,0.7933333333333333,0.9542222222222223,0.05405549382716049,0.05112962962962962,NATOPS,1,20,18.8,8,142,guide=sig | walk=aligned,0.715,24,51,1.7999999999999998,64,2.0,rf,2.5463279162110393,0.14191803994168695,0.519964363889168,0.6339285714285714,1.3,0.0,,,,
0.9180327868852459,0.9563820714895624,0.9566666666666667,0.9644444444444444,0.025253048651196677,0.028116680251638954,NATOPS,1,20,18.8,8,142,guide=sig | walk=aligned,0.715,24,51,1.7999999999999998,64,2.0,ridge,2.5463279162110393,0.14191803994168695,0.519964363889168,0.6339285714285714,1.3,0.0,,,,
0.72,0.7694153624668538,0.7933333333333333,0.9542222222222223,0.05405549382716049,0.05112962962962962,NATOPS,1,20,18.8,8,142,guide=sig | walk=aligned | guard,0.715,24,51,1.7999999999999998,64,2.0,rf,2.5463279162110393,0.14191803994168695,0.519964363889168,0.6339285714285714,3.0,1.0,0.0,1.0,0.52,0.52
0.9180327868852459,0.9563820714895624,0.9566666666666667,0.9644444444444444,0.025253048651196677,0.028116680251638954,NATOPS,1,20,18.8,8,142,guide=sig | walk=aligned | guard,0.715,24,51,1.7999999999999998,64,2.0,ridge,2.5463279162110393,0.14191803994168695,0.519964363889168,0.6339285714285714,3.0,1.0,0.0,1.0,0.52,0.52
0.8928571428571429,0.9098229375970788,0.9133333333333333,0.9932222222222222,0.026657530864197535,0.05566666666666668,NATOPS,2,5,5.0,30,120,none,0.715,24,51,2.1999999999999997,64,2.0,rf,,,,,,,,,,
0.9491525423728814,0.9628660919936433,0.9633333333333334,0.9904444444444445,0.016745334211713866,0.01627020935796273,NATOPS,2,5,5.0,30,120,none,0.715,24,51,2.1999999999999997,64,2.0,ridge,,,,,,,,,,
0.9122807017543859,0.927840982544363,0.9299999999999999,0.9885555555555556,0.03174061728395061,0.048481481481481487,NATOPS,2,5,5.0,30,120,SMOTE-raw,0.715,24,51,2.1999999999999997,64,2.0,rf,0.6356626294255694,0.09900237703566572,0.6241761134780434,,,,,,,
0.9032258064516129,0.9531235200352809,0.9533333333333334,0.9897777777777778,0.02640106889225878,0.03262723119187399,NATOPS,2,5,5.0,30,120,SMOTE-raw,0.715,24,51,2.1999999999999997,64,2.0,ridge,0.6356626294255694,0.09900237703566572,0.6241761134780434,,,,,,,
0.9122807017543859,0.927840982544363,0.9299999999999999,0.9951111111111112,0.018379814814814814,0.050648148148148164,NATOPS,2,5,5.0,30,120,guide=gpf | walk=plain,0.715,24,51,2.1999999999999997,64,2.0,rf,3.9967276693782923,0.11825221282626075,14.841874140410168,0.75,1.5,0.0,,,,
0.9152542372881356,0.9423375191511798,0.9433333333333334,0.9866666666666667,0.021191161892342377,0.030692831862654427,NATOPS,2,5,5.0,30,120,guide=gpf | walk=plain,0.715,24,51,2.1999999999999997,64,2.0,ridge,3.9967276693782923,0.11825221282626075,14.841874140410168,0.75,1.5,0.0,,,,
0.8813559322033898,0.9215928240461366,0.9233333333333333,0.9861111111111112,0.033919876543209874,0.042370370370370385,NATOPS,2,5,5.0,30,120,guide=gpf | walk=plain | guard,0.715,24,51,2.1999999999999997,64,2.0,rf,0.8133886117058049,0.10555273143859256,1.3648858625857234,0.75,3.2,1.0,1.0,0.367,14.84,1.36
0.9354838709677419,0.9733105020153298,0.9733333333333334,0.9937777777777778,0.01908097117698593,0.031080821745834236,NATOPS,2,5,5.0,30,120,guide=gpf | walk=plain | guard,0.715,24,51,2.1999999999999997,64,2.0,ridge,0.8133886117058049,0.10555273143859256,1.3648858625857234,0.75,3.2,1.0,1.0,0.367,14.84,1.36
0.9666666666666667,0.9799092928543041,0.98,0.9974444444444445,0.015951604938271604,0.04288888888888888,NATOPS,2,5,5.0,30,120,guide=gpf | walk=aligned,0.715,24,51,2.1999999999999997,64,2.0,rf,0.4915513582793114,0.05382554204430168,3.333816439625029,0.75,1.5,0.0,,,,
0.9666666666666667,0.9799092928543041,0.98,0.9873333333333334,0.016569608402158157,0.0245961239198872,NATOPS,2,5,5.0,30,120,guide=gpf | walk=aligned,0.715,24,51,2.1999999999999997,64,2.0,ridge,0.4915513582793114,0.05382554204430168,3.333816439625029,0.75,1.5,0.0,,,,
0.9666666666666667,0.9799092928543041,0.98,0.9975555555555555,0.01624537037037037,0.04364814814814815,NATOPS,2,5,5.0,30,120,guide=gpf | walk=aligned | guard,0.715,24,51,2.1999999999999997,64,2.0,rf,0.4408252876510703,0.06691113718989061,1.1343735508299788,0.75,3.1,1.0,1.0,0.775,3.33,1.13
0.9333333333333333,0.959629558157151,0.96,0.992,0.016315198609050924,0.023768428042231903,NATOPS,2,5,5.0,30,120,guide=gpf | walk=aligned | guard,0.715,24,51,2.1999999999999997,64,2.0,ridge,0.4408252876510703,0.06691113718989061,1.1343735508299788,0.75,3.1,1.0,1.0,0.775,3.33,1.13
0.9491525423728814,0.9628660919936433,0.9633333333333334,0.998,0.014132407407407406,0.042277777777777754,NATOPS,2,5,5.0,30,120,guide=sig | walk=aligned,0.715,24,51,2.1999999999999997,64,2.0,rf,1.0531543821489295,0.07653755385236849,2.4576369136560188,0.75,1.0,0.0,,,,
0.9666666666666667,0.9799092928543041,0.98,0.9868888888888889,0.017908688454989483,0.03093891949046051,NATOPS,2,5,5.0,30,120,guide=sig | walk=aligned,0.715,24,51,2.1999999999999997,64,2.0,ridge,1.0531543821489295,0.07653755385236849,2.4576369136560188,0.75,1.0,0.0,,,,
0.9491525423728814,0.9628660919936433,0.9633333333333334,0.9982222222222222,0.014078456790123458,0.04846296296296296,NATOPS,2,5,5.0,30,120,guide=sig | walk=aligned | guard,0.715,24,51,2.1999999999999997,64,2.0,rf,0.8854700045765975,0.0732050465597156,1.8451173593691845,0.75,2.8,1.0,1.0,0.902,2.46,1.85
0.9666666666666667,0.9799092928543041,0.98,0.9873333333333334,0.017872145240679194,0.031027135300165272,NATOPS,2,5,5.0,30,120,guide=sig | walk=aligned | guard,0.715,24,51,2.1999999999999997,64,2.0,ridge,0.8854700045765975,0.0732050465597156,1.8451173593691845,0.75,2.8,1.0,1.0,0.902,2.46,1.85
0.8,0.816496580927726,0.8333333333333333,0.9716666666666667,0.049737222222222224,0.045537037037037036,NATOPS,2,10,10.0,15,135,none,0.715,24,51,2.1999999999999997,64,2.0,rf,,,,,,,,,,
0.8928571428571429,0.9098229375970788,0.9133333333333333,0.986,0.024334923377778307,0.027965337260985025,NATOPS,2,10,10.0,15,135,none,0.715,24,51,2.1999999999999997,64,2.0,ridge,,,,,,,,,,
0.7777777777777778,0.8282511696339462,0.84,0.9875555555555555,0.04253382716049383,0.06274074074074074,NATOPS,2,10,10.0,15,135,SMOTE-raw,0.715,24,51,2.1999999999999997,64,2.0,rf,1.1609789967833688,0.10435084064272349,0.5753585006565547,,,,,,,
0.90625,0.9666666666666667,0.9666666666666667,0.9915555555555555,0.02556624304981106,0.0332266067860776,NATOPS,2,10,10.0,15,135,SMOTE-raw,0.715,24,51,2.1999999999999997,64,2.0,ridge,1.1609789967833688,0.10435084064272349,0.5753585006565547,,,,,,,
0.8928571428571429,0.9098229375970788,0.9133333333333333,0.9936666666666667,0.023003641975308645,0.041648148148148156,NATOPS,2,10,10.0,15,135,guide=gpf | walk=plain,0.715,24,51,2.1999999999999997,64,2.0,rf,5.6406779431766925,0.11966998932462458,6.922518917977721,0.703125,1.7,0.0,,,,
0.896551724137931,0.9247221805013175,0.9266666666666667,0.9853333333333333,0.02363668974824529,0.023065146939255397,NATOPS,2,10,10.0,15,135,guide=gpf | walk=plain,0.715,24,51,2.1999999999999997,64,2.0,ridge,5.6406779431766925,0.11966998932462458,6.922518917977721,0.703125,1.7,0.0,,,,
0.7857142857142857,0.8448537019968474,0.8533333333333333,0.9633333333333334,0.05757345679012346,0.05225925925925926,NATOPS,2,10,10.0,15,135,guide=gpf | walk=plain | guard,0.715,24,51,2.1999999999999997,64,2.0,rf,1.1908739620901692,0.10092905903794724,1.1494844040857042,0.703125,3.7,1.0,1.0,0.538,6.92,1.15
0.8484848484848485,0.9399763590407769,0.94,0.9933333333333333,0.03833965325612691,0.06297624471261853,NATOPS,2,10,10.0,15,135,guide=gpf | walk=plain | guard,0.715,24,51,2.1999999999999997,64,2.0,ridge,1.1908739620901692,0.10092905903794724,1.1494844040857042,0.703125,3.7,1.0,1.0,0.538,6.92,1.15
0.8928571428571429,0.9098229375970788,0.9133333333333333,0.9944444444444445,0.02287166666666667,0.033462962962962965,NATOPS,2,10,10.0,15,135,guide=gpf | walk=aligned,0.715,24,51,2.1999999999999997,64,2.0,rf,4.346960856113226,0.11877282584704718,5.582878780775783,0.6026785714285714,2.4,0.0,,,,
0.9310344827586207,0.9455157322858251,0.9466666666666667,0.9913333333333334,0.018076489842852855,0.016280254213048448,NATOPS,2,10,10.0,15,135,guide=gpf | walk=aligned,0.715,24,51,2.1999999999999997,64,2.0,ridge,4.346960856113226,0.11877282584704718,5.582878780775783,0.6026785714285714,2.4,0.0,,,,
0.847457627118644,0.9006170724070864,0.9033333333333333,0.9827777777777778,0.041404382716049376,0.0562037037037037,NATOPS,2,10,10.0,15,135,guide=gpf | walk=aligned | guard,0.715,24,51,2.1999999999999997,64,2.0,rf,1.2401452635296586,0.0627488495680707,1.7099968002074035,0.6026785714285714,4.2,1.0,1.0,0.599,5.58,1.71
0.8923076923076924,0.9633275663033836,0.9633333333333334,0.9877777777777779,0.03569494584930622,0.05278285131975638,NATOPS,2,10,10.0,15,135,guide=gpf | walk=aligned | guard,0.715,24,51,2.1999999999999997,64,2.0,ridge,1.2401452635296586,0.0627488495680707,1.7099968002074035,0.6026785714285714,4.2,1.0,1.0,0.599,5.58,1.71
0.9310344827586207,0.9455157322858251,0.9466666666666667,0.9968888888888889,0.017746296296296295,0.04514814814814816,NATOPS,2,10,10.0,15,135,guide=sig | walk=aligned,0.715,24,51,2.1999999999999997,64,2.0,rf,1.0232139361843426,0.035445634548479044,12.35570709866825,0.46875,1.3,0.0,,,,
0.9333333333333333,0.959629558157151,0.96,0.9875555555555555,0.022789923433619866,0.036016393907460725,NATOPS,2,10,10.0,15,135,guide=sig | walk=aligned,0.715,24,51,2.1999999999999997,64,2.0,ridge,1.0232139361843426,0.035445634548479044,12.35570709866825,0.46875,1.3,0.0,,,,
0.896551724137931,0.9247221805013175,0.9266666666666667,0.9964444444444445,0.02364111111111111,0.06559259259259258,NATOPS,2,10,10.0,15,135,guide=sig | walk=aligned | guard,0.715,24,51,2.1999999999999997,64,2.0,rf,0.8786177029037265,0.0740159559953294,1.265236558330753,0.46875,3.3,1.0,1.0,0.402,12.36,1.27
0.90625,0.9666666666666667,0.9666666666666667,0.9924444444444445,0.02618141218197471,0.044480420212048025,NATOPS,2,10,10.0,15,135,guide=sig | walk=aligned | guard,0.715,24,51,2.1999999999999997,64,2.0,ridge,0.8786177029037265,0.0740159559953294,1.265236558330753,0.46875,3.3,1.0,1.0,0.402,12.36,1.27
0.125,0.2581988897471611,0.5333333333333333,0.944,0.09028364197530865,0.08650000000000002,NATOPS,2,20,18.8,8,142,none,0.715,24,51,2.4,64,2.0,rf,,,,,,,,,,
0.8301886792452831,0.8534895690308373,0.8633333333333333,0.9926666666666667,0.032819562476241834,0.03710839611872211,NATOPS,2,20,18.8,8,142,none,0.715,24,51,2.4,64,2.0,ridge,,,,,,,,,,
0.5416666666666666,0.6472162612982533,0.7,0.9161111111111111,0.08625444444444444,0.047,NATOPS,2,20,18.8,8,142,SMOTE-raw,0.715,24,51,2.4,64,2.0,rf,2.3866076584338174,0.14608813882502036,0.4477216864982796,,,,,,,
0.8115942028985508,0.9299940262651631,0.9299999999999999,0.9780000000000001,0.04813716909051214,0.06391257410595375,NATOPS,2,20,18.8,8,142,SMOTE-raw,0.715,24,51,2.4,64,2.0,ridge,2.3866076584338174,0.14608813882502036,0.4477216864982796,,,,,,,
0.8518518518518519,0.8726715049522102,0.88,0.9634444444444444,0.04234617283950618,0.040925925925925935,NATOPS,2,20,18.8,8,142,guide=gpf | walk=plain,0.715,24,51,2.4,64,2.0,rf,8.741034697477454,0.2554141177288378,3.3316494579173246,0.44375,2.7,0.0,,,,
0.8421052631578947,0.8854377448471462,0.89,0.9875555555555556,0.03863671080678102,0.042979851025272214,NATOPS,2,20,18.8,8,142,guide=gpf | walk=plain,0.715,24,51,2.4,64,2.0,ridge,8.741034697477454,0.2554141177288378,3.3316494579173246,0.44375,2.7,0.0,,,,
0.8727272727272727,0.8914407813571615,0.8966666666666667,0.9888888888888889,0.038412037037037036,0.0684259259259259,NATOPS,2,20,18.8,8,142,guide=gpf | walk=plain | guard,0.715,24,51,2.4,64,2.0,rf,3.305482174492708,0.14071919334011118,1.3436590291590966,0.44375,5.1,1.0,1.0,0.775,3.33,1.34
0.8387096774193549,0.9121403400793104,0.9133333333333333,0.9851111111111112,0.039318268347968206,0.0505394531015955,NATOPS,2,20,18.8,8,142,guide=gpf | walk=plain | guard,0.715,24,51,2.4,64,2.0,ridge,3.305482174492708,0.14071919334011118,1.3436590291590966,0.44375,5.1,1.0,1.0,0.775,3.33,1.34
0.8518518518518519,0.8726715049522102,0.88,0.9852222222222222,0.03201030864197531,0.038129629629629624,NATOPS,2,20,18.8,8,142,guide=gpf | walk=aligned,0.715,24,51,2.4,64,2.0,rf,1.632206448533836,0.13351367676373016,0.2570903395447712,0.1232638888888889,11.9,0.0,,,,
0.8813559322033898,0.9215928240461366,0.9233333333333333,0.992,0.02514847441218705,0.030601297148540287,NATOPS,2,20,18.8,8,142,guide=gpf | walk=aligned,0.715,24,51,2.4,64,2.0,ridge,1.632206448533836,0.13351367676373016,0.2570903395447712,0.1232638888888889,11.9,0.0,,,,
0.8518518518518519,0.8726715049522102,0.88,0.9852222222222222,0.03201030864197531,0.038129629629629624,NATOPS,2,20,18.8,8,142,guide=gpf | walk=aligned | guard,0.715,24,51,2.4,64,2.0,rf,1.632206448533836,0.13351367676373016,0.2570903395447712,0.1232638888888889,13.6,1.0,0.0,1.0,0.26,0.26
0.8813559322033898,0.9215928240461366,0.9233333333333333,0.992,0.02514847441218705,0.030601297148540287,NATOPS,2,20,18.8,8,142,guide=gpf | walk=aligned | guard,0.715,24,51,2.4,64,2.0,ridge,1.632206448533836,0.13351367676373016,0.2570903395447712,0.1232638888888889,13.6,1.0,0.0,1.0,0.26,0.26
0.8888888888888888,0.9498537899183338,0.95,0.994,0.02931697530864198,0.06205555555555555,NATOPS,2,20,18.8,8,142,guide=sig | walk=aligned,0.715,24,51,2.4,64,2.0,rf,0.9745029235428664,0.06199479272725983,0.9587354160674801,0.3697916666666667,1.4,0.0,,,,
0.9090909090909091,0.9797958971132712,0.98,0.9913333333333333,0.031329946421397525,0.05258794599695068,NATOPS,2,20,18.8,8,142,guide=sig | walk=aligned,0.715,24,51,2.4,64,2.0,ridge,0.9745029235428664,0.06199479272725983,0.9587354160674801,0.3697916666666667,1.4,0.0,,,,
0.8888888888888888,0.9498537899183338,0.95,0.994,0.02931697530864198,0.06205555555555555,NATOPS,2,20,18.8,8,142,guide=sig | walk=aligned | guard,0.715,24,51,2.4,64,2.0,rf,0.9745029235428664,0.06199479272725983,0.9587354160674801,0.3697916666666667,2.9,1.0,0.0,1.0,0.96,0.96
0.9090909090909091,0.9797958971132712,0.98,0.9913333333333333,0.031329946421397525,0.05258794599695068,NATOPS,2,20,18.8,8,142,guide=sig | walk=aligned | guard,0.715,24,51,2.4,64,2.0,ridge,0.9745029235428664,0.06199479272725983,0.9587354160674801,0.3697916666666667,2.9,1.0,0.0,1.0,0.96,0.96
0.7419354838709677,0.8335416406315084,0.8427083333333334,0.9730654761904762,0.04057644628099174,0.030041322314049587,OSULeaf,0,5,5.0,33,133,none,0.647,1,427,1.5999999999999999,64,2.0,rf,,,,,,,,,,
0.7878787878787878,0.8840518192094958,0.887202380952381,0.9819940476190476,0.04082750684417549,0.026429521056054756,OSULeaf,0,5,5.0,33,133,none,0.647,1,427,1.5999999999999999,64,2.0,ridge,,,,,,,,,,
0.735632183908046,0.9436504599035548,0.9452380952380952,0.984375,0.0692238751147842,0.123168044077135,OSULeaf,0,5,5.0,33,133,SMOTE-raw,0.647,1,427,1.5999999999999999,64,2.0,rf,1.4240326390635687,0.09372154162299062,0.8716777037807479,,,,,,,
0.7654320987654321,0.9411239481143202,0.9415178571428571,0.9903273809523809,0.0554053769691044,0.09438511215765444,OSULeaf,0,5,5.0,33,133,SMOTE-raw,0.647,1,427,1.5999999999999999,64,2.0,ridge,1.4240326390635687,0.09372154162299062,0.8716777037807479,,,,,,,
0.7837837837837838,0.9220351454927354,0.922172619047619,0.9751488095238096,0.046713590449954094,0.0490633608815427,OSULeaf,0,5,5.0,33,133,guide=gpf | walk=plain,0.647,1,427,1.5999999999999999,64,2.0,rf,2.1471110833348312,0.10852240685246972,1.5772535507374785,0.59375,0.3,0.0,,,,
0.7887323943661971,0.9105858919765157,0.9113095238095238,0.9830357142857142,0.04377170180620217,0.043885709181641155,OSULeaf,0,5,5.0,33,133,guide=gpf | walk=plain,0.647,1,427,1.5999999999999999,64,2.0,ridge,2.1471110833348312,0.10852240685246972,1.5772535507374785,0.59375,0.3,0.0,,,,
0.7837837837837838,0.9220351454927354,0.922172619047619,0.9751488095238096,0.046713590449954094,0.0490633608815427,OSULeaf,0,5,5.0,33,133,guide=gpf | walk=plain | guard,0.647,1,427,1.5999999999999999,64,2.0,rf,2.1471110833348312,0.10852240685246972,1.5772535507374785,0.59375,1.3,1.0,0.0,1.0,1.58,1.58
0.7887323943661971,0.9105858919765157,0.9113095238095238,0.9830357142857142,0.04377170180620217,0.043885709181641155,OSULeaf,0,5,5.0,33,133,guide=gpf | walk=plain | guard,0.647,1,427,1.5999999999999999,64,2.0,ridge,2.1471110833348312,0.10852240685246972,1.5772535507374785,0.59375,1.3,1.0,0.0,1.0,1.58,1.58
0.835820895522388,0.9196919774214263,0.9208333333333334,0.985639880952381,0.037767676767676776,0.05140495867768596,OSULeaf,0,5,5.0,33,133,guide=gpf | walk=aligned,0.647,1,427,1.5999999999999999,64,2.0,rf,3.7333910172774143,0.2510157247927468,0.773765611743901,0.27708333333333335,6.0,0.0,,,,
0.8656716417910447,0.9382734904371661,0.9388392857142858,0.989732142857143,0.030076242377158148,0.03487165990835342,OSULeaf,0,5,5.0,33,133,guide=gpf | walk=aligned,0.647,1,427,1.5999999999999999,64,2.0,ridge,3.7333910172774143,0.2510157247927468,0.773765611743901,0.27708333333333335,6.0,0.0,,,,
0.835820895522388,0.9196919774214263,0.9208333333333334,0.985639880952381,0.037767676767676776,0.05140495867768596,OSULeaf,0,5,5.0,33,133,guide=gpf | walk=aligned | guard,0.647,1,427,1.5999999999999999,64,2.0,rf,3.7333910172774143,0.2510157247927468,0.773765611743901,0.27708333333333335,6.8,1.0,0.0,1.0,0.77,0.77
0.8656716417910447,0.9382734904371661,0.9388392857142858,0.989732142857143,0.030076242377158148,0.03487165990835342,OSULeaf,0,5,5.0,33,133,guide=gpf | walk=aligned | guard,0.647,1,427,1.5999999999999999,64,2.0,ridge,3.7333910172774143,0.2510157247927468,0.773765611743901,0.27708333333333335,6.8,1.0,0.0,1.0,0.77,0.77
0.8108108108108109,0.940174755792013,0.9401785714285714,0.9811755952380953,0.056089898989898995,0.10517906336088156,OSULeaf,0,5,5.0,33,133,guide=sig | walk=aligned,0.647,1,427,1.5999999999999999,64,2.0,rf,3.6379685564954976,0.2019449926187198,1.6285475549855408,0.13407258064516128,12.8,0.0,,,,
0.875,0.9264628073124864,0.9279761904761905,0.981845238095238,0.030995966328418355,0.04520330807017031,OSULeaf,0,5,5.0,33,133,guide=sig | walk=aligned,0.647,1,427,1.5999999999999999,64,2.0,ridge,3.6379685564954976,0.2019449926187198,1.6285475549855408,0.13407258064516128,12.8,0.0,,,,
0.8108108108108109,0.940174755792013,0.9401785714285714,0.9811755952380953,0.056089898989898995,0.10517906336088156,OSULeaf,0,5,5.0,33,133,guide=sig | walk=aligned | guard,0.647,1,427,1.5999999999999999,64,2.0,rf,3.6379685564954976,0.2019449926187198,1.6285475549855408,0.13407258064516128,13.7,1.0,0.0,1.0,1.63,1.63
0.875,0.9264628073124864,0.9279761904761905,0.981845238095238,0.030995966328418355,0.04520330807017031,OSULeaf,0,5,5.0,33,133,guide=sig | walk=aligned | guard,0.647,1,427,1.5999999999999999,64,2.0,ridge,3.6379685564954976,0.2019449926187198,1.6285475549855408,0.13407258064516128,13.7,1.0,0.0,1.0,1.63,1.63
0.7368421052631579,0.8023403267940606,0.8186011904761905,0.973735119047619,0.03998714416896235,0.03757575757575759,OSULeaf,0,10,9.8,17,149,none,0.647,1,427,1.7999999999999998,64,2.0,rf,,,,,,,,,,
0.8524590163934426,0.894926174129943,0.8991071428571429,0.9808035714285714,0.03336122503407042,0.031002221162916316,OSULeaf,0,10,9.8,17,149,none,0.647,1,427,1.7999999999999998,64,2.0,ridge,,,,,,,,,,
0.821917808219178,0.9425459443140463,0.9425595238095238,0.9851190476190476,0.05655665748393021,0.10013774104683194,OSULeaf,0,10,9.8,17,149,SMOTE-raw,0.647,1,427,1.7999999999999998,64,2.0,rf,1.537323870215829,0.09834416069168606,0.7847173444125377,,,,,,,
0.8051948051948052,0.9508767883730608,0.9510416666666667,0.9927083333333333,0.04213310590590394,0.07546933220021333,OSULeaf,0,10,9.8,17,149,SMOTE-raw,0.647,1,427,1.7999999999999998,64,2.0,ridge,1.537323870215829,0.09834416069168606,0.7847173444125377,,,,,,,
0.7936507936507936,0.871165065546462,0.8763392857142858,0.9701636904761903,0.0413526170798898,0.02399449035812672,OSULeaf,0,10,9.8,17,149,guide=gpf | walk=plain,0.647,1,427,1.7999999999999998,64,2.0,rf,7.651412503056472,0.2731142358434794,2.39590283892167,0.58203125,0.4,0.0,,,,
0.8888888888888888,0.9287087810503355,0.9303571428571429,0.9800595238095238,0.02868780425196368,0.024089006216542086,OSULeaf,0,10,9.8,17,149,guide=gpf | walk=plain,0.647,1,427,1.7999999999999998,64,2.0,ridge,7.651412503056472,0.2731142358434794,2.39590283892167,0.58203125,0.4,0.0,,,,
0.8181818181818182,0.9031195934094222,0.9052083333333334,0.9708333333333333,0.042687649219467404,0.031170798898071613,OSULeaf,0,10,9.8,17,149,guide=gpf | walk=plain | guard,0.647,1,427,1.7999999999999998,64,2.0,rf,4.973157715613821,0.19329611797828716,1.9972885017186748,0.58203125,1.4,1.0,1.0,0.914,2.4,2.0
0.875,0.9264628073124864,0.9279761904761905,0.9785714285714286,0.029030529113383195,0.02542073745844052,OSULeaf,0,10,9.8,17,149,guide=gpf | walk=plain | guard,0.647,1,427,1.7999999999999998,64,2.0,ridge,4.973157715613821,0.19329611797828716,1.9972885017186748,0.58203125,1.4,1.0,1.0,0.914,2.4,2.0
0.8285714285714286,0.9313488681937152,0.9316964285714286,0.9820684523809524,0.03784086317722681,0.0497245179063361,OSULeaf,0,10,9.8,17,149,guide=gpf | walk=aligned,0.647,1,427,1.7999999999999998,64,2.0,rf,2.007678382870953,0.10918386336585428,1.7630643509711603,0.04901315789473684,38.7,0.0,,,,
0.8666666666666667,0.8970852271450604,0.9014880952380953,0.9891369047619047,0.02567389426074113,0.020454522209336582,OSULeaf,0,10,9.8,17,149,guide=gpf | walk=aligned,0.647,1,427,1.7999999999999998,64,2.0,ridge,2.007678382870953,0.10918386336585428,1.7630643509711603,0.04901315789473684,38.7,0.0,,,,
0.8285714285714286,0.9313488681937152,0.9316964285714286,0.9820684523809524,0.03784086317722681,0.0497245179063361,OSULeaf,0,10,9.8,17,149,guide=gpf | walk=aligned | guard,0.647,1,427,1.7999999999999998,64,2.0,rf,2.007678382870953,0.10918386336585428,1.7630643509711603,0.04901315789473684,39.7,1.0,0.0,1.0,1.76,1.76
0.8666666666666667,0.8970852271450604,0.9014880952380953,0.9891369047619047,0.02567389426074113,0.020454522209336582,OSULeaf,0,10,9.8,17,149,guide=gpf | walk=aligned | guard,0.647,1,427,1.7999999999999998,64,2.0,ridge,2.007678382870953,0.10918386336585428,1.7630643509711603,0.04901315789473684,39.7,1.0,0.0,1.0,1.76,1.76
0.819672131147541,0.875425066821283,0.8811011904761905,0.9791666666666667,0.039672956841138654,0.054586776859504145,OSULeaf,0,10,9.8,17,149,guide=sig | walk=aligned,0.647,1,427,1.7999999999999998,64,2.0,rf,5.549168392369969,0.29033428416052487,1.3164467127737762,0.04901315789473684,41.5,0.0,,,,
0.8064516129032258,0.8732976637572148,0.8787202380952381,0.9782738095238095,0.03580766411562536,0.017917758322105886,OSULeaf,0,10,9.8,17,149,guide=sig | walk=aligned,0.647,1,427,1.7999999999999998,64,2.0,ridge,5.549168392369969,0.29033428416052487,1.3164467127737762,0.04901315789473684,41.5,0.0,,,,
0.819672131147541,0.875425066821283,0.8811011904761905,0.9791666666666667,0.039672956841138654,0.054586776859504145,OSULeaf,0,10,9.8,17,149,guide=sig | walk=aligned | guard,0.647,1,427,1.7999999999999998,64,2.0,rf,5.549168392369969,0.29033428416052487,1.3164467127737762,0.04901315789473684,42.5,1.0,0.0,1.0,1.32,1.32
0.8064516129032258,0.8732976637572148,0.8787202380952381,0.9782738095238095,0.03580766411562536,0.017917758322105886,OSULeaf,0,10,9.8,17,149,guide=sig | walk=aligned | guard,0.647,1,427,1.7999999999999998,64,2.0,ridge,5.549168392369969,0.29033428416052487,1.3164467127737762,0.04901315789473684,42.5,1.0,0.0,1.0,1.32,1.32
0.7058823529411765,0.7482121547872826,0.7788690476190476,0.975297619047619,0.04821198347107438,0.045440771349862255,OSULeaf,0,20,20.8,8,158,none,0.647,1,427,1.5999999999999999,64,2.0,rf,,,,,,,,,,
0.7017543859649122,0.7811011763011547,0.8005952380952381,0.9532738095238095,0.06054395647803851,0.05183597521204278,OSULeaf,0,20,20.8,8,158,none,0.647,1,427,1.5999999999999999,64,2.0,ridge,,,,,,,,,,
0.4,0.5252550400927698,0.6311011904761905,0.9026041666666667,0.07809274563820018,0.025867768595041314,OSULeaf,0,20,20.8,8,158,SMOTE-raw,0.647,1,427,1.5999999999999999,64,2.0,rf,3.8214738000991115,0.23003893813458615,0.7208005210574239,,,,,,,
0.4722222222222222,0.687797554655784,0.7108630952380952,0.7575892857142857,0.12473062689119699,0.12313779736297861,OSULeaf,0,20,20.8,8,158,SMOTE-raw,0.647,1,427,1.5999999999999999,64,2.0,ridge,3.8214738000991115,0.23003893813458615,0.7208005210574239,,,,,,,
0.6785714285714286,0.7613232527895725,0.7849702380952381,0.9725446428571429,0.0469732782369146,0.02942148760330578,OSULeaf,0,20,20.8,8,158,guide=gpf | walk=plain,0.647,1,427,1.5999999999999999,64,2.0,rf,6.039546635521182,0.24482551998055746,2.04066624962699,0.4114583333333333,0.9,0.0,,,,
0.6666666666666666,0.7594640967720029,0.7825892857142858,0.9331845238095238,0.06347355827177158,0.051297877621201485,OSULeaf,0,20,20.8,8,158,guide=gpf | walk=plain,0.647,1,427,1.5999999999999999,64,2.0,ridge,6.039546635521182,0.24482551998055746,2.04066624962699,0.4114583333333333,0.9,0.0,,,,
0.6551724137931034,0.7576003783877971,0.7802083333333334,0.9719494047619047,0.04795973370064279,0.03271349862258953,OSULeaf,0,20,20.8,8,158,guide=gpf | walk=plain | guard,0.647,1,427,1.5999999999999999,64,2.0,rf,5.737876785036468,0.2350617110000619,1.9943698810238295,0.4114583333333333,1.8,1.0,1.0,0.99,2.04,1.99
0.6551724137931034,0.7576003783877971,0.7802083333333334,0.9318452380952381,0.06352782137771165,0.04603727830620874,OSULeaf,0,20,20.8,8,158,guide=gpf | walk=plain | guard,0.647,1,427,1.5999999999999999,64,2.0,ridge,5.737876785036468,0.2350617110000619,1.9943698810238295,0.4114583333333333,1.8,1.0,1.0,0.99,2.04,1.99
0.6923076923076923,0.7464200272921789,0.7764880952380953,0.9755952380952382,0.04398691460055097,0.04048209366391184,OSULeaf,0,20,20.8,8,158,guide=gpf | walk=aligned,0.647,1,427,1.5999999999999999,64,2.0,rf,12.449015281888903,0.6558153718020191,0.7809463462049977,0.04888613861386139,39.9,0.0,,,,
0.7142857142857143,0.7830039834478737,0.8029761904761905,0.9302083333333333,0.06098572152831562,0.05194471300438042,OSULeaf,0,20,20.8,8,158,guide=gpf | walk=aligned,0.647,1,427,1.5999999999999999,64,2.0,ridge,12.449015281888903,0.6558153718020191,0.7809463462049977,0.04888613861386139,39.9,0.0,,,,
0.6923076923076923,0.7464200272921789,0.7764880952380953,0.9755952380952382,0.04398691460055097,0.04048209366391184,OSULeaf,0,20,20.8,8,158,guide=gpf | walk=aligned | guard,0.647,1,427,1.5999999999999999,64,2.0,rf,12.449015281888903,0.6558153718020191,0.7809463462049977,0.04888613861386139,40.7,1.0,0.0,1.0,0.78,0.78
0.7142857142857143,0.7830039834478737,0.8029761904761905,0.9302083333333333,0.06098572152831562,0.05194471300438042,OSULeaf,0,20,20.8,8,158,guide=gpf | walk=aligned | guard,0.647,1,427,1.5999999999999999,64,2.0,ridge,12.449015281888903,0.6558153718020191,0.7809463462049977,0.04888613861386139,40.7,1.0,0.0,1.0,0.78,0.78
0.5306122448979592,0.6312779932501249,0.6936011904761905,0.9654761904761905,0.060000321395775935,0.056487603305785124,OSULeaf,0,20,20.8,8,158,guide=sig | walk=aligned,0.647,1,427,1.5999999999999999,64,2.0,rf,1.7421476933980333,0.10100095570137513,0.8746583400703349,0.04888613861386139,44.2,0.0,,,,
0.625,0.7676494735787385,0.7839285714285714,0.9424107142857143,0.08041892564529486,0.0818633632743666,OSULeaf,0,20,20.8,8,158,guide=sig | walk=aligned,0.647,1,427,1.5999999999999999,64,2.0,ridge,1.7421476933980333,0.10100095570137513,0.8746583400703349,0.04888613861386139,44.2,0.0,,,,
0.5306122448979592,0.6312779932501249,0.6936011904761905,0.9654761904761905,0.060000321395775935,0.056487603305785124,OSULeaf,0,20,20.8,8,158,guide=sig | walk=aligned | guard,0.647,1,427,1.5999999999999999,64,2.0,rf,1.7421476933980333,0.10100095570137513,0.8746583400703349,0.04888613861386139,44.9,1.0,0.0,1.0,0.87,0.87
0.625,0.7676494735787385,0.7839285714285714,0.9424107142857143,0.08041892564529486,0.0818633632743666,OSULeaf,0,20,20.8,8,158,guide=sig | walk=aligned | guard,0.647,1,427,1.5999999999999999,64,2.0,ridge,1.7421476933980333,0.10100095570137513,0.8746583400703349,0.04888613861386139,44.9,1.0,0.0,1.0,0.87,0.87
0.7419354838709677,0.8335416406315084,0.8427083333333334,0.971577380952381,0.0402653810835629,0.034600550964187335,OSULeaf,1,5,5.0,33,133,none,0.647,1,427,1.7999999999999998,64,2.0,rf,,,,,,,,,,
0.8059701492537313,0.9008924146961961,0.902827380952381,0.9816964285714287,0.040566032942784346,0.02498146982973111,OSULeaf,1,5,5.0,33,133,none,0.647,1,427,1.7999999999999998,64,2.0,ridge,,,,,,,,,,
0.7294117647058823,0.9312689755177636,0.9319940476190476,0.9783482142857143,0.07141354453627181,0.1281955922865014,OSULeaf,1,5,5.0,33,133,SMOTE-raw,0.647,1,427,1.7999999999999998,64,2.0,rf,1.6131483093899224,0.10521472931161235,0.8621650785556778,,,,,,,
0.775,0.9435716088100473,0.9438988095238094,0.9882440476190476,0.053773818970414534,0.09485881619429878,OSULeaf,1,5,5.0,33,133,SMOTE-raw,0.647,1,427,1.7999999999999998,64,2.0,ridge,1.6131483093899224,0.10521472931161235,0.8621650785556778,,,,,,,
0.7671232876712328,0.9059985283284588,0.906547619047619,0.9678571428571429,0.04934788797061525,0.04263085399449037,OSULeaf,1,5,5.0,33,133,guide=gpf | walk=plain,0.647,1,427,1.7999999999999998,64,2.0,rf,2.87584088951583,0.12320358439909318,1.9626165835215994,0.59375,0.3,0.0,,,,
0.8,0.9128709291752769,0.9136904761904762,0.984077380952381,0.03964092080521942,0.03798589985341928,OSULeaf,1,5,5.0,33,133,guide=gpf | walk=plain,0.647,1,427,1.7999999999999998,64,2.0,ridge,2.87584088951583,0.12320358439909318,1.9626165835215994,0.59375,0.3,0.0,,,,
0.7671232876712328,0.9059985283284588,0.906547619047619,0.9678571428571429,0.04934788797061525,0.04263085399449037,OSULeaf,1,5,5.0,33,133,guide=gpf | walk=plain | guard,0.647,1,427,1.7999999999999998,64,2.0,rf,2.87584088951583,0.12320358439909318,1.9626165835215994,0.59375,1.3,1.0,0.0,1.0,1.96,1.96
0.8,0.9128709291752769,0.9136904761904762,0.984077380952381,0.03964092080521942,0.03798589985341928,OSULeaf,1,5,5.0,33,133,guide=gpf | walk=plain | guard,0.647,1,427,1.7999999999999998,64,2.0,ridge,2.87584088951583,0.12320358439909318,1.9626165835215994,0.59375,1.3,1.0,0.0,1.0,1.96,1.96
0.8115942028985508,0.9151502608861564,0.9160714285714286,0.9841517857142857,0.038461845730027554,0.04761707988980716,OSULeaf,1,5,5.0,33,133,guide=gpf | walk=aligned,0.647,1,427,1.7999999999999998,64,2.0,rf,3.782774689288038,0.24366838419239034,1.0533361888325905,0.27708333333333335,5.8,0.0,,,,
0.8823529411764706,0.9543135154205277,0.9544642857142858,0.9918154761904762,0.025277741196020873,0.03734106022523288,OSULeaf,1,5,5.0,33,133,guide=gpf | walk=aligned,0.647,1,427,1.7999999999999998,64,2.0,ridge,3.782774689288038,0.24366838419239034,1.0533361888325905,0.27708333333333335,5.8,0.0,,,,
0.8115942028985508,0.9151502608861564,0.9160714285714286,0.9841517857142857,0.038461845730027554,0.04761707988980716,OSULeaf,1,5,5.0,33,133,guide=gpf | walk=aligned | guard,0.647,1,427,1.7999999999999998,64,2.0,rf,3.782774689288038,0.24366838419239034,1.0533361888325905,0.27708333333333335,6.9,1.0,0.0,1.0,1.05,1.05
0.8823529411764706,0.9543135154205277,0.9544642857142858,0.9918154761904762,0.025277741196020873,0.03734106022523288,OSULeaf,1,5,5.0,33,133,guide=gpf | walk=aligned | guard,0.647,1,427,1.7999999999999998,64,2.0,ridge,3.782774689288038,0.24366838419239034,1.0533361888325905,0.27708333333333335,6.9,1.0,0.0,1.0,1.05,1.05
0.7945205479452054,0.9243723739458496,0.9245535714285714,0.9833333333333334,0.05392566574839302,0.1068457300275482,OSULeaf,1,5,5.0,33,133,guide=sig | walk=aligned,0.647,1,427,1.7999999999999998,64,2.0,rf,3.6739913174054184,0.21330995390803453,1.329556192862964,0.1298828125,13.6,0.0,,,,
0.9117647058823529,0.9724631220820272,0.9724702380952381,0.987797619047619,0.028347494552038364,0.046064653730318754,OSULeaf,1,5,5.0,33,133,guide=sig | walk=aligned,0.647,1,427,1.7999999999999998,64,2.0,ridge,3.6739913174054184,0.21330995390803453,1.329556192862964,0.1298828125,13.6,0.0,,,,
0.7945205479452054,0.9243723739458496,0.9245535714285714,0.9833333333333334,0.05392566574839302,0.1068457300275482,OSULeaf,1,5,5.0,33,133,guide=sig | walk=aligned | guard,0.647,1,427,1.7999999999999998,64,2.0,rf,3.6739913174054184,0.21330995390803453,1.329556192862964,0.1298828125,14.4,1.0,0.0,1.0,1.33,1.33
0.9117647058823529,0.9724631220820272,0.9724702380952381,0.987797619047619,0.028347494552038364,0.046064653730318754,OSULeaf,1,5,5.0,33,133,guide=sig | walk=aligned | guard,0.647,1,427,1.7999999999999998,64,2.0,ridge,3.6739913174054184,0.21330995390803453,1.329556192862964,0.1298828125,14.4,1.0,0.0,1.0,1.33,1.33
0.7368421052631579,0.8023403267940606,0.8186011904761905,0.9773065476190476,0.04307685950413223,0.044269972451790644,OSULeaf,1,10,9.8,17,149,none,0.647,1,427,1.7999999999999998,64,2.0,rf,,,,,,,,,,
0.75,0.8042853971072706,0.8209821428571429,0.9767857142857143,0.04489904029872007,0.042775011274572686,OSULeaf,1,10,9.8,17,149,none,0.647,1,427,1.7999999999999998,64,2.0,ridge,,,,,,,,,,
0.7714285714285715,0.8941775950159853,0.8956845238095238,0.9804315476190477,0.052775206611570244,0.09060606060606062,OSULeaf,1,10,9.8,17,149,SMOTE-raw,0.647,1,427,1.7999999999999998,64,2.0,rf,1.6205057117236983,0.10170497291208946,0.8092288622486151,,,,,,,
0.704225352112676,0.8539125638299665,0.8572916666666667,0.9479166666666667,0.06649413997086337,0.060936578998795926,OSULeaf,1,10,9.8,17,149,SMOTE-raw,0.647,1,427,1.7999999999999998,64,2.0,ridge,1.6205057117236983,0.10170497291208946,0.8092288622486151,,,,,,,
0.71875,0.8294253604583288,0.8379464285714286,0.9753720238095238,0.04537281910009183,0.04358126721763086,OSULeaf,1,10,9.8,17,149,guide=gpf | walk=plain,0.647,1,427,1.7999999999999998,64,2.0,rf,4.486133554784438,0.17923391545985867,2.073591701576128,0.58203125,0.6,0.0,,,,
0.8275862068965517,0.8618916073713346,0.8702380952380953,0.9816964285714286,0.03379930223268059,0.030202880236462906,OSULeaf,1,10,9.8,17,149,guide=gpf | walk=plain,0.647,1,427,1.7999999999999998,64,2.0,ridge,4.486133554784438,0.17923391545985867,2.073591701576128,0.58203125,0.6,0.0,,,,
0.71875,0.8294253604583288,0.8379464285714286,0.9755952380952382,0.04520656565656565,0.030234159779614325,OSULeaf,1,10,9.8,17,149,guide=gpf | walk=plain | guard,0.647,1,427,1.7999999999999998,64,2.0,rf,4.038232786576341,0.1637779588575311,2.000022323197057,0.58203125,1.6,1.0,1.0,0.981,2.07,2.0
0.8620689655172413,0.8817764806938104,0.8882440476190476,0.9822916666666668,0.03304524239471326,0.035258342896861965,OSULeaf,1,10,9.8,17,149,guide=gpf | walk=plain | guard,0.647,1,427,1.7999999999999998,64,2.0,ridge,4.038232786576341,0.1637779588575311,2.000022323197057,0.58203125,1.6,1.0,1.0,0.981,2.07,2.0
0.835820895522388,0.9196919774214263,0.9208333333333334,0.9831845238095238,0.03559247015610652,0.036308539944903594,OSULeaf,1,10,9.8,17,149,guide=gpf | walk=aligned,0.647,1,427,1.7999999999999998,64,2.0,rf,2.8779330703072343,0.16783895930831783,2.3143628287176123,0.05609939759036144,32.5,0.0,,,,
0.9206349206349206,0.9474275949216635,0.9483630952380953,0.9883928571428572,0.023219341407723203,0.031987401983886464,OSULeaf,1,10,9.8,17,149,guide=gpf | walk=aligned,0.647,1,427,1.7999999999999998,64,2.0,ridge,2.8779330703072343,0.16783895930831783,2.3143628287176123,0.05609939759036144,32.5,0.0,,,,
0.8656716417910447,0.9382734904371661,0.9388392857142858,0.9848214285714286,0.03554742883379247,0.045798898071625356,OSULeaf,1,10,9.8,17,149,guide=gpf | walk=aligned | guard,0.647,1,427,1.7999999999999998,64,2.0,rf,2.807532602097755,0.16799567329667942,2.0020266208742847,0.05609939759036144,33.3,1.0,1.0,0.915,2.31,2.0
0.9206349206349206,0.9474275949216635,0.9483630952380953,0.9892857142857143,0.02308199535903585,0.031603085078300515,OSULeaf,1,10,9.8,17,149,guide=gpf | walk=aligned | guard,0.647,1,427,1.7999999999999998,64,2.0,ridge,2.807532602097755,0.16799567329667942,2.0020266208742847,0.05609939759036144,33.3,1.0,1.0,0.915,2.31,2.0
0.8709677419354839,0.9119739187999998,0.9147321428571429,0.9920386904761905,0.03363943985307622,0.06753443526170799,OSULeaf,1,10,9.8,17,149,guide=sig | walk=aligned,0.647,1,427,1.7999999999999998,64,2.0,rf,3.5142846071978973,0.18088302551779367,1.9895687791053998,0.04901315789473684,39.4,0.0,,,,
0.8709677419354839,0.9119739187999998,0.9147321428571429,0.9860119047619047,0.027724656655904394,0.022797631541256285,OSULeaf,1,10,9.8,17,149,guide=sig | walk=aligned,0.647,1,427,1.7999999999999998,64,2.0,ridge,3.5142846071978973,0.18088302551779367,1.9895687791053998,0.04901315789473684,39.4,0.0,,,,
0.8709677419354839,0.9119739187999998,0.9147321428571429,0.9920386904761905,0.03363943985307622,0.06753443526170799,OSULeaf,1,10,9.8,17,149,guide=sig | walk=aligned | guard,0.647,1,427,1.7999999999999998,64,2.0,rf,3.5142846071978973,0.18088302551779367,1.9895687791053998,0.04901315789473684,40.4,1.0,0.0,1.0,1.99,1.99
0.8709677419354839,0.9119739187999998,0.9147321428571429,0.9860119047619047,0.027724656655904394,0.022797631541256285,OSULeaf,1,10,9.8,17,149,guide=sig | walk=aligned | guard,0.647,1,427,1.7999999999999998,64,2.0,ridge,3.5142846071978973,0.18088302551779367,1.9895687791053998,0.04901315789473684,40.4,1.0,0.0,1.0,1.99,1.99
0.7407407407407407,0.7867957924694432,0.8077380952380953,0.9796875,0.04315913682277319,0.036942148760330584,OSULeaf,1,20,20.8,8,158,none,0.647,1,427,1.5999999999999999,64,2.0,rf,,,,,,,,,,
0.8275862068965517,0.8618916073713346,0.8702380952380953,0.9839285714285714,0.03316782658078231,0.043854991627123766,OSULeaf,1,20,20.8,8,158,none,0.647,1,427,1.5999999999999999,64,2.0,ridge,,,,,,,,,,
0.7142857142857143,0.7830039834478737,0.8029761904761905,0.975297619047619,0.059145592286501375,0.12428374655647381,OSULeaf,1,20,20.8,8,158,SMOTE-raw,0.647,1,427,1.5999999999999999,64,2.0,rf,3.115461087160135,0.1768311851172525,0.7268969489067695,,,,,,,
0.7123287671232876,0.8685990362153793,0.8705357142857143,0.9242559523809524,0.079429118926963,0.08594266960123026,OSULeaf,1,20,20.8,8,158,SMOTE-raw,0.647,1,427,1.5999999999999999,64,2.0,ridge,3.115461087160135,0.1768311851172525,0.7268969489067695,,,,,,,
0.7636363636363637,0.806225774829855,0.8233630952380953,0.9755208333333334,0.04180032139577595,0.03257575757575758,OSULeaf,1,20,20.8,8,158,guide=gpf | walk=plain,0.647,1,427,1.5999999999999999,64,2.0,rf,10.51473700436422,0.41037233822871044,1.918000400380614,0.20572916666666666,0.8,0.0,,,,
0.8813559322033898,0.8992390963369822,0.9038690476190476,0.9834821428571429,0.03162560369527995,0.039009398752829605,OSULeaf,1,20,20.8,8,158,guide=gpf | walk=plain,0.647,1,427,1.5999999999999999,64,2.0,ridge,10.51473700436422,0.41037233822871044,1.918000400380614,0.20572916666666666,0.8,0.0,,,,
0.7636363636363637,0.806225774829855,0.8233630952380953,0.9755208333333334,0.04180032139577595,0.03257575757575758,OSULeaf,1,20,20.8,8,158,guide=gpf | walk=plain | guard,0.647,1,427,1.5999999999999999,64,2.0,rf,10.51473700436422,0.41037233822871044,1.918000400380614,0.20572916666666666,1.6,1.0,0.0,1.0,1.92,1.92
0.8813559322033898,0.8992390963369822,0.9038690476190476,0.9834821428571429,0.03162560369527995,0.039009398752829605,OSULeaf,1,20,20.8,8,158,guide=gpf | walk=plain | guard,0.647,1,427,1.5999999999999999,64,2.0,ridge,10.51473700436422,0.41037233822871044,1.918000400380614,0.20572916666666666,1.6,1.0,0.0,1.0,1.92,1.92
0.6530612244897959,0.7054211845550484,0.7476190476190476,0.9820684523809524,0.04482759412304867,0.05128099173553719,OSULeaf,1,20,20.8,8,158,guide=gpf | walk=aligned,0.647,1,427,1.5999999999999999,64,2.0,rf,17.098145162770237,0.7601008353997375,0.46895807704836084,0.04888613861386139,41.0,0.0,,,,
0.8135593220338984,0.8598172563316663,0.8678571428571429,0.9851190476190477,0.03256943408092382,0.01996371811191445,OSULeaf,1,20,20.8,8,158,guide=gpf | walk=aligned,0.647,1,427,1.5999999999999999,64,2.0,ridge,17.098145162770237,0.7601008353997375,0.46895807704836084,0.04888613861386139,41.0,0.0,,,,
0.6530612244897959,0.7054211845550484,0.7476190476190476,0.9820684523809524,0.04482759412304867,0.05128099173553719,OSULeaf,1,20,20.8,8,158,guide=gpf | walk=aligned | guard,0.647,1,427,1.5999999999999999,64,2.0,rf,17.098145162770237,0.7601008353997375,0.46895807704836084,0.04888613861386139,41.7,1.0,0.0,1.0,0.47,0.47
0.8135593220338984,0.8598172563316663,0.8678571428571429,0.9851190476190477,0.03256943408092382,0.01996371811191445,OSULeaf,1,20,20.8,8,158,guide=gpf | walk=aligned | guard,0.647,1,427,1.5999999999999999,64,2.0,ridge,17.098145162770237,0.7601008353997375,0.46895807704836084,0.04888613861386139,41.7,1.0,0.0,1.0,0.47,0.47
0.6545454545454545,0.7410176400445153,0.7693452380952381,0.959375,0.05051960514233242,0.04577134986225895,OSULeaf,1,20,20.8,8,158,guide=sig | walk=aligned,0.647,1,427,1.5999999999999999,64,2.0,rf,1.3231880547822001,0.06056581928889648,0.8671808322585594,0.04888613861386139,41.6,0.0,,,,
0.8709677419354839,0.9119739187999998,0.9147321428571429,0.9834821428571429,0.030892846184147126,0.03689163352490341,OSULeaf,1,20,20.8,8,158,guide=sig | walk=aligned,0.647,1,427,1.5999999999999999,64,2.0,ridge,1.3231880547822001,0.06056581928889648,0.8671808322585594,0.04888613861386139,41.6,0.0,,,,
0.6545454545454545,0.7410176400445153,0.7693452380952381,0.959375,0.05051960514233242,0.04577134986225895,OSULeaf,1,20,20.8,8,158,guide=sig | walk=aligned | guard,0.647,1,427,1.5999999999999999,64,2.0,rf,1.3231880547822001,0.06056581928889648,0.8671808322585594,0.04888613861386139,42.3,1.0,0.0,1.0,0.87,0.87
0.8709677419354839,0.9119739187999998,0.9147321428571429,0.9834821428571429,0.030892846184147126,0.03689163352490341,OSULeaf,1,20,20.8,8,158,guide=sig | walk=aligned | guard,0.647,1,427,1.5999999999999999,64,2.0,ridge,1.3231880547822001,0.06056581928889648,0.8671808322585594,0.04888613861386139,42.3,1.0,0.0,1.0,0.87,0.87
0.7619047619047619,0.85146931829632,0.8583333333333334,0.9696428571428571,0.03986409550045914,0.03035812672176308,OSULeaf,2,5,5.0,33,133,none,0.647,1,427,1.5999999999999999,64,2.0,rf,,,,,,,,,,
0.8059701492537313,0.9008924146961961,0.902827380952381,0.9816964285714287,0.040634406684710286,0.025123775117875335,OSULeaf,2,5,5.0,33,133,none,0.647,1,427,1.5999999999999999,64,2.0,ridge,,,,,,,,,,
0.7045454545454546,0.9238087567498043,0.9248511904761905,0.9758928571428571,0.07102089072543617,0.13406336088154272,OSULeaf,2,5,5.0,33,133,SMOTE-raw,0.647,1,427,1.5999999999999999,64,2.0,rf,1.4929810584044798,0.10111250061671484,0.8325658443763291,,,,,,,
0.7380952380952381,0.9337424698491549,0.934375,0.9788690476190476,0.06774847652136798,0.10350335739840207,OSULeaf,2,5,5.0,33,133,SMOTE-raw,0.647,1,427,1.5999999999999999,64,2.0,ridge,1.4929810584044798,0.10111250061671484,0.8325658443763291,,,,,,,
0.7246376811594203,0.8582582029069941,0.8620535714285714,0.9693452380952381,0.04757869605142332,0.05173553719008265,OSULeaf,2,5,5.0,33,133,guide=gpf | walk=plain,0.647,1,427,1.5999999999999999,64,2.0,rf,2.6149710868872624,0.13807118411648833,1.4774421684832941,0.59375,0.6,0.0,,,,
0.8169014084507042,0.9290291911965082,0.9293154761904762,0.9812500000000001,0.04210544292275052,0.036144155827231926,OSULeaf,2,5,5.0,33,133,guide=gpf | walk=plain,0.647,1,427,1.5999999999999999,64,2.0,ridge,2.6149710868872624,0.13807118411648833,1.4774421684832941,0.59375,0.6,0.0,,,,
0.7246376811594203,0.8582582029069941,0.8620535714285714,0.9693452380952381,0.04757869605142332,0.05173553719008265,OSULeaf,2,5,5.0,33,133,guide=gpf | walk=plain | guard,0.647,1,427,1.5999999999999999,64,2.0,rf,2.6149710868872624,0.13807118411648833,1.4774421684832941,0.59375,1.6,1.0,0.0,1.0,1.48,1.48
0.8169014084507042,0.9290291911965082,0.9293154761904762,0.9812500000000001,0.04210544292275052,0.036144155827231926,OSULeaf,2,5,5.0,33,133,guide=gpf | walk=plain | guard,0.647,1,427,1.5999999999999999,64,2.0,ridge,2.6149710868872624,0.13807118411648833,1.4774421684832941,0.59375,1.6,1.0,0.0,1.0,1.48,1.48
0.835820895522388,0.9196919774214263,0.9208333333333334,0.9843005952380952,0.03765174471992654,0.0421900826446281,OSULeaf,2,5,5.0,33,133,guide=gpf | walk=aligned,0.647,1,427,1.5999999999999999,64,2.0,rf,4.3592585039794045,0.2880975831582011,0.6299048548056179,0.31971153846153844,5.2,0.0,,,,
0.8823529411764706,0.9543135154205277,0.9544642857142858,0.9918154761904763,0.0272264319491931,0.030470879244385123,OSULeaf,2,5,5.0,33,133,guide=gpf | walk=aligned,0.647,1,427,1.5999999999999999,64,2.0,ridge,4.3592585039794045,0.2880975831582011,0.6299048548056179,0.31971153846153844,5.2,0.0,,,,
0.835820895522388,0.9196919774214263,0.9208333333333334,0.9843005952380952,0.03765174471992654,0.0421900826446281,OSULeaf,2,5,5.0,33,133,guide=gpf | walk=aligned | guard,0.647,1,427,1.5999999999999999,64,2.0,rf,4.3592585039794045,0.2880975831582011,0.6299048548056179,0.31971153846153844,6.2,1.0,0.0,1.0,0.63,0.63
0.8823529411764706,0.9543135154205277,0.9544642857142858,0.9918154761904763,0.0272264319491931,0.030470879244385123,OSULeaf,2,5,5.0,33,133,guide=gpf | walk=aligned | guard,0.647,1,427,1.5999999999999999,64,2.0,ridge,4.3592585039794045,0.2880975831582011,0.6299048548056179,0.31971153846153844,6.2,1.0,0.0,1.0,0.63,0.63
0.7792207792207793,0.9330250341152236,0.9330357142857143,0.9835565476190476,0.05366469237832875,0.088168044077135,OSULeaf,2,5,5.0,33,133,guide=sig | walk=aligned,0.647,1,427,1.5999999999999999,64,2.0,rf,2.8048512542594857,0.1599061461092547,1.5401883184102174,0.15393518518518517,11.6,0.0,,,,
0.835820895522388,0.9196919774214263,0.9208333333333334,0.9852678571428571,0.03364976718426965,0.04594784490203439,OSULeaf,2,5,5.0,33,133,guide=sig | walk=aligned,0.647,1,427,1.5999999999999999,64,2.0,ridge,2.8048512542594857,0.1599061461092547,1.5401883184102174,0.15393518518518517,11.6,0.0,,,,
0.7792207792207793,0.9330250341152236,0.9330357142857143,0.9835565476190476,0.05366469237832875,0.088168044077135,OSULeaf,2,5,5.0,33,133,guide=sig | walk=aligned | guard,0.647,1,427,1.5999999999999999,64,2.0,rf,2.8048512542594857,0.1599061461092547,1.5401883184102174,0.15393518518518517,12.5,1.0,0.0,1.0,1.54,1.54
0.835820895522388,0.9196919774214263,0.9208333333333334,0.9852678571428571,0.03364976718426965,0.04594784490203439,OSULeaf,2,5,5.0,33,133,guide=sig | walk=aligned | guard,0.647,1,427,1.5999999999999999,64,2.0,ridge,2.8048512542594857,0.1599061461092547,1.5401883184102174,0.15393518518518517,12.5,1.0,0.0,1.0,1.54,1.54
0.75,0.8042853971072706,0.8209821428571429,0.9695684523809524,0.04107314049586777,0.024889807162534434,OSULeaf,2,10,9.8,17,149,none,0.647,1,427,1.7999999999999998,64,2.0,rf,,,,,,,,,,
0.8253968253968254,0.8905923657346058,0.8943452380952381,0.9863095238095239,0.030931157975858426,0.02463154682227796,OSULeaf,2,10,9.8,17,149,none,0.647,1,427,1.7999999999999998,64,2.0,ridge,,,,,,,,,,
0.8985507246376812,0.9700883612184142,0.9700892857142858,0.9916666666666668,0.05758406795224977,0.14527548209366395,OSULeaf,2,10,9.8,17,149,SMOTE-raw,0.647,1,427,1.7999999999999998,64,2.0,rf,2.754189576369072,0.16903677987991517,0.6930584828884577,,,,,,,
0.735632183908046,0.9436504599035548,0.9452380952380952,0.984077380952381,0.06843399484545053,0.11051287779505795,OSULeaf,2,10,9.8,17,149,SMOTE-raw,0.647,1,427,1.7999999999999998,64,2.0,ridge,2.754189576369072,0.16903677987991517,0.6930584828884577,,,,,,,
0.7419354838709677,0.8335416406315084,0.8427083333333334,0.9736607142857143,0.042076675849403125,0.028705234159779627,OSULeaf,2,10,9.8,17,149,guide=gpf | walk=plain,0.647,1,427,1.7999999999999998,64,2.0,rf,5.126245514352695,0.20955923668180954,1.912524623220761,0.6651785714285714,0.5,0.0,,,,
0.8125,0.8884175337563495,0.8919642857142858,0.9877976190476191,0.031124664233831926,0.03241923756992737,OSULeaf,2,10,9.8,17,149,guide=gpf | walk=plain,0.647,1,427,1.7999999999999998,64,2.0,ridge,5.126245514352695,0.20955923668180954,1.912524623220761,0.6651785714285714,0.5,0.0,,,,
0.7419354838709677,0.8335416406315084,0.8427083333333334,0.9736607142857143,0.042076675849403125,0.028705234159779627,OSULeaf,2,10,9.8,17,149,guide=gpf | walk=plain | guard,0.647,1,427,1.7999999999999998,64,2.0,rf,5.126245514352695,0.20955923668180954,1.912524623220761,0.6651785714285714,1.5,1.0,0.0,1.0,1.91,1.91
0.8125,0.8884175337563495,0.8919642857142858,0.9877976190476191,0.031124664233831926,0.03241923756992737,OSULeaf,2,10,9.8,17,149,guide=gpf | walk=plain | guard,0.647,1,427,1.7999999999999998,64,2.0,ridge,5.126245514352695,0.20955923668180954,1.912524623220761,0.6651785714285714,1.5,1.0,0.0,1.0,1.91,1.91
0.8135593220338984,0.8598172563316663,0.8678571428571429,0.9837797619047619,0.0349848025711662,0.03508264462809918,OSULeaf,2,10,9.8,17,149,guide=gpf | walk=aligned,0.647,1,427,1.7999999999999998,64,2.0,rf,5.696842101895518,0.31576252786608566,0.8318856624046593,0.2586805555555556,6.4,0.0,,,,
0.8709677419354839,0.9119739187999998,0.9147321428571429,0.9927083333333333,0.023982712807233006,0.033224414982564385,OSULeaf,2,10,9.8,17,149,guide=gpf | walk=aligned,0.647,1,427,1.7999999999999998,64,2.0,ridge,5.696842101895518,0.31576252786608566,0.8318856624046593,0.2586805555555556,6.4,0.0,,,,
0.8135593220338984,0.8598172563316663,0.8678571428571429,0.9837797619047619,0.0349848025711662,0.03508264462809918,OSULeaf,2,10,9.8,17,149,guide=gpf | walk=aligned | guard,0.647,1,427,1.7999999999999998,64,2.0,rf,5.696842101895518,0.31576252786608566,0.8318856624046593,0.2586805555555556,7.4,1.0,0.0,1.0,0.83,0.83
0.8709677419354839,0.9119739187999998,0.9147321428571429,0.9927083333333333,0.023982712807233006,0.033224414982564385,OSULeaf,2,10,9.8,17,149,guide=gpf | walk=aligned | guard,0.647,1,427,1.7999999999999998,64,2.0,ridge,5.696842101895518,0.31576252786608566,0.8318856624046593,0.2586805555555556,7.4,1.0,0.0,1.0,0.83,0.83
0.8571428571428571,0.9097684163723048,0.9123511904761905,0.986904761904762,0.040517171717171716,0.0874931129476584,OSULeaf,2,10,9.8,17,149,guide=sig | walk=aligned,0.647,1,427,1.7999999999999998,64,2.0,rf,6.373431815459844,0.302244154846403,2.0901337749570423,0.04901315789473684,41.9,0.0,,,,
0.7936507936507936,0.871165065546462,0.8763392857142858,0.9757440476190476,0.03872136266484243,0.04144584680781828,OSULeaf,2,10,9.8,17,149,guide=sig | walk=aligned,0.647,1,427,1.7999999999999998,64,2.0,ridge,6.373431815459844,0.302244154846403,2.0901337749570423,0.04901315789473684,41.9,0.0,,,,
0.84375,0.9075575542552188,0.9099702380952381,0.9876488095238096,0.04134403122130395,0.09654269972451791,OSULeaf,2,10,9.8,17,149,guide=sig | walk=aligned | guard,0.647,1,427,1.7999999999999998,64,2.0,rf,6.377881223488069,0.30446839966451766,2.0001696447890276,0.04901315789473684,42.9,1.0,1.0,0.975,2.09,2.0
0.8125,0.8884175337563495,0.8919642857142858,0.9751488095238094,0.03832602015374565,0.035241772636844984,OSULeaf,2,10,9.8,17,149,guide=sig | walk=aligned | guard,0.647,1,427,1.7999999999999998,64,2.0,ridge,6.377881223488069,0.30446839966451766,2.0001696447890276,0.04901315789473684,42.9,1.0,1.0,0.975,2.09,2.0
0.68,0.7271315136171984,0.7632440476190476,0.9658482142857141,0.05117892561983471,0.05389807162534435,OSULeaf,2,20,20.8,8,158,none,0.647,1,427,1.5999999999999999,64,2.0,rf,,,,,,,,,,
0.6382978723404256,0.6846531968814576,0.734375,0.9694940476190476,0.057588531807080026,0.06125027875609969,OSULeaf,2,20,20.8,8,158,none,0.647,1,427,1.5999999999999999,64,2.0,ridge,,,,,,,,,,
0.43902439024390244,0.5303300858899106,0.640625,0.9508184523809524,0.06668471074380165,0.05761707988980715,OSULeaf,2,20,20.8,8,158,SMOTE-raw,0.647,1,427,1.5999999999999999,64,2.0,rf,3.0788621389941735,0.1848803500276024,0.6867560906659086,,,,,,,
0.6153846153846154,0.7003400534570263,0.7404761904761905,0.7482142857142857,0.07682576448465685,0.06260171264064573,OSULeaf,2,20,20.8,8,158,SMOTE-raw,0.647,1,427,1.5999999999999999,64,2.0,ridge,3.0788621389941735,0.1848803500276024,0.6867560906659086,,,,,,,
0.6896551724137931,0.7791937224739796,0.7982142857142858,0.9696428571428571,0.04777786960514234,0.03333333333333334,OSULeaf,2,20,20.8,8,158,guide=gpf | walk=plain,0.647,1,427,1.5999999999999999,64,2.0,rf,5.848751909894663,0.241482596582418,1.8107344562137717,0.5486111111111112,0.6,0.0,,,,
0.625,0.6830211249609027,0.7319940476190476,0.9306547619047619,0.06120598853899837,0.057070082551560604,OSULeaf,2,20,20.8,8,158,guide=gpf | walk=plain,0.647,1,427,1.5999999999999999,64,2.0,ridge,5.848751909894663,0.241482596582418,1.8107344562137717,0.5486111111111112,0.6,0.0,,,,
0.6896551724137931,0.7791937224739796,0.7982142857142858,0.9696428571428571,0.04777786960514234,0.03333333333333334,OSULeaf,2,20,20.8,8,158,guide=gpf | walk=plain | guard,0.647,1,427,1.5999999999999999,64,2.0,rf,5.848751909894663,0.241482596582418,1.8107344562137717,0.5486111111111112,1.5,1.0,0.0,1.0,1.81,1.81
0.625,0.6830211249609027,0.7319940476190476,0.9306547619047619,0.06120598853899837,0.057070082551560604,OSULeaf,2,20,20.8,8,158,guide=gpf | walk=plain | guard,0.647,1,427,1.5999999999999999,64,2.0,ridge,5.848751909894663,0.241482596582418,1.8107344562137717,0.5486111111111112,1.5,1.0,0.0,1.0,1.81,1.81
0.7058823529411765,0.7482121547872826,0.7788690476190476,0.96875,0.04562433425160698,0.0481542699724518,OSULeaf,2,20,20.8,8,158,guide=gpf | walk=aligned,0.647,1,427,1.5999999999999999,64,2.0,rf,5.099824578939053,0.27035870089905056,1.160823144531993,0.04888613861386139,41.0,0.0,,,,
0.7450980392156863,0.770551750371122,0.796875,0.8946428571428571,0.0536173897741227,0.05823028234963205,OSULeaf,2,20,20.8,8,158,guide=gpf | walk=aligned,0.647,1,427,1.5999999999999999,64,2.0,ridge,5.099824578939053,0.27035870089905056,1.160823144531993,0.04888613861386139,41.0,0.0,,,,
0.7058823529411765,0.7482121547872826,0.7788690476190476,0.96875,0.04562433425160698,0.0481542699724518,OSULeaf,2,20,20.8,8,158,guide=gpf | walk=aligned | guard,0.647,1,427,1.5999999999999999,64,2.0,rf,5.099824578939053,0.27035870089905056,1.160823144531993,0.04888613861386139,41.9,1.0,0.0,1.0,1.16,1.16
0.7450980392156863,0.770551750371122,0.796875,0.8946428571428571,0.0536173897741227,0.05823028234963205,OSULeaf,2,20,20.8,8,158,guide=gpf | walk=aligned | guard,0.647,1,427,1.5999999999999999,64,2.0,ridge,5.099824578939053,0.27035870089905056,1.160823144531993,0.04888613861386139,41.9,1.0,0.0,1.0,1.16,1.16
0.6382978723404256,0.6846531968814576,0.734375,0.9651041666666668,0.051001790633608816,0.04778236914600552,OSULeaf,2,20,20.8,8,158,guide=sig | walk=aligned,0.647,1,427,1.5999999999999999,64,2.0,rf,9.237199156426552,0.5108889321087533,0.5279561669200304,0.04888613861386139,45.0,0.0,,,,
0.6666666666666666,0.7071067811865476,0.75,0.9126488095238096,0.0591566570645011,0.060592632800832505,OSULeaf,2,20,20.8,8,158,guide=sig | walk=aligned,0.647,1,427,1.5999999999999999,64,2.0,ridge,9.237199156426552,0.5108889321087533,0.5279561669200304,0.04888613861386139,45.0,0.0,,,,
0.6382978723404256,0.6846531968814576,0.734375,0.9651041666666668,0.051001790633608816,0.04778236914600552,OSULeaf,2,20,20.8,8,158,guide=sig | walk=aligned | guard,0.647,1,427,1.5999999999999999,64,2.0,rf,9.237199156426552,0.5108889321087533,0.5279561669200304,0.04888613861386139,45.8,1.0,0.0,1.0,0.53,0.53
0.6666666666666666,0.7071067811865476,0.75,0.9126488095238096,0.0591566570645011,0.060592632800832505,OSULeaf,2,20,20.8,8,158,guide=sig | walk=aligned | guard,0.647,1,427,1.5999999999999999,64,2.0,ridge,9.237199156426552,0.5108889321087533,0.5279561669200304,0.04888613861386139,45.8,1.0,0.0,1.0,0.53,0.53
0.0425531914893617,0.15221485181647873,0.5097691709172646,0.8390968559983861,0.042553986928104574,0.01268235294117647,Handwriting,0,5,14.0,10,130,none,0.218,3,152,1.7999999999999998,64,2.0,rf,,,,,,,,,,
0.24324324324324326,0.45121661997647317,0.5910204316878476,0.8450765107633786,0.050688063833747084,0.04128576481798232,Handwriting,0,5,14.0,10,130,none,0.218,3,152,1.7999999999999998,64,2.0,ridge,,,,,,,,,,
0.19672131147540983,0.3707560054287876,0.5623324976225469,0.8862280625918562,0.044474797385620914,0.05058039215686274,Handwriting,0,5,14.0,10,130,SMOTE-raw,0.218,3,152,1.7999999999999998,64,2.0,rf,1.3105499733367143,0.13312789159176752,0.5254716001120217,,,,,,,
0.2978723404255319,0.5573633210450346,0.6398662862741709,0.8345868995129824,0.06178938927326343,0.06066956609283429,Handwriting,0,5,14.0,10,130,SMOTE-raw,0.218,3,152,1.7999999999999998,64,2.0,ridge,1.3105499733367143,0.13312789159176752,0.5254716001120217,,,,,,,
0.2033898305084746,0.3712220722443836,0.5635716549955333,0.8357972392726434,0.04800397385620915,0.05392941176470587,Handwriting,0,5,14.0,10,130,guide=gpf | walk=plain,0.218,3,152,1.7999999999999998,64,2.0,rf,8.208715735657975,0.36817639261478186,1.9840849569322672,0.3385416666666667,0.4,0.0,,,,
0.22727272727272727,0.4716693490900603,0.5945938157401804,0.8342122705397539,0.06072017016472339,0.05225230487194712,Handwriting,0,5,14.0,10,130,guide=gpf | walk=plain,0.218,3,152,1.7999999999999998,64,2.0,ridge,8.208715735657975,0.36817639261478186,1.9840849569322672,0.3385416666666667,0.4,0.0,,,,
0.2033898305084746,0.3712220722443836,0.5635716549955333,0.8357972392726434,0.04800397385620915,0.05392941176470587,Handwriting,0,5,14.0,10,130,guide=gpf | walk=plain | guard,0.218,3,152,1.7999999999999998,64,2.0,rf,8.208715735657975,0.36817639261478186,1.9840849569322672,0.3385416666666667,1.3,1.0,0.0,1.0,1.98,1.98
0.22727272727272727,0.4716693490900603,0.5945938157401804,0.8342122705397539,0.06072017016472339,0.05225230487194712,Handwriting,0,5,14.0,10,130,guide=gpf | walk=plain | guard,0.218,3,152,1.7999999999999998,64,2.0,ridge,8.208715735657975,0.36817639261478186,1.9840849569322672,0.3385416666666667,1.3,1.0,0.0,1.0,1.98,1.98
0.3283582089552239,0.5016901780809141,0.6198524538197747,0.857986801533097,0.04908149019607844,0.07159215686274509,Handwriting,0,5,14.0,10,130,guide=gpf | walk=aligned,0.218,3,152,1.7999999999999998,64,2.0,rf,2.9736799219986683,0.1956772742318239,1.4488304671541032,0.0655241935483871,8.5,0.0,,,,
0.21176470588235294,0.44804407642975463,0.5842050661364225,0.8332036540733696,0.06046386729262295,0.05300670847606265,Handwriting,0,5,14.0,10,130,guide=gpf | walk=aligned,0.218,3,152,1.7999999999999998,64,2.0,ridge,2.9736799219986683,0.1956772742318239,1.4488304671541032,0.0655241935483871,8.5,0.0,,,,
0.3283582089552239,0.5016901780809141,0.6198524538197747,0.857986801533097,0.04908149019607844,0.07159215686274509,Handwriting,0,5,14.0,10,130,guide=gpf | walk=aligned | guard,0.218,3,152,1.7999999999999998,64,2.0,rf,2.9736799219986683,0.1956772742318239,1.4488304671541032,0.0655241935483871,9.3,1.0,0.0,1.0,1.45,1.45
0.21176470588235294,0.44804407642975463,0.5842050661364225,0.8332036540733696,0.06046386729262295,0.05300670847606265,Handwriting,0,5,14.0,10,130,guide=gpf | walk=aligned | guard,0.218,3,152,1.7999999999999998,64,2.0,ridge,2.9736799219986683,0.1956772742318239,1.4488304671541032,0.0655241935483871,9.3,1.0,0.0,1.0,1.45,1.45
0.2891566265060241,0.5190250951202375,0.6221866804991211,0.8443560704302469,0.055657660130718954,0.08031764705882354,Handwriting,0,5,14.0,10,130,guide=sig | walk=aligned,0.218,3,152,1.7999999999999998,64,2.0,rf,1.890148442890899,0.13761736349922715,0.8599940862526472,0.23897058823529413,1.6,0.0,,,,
0.23853211009174313,0.5314792995162103,0.6183251203135356,0.7468660845508774,0.07220623410165385,0.06779311706688576,Handwriting,0,5,14.0,10,130,guide=sig | walk=aligned,0.218,3,152,1.7999999999999998,64,2.0,ridge,1.890148442890899,0.13761736349922715,0.8599940862526472,0.23897058823529413,1.6,0.0,,,,
0.2891566265060241,0.5190250951202375,0.6221866804991211,0.8443560704302469,0.055657660130718954,0.08031764705882354,Handwriting,0,5,14.0,10,130,guide=sig | walk=aligned | guard,0.218,3,152,1.7999999999999998,64,2.0,rf,1.890148442890899,0.13761736349922715,0.8599940862526472,0.23897058823529413,2.7,1.0,0.0,1.0,0.86,0.86
0.23853211009174313,0.5314792995162103,0.6183251203135356,0.7468660845508774,0.07220623410165385,0.06779311706688576,Handwriting,0,5,14.0,10,130,guide=sig | walk=aligned | guard,0.218,3,152,1.7999999999999998,64,2.0,ridge,1.890148442890899,0.13761736349922715,0.8599940862526472,0.23897058823529413,2.7,1.0,0.0,1.0,0.86,0.86
0.0,0.0,0.49814126394052044,0.8507247629751304,0.04204938562091504,0.01556078431372549,Handwriting,0,10,14.0,10,130,none,0.218,3,152,1.7999999999999998,64,2.0,rf,,,,,,,,,,
0.24324324324324326,0.45121661997647317,0.5910204316878476,0.8450765107633786,0.0506880638337471,0.04128576481798234,Handwriting,0,10,14.0,10,130,none,0.218,3,152,1.7999999999999998,64,2.0,ridge,,,,,,,,,,
0.2033898305084746,0.3712220722443836,0.5635716549955333,0.8801763637935506,0.04561849673202614,0.051635294117647064,Handwriting,0,10,14.0,10,130,SMOTE-raw,0.218,3,152,1.7999999999999998,64,2.0,rf,1.2986029747646715,0.12989256903734347,0.5115003653938537,,,,,,,
0.29473684210526313,0.5570012792263557,0.6392467075876775,0.8384196420852424,0.06153655008843506,0.05950858400976482,Handwriting,0,10,14.0,10,130,SMOTE-raw,0.218,3,152,1.7999999999999998,64,2.0,ridge,1.2986029747646715,0.12989256903734347,0.5115003653938537,,,,,,,
0.2,0.3709891120254916,0.5629520763090401,0.828650471167978,0.047836300653594774,0.05354901960784314,Handwriting,0,10,14.0,10,130,guide=gpf | walk=plain,0.218,3,152,1.7999999999999998,64,2.0,rf,8.033032097558632,0.3588844457574203,2.1001713599094236,0.3693181818181818,0.6,0.0,,,,
0.25,0.4950112787651643,0.6068413014034177,0.8313305092072275,0.06182901489321392,0.05362689200247884,Handwriting,0,10,14.0,10,130,guide=gpf | walk=plain,0.218,3,152,1.7999999999999998,64,2.0,ridge,8.033032097558632,0.3588844457574203,2.1001713599094236,0.3693181818181818,0.6,0.0,,,,
0.14285714285714285,0.3032916446825464,0.5409354197285381,0.8440102590703438,0.04715418300653594,0.052882352941176484,Handwriting,0,10,14.0,10,130,guide=gpf | walk=plain | guard,0.218,3,152,1.7999999999999998,64,2.0,rf,7.424955242273928,0.34129512585568356,1.966186437257131,0.3693181818181818,1.7,1.0,1.0,0.976,2.1,1.97
0.2826086956521739,0.5374373808725301,0.6288579579839197,0.8312728739805769,0.06172001009886054,0.054270323579059906,Handwriting,0,10,14.0,10,130,guide=gpf | walk=plain | guard,0.218,3,152,1.7999999999999998,64,2.0,ridge,7.424955242273928,0.34129512585568356,1.966186437257131,0.3693181818181818,1.7,1.0,1.0,0.976,2.1,1.97
0.3235294117647059,0.5013741527405271,0.6192328751332814,0.8655802426443041,0.050868352941176476,0.08025490196078434,Handwriting,0,10,14.0,10,130,guide=gpf | walk=aligned,0.218,3,152,1.7999999999999998,64,2.0,rf,2.7506762630055945,0.1674213556233295,1.5768731945422485,0.07965686274509803,4.5,0.0,,,,
0.25287356321839083,0.4953313636862713,0.607460880089911,0.8449612403100775,0.05864478130091182,0.04268680006581684,Handwriting,0,10,14.0,10,130,guide=gpf | walk=aligned,0.218,3,152,1.7999999999999998,64,2.0,ridge,2.7506762630055945,0.1674213556233295,1.5768731945422485,0.07965686274509803,4.5,0.0,,,,
0.3235294117647059,0.5013741527405271,0.6192328751332814,0.8655802426443041,0.050868352941176476,0.08025490196078434,Handwriting,0,10,14.0,10,130,guide=gpf | walk=aligned | guard,0.218,3,152,1.7999999999999998,64,2.0,rf,2.7506762630055945,0.1674213556233295,1.5768731945422485,0.07965686274509803,5.6,1.0,0.0,1.0,1.58,1.58
0.25287356321839083,0.4953313636862713,0.607460880089911,0.8449612403100775,0.05864478130091182,0.04268680006581684,Handwriting,0,10,14.0,10,130,guide=gpf | walk=aligned | guard,0.218,3,152,1.7999999999999998,64,2.0,ridge,2.7506762630055945,0.1674213556233295,1.5768731945422485,0.07965686274509803,5.6,1.0,0.0,1.0,1.58,1.58
0.21333333333333335,0.42486883843070467,0.5781533673381171,0.850465404455203,0.05126070588235294,0.06658039215686275,Handwriting,0,10,14.0,10,130,guide=sig | walk=aligned,0.218,3,152,1.7999999999999998,64,2.0,rf,1.9183805424331375,0.14379488209327695,0.8302828173665024,0.22569444444444445,2.7,0.0,,,,
0.26,0.534641848879507,0.6239013284919743,0.7515921731362208,0.06384822101136721,0.06271510541335219,Handwriting,0,10,14.0,10,130,guide=sig | walk=aligned,0.218,3,152,1.7999999999999998,64,2.0,ridge,1.9183805424331375,0.14379488209327695,0.8302828173665024,0.22569444444444445,2.7,0.0,,,,
0.21333333333333335,0.42486883843070467,0.5781533673381171,0.850465404455203,0.05126070588235294,0.06658039215686275,Handwriting,0,10,14.0,10,130,guide=sig | walk=aligned | guard,0.218,3,152,1.7999999999999998,64,2.0,rf,1.9183805424331375,0.14379488209327695,0.8302828173665024,0.22569444444444445,3.8,1.0,0.0,1.0,0.83,0.83
0.26,0.534641848879507,0.6239013284919743,0.7515921731362208,0.06384822101136721,0.06271510541335219,Handwriting,0,10,14.0,10,130,guide=sig | walk=aligned | guard,0.218,3,152,1.7999999999999998,64,2.0,ridge,1.9183805424331375,0.14379488209327695,0.8302828173665024,0.22569444444444445,3.8,1.0,0.0,1.0,0.83,0.83
0.0425531914893617,0.15221485181647873,0.5097691709172646,0.7507852799631136,0.04326935947712418,0.02051764705882353,Handwriting,0,20,20.0,7,133,none,0.218,3,152,1.5999999999999999,64,2.0,rf,,,,,,,,,,
0.27692307692307694,0.45379584046390226,0.5965966398662863,0.7472983487507565,0.04752293605006649,0.04467253714495266,Handwriting,0,20,20.0,7,133,none,0.218,3,152,1.5999999999999999,64,2.0,ridge,,,,,,,,,,
0.2222222222222222,0.4002103132876757,0.5733408259127979,0.7468949021642028,0.04896147712418301,0.0325607843137255,Handwriting,0,20,20.0,7,133,SMOTE-raw,0.218,3,152,1.5999999999999999,64,2.0,rf,2.294175401163768,0.2043917084591792,0.5288964552075496,,,,,,,
0.27956989247311825,0.5370887351135719,0.6282383792974267,0.715858332612893,0.06530247391321474,0.06680023420126788,Handwriting,0,20,20.0,7,133,SMOTE-raw,0.218,3,152,1.5999999999999999,64,2.0,ridge,2.294175401163768,0.2043917084591792,0.5288964552075496,,,,,,,
0.16666666666666666,0.3048081123603052,0.5458920492204835,0.7821100256476758,0.04216832679738562,0.012913725490196077,Handwriting,0,20,20.0,7,133,guide=gpf | walk=plain,0.218,3,152,1.5999999999999999,64,2.0,rf,7.605270964597478,0.5712660474450717,0.23919332611838223,0.09035326086956522,2.6,0.0,,,,
0.2894736842105263,0.49883874254478083,0.614276245641336,0.7426298953920637,0.05354164455962652,0.05028865421931646,Handwriting,0,20,20.0,7,133,guide=gpf | walk=plain,0.218,3,152,1.5999999999999999,64,2.0,ridge,7.605270964597478,0.5712660474450717,0.23919332611838223,0.09035326086956522,2.6,0.0,,,,
0.16666666666666666,0.3048081123603052,0.5458920492204835,0.7821100256476758,0.04216832679738562,0.012913725490196077,Handwriting,0,20,20.0,7,133,guide=gpf | walk=plain | guard,0.218,3,152,1.5999999999999999,64,2.0,rf,7.605270964597478,0.5712660474450717,0.23919332611838223,0.09035326086956522,3.4,1.0,0.0,1.0,0.24,0.24
0.2894736842105263,0.49883874254478083,0.614276245641336,0.7426298953920637,0.05354164455962652,0.05028865421931646,Handwriting,0,20,20.0,7,133,guide=gpf | walk=plain | guard,0.218,3,152,1.5999999999999999,64,2.0,ridge,7.605270964597478,0.5712660474450717,0.23919332611838223,0.09035326086956522,3.4,1.0,0.0,1.0,0.24,0.24
0.2545454545454545,0.4022214330540261,0.5782974554047434,0.7716348232039423,0.043893111111111105,0.022207843137254893,Handwriting,0,20,20.0,7,133,guide=gpf | walk=aligned,0.218,3,152,1.5999999999999999,64,2.0,rf,4.645871067258007,0.3498174503483915,0.4177416392607958,0.04889705882352941,10.8,0.0,,,,
0.2926829268292683,0.5193581237686331,0.6228062591856143,0.7433791533385204,0.05810394800486007,0.05408572091512049,Handwriting,0,20,20.0,7,133,guide=gpf | walk=aligned,0.218,3,152,1.5999999999999999,64,2.0,ridge,4.645871067258007,0.3498174503483915,0.4177416392607958,0.04889705882352941,10.8,0.0,,,,
0.2545454545454545,0.4022214330540261,0.5782974554047434,0.7716348232039423,0.043893111111111105,0.022207843137254893,Handwriting,0,20,20.0,7,133,guide=gpf | walk=aligned | guard,0.218,3,152,1.5999999999999999,64,2.0,rf,4.645871067258007,0.3498174503483915,0.4177416392607958,0.04889705882352941,11.8,1.0,0.0,1.0,0.42,0.42
0.2926829268292683,0.5193581237686331,0.6228062591856143,0.7433791533385204,0.05810394800486007,0.05408572091512049,Handwriting,0,20,20.0,7,133,guide=gpf | walk=aligned | guard,0.218,3,152,1.5999999999999999,64,2.0,ridge,4.645871067258007,0.3498174503483915,0.4177416392607958,0.04889705882352941,11.8,1.0,0.0,1.0,0.42,0.42
0.14035087719298245,0.3031015527524445,0.5403158410420449,0.8013601913489526,0.04951511111111111,0.03589019607843137,Handwriting,0,20,20.0,7,133,guide=sig | walk=aligned,0.218,3,152,1.5999999999999999,64,2.0,rf,3.1265675658944456,0.2418108117306068,0.6374898875462598,0.04889705882352941,9.1,0.0,,,,
0.2765957446808511,0.5367398628876638,0.6276188006109333,0.7525719719892798,0.06596166694272257,0.07659344032633172,Handwriting,0,20,20.0,7,133,guide=sig | walk=aligned,0.218,3,152,1.5999999999999999,64,2.0,ridge,3.1265675658944456,0.2418108117306068,0.6374898875462598,0.04889705882352941,9.1,0.0,,,,
0.14035087719298245,0.3031015527524445,0.5403158410420449,0.8013601913489526,0.04951511111111111,0.03589019607843137,Handwriting,0,20,20.0,7,133,guide=sig | walk=aligned | guard,0.218,3,152,1.5999999999999999,64,2.0,rf,3.1265675658944456,0.2418108117306068,0.6374898875462598,0.04889705882352941,10.1,1.0,0.0,1.0,0.64,0.64
0.2765957446808511,0.5367398628876638,0.6276188006109333,0.7525719719892798,0.06596166694272257,0.07659344032633172,Handwriting,0,20,20.0,7,133,guide=sig | walk=aligned | guard,0.218,3,152,1.5999999999999999,64,2.0,ridge,3.1265675658944456,0.2418108117306068,0.6374898875462598,0.04889705882352941,10.1,1.0,0.0,1.0,0.64,0.64
0.0425531914893617,0.15221485181647873,0.5097691709172646,0.8457681334831849,0.04244905882352941,0.019580392156862744,Handwriting,1,5,14.0,10,130,none,0.218,3,152,1.7999999999999998,64,2.0,rf,,,,,,,,,,
0.24324324324324326,0.45121661997647317,0.5910204316878476,0.8450765107633786,0.05068806383374708,0.04128576481798231,Handwriting,1,5,14.0,10,130,none,0.218,3,152,1.7999999999999998,64,2.0,ridge,,,,,,,,,,
0.2153846153846154,0.3997059522639935,0.5721016685398116,0.8844845969856776,0.04650959477124183,0.054619607843137255,Handwriting,1,5,14.0,10,130,SMOTE-raw,0.218,3,152,1.7999999999999998,64,2.0,rf,1.2490909964142283,0.12461308343940769,0.5506872061257249,,,,,,,
0.2916666666666667,0.5566390019332483,0.6386271289011844,0.8368634909656784,0.06159811227450483,0.0573224884195096,Handwriting,1,5,14.0,10,130,SMOTE-raw,0.218,3,152,1.7999999999999998,64,2.0,ridge,1.2490909964142283,0.12461308343940769,0.5506872061257249,,,,,,,
0.14285714285714285,0.3032916446825464,0.5409354197285381,0.8500907754819746,0.046503712418300654,0.052329411764705874,Handwriting,1,5,14.0,10,130,guide=gpf | walk=plain,0.218,3,152,1.7999999999999998,64,2.0,rf,8.469372704415846,0.37878438953465554,2.010216325596414,0.3693181818181818,0.6,0.0,,,,
0.25,0.4950112787651643,0.6068413014034177,0.8417336676176479,0.06026785141557471,0.05194263715047403,Handwriting,1,5,14.0,10,130,guide=gpf | walk=plain,0.218,3,152,1.7999999999999998,64,2.0,ridge,8.469372704415846,0.37878438953465554,2.010216325596414,0.3693181818181818,0.6,0.0,,,,
0.14285714285714285,0.3032916446825464,0.5409354197285381,0.8500331402553241,0.04654658823529412,0.05345882352941177,Handwriting,1,5,14.0,10,130,guide=gpf | walk=plain | guard,0.218,3,152,1.7999999999999998,64,2.0,rf,8.39997935152746,0.3766787190590908,1.9967091731547109,0.3693181818181818,1.7,1.0,1.0,0.997,2.01,2.0
0.25,0.4950112787651643,0.6068413014034177,0.8419065732975995,0.06027699045565861,0.05178368466608701,Handwriting,1,5,14.0,10,130,guide=gpf | walk=plain | guard,0.218,3,152,1.7999999999999998,64,2.0,ridge,8.39997935152746,0.3766787190590908,1.9967091731547109,0.3693181818181818,1.7,1.0,1.0,0.997,2.01,2.0
0.4117647058823529,0.5666952292870892,0.6559753321229935,0.8627561165384283,0.04985639215686275,0.08014117647058824,Handwriting,1,5,14.0,10,130,guide=gpf | walk=aligned,0.218,3,152,1.7999999999999998,64,2.0,rf,2.720613294803128,0.1800543531415988,1.4673706283518793,0.06885593220338983,8.2,0.0,,,,
0.2376237623762376,0.5129936109605211,0.6110342641422437,0.8276706723149189,0.06960484479782153,0.06449716037320069,Handwriting,1,5,14.0,10,130,guide=gpf | walk=aligned,0.218,3,152,1.7999999999999998,64,2.0,ridge,2.720613294803128,0.1800543531415988,1.4673706283518793,0.06885593220338983,8.2,0.0,,,,
0.4117647058823529,0.5666952292870892,0.6559753321229935,0.8627561165384283,0.04985639215686275,0.08014117647058824,Handwriting,1,5,14.0,10,130,guide=gpf | walk=aligned | guard,0.218,3,152,1.7999999999999998,64,2.0,rf,2.720613294803128,0.1800543531415988,1.4673706283518793,0.06885593220338983,9.2,1.0,0.0,1.0,1.47,1.47
0.2376237623762376,0.5129936109605211,0.6110342641422437,0.8276706723149189,0.06960484479782153,0.06449716037320069,Handwriting,1,5,14.0,10,130,guide=gpf | walk=aligned | guard,0.218,3,152,1.7999999999999998,64,2.0,ridge,2.720613294803128,0.1800543531415988,1.4673706283518793,0.06885593220338983,9.2,1.0,0.0,1.0,1.47,1.47
0.2465753424657534,0.45150392762734676,0.5916400103743408,0.868721362496758,0.050583947712418295,0.0700549019607843,Handwriting,1,5,14.0,10,130,guide=sig | walk=aligned,0.218,3,152,1.7999999999999998,64,2.0,rf,1.8110483471126262,0.13780139584985895,0.786288008377442,0.25390625,2.6,0.0,,,,
0.2549019607843137,0.5339406789399368,0.6226621711189879,0.7616495201867381,0.06625796367296181,0.05993551049746503,Handwriting,1,5,14.0,10,130,guide=sig | walk=aligned,0.218,3,152,1.7999999999999998,64,2.0,ridge,1.8110483471126262,0.13780139584985895,0.786288008377442,0.25390625,2.6,0.0,,,,
0.2465753424657534,0.45150392762734676,0.5916400103743408,0.868721362496758,0.050583947712418295,0.0700549019607843,Handwriting,1,5,14.0,10,130,guide=sig | walk=aligned | guard,0.218,3,152,1.7999999999999998,64,2.0,rf,1.8110483471126262,0.13780139584985895,0.786288008377442,0.25390625,3.7,1.0,0.0,1.0,0.79,0.79
0.2549019607843137,0.5339406789399368,0.6226621711189879,0.7616495201867381,0.06625796367296181,0.05993551049746503,Handwriting,1,5,14.0,10,130,guide=sig | walk=aligned | guard,0.218,3,152,1.7999999999999998,64,2.0,ridge,1.8110483471126262,0.13780139584985895,0.786288008377442,0.25390625,3.7,1.0,0.0,1.0,0.79,0.79
0.0425531914893617,0.15221485181647873,0.5097691709172646,0.8248609550157056,0.042388797385620916,0.018898039215686273,Handwriting,1,10,14.0,10,130,none,0.218,3,152,1.7999999999999998,64,2.0,rf,,,,,,,,,,
0.24324324324324326,0.45121661997647317,0.5910204316878476,0.8450765107633786,0.05068806383374712,0.04128576481798237,Handwriting,1,10,14.0,10,130,none,0.218,3,152,1.7999999999999998,64,2.0,ridge,,,,,,,,,,
0.2191780821917808,0.4254111090259168,0.5793925247111034,0.8738508976686551,0.048052,0.05807058823529411,Handwriting,1,10,14.0,10,130,SMOTE-raw,0.218,3,152,1.7999999999999998,64,2.0,rf,1.1593544724233968,0.11385502856812102,0.5700624987252846,,,,,,,
0.2916666666666667,0.5566390019332483,0.6386271289011844,0.8295726347943863,0.0634211626749688,0.06047405644990012,Handwriting,1,10,14.0,10,130,SMOTE-raw,0.218,3,152,1.7999999999999998,64,2.0,ridge,1.1593544724233968,0.11385502856812102,0.5700624987252846,,,,,,,
0.14035087719298245,0.3031015527524445,0.5403158410420449,0.8329587043601049,0.047513895424836604,0.051368627450980385,Handwriting,1,10,14.0,10,130,guide=gpf | walk=plain,0.218,3,152,1.7999999999999998,64,2.0,rf,8.20522988330059,0.3741892337246431,1.9651120952697112,0.3693181818181818,0.8,0.0,,,,
0.23529411764705882,0.4725849164656011,0.59645255179966,0.8390824471917235,0.05857486194378054,0.04881627632684079,Handwriting,1,10,14.0,10,130,guide=gpf | walk=plain,0.218,3,152,1.7999999999999998,64,2.0,ridge,8.20522988330059,0.3741892337246431,1.9651120952697112,0.3693181818181818,0.8,0.0,,,,
0.14035087719298245,0.3031015527524445,0.5403158410420449,0.8329587043601049,0.047513895424836604,0.051368627450980385,Handwriting,1,10,14.0,10,130,guide=gpf | walk=plain | guard,0.218,3,152,1.7999999999999998,64,2.0,rf,8.20522988330059,0.3741892337246431,1.9651120952697112,0.3693181818181818,1.8,1.0,0.0,1.0,1.97,1.97
0.23529411764705882,0.4725849164656011,0.59645255179966,0.8390824471917235,0.05857486194378054,0.04881627632684079,Handwriting,1,10,14.0,10,130,guide=gpf | walk=plain | guard,0.218,3,152,1.7999999999999998,64,2.0,ridge,8.20522988330059,0.3741892337246431,1.9651120952697112,0.3693181818181818,1.8,1.0,0.0,1.0,1.97,1.97
0.3142857142857143,0.5007415037153656,0.6179937177602951,0.8512146624016599,0.05191737254901961,0.08278823529411763,Handwriting,1,10,14.0,10,130,guide=gpf | walk=aligned,0.218,3,152,1.7999999999999998,64,2.0,rf,2.6809225780551067,0.17057494399443374,1.41941390993935,0.08290816326530612,4.4,0.0,,,,
0.2553191489361702,0.5153475763071335,0.615371314947696,0.8487363476556872,0.06220192374135219,0.05318275047010002,Handwriting,1,10,14.0,10,130,guide=gpf | walk=aligned,0.218,3,152,1.7999999999999998,64,2.0,ridge,2.6809225780551067,0.17057494399443374,1.41941390993935,0.08290816326530612,4.4,0.0,,,,
0.3142857142857143,0.5007415037153656,0.6179937177602951,0.8512146624016599,0.05191737254901961,0.08278823529411763,Handwriting,1,10,14.0,10,130,guide=gpf | walk=aligned | guard,0.218,3,152,1.7999999999999998,64,2.0,rf,2.6809225780551067,0.17057494399443374,1.41941390993935,0.08290816326530612,5.2,1.0,0.0,1.0,1.42,1.42
0.2553191489361702,0.5153475763071335,0.615371314947696,0.8487363476556872,0.06220192374135219,0.05318275047010002,Handwriting,1,10,14.0,10,130,guide=gpf | walk=aligned | guard,0.218,3,152,1.7999999999999998,64,2.0,ridge,2.6809225780551067,0.17057494399443374,1.41941390993935,0.08290816326530612,5.2,1.0,0.0,1.0,1.42,1.42
0.2972972972972973,0.4994738016721337,0.6155154030143224,0.8605659779257082,0.05275354248366013,0.07408627450980393,Handwriting,1,10,14.0,10,130,guide=sig | walk=aligned,0.218,3,152,1.7999999999999998,64,2.0,rf,1.8510905696679014,0.13456110291576007,0.8930246011032568,0.23897058823529413,2.7,0.0,,,,
0.2962962962962963,0.5911852623406698,0.6556871559897409,0.7583354946543327,0.06746936567391423,0.06176751126153235,Handwriting,1,10,14.0,10,130,guide=sig | walk=aligned,0.218,3,152,1.7999999999999998,64,2.0,ridge,1.8510905696679014,0.13456110291576007,0.8930246011032568,0.23897058823529413,2.7,0.0,,,,
0.2972972972972973,0.4994738016721337,0.6155154030143224,0.8605659779257082,0.05275354248366013,0.07408627450980393,Handwriting,1,10,14.0,10,130,guide=sig | walk=aligned | guard,0.218,3,152,1.7999999999999998,64,2.0,rf,1.8510905696679014,0.13456110291576007,0.8930246011032568,0.23897058823529413,3.8,1.0,0.0,1.0,0.89,0.89
0.2962962962962963,0.5911852623406698,0.6556871559897409,0.7583354946543327,0.06746936567391423,0.06176751126153235,Handwriting,1,10,14.0,10,130,guide=sig | walk=aligned | guard,0.218,3,152,1.7999999999999998,64,2.0,ridge,1.8510905696679014,0.13456110291576007,0.8930246011032568,0.23897058823529413,3.8,1.0,0.0,1.0,0.89,0.89
0.0,0.0,0.4993804213135068,0.7769804904757788,0.042499620915032676,0.009815686274509803,Handwriting,1,20,20.0,7,133,none,0.218,3,152,1.7999999999999998,64,2.0,rf,,,,,,,,,,
0.22580645161290322,0.4004622555935783,0.5739604045992911,0.7616207025734131,0.04728626519293922,0.04148053315238137,Handwriting,1,20,20.0,7,133,none,0.218,3,152,1.7999999999999998,64,2.0,ridge,,,,,,,,,,
0.26229508196721313,0.42865032667885117,0.5868274689490216,0.8509697126883952,0.04511585620915033,0.03961176470588235,Handwriting,1,20,20.0,7,133,SMOTE-raw,0.218,3,152,1.7999999999999998,64,2.0,rf,1.8156383695364635,0.18339679898151284,0.48488751071810804,,,,,,,
0.25806451612903225,0.5156829799067834,0.6159908936341892,0.7592864758940665,0.0665715806860071,0.06218219815463485,Handwriting,1,20,20.0,7,133,SMOTE-raw,0.218,3,152,1.7999999999999998,64,2.0,ridge,1.8156383695364635,0.18339679898151284,0.48488751071810804,,,,,,,
0.0425531914893617,0.15221485181647873,0.5097691709172646,0.8622662171118988,0.04082518954248366,0.02293725490196078,Handwriting,1,20,20.0,7,133,guide=gpf | walk=plain,0.218,3,152,1.7999999999999998,64,2.0,rf,4.499123330117396,0.23966040099221164,2.685852842928508,0.24448529411764705,1.0,0.0,,,,
0.2631578947368421,0.4753210372685738,0.6020287599780986,0.8044148583614306,0.05284881772917064,0.042646541232052845,Handwriting,1,20,20.0,7,133,guide=gpf | walk=plain,0.218,3,152,1.7999999999999998,64,2.0,ridge,4.499123330117396,0.23966040099221164,2.685852842928508,0.24448529411764705,1.0,0.0,,,,
0.044444444444444446,0.1524040561801526,0.511008328290251,0.8605371603123829,0.03997840522875817,0.021035294117647055,Handwriting,1,20,20.0,7,133,guide=gpf | walk=plain | guard,0.218,3,152,1.7999999999999998,64,2.0,rf,3.0682878199093473,0.2068578486399636,1.5808020935990315,0.24448529411764705,2.0,1.0,1.0,0.863,2.69,1.58
0.25,0.4517910525705968,0.592259589060834,0.8063168208408981,0.053050976017302215,0.04472750303922092,Handwriting,1,20,20.0,7,133,guide=gpf | walk=plain | guard,0.218,3,152,1.7999999999999998,64,2.0,ridge,3.0682878199093473,0.2068578486399636,1.5808020935990315,0.24448529411764705,2.0,1.0,1.0,0.863,2.69,1.58
0.18518518518518517,0.3397271572419313,0.5544220627647618,0.8589089651595054,0.04071166013071895,0.033403921568627454,Handwriting,1,20,20.0,7,133,guide=gpf | walk=aligned,0.218,3,152,1.7999999999999998,64,2.0,rf,3.6196944707990273,0.21579001945963228,1.5227990373649496,0.04889705882352941,11.7,0.0,,,,
0.24691358024691357,0.4738029208476977,0.5989308665456327,0.797815624909945,0.056734002653557505,0.04869763788321673,Handwriting,1,20,20.0,7,133,guide=gpf | walk=aligned,0.218,3,152,1.7999999999999998,64,2.0,ridge,3.6196944707990273,0.21579001945963228,1.5227990373649496,0.04889705882352941,11.7,0.0,,,,
0.18518518518518517,0.3397271572419313,0.5544220627647618,0.8589089651595054,0.04071166013071895,0.033403921568627454,Handwriting,1,20,20.0,7,133,guide=gpf | walk=aligned | guard,0.218,3,152,1.7999999999999998,64,2.0,rf,3.6196944707990273,0.21579001945963228,1.5227990373649496,0.04889705882352941,12.5,1.0,0.0,1.0,1.52,1.52
0.24691358024691357,0.4738029208476977,0.5989308665456327,0.797815624909945,0.056734002653557505,0.04869763788321673,Handwriting,1,20,20.0,7,133,guide=gpf | walk=aligned | guard,0.218,3,152,1.7999999999999998,64,2.0,ridge,3.6196944707990273,0.21579001945963228,1.5227990373649496,0.04889705882352941,12.5,1.0,0.0,1.0,1.52,1.52
0.21052631578947367,0.3716875546494899,0.5648108123685196,0.8370652142589551,0.04779371241830065,0.04918039215686275,Handwriting,1,20,20.0,7,133,guide=sig | walk=aligned,0.218,3,152,1.7999999999999998,64,2.0,rf,3.361374288543681,0.2554402188583267,0.6976386703248139,0.259765625,2.1,0.0,,,,
0.2692307692307692,0.5537322509849081,0.6336704994092389,0.7518515316561483,0.07035903830486129,0.07750723106960627,Handwriting,1,20,20.0,7,133,guide=sig | walk=aligned,0.218,3,152,1.7999999999999998,64,2.0,ridge,3.361374288543681,0.2554402188583267,0.6976386703248139,0.259765625,2.1,0.0,,,,
0.21052631578947367,0.3716875546494899,0.5648108123685196,0.8370652142589551,0.04779371241830065,0.04918039215686275,Handwriting,1,20,20.0,7,133,guide=sig | walk=aligned | guard,0.218,3,152,1.7999999999999998,64,2.0,rf,3.361374288543681,0.2554402188583267,0.6976386703248139,0.259765625,3.0,1.0,0.0,1.0,0.7,0.7
0.2692307692307692,0.5537322509849081,0.6336704994092389,0.7518515316561483,0.07035903830486129,0.07750723106960627,Handwriting,1,20,20.0,7,133,guide=sig | walk=aligned | guard,0.218,3,152,1.7999999999999998,64,2.0,ridge,3.361374288543681,0.2554402188583267,0.6976386703248139,0.259765625,3.0,1.0,0.0,1.0,0.7,0.7
0.0425531914893617,0.15221485181647873,0.5097691709172646,0.8568629146134118,0.04186794771241831,0.021380392156862747,Handwriting,2,5,14.0,10,130,none,0.218,3,152,1.7999999999999998,64,2.0,rf,,,,,,,,,,
0.24324324324324326,0.45121661997647317,0.5910204316878476,0.8450765107633786,0.05068806383374709,0.0412857648179823,Handwriting,2,5,14.0,10,130,none,0.218,3,152,1.7999999999999998,64,2.0,ridge,,,,,,,,,,
0.24242424242424243,0.4273036368074525,0.5837295755165557,0.8669778968905795,0.048278117647058826,0.05866666666666667,Handwriting,2,5,14.0,10,130,SMOTE-raw,0.218,3,152,1.7999999999999998,64,2.0,rf,1.3612092007428505,0.13486211173462748,0.5150531477857745,,,,,,,
0.3225806451612903,0.5776746162906604,0.6527333506239014,0.8306100688740958,0.06163322231999672,0.05979158557726824,Handwriting,2,5,14.0,10,130,SMOTE-raw,0.218,3,152,1.7999999999999998,64,2.0,ridge,1.3612092007428505,0.13486211173462748,0.5150531477857745,,,,,,,
0.21052631578947367,0.3716875546494899,0.5648108123685196,0.8489957061756145,0.0465860522875817,0.049007843137254904,Handwriting,2,5,14.0,10,130,guide=gpf | walk=plain,0.218,3,152,1.7999999999999998,64,2.0,rf,9.742437360477737,0.4165043506734828,2.3204314042846623,0.40625,0.7,0.0,,,,
0.2978723404255319,0.5573633210450346,0.6398662862741709,0.8359989625659202,0.06206115628809353,0.05368165402064089,Handwriting,2,5,14.0,10,130,guide=gpf | walk=plain,0.218,3,152,1.7999999999999998,64,2.0,ridge,9.742437360477737,0.4165043506734828,2.3204314042846623,0.40625,0.7,0.0,,,,
0.17543859649122806,0.3390903672589432,0.5525633267052823,0.838434050891905,0.047656392156862744,0.05558431372549019,Handwriting,2,5,14.0,10,130,guide=gpf | walk=plain | guard,0.218,3,152,1.7999999999999998,64,2.0,rf,7.751993047736079,0.3599829667425285,1.9133371916519673,0.40625,1.5,1.0,1.0,0.928,2.32,1.91
0.2916666666666667,0.5566390019332483,0.6386271289011844,0.835192069392813,0.06251533736037677,0.058140224083827456,Handwriting,2,5,14.0,10,130,guide=gpf | walk=plain | guard,0.218,3,152,1.7999999999999998,64,2.0,ridge,7.751993047736079,0.3599829667425285,1.9133371916519673,0.40625,1.5,1.0,1.0,0.928,2.32,1.91
0.3188405797101449,0.5010579280778855,0.6186132964467883,0.8648742111178351,0.04996903267973857,0.0757372549019608,Handwriting,2,5,14.0,10,130,guide=gpf | walk=aligned,0.218,3,152,1.7999999999999998,64,2.0,rf,2.7593105720361386,0.17338034609286712,1.5299852702498686,0.06885593220338983,8.4,0.0,,,,
0.2857142857142857,0.5559137390820049,0.637387971528198,0.8477853664159535,0.06291646505491734,0.05205987451676132,Handwriting,2,5,14.0,10,130,guide=gpf | walk=aligned,0.218,3,152,1.7999999999999998,64,2.0,ridge,2.7593105720361386,0.17338034609286712,1.5299852702498686,0.06885593220338983,8.4,0.0,,,,
0.3188405797101449,0.5010579280778855,0.6186132964467883,0.8648742111178351,0.04996903267973857,0.0757372549019608,Handwriting,2,5,14.0,10,130,guide=gpf | walk=aligned | guard,0.218,3,152,1.7999999999999998,64,2.0,rf,2.7593105720361386,0.17338034609286712,1.5299852702498686,0.06885593220338983,9.2,1.0,0.0,1.0,1.53,1.53
0.2857142857142857,0.5559137390820049,0.637387971528198,0.8477853664159535,0.06291646505491734,0.05205987451676132,Handwriting,2,5,14.0,10,130,guide=gpf | walk=aligned | guard,0.218,3,152,1.7999999999999998,64,2.0,ridge,2.7593105720361386,0.17338034609286712,1.5299852702498686,0.06885593220338983,9.2,1.0,0.0,1.0,1.53,1.53
0.16901408450704225,0.3684168274685554,0.5561367107576151,0.8441111207169822,0.053394771241830064,0.07263529411764708,Handwriting,2,5,14.0,10,130,guide=sig | walk=aligned,0.218,3,152,1.7999999999999998,64,2.0,rf,2.384601452721748,0.1754871642713719,0.8323578802821354,0.29017857142857145,2.2,0.0,,,,
0.3076923076923077,0.5927430654690307,0.6581654707357136,0.762398778133195,0.06558259919633087,0.05980910392742197,Handwriting,2,5,14.0,10,130,guide=sig | walk=aligned,0.218,3,152,1.7999999999999998,64,2.0,ridge,2.384601452721748,0.1754871642713719,0.8323578802821354,0.29017857142857145,2.2,0.0,,,,
0.16901408450704225,0.3684168274685554,0.5561367107576151,0.8441111207169822,0.053394771241830064,0.07263529411764708,Handwriting,2,5,14.0,10,130,guide=sig | walk=aligned | guard,0.218,3,152,1.7999999999999998,64,2.0,rf,2.384601452721748,0.1754871642713719,0.8323578802821354,0.29017857142857145,3.0,1.0,0.0,1.0,0.83,0.83
0.3076923076923077,0.5927430654690307,0.6581654707357136,0.762398778133195,0.06558259919633087,0.05980910392742197,Handwriting,2,5,14.0,10,130,guide=sig | walk=aligned | guard,0.218,3,152,1.7999999999999998,64,2.0,ridge,2.384601452721748,0.1754871642713719,0.8323578802821354,0.29017857142857145,3.0,1.0,0.0,1.0,0.83,0.83
0.0425531914893617,0.15221485181647873,0.5097691709172646,0.8473098757960865,0.04282397385620915,0.019670588235294113,Handwriting,2,10,14.0,10,130,none,0.218,3,152,1.7999999999999998,64,2.0,rf,,,,,,,,,,
0.24324324324324326,0.45121661997647317,0.5910204316878476,0.8450765107633786,0.050688063833747056,0.041285764817982296,Handwriting,2,10,14.0,10,130,none,0.218,3,152,1.7999999999999998,64,2.0,ridge,,,,,,,,,,
0.21875,0.39995821227791123,0.5727212472263047,0.8818910117864038,0.04620912418300654,0.05112941176470589,Handwriting,2,10,14.0,10,130,SMOTE-raw,0.218,3,152,1.7999999999999998,64,2.0,rf,1.404498019824615,0.13853620287900625,0.5035971705181498,,,,,,,
0.2857142857142857,0.5377858006049933,0.629477536670413,0.831820408633757,0.06099806057906949,0.059321670189938155,Handwriting,2,10,14.0,10,130,SMOTE-raw,0.218,3,152,1.7999999999999998,64,2.0,ridge,1.404498019824615,0.13853620287900625,0.5035971705181498,,,,,,,
0.11764705882352941,0.263315737586241,0.5317858274977666,0.8395579378115904,0.04721532026143791,0.04952941176470587,Handwriting,2,10,14.0,10,130,guide=gpf | walk=plain,0.218,3,152,1.7999999999999998,64,2.0,rf,9.033380199858541,0.4063029791293733,2.194815964962135,0.3693181818181818,0.8,0.0,,,,
0.25,0.4950112787651643,0.6068413014034177,0.8329731131667675,0.061363099560039235,0.048676383065941145,Handwriting,2,10,14.0,10,130,guide=gpf | walk=plain,0.218,3,152,1.7999999999999998,64,2.0,ridge,9.033380199858541,0.4063029791293733,2.194815964962135,0.3693181818181818,0.8,0.0,,,,
0.1509433962264151,0.3038612069582874,0.5427941557880176,0.8450909195700412,0.04586590849673202,0.047247058823529406,Handwriting,2,10,14.0,10,130,guide=gpf | walk=plain | guard,0.218,3,152,1.7999999999999998,64,2.0,rf,7.788677612441997,0.3678421278882462,1.949674053964594,0.3693181818181818,1.8,1.0,1.0,0.955,2.19,1.95
0.2857142857142857,0.5377858006049933,0.629477536670413,0.8338664591798508,0.06151014602103388,0.04928656020271057,Handwriting,2,10,14.0,10,130,guide=gpf | walk=plain | guard,0.218,3,152,1.7999999999999998,64,2.0,ridge,7.788677612441997,0.3678421278882462,1.949674053964594,0.3693181818181818,1.8,1.0,1.0,0.955,2.19,1.95
0.35294117647058826,0.5239983012979329,0.6314803607965188,0.8611135125788882,0.04877562091503268,0.07007450980392156,Handwriting,2,10,14.0,10,130,guide=gpf | walk=aligned,0.218,3,152,1.7999999999999998,64,2.0,rf,2.995094759007122,0.1884967424628028,1.6947224658999138,0.07665094339622641,7.3,0.0,,,,
0.26666666666666666,0.5166878843608097,0.6178496296936687,0.8497161465087462,0.05980598931228413,0.04384876597467637,Handwriting,2,10,14.0,10,130,guide=gpf | walk=aligned,0.218,3,152,1.7999999999999998,64,2.0,ridge,2.995094759007122,0.1884967424628028,1.6947224658999138,0.07665094339622641,7.3,0.0,,,,
0.35294117647058826,0.5239983012979329,0.6314803607965188,0.8611135125788882,0.04877562091503268,0.07007450980392156,Handwriting,2,10,14.0,10,130,guide=gpf | walk=aligned | guard,0.218,3,152,1.7999999999999998,64,2.0,rf,2.995094759007122,0.1884967424628028,1.6947224658999138,0.07665094339622641,8.3,1.0,0.0,1.0,1.69,1.69
0.26666666666666666,0.5166878843608097,0.6178496296936687,0.8497161465087462,0.05980598931228413,0.04384876597467637,Handwriting,2,10,14.0,10,130,guide=gpf | walk=aligned | guard,0.218,3,152,1.7999999999999998,64,2.0,ridge,2.995094759007122,0.1884967424628028,1.6947224658999138,0.07665094339622641,8.3,1.0,0.0,1.0,1.69,1.69
0.3333333333333333,0.5422948865555743,0.6375320595948244,0.8624391227918504,0.05280149019607843,0.08467450980392155,Handwriting,2,10,14.0,10,130,guide=sig | walk=aligned,0.218,3,152,1.7999999999999998,64,2.0,rf,1.9275001091015085,0.14295536794836372,0.8545866114177404,0.23897058823529413,2.7,0.0,,,,
0.3119266055045872,0.6093798202347671,0.6673150629664851,0.7696896343044869,0.06606011652978303,0.06078818613800341,Handwriting,2,10,14.0,10,130,guide=sig | walk=aligned,0.218,3,152,1.7999999999999998,64,2.0,ridge,1.9275001091015085,0.14295536794836372,0.8545866114177404,0.23897058823529413,2.7,0.0,,,,
0.3333333333333333,0.5422948865555743,0.6375320595948244,0.8624391227918504,0.05280149019607843,0.08467450980392155,Handwriting,2,10,14.0,10,130,guide=sig | walk=aligned | guard,0.218,3,152,1.7999999999999998,64,2.0,rf,1.9275001091015085,0.14295536794836372,0.8545866114177404,0.23897058823529413,3.8,1.0,0.0,1.0,0.85,0.85
0.3119266055045872,0.6093798202347671,0.6673150629664851,0.7696896343044869,0.06606011652978303,0.06078818613800341,Handwriting,2,10,14.0,10,130,guide=sig | walk=aligned | guard,0.218,3,152,1.7999999999999998,64,2.0,ridge,1.9275001091015085,0.14295536794836372,0.8545866114177404,0.23897058823529413,3.8,1.0,0.0,1.0,0.85,0.85
0.0,0.0,0.4993804213135068,0.8720209792225008,0.039926366013071896,0.012137254901960784,Handwriting,2,20,20.0,7,133,none,0.218,3,152,1.4,64,2.0,rf,,,,,,,,,,
0.26666666666666666,0.4289191572644989,0.5874470476355148,0.8176709604910521,0.04112486792332586,0.03240500419575017,Handwriting,2,20,20.0,7,133,none,0.218,3,152,1.4,64,2.0,ridge,,,,,,,,,,
0.24561403508771928,0.40171959700950693,0.577058298031757,0.8542981470274632,0.04325288888888888,0.02151372549019608,Handwriting,2,20,20.0,7,133,SMOTE-raw,0.218,3,152,1.4,64,2.0,rf,1.8552741308144736,0.19822441337819136,0.5119339881565222,,,,,,,
0.3561643835616438,0.5440191989723022,0.6406299530272903,0.8011008328290251,0.04651605919395686,0.044014479966993744,Handwriting,2,20,20.0,7,133,SMOTE-raw,0.218,3,152,1.4,64,2.0,ridge,1.8552741308144736,0.19822441337819136,0.5119339881565222,,,,,,,
0.24489795918367346,0.3735436838188142,0.5697674418604651,0.8695138468632028,0.03955300653594772,0.018694117647058826,Handwriting,2,20,20.0,7,133,guide=gpf | walk=plain,0.218,3,152,1.4,64,2.0,rf,2.8917635353368976,0.24111118292367406,0.5802381550581343,0.1013719512195122,2.1,0.0,,,,
0.3684210526315789,0.5638403233224074,0.6510187026310481,0.8067490850407768,0.04734661688106682,0.04504330495023861,Handwriting,2,20,20.0,7,133,guide=gpf | walk=plain,0.218,3,152,1.4,64,2.0,ridge,2.8917635353368976,0.24111118292367406,0.5802381550581343,0.1013719512195122,2.1,0.0,,,,
0.24489795918367346,0.3735436838188142,0.5697674418604651,0.8695138468632028,0.03955300653594772,0.018694117647058826,Handwriting,2,20,20.0,7,133,guide=gpf | walk=plain | guard,0.218,3,152,1.4,64,2.0,rf,2.8917635353368976,0.24111118292367406,0.5802381550581343,0.1013719512195122,3.0,1.0,0.0,1.0,0.58,0.58
0.3684210526315789,0.5638403233224074,0.6510187026310481,0.8067490850407768,0.04734661688106682,0.04504330495023861,Handwriting,2,20,20.0,7,133,guide=gpf | walk=plain | guard,0.218,3,152,1.4,64,2.0,ridge,2.8917635353368976,0.24111118292367406,0.5802381550581343,0.1013719512195122,3.0,1.0,0.0,1.0,0.58,0.58
0.2962962962962963,0.43052861566695033,0.5911645197544739,0.8767326590011815,0.0414002614379085,0.030031372549019615,Handwriting,2,20,20.0,7,133,guide=gpf | walk=aligned,0.218,3,152,1.4,64,2.0,rf,2.533983492478841,0.21812367315913628,0.6748493446358708,0.06597222222222222,8.6,0.0,,,,
0.39473684210526316,0.584000388445508,0.6632661882942855,0.80545229244114,0.04585974919917424,0.039896278134500265,Handwriting,2,20,20.0,7,133,guide=gpf | walk=aligned,0.218,3,152,1.4,64,2.0,ridge,2.533983492478841,0.21812367315913628,0.6748493446358708,0.06597222222222222,8.6,0.0,,,,
0.2962962962962963,0.43052861566695033,0.5911645197544739,0.8767326590011815,0.0414002614379085,0.030031372549019615,Handwriting,2,20,20.0,7,133,guide=gpf | walk=aligned | guard,0.218,3,152,1.4,64,2.0,rf,2.533983492478841,0.21812367315913628,0.6748493446358708,0.06597222222222222,9.4,1.0,0.0,1.0,0.67,0.67
0.39473684210526316,0.584000388445508,0.6632661882942855,0.80545229244114,0.04585974919917424,0.039896278134500265,Handwriting,2,20,20.0,7,133,guide=gpf | walk=aligned | guard,0.218,3,152,1.4,64,2.0,ridge,2.533983492478841,0.21812367315913628,0.6748493446358708,0.06597222222222222,9.4,1.0,0.0,1.0,0.67,0.67
0.21428571428571427,0.37192007738393085,0.5654303910550128,0.8279732572548342,0.046335908496732026,0.03049019607843137,Handwriting,2,20,20.0,7,133,guide=sig | walk=aligned,0.218,3,152,1.4,64,2.0,rf,2.943442190763287,0.2124807466986628,1.0051874266444225,0.31971153846153844,1.9,0.0,,,,
0.3595505617977528,0.5985487188689714,0.6674591510331114,0.7313622085818853,0.053435183115700544,0.04941202717382821,Handwriting,2,20,20.0,7,133,guide=sig | walk=aligned,0.218,3,152,1.4,64,2.0,ridge,2.943442190763287,0.2124807466986628,1.0051874266444225,0.31971153846153844,1.9,0.0,,,,
0.21428571428571427,0.37192007738393085,0.5654303910550128,0.8279732572548342,0.046335908496732026,0.03049019607843137,Handwriting,2,20,20.0,7,133,guide=sig | walk=aligned | guard,0.218,3,152,1.4,64,2.0,rf,2.943442190763287,0.2124807466986628,1.0051874266444225,0.31971153846153844,2.7,1.0,0.0,1.0,1.01,1.01
0.3595505617977528,0.5985487188689714,0.6674591510331114,0.7313622085818853,0.053435183115700544,0.04941202717382821,Handwriting,2,20,20.0,7,133,guide=sig | walk=aligned | guard,0.218,3,152,1.4,64,2.0,ridge,2.943442190763287,0.2124807466986628,1.0051874266444225,0.31971153846153844,2.7,1.0,0.0,1.0,1.01,1.01
0.0,0.0,0.5,0.42424242424242425,0.3079975975975976,0.24324324324324328,HandMovementDirection,0,5,5.0,24,96,none,0.243,10,400,1.5999999999999999,64,2.0,rf,,,,,,,,,,
0.34782608695652173,0.46709936649691375,0.5424242424242425,0.45075757575757575,0.37181972430675037,0.36483942329256597,HandMovementDirection,0,5,5.0,24,96,none,0.243,10,400,1.5999999999999999,64,2.0,ridge,,,,,,,,,,
0.17142857142857143,0.30895719032666236,0.5272727272727273,0.496969696969697,0.28133783783783783,0.18,HandMovementDirection,0,5,5.0,24,96,SMOTE-raw,0.243,10,400,1.5999999999999999,64,2.0,rf,4.224201673833933,0.2850975857280761,0.5855520422997217,,,,,,,
0.2916666666666667,0.4183300132670378,0.4916666666666667,0.4674242424242424,0.3925601492295223,0.3983608704607486,HandMovementDirection,0,5,5.0,24,96,SMOTE-raw,0.243,10,400,1.5999999999999999,64,2.0,ridge,4.224201673833933,0.2850975857280761,0.5855520422997217,,,,,,,
0.17142857142857143,0.30895719032666236,0.5272727272727273,0.44734848484848483,0.2859364864864865,0.18770270270270273,HandMovementDirection,0,5,5.0,24,96,guide=gpf | walk=plain,0.243,10,400,1.5999999999999999,64,2.0,rf,5.325957695061591,0.34839160893280186,0.8630265889161025,0.5,0.7,0.0,,,,
0.3333333333333333,0.4539389893593698,0.5196969696969697,0.4681818181818182,0.3812323172367957,0.39898274134485456,HandMovementDirection,0,5,5.0,24,96,guide=gpf | walk=plain,0.243,10,400,1.5999999999999999,64,2.0,ridge,5.325957695061591,0.34839160893280186,0.8630265889161025,0.5,0.7,0.0,,,,
0.17142857142857143,0.30895719032666236,0.5272727272727273,0.44734848484848483,0.2859364864864865,0.18770270270270273,HandMovementDirection,0,5,5.0,24,96,guide=gpf | walk=plain | guard,0.243,10,400,1.5999999999999999,64,2.0,rf,5.325957695061591,0.34839160893280186,0.8630265889161025,0.5,1.7,1.0,0.0,1.0,0.86,0.86
0.3333333333333333,0.4539389893593698,0.5196969696969697,0.4681818181818182,0.3812323172367957,0.39898274134485456,HandMovementDirection,0,5,5.0,24,96,guide=gpf | walk=plain | guard,0.243,10,400,1.5999999999999999,64,2.0,ridge,5.325957695061591,0.34839160893280186,0.8630265889161025,0.5,1.7,1.0,0.0,1.0,0.86,0.86
0.15789473684210525,0.29771859806932394,0.49318181818181817,0.44659090909090904,0.2948004504504505,0.2068918918918919,HandMovementDirection,0,5,5.0,24,96,guide=gpf | walk=aligned,0.243,10,400,1.5999999999999999,64,2.0,rf,6.614298675077611,0.3782399070324906,0.9261582643766679,0.75,3.5,0.0,,,,
0.3333333333333333,0.4539389893593698,0.5196969696969697,0.47196969696969693,0.37822204637412143,0.3765087604623856,HandMovementDirection,0,5,5.0,24,96,guide=gpf | walk=aligned,0.243,10,400,1.5999999999999999,64,2.0,ridge,6.614298675077611,0.3782399070324906,0.9261582643766679,0.75,3.5,0.0,,,,
0.15789473684210525,0.29771859806932394,0.49318181818181817,0.44659090909090904,0.2948004504504505,0.2068918918918919,HandMovementDirection,0,5,5.0,24,96,guide=gpf | walk=aligned | guard,0.243,10,400,1.5999999999999999,64,2.0,rf,6.614298675077611,0.3782399070324906,0.9261582643766679,0.75,4.7,1.0,0.0,1.0,0.93,0.93
0.3333333333333333,0.4539389893593698,0.5196969696969697,0.47196969696969693,0.37822204637412143,0.3765087604623856,HandMovementDirection,0,5,5.0,24,96,guide=gpf | walk=aligned | guard,0.243,10,400,1.5999999999999999,64,2.0,ridge,6.614298675077611,0.3782399070324906,0.9261582643766679,0.75,4.7,1.0,0.0,1.0,0.93,0.93
0.1111111111111111,0.24618298195866545,0.48787878787878786,0.46022727272727265,0.28093663663663665,0.21927927927927926,HandMovementDirection,0,5,5.0,24,96,guide=sig | walk=aligned,0.243,10,400,1.5999999999999999,64,2.0,rf,5.672483495696548,0.3278503145781302,1.2573250254244253,0.17647058823529413,13.1,0.0,,,,
0.32653061224489793,0.4472135954999579,0.5083333333333333,0.48863636363636365,0.3762716042538563,0.4065257449498846,HandMovementDirection,0,5,5.0,24,96,guide=sig | walk=aligned,0.243,10,400,1.5999999999999999,64,2.0,ridge,5.672483495696548,0.3278503145781302,1.2573250254244253,0.17647058823529413,13.1,0.0,,,,
0.1111111111111111,0.24618298195866545,0.48787878787878786,0.46022727272727265,0.28093663663663665,0.21927927927927926,HandMovementDirection,0,5,5.0,24,96,guide=sig | walk=aligned | guard,0.243,10,400,1.5999999999999999,64,2.0,rf,5.672483495696548,0.3278503145781302,1.2573250254244253,0.17647058823529413,14.4,1.0,0.0,1.0,1.26,1.26
0.32653061224489793,0.4472135954999579,0.5083333333333333,0.48863636363636365,0.3762716042538563,0.4065257449498846,HandMovementDirection,0,5,5.0,24,96,guide=sig | walk=aligned | guard,0.243,10,400,1.5999999999999999,64,2.0,ridge,5.672483495696548,0.3278503145781302,1.2573250254244253,0.17647058823529413,14.4,1.0,0.0,1.0,1.26,1.26
0.0,0.0,0.5,0.471969696969697,0.35258123123123125,0.35968468468468473,HandMovementDirection,0,10,10.0,12,108,none,0.243,10,400,2.0,64,2.0,rf,,,,,,,,,,
0.11428571428571428,0.2492412729088265,0.4992424242424242,0.481060606060606,0.38151804022220004,0.3976548261763004,HandMovementDirection,0,10,10.0,12,108,none,0.243,10,400,2.0,64,2.0,ridge,,,,,,,,,,
0.05714285714285714,0.17407765595569782,0.4712121212121212,0.5950757575757576,0.29791936936936936,0.2682432432432432,HandMovementDirection,0,10,10.0,12,108,SMOTE-raw,0.243,10,400,2.0,64,2.0,rf,3.9678659005262187,0.25069903111612213,0.5629596267939421,,,,,,,
0.27906976744186046,0.4100997661323622,0.5204545454545455,0.5553030303030303,0.373190737967479,0.3816941075255336,HandMovementDirection,0,10,10.0,12,108,SMOTE-raw,0.243,10,400,2.0,64,2.0,ridge,3.9678659005262187,0.25069903111612213,0.5629596267939421,,,,,,,
0.0,0.0,0.4659090909090909,0.4431818181818182,0.34398048048048047,0.32252252252252245,HandMovementDirection,0,10,10.0,12,108,guide=gpf | walk=plain,0.243,10,400,2.0,64,2.0,rf,20.440572178211042,0.40181524191394113,7.221147542162154,0.12980769230769232,3.3,0.0,,,,
0.15,0.28998432559521053,0.47045454545454546,0.4825757575757576,0.3850557579845198,0.38269615631604026,HandMovementDirection,0,10,10.0,12,108,guide=gpf | walk=plain,0.243,10,400,2.0,64,2.0,ridge,20.440572178211042,0.40181524191394113,7.221147542162154,0.12980769230769232,3.3,0.0,,,,
0.0,0.0,0.5,0.4678030303030303,0.31190945945945947,0.26265765765765764,HandMovementDirection,0,10,10.0,12,108,guide=gpf | walk=plain | guard,0.243,10,400,2.0,64,2.0,rf,4.890075889652234,0.293145047697849,0.9743518542060153,0.12980769230769232,4.6,1.0,1.0,0.526,7.22,0.97
0.19047619047619047,0.3302891295379082,0.47575757575757577,0.5371212121212121,0.3792889343720008,0.37659640301315245,HandMovementDirection,0,10,10.0,12,108,guide=gpf | walk=plain | guard,0.243,10,400,2.0,64,2.0,ridge,4.890075889652234,0.293145047697849,0.9743518542060153,0.12980769230769232,4.6,1.0,1.0,0.526,7.22,0.97
0.0,0.0,0.4659090909090909,0.4992424242424242,0.32672627627627626,0.321036036036036,HandMovementDirection,0,10,10.0,12,108,guide=gpf | walk=aligned,0.243,10,400,2.0,64,2.0,rf,6.694694688093284,0.328903498472503,1.635036089558709,0.05113636363636364,52.6,0.0,,,,
0.10810810810810811,0.24308621740219885,0.4765151515151515,0.4606060606060606,0.38818609764550044,0.4073217273018247,HandMovementDirection,0,10,10.0,12,108,guide=gpf | walk=aligned,0.243,10,400,2.0,64,2.0,ridge,6.694694688093284,0.328903498472503,1.635036089558709,0.05113636363636364,52.6,0.0,,,,
0.0,0.0,0.4659090909090909,0.4992424242424242,0.32672627627627626,0.321036036036036,HandMovementDirection,0,10,10.0,12,108,guide=gpf | walk=aligned | guard,0.243,10,400,2.0,64,2.0,rf,6.694694688093284,0.328903498472503,1.635036089558709,0.05113636363636364,53.6,1.0,0.0,1.0,1.64,1.64
0.10810810810810811,0.24308621740219885,0.4765151515151515,0.4606060606060606,0.38818609764550044,0.4073217273018247,HandMovementDirection,0,10,10.0,12,108,guide=gpf | walk=aligned | guard,0.243,10,400,2.0,64,2.0,ridge,6.694694688093284,0.328903498472503,1.635036089558709,0.05113636363636364,53.6,1.0,0.0,1.0,1.64,1.64
0.0,0.0,0.4659090909090909,0.44469696969696965,0.3463022522522523,0.3594144144144144,HandMovementDirection,0,10,10.0,12,108,guide=sig | walk=aligned,0.243,10,400,2.0,64,2.0,rf,5.450436191151562,0.23426736639613166,2.350792195240276,0.048214285714285716,54.4,0.0,,,,
0.15789473684210525,0.29771859806932394,0.49318181818181817,0.5090909090909091,0.39353673847183646,0.3789717807784363,HandMovementDirection,0,10,10.0,12,108,guide=sig | walk=aligned,0.243,10,400,2.0,64,2.0,ridge,5.450436191151562,0.23426736639613166,2.350792195240276,0.048214285714285716,54.4,0.0,,,,
0.0,0.0,0.4659090909090909,0.4787878787878788,0.33690450450450454,0.31783783783783776,HandMovementDirection,0,10,10.0,12,108,guide=sig | walk=aligned | guard,0.243,10,400,2.0,64,2.0,rf,4.546575872898751,0.2211612796786252,1.865871511779049,0.048214285714285716,55.9,1.0,1.0,0.922,2.35,1.87
0.15384615384615385,0.29387690682262935,0.4818181818181818,0.5106060606060606,0.39813441017753154,0.37252186215321914,HandMovementDirection,0,10,10.0,12,108,guide=sig | walk=aligned | guard,0.243,10,400,2.0,64,2.0,ridge,4.546575872898751,0.2211612796786252,1.865871511779049,0.048214285714285716,55.9,1.0,1.0,0.922,2.35,1.87
0.0,0.0,0.5,0.35833333333333334,0.37944744744744746,0.3177477477477478,HandMovementDirection,0,20,20.0,6,114,none,0.243,10,400,1.5999999999999999,64,2.0,rf,,,,,,,,,,
0.0,0.0,0.5,0.42348484848484846,0.3992754696332295,0.39601588195885756,HandMovementDirection,0,20,20.0,6,114,none,0.243,10,400,1.5999999999999999,64,2.0,ridge,,,,,,,,,,
0.0,0.0,0.5,0.4318181818181818,0.34931081081081083,0.324054054054054,HandMovementDirection,0,20,20.0,6,114,SMOTE-raw,0.243,10,400,1.5999999999999999,64,2.0,rf,4.18639734556027,0.26294222934652134,0.550173274795535,,,,,,,
0.0,0.0,0.48863636363636365,0.4409090909090909,0.40646560635537876,0.4175922768330561,HandMovementDirection,0,20,20.0,6,114,SMOTE-raw,0.243,10,400,1.5999999999999999,64,2.0,ridge,4.18639734556027,0.26294222934652134,0.550173274795535,,,,,,,
0.0,0.0,0.5,0.3670454545454545,0.37902732732732736,0.3462162162162162,HandMovementDirection,0,20,20.0,6,114,guide=gpf | walk=plain,0.243,10,400,1.5999999999999999,64,2.0,rf,26.17354565210671,0.6620917870773461,3.360891565648429,0.1875,2.5,0.0,,,,
0.0,0.0,0.5,0.421969696969697,0.40211257890678975,0.4105876017419208,HandMovementDirection,0,20,20.0,6,114,guide=gpf | walk=plain,0.243,10,400,1.5999999999999999,64,2.0,ridge,26.17354565210671,0.6620917870773461,3.360891565648429,0.1875,2.5,0.0,,,,
0.0,0.0,0.5,0.41060606060606053,0.3528261261261261,0.29090090090090087,HandMovementDirection,0,20,20.0,6,114,guide=gpf | walk=plain | guard,0.243,10,400,1.5999999999999999,64,2.0,rf,12.47384492423191,0.5017139587846968,1.3065931264518504,0.1875,3.7,1.0,1.0,0.771,3.36,1.31
0.0,0.0,0.5,0.43030303030303024,0.4017010965935819,0.41039939071811093,HandMovementDirection,0,20,20.0,6,114,guide=gpf | walk=plain | guard,0.243,10,400,1.5999999999999999,64,2.0,ridge,12.47384492423191,0.5017139587846968,1.3065931264518504,0.1875,3.7,1.0,1.0,0.771,3.36,1.31
0.0,0.0,0.5,0.35454545454545455,0.35144144144144146,0.3015315315315315,HandMovementDirection,0,20,20.0,6,114,guide=gpf | walk=aligned,0.243,10,400,1.5999999999999999,64,2.0,rf,10.591048959711626,0.4492675650704614,1.5176543086742984,0.0488013698630137,58.8,0.0,,,,
0.0,0.0,0.5,0.44242424242424244,0.3981003872086054,0.40169821789282867,HandMovementDirection,0,20,20.0,6,114,guide=gpf | walk=aligned,0.243,10,400,1.5999999999999999,64,2.0,ridge,10.591048959711626,0.4492675650704614,1.5176543086742984,0.0488013698630137,58.8,0.0,,,,
0.0,0.0,0.5,0.35454545454545455,0.35144144144144146,0.3015315315315315,HandMovementDirection,0,20,20.0,6,114,guide=gpf | walk=aligned | guard,0.243,10,400,1.5999999999999999,64,2.0,rf,10.591048959711626,0.4492675650704614,1.5176543086742984,0.0488013698630137,59.9,1.0,0.0,1.0,1.52,1.52
0.0,0.0,0.5,0.44242424242424244,0.3981003872086054,0.40169821789282867,HandMovementDirection,0,20,20.0,6,114,guide=gpf | walk=aligned | guard,0.243,10,400,1.5999999999999999,64,2.0,ridge,10.591048959711626,0.4492675650704614,1.5176543086742984,0.0488013698630137,59.9,1.0,0.0,1.0,1.52,1.52
0.0,0.0,0.5,0.4011363636363637,0.36105930930930924,0.2984234234234234,HandMovementDirection,0,20,20.0,6,114,guide=sig | walk=aligned,0.243,10,400,1.5999999999999999,64,2.0,rf,14.097913181918718,0.475963882574167,2.6616518939630978,0.0488013698630137,57.2,0.0,,,,
0.0,0.0,0.48863636363636365,0.41666666666666663,0.39887855089135893,0.4040405652167705,HandMovementDirection,0,20,20.0,6,114,guide=sig | walk=aligned,0.243,10,400,1.5999999999999999,64,2.0,ridge,14.097913181918718,0.475963882574167,2.6616518939630978,0.0488013698630137,57.2,0.0,,,,
0.0,0.0,0.5,0.4018939393939394,0.35722507507507506,0.3017567567567568,HandMovementDirection,0,20,20.0,6,114,guide=sig | walk=aligned | guard,0.243,10,400,1.5999999999999999,64,2.0,rf,9.52757536297405,0.4114668609912516,1.6667638505797027,0.0488013698630137,58.6,1.0,1.0,0.867,2.66,1.67
0.0,0.0,0.48863636363636365,0.4143939393939394,0.40240840617495865,0.4056118669522361,HandMovementDirection,0,20,20.0,6,114,guide=sig | walk=aligned | guard,0.243,10,400,1.5999999999999999,64,2.0,ridge,9.52757536297405,0.4114668609912516,1.6667638505797027,0.0488013698630137,58.6,1.0,1.0,0.867,2.66,1.67
0.058823529411764705,0.17624019422539816,0.48257575757575755,0.4818181818181818,0.3310521021021021,0.3056306306306306,HandMovementDirection,1,5,5.0,24,96,none,0.243,10,400,1.5999999999999999,64,2.0,rf,,,,,,,,,,
0.17777777777777778,0.31622776601683794,0.44166666666666665,0.39166666666666666,0.4437574186586659,0.4474027484894658,HandMovementDirection,1,5,5.0,24,96,none,0.243,10,400,1.5999999999999999,64,2.0,ridge,,,,,,,,,,
0.3333333333333333,0.4547726704829368,0.5598484848484848,0.5685606060606061,0.2545015015015015,0.15189189189189187,HandMovementDirection,1,5,5.0,24,96,SMOTE-raw,0.243,10,400,1.5999999999999999,64,2.0,rf,1.2104621556944846,0.1016583776346488,0.5317067606913236,,,,,,,
0.2857142857142857,0.3969581307590986,0.42878787878787883,0.4212121212121212,0.4589926514718759,0.46843808806035203,HandMovementDirection,1,5,5.0,24,96,SMOTE-raw,0.243,10,400,1.5999999999999999,64,2.0,ridge,1.2104621556944846,0.1016583776346488,0.5317067606913236,,,,,,,
0.15384615384615385,0.29387690682262935,0.4818181818181818,0.4803030303030303,0.3118906906906907,0.2898198198198198,HandMovementDirection,1,5,5.0,24,96,guide=gpf | walk=plain,0.243,10,400,1.5999999999999999,64,2.0,rf,7.38265805033072,0.28262642724477904,2.586815692519904,0.3333333333333333,1.2,0.0,,,,
0.20408163265306123,0.337099931231621,0.4242424242424242,0.38409090909090904,0.4581142728063936,0.46405099133873595,HandMovementDirection,1,5,5.0,24,96,guide=gpf | walk=plain,0.243,10,400,1.5999999999999999,64,2.0,ridge,7.38265805033072,0.28262642724477904,2.586815692519904,0.3333333333333333,1.2,0.0,,,,
0.15789473684210525,0.29771859806932394,0.49318181818181817,0.4954545454545454,0.2963972972972973,0.25504504504504505,HandMovementDirection,1,5,5.0,24,96,guide=gpf | walk=plain | guard,0.243,10,400,1.5999999999999999,64,2.0,rf,3.5766390577106897,0.1619296790396948,1.5949805040515896,0.3333333333333333,2.5,1.0,1.0,0.879,2.59,1.59
0.23076923076923078,0.3567530340063379,0.4181818181818182,0.3916666666666666,0.46371148997011574,0.4949496353553321,HandMovementDirection,1,5,5.0,24,96,guide=gpf | walk=plain | guard,0.243,10,400,1.5999999999999999,64,2.0,ridge,3.5766390577106897,0.1619296790396948,1.5949805040515896,0.3333333333333333,2.5,1.0,1.0,0.879,2.59,1.59
0.19047619047619047,0.3302891295379082,0.47575757575757577,0.5125,0.2952552552552552,0.26801801801801806,HandMovementDirection,1,5,5.0,24,96,guide=gpf | walk=aligned,0.243,10,400,1.5999999999999999,64,2.0,rf,3.2527391361801605,0.21131594591718805,0.6714754765604002,0.15,15.6,0.0,,,,
0.20408163265306123,0.337099931231621,0.4242424242424242,0.4121212121212121,0.4424531621623097,0.4344170245424167,HandMovementDirection,1,5,5.0,24,96,guide=gpf | walk=aligned,0.243,10,400,1.5999999999999999,64,2.0,ridge,3.2527391361801605,0.21131594591718805,0.6714754765604002,0.15,15.6,0.0,,,,
0.19047619047619047,0.3302891295379082,0.47575757575757577,0.5125,0.2952552552552552,0.26801801801801806,HandMovementDirection,1,5,5.0,24,96,guide=gpf | walk=aligned | guard,0.243,10,400,1.5999999999999999,64,2.0,rf,3.2527391361801605,0.21131594591718805,0.6714754765604002,0.15,16.7,1.0,0.0,1.0,0.67,0.67
0.20408163265306123,0.337099931231621,0.4242424242424242,0.4121212121212121,0.4424531621623097,0.4344170245424167,HandMovementDirection,1,5,5.0,24,96,guide=gpf | walk=aligned | guard,0.243,10,400,1.5999999999999999,64,2.0,ridge,3.2527391361801605,0.21131594591718805,0.6714754765604002,0.15,16.7,1.0,0.0,1.0,0.67,0.67
0.34146341463414637,0.4605661864718383,0.5712121212121212,0.5238636363636364,0.2946471471471472,0.2606306306306306,HandMovementDirection,1,5,5.0,24,96,guide=sig | walk=aligned,0.243,10,400,1.5999999999999999,64,2.0,rf,4.25128855086176,0.22401189602875116,1.2344064399113794,0.1,23.6,0.0,,,,
0.32,0.4403855060505442,0.49696969696969695,0.4371212121212121,0.3558888519014549,0.3617854304424397,HandMovementDirection,1,5,5.0,24,96,guide=sig | walk=aligned,0.243,10,400,1.5999999999999999,64,2.0,ridge,4.25128855086176,0.22401189602875116,1.2344064399113794,0.1,23.6,0.0,,,,
0.34146341463414637,0.4605661864718383,0.5712121212121212,0.5238636363636364,0.2946471471471472,0.2606306306306306,HandMovementDirection,1,5,5.0,24,96,guide=sig | walk=aligned | guard,0.243,10,400,1.5999999999999999,64,2.0,rf,4.25128855086176,0.22401189602875116,1.2344064399113794,0.1,25.0,1.0,0.0,1.0,1.23,1.23
0.32,0.4403855060505442,0.49696969696969695,0.4371212121212121,0.3558888519014549,0.3617854304424397,HandMovementDirection,1,5,5.0,24,96,guide=sig | walk=aligned | guard,0.243,10,400,1.5999999999999999,64,2.0,ridge,4.25128855086176,0.22401189602875116,1.2344064399113794,0.1,25.0,1.0,0.0,1.0,1.23,1.23
0.0,0.0,0.5,0.41098484848484845,0.35363093093093095,0.33072072072072073,HandMovementDirection,1,10,10.0,12,108,none,0.243,10,400,1.7999999999999998,64,2.0,rf,,,,,,,,,,
0.06060606060606061,0.17837651700316892,0.49393939393939396,0.4416666666666667,0.3823211760639561,0.37901438091275924,HandMovementDirection,1,10,10.0,12,108,none,0.243,10,400,1.7999999999999998,64,2.0,ridge,,,,,,,,,,
0.0,0.0,0.5,0.4075757575757576,0.3311388888888889,0.2477927927927928,HandMovementDirection,1,10,10.0,12,108,SMOTE-raw,0.243,10,400,1.7999999999999998,64,2.0,rf,4.78587107614462,0.3266604685079451,0.5841024125113151,,,,,,,
0.16666666666666666,0.30525697073419666,0.5159090909090909,0.45606060606060606,0.3847527922042548,0.37408232247674794,HandMovementDirection,1,10,10.0,12,108,SMOTE-raw,0.243,10,400,1.7999999999999998,64,2.0,ridge,4.78587107614462,0.3266604685079451,0.5841024125113151,,,,,,,
0.058823529411764705,0.17624019422539816,0.48257575757575755,0.46931818181818186,0.32174519519519523,0.3028378378378379,HandMovementDirection,1,10,10.0,12,108,guide=gpf | walk=plain,0.243,10,400,1.7999999999999998,64,2.0,rf,4.852112717955533,0.2636551273928751,2.0960893898051323,0.3375,1.0,0.0,,,,
0.1111111111111111,0.24618298195866545,0.48787878787878786,0.4492424242424243,0.40344616436399916,0.39876888741128147,HandMovementDirection,1,10,10.0,12,108,guide=gpf | walk=plain,0.243,10,400,1.7999999999999998,64,2.0,ridge,4.852112717955533,0.2636551273928751,2.0960893898051323,0.3375,1.0,0.0,,,,
0.06060606060606061,0.17837651700316892,0.49393939393939396,0.45719696969696966,0.3223572072072072,0.2822972972972973,HandMovementDirection,1,10,10.0,12,108,guide=gpf | walk=plain | guard,0.243,10,400,1.7999999999999998,64,2.0,rf,4.745013628389922,0.2675410166627731,1.9367851782916141,0.3375,2.3,1.0,1.0,0.977,2.1,1.94
0.1111111111111111,0.24618298195866545,0.48787878787878786,0.4515151515151515,0.40275917747479,0.3985307358830119,HandMovementDirection,1,10,10.0,12,108,guide=gpf | walk=plain | guard,0.243,10,400,1.7999999999999998,64,2.0,ridge,4.745013628389922,0.2675410166627731,1.9367851782916141,0.3375,2.3,1.0,1.0,0.977,2.1,1.94
0.06060606060606061,0.17837651700316892,0.49393939393939396,0.4526515151515151,0.3061686186186186,0.2431081081081081,HandMovementDirection,1,10,10.0,12,108,guide=gpf | walk=aligned,0.243,10,400,1.7999999999999998,64,2.0,rf,4.498229165306572,0.2779564164945566,1.0867429453109503,0.048214285714285716,56.5,0.0,,,,
0.16666666666666666,0.30525697073419666,0.5159090909090909,0.4484848484848485,0.3763267362204997,0.3671690960707555,HandMovementDirection,1,10,10.0,12,108,guide=gpf | walk=aligned,0.243,10,400,1.7999999999999998,64,2.0,ridge,4.498229165306572,0.2779564164945566,1.0867429453109503,0.048214285714285716,56.5,0.0,,,,
0.06060606060606061,0.17837651700316892,0.49393939393939396,0.4526515151515151,0.3061686186186186,0.2431081081081081,HandMovementDirection,1,10,10.0,12,108,guide=gpf | walk=aligned | guard,0.243,10,400,1.7999999999999998,64,2.0,rf,4.498229165306572,0.2779564164945566,1.0867429453109503,0.048214285714285716,57.6,1.0,0.0,1.0,1.09,1.09
0.16666666666666666,0.30525697073419666,0.5159090909090909,0.4484848484848485,0.3763267362204997,0.3671690960707555,HandMovementDirection,1,10,10.0,12,108,guide=gpf | walk=aligned | guard,0.243,10,400,1.7999999999999998,64,2.0,ridge,4.498229165306572,0.2779564164945566,1.0867429453109503,0.048214285714285716,57.6,1.0,0.0,1.0,1.09,1.09
0.0625,0.18048755518250442,0.5053030303030304,0.45719696969696966,0.3204312312312312,0.3028828828828829,HandMovementDirection,1,10,10.0,12,108,guide=sig | walk=aligned,0.243,10,400,1.7999999999999998,64,2.0,rf,3.82398524930594,0.202528358477311,1.982372888494952,0.048214285714285716,54.7,0.0,,,,
0.22857142857142856,0.36097511036500884,0.5553030303030303,0.5393939393939394,0.3299518486177387,0.3282508493891006,HandMovementDirection,1,10,10.0,12,108,guide=sig | walk=aligned,0.243,10,400,1.7999999999999998,64,2.0,ridge,3.82398524930594,0.202528358477311,1.982372888494952,0.048214285714285716,54.7,0.0,,,,
0.0625,0.18048755518250442,0.5053030303030304,0.45719696969696966,0.3204312312312312,0.3028828828828829,HandMovementDirection,1,10,10.0,12,108,guide=sig | walk=aligned | guard,0.243,10,400,1.7999999999999998,64,2.0,rf,3.82398524930594,0.202528358477311,1.982372888494952,0.048214285714285716,55.9,1.0,0.0,1.0,1.98,1.98
0.22857142857142856,0.36097511036500884,0.5553030303030303,0.5393939393939394,0.3299518486177387,0.3282508493891006,HandMovementDirection,1,10,10.0,12,108,guide=sig | walk=aligned | guard,0.243,10,400,1.7999999999999998,64,2.0,ridge,3.82398524930594,0.202528358477311,1.982372888494952,0.048214285714285716,55.9,1.0,0.0,1.0,1.98,1.98
0.0,0.0,0.5,0.42840909090909085,0.3730187687687687,0.31463963963963965,HandMovementDirection,1,20,20.0,6,114,none,0.243,10,400,1.5999999999999999,64,2.0,rf,,,,,,,,,,
0.0,0.0,0.5,0.45378787878787885,0.40268374210983915,0.40388001010768076,HandMovementDirection,1,20,20.0,6,114,none,0.243,10,400,1.5999999999999999,64,2.0,ridge,,,,,,,,,,
0.0,0.0,0.48863636363636365,0.49166666666666664,0.35739789789789794,0.31621621621621626,HandMovementDirection,1,20,20.0,6,114,SMOTE-raw,0.243,10,400,1.5999999999999999,64,2.0,rf,8.237088011660717,0.4742205669521378,0.6172872658471487,,,,,,,
0.0,0.0,0.5,0.4575757575757575,0.4021986595709839,0.4079842012801524,HandMovementDirection,1,20,20.0,6,114,SMOTE-raw,0.243,10,400,1.5999999999999999,64,2.0,ridge,8.237088011660717,0.4742205669521378,0.6172872658471487,,,,,,,
0.0,0.0,0.5,0.4772727272727273,0.35189024024024024,0.3244594594594594,HandMovementDirection,1,20,20.0,6,114,guide=gpf | walk=plain,0.243,10,400,1.5999999999999999,64,2.0,rf,7.353377492580158,0.3944292290579464,1.3073673297913826,0.13194444444444445,3.1,0.0,,,,
0.0,0.0,0.48863636363636365,0.4484848484848485,0.4112388675931905,0.42099529526275503,HandMovementDirection,1,20,20.0,6,114,guide=gpf | walk=plain,0.243,10,400,1.5999999999999999,64,2.0,ridge,7.353377492580158,0.3944292290579464,1.3073673297913826,0.13194444444444445,3.1,0.0,,,,
0.0,0.0,0.5,0.4772727272727273,0.35189024024024024,0.3244594594594594,HandMovementDirection,1,20,20.0,6,114,guide=gpf | walk=plain | guard,0.243,10,400,1.5999999999999999,64,2.0,rf,7.353377492580158,0.3944292290579464,1.3073673297913826,0.13194444444444445,4.2,1.0,0.0,1.0,1.31,1.31
0.0,0.0,0.48863636363636365,0.4484848484848485,0.4112388675931905,0.42099529526275503,HandMovementDirection,1,20,20.0,6,114,guide=gpf | walk=plain | guard,0.243,10,400,1.5999999999999999,64,2.0,ridge,7.353377492580158,0.3944292290579464,1.3073673297913826,0.13194444444444445,4.2,1.0,0.0,1.0,1.31,1.31
0.06451612903225806,0.18257418583505536,0.5166666666666667,0.4477272727272727,0.35905735735735733,0.37459459459459465,HandMovementDirection,1,20,20.0,6,114,guide=gpf | walk=aligned,0.243,10,400,1.5999999999999999,64,2.0,rf,9.908905636108322,0.47459498595988414,1.5669526475822217,0.0488013698630137,58.7,0.0,,,,
0.0,0.0,0.5,0.4590909090909091,0.4009171126137266,0.40690613797535197,HandMovementDirection,1,20,20.0,6,114,guide=gpf | walk=aligned,0.243,10,400,1.5999999999999999,64,2.0,ridge,9.908905636108322,0.47459498595988414,1.5669526475822217,0.0488013698630137,58.7,0.0,,,,
0.06451612903225806,0.18257418583505536,0.5166666666666667,0.4477272727272727,0.35905735735735733,0.37459459459459465,HandMovementDirection,1,20,20.0,6,114,guide=gpf | walk=aligned | guard,0.243,10,400,1.5999999999999999,64,2.0,rf,9.908905636108322,0.47459498595988414,1.5669526475822217,0.0488013698630137,59.8,1.0,0.0,1.0,1.57,1.57
0.0,0.0,0.5,0.4590909090909091,0.4009171126137266,0.40690613797535197,HandMovementDirection,1,20,20.0,6,114,guide=gpf | walk=aligned | guard,0.243,10,400,1.5999999999999999,64,2.0,ridge,9.908905636108322,0.47459498595988414,1.5669526475822217,0.0488013698630137,59.8,1.0,0.0,1.0,1.57,1.57
0.0,0.0,0.5,0.5132575757575758,0.36608228228228235,0.3603603603603604,HandMovementDirection,1,20,20.0,6,114,guide=sig | walk=aligned,0.243,10,400,1.5999999999999999,64,2.0,rf,14.784863980350735,0.6985492489688185,0.7917260384663386,0.0488013698630137,55.1,0.0,,,,
0.0,0.0,0.48863636363636365,0.4666666666666667,0.40140198998361876,0.4017478058338558,HandMovementDirection,1,20,20.0,6,114,guide=sig | walk=aligned,0.243,10,400,1.5999999999999999,64,2.0,ridge,14.784863980350735,0.6985492489688185,0.7917260384663386,0.0488013698630137,55.1,0.0,,,,
0.0,0.0,0.5,0.5132575757575758,0.36608228228228235,0.3603603603603604,HandMovementDirection,1,20,20.0,6,114,guide=sig | walk=aligned | guard,0.243,10,400,1.5999999999999999,64,2.0,rf,14.784863980350735,0.6985492489688185,0.7917260384663386,0.0488013698630137,56.2,1.0,0.0,1.0,0.79,0.79
0.0,0.0,0.48863636363636365,0.4666666666666667,0.40140198998361876,0.4017478058338558,HandMovementDirection,1,20,20.0,6,114,guide=sig | walk=aligned | guard,0.243,10,400,1.5999999999999999,64,2.0,ridge,14.784863980350735,0.6985492489688185,0.7917260384663386,0.0488013698630137,56.2,1.0,0.0,1.0,0.79,0.79
0.0,0.0,0.48863636363636365,0.4132575757575758,0.3226708708708708,0.260990990990991,HandMovementDirection,2,5,5.0,24,96,none,0.243,10,400,1.5999999999999999,64,2.0,rf,,,,,,,,,,
0.24390243902439024,0.37939345531966406,0.5151515151515151,0.47954545454545455,0.3699760457413573,0.3687486490474657,HandMovementDirection,2,5,5.0,24,96,none,0.243,10,400,1.5999999999999999,64,2.0,ridge,,,,,,,,,,
0.22857142857142856,0.36097511036500884,0.5553030303030303,0.49053030303030304,0.27362732732732736,0.17756756756756756,HandMovementDirection,2,5,5.0,24,96,SMOTE-raw,0.243,10,400,1.5999999999999999,64,2.0,rf,2.002439744132941,0.1571501809537258,0.5560769895092424,,,,,,,
0.34146341463414637,0.4605661864718383,0.5712121212121212,0.48409090909090907,0.35321350628282927,0.37037176700592855,HandMovementDirection,2,5,5.0,24,96,SMOTE-raw,0.243,10,400,1.5999999999999999,64,2.0,ridge,2.002439744132941,0.1571501809537258,0.5560769895092424,,,,,,,
0.2222222222222222,0.35675303400633784,0.543939393939394,0.4628787878787879,0.28795,0.27346846846846845,HandMovementDirection,2,5,5.0,24,96,guide=gpf | walk=plain,0.243,10,400,1.5999999999999999,64,2.0,rf,3.9262412966021945,0.1713284153041299,2.1185127035151354,0.5,0.6,0.0,,,,
0.25,0.3843530573929037,0.5265151515151515,0.47045454545454546,0.36812926995691264,0.3454183539689539,HandMovementDirection,2,5,5.0,24,96,guide=gpf | walk=plain,0.243,10,400,1.5999999999999999,64,2.0,ridge,3.9262412966021945,0.1713284153041299,2.1185127035151354,0.5,0.6,0.0,,,,
0.3157894736842105,0.4369314487526515,0.5772727272727273,0.45984848484848484,0.29022477477477476,0.26472972972972975,HandMovementDirection,2,5,5.0,24,96,guide=gpf | walk=plain | guard,0.243,10,400,1.5999999999999999,64,2.0,rf,3.5055541775384427,0.15948365597793324,1.916653384042362,0.5,1.8,1.0,1.0,0.972,2.12,1.92
0.25,0.3843530573929037,0.5265151515151515,0.46893939393939393,0.36873317734844224,0.35199540776103316,HandMovementDirection,2,5,5.0,24,96,guide=gpf | walk=plain | guard,0.243,10,400,1.5999999999999999,64,2.0,ridge,3.5055541775384427,0.15948365597793324,1.916653384042362,0.5,1.8,1.0,1.0,0.972,2.12,1.92
0.20512820512820512,0.3437758254761643,0.5098484848484849,0.4560606060606061,0.2885414414414414,0.19864864864864865,HandMovementDirection,2,5,5.0,24,96,guide=gpf | walk=aligned,0.243,10,400,1.5999999999999999,64,2.0,rf,2.9118408062774126,0.18711751400132437,0.9365531530223308,0.23076923076923078,10.0,0.0,,,,
0.38095238095238093,0.4923659639173309,0.5878787878787879,0.5212121212121212,0.3338524558099141,0.34553099509810176,HandMovementDirection,2,5,5.0,24,96,guide=gpf | walk=aligned,0.243,10,400,1.5999999999999999,64,2.0,ridge,2.9118408062774126,0.18711751400132437,0.9365531530223308,0.23076923076923078,10.0,0.0,,,,
0.20512820512820512,0.3437758254761643,0.5098484848484849,0.4560606060606061,0.2885414414414414,0.19864864864864865,HandMovementDirection,2,5,5.0,24,96,guide=gpf | walk=aligned | guard,0.243,10,400,1.5999999999999999,64,2.0,rf,2.9118408062774126,0.18711751400132437,0.9365531530223308,0.23076923076923078,11.0,1.0,0.0,1.0,0.94,0.94
0.38095238095238093,0.4923659639173309,0.5878787878787879,0.5212121212121212,0.3338524558099141,0.34553099509810176,HandMovementDirection,2,5,5.0,24,96,guide=gpf | walk=aligned | guard,0.243,10,400,1.5999999999999999,64,2.0,ridge,2.9118408062774126,0.18711751400132437,0.9365531530223308,0.23076923076923078,11.0,1.0,0.0,1.0,0.94,0.94
0.23809523809523808,0.3743681545638132,0.5037878787878788,0.48901515151515157,0.2806687687687688,0.171981981981982,HandMovementDirection,2,5,5.0,24,96,guide=sig | walk=aligned,0.243,10,400,1.5999999999999999,64,2.0,rf,2.390483775770864,0.1513982451178587,1.0013245139495446,0.12,18.5,0.0,,,,
0.3404255319148936,0.4605661864718383,0.531060606060606,0.48712121212121207,0.35114075143902346,0.3447640801494137,HandMovementDirection,2,5,5.0,24,96,guide=sig | walk=aligned,0.243,10,400,1.5999999999999999,64,2.0,ridge,2.390483775770864,0.1513982451178587,1.0013245139495446,0.12,18.5,0.0,,,,
0.23809523809523808,0.3743681545638132,0.5037878787878788,0.48901515151515157,0.2806687687687688,0.171981981981982,HandMovementDirection,2,5,5.0,24,96,guide=sig | walk=aligned | guard,0.243,10,400,1.5999999999999999,64,2.0,rf,2.390483775770864,0.1513982451178587,1.0013245139495446,0.12,19.5,1.0,0.0,1.0,1.0,1.0
0.3404255319148936,0.4605661864718383,0.531060606060606,0.48712121212121207,0.35114075143902346,0.3447640801494137,HandMovementDirection,2,5,5.0,24,96,guide=sig | walk=aligned | guard,0.243,10,400,1.5999999999999999,64,2.0,ridge,2.390483775770864,0.1513982451178587,1.0013245139495446,0.12,19.5,1.0,0.0,1.0,1.0,1.0
0.0,0.0,0.5,0.48522727272727273,0.35317837837837834,0.3322522522522523,HandMovementDirection,2,10,10.0,12,108,none,0.243,10,400,1.5999999999999999,64,2.0,rf,,,,,,,,,,
0.0,0.0,0.4659090909090909,0.46287878787878783,0.4249809615858808,0.4285378617712347,HandMovementDirection,2,10,10.0,12,108,none,0.243,10,400,1.5999999999999999,64,2.0,ridge,,,,,,,,,,
0.11764705882352941,0.2522624895547565,0.5106060606060606,0.5155303030303031,0.31434339339339334,0.26716216216216215,HandMovementDirection,2,10,10.0,12,108,SMOTE-raw,0.243,10,400,1.5999999999999999,64,2.0,rf,2.5512019115680182,0.17970790622163169,0.609434456702092,,,,,,,
0.058823529411764705,0.17624019422539816,0.48257575757575755,0.5515151515151515,0.39305462854631285,0.38586680344877367,HandMovementDirection,2,10,10.0,12,108,SMOTE-raw,0.243,10,400,1.5999999999999999,64,2.0,ridge,2.5512019115680182,0.17970790622163169,0.609434456702092,,,,,,,
0.0625,0.18048755518250442,0.5053030303030304,0.48901515151515157,0.33795555555555556,0.31702702702702695,HandMovementDirection,2,10,10.0,12,108,guide=gpf | walk=plain,0.243,10,400,1.5999999999999999,64,2.0,rf,15.791354636690697,0.47541483379524296,3.5443491891812666,0.28125,1.0,0.0,,,,
0.058823529411764705,0.17624019422539816,0.48257575757575755,0.45681818181818185,0.4175755969297077,0.42915239496027646,HandMovementDirection,2,10,10.0,12,108,guide=gpf | walk=plain,0.243,10,400,1.5999999999999999,64,2.0,ridge,15.791354636690697,0.47541483379524296,3.5443491891812666,0.28125,1.0,0.0,,,,
0.06060606060606061,0.17837651700316892,0.49393939393939396,0.47007575757575754,0.3233771771771771,0.27972972972972976,HandMovementDirection,2,10,10.0,12,108,guide=gpf | walk=plain | guard,0.243,10,400,1.5999999999999999,64,2.0,rf,5.60142612670534,0.2606479112218292,1.4587225604676946,0.28125,2.2,1.0,1.0,0.751,3.54,1.46
0.0,0.0,0.4431818181818182,0.4878787878787879,0.4262867622722097,0.4355786207694439,HandMovementDirection,2,10,10.0,12,108,guide=gpf | walk=plain | guard,0.243,10,400,1.5999999999999999,64,2.0,ridge,5.60142612670534,0.2606479112218292,1.4587225604676946,0.28125,2.2,1.0,1.0,0.751,3.54,1.46
0.0,0.0,0.4772727272727273,0.45530303030303027,0.35229594594594593,0.3340990990990991,HandMovementDirection,2,10,10.0,12,108,guide=gpf | walk=aligned,0.243,10,400,1.5999999999999999,64,2.0,rf,11.061276773813601,0.47666262517070446,1.7575715012921855,0.048214285714285716,53.1,0.0,,,,
0.0,0.0,0.45454545454545453,0.48333333333333334,0.4255961431138194,0.43992535359318924,HandMovementDirection,2,10,10.0,12,108,guide=gpf | walk=aligned,0.243,10,400,1.5999999999999999,64,2.0,ridge,11.061276773813601,0.47666262517070446,1.7575715012921855,0.048214285714285716,53.1,0.0,,,,
0.0,0.0,0.4772727272727273,0.45530303030303027,0.35229594594594593,0.3340990990990991,HandMovementDirection,2,10,10.0,12,108,guide=gpf | walk=aligned | guard,0.243,10,400,1.5999999999999999,64,2.0,rf,11.061276773813601,0.47666262517070446,1.7575715012921855,0.048214285714285716,54.1,1.0,0.0,1.0,1.76,1.76
0.0,0.0,0.45454545454545453,0.48333333333333334,0.4255961431138194,0.43992535359318924,HandMovementDirection,2,10,10.0,12,108,guide=gpf | walk=aligned | guard,0.243,10,400,1.5999999999999999,64,2.0,ridge,11.061276773813601,0.47666262517070446,1.7575715012921855,0.048214285714285716,54.1,1.0,0.0,1.0,1.76,1.76
0.06060606060606061,0.17837651700316892,0.49393939393939396,0.5193181818181818,0.314198048048048,0.280045045045045,HandMovementDirection,2,10,10.0,12,108,guide=sig | walk=aligned,0.243,10,400,1.5999999999999999,64,2.0,rf,3.9492349989560864,0.22440029328030442,1.1677143081328034,0.048214285714285716,50.3,0.0,,,,
0.16216216216216217,0.30151134457776363,0.5045454545454545,0.4840909090909091,0.4048199085441854,0.4000264620548349,HandMovementDirection,2,10,10.0,12,108,guide=sig | walk=aligned,0.243,10,400,1.5999999999999999,64,2.0,ridge,3.9492349989560864,0.22440029328030442,1.1677143081328034,0.048214285714285716,50.3,0.0,,,,
0.06060606060606061,0.17837651700316892,0.49393939393939396,0.5193181818181818,0.314198048048048,0.280045045045045,HandMovementDirection,2,10,10.0,12,108,guide=sig | walk=aligned | guard,0.243,10,400,1.5999999999999999,64,2.0,rf,3.9492349989560864,0.22440029328030442,1.1677143081328034,0.048214285714285716,51.3,1.0,0.0,1.0,1.17,1.17
0.16216216216216217,0.30151134457776363,0.5045454545454545,0.4840909090909091,0.4048199085441854,0.4000264620548349,HandMovementDirection,2,10,10.0,12,108,guide=sig | walk=aligned | guard,0.243,10,400,1.5999999999999999,64,2.0,ridge,3.9492349989560864,0.22440029328030442,1.1677143081328034,0.048214285714285716,51.3,1.0,0.0,1.0,1.17,1.17
0.0,0.0,0.5,0.390530303030303,0.3873316816816817,0.27004504504504506,HandMovementDirection,2,20,20.0,6,114,none,0.243,10,400,1.4,64,2.0,rf,,,,,,,,,,
0.0,0.0,0.4772727272727273,0.3545454545454546,0.4158457411852667,0.4236109793039876,HandMovementDirection,2,20,20.0,6,114,none,0.243,10,400,1.4,64,2.0,ridge,,,,,,,,,,
0.06451612903225806,0.18257418583505536,0.5166666666666667,0.43219696969696975,0.3420235735735736,0.31184684684684677,HandMovementDirection,2,20,20.0,6,114,SMOTE-raw,0.243,10,400,1.4,64,2.0,rf,4.294998027539419,0.2897390536546227,0.52753259175794,,,,,,,
0.058823529411764705,0.17624019422539816,0.48257575757575755,0.44545454545454544,0.41173484120705145,0.42094456546369385,HandMovementDirection,2,20,20.0,6,114,SMOTE-raw,0.243,10,400,1.4,64,2.0,ridge,4.294998027539419,0.2897390536546227,0.52753259175794,,,,,,,
0.0,0.0,0.5,0.35643939393939394,0.3764963963963964,0.27738738738738733,HandMovementDirection,2,20,20.0,6,114,guide=gpf | walk=plain,0.243,10,400,1.4,64,2.0,rf,12.730272962582733,0.658848299006071,0.7486080529767171,0.111328125,2.1,0.0,,,,
0.0,0.0,0.48863636363636365,0.3696969696969697,0.4108070900084045,0.42074787071263897,HandMovementDirection,2,20,20.0,6,114,guide=gpf | walk=plain,0.243,10,400,1.4,64,2.0,ridge,12.730272962582733,0.658848299006071,0.7486080529767171,0.111328125,2.1,0.0,,,,
0.0,0.0,0.5,0.35643939393939394,0.3764963963963964,0.27738738738738733,HandMovementDirection,2,20,20.0,6,114,guide=gpf | walk=plain | guard,0.243,10,400,1.4,64,2.0,rf,12.730272962582733,0.658848299006071,0.7486080529767171,0.111328125,3.1,1.0,0.0,1.0,0.75,0.75
0.0,0.0,0.48863636363636365,0.3696969696969697,0.4108070900084045,0.42074787071263897,HandMovementDirection,2,20,20.0,6,114,guide=gpf | walk=plain | guard,0.243,10,400,1.4,64,2.0,ridge,12.730272962582733,0.658848299006071,0.7486080529767171,0.111328125,3.1,1.0,0.0,1.0,0.75,0.75
0.0,0.0,0.5,0.3246212121212121,0.3723481981981982,0.31148648648648647,HandMovementDirection,2,20,20.0,6,114,guide=gpf | walk=aligned,0.243,10,400,1.4,64,2.0,rf,9.85999948302653,0.48332751584821887,1.1193481141923134,0.0488013698630137,53.5,0.0,,,,
0.0,0.0,0.4659090909090909,0.37196969696969695,0.41689801448657987,0.42783388809335227,HandMovementDirection,2,20,20.0,6,114,guide=gpf | walk=aligned,0.243,10,400,1.4,64,2.0,ridge,9.85999948302653,0.48332751584821887,1.1193481141923134,0.0488013698630137,53.5,0.0,,,,
0.0,0.0,0.5,0.3246212121212121,0.3723481981981982,0.31148648648648647,HandMovementDirection,2,20,20.0,6,114,guide=gpf | walk=aligned | guard,0.243,10,400,1.4,64,2.0,rf,9.85999948302653,0.48332751584821887,1.1193481141923134,0.0488013698630137,54.5,1.0,0.0,1.0,1.12,1.12
0.0,0.0,0.4659090909090909,0.37196969696969695,0.41689801448657987,0.42783388809335227,HandMovementDirection,2,20,20.0,6,114,guide=gpf | walk=aligned | guard,0.243,10,400,1.4,64,2.0,ridge,9.85999948302653,0.48332751584821887,1.1193481141923134,0.0488013698630137,54.5,1.0,0.0,1.0,1.12,1.12
0.0,0.0,0.4772727272727273,0.4253787878787879,0.3715839339339339,0.36031531531531535,HandMovementDirection,2,20,20.0,6,114,guide=sig | walk=aligned,0.243,10,400,1.4,64,2.0,rf,8.004654134070153,0.46171899893326224,0.7000003578771149,0.0488013698630137,52.4,0.0,,,,
0.0,0.0,0.45454545454545453,0.44999999999999996,0.40138583493661795,0.40156364232813263,HandMovementDirection,2,20,20.0,6,114,guide=sig | walk=aligned,0.243,10,400,1.4,64,2.0,ridge,8.004654134070153,0.46171899893326224,0.7000003578771149,0.0488013698630137,52.4,0.0,,,,
0.0,0.0,0.4772727272727273,0.4253787878787879,0.3715839339339339,0.36031531531531535,HandMovementDirection,2,20,20.0,6,114,guide=sig | walk=aligned | guard,0.243,10,400,1.4,64,2.0,rf,8.004654134070153,0.46171899893326224,0.7000003578771149,0.0488013698630137,53.5,1.0,0.0,1.0,0.7,0.7
0.0,0.0,0.45454545454545453,0.44999999999999996,0.40138583493661795,0.40156364232813263,HandMovementDirection,2,20,20.0,6,114,guide=sig | walk=aligned | guard,0.243,10,400,1.4,64,2.0,ridge,8.004654134070153,0.46171899893326224,0.7000003578771149,0.0488013698630137,53.5,1.0,0.0,1.0,0.7,0.7
0.7368421052631579,0.7637626158259734,0.7916666666666667,0.9979745370370371,0.010944518518518518,0.021044444444444442,ArticularyWordRecognition,0,5,24.0,11,253,none,0.53,9,144,1.7999999999999998,64,2.0,rf,,,,,,,,,,
0.9565217391304348,0.9574271077563381,0.9583333333333333,0.9968171296296297,0.004913958401085999,0.008279930321895515,ArticularyWordRecognition,0,5,24.0,11,253,none,0.53,9,144,1.7999999999999998,64,2.0,ridge,,,,,,,,,,
0.7368421052631579,0.7637626158259734,0.7916666666666667,0.9985532407407408,0.009361555555555557,0.01457777777777778,ArticularyWordRecognition,0,5,24.0,11,253,SMOTE-raw,0.53,9,144,1.7999999999999998,64,2.0,rf,1.7871764123459375,0.20452131648395988,0.4648991426784428,,,,,,,
0.9565217391304348,0.9574271077563381,0.9583333333333333,0.9953703703703703,0.0034408665096204573,0.003605476030808068,ArticularyWordRecognition,0,5,24.0,11,253,SMOTE-raw,0.53,9,144,1.7999999999999998,64,2.0,ridge,1.7871764123459375,0.20452131648395988,0.4648991426784428,,,,,,,
0.9090909090909091,0.9128709291752769,0.9166666666666667,0.9992766203703705,0.005776185185185185,0.013144444444444443,ArticularyWordRecognition,0,5,24.0,11,253,guide=gpf | walk=plain,0.53,9,144,1.7999999999999998,64,2.0,rf,2.073136286896961,0.12225765286978285,1.3416141304677924,0.8784722222222222,0.5,0.0,,,,
0.9565217391304348,0.9574271077563381,0.9583333333333333,0.9962384259259259,0.003432676864868611,0.003146184181896948,ArticularyWordRecognition,0,5,24.0,11,253,guide=gpf | walk=plain,0.53,9,144,1.7999999999999998,64,2.0,ridge,2.073136286896961,0.12225765286978285,1.3416141304677924,0.8784722222222222,0.5,0.0,,,,
0.9090909090909091,0.9128709291752769,0.9166666666666667,0.9992766203703705,0.005776185185185185,0.013144444444444443,ArticularyWordRecognition,0,5,24.0,11,253,guide=gpf | walk=plain | guard,0.53,9,144,1.7999999999999998,64,2.0,rf,2.073136286896961,0.12225765286978285,1.3416141304677924,0.8784722222222222,1.6,1.0,0.0,1.0,1.34,1.34
0.9565217391304348,0.9574271077563381,0.9583333333333333,0.9962384259259259,0.003432676864868611,0.003146184181896948,ArticularyWordRecognition,0,5,24.0,11,253,guide=gpf | walk=plain | guard,0.53,9,144,1.7999999999999998,64,2.0,ridge,2.073136286896961,0.12225765286978285,1.3416141304677924,0.8784722222222222,1.6,1.0,0.0,1.0,1.34,1.34
0.9565217391304348,0.9574271077563381,0.9583333333333333,0.9997106481481481,0.004229481481481482,0.019000000000000003,ArticularyWordRecognition,0,5,24.0,11,253,guide=gpf | walk=aligned,0.53,9,144,1.7999999999999998,64,2.0,rf,1.6075796769971404,0.12721635505980344,0.9063971686841917,0.8784722222222222,1.6,0.0,,,,
0.9565217391304348,0.9574271077563381,0.9583333333333333,0.9950810185185185,0.0033797729939638753,0.0025921339585459756,ArticularyWordRecognition,0,5,24.0,11,253,guide=gpf | walk=aligned,0.53,9,144,1.7999999999999998,64,2.0,ridge,1.6075796769971404,0.12721635505980344,0.9063971686841917,0.8784722222222222,1.6,0.0,,,,
0.9565217391304348,0.9574271077563381,0.9583333333333333,0.9997106481481481,0.004229481481481482,0.019000000000000003,ArticularyWordRecognition,0,5,24.0,11,253,guide=gpf | walk=aligned | guard,0.53,9,144,1.7999999999999998,64,2.0,rf,1.6075796769971404,0.12721635505980344,0.9063971686841917,0.8784722222222222,2.7,1.0,0.0,1.0,0.91,0.91
0.9565217391304348,0.9574271077563381,0.9583333333333333,0.9950810185185185,0.0033797729939638753,0.0025921339585459756,ArticularyWordRecognition,0,5,24.0,11,253,guide=gpf | walk=aligned | guard,0.53,9,144,1.7999999999999998,64,2.0,ridge,1.6075796769971404,0.12721635505980344,0.9063971686841917,0.8784722222222222,2.7,1.0,0.0,1.0,0.91,0.91
0.9565217391304348,0.9574271077563381,0.9583333333333333,0.9979745370370371,0.004141074074074075,0.012055555555555555,ArticularyWordRecognition,0,5,24.0,11,253,guide=sig | walk=aligned,0.53,9,144,1.7999999999999998,64,2.0,rf,1.149560320603289,0.09918213504287843,1.1332692745086372,0.8784722222222222,2.3,0.0,,,,
0.9565217391304348,0.9574271077563381,0.9583333333333333,0.9950810185185185,0.003404776288363035,0.0019526212295627268,ArticularyWordRecognition,0,5,24.0,11,253,guide=sig | walk=aligned,0.53,9,144,1.7999999999999998,64,2.0,ridge,1.149560320603289,0.09918213504287843,1.1332692745086372,0.8784722222222222,2.3,0.0,,,,
0.9565217391304348,0.9574271077563381,0.9583333333333333,0.9979745370370371,0.004141074074074075,0.012055555555555555,ArticularyWordRecognition,0,5,24.0,11,253,guide=sig | walk=aligned | guard,0.53,9,144,1.7999999999999998,64,2.0,rf,1.149560320603289,0.09918213504287843,1.1332692745086372,0.8784722222222222,3.5,1.0,0.0,1.0,1.13,1.13
0.9565217391304348,0.9574271077563381,0.9583333333333333,0.9950810185185185,0.003404776288363035,0.0019526212295627268,ArticularyWordRecognition,0,5,24.0,11,253,guide=sig | walk=aligned | guard,0.53,9,144,1.7999999999999998,64,2.0,ridge,1.149560320603289,0.09918213504287843,1.1332692745086372,0.8784722222222222,3.5,1.0,0.0,1.0,1.13,1.13
0.6666666666666666,0.7071067811865476,0.75,0.9943576388888888,0.010924962962962963,0.019866666666666668,ArticularyWordRecognition,0,10,24.0,11,253,none,0.53,9,144,2.0,64,2.0,rf,,,,,,,,,,
0.9565217391304348,0.9574271077563381,0.9583333333333333,0.9968171296296297,0.004913958401085927,0.008279930321895381,ArticularyWordRecognition,0,10,24.0,11,253,none,0.53,9,144,2.0,64,2.0,ridge,,,,,,,,,,
0.7368421052631579,0.7637626158259734,0.7916666666666667,0.9985532407407407,0.009240518518518518,0.014733333333333334,ArticularyWordRecognition,0,10,24.0,11,253,SMOTE-raw,0.53,9,144,2.0,64,2.0,rf,1.762380498981674,0.2184662632682387,0.4067719542531977,,,,,,,
0.9565217391304348,0.9574271077563381,0.9583333333333333,0.9953703703703703,0.0034351080099019695,0.0036172959208962915,ArticularyWordRecognition,0,10,24.0,11,253,SMOTE-raw,0.53,9,144,2.0,64,2.0,ridge,1.762380498981674,0.2184662632682387,0.4067719542531977,,,,,,,
0.9565217391304348,0.9574271077563381,0.9583333333333333,0.9994212962962963,0.0048729259259259255,0.013788888888888889,ArticularyWordRecognition,0,10,24.0,11,253,guide=gpf | walk=plain,0.53,9,144,2.0,64,2.0,rf,2.5328677610903902,0.13851157603595388,1.8889523344946972,0.8784722222222222,0.5,0.0,,,,
0.9565217391304348,0.9574271077563381,0.9583333333333333,0.9959490740740741,0.003458069065485361,0.003112024788849153,ArticularyWordRecognition,0,10,24.0,11,253,guide=gpf | walk=plain,0.53,9,144,2.0,64,2.0,ridge,2.5328677610903902,0.13851157603595388,1.8889523344946972,0.8784722222222222,0.5,0.0,,,,
0.9565217391304348,0.9574271077563381,0.9583333333333333,0.9994212962962963,0.0048729259259259255,0.013788888888888889,ArticularyWordRecognition,0,10,24.0,11,253,guide=gpf | walk=plain | guard,0.53,9,144,2.0,64,2.0,rf,2.5328677610903902,0.13851157603595388,1.8889523344946972,0.8784722222222222,1.6,1.0,0.0,1.0,1.89,1.89
0.9565217391304348,0.9574271077563381,0.9583333333333333,0.9959490740740741,0.003458069065485361,0.003112024788849153,ArticularyWordRecognition,0,10,24.0,11,253,guide=gpf | walk=plain | guard,0.53,9,144,2.0,64,2.0,ridge,2.5328677610903902,0.13851157603595388,1.8889523344946972,0.8784722222222222,1.6,1.0,0.0,1.0,1.89,1.89
0.9565217391304348,0.9574271077563381,0.9583333333333333,0.9997106481481481,0.004263444444444445,0.017099999999999997,ArticularyWordRecognition,0,10,24.0,11,253,guide=gpf | walk=aligned,0.53,9,144,2.0,64,2.0,rf,1.7492150808122506,0.12715758515190068,1.2572541773745303,0.8784722222222222,1.7,0.0,,,,
0.9565217391304348,0.9574271077563381,0.9583333333333333,0.9959490740740741,0.0033344070538397844,0.002593290940517328,ArticularyWordRecognition,0,10,24.0,11,253,guide=gpf | walk=aligned,0.53,9,144,2.0,64,2.0,ridge,1.7492150808122506,0.12715758515190068,1.2572541773745303,0.8784722222222222,1.7,0.0,,,,
0.9565217391304348,0.9574271077563381,0.9583333333333333,0.9997106481481481,0.004263444444444445,0.017099999999999997,ArticularyWordRecognition,0,10,24.0,11,253,guide=gpf | walk=aligned | guard,0.53,9,144,2.0,64,2.0,rf,1.7492150808122506,0.12715758515190068,1.2572541773745303,0.8784722222222222,2.9,1.0,0.0,1.0,1.26,1.26
0.9565217391304348,0.9574271077563381,0.9583333333333333,0.9959490740740741,0.0033344070538397844,0.002593290940517328,ArticularyWordRecognition,0,10,24.0,11,253,guide=gpf | walk=aligned | guard,0.53,9,144,2.0,64,2.0,ridge,1.7492150808122506,0.12715758515190068,1.2572541773745303,0.8784722222222222,2.9,1.0,0.0,1.0,1.26,1.26
0.9565217391304348,0.9574271077563381,0.9583333333333333,0.9994212962962963,0.0034451111111111115,0.015000000000000001,ArticularyWordRecognition,0,10,24.0,11,253,guide=sig | walk=aligned,0.53,9,144,2.0,64,2.0,rf,0.9835405570550826,0.07499387569319971,1.3198795049937504,0.8784722222222222,2.6,0.0,,,,
0.9565217391304348,0.9574271077563381,0.9583333333333333,0.9956597222222222,0.0033881233976973285,0.0025320978113228163,ArticularyWordRecognition,0,10,24.0,11,253,guide=sig | walk=aligned,0.53,9,144,2.0,64,2.0,ridge,0.9835405570550826,0.07499387569319971,1.3198795049937504,0.8784722222222222,2.6,0.0,,,,
0.9565217391304348,0.9574271077563381,0.9583333333333333,0.9994212962962963,0.0034451111111111115,0.015000000000000001,ArticularyWordRecognition,0,10,24.0,11,253,guide=sig | walk=aligned | guard,0.53,9,144,2.0,64,2.0,rf,0.9835405570550826,0.07499387569319971,1.3198795049937504,0.8784722222222222,3.8,1.0,0.0,1.0,1.32,1.32
0.9565217391304348,0.9574271077563381,0.9583333333333333,0.9956597222222222,0.0033881233976973285,0.0025320978113228163,ArticularyWordRecognition,0,10,24.0,11,253,guide=sig | walk=aligned | guard,0.53,9,144,2.0,64,2.0,ridge,0.9835405570550826,0.07499387569319971,1.3198795049937504,0.8784722222222222,3.8,1.0,0.0,1.0,1.32,1.32
0.8,0.816496580927726,0.8333333333333333,0.9950810185185186,0.011189407407407407,0.021177777777777778,ArticularyWordRecognition,0,20,24.0,11,253,none,0.53,9,144,1.7999999999999998,64,2.0,rf,,,,,,,,,,
0.9565217391304348,0.9574271077563381,0.9583333333333333,0.9968171296296297,0.004913958401085718,0.008279930321894988,ArticularyWordRecognition,0,20,24.0,11,253,none,0.53,9,144,1.7999999999999998,64,2.0,ridge,,,,,,,,,,
0.7368421052631579,0.7637626158259734,0.7916666666666667,0.9985532407407407,0.009631925925925926,0.014488888888888888,ArticularyWordRecognition,0,20,24.0,11,253,SMOTE-raw,0.53,9,144,1.7999999999999998,64,2.0,rf,1.6715264086689352,0.1981673383372426,0.45859244821956624,,,,,,,
0.9565217391304348,0.9574271077563381,0.9583333333333333,0.9953703703703703,0.0034552049866925765,0.00357198158059272,ArticularyWordRecognition,0,20,24.0,11,253,SMOTE-raw,0.53,9,144,1.7999999999999998,64,2.0,ridge,1.6715264086689352,0.1981673383372426,0.45859244821956624,,,,,,,
0.9565217391304348,0.9574271077563381,0.9583333333333333,0.9950810185185185,0.005659444444444444,0.01338888888888889,ArticularyWordRecognition,0,20,24.0,11,253,guide=gpf | walk=plain,0.53,9,144,1.7999999999999998,64,2.0,rf,2.3770546926146405,0.14898821577195942,1.3132187424303914,0.8784722222222222,0.5,0.0,,,,
0.9565217391304348,0.9574271077563381,0.9583333333333333,0.9965277777777778,0.0034357051006370263,0.003417463708167782,ArticularyWordRecognition,0,20,24.0,11,253,guide=gpf | walk=plain,0.53,9,144,1.7999999999999998,64,2.0,ridge,2.3770546926146405,0.14898821577195942,1.3132187424303914,0.8784722222222222,0.5,0.0,,,,
0.9565217391304348,0.9574271077563381,0.9583333333333333,0.9950810185185185,0.005659444444444444,0.01338888888888889,ArticularyWordRecognition,0,20,24.0,11,253,guide=gpf | walk=plain | guard,0.53,9,144,1.7999999999999998,64,2.0,rf,2.3770546926146405,0.14898821577195942,1.3132187424303914,0.8784722222222222,1.7,1.0,0.0,1.0,1.31,1.31
0.9565217391304348,0.9574271077563381,0.9583333333333333,0.9965277777777778,0.0034357051006370263,0.003417463708167782,ArticularyWordRecognition,0,20,24.0,11,253,guide=gpf | walk=plain | guard,0.53,9,144,1.7999999999999998,64,2.0,ridge,2.3770546926146405,0.14898821577195942,1.3132187424303914,0.8784722222222222,1.7,1.0,0.0,1.0,1.31,1.31
0.9565217391304348,0.9574271077563381,0.9583333333333333,0.9994212962962963,0.0043182222222222216,0.017155555555555556,ArticularyWordRecognition,0,20,24.0,11,253,guide=gpf | walk=aligned,0.53,9,144,1.7999999999999998,64,2.0,rf,1.9199011393958365,0.1588625309822994,0.8368311436457084,0.8784722222222222,1.7,0.0,,,,
0.9565217391304348,0.9574271077563381,0.9583333333333333,0.9959490740740741,0.003393262857898276,0.003465604608883791,ArticularyWordRecognition,0,20,24.0,11,253,guide=gpf | walk=aligned,0.53,9,144,1.7999999999999998,64,2.0,ridge,1.9199011393958365,0.1588625309822994,0.8368311436457084,0.8784722222222222,1.7,0.0,,,,
0.9565217391304348,0.9574271077563381,0.9583333333333333,0.9994212962962963,0.0043182222222222216,0.017155555555555556,ArticularyWordRecognition,0,20,24.0,11,253,guide=gpf | walk=aligned | guard,0.53,9,144,1.7999999999999998,64,2.0,rf,1.9199011393958365,0.1588625309822994,0.8368311436457084,0.8784722222222222,2.9,1.0,0.0,1.0,0.84,0.84
0.9565217391304348,0.9574271077563381,0.9583333333333333,0.9959490740740741,0.003393262857898276,0.003465604608883791,ArticularyWordRecognition,0,20,24.0,11,253,guide=gpf | walk=aligned | guard,0.53,9,144,1.7999999999999998,64,2.0,ridge,1.9199011393958365,0.1588625309822994,0.8368311436457084,0.8784722222222222,2.9,1.0,0.0,1.0,0.84,0.84
0.9565217391304348,0.9574271077563381,0.9583333333333333,0.9976851851851851,0.0041091851851851845,0.011577777777777782,ArticularyWordRecognition,0,20,24.0,11,253,guide=sig | walk=aligned,0.53,9,144,1.7999999999999998,64,2.0,rf,1.1613476153404552,0.1001331923269907,1.0737657327237098,0.8784722222222222,2.4,0.0,,,,
0.9565217391304348,0.9574271077563381,0.9583333333333333,0.9953703703703703,0.0033932934374994493,0.001966637477674827,ArticularyWordRecognition,0,20,24.0,11,253,guide=sig | walk=aligned,0.53,9,144,1.7999999999999998,64,2.0,ridge,1.1613476153404552,0.1001331923269907,1.0737657327237098,0.8784722222222222,2.4,0.0,,,,
0.9565217391304348,0.9574271077563381,0.9583333333333333,0.9976851851851851,0.0041091851851851845,0.011577777777777782,ArticularyWordRecognition,0,20,24.0,11,253,guide=sig | walk=aligned | guard,0.53,9,144,1.7999999999999998,64,2.0,rf,1.1613476153404552,0.1001331923269907,1.0737657327237098,0.8784722222222222,3.7,1.0,0.0,1.0,1.07,1.07
0.9565217391304348,0.9574271077563381,0.9583333333333333,0.9953703703703703,0.0033932934374994493,0.001966637477674827,ArticularyWordRecognition,0,20,24.0,11,253,guide=sig | walk=aligned | guard,0.53,9,144,1.7999999999999998,64,2.0,ridge,1.1613476153404552,0.1001331923269907,1.0737657327237098,0.8784722222222222,3.7,1.0,0.0,1.0,1.07,1.07
0.7368421052631579,0.7637626158259734,0.7916666666666667,0.9918981481481481,0.011562555555555555,0.022477777777777774,ArticularyWordRecognition,1,5,24.0,11,253,none,0.53,9,144,2.0,64,2.0,rf,,,,,,,,,,
0.9565217391304348,0.9574271077563381,0.9583333333333333,0.9968171296296297,0.004913958401085307,0.00827993032189421,ArticularyWordRecognition,1,5,24.0,11,253,none,0.53,9,144,2.0,64,2.0,ridge,,,,,,,,,,
0.7368421052631579,0.7637626158259734,0.7916666666666667,0.9986979166666667,0.010104962962962963,0.01657777777777778,ArticularyWordRecognition,1,5,24.0,11,253,SMOTE-raw,0.53,9,144,2.0,64,2.0,rf,1.6506265983184818,0.18854432360458961,0.510904548277905,,,,,,,
0.9565217391304348,0.9574271077563381,0.9583333333333333,0.9953703703703703,0.0034371423944781943,0.003542239409372726,ArticularyWordRecognition,1,5,24.0,11,253,SMOTE-raw,0.53,9,144,2.0,64,2.0,ridge,1.6506265983184818,0.18854432360458961,0.510904548277905,,,,,,,
0.9090909090909091,0.9128709291752769,0.9166666666666667,0.9972511574074074,0.006218851851851852,0.01521111111111111,ArticularyWordRecognition,1,5,24.0,11,253,guide=gpf | walk=plain,0.53,9,144,2.0,64,2.0,rf,2.2319644313866043,0.13100258201626547,1.6019922566717648,0.8784722222222222,0.4,0.0,,,,
0.9565217391304348,0.9574271077563381,0.9583333333333333,0.9959490740740741,0.0034679865951082883,0.0034154173404539537,ArticularyWordRecognition,1,5,24.0,11,253,guide=gpf | walk=plain,0.53,9,144,2.0,64,2.0,ridge,2.2319644313866043,0.13100258201626547,1.6019922566717648,0.8784722222222222,0.4,0.0,,,,
0.9090909090909091,0.9128709291752769,0.9166666666666667,0.9972511574074074,0.006218851851851852,0.01521111111111111,ArticularyWordRecognition,1,5,24.0,11,253,guide=gpf | walk=plain | guard,0.53,9,144,2.0,64,2.0,rf,2.2319644313866043,0.13100258201626547,1.6019922566717648,0.8784722222222222,1.6,1.0,0.0,1.0,1.6,1.6
0.9565217391304348,0.9574271077563381,0.9583333333333333,0.9959490740740741,0.0034679865951082883,0.0034154173404539537,ArticularyWordRecognition,1,5,24.0,11,253,guide=gpf | walk=plain | guard,0.53,9,144,2.0,64,2.0,ridge,2.2319644313866043,0.13100258201626547,1.6019922566717648,0.8784722222222222,1.6,1.0,0.0,1.0,1.6,1.6
0.9565217391304348,0.9574271077563381,0.9583333333333333,0.9997106481481481,0.0042033703703703695,0.017588888888888887,ArticularyWordRecognition,1,5,24.0,11,253,guide=gpf | walk=aligned,0.53,9,144,2.0,64,2.0,rf,1.8025284143724125,0.13777328283483004,1.011014925875509,0.8784722222222222,1.6,0.0,,,,
0.9565217391304348,0.9574271077563381,0.9583333333333333,0.9947916666666666,0.003443284324431902,0.00359251902152522,ArticularyWordRecognition,1,5,24.0,11,253,guide=gpf | walk=aligned,0.53,9,144,2.0,64,2.0,ridge,1.8025284143724125,0.13777328283483004,1.011014925875509,0.8784722222222222,1.6,0.0,,,,
0.9565217391304348,0.9574271077563381,0.9583333333333333,0.9997106481481481,0.0042033703703703695,0.017588888888888887,ArticularyWordRecognition,1,5,24.0,11,253,guide=gpf | walk=aligned | guard,0.53,9,144,2.0,64,2.0,rf,1.8025284143724125,0.13777328283483004,1.011014925875509,0.8784722222222222,2.9,1.0,0.0,1.0,1.01,1.01
0.9565217391304348,0.9574271077563381,0.9583333333333333,0.9947916666666666,0.003443284324431902,0.00359251902152522,ArticularyWordRecognition,1,5,24.0,11,253,guide=gpf | walk=aligned | guard,0.53,9,144,2.0,64,2.0,ridge,1.8025284143724125,0.13777328283483004,1.011014925875509,0.8784722222222222,2.9,1.0,0.0,1.0,1.01,1.01
0.9565217391304348,0.9574271077563381,0.9583333333333333,0.9995659722222222,0.003888037037037037,0.014233333333333332,ArticularyWordRecognition,1,5,24.0,11,253,guide=sig | walk=aligned,0.53,9,144,2.0,64,2.0,rf,1.039935068434568,0.08740240697372736,1.152464279137063,0.8784722222222222,2.3,0.0,,,,
0.9565217391304348,0.9574271077563381,0.9583333333333333,0.9959490740740741,0.003355044109449609,0.0027315080988417496,ArticularyWordRecognition,1,5,24.0,11,253,guide=sig | walk=aligned,0.53,9,144,2.0,64,2.0,ridge,1.039935068434568,0.08740240697372736,1.152464279137063,0.8784722222222222,2.3,0.0,,,,
0.9565217391304348,0.9574271077563381,0.9583333333333333,0.9995659722222222,0.003888037037037037,0.014233333333333332,ArticularyWordRecognition,1,5,24.0,11,253,guide=sig | walk=aligned | guard,0.53,9,144,2.0,64,2.0,rf,1.039935068434568,0.08740240697372736,1.152464279137063,0.8784722222222222,3.5,1.0,0.0,1.0,1.15,1.15
0.9565217391304348,0.9574271077563381,0.9583333333333333,0.9959490740740741,0.003355044109449609,0.0027315080988417496,ArticularyWordRecognition,1,5,24.0,11,253,guide=sig | walk=aligned | guard,0.53,9,144,2.0,64,2.0,ridge,1.039935068434568,0.08740240697372736,1.152464279137063,0.8784722222222222,3.5,1.0,0.0,1.0,1.15,1.15
0.7368421052631579,0.7637626158259734,0.7916666666666667,0.9947916666666666,0.011320555555555558,0.021455555555555554,ArticularyWordRecognition,1,10,24.0,11,253,none,0.53,9,144,2.0,64,2.0,rf,,,,,,,,,,
0.9565217391304348,0.9574271077563381,0.9583333333333333,0.9968171296296297,0.0049139584010865515,0.008279930321896561,ArticularyWordRecognition,1,10,24.0,11,253,none,0.53,9,144,2.0,64,2.0,ridge,,,,,,,,,,
0.7368421052631579,0.7637626158259734,0.7916666666666667,0.998119212962963,0.010021296296296296,0.01578888888888889,ArticularyWordRecognition,1,10,24.0,11,253,SMOTE-raw,0.53,9,144,2.0,64,2.0,rf,1.717946689826789,0.20329507835629512,0.45417169423863246,,,,,,,
0.9565217391304348,0.9574271077563381,0.9583333333333333,0.9953703703703703,0.003428939670918342,0.0035279673130976493,ArticularyWordRecognition,1,10,24.0,11,253,SMOTE-raw,0.53,9,144,2.0,64,2.0,ridge,1.717946689826789,0.20329507835629512,0.45417169423863246,,,,,,,
0.9565217391304348,0.9574271077563381,0.9583333333333333,0.9973958333333333,0.005654296296296296,0.013955555555555556,ArticularyWordRecognition,1,10,24.0,11,253,guide=gpf | walk=plain,0.53,9,144,2.0,64,2.0,rf,2.237783350693725,0.14061373412510703,1.424396542931961,0.8784722222222222,0.5,0.0,,,,
0.9565217391304348,0.9574271077563381,0.9583333333333333,0.9965277777777778,0.003385486821183179,0.0027762992660659023,ArticularyWordRecognition,1,10,24.0,11,253,guide=gpf | walk=plain,0.53,9,144,2.0,64,2.0,ridge,2.237783350693725,0.14061373412510703,1.424396542931961,0.8784722222222222,0.5,0.0,,,,
0.9565217391304348,0.9574271077563381,0.9583333333333333,0.9973958333333333,0.005654296296296296,0.013955555555555556,ArticularyWordRecognition,1,10,24.0,11,253,guide=gpf | walk=plain | guard,0.53,9,144,2.0,64,2.0,rf,2.237783350693725,0.14061373412510703,1.424396542931961,0.8784722222222222,1.8,1.0,0.0,1.0,1.42,1.42
0.9565217391304348,0.9574271077563381,0.9583333333333333,0.9965277777777778,0.003385486821183179,0.0027762992660659023,ArticularyWordRecognition,1,10,24.0,11,253,guide=gpf | walk=plain | guard,0.53,9,144,2.0,64,2.0,ridge,2.237783350693725,0.14061373412510703,1.424396542931961,0.8784722222222222,1.8,1.0,0.0,1.0,1.42,1.42
0.9565217391304348,0.9574271077563381,0.9583333333333333,0.9994212962962963,0.004250666666666667,0.017133333333333334,ArticularyWordRecognition,1,10,24.0,11,253,guide=gpf | walk=aligned,0.53,9,144,2.0,64,2.0,rf,1.800502539832923,0.14290782120380452,0.9554627745538736,0.8784722222222222,1.7,0.0,,,,
0.9565217391304348,0.9574271077563381,0.9583333333333333,0.9945023148148149,0.003400962295850074,0.0034349950408513767,ArticularyWordRecognition,1,10,24.0,11,253,guide=gpf | walk=aligned,0.53,9,144,2.0,64,2.0,ridge,1.800502539832923,0.14290782120380452,0.9554627745538736,0.8784722222222222,1.7,0.0,,,,
0.9565217391304348,0.9574271077563381,0.9583333333333333,0.9994212962962963,0.004250666666666667,0.017133333333333334,ArticularyWordRecognition,1,10,24.0,11,253,guide=gpf | walk=aligned | guard,0.53,9,144,2.0,64,2.0,rf,1.800502539832923,0.14290782120380452,0.9554627745538736,0.8784722222222222,2.9,1.0,0.0,1.0,0.96,0.96
0.9565217391304348,0.9574271077563381,0.9583333333333333,0.9945023148148149,0.003400962295850074,0.0034349950408513767,ArticularyWordRecognition,1,10,24.0,11,253,guide=gpf | walk=aligned | guard,0.53,9,144,2.0,64,2.0,ridge,1.800502539832923,0.14290782120380452,0.9554627745538736,0.8784722222222222,2.9,1.0,0.0,1.0,0.96,0.96
0.9565217391304348,0.9574271077563381,0.9583333333333333,0.9988425925925926,0.004096518518518519,0.017688888888888886,ArticularyWordRecognition,1,10,24.0,11,253,guide=sig | walk=aligned,0.53,9,144,2.0,64,2.0,rf,1.0541818863611656,0.08652368040086467,1.1982623674942028,0.8784722222222222,2.5,0.0,,,,
0.9565217391304348,0.9574271077563381,0.9583333333333333,0.994212962962963,0.0034448188432155,0.002995527074923045,ArticularyWordRecognition,1,10,24.0,11,253,guide=sig | walk=aligned,0.53,9,144,2.0,64,2.0,ridge,1.0541818863611656,0.08652368040086467,1.1982623674942028,0.8784722222222222,2.5,0.0,,,,
0.9565217391304348,0.9574271077563381,0.9583333333333333,0.9988425925925926,0.004096518518518519,0.017688888888888886,ArticularyWordRecognition,1,10,24.0,11,253,guide=sig | walk=aligned | guard,0.53,9,144,2.0,64,2.0,rf,1.0541818863611656,0.08652368040086467,1.1982623674942028,0.8784722222222222,3.7,1.0,0.0,1.0,1.2,1.2
0.9565217391304348,0.9574271077563381,0.9583333333333333,0.994212962962963,0.0034448188432155,0.002995527074923045,ArticularyWordRecognition,1,10,24.0,11,253,guide=sig | walk=aligned | guard,0.53,9,144,2.0,64,2.0,ridge,1.0541818863611656,0.08652368040086467,1.1982623674942028,0.8784722222222222,3.7,1.0,0.0,1.0,1.2,1.2
0.6666666666666666,0.7071067811865476,0.75,0.9929108796296297,0.011063259259259259,0.02084444444444444,ArticularyWordRecognition,1,20,24.0,11,253,none,0.53,9,144,2.0,64,2.0,rf,,,,,,,,,,
0.9565217391304348,0.9574271077563381,0.9583333333333333,0.9968171296296297,0.004913958401086236,0.008279930321895963,ArticularyWordRecognition,1,20,24.0,11,253,none,0.53,9,144,2.0,64,2.0,ridge,,,,,,,,,,
0.7368421052631579,0.7637626158259734,0.7916666666666667,0.997974537037037,0.010028629629629627,0.01618888888888889,ArticularyWordRecognition,1,20,24.0,11,253,SMOTE-raw,0.53,9,144,2.0,64,2.0,rf,1.8172167790237044,0.20784633428032429,0.46185041048537573,,,,,,,
0.9565217391304348,0.9574271077563381,0.9583333333333333,0.9956597222222222,0.003428195363799198,0.0035814483849414148,ArticularyWordRecognition,1,20,24.0,11,253,SMOTE-raw,0.53,9,144,2.0,64,2.0,ridge,1.8172167790237044,0.20784633428032429,0.46185041048537573,,,,,,,
0.9090909090909091,0.9128709291752769,0.9166666666666667,0.9985532407407407,0.005967407407407407,0.015511111111111111,ArticularyWordRecognition,1,20,24.0,11,253,guide=gpf | walk=plain,0.53,9,144,2.0,64,2.0,rf,2.1566089722602637,0.12688435813846954,1.5560468652882207,0.8784722222222222,0.5,0.0,,,,
0.9565217391304348,0.9574271077563381,0.9583333333333333,0.9959490740740741,0.003446373018889781,0.003235392950662083,ArticularyWordRecognition,1,20,24.0,11,253,guide=gpf | walk=plain,0.53,9,144,2.0,64,2.0,ridge,2.1566089722602637,0.12688435813846954,1.5560468652882207,0.8784722222222222,0.5,0.0,,,,
0.9090909090909091,0.9128709291752769,0.9166666666666667,0.9985532407407407,0.005967407407407407,0.015511111111111111,ArticularyWordRecognition,1,20,24.0,11,253,guide=gpf | walk=plain | guard,0.53,9,144,2.0,64,2.0,rf,2.1566089722602637,0.12688435813846954,1.5560468652882207,0.8784722222222222,1.7,1.0,0.0,1.0,1.56,1.56
0.9565217391304348,0.9574271077563381,0.9583333333333333,0.9959490740740741,0.003446373018889781,0.003235392950662083,ArticularyWordRecognition,1,20,24.0,11,253,guide=gpf | walk=plain | guard,0.53,9,144,2.0,64,2.0,ridge,2.1566089722602637,0.12688435813846954,1.5560468652882207,0.8784722222222222,1.7,1.0,0.0,1.0,1.56,1.56
0.9565217391304348,0.9574271077563381,0.9583333333333333,0.9949363425925926,0.00508462962962963,0.014522222222222225,ArticularyWordRecognition,1,20,24.0,11,253,guide=gpf | walk=aligned,0.53,9,144,2.0,64,2.0,rf,1.708565406237316,0.12721994753606436,1.0544081803449699,0.8784722222222222,1.8,0.0,,,,
0.9565217391304348,0.9574271077563381,0.9583333333333333,0.9950810185185185,0.0033933617577612536,0.0028594162392820126,ArticularyWordRecognition,1,20,24.0,11,253,guide=gpf | walk=aligned,0.53,9,144,2.0,64,2.0,ridge,1.708565406237316,0.12721994753606436,1.0544081803449699,0.8784722222222222,1.8,0.0,,,,
0.9565217391304348,0.9574271077563381,0.9583333333333333,0.9949363425925926,0.00508462962962963,0.014522222222222225,ArticularyWordRecognition,1,20,24.0,11,253,guide=gpf | walk=aligned | guard,0.53,9,144,2.0,64,2.0,rf,1.708565406237316,0.12721994753606436,1.0544081803449699,0.8784722222222222,2.9,1.0,0.0,1.0,1.05,1.05
0.9565217391304348,0.9574271077563381,0.9583333333333333,0.9950810185185185,0.0033933617577612536,0.0028594162392820126,ArticularyWordRecognition,1,20,24.0,11,253,guide=gpf | walk=aligned | guard,0.53,9,144,2.0,64,2.0,ridge,1.708565406237316,0.12721994753606436,1.0544081803449699,0.8784722222222222,2.9,1.0,0.0,1.0,1.05,1.05
0.9565217391304348,0.9574271077563381,0.9583333333333333,0.9986979166666666,0.004131111111111112,0.017244444444444448,ArticularyWordRecognition,1,20,24.0,11,253,guide=sig | walk=aligned,0.53,9,144,2.0,64,2.0,rf,1.05167436076038,0.08935000684925853,1.0982058579229605,0.8784722222222222,2.4,0.0,,,,
0.9565217391304348,0.9574271077563381,0.9583333333333333,0.9945023148148149,0.0033962892113524826,0.0027076435570559626,ArticularyWordRecognition,1,20,24.0,11,253,guide=sig | walk=aligned,0.53,9,144,2.0,64,2.0,ridge,1.05167436076038,0.08935000684925853,1.0982058579229605,0.8784722222222222,2.4,0.0,,,,
0.9565217391304348,0.9574271077563381,0.9583333333333333,0.9986979166666666,0.004131111111111112,0.017244444444444448,ArticularyWordRecognition,1,20,24.0,11,253,guide=sig | walk=aligned | guard,0.53,9,144,2.0,64,2.0,rf,1.05167436076038,0.08935000684925853,1.0982058579229605,0.8784722222222222,3.6,1.0,0.0,1.0,1.1,1.1
0.9565217391304348,0.9574271077563381,0.9583333333333333,0.9945023148148149,0.0033962892113524826,0.0027076435570559626,ArticularyWordRecognition,1,20,24.0,11,253,guide=sig | walk=aligned | guard,0.53,9,144,2.0,64,2.0,ridge,1.05167436076038,0.08935000684925853,1.0982058579229605,0.8784722222222222,3.6,1.0,0.0,1.0,1.1,1.1
0.6666666666666666,0.7071067811865476,0.75,0.994068287037037,0.011741703703703704,0.02157777777777778,ArticularyWordRecognition,2,5,24.0,11,253,none,0.53,9,144,2.0,64,2.0,rf,,,,,,,,,,
0.9565217391304348,0.9574271077563381,0.9583333333333333,0.9968171296296297,0.004913958401086668,0.008279930321896778,ArticularyWordRecognition,2,5,24.0,11,253,none,0.53,9,144,2.0,64,2.0,ridge,,,,,,,,,,
0.7368421052631579,0.7637626158259734,0.7916666666666667,0.9971064814814814,0.010088740740740742,0.015444444444444448,ArticularyWordRecognition,2,5,24.0,11,253,SMOTE-raw,0.53,9,144,2.0,64,2.0,rf,1.757856016758879,0.20859130086072453,0.44373104210718556,,,,,,,
0.9565217391304348,0.9574271077563381,0.9583333333333333,0.9953703703703703,0.0034453569388904403,0.003595220380112181,ArticularyWordRecognition,2,5,24.0,11,253,SMOTE-raw,0.53,9,144,2.0,64,2.0,ridge,1.757856016758879,0.20859130086072453,0.44373104210718556,,,,,,,
0.9090909090909091,0.9128709291752769,0.9166666666666667,0.997974537037037,0.006145370370370371,0.014166666666666666,ArticularyWordRecognition,2,5,24.0,11,253,guide=gpf | walk=plain,0.53,9,144,2.0,64,2.0,rf,2.4352077996868005,0.1414846389329788,1.6429772518132162,0.8784722222222222,0.6,0.0,,,,
0.9565217391304348,0.9574271077563381,0.9583333333333333,0.9956597222222222,0.0035201597659335173,0.003679845465282248,ArticularyWordRecognition,2,5,24.0,11,253,guide=gpf | walk=plain,0.53,9,144,2.0,64,2.0,ridge,2.4352077996868005,0.1414846389329788,1.6429772518132162,0.8784722222222222,0.6,0.0,,,,
0.9090909090909091,0.9128709291752769,0.9166666666666667,0.997974537037037,0.006145370370370371,0.014166666666666666,ArticularyWordRecognition,2,5,24.0,11,253,guide=gpf | walk=plain | guard,0.53,9,144,2.0,64,2.0,rf,2.4352077996868005,0.1414846389329788,1.6429772518132162,0.8784722222222222,1.8,1.0,0.0,1.0,1.64,1.64
0.9565217391304348,0.9574271077563381,0.9583333333333333,0.9956597222222222,0.0035201597659335173,0.003679845465282248,ArticularyWordRecognition,2,5,24.0,11,253,guide=gpf | walk=plain | guard,0.53,9,144,2.0,64,2.0,ridge,2.4352077996868005,0.1414846389329788,1.6429772518132162,0.8784722222222222,1.8,1.0,0.0,1.0,1.64,1.64
0.9090909090909091,0.9128709291752769,0.9166666666666667,0.9921875,0.005285740740740741,0.014966666666666666,ArticularyWordRecognition,2,5,24.0,11,253,guide=gpf | walk=aligned,0.53,9,144,2.0,64,2.0,rf,1.7933332831202122,0.1310293098462466,1.109965837335279,0.8784722222222222,1.7,0.0,,,,
0.9565217391304348,0.9574271077563381,0.9583333333333333,0.9916087962962963,0.0035808072254776358,0.004071163732000581,ArticularyWordRecognition,2,5,24.0,11,253,guide=gpf | walk=aligned,0.53,9,144,2.0,64,2.0,ridge,1.7933332831202122,0.1310293098462466,1.109965837335279,0.8784722222222222,1.7,0.0,,,,
0.9090909090909091,0.9128709291752769,0.9166666666666667,0.9921875,0.005285740740740741,0.014966666666666666,ArticularyWordRecognition,2,5,24.0,11,253,guide=gpf | walk=aligned | guard,0.53,9,144,2.0,64,2.0,rf,1.7933332831202122,0.1310293098462466,1.109965837335279,0.8784722222222222,2.9,1.0,0.0,1.0,1.11,1.11
0.9565217391304348,0.9574271077563381,0.9583333333333333,0.9916087962962963,0.0035808072254776358,0.004071163732000581,ArticularyWordRecognition,2,5,24.0,11,253,guide=gpf | walk=aligned | guard,0.53,9,144,2.0,64,2.0,ridge,1.7933332831202122,0.1310293098462466,1.109965837335279,0.8784722222222222,2.9,1.0,0.0,1.0,1.11,1.11
0.9565217391304348,0.9574271077563381,0.9583333333333333,0.9994212962962963,0.003640555555555555,0.015455555555555557,ArticularyWordRecognition,2,5,24.0,11,253,guide=sig | walk=aligned,0.53,9,144,2.0,64,2.0,rf,1.0020189542111257,0.07663992709184075,1.2753462401267737,0.8784722222222222,2.4,0.0,,,,
0.9565217391304348,0.9574271077563381,0.9583333333333333,0.9953703703703703,0.0033970435715330576,0.0025600573252361233,ArticularyWordRecognition,2,5,24.0,11,253,guide=sig | walk=aligned,0.53,9,144,2.0,64,2.0,ridge,1.0020189542111257,0.07663992709184075,1.2753462401267737,0.8784722222222222,2.4,0.0,,,,
0.9565217391304348,0.9574271077563381,0.9583333333333333,0.9994212962962963,0.003640555555555555,0.015455555555555557,ArticularyWordRecognition,2,5,24.0,11,253,guide=sig | walk=aligned | guard,0.53,9,144,2.0,64,2.0,rf,1.0020189542111257,0.07663992709184075,1.2753462401267737,0.8784722222222222,3.7,1.0,0.0,1.0,1.28,1.28
0.9565217391304348,0.9574271077563381,0.9583333333333333,0.9953703703703703,0.0033970435715330576,0.0025600573252361233,ArticularyWordRecognition,2,5,24.0,11,253,guide=sig | walk=aligned | guard,0.53,9,144,2.0,64,2.0,ridge,1.0020189542111257,0.07663992709184075,1.2753462401267737,0.8784722222222222,3.7,1.0,0.0,1.0,1.28,1.28
0.8,0.816496580927726,0.8333333333333333,0.9959490740740741,0.010276925925925927,0.019811111111111113,ArticularyWordRecognition,2,10,24.0,11,253,none,0.53,9,144,2.0,64,2.0,rf,,,,,,,,,,
0.9565217391304348,0.9574271077563381,0.9583333333333333,0.9968171296296297,0.004913958401086344,0.008279930321896166,ArticularyWordRecognition,2,10,24.0,11,253,none,0.53,9,144,2.0,64,2.0,ridge,,,,,,,,,,
0.7368421052631579,0.7637626158259734,0.7916666666666667,0.9963831018518517,0.009910629629629629,0.014966666666666672,ArticularyWordRecognition,2,10,24.0,11,253,SMOTE-raw,0.53,9,144,2.0,64,2.0,rf,1.640679038457069,0.19280786628350005,0.4908946517821819,,,,,,,
0.9565217391304348,0.9574271077563381,0.9583333333333333,0.9953703703703703,0.003430163391570759,0.0035126951209880214,ArticularyWordRecognition,2,10,24.0,11,253,SMOTE-raw,0.53,9,144,2.0,64,2.0,ridge,1.640679038457069,0.19280786628350005,0.4908946517821819,,,,,,,
0.9090909090909091,0.9128709291752769,0.9166666666666667,0.9984085648148148,0.005998777777777777,0.0137,ArticularyWordRecognition,2,10,24.0,11,253,guide=gpf | walk=plain,0.53,9,144,2.0,64,2.0,rf,2.5926036038247844,0.1408610270385351,1.8941808151029857,0.8784722222222222,0.5,0.0,,,,
0.9565217391304348,0.9574271077563381,0.9583333333333333,0.9956597222222222,0.003476633980994771,0.003512745431517218,ArticularyWordRecognition,2,10,24.0,11,253,guide=gpf | walk=plain,0.53,9,144,2.0,64,2.0,ridge,2.5926036038247844,0.1408610270385351,1.8941808151029857,0.8784722222222222,0.5,0.0,,,,
0.9090909090909091,0.9128709291752769,0.9166666666666667,0.9984085648148148,0.005998777777777777,0.0137,ArticularyWordRecognition,2,10,24.0,11,253,guide=gpf | walk=plain | guard,0.53,9,144,2.0,64,2.0,rf,2.5926036038247844,0.1408610270385351,1.8941808151029857,0.8784722222222222,1.7,1.0,0.0,1.0,1.89,1.89
0.9565217391304348,0.9574271077563381,0.9583333333333333,0.9956597222222222,0.003476633980994771,0.003512745431517218,ArticularyWordRecognition,2,10,24.0,11,253,guide=gpf | walk=plain | guard,0.53,9,144,2.0,64,2.0,ridge,2.5926036038247844,0.1408610270385351,1.8941808151029857,0.8784722222222222,1.7,1.0,0.0,1.0,1.89,1.89
0.9565217391304348,0.9574271077563381,0.9583333333333333,0.9986979166666667,0.004752629629629629,0.014011111111111108,ArticularyWordRecognition,2,10,24.0,11,253,guide=gpf | walk=aligned,0.53,9,144,2.0,64,2.0,rf,1.811557700702405,0.1297845839059788,1.1412900621853,0.8784722222222222,1.6,0.0,,,,
0.9565217391304348,0.9574271077563381,0.9583333333333333,0.994212962962963,0.003438084779323958,0.0036415987579378074,ArticularyWordRecognition,2,10,24.0,11,253,guide=gpf | walk=aligned,0.53,9,144,2.0,64,2.0,ridge,1.811557700702405,0.1297845839059788,1.1412900621853,0.8784722222222222,1.6,0.0,,,,
0.9565217391304348,0.9574271077563381,0.9583333333333333,0.9986979166666667,0.004752629629629629,0.014011111111111108,ArticularyWordRecognition,2,10,24.0,11,253,guide=gpf | walk=aligned | guard,0.53,9,144,2.0,64,2.0,rf,1.811557700702405,0.1297845839059788,1.1412900621853,0.8784722222222222,2.8,1.0,0.0,1.0,1.14,1.14
0.9565217391304348,0.9574271077563381,0.9583333333333333,0.994212962962963,0.003438084779323958,0.0036415987579378074,ArticularyWordRecognition,2,10,24.0,11,253,guide=gpf | walk=aligned | guard,0.53,9,144,2.0,64,2.0,ridge,1.811557700702405,0.1297845839059788,1.1412900621853,0.8784722222222222,2.8,1.0,0.0,1.0,1.14,1.14
0.9565217391304348,0.9574271077563381,0.9583333333333333,0.9997106481481481,0.00351062962962963,0.014255555555555558,ArticularyWordRecognition,2,10,24.0,11,253,guide=sig | walk=aligned,0.53,9,144,2.0,64,2.0,rf,0.9730825481689198,0.07471584508453866,1.5124849427272404,0.790625,2.6,0.0,,,,
0.9565217391304348,0.9574271077563381,0.9583333333333333,0.9939236111111112,0.0033817450622668937,0.001841351415045457,ArticularyWordRecognition,2,10,24.0,11,253,guide=sig | walk=aligned,0.53,9,144,2.0,64,2.0,ridge,0.9730825481689198,0.07471584508453866,1.5124849427272404,0.790625,2.6,0.0,,,,
0.9565217391304348,0.9574271077563381,0.9583333333333333,0.9997106481481481,0.00351062962962963,0.014255555555555558,ArticularyWordRecognition,2,10,24.0,11,253,guide=sig | walk=aligned | guard,0.53,9,144,2.0,64,2.0,rf,0.9730825481689198,0.07471584508453866,1.5124849427272404,0.790625,3.8,1.0,0.0,1.0,1.51,1.51
0.9565217391304348,0.9574271077563381,0.9583333333333333,0.9939236111111112,0.0033817450622668937,0.001841351415045457,ArticularyWordRecognition,2,10,24.0,11,253,guide=sig | walk=aligned | guard,0.53,9,144,2.0,64,2.0,ridge,0.9730825481689198,0.07471584508453866,1.5124849427272404,0.790625,3.8,1.0,0.0,1.0,1.51,1.51
0.6666666666666666,0.7071067811865476,0.75,0.9946469907407407,0.011190888888888889,0.020955555555555554,ArticularyWordRecognition,2,20,24.0,11,253,none,0.53,9,144,2.0,64,2.0,rf,,,,,,,,,,
0.9565217391304348,0.9574271077563381,0.9583333333333333,0.9968171296296297,0.00491395840108643,0.008279930321896334,ArticularyWordRecognition,2,20,24.0,11,253,none,0.53,9,144,2.0,64,2.0,ridge,,,,,,,,,,
0.7368421052631579,0.7637626158259734,0.7916666666666667,0.9973958333333334,0.009583111111111112,0.014955555555555557,ArticularyWordRecognition,2,20,24.0,11,253,SMOTE-raw,0.53,9,144,2.0,64,2.0,rf,1.6665295566369203,0.19919108242786698,0.4615646671911738,,,,,,,
0.9565217391304348,0.9574271077563381,0.9583333333333333,0.9953703703703703,0.0034428678835633593,0.0035397422995496128,ArticularyWordRecognition,2,20,24.0,11,253,SMOTE-raw,0.53,9,144,2.0,64,2.0,ridge,1.6665295566369203,0.19919108242786698,0.4615646671911738,,,,,,,
0.9090909090909091,0.9128709291752769,0.9166666666666667,0.9994212962962963,0.0056169629629629625,0.013577777777777779,ArticularyWordRecognition,2,20,24.0,11,253,guide=gpf | walk=plain,0.53,9,144,2.0,64,2.0,rf,2.314569242907133,0.13067724022569593,1.7759252770200242,0.8784722222222222,0.5,0.0,,,,
0.9565217391304348,0.9574271077563381,0.9583333333333333,0.9962384259259259,0.003443800037574388,0.003509736814915106,ArticularyWordRecognition,2,20,24.0,11,253,guide=gpf | walk=plain,0.53,9,144,2.0,64,2.0,ridge,2.314569242907133,0.13067724022569593,1.7759252770200242,0.8784722222222222,0.5,0.0,,,,
0.9090909090909091,0.9128709291752769,0.9166666666666667,0.9994212962962963,0.0056169629629629625,0.013577777777777779,ArticularyWordRecognition,2,20,24.0,11,253,guide=gpf | walk=plain | guard,0.53,9,144,2.0,64,2.0,rf,2.314569242907133,0.13067724022569593,1.7759252770200242,0.8784722222222222,1.7,1.0,0.0,1.0,1.78,1.78
0.9565217391304348,0.9574271077563381,0.9583333333333333,0.9962384259259259,0.003443800037574388,0.003509736814915106,ArticularyWordRecognition,2,20,24.0,11,253,guide=gpf | walk=plain | guard,0.53,9,144,2.0,64,2.0,ridge,2.314569242907133,0.13067724022569593,1.7759252770200242,0.8784722222222222,1.7,1.0,0.0,1.0,1.78,1.78
0.9565217391304348,0.9574271077563381,0.9583333333333333,0.9991319444444444,0.004408000000000001,0.017666666666666667,ArticularyWordRecognition,2,20,24.0,11,253,guide=gpf | walk=aligned,0.53,9,144,2.0,64,2.0,rf,1.67437597007965,0.12068067110305569,1.2364070420340874,0.8784722222222222,1.6,0.0,,,,
0.9565217391304348,0.9574271077563381,0.9583333333333333,0.9945023148148149,0.003367514440109909,0.0024298644518246882,ArticularyWordRecognition,2,20,24.0,11,253,guide=gpf | walk=aligned,0.53,9,144,2.0,64,2.0,ridge,1.67437597007965,0.12068067110305569,1.2364070420340874,0.8784722222222222,1.6,0.0,,,,
0.9565217391304348,0.9574271077563381,0.9583333333333333,0.9991319444444444,0.004408000000000001,0.017666666666666667,ArticularyWordRecognition,2,20,24.0,11,253,guide=gpf | walk=aligned | guard,0.53,9,144,2.0,64,2.0,rf,1.67437597007965,0.12068067110305569,1.2364070420340874,0.8784722222222222,2.7,1.0,0.0,1.0,1.24,1.24
0.9565217391304348,0.9574271077563381,0.9583333333333333,0.9945023148148149,0.003367514440109909,0.0024298644518246882,ArticularyWordRecognition,2,20,24.0,11,253,guide=gpf | walk=aligned | guard,0.53,9,144,2.0,64,2.0,ridge,1.67437597007965,0.12068067110305569,1.2364070420340874,0.8784722222222222,2.7,1.0,0.0,1.0,1.24,1.24
0.9565217391304348,0.9574271077563381,0.9583333333333333,0.9992766203703703,0.003845925925925926,0.01682222222222222,ArticularyWordRecognition,2,20,24.0,11,253,guide=sig | walk=aligned,0.53,9,144,2.0,64,2.0,rf,0.9663287452501663,0.07125106448703067,1.6578270841614549,0.8784722222222222,2.4,0.0,,,,
0.9565217391304348,0.9574271077563381,0.9583333333333333,0.9947916666666666,0.0033984090828311124,0.0017843497451553553,ArticularyWordRecognition,2,20,24.0,11,253,guide=sig | walk=aligned,0.53,9,144,2.0,64,2.0,ridge,0.9663287452501663,0.07125106448703067,1.6578270841614549,0.8784722222222222,2.4,0.0,,,,
0.9565217391304348,0.9574271077563381,0.9583333333333333,0.9992766203703703,0.003845925925925926,0.01682222222222222,ArticularyWordRecognition,2,20,24.0,11,253,guide=sig | walk=aligned | guard,0.53,9,144,2.0,64,2.0,rf,0.9663287452501663,0.07125106448703067,1.6578270841614549,0.8784722222222222,3.6,1.0,0.0,1.0,1.66,1.66
0.9565217391304348,0.9574271077563381,0.9583333333333333,0.9947916666666666,0.0033984090828311124,0.0017843497451553553,ArticularyWordRecognition,2,20,24.0,11,253,guide=sig | walk=aligned | guard,0.53,9,144,2.0,64,2.0,ridge,0.9663287452501663,0.07125106448703067,1.6578270841614549,0.8784722222222222,3.6,1.0,0.0,1.0,1.66,1.66
0.9723756906077348,0.9727469142278401,0.9731182795698925,0.9999199353077286,0.003036397400185701,0.0072330547818012965,CharacterTrajectories,0,5,14.3,93,1236,none,0.828,3,182,1.7999999999999998,64,2.0,rf,,,,,,,,,,
0.9837837837837838,0.9888205271717637,0.9888750110088952,0.9999199353077286,0.001378076402025451,0.0023276160981901117,CharacterTrajectories,0,5,14.3,93,1236,none,0.828,3,182,1.7999999999999998,64,2.0,ridge,,,,,,,,,,
0.978021978021978,0.9782582722940951,0.978494623655914,0.9998758997269794,0.002247237697307335,0.005169452181987,CharacterTrajectories,0,5,14.3,93,1236,SMOTE-raw,0.828,3,182,1.7999999999999998,64,2.0,rf,0.18423807143880655,0.02829596970545034,0.7233828947350119,,,,,,,
0.9787234042553191,0.993497622705393,0.9935067534567931,0.9999119288385014,0.0020457366702434352,0.0024756199716863066,CharacterTrajectories,0,5,14.3,93,1236,SMOTE-raw,0.828,3,182,1.7999999999999998,64,2.0,ridge,0.18423807143880655,0.02829596970545034,0.7233828947350119,,,,,,,
0.9891304347826086,0.9891888715790903,0.989247311827957,0.9998078447385487,0.0020795496750232127,0.005564066852367689,CharacterTrajectories,0,5,14.3,93,1236,guide=gpf | walk=plain,0.828,3,182,1.7999999999999998,64,2.0,rf,0.2136995923237155,0.03024320423136828,0.8092291334593115,0.9903846153846154,0.5,0.0,,,,
0.983957219251337,0.9938682616374084,0.9938790542758549,0.9999039223692743,0.001760740011934867,0.0024353287499584726,CharacterTrajectories,0,5,14.3,93,1236,guide=gpf | walk=plain,0.828,3,182,1.7999999999999998,64,2.0,ridge,0.2136995923237155,0.03024320423136828,0.8092291334593115,0.9903846153846154,0.5,0.0,,,,
0.9891304347826086,0.9891888715790903,0.989247311827957,0.9998078447385487,0.0020795496750232127,0.005564066852367689,CharacterTrajectories,0,5,14.3,93,1236,guide=gpf | walk=plain | guard,0.828,3,182,1.7999999999999998,64,2.0,rf,0.2136995923237155,0.03024320423136828,0.8092291334593115,0.9903846153846154,2.5,1.0,0.0,1.0,0.81,0.81
0.983957219251337,0.9938682616374084,0.9938790542758549,0.9999039223692743,0.001760740011934867,0.0024353287499584726,CharacterTrajectories,0,5,14.3,93,1236,guide=gpf | walk=plain | guard,0.828,3,182,1.7999999999999998,64,2.0,ridge,0.2136995923237155,0.03024320423136828,0.8092291334593115,0.9903846153846154,2.5,1.0,0.0,1.0,0.81,0.81
0.9836065573770492,0.9837387536759294,0.9838709677419355,0.999851880319298,0.002084014237078304,0.005728876508820796,CharacterTrajectories,0,5,14.3,93,1236,guide=gpf | walk=aligned,0.828,3,182,1.7999999999999998,64,2.0,rf,0.1386654863726191,0.017505844346098143,0.8916136559777991,0.9903846153846154,4.0,0.0,,,,
0.983957219251337,0.9938682616374084,0.9938790542758549,0.9998959159000472,0.0017793015844149043,0.0022910740689589867,CharacterTrajectories,0,5,14.3,93,1236,guide=gpf | walk=aligned,0.828,3,182,1.7999999999999998,64,2.0,ridge,0.1386654863726191,0.017505844346098143,0.8916136559777991,0.9903846153846154,4.0,0.0,,,,
0.9836065573770492,0.9837387536759294,0.9838709677419355,0.999851880319298,0.002084014237078304,0.005728876508820796,CharacterTrajectories,0,5,14.3,93,1236,guide=gpf | walk=aligned | guard,0.828,3,182,1.7999999999999998,64,2.0,rf,0.1386654863726191,0.017505844346098143,0.8916136559777991,0.9903846153846154,6.1,1.0,0.0,1.0,0.89,0.89
0.983957219251337,0.9938682616374084,0.9938790542758549,0.9998959159000472,0.0017793015844149043,0.0022910740689589867,CharacterTrajectories,0,5,14.3,93,1236,guide=gpf | walk=aligned | guard,0.828,3,182,1.7999999999999998,64,2.0,ridge,0.1386654863726191,0.017505844346098143,0.8916136559777991,0.9903846153846154,6.1,1.0,0.0,1.0,0.89,0.89
0.9891304347826086,0.9891888715790903,0.989247311827957,0.9997718156270267,0.002183588672237697,0.005893686165273908,CharacterTrajectories,0,5,14.3,93,1236,guide=sig | walk=aligned,0.828,3,182,1.7999999999999998,64,2.0,rf,0.1337047771669626,0.015211167902199896,1.0363341771959593,0.9903846153846154,4.6,0.0,,,,
0.989247311827957,0.9942387624001895,0.9942513550949167,0.9998398706154573,0.0015342237374779265,0.0025783801847213926,CharacterTrajectories,0,5,14.3,93,1236,guide=sig | walk=aligned,0.828,3,182,1.7999999999999998,64,2.0,ridge,0.1337047771669626,0.015211167902199896,1.0363341771959593,0.9903846153846154,4.6,0.0,,,,
0.9891304347826086,0.9891888715790903,0.989247311827957,0.9997718156270267,0.002183588672237697,0.005893686165273908,CharacterTrajectories,0,5,14.3,93,1236,guide=sig | walk=aligned | guard,0.828,3,182,1.7999999999999998,64,2.0,rf,0.1337047771669626,0.015211167902199896,1.0363341771959593,0.9903846153846154,6.6,1.0,0.0,1.0,1.04,1.04
0.989247311827957,0.9942387624001895,0.9942513550949167,0.9998398706154573,0.0015342237374779265,0.0025783801847213926,CharacterTrajectories,0,5,14.3,93,1236,guide=sig | walk=aligned | guard,0.828,3,182,1.7999999999999998,64,2.0,ridge,0.1337047771669626,0.015211167902199896,1.0363341771959593,0.9903846153846154,6.6,1.0,0.0,1.0,1.04,1.04
0.9723756906077348,0.9727469142278401,0.9731182795698925,0.9999119288385014,0.0030445218198700097,0.007056638811513453,CharacterTrajectories,0,10,14.3,93,1236,none,0.828,3,182,1.7999999999999998,64,2.0,rf,,,,,,,,,,
0.9837837837837838,0.9888205271717637,0.9888750110088952,0.9999199353077286,0.0013780764020254526,0.002327616098190096,CharacterTrajectories,0,10,14.3,93,1236,none,0.828,3,182,1.7999999999999998,64,2.0,ridge,,,,,,,,,,
0.978021978021978,0.9782582722940951,0.978494623655914,0.9998558835539115,0.002235051067780873,0.005752089136490249,CharacterTrajectories,0,10,14.3,93,1236,SMOTE-raw,0.828,3,182,1.7999999999999998,64,2.0,rf,0.20453281557182024,0.03294775484116286,0.6840349334659339,,,,,,,
0.9787234042553191,0.993497622705393,0.9935067534567931,0.9999039223692743,0.0019337918071179933,0.0023472523162361247,CharacterTrajectories,0,10,14.3,93,1236,SMOTE-raw,0.828,3,182,1.7999999999999998,64,2.0,ridge,0.20453281557182024,0.03294775484116286,0.6840349334659339,,,,,,,
0.9836065573770492,0.9837387536759294,0.9838709677419355,0.9998198544423894,0.002185027855153203,0.005735840297121628,CharacterTrajectories,0,10,14.3,93,1236,guide=gpf | walk=plain,0.828,3,182,1.7999999999999998,64,2.0,rf,0.1929596805624625,0.02562219259285159,0.850606055735988,0.9903846153846154,0.6,0.0,,,,
0.983957219251337,0.9938682616374084,0.9938790542758549,0.9999039223692743,0.0018520852127180054,0.0022462596775170186,CharacterTrajectories,0,10,14.3,93,1236,guide=gpf | walk=plain,0.828,3,182,1.7999999999999998,64,2.0,ridge,0.1929596805624625,0.02562219259285159,0.850606055735988,0.9903846153846154,0.6,0.0,,,,
0.9836065573770492,0.9837387536759294,0.9838709677419355,0.9998198544423894,0.002185027855153203,0.005735840297121628,CharacterTrajectories,0,10,14.3,93,1236,guide=gpf | walk=plain | guard,0.828,3,182,1.7999999999999998,64,2.0,rf,0.1929596805624625,0.02562219259285159,0.850606055735988,0.9903846153846154,2.6,1.0,0.0,1.0,0.85,0.85
0.983957219251337,0.9938682616374084,0.9938790542758549,0.9999039223692743,0.0018520852127180054,0.0022462596775170186,CharacterTrajectories,0,10,14.3,93,1236,guide=gpf | walk=plain | guard,0.828,3,182,1.7999999999999998,64,2.0,ridge,0.1929596805624625,0.02562219259285159,0.850606055735988,0.9903846153846154,2.6,1.0,0.0,1.0,0.85,0.85
0.9891304347826086,0.9891888715790903,0.989247311827957,0.9997998382693216,0.0021294413494274216,0.005972609099350047,CharacterTrajectories,0,10,14.3,93,1236,guide=gpf | walk=aligned,0.828,3,182,1.7999999999999998,64,2.0,rf,0.12995923581452207,0.016053796483013083,0.9164441057222698,0.9903846153846154,3.9,0.0,,,,
0.983957219251337,0.9938682616374084,0.9938790542758549,0.9999039223692744,0.0018082258302700423,0.002316451780261234,CharacterTrajectories,0,10,14.3,93,1236,guide=gpf | walk=aligned,0.828,3,182,1.7999999999999998,64,2.0,ridge,0.12995923581452207,0.016053796483013083,0.9164441057222698,0.9903846153846154,3.9,0.0,,,,
0.9891304347826086,0.9891888715790903,0.989247311827957,0.9997998382693216,0.0021294413494274216,0.005972609099350047,CharacterTrajectories,0,10,14.3,93,1236,guide=gpf | walk=aligned | guard,0.828,3,182,1.7999999999999998,64,2.0,rf,0.12995923581452207,0.016053796483013083,0.9164441057222698,0.9903846153846154,5.9,1.0,0.0,1.0,0.92,0.92
0.983957219251337,0.9938682616374084,0.9938790542758549,0.9999039223692744,0.0018082258302700423,0.002316451780261234,CharacterTrajectories,0,10,14.3,93,1236,guide=gpf | walk=aligned | guard,0.828,3,182,1.7999999999999998,64,2.0,ridge,0.12995923581452207,0.016053796483013083,0.9164441057222698,0.9903846153846154,5.9,1.0,0.0,1.0,0.92,0.92
0.9891304347826086,0.9891888715790903,0.989247311827957,0.9997718156270267,0.0021980965645311047,0.0063927576601671265,CharacterTrajectories,0,10,14.3,93,1236,guide=sig | walk=aligned,0.828,3,182,1.7999999999999998,64,2.0,rf,0.12745356368489524,0.014595804914220523,1.0547644457808292,0.9903846153846154,4.6,0.0,,,,
0.989247311827957,0.9942387624001895,0.9942513550949167,0.9998318641462302,0.0016479534270304255,0.0026734039662126064,CharacterTrajectories,0,10,14.3,93,1236,guide=sig | walk=aligned,0.828,3,182,1.7999999999999998,64,2.0,ridge,0.12745356368489524,0.014595804914220523,1.0547644457808292,0.9903846153846154,4.6,0.0,,,,
0.9891304347826086,0.9891888715790903,0.989247311827957,0.9997718156270267,0.0021980965645311047,0.0063927576601671265,CharacterTrajectories,0,10,14.3,93,1236,guide=sig | walk=aligned | guard,0.828,3,182,1.7999999999999998,64,2.0,rf,0.12745356368489524,0.014595804914220523,1.0547644457808292,0.9903846153846154,6.7,1.0,0.0,1.0,1.05,1.05
0.989247311827957,0.9942387624001895,0.9942513550949167,0.9998318641462302,0.0016479534270304255,0.0026734039662126064,CharacterTrajectories,0,10,14.3,93,1236,guide=sig | walk=aligned | guard,0.828,3,182,1.7999999999999998,64,2.0,ridge,0.12745356368489524,0.014595804914220523,1.0547644457808292,0.9903846153846154,6.7,1.0,0.0,1.0,1.05,1.05
0.9666666666666667,0.9672041516493516,0.967741935483871,0.9999039223692744,0.0034597802537913963,0.008314763231197767,CharacterTrajectories,0,20,20.1,66,1263,none,0.828,3,182,1.7999999999999998,64,2.0,rf,,,,,,,,,,
0.989247311827957,0.9942387624001895,0.9942513550949167,0.9999439547154101,0.0013213289040184177,0.0016996682057592329,CharacterTrajectories,0,20,20.1,66,1263,none,0.828,3,182,1.7999999999999998,64,2.0,ridge,,,,,,,,,,
0.9666666666666667,0.9672041516493516,0.967741935483871,0.9998398706154574,0.002579766326214794,0.00597725162488394,CharacterTrajectories,0,20,20.1,66,1263,SMOTE-raw,0.828,3,182,1.7999999999999998,64,2.0,rf,0.255933560650603,0.040074455180759805,0.6826200239300815,,,,,,,
0.983957219251337,0.9938682616374084,0.9938790542758549,0.9999359482461829,0.0019032160577697795,0.003252157089369516,CharacterTrajectories,0,20,20.1,66,1263,SMOTE-raw,0.828,3,182,1.7999999999999998,64,2.0,ridge,0.255933560650603,0.040074455180759805,0.6826200239300815,,,,,,,
0.9723756906077348,0.9727469142278401,0.9731182795698925,0.9997638091577995,0.002717216032188177,0.006292943361188494,CharacterTrajectories,0,20,20.1,66,1263,guide=gpf | walk=plain,0.828,3,182,1.7999999999999998,64,2.0,rf,0.3622599805911584,0.03998819205631965,0.9104024585620795,0.98671875,0.5,0.0,,,,
0.983957219251337,0.9938682616374084,0.9938790542758549,0.9998638900231387,0.0018369799954526356,0.0022358856404086284,CharacterTrajectories,0,20,20.1,66,1263,guide=gpf | walk=plain,0.828,3,182,1.7999999999999998,64,2.0,ridge,0.3622599805911584,0.03998819205631965,0.9104024585620795,0.98671875,0.5,0.0,,,,
0.9723756906077348,0.9727469142278401,0.9731182795698925,0.9997638091577995,0.002717216032188177,0.006292943361188494,CharacterTrajectories,0,20,20.1,66,1263,guide=gpf | walk=plain | guard,0.828,3,182,1.7999999999999998,64,2.0,rf,0.3622599805911584,0.03998819205631965,0.9104024585620795,0.98671875,2.5,1.0,0.0,1.0,0.91,0.91
0.983957219251337,0.9938682616374084,0.9938790542758549,0.9998638900231387,0.0018369799954526356,0.0022358856404086284,CharacterTrajectories,0,20,20.1,66,1263,guide=gpf | walk=plain | guard,0.828,3,182,1.7999999999999998,64,2.0,ridge,0.3622599805911584,0.03998819205631965,0.9104024585620795,0.98671875,2.5,1.0,0.0,1.0,0.91,0.91
0.9836065573770492,0.9837387536759294,0.9838709677419355,0.9998198544423895,0.002268624264933457,0.005898328690807793,CharacterTrajectories,0,20,20.1,66,1263,guide=gpf | walk=aligned,0.828,3,182,1.7999999999999998,64,2.0,rf,0.24957523522874592,0.028470033541637685,1.0024005880733657,0.98671875,4.0,0.0,,,,
0.9787234042553191,0.993497622705393,0.9935067534567931,0.9998318641462302,0.00213567155898162,0.002281376602675851,CharacterTrajectories,0,20,20.1,66,1263,guide=gpf | walk=aligned,0.828,3,182,1.7999999999999998,64,2.0,ridge,0.24957523522874592,0.028470033541637685,1.0024005880733657,0.98671875,4.0,0.0,,,,
0.9836065573770492,0.9837387536759294,0.9838709677419355,0.9998198544423895,0.002268624264933457,0.005898328690807793,CharacterTrajectories,0,20,20.1,66,1263,guide=gpf | walk=aligned | guard,0.828,3,182,1.7999999999999998,64,2.0,rf,0.24957523522874592,0.028470033541637685,1.0024005880733657,0.98671875,5.9,1.0,0.0,1.0,1.0,1.0
0.9787234042553191,0.993497622705393,0.9935067534567931,0.9998318641462302,0.00213567155898162,0.002281376602675851,CharacterTrajectories,0,20,20.1,66,1263,guide=gpf | walk=aligned | guard,0.828,3,182,1.7999999999999998,64,2.0,ridge,0.24957523522874592,0.028470033541637685,1.0024005880733657,0.98671875,5.9,1.0,0.0,1.0,1.0,1.0
0.9891304347826086,0.9891888715790903,0.989247311827957,0.9998478770846845,0.0020090838749613122,0.005803156917363048,CharacterTrajectories,0,20,20.1,66,1263,guide=sig | walk=aligned,0.828,3,182,1.7999999999999998,64,2.0,rf,0.17110667639360333,0.02235277100235855,1.0330902940447164,0.98671875,4.8,0.0,,,,
0.9787234042553191,0.993497622705393,0.9935067534567931,0.9999199353077286,0.002159342823588327,0.0034398386420125757,CharacterTrajectories,0,20,20.1,66,1263,guide=sig | walk=aligned,0.828,3,182,1.7999999999999998,64,2.0,ridge,0.17110667639360333,0.02235277100235855,1.0330902940447164,0.98671875,4.8,0.0,,,,
0.9891304347826086,0.9891888715790903,0.989247311827957,0.9998478770846845,0.0020090838749613122,0.005803156917363048,CharacterTrajectories,0,20,20.1,66,1263,guide=sig | walk=aligned | guard,0.828,3,182,1.7999999999999998,64,2.0,rf,0.17110667639360333,0.02235277100235855,1.0330902940447164,0.98671875,6.7,1.0,0.0,1.0,1.03,1.03
0.9787234042553191,0.993497622705393,0.9935067534567931,0.9999199353077286,0.002159342823588327,0.0034398386420125757,CharacterTrajectories,0,20,20.1,66,1263,guide=sig | walk=aligned | guard,0.828,3,182,1.7999999999999998,64,2.0,ridge,0.17110667639360333,0.02235277100235855,1.0330902940447164,0.98671875,6.7,1.0,0.0,1.0,1.03,1.03
0.978021978021978,0.9782582722940951,0.978494623655914,0.9998959159000472,0.0029146549056019806,0.007683379758588678,CharacterTrajectories,1,5,14.3,93,1236,none,0.828,3,182,2.0,64,2.0,rf,,,,,,,,,,
0.9837837837837838,0.9888205271717637,0.9888750110088952,0.9999199353077286,0.0013780764020254585,0.002327616098190098,CharacterTrajectories,1,5,14.3,93,1236,none,0.828,3,182,2.0,64,2.0,ridge,,,,,,,,,,
0.9836065573770492,0.9837387536759294,0.9838709677419355,0.9998438738500708,0.002212480656143609,0.005164809656453109,CharacterTrajectories,1,5,14.3,93,1236,SMOTE-raw,0.828,3,182,2.0,64,2.0,rf,0.1984472287362955,0.03112713090858532,0.6994146024733366,,,,,,,
0.9787234042553191,0.993497622705393,0.9935067534567931,0.9999039223692743,0.00197711510702996,0.0023932149176070913,CharacterTrajectories,1,5,14.3,93,1236,SMOTE-raw,0.828,3,182,2.0,64,2.0,ridge,0.1984472287362955,0.03112713090858532,0.6994146024733366,,,,,,,
0.9891304347826086,0.9891888715790903,0.989247311827957,0.999823857677003,0.0020422237697307337,0.006557567316620254,CharacterTrajectories,1,5,14.3,93,1236,guide=gpf | walk=plain,0.828,3,182,2.0,64,2.0,rf,0.1865842629771013,0.021813298075300858,1.0368162356060755,0.9903846153846154,0.6,0.0,,,,
0.983957219251337,0.9938682616374084,0.9938790542758549,0.9999119288385014,0.0018694051416910699,0.00239725414312813,CharacterTrajectories,1,5,14.3,93,1236,guide=gpf | walk=plain,0.828,3,182,2.0,64,2.0,ridge,0.1865842629771013,0.021813298075300858,1.0368162356060755,0.9903846153846154,0.6,0.0,,,,
0.9891304347826086,0.9891888715790903,0.989247311827957,0.999823857677003,0.0020422237697307337,0.006557567316620254,CharacterTrajectories,1,5,14.3,93,1236,guide=gpf | walk=plain | guard,0.828,3,182,2.0,64,2.0,rf,0.1865842629771013,0.021813298075300858,1.0368162356060755,0.9903846153846154,2.7,1.0,0.0,1.0,1.04,1.04
0.983957219251337,0.9938682616374084,0.9938790542758549,0.9999119288385014,0.0018694051416910699,0.00239725414312813,CharacterTrajectories,1,5,14.3,93,1236,guide=gpf | walk=plain | guard,0.828,3,182,2.0,64,2.0,ridge,0.1865842629771013,0.021813298075300858,1.0368162356060755,0.9903846153846154,2.7,1.0,0.0,1.0,1.04,1.04
0.9891304347826086,0.9891888715790903,0.989247311827957,0.9999479579500237,0.0018808727948003711,0.006940575673166204,CharacterTrajectories,1,5,14.3,93,1236,guide=gpf | walk=aligned,0.828,3,182,2.0,64,2.0,rf,0.13187753755425025,0.015283616578155912,1.0649198352716733,0.9903846153846154,3.7,0.0,,,,
0.983957219251337,0.9938682616374084,0.9938790542758549,0.9999279417769558,0.0019511448186465413,0.0029632866589875836,CharacterTrajectories,1,5,14.3,93,1236,guide=gpf | walk=aligned,0.828,3,182,2.0,64,2.0,ridge,0.13187753755425025,0.015283616578155912,1.0649198352716733,0.9903846153846154,3.7,0.0,,,,
0.9891304347826086,0.9891888715790903,0.989247311827957,0.9999479579500237,0.0018808727948003711,0.006940575673166204,CharacterTrajectories,1,5,14.3,93,1236,guide=gpf | walk=aligned | guard,0.828,3,182,2.0,64,2.0,rf,0.13187753755425025,0.015283616578155912,1.0649198352716733,0.9903846153846154,5.7,1.0,0.0,1.0,1.06,1.06
0.983957219251337,0.9938682616374084,0.9938790542758549,0.9999279417769558,0.0019511448186465413,0.0029632866589875836,CharacterTrajectories,1,5,14.3,93,1236,guide=gpf | walk=aligned | guard,0.828,3,182,2.0,64,2.0,ridge,0.13187753755425025,0.015283616578155912,1.0649198352716733,0.9903846153846154,5.7,1.0,0.0,1.0,1.06,1.06
0.9891304347826086,0.9891888715790903,0.989247311827957,0.9998558835539115,0.002083960074280409,0.006850046425255344,CharacterTrajectories,1,5,14.3,93,1236,guide=sig | walk=aligned,0.828,3,182,2.0,64,2.0,rf,0.14113089515211108,0.01585507665469521,1.2195483000763379,0.9903846153846154,4.4,0.0,,,,
0.989247311827957,0.9942387624001895,0.9942513550949167,0.9998318641462302,0.00156776308868588,0.002381613773250644,CharacterTrajectories,1,5,14.3,93,1236,guide=sig | walk=aligned,0.828,3,182,2.0,64,2.0,ridge,0.14113089515211108,0.01585507665469521,1.2195483000763379,0.9903846153846154,4.4,0.0,,,,
0.9891304347826086,0.9891888715790903,0.989247311827957,0.9998558835539115,0.002083960074280409,0.006850046425255344,CharacterTrajectories,1,5,14.3,93,1236,guide=sig | walk=aligned | guard,0.828,3,182,2.0,64,2.0,rf,0.14113089515211108,0.01585507665469521,1.2195483000763379,0.9903846153846154,6.8,1.0,0.0,1.0,1.22,1.22
0.989247311827957,0.9942387624001895,0.9942513550949167,0.9998318641462302,0.00156776308868588,0.002381613773250644,CharacterTrajectories,1,5,14.3,93,1236,guide=sig | walk=aligned | guard,0.828,3,182,2.0,64,2.0,ridge,0.14113089515211108,0.01585507665469521,1.2195483000763379,0.9903846153846154,6.8,1.0,0.0,1.0,1.22,1.22
0.9723756906077348,0.9727469142278401,0.9731182795698925,0.999879902961593,0.0030040389972144843,0.007038068709377893,CharacterTrajectories,1,10,14.3,93,1236,none,0.828,3,182,2.0,64,2.0,rf,,,,,,,,,,
0.9837837837837838,0.9888205271717637,0.9888750110088952,0.9999199353077286,0.0013780764020254552,0.0023276160981900978,CharacterTrajectories,1,10,14.3,93,1236,none,0.828,3,182,2.0,64,2.0,ridge,,,,,,,,,,
0.9836065573770492,0.9837387536759294,0.9838709677419355,0.9998638900231387,0.0021837511606313835,0.005292479108635085,CharacterTrajectories,1,10,14.3,93,1236,SMOTE-raw,0.828,3,182,2.0,64,2.0,rf,0.19803725965466867,0.03064033861026283,0.7036516797739525,,,,,,,
0.9787234042553191,0.993497622705393,0.9935067534567931,0.9999119288385014,0.002058735484418743,0.0024779111682921395,CharacterTrajectories,1,10,14.3,93,1236,SMOTE-raw,0.828,3,182,2.0,64,2.0,ridge,0.19803725965466867,0.03064033861026283,0.7036516797739525,,,,,,,
0.9891304347826086,0.9891888715790903,0.989247311827957,0.999879902961593,0.0019932296502630765,0.006413649025069632,CharacterTrajectories,1,10,14.3,93,1236,guide=gpf | walk=plain,0.828,3,182,2.0,64,2.0,rf,0.1857634900561944,0.021339478027616043,1.0155754660540874,0.9903846153846154,0.6,0.0,,,,
0.983957219251337,0.9938682616374084,0.9938790542758549,0.9998879094308201,0.0019093204733713906,0.00240434817721239,CharacterTrajectories,1,10,14.3,93,1236,guide=gpf | walk=plain,0.828,3,182,2.0,64,2.0,ridge,0.1857634900561944,0.021339478027616043,1.0155754660540874,0.9903846153846154,0.6,0.0,,,,
0.9891304347826086,0.9891888715790903,0.989247311827957,0.999879902961593,0.0019932296502630765,0.006413649025069632,CharacterTrajectories,1,10,14.3,93,1236,guide=gpf | walk=plain | guard,0.828,3,182,2.0,64,2.0,rf,0.1857634900561944,0.021339478027616043,1.0155754660540874,0.9903846153846154,2.6,1.0,0.0,1.0,1.02,1.02
0.983957219251337,0.9938682616374084,0.9938790542758549,0.9998879094308201,0.0019093204733713906,0.00240434817721239,CharacterTrajectories,1,10,14.3,93,1236,guide=gpf | walk=plain | guard,0.828,3,182,2.0,64,2.0,ridge,0.1857634900561944,0.021339478027616043,1.0155754660540874,0.9903846153846154,2.6,1.0,0.0,1.0,1.02,1.02
0.9891304347826086,0.9891888715790903,0.989247311827957,0.9999119288385014,0.0019366140513772826,0.006364902506963786,CharacterTrajectories,1,10,14.3,93,1236,guide=gpf | walk=aligned,0.828,3,182,2.0,64,2.0,rf,0.1333368729663036,0.015214475802126648,1.055551296270197,0.9903846153846154,3.7,0.0,,,,
0.983957219251337,0.9938682616374084,0.9938790542758549,0.9999279417769558,0.0019507001832145727,0.002770649817243809,CharacterTrajectories,1,10,14.3,93,1236,guide=gpf | walk=aligned,0.828,3,182,2.0,64,2.0,ridge,0.1333368729663036,0.015214475802126648,1.055551296270197,0.9903846153846154,3.7,0.0,,,,
0.9891304347826086,0.9891888715790903,0.989247311827957,0.9999119288385014,0.0019366140513772826,0.006364902506963786,CharacterTrajectories,1,10,14.3,93,1236,guide=gpf | walk=aligned | guard,0.828,3,182,2.0,64,2.0,rf,0.1333368729663036,0.015214475802126648,1.055551296270197,0.9903846153846154,5.7,1.0,0.0,1.0,1.06,1.06
0.983957219251337,0.9938682616374084,0.9938790542758549,0.9999279417769558,0.0019507001832145727,0.002770649817243809,CharacterTrajectories,1,10,14.3,93,1236,guide=gpf | walk=aligned | guard,0.828,3,182,2.0,64,2.0,ridge,0.1333368729663036,0.015214475802126648,1.055551296270197,0.9903846153846154,5.7,1.0,0.0,1.0,1.06,1.06
0.9891304347826086,0.9891888715790903,0.989247311827957,0.9999039223692744,0.0020751083255957908,0.006636490250696381,CharacterTrajectories,1,10,14.3,93,1236,guide=sig | walk=aligned,0.828,3,182,2.0,64,2.0,rf,0.13553396987751576,0.015586494532088047,1.2295613944103885,0.9903846153846154,4.5,0.0,,,,
0.9945945945945946,0.9946091251481444,0.9946236559139785,0.9998078447385488,0.001446570462585909,0.0024193901015613244,CharacterTrajectories,1,10,14.3,93,1236,guide=sig | walk=aligned,0.828,3,182,2.0,64,2.0,ridge,0.13553396987751576,0.015586494532088047,1.2295613944103885,0.9903846153846154,4.5,0.0,,,,
0.9891304347826086,0.9891888715790903,0.989247311827957,0.9999039223692744,0.0020751083255957908,0.006636490250696381,CharacterTrajectories,1,10,14.3,93,1236,guide=sig | walk=aligned | guard,0.828,3,182,2.0,64,2.0,rf,0.13553396987751576,0.015586494532088047,1.2295613944103885,0.9903846153846154,6.8,1.0,0.0,1.0,1.23,1.23
0.9945945945945946,0.9946091251481444,0.9946236559139785,0.9998078447385488,0.001446570462585909,0.0024193901015613244,CharacterTrajectories,1,10,14.3,93,1236,guide=sig | walk=aligned | guard,0.828,3,182,2.0,64,2.0,ridge,0.13553396987751576,0.015586494532088047,1.2295613944103885,0.9903846153846154,6.8,1.0,0.0,1.0,1.23,1.23
0.9723756906077348,0.9727469142278401,0.9731182795698925,0.999879902961593,0.003207288765088208,0.008207985143918274,CharacterTrajectories,1,20,20.1,66,1263,none,0.828,3,182,1.7999999999999998,64,2.0,rf,,,,,,,,,,
0.9837837837837838,0.9888205271717637,0.9888750110088952,0.9999359482461829,0.001442430513192504,0.0026210365991732295,CharacterTrajectories,1,20,20.1,66,1263,none,0.828,3,182,1.7999999999999998,64,2.0,ridge,,,,,,,,,,
0.9836065573770492,0.9837387536759294,0.9838709677419355,0.9999039223692743,0.002340475085112968,0.005749767873723301,CharacterTrajectories,1,20,20.1,66,1263,SMOTE-raw,0.828,3,182,1.7999999999999998,64,2.0,rf,0.21630872281441338,0.033778236711073606,0.682950457527456,,,,,,,
0.9787234042553191,0.993497622705393,0.9935067534567931,0.9999279417769558,0.002359941492695139,0.003097721229161088,CharacterTrajectories,1,20,20.1,66,1263,SMOTE-raw,0.828,3,182,1.7999999999999998,64,2.0,ridge,0.21630872281441338,0.033778236711073606,0.682950457527456,,,,,,,
0.9891304347826086,0.9891888715790903,0.989247311827957,0.9997878285654809,0.0019398715567935623,0.005851903435468895,CharacterTrajectories,1,20,20.1,66,1263,guide=gpf | walk=plain,0.828,3,182,1.7999999999999998,64,2.0,rf,0.28462362110546824,0.036500625887767035,0.8714949522262229,0.98671875,0.5,0.0,,,,
0.9787234042553191,0.993497622705393,0.9935067534567931,0.9999279417769558,0.002235282394072938,0.0037214546712744045,CharacterTrajectories,1,20,20.1,66,1263,guide=gpf | walk=plain,0.828,3,182,1.7999999999999998,64,2.0,ridge,0.28462362110546824,0.036500625887767035,0.8714949522262229,0.98671875,0.5,0.0,,,,
0.9891304347826086,0.9891888715790903,0.989247311827957,0.9997878285654809,0.0019398715567935623,0.005851903435468895,CharacterTrajectories,1,20,20.1,66,1263,guide=gpf | walk=plain | guard,0.828,3,182,1.7999999999999998,64,2.0,rf,0.28462362110546824,0.036500625887767035,0.8714949522262229,0.98671875,2.7,1.0,0.0,1.0,0.87,0.87
0.9787234042553191,0.993497622705393,0.9935067534567931,0.9999279417769558,0.002235282394072938,0.0037214546712744045,CharacterTrajectories,1,20,20.1,66,1263,guide=gpf | walk=plain | guard,0.828,3,182,1.7999999999999998,64,2.0,ridge,0.28462362110546824,0.036500625887767035,0.8714949522262229,0.98671875,2.7,1.0,0.0,1.0,0.87,0.87
0.9836065573770492,0.9837387536759294,0.9838709677419355,0.9998398706154573,0.002005756731662024,0.006564531104921083,CharacterTrajectories,1,20,20.1,66,1263,guide=gpf | walk=aligned,0.828,3,182,1.7999999999999998,64,2.0,rf,0.22506928988013009,0.02595318530680546,0.9839332405070358,0.98671875,3.7,0.0,,,,
0.9787234042553191,0.993497622705393,0.9935067534567931,0.9999279417769558,0.002028240600722525,0.0036351324963995735,CharacterTrajectories,1,20,20.1,66,1263,guide=gpf | walk=aligned,0.828,3,182,1.7999999999999998,64,2.0,ridge,0.22506928988013009,0.02595318530680546,0.9839332405070358,0.98671875,3.7,0.0,,,,
0.9836065573770492,0.9837387536759294,0.9838709677419355,0.9998398706154573,0.002005756731662024,0.006564531104921083,CharacterTrajectories,1,20,20.1,66,1263,guide=gpf | walk=aligned | guard,0.828,3,182,1.7999999999999998,64,2.0,rf,0.22506928988013009,0.02595318530680546,0.9839332405070358,0.98671875,5.7,1.0,0.0,1.0,0.98,0.98
0.9787234042553191,0.993497622705393,0.9935067534567931,0.9999279417769558,0.002028240600722525,0.0036351324963995735,CharacterTrajectories,1,20,20.1,66,1263,guide=gpf | walk=aligned | guard,0.828,3,182,1.7999999999999998,64,2.0,ridge,0.22506928988013009,0.02595318530680546,0.9839332405070358,0.98671875,5.7,1.0,0.0,1.0,0.98,0.98
0.9836065573770492,0.9837387536759294,0.9838709677419355,0.9998478770846845,0.002072856700711854,0.0060538532961931305,CharacterTrajectories,1,20,20.1,66,1263,guide=sig | walk=aligned,0.828,3,182,1.7999999999999998,64,2.0,rf,0.15830317452885811,0.01828391347478242,1.0407746412410785,0.98671875,4.7,0.0,,,,
0.9787234042553191,0.993497622705393,0.9935067534567931,0.9999119288385014,0.0019385375629257413,0.0030069932654550554,CharacterTrajectories,1,20,20.1,66,1263,guide=sig | walk=aligned,0.828,3,182,1.7999999999999998,64,2.0,ridge,0.15830317452885811,0.01828391347478242,1.0407746412410785,0.98671875,4.7,0.0,,,,
0.9836065573770492,0.9837387536759294,0.9838709677419355,0.9998478770846845,0.002072856700711854,0.0060538532961931305,CharacterTrajectories,1,20,20.1,66,1263,guide=sig | walk=aligned | guard,0.828,3,182,1.7999999999999998,64,2.0,rf,0.15830317452885811,0.01828391347478242,1.0407746412410785,0.98671875,6.6,1.0,0.0,1.0,1.04,1.04
0.9787234042553191,0.993497622705393,0.9935067534567931,0.9999119288385014,0.0019385375629257413,0.0030069932654550554,CharacterTrajectories,1,20,20.1,66,1263,guide=sig | walk=aligned | guard,0.828,3,182,1.7999999999999998,64,2.0,ridge,0.15830317452885811,0.01828391347478242,1.0407746412410785,0.98671875,6.6,1.0,0.0,1.0,1.04,1.04
0.9723756906077348,0.9727469142278401,0.9731182795698925,0.9998678932577523,0.00323430826369545,0.007302692664809644,CharacterTrajectories,2,5,14.3,93,1236,none,0.828,3,182,1.7999999999999998,64,2.0,rf,,,,,,,,,,
0.9837837837837838,0.9888205271717637,0.9888750110088952,0.9999199353077286,0.0013780764020254522,0.002327616098190099,CharacterTrajectories,2,5,14.3,93,1236,none,0.828,3,182,1.7999999999999998,64,2.0,ridge,,,,,,,,,,
0.978021978021978,0.9782582722940951,0.978494623655914,0.9998718964923657,0.002292835035592696,0.00528319405756731,CharacterTrajectories,2,5,14.3,93,1236,SMOTE-raw,0.828,3,182,1.7999999999999998,64,2.0,rf,0.19718240499677098,0.03155247387023297,0.7022115045823633,,,,,,,
0.9787234042553191,0.993497622705393,0.9935067534567931,0.9999119288385014,0.0019801998153599807,0.002402912572544562,CharacterTrajectories,2,5,14.3,93,1236,SMOTE-raw,0.828,3,182,1.7999999999999998,64,2.0,ridge,0.19718240499677098,0.03155247387023297,0.7022115045823633,,,,,,,
0.9836065573770492,0.9837387536759294,0.9838709677419355,0.9998078447385488,0.0022105926957598264,0.005810120705663886,CharacterTrajectories,2,5,14.3,93,1236,guide=gpf | walk=plain,0.828,3,182,1.7999999999999998,64,2.0,rf,0.21672826345916896,0.029725632480792408,0.8313969683373167,0.9903846153846154,0.6,0.0,,,,
0.983957219251337,0.9938682616374084,0.9938790542758549,0.9999039223692743,0.0017491306790020453,0.0021526803307188288,CharacterTrajectories,2,5,14.3,93,1236,guide=gpf | walk=plain,0.828,3,182,1.7999999999999998,64,2.0,ridge,0.21672826345916896,0.029725632480792408,0.8313969683373167,0.9903846153846154,0.6,0.0,,,,
0.9836065573770492,0.9837387536759294,0.9838709677419355,0.9998078447385488,0.0022105926957598264,0.005810120705663886,CharacterTrajectories,2,5,14.3,93,1236,guide=gpf | walk=plain | guard,0.828,3,182,1.7999999999999998,64,2.0,rf,0.21672826345916896,0.029725632480792408,0.8313969683373167,0.9903846153846154,2.7,1.0,0.0,1.0,0.83,0.83
0.983957219251337,0.9938682616374084,0.9938790542758549,0.9999039223692743,0.0017491306790020453,0.0021526803307188288,CharacterTrajectories,2,5,14.3,93,1236,guide=gpf | walk=plain | guard,0.828,3,182,1.7999999999999998,64,2.0,ridge,0.21672826345916896,0.029725632480792408,0.8313969683373167,0.9903846153846154,2.7,1.0,0.0,1.0,0.83,0.83
0.9836065573770492,0.9837387536759294,0.9838709677419355,0.9998438738500709,0.0020048050139275767,0.005559424326833799,CharacterTrajectories,2,5,14.3,93,1236,guide=gpf | walk=aligned,0.828,3,182,1.7999999999999998,64,2.0,rf,0.13960489270356202,0.01757126555674804,0.9109256257039666,0.9903846153846154,3.8,0.0,,,,
0.9787234042553191,0.993497622705393,0.9935067534567931,0.9999279417769558,0.0017985909639787775,0.002968903206356676,CharacterTrajectories,2,5,14.3,93,1236,guide=gpf | walk=aligned,0.828,3,182,1.7999999999999998,64,2.0,ridge,0.13960489270356202,0.01757126555674804,0.9109256257039666,0.9903846153846154,3.8,0.0,,,,
0.9836065573770492,0.9837387536759294,0.9838709677419355,0.9998438738500709,0.0020048050139275767,0.005559424326833799,CharacterTrajectories,2,5,14.3,93,1236,guide=gpf | walk=aligned | guard,0.828,3,182,1.7999999999999998,64,2.0,rf,0.13960489270356202,0.01757126555674804,0.9109256257039666,0.9903846153846154,5.9,1.0,0.0,1.0,0.91,0.91
0.9787234042553191,0.993497622705393,0.9935067534567931,0.9999279417769558,0.0017985909639787775,0.002968903206356676,CharacterTrajectories,2,5,14.3,93,1236,guide=gpf | walk=aligned | guard,0.828,3,182,1.7999999999999998,64,2.0,ridge,0.13960489270356202,0.01757126555674804,0.9109256257039666,0.9903846153846154,5.9,1.0,0.0,1.0,0.91,0.91
0.9891304347826086,0.9891888715790903,0.989247311827957,0.9997918318000945,0.0021134633240482825,0.0064298978644382575,CharacterTrajectories,2,5,14.3,93,1236,guide=sig | walk=aligned,0.828,3,182,1.7999999999999998,64,2.0,rf,0.1270450556227205,0.01438638677788362,1.065330710940415,0.9903846153846154,4.7,0.0,,,,
0.9945945945945946,0.9946091251481444,0.9946236559139785,0.9998318641462302,0.001467694181061901,0.002248607529013147,CharacterTrajectories,2,5,14.3,93,1236,guide=sig | walk=aligned,0.828,3,182,1.7999999999999998,64,2.0,ridge,0.1270450556227205,0.01438638677788362,1.065330710940415,0.9903846153846154,4.7,0.0,,,,
0.9891304347826086,0.9891888715790903,0.989247311827957,0.9997918318000945,0.0021134633240482825,0.0064298978644382575,CharacterTrajectories,2,5,14.3,93,1236,guide=sig | walk=aligned | guard,0.828,3,182,1.7999999999999998,64,2.0,rf,0.1270450556227205,0.01438638677788362,1.065330710940415,0.9903846153846154,6.8,1.0,0.0,1.0,1.07,1.07
0.9945945945945946,0.9946091251481444,0.9946236559139785,0.9998318641462302,0.001467694181061901,0.002248607529013147,CharacterTrajectories,2,5,14.3,93,1236,guide=sig | walk=aligned | guard,0.828,3,182,1.7999999999999998,64,2.0,ridge,0.1270450556227205,0.01438638677788362,1.065330710940415,0.9903846153846154,6.8,1.0,0.0,1.0,1.07,1.07
0.9723756906077348,0.9727469142278401,0.9731182795698925,0.9998558835539116,0.0031187248529866924,0.00653667595171773,CharacterTrajectories,2,10,14.3,93,1236,none,0.828,3,182,2.0,64,2.0,rf,,,,,,,,,,
0.9837837837837838,0.9888205271717637,0.9888750110088952,0.9999199353077286,0.0013780764020254596,0.0023276160981901017,CharacterTrajectories,2,10,14.3,93,1236,none,0.828,3,182,2.0,64,2.0,ridge,,,,,,,,,,
0.978021978021978,0.9782582722940951,0.978494623655914,0.9998358673808437,0.0023628056329309814,0.005443361188486531,CharacterTrajectories,2,10,14.3,93,1236,SMOTE-raw,0.828,3,182,2.0,64,2.0,rf,0.20524478632888776,0.03196070870171641,0.7174161399494096,,,,,,,
0.9787234042553191,0.993497622705393,0.9935067534567931,0.9999119288385014,0.0019521283986326608,0.002363449215876782,CharacterTrajectories,2,10,14.3,93,1236,SMOTE-raw,0.828,3,182,2.0,64,2.0,ridge,0.20524478632888776,0.03196070870171641,0.7174161399494096,,,,,,,
0.9891304347826086,0.9891888715790903,0.989247311827957,0.9998478770846844,0.0021104147322810276,0.006764159702878372,CharacterTrajectories,2,10,14.3,93,1236,guide=gpf | walk=plain,0.828,3,182,2.0,64,2.0,rf,0.18727568173021236,0.019937464816886075,1.1047213154674296,0.9903846153846154,0.6,0.0,,,,
0.983957219251337,0.9938682616374084,0.9938790542758549,0.9999279417769558,0.0017951458260393302,0.002642899767931863,CharacterTrajectories,2,10,14.3,93,1236,guide=gpf | walk=plain,0.828,3,182,2.0,64,2.0,ridge,0.18727568173021236,0.019937464816886075,1.1047213154674296,0.9903846153846154,0.6,0.0,,,,
0.9891304347826086,0.9891888715790903,0.989247311827957,0.9998478770846844,0.0021104147322810276,0.006764159702878372,CharacterTrajectories,2,10,14.3,93,1236,guide=gpf | walk=plain | guard,0.828,3,182,2.0,64,2.0,rf,0.18727568173021236,0.019937464816886075,1.1047213154674296,0.9903846153846154,2.6,1.0,0.0,1.0,1.1,1.1
0.983957219251337,0.9938682616374084,0.9938790542758549,0.9999279417769558,0.0017951458260393302,0.002642899767931863,CharacterTrajectories,2,10,14.3,93,1236,guide=gpf | walk=plain | guard,0.828,3,182,2.0,64,2.0,ridge,0.18727568173021236,0.019937464816886075,1.1047213154674296,0.9903846153846154,2.6,1.0,0.0,1.0,1.1,1.1
0.9891304347826086,0.9891888715790903,0.989247311827957,0.999879902961593,0.002116511915815537,0.007079851439182903,CharacterTrajectories,2,10,14.3,93,1236,guide=gpf | walk=aligned,0.828,3,182,2.0,64,2.0,rf,0.13775923410372126,0.015540125394120419,1.136241882618924,0.9903846153846154,3.9,0.0,,,,
0.983957219251337,0.9938682616374084,0.9938790542758549,0.9999119288385014,0.002016122444266055,0.002691639932171176,CharacterTrajectories,2,10,14.3,93,1236,guide=gpf | walk=aligned,0.828,3,182,2.0,64,2.0,ridge,0.13775923410372126,0.015540125394120419,1.136241882618924,0.9903846153846154,3.9,0.0,,,,
0.9891304347826086,0.9891888715790903,0.989247311827957,0.999879902961593,0.002116511915815537,0.007079851439182903,CharacterTrajectories,2,10,14.3,93,1236,guide=gpf | walk=aligned | guard,0.828,3,182,2.0,64,2.0,rf,0.13775923410372126,0.015540125394120419,1.136241882618924,0.9903846153846154,6.1,1.0,0.0,1.0,1.14,1.14
0.983957219251337,0.9938682616374084,0.9938790542758549,0.9999119288385014,0.002016122444266055,0.002691639932171176,CharacterTrajectories,2,10,14.3,93,1236,guide=gpf | walk=aligned | guard,0.828,3,182,2.0,64,2.0,ridge,0.13775923410372126,0.015540125394120419,1.136241882618924,0.9903846153846154,6.1,1.0,0.0,1.0,1.14,1.14
0.9891304347826086,0.9891888715790903,0.989247311827957,0.9997437929847317,0.0023145233673785206,0.006966109563602594,CharacterTrajectories,2,10,14.3,93,1236,guide=sig | walk=aligned,0.828,3,182,2.0,64,2.0,rf,0.14281436469796027,0.015333593629525466,1.2806983561262737,0.9903846153846154,4.5,0.0,,,,
0.983957219251337,0.9938682616374084,0.9938790542758549,0.9998318641462302,0.0017077617316074776,0.0026570353742408973,CharacterTrajectories,2,10,14.3,93,1236,guide=sig | walk=aligned,0.828,3,182,2.0,64,2.0,ridge,0.14281436469796027,0.015333593629525466,1.2806983561262737,0.9903846153846154,4.5,0.0,,,,
0.9891304347826086,0.9891888715790903,0.989247311827957,0.9997437929847317,0.0023145233673785206,0.006966109563602594,CharacterTrajectories,2,10,14.3,93,1236,guide=sig | walk=aligned | guard,0.828,3,182,2.0,64,2.0,rf,0.14281436469796027,0.015333593629525466,1.2806983561262737,0.9903846153846154,6.7,1.0,0.0,1.0,1.28,1.28
0.983957219251337,0.9938682616374084,0.9938790542758549,0.9998318641462302,0.0017077617316074776,0.0026570353742408973,CharacterTrajectories,2,10,14.3,93,1236,guide=sig | walk=aligned | guard,0.828,3,182,2.0,64,2.0,ridge,0.14281436469796027,0.015333593629525466,1.2806983561262737,0.9903846153846154,6.7,1.0,0.0,1.0,1.28,1.28
0.9666666666666667,0.9672041516493516,0.967741935483871,0.9998438738500709,0.003569893221912721,0.007732126276694521,CharacterTrajectories,2,20,20.1,66,1263,none,0.828,3,182,1.7999999999999998,64,2.0,rf,,,,,,,,,,
0.9837837837837838,0.9888205271717637,0.9888750110088952,0.9999119288385016,0.0013516886932591178,0.002309318239775838,CharacterTrajectories,2,20,20.1,66,1263,none,0.828,3,182,1.7999999999999998,64,2.0,ridge,,,,,,,,,,
0.9723756906077348,0.9727469142278401,0.9731182795698925,0.9998278609116167,0.002560314144227793,0.005276230269266478,CharacterTrajectories,2,20,20.1,66,1263,SMOTE-raw,0.828,3,182,1.7999999999999998,64,2.0,rf,0.23030172447058295,0.03770222907593235,0.6930793230305945,,,,,,,
0.9787234042553191,0.993497622705393,0.9935067534567931,0.9999359482461829,0.002069471213963965,0.002614460869775692,CharacterTrajectories,2,20,20.1,66,1263,SMOTE-raw,0.828,3,182,1.7999999999999998,64,2.0,ridge,0.23030172447058295,0.03770222907593235,0.6930793230305945,,,,,,,
0.9836065573770492,0.9837387536759294,0.9838709677419355,0.9998678932577523,0.0019792401733209532,0.005861188486536667,CharacterTrajectories,2,20,20.1,66,1263,guide=gpf | walk=plain,0.828,3,182,1.7999999999999998,64,2.0,rf,0.2714563474527578,0.03299870282639261,0.909572953988634,0.98671875,0.6,0.0,,,,
0.983957219251337,0.9938682616374084,0.9938790542758549,0.9999359482461829,0.00198809193894294,0.002523222158758549,CharacterTrajectories,2,20,20.1,66,1263,guide=gpf | walk=plain,0.828,3,182,1.7999999999999998,64,2.0,ridge,0.2714563474527578,0.03299870282639261,0.909572953988634,0.98671875,0.6,0.0,,,,
0.9836065573770492,0.9837387536759294,0.9838709677419355,0.9998678932577523,0.0019792401733209532,0.005861188486536667,CharacterTrajectories,2,20,20.1,66,1263,guide=gpf | walk=plain | guard,0.828,3,182,1.7999999999999998,64,2.0,rf,0.2714563474527578,0.03299870282639261,0.909572953988634,0.98671875,2.6,1.0,0.0,1.0,0.91,0.91
0.983957219251337,0.9938682616374084,0.9938790542758549,0.9999359482461829,0.00198809193894294,0.002523222158758549,CharacterTrajectories,2,20,20.1,66,1263,guide=gpf | walk=plain | guard,0.828,3,182,1.7999999999999998,64,2.0,ridge,0.2714563474527578,0.03299870282639261,0.909572953988634,0.98671875,2.6,1.0,0.0,1.0,0.91,0.91
0.9891304347826086,0.9891888715790903,0.989247311827957,0.9998478770846845,0.00207513153822346,0.005399257195914585,CharacterTrajectories,2,20,20.1,66,1263,guide=gpf | walk=aligned,0.828,3,182,1.7999999999999998,64,2.0,rf,0.21153921345890936,0.024990146416918324,0.9939697777877331,0.98671875,4.1,0.0,,,,
0.983957219251337,0.9938682616374084,0.9938790542758549,0.99994395471541,0.002011637265439956,0.0026172380478484674,CharacterTrajectories,2,20,20.1,66,1263,guide=gpf | walk=aligned,0.828,3,182,1.7999999999999998,64,2.0,ridge,0.21153921345890936,0.024990146416918324,0.9939697777877331,0.98671875,4.1,0.0,,,,
0.9891304347826086,0.9891888715790903,0.989247311827957,0.9998478770846845,0.00207513153822346,0.005399257195914585,CharacterTrajectories,2,20,20.1,66,1263,guide=gpf | walk=aligned | guard,0.828,3,182,1.7999999999999998,64,2.0,rf,0.21153921345890936,0.024990146416918324,0.9939697777877331,0.98671875,6.3,1.0,0.0,1.0,0.99,0.99
0.983957219251337,0.9938682616374084,0.9938790542758549,0.99994395471541,0.002011637265439956,0.0026172380478484674,CharacterTrajectories,2,20,20.1,66,1263,guide=gpf | walk=aligned | guard,0.828,3,182,1.7999999999999998,64,2.0,ridge,0.21153921345890936,0.024990146416918324,0.9939697777877331,0.98671875,6.3,1.0,0.0,1.0,0.99,0.99
0.9891304347826086,0.9891888715790903,0.989247311827957,0.9997758188616401,0.002232776230269266,0.005775301764159697,CharacterTrajectories,2,20,20.1,66,1263,guide=sig | walk=aligned,0.828,3,182,1.7999999999999998,64,2.0,rf,0.1466957891736289,0.016703549323681788,1.1320545185503765,0.98671875,4.7,0.0,,,,
0.9787234042553191,0.993497622705393,0.9935067534567931,0.9999199353077286,0.0019306901241771374,0.002894747087721152,CharacterTrajectories,2,20,20.1,66,1263,guide=sig | walk=aligned,0.828,3,182,1.7999999999999998,64,2.0,ridge,0.1466957891736289,0.016703549323681788,1.1320545185503765,0.98671875,4.7,0.0,,,,
0.9891304347826086,0.9891888715790903,0.989247311827957,0.9997758188616401,0.002232776230269266,0.005775301764159697,CharacterTrajectories,2,20,20.1,66,1263,guide=sig | walk=aligned | guard,0.828,3,182,1.7999999999999998,64,2.0,rf,0.1466957891736289,0.016703549323681788,1.1320545185503765,0.98671875,6.8,1.0,0.0,1.0,1.13,1.13
0.9787234042553191,0.993497622705393,0.9935067534567931,0.9999199353077286,0.0019306901241771374,0.002894747087721152,CharacterTrajectories,2,20,20.1,66,1263,guide=sig | walk=aligned | guard,0.828,3,182,1.7999999999999998,64,2.0,ridge,0.1466957891736289,0.016703549323681788,1.1320545185503765,0.98671875,6.8,1.0,0.0,1.0,1.13,1.13
0.6666666666666666,0.7071067811865476,0.75,0.9898989898989898,0.02693765432098765,0.04277777777777778,Cricket,0,5,11.0,9,90,none,0.421,6,1197,1.5999999999999999,64,2.0,rf,,,,,,,,,,
0.8333333333333334,0.9059288441743484,0.9090909090909092,0.9772727272727273,0.030017993683609863,0.034849218077599595,Cricket,0,5,11.0,9,90,none,0.421,6,1197,1.5999999999999999,64,2.0,ridge,,,,,,,,,,
0.8,0.816496580927726,0.8333333333333333,0.9848484848484849,0.02465,0.04027777777777777,Cricket,0,5,11.0,9,90,SMOTE-raw,0.421,6,1197,1.5999999999999999,64,2.0,rf,3.006187897987786,0.2738351470249391,0.4786901916795888,,,,,,,
0.8333333333333334,0.9059288441743484,0.9090909090909092,0.952020202020202,0.03350897777358072,0.0395023698222707,Cricket,0,5,11.0,9,90,SMOTE-raw,0.421,6,1197,1.5999999999999999,64,2.0,ridge,3.006187897987786,0.2738351470249391,0.4786901916795888,,,,,,,
1.0,1.0,1.0,1.0,0.011220061728395061,0.06120370370370371,Cricket,0,5,11.0,9,90,guide=gpf | walk=plain,0.421,6,1197,1.5999999999999999,64,2.0,rf,3.912853982525979,0.1719856611495182,2.572173665126584,0.5625,0.4,0.0,,,,
0.8333333333333334,0.9059288441743484,0.9090909090909092,0.9570707070707071,0.02616029679502567,0.025973832970906306,Cricket,0,5,11.0,9,90,guide=gpf | walk=plain,0.421,6,1197,1.5999999999999999,64,2.0,ridge,3.912853982525979,0.1719856611495182,2.572173665126584,0.5625,0.4,0.0,,,,
1.0,1.0,1.0,1.0,0.011556635802469135,0.06041666666666667,Cricket,0,5,11.0,9,90,guide=gpf | walk=plain | guard,0.421,6,1197,1.5999999999999999,64,2.0,rf,2.767186831681217,0.1517929920528438,1.598775015006835,0.5625,1.6,1.0,1.0,0.882,2.57,1.6
0.8333333333333334,0.9059288441743484,0.9090909090909092,0.9646464646464646,0.02820443260966616,0.02926255203796612,Cricket,0,5,11.0,9,90,guide=gpf | walk=plain | guard,0.421,6,1197,1.5999999999999999,64,2.0,ridge,2.767186831681217,0.1517929920528438,1.598775015006835,0.5625,1.6,1.0,1.0,0.882,2.57,1.6
0.9090909090909091,0.9128709291752769,0.9166666666666667,0.9974747474747475,0.018636882716049383,0.06236111111111111,Cricket,0,5,11.0,9,90,guide=gpf | walk=aligned,0.421,6,1197,1.5999999999999999,64,2.0,rf,2.338413148336997,0.19188558211676632,0.7506147875768158,0.703125,14.5,0.0,,,,
0.8333333333333334,0.9059288441743484,0.9090909090909092,0.9671717171717171,0.028552630425907704,0.030119648208281377,Cricket,0,5,11.0,9,90,guide=gpf | walk=aligned,0.421,6,1197,1.5999999999999999,64,2.0,ridge,2.338413148336997,0.19188558211676632,0.7506147875768158,0.703125,14.5,0.0,,,,
0.9090909090909091,0.9128709291752769,0.9166666666666667,0.9974747474747475,0.018636882716049383,0.06236111111111111,Cricket,0,5,11.0,9,90,guide=gpf | walk=aligned | guard,0.421,6,1197,1.5999999999999999,64,2.0,rf,2.338413148336997,0.19188558211676632,0.7506147875768158,0.703125,15.6,1.0,0.0,1.0,0.75,0.75
0.8333333333333334,0.9059288441743484,0.9090909090909092,0.9671717171717171,0.028552630425907704,0.030119648208281377,Cricket,0,5,11.0,9,90,guide=gpf | walk=aligned | guard,0.421,6,1197,1.5999999999999999,64,2.0,ridge,2.338413148336997,0.19188558211676632,0.7506147875768158,0.703125,15.6,1.0,0.0,1.0,0.75,0.75
0.8,0.816496580927726,0.8333333333333333,0.994949494949495,0.020710956790123455,0.048657407407407406,Cricket,0,5,11.0,9,90,guide=sig | walk=aligned,0.421,6,1197,1.5999999999999999,64,2.0,rf,2.711629330149105,0.23002730303590757,0.6522651365869768,0.703125,15.8,0.0,,,,
0.8333333333333334,0.9059288441743484,0.9090909090909092,0.9747474747474747,0.027950925435814115,0.026253402579796505,Cricket,0,5,11.0,9,90,guide=sig | walk=aligned,0.421,6,1197,1.5999999999999999,64,2.0,ridge,2.711629330149105,0.23002730303590757,0.6522651365869768,0.703125,15.8,0.0,,,,
0.8,0.816496580927726,0.8333333333333333,0.994949494949495,0.020710956790123455,0.048657407407407406,Cricket,0,5,11.0,9,90,guide=sig | walk=aligned | guard,0.421,6,1197,1.5999999999999999,64,2.0,rf,2.711629330149105,0.23002730303590757,0.6522651365869768,0.703125,16.8,1.0,0.0,1.0,0.65,0.65
0.8333333333333334,0.9059288441743484,0.9090909090909092,0.9747474747474747,0.027950925435814115,0.026253402579796505,Cricket,0,5,11.0,9,90,guide=sig | walk=aligned | guard,0.421,6,1197,1.5999999999999999,64,2.0,ridge,2.711629330149105,0.23002730303590757,0.6522651365869768,0.703125,16.8,1.0,0.0,1.0,0.65,0.65
0.6666666666666666,0.7071067811865476,0.75,0.9886363636363636,0.026913734567901235,0.04282407407407407,Cricket,0,10,11.0,9,90,none,0.421,6,1197,1.5999999999999999,64,2.0,rf,,,,,,,,,,
0.8333333333333334,0.9059288441743484,0.9090909090909092,0.9772727272727273,0.03001799368360985,0.03484921807759962,Cricket,0,10,11.0,9,90,none,0.421,6,1197,1.5999999999999999,64,2.0,ridge,,,,,,,,,,
0.8,0.816496580927726,0.8333333333333333,0.9835858585858587,0.025487037037037034,0.03907407407407408,Cricket,0,10,11.0,9,90,SMOTE-raw,0.421,6,1197,1.5999999999999999,64,2.0,rf,2.949083988660517,0.26425869706815436,0.5134985405955637,,,,,,,
0.8333333333333334,0.9059288441743484,0.9090909090909092,0.952020202020202,0.03276518181630038,0.03835097344788009,Cricket,0,10,11.0,9,90,SMOTE-raw,0.421,6,1197,1.5999999999999999,64,2.0,ridge,2.949083988660517,0.26425869706815436,0.5134985405955637,,,,,,,
0.9230769230769231,0.9923953268977463,0.9924242424242424,1.0,0.012846296296296297,0.06296296296296296,Cricket,0,10,11.0,9,90,guide=gpf | walk=plain,0.421,6,1197,1.5999999999999999,64,2.0,rf,4.603469282940004,0.20212997383588427,2.6815191125024285,0.5625,0.4,0.0,,,,
0.8333333333333334,0.9059288441743484,0.9090909090909092,0.9545454545454546,0.025636284803012013,0.02390579166159286,Cricket,0,10,11.0,9,90,guide=gpf | walk=plain,0.421,6,1197,1.5999999999999999,64,2.0,ridge,4.603469282940004,0.20212997383588427,2.6815191125024285,0.5625,0.4,0.0,,,,
0.9090909090909091,0.9128709291752769,0.9166666666666667,1.0,0.011861265432098768,0.06069444444444445,Cricket,0,10,11.0,9,90,guide=gpf | walk=plain | guard,0.421,6,1197,1.5999999999999999,64,2.0,rf,2.925638284878165,0.16201151868503894,1.5724543014682104,0.5625,1.6,1.0,1.0,0.864,2.68,1.57
0.8333333333333334,0.9059288441743484,0.9090909090909092,0.9570707070707071,0.027828965984775928,0.02830738255904125,Cricket,0,10,11.0,9,90,guide=gpf | walk=plain | guard,0.421,6,1197,1.5999999999999999,64,2.0,ridge,2.925638284878165,0.16201151868503894,1.5724543014682104,0.5625,1.6,1.0,1.0,0.864,2.68,1.57
0.9090909090909091,0.9128709291752769,0.9166666666666667,0.994949494949495,0.019008024691358025,0.06370370370370369,Cricket,0,10,11.0,9,90,guide=gpf | walk=aligned,0.421,6,1197,1.5999999999999999,64,2.0,rf,2.1024381340252347,0.17612911428799238,0.8291348224055226,0.703125,14.7,0.0,,,,
0.8333333333333334,0.9059288441743484,0.9090909090909092,0.9671717171717171,0.028276529191266664,0.026872182129604377,Cricket,0,10,11.0,9,90,guide=gpf | walk=aligned,0.421,6,1197,1.5999999999999999,64,2.0,ridge,2.1024381340252347,0.17612911428799238,0.8291348224055226,0.703125,14.7,0.0,,,,
0.9090909090909091,0.9128709291752769,0.9166666666666667,0.994949494949495,0.019008024691358025,0.06370370370370369,Cricket,0,10,11.0,9,90,guide=gpf | walk=aligned | guard,0.421,6,1197,1.5999999999999999,64,2.0,rf,2.1024381340252347,0.17612911428799238,0.8291348224055226,0.703125,15.8,1.0,0.0,1.0,0.83,0.83
0.8333333333333334,0.9059288441743484,0.9090909090909092,0.9671717171717171,0.028276529191266664,0.026872182129604377,Cricket,0,10,11.0,9,90,guide=gpf | walk=aligned | guard,0.421,6,1197,1.5999999999999999,64,2.0,ridge,2.1024381340252347,0.17612911428799238,0.8291348224055226,0.703125,15.8,1.0,0.0,1.0,0.83,0.83
0.8,0.816496580927726,0.8333333333333333,0.9949494949494949,0.022057098765432097,0.048518518518518516,Cricket,0,10,11.0,9,90,guide=sig | walk=aligned,0.421,6,1197,1.5999999999999999,64,2.0,rf,3.459494473181943,0.2820100464818223,0.6615866498115975,0.703125,15.9,0.0,,,,
0.8333333333333334,0.9059288441743484,0.9090909090909092,0.9747474747474747,0.027952722709741955,0.02559999115566302,Cricket,0,10,11.0,9,90,guide=sig | walk=aligned,0.421,6,1197,1.5999999999999999,64,2.0,ridge,3.459494473181943,0.2820100464818223,0.6615866498115975,0.703125,15.9,0.0,,,,
0.8,0.816496580927726,0.8333333333333333,0.9949494949494949,0.022057098765432097,0.048518518518518516,Cricket,0,10,11.0,9,90,guide=sig | walk=aligned | guard,0.421,6,1197,1.5999999999999999,64,2.0,rf,3.459494473181943,0.2820100464818223,0.6615866498115975,0.703125,17.0,1.0,0.0,1.0,0.66,0.66
0.8333333333333334,0.9059288441743484,0.9090909090909092,0.9747474747474747,0.027952722709741955,0.02559999115566302,Cricket,0,10,11.0,9,90,guide=sig | walk=aligned | guard,0.421,6,1197,1.5999999999999999,64,2.0,ridge,3.459494473181943,0.2820100464818223,0.6615866498115975,0.703125,17.0,1.0,0.0,1.0,0.66,0.66
0.5,0.5773502691896257,0.6666666666666666,0.9772727272727273,0.03919490740740741,0.04810185185185186,Cricket,0,20,19.8,5,94,none,0.421,6,1197,1.5999999999999999,64,2.0,rf,,,,,,,,,,
0.5,0.5773502691896257,0.6666666666666666,0.9823232323232324,0.04262154229802115,0.03951967907200301,Cricket,0,20,19.8,5,94,none,0.421,6,1197,1.5999999999999999,64,2.0,ridge,,,,,,,,,,
0.6666666666666666,0.7071067811865476,0.75,0.9684343434343434,0.03571466049382716,0.02393518518518518,Cricket,0,20,19.8,5,94,SMOTE-raw,0.421,6,1197,1.5999999999999999,64,2.0,rf,4.077583030843945,0.2799788192573085,0.4209074632677471,,,,,,,
0.6,0.701729465267237,0.7424242424242424,0.9621212121212122,0.03980298044260021,0.03854968063082386,Cricket,0,20,19.8,5,94,SMOTE-raw,0.421,6,1197,1.5999999999999999,64,2.0,ridge,4.077583030843945,0.2799788192573085,0.4209074632677471,,,,,,,
0.6666666666666666,0.7071067811865476,0.75,1.0,0.026971913580246906,0.06814814814814814,Cricket,0,20,19.8,5,94,guide=gpf | walk=plain,0.421,6,1197,1.5999999999999999,64,2.0,rf,9.490295908407584,0.3165645433464527,2.019473793026846,0.5875,0.4,0.0,,,,
0.8333333333333334,0.9059288441743484,0.9090909090909092,0.9797979797979799,0.027529966073284586,0.037560631002578504,Cricket,0,20,19.8,5,94,guide=gpf | walk=plain,0.421,6,1197,1.5999999999999999,64,2.0,ridge,9.490295908407584,0.3165645433464527,2.019473793026846,0.5875,0.4,0.0,,,,
0.6666666666666666,0.7071067811865476,0.75,1.0,0.027196604938271605,0.06833333333333334,Cricket,0,20,19.8,5,94,guide=gpf | walk=plain | guard,0.421,6,1197,1.5999999999999999,64,2.0,rf,9.352012096113514,0.31443033114291286,1.9818297142404828,0.5875,1.8,1.0,1.0,0.995,2.02,1.98
0.8333333333333334,0.9059288441743484,0.9090909090909092,0.9797979797979799,0.02759105086996555,0.03746004126088933,Cricket,0,20,19.8,5,94,guide=gpf | walk=plain | guard,0.421,6,1197,1.5999999999999999,64,2.0,ridge,9.352012096113514,0.31443033114291286,1.9818297142404828,0.5875,1.8,1.0,1.0,0.995,2.02,1.98
0.6666666666666666,0.7071067811865476,0.75,0.9974747474747475,0.023794290123456786,0.05828703703703704,Cricket,0,20,19.8,5,94,guide=gpf | walk=aligned,0.421,6,1197,1.5999999999999999,64,2.0,rf,6.264277310529126,0.3818494744407687,0.7133894069323111,0.4895833333333333,17.0,0.0,,,,
0.8333333333333334,0.9059288441743484,0.9090909090909092,0.9848484848484849,0.025577804364717287,0.042261027863502526,Cricket,0,20,19.8,5,94,guide=gpf | walk=aligned,0.421,6,1197,1.5999999999999999,64,2.0,ridge,6.264277310529126,0.3818494744407687,0.7133894069323111,0.4895833333333333,17.0,0.0,,,,
0.6666666666666666,0.7071067811865476,0.75,0.9974747474747475,0.023794290123456786,0.05828703703703704,Cricket,0,20,19.8,5,94,guide=gpf | walk=aligned | guard,0.421,6,1197,1.5999999999999999,64,2.0,rf,6.264277310529126,0.3818494744407687,0.7133894069323111,0.4895833333333333,18.1,1.0,0.0,1.0,0.71,0.71
0.8333333333333334,0.9059288441743484,0.9090909090909092,0.9848484848484849,0.025577804364717287,0.042261027863502526,Cricket,0,20,19.8,5,94,guide=gpf | walk=aligned | guard,0.421,6,1197,1.5999999999999999,64,2.0,ridge,6.264277310529126,0.3818494744407687,0.7133894069323111,0.4895833333333333,18.1,1.0,0.0,1.0,0.71,0.71
0.6666666666666666,0.7071067811865476,0.75,1.0,0.031668672839506175,0.04828703703703704,Cricket,0,20,19.8,5,94,guide=sig | walk=aligned,0.421,6,1197,1.5999999999999999,64,2.0,rf,5.3534041162155415,0.30526783757801756,0.8804922261897542,0.734375,12.9,0.0,,,,
0.8333333333333334,0.9059288441743484,0.9090909090909092,0.9848484848484849,0.024546382323842167,0.04044959560416756,Cricket,0,20,19.8,5,94,guide=sig | walk=aligned,0.421,6,1197,1.5999999999999999,64,2.0,ridge,5.3534041162155415,0.30526783757801756,0.8804922261897542,0.734375,12.9,0.0,,,,
0.6666666666666666,0.7071067811865476,0.75,1.0,0.031668672839506175,0.04828703703703704,Cricket,0,20,19.8,5,94,guide=sig | walk=aligned | guard,0.421,6,1197,1.5999999999999999,64,2.0,rf,5.3534041162155415,0.30526783757801756,0.8804922261897542,0.734375,14.0,1.0,0.0,1.0,0.88,0.88
0.8333333333333334,0.9059288441743484,0.9090909090909092,0.9848484848484849,0.024546382323842167,0.04044959560416756,Cricket,0,20,19.8,5,94,guide=sig | walk=aligned | guard,0.421,6,1197,1.5999999999999999,64,2.0,ridge,5.3534041162155415,0.30526783757801756,0.8804922261897542,0.734375,14.0,1.0,0.0,1.0,0.88,0.88
0.6666666666666666,0.7071067811865476,0.75,0.9924242424242424,0.025841358024691362,0.052314814814814814,Cricket,1,5,11.0,9,90,none,0.421,6,1197,1.7999999999999998,64,2.0,rf,,,,,,,,,,
0.8333333333333334,0.9059288441743484,0.9090909090909092,0.9772727272727273,0.030017993683609863,0.03484921807759963,Cricket,1,5,11.0,9,90,none,0.421,6,1197,1.7999999999999998,64,2.0,ridge,,,,,,,,,,
0.6666666666666666,0.7071067811865476,0.75,0.9835858585858587,0.02681805555555556,0.04319444444444444,Cricket,1,5,11.0,9,90,SMOTE-raw,0.421,6,1197,1.7999999999999998,64,2.0,rf,2.77667691899072,0.2804330981096808,0.41175311706673196,,,,,,,
0.8333333333333334,0.9059288441743484,0.9090909090909092,0.9444444444444444,0.03240890865482438,0.037347754134915104,Cricket,1,5,11.0,9,90,SMOTE-raw,0.421,6,1197,1.7999999999999998,64,2.0,ridge,2.77667691899072,0.2804330981096808,0.41175311706673196,,,,,,,
1.0,1.0,1.0,1.0,0.011904475308641976,0.06273148148148149,Cricket,1,5,11.0,9,90,guide=gpf | walk=plain,0.421,6,1197,1.7999999999999998,64,2.0,rf,4.317135899385233,0.1784854638186122,3.226016152042728,0.5625,0.4,0.0,,,,
0.8333333333333334,0.9059288441743484,0.9090909090909092,0.9393939393939394,0.028025486695050315,0.026298298293782527,Cricket,1,5,11.0,9,90,guide=gpf | walk=plain,0.421,6,1197,1.7999999999999998,64,2.0,ridge,4.317135899385233,0.1784854638186122,3.226016152042728,0.5625,0.4,0.0,,,,
0.9090909090909091,0.9128709291752769,0.9166666666666667,1.0,0.011072530864197528,0.05999999999999999,Cricket,1,5,11.0,9,90,guide=gpf | walk=plain | guard,0.421,6,1197,1.7999999999999998,64,2.0,rf,2.5323498416190873,0.1777250506933794,1.346358468943387,0.5625,1.6,1.0,1.0,0.787,3.23,1.35
0.8333333333333334,0.9059288441743484,0.9090909090909092,0.946969696969697,0.02934910222498767,0.030198074400877184,Cricket,1,5,11.0,9,90,guide=gpf | walk=plain | guard,0.421,6,1197,1.7999999999999998,64,2.0,ridge,2.5323498416190873,0.1777250506933794,1.346358468943387,0.5625,1.6,1.0,1.0,0.787,3.23,1.35
0.9090909090909091,0.9128709291752769,0.9166666666666667,0.9949494949494949,0.01962716049382716,0.06435185185185185,Cricket,1,5,11.0,9,90,guide=gpf | walk=aligned,0.421,6,1197,1.7999999999999998,64,2.0,rf,2.3867726303305457,0.20191603329778707,0.7485281800983468,0.703125,14.4,0.0,,,,
0.8333333333333334,0.9059288441743484,0.9090909090909092,0.9722222222222222,0.02859635784260325,0.030456719084785144,Cricket,1,5,11.0,9,90,guide=gpf | walk=aligned,0.421,6,1197,1.7999999999999998,64,2.0,ridge,2.3867726303305457,0.20191603329778707,0.7485281800983468,0.703125,14.4,0.0,,,,
0.9090909090909091,0.9128709291752769,0.9166666666666667,0.9949494949494949,0.01962716049382716,0.06435185185185185,Cricket,1,5,11.0,9,90,guide=gpf | walk=aligned | guard,0.421,6,1197,1.7999999999999998,64,2.0,rf,2.3867726303305457,0.20191603329778707,0.7485281800983468,0.703125,15.5,1.0,0.0,1.0,0.75,0.75
0.8333333333333334,0.9059288441743484,0.9090909090909092,0.9722222222222222,0.02859635784260325,0.030456719084785144,Cricket,1,5,11.0,9,90,guide=gpf | walk=aligned | guard,0.421,6,1197,1.7999999999999998,64,2.0,ridge,2.3867726303305457,0.20191603329778707,0.7485281800983468,0.703125,15.5,1.0,0.0,1.0,0.75,0.75
0.8,0.816496580927726,0.8333333333333333,0.9974747474747475,0.02076913580246914,0.06453703703703702,Cricket,1,5,11.0,9,90,guide=sig | walk=aligned,0.421,6,1197,1.7999999999999998,64,2.0,rf,2.9356160547413808,0.2519422038590764,0.6065348005489088,0.703125,16.2,0.0,,,,
0.8333333333333334,0.9059288441743484,0.9090909090909092,0.9747474747474747,0.028067846615538867,0.02608406965617249,Cricket,1,5,11.0,9,90,guide=sig | walk=aligned,0.421,6,1197,1.7999999999999998,64,2.0,ridge,2.9356160547413808,0.2519422038590764,0.6065348005489088,0.703125,16.2,0.0,,,,
0.8,0.816496580927726,0.8333333333333333,0.9974747474747475,0.02076913580246914,0.06453703703703702,Cricket,1,5,11.0,9,90,guide=sig | walk=aligned | guard,0.421,6,1197,1.7999999999999998,64,2.0,rf,2.9356160547413808,0.2519422038590764,0.6065348005489088,0.703125,17.3,1.0,0.0,1.0,0.61,0.61
0.8333333333333334,0.9059288441743484,0.9090909090909092,0.9747474747474747,0.028067846615538867,0.02608406965617249,Cricket,1,5,11.0,9,90,guide=sig | walk=aligned | guard,0.421,6,1197,1.7999999999999998,64,2.0,ridge,2.9356160547413808,0.2519422038590764,0.6065348005489088,0.703125,17.3,1.0,0.0,1.0,0.61,0.61
0.6666666666666666,0.7071067811865476,0.75,0.9898989898989898,0.026379938271604935,0.05175925925925926,Cricket,1,10,11.0,9,90,none,0.421,6,1197,1.7999999999999998,64,2.0,rf,,,,,,,,,,
0.8333333333333334,0.9059288441743484,0.9090909090909092,0.9772727272727273,0.03001799368360985,0.0348492180775996,Cricket,1,10,11.0,9,90,none,0.421,6,1197,1.7999999999999998,64,2.0,ridge,,,,,,,,,,
0.8,0.816496580927726,0.8333333333333333,0.9924242424242424,0.022535030864197534,0.04745370370370371,Cricket,1,10,11.0,9,90,SMOTE-raw,0.421,6,1197,1.7999999999999998,64,2.0,rf,3.1965127793475254,0.28822440587679427,0.5004227719059648,,,,,,,
0.8333333333333334,0.9059288441743484,0.9090909090909092,0.9570707070707071,0.0320126398101985,0.03788677945036309,Cricket,1,10,11.0,9,90,SMOTE-raw,0.421,6,1197,1.7999999999999998,64,2.0,ridge,3.1965127793475254,0.28822440587679427,0.5004227719059648,,,,,,,
1.0,1.0,1.0,1.0,0.013102314814814815,0.06634259259259259,Cricket,1,10,11.0,9,90,guide=gpf | walk=plain,0.421,6,1197,1.7999999999999998,64,2.0,rf,4.89283850153608,0.18005978066048656,4.096273830117036,0.5625,0.4,0.0,,,,
0.8333333333333334,0.9059288441743484,0.9090909090909092,0.946969696969697,0.02551510868877346,0.02888835924531541,Cricket,1,10,11.0,9,90,guide=gpf | walk=plain,0.421,6,1197,1.7999999999999998,64,2.0,ridge,4.89283850153608,0.18005978066048656,4.096273830117036,0.5625,0.4,0.0,,,,
0.9090909090909091,0.9128709291752769,0.9166666666666667,1.0,0.014629629629629631,0.06731481481481481,Cricket,1,10,11.0,9,90,guide=gpf | walk=plain | guard,0.421,6,1197,1.7999999999999998,64,2.0,rf,2.7216371938968056,0.21044592353318958,1.1403806109414791,0.5625,1.6,1.0,1.0,0.699,4.1,1.14
0.8333333333333334,0.9059288441743484,0.9090909090909092,0.9520202020202021,0.02950121980523933,0.030607462679828685,Cricket,1,10,11.0,9,90,guide=gpf | walk=plain | guard,0.421,6,1197,1.7999999999999998,64,2.0,ridge,2.7216371938968056,0.21044592353318958,1.1403806109414791,0.5625,1.6,1.0,1.0,0.699,4.1,1.14
0.9090909090909091,0.9128709291752769,0.9166666666666667,0.9949494949494949,0.020802006172839504,0.05199074074074074,Cricket,1,10,11.0,9,90,guide=gpf | walk=aligned,0.421,6,1197,1.7999999999999998,64,2.0,rf,2.26325281524851,0.19021304216612134,0.8137339192694253,0.703125,14.1,0.0,,,,
0.8333333333333334,0.9059288441743484,0.9090909090909092,0.9646464646464646,0.028406489085254602,0.029647796096985306,Cricket,1,10,11.0,9,90,guide=gpf | walk=aligned,0.421,6,1197,1.7999999999999998,64,2.0,ridge,2.26325281524851,0.19021304216612134,0.8137339192694253,0.703125,14.1,0.0,,,,
0.9090909090909091,0.9128709291752769,0.9166666666666667,0.9949494949494949,0.020802006172839504,0.05199074074074074,Cricket,1,10,11.0,9,90,guide=gpf | walk=aligned | guard,0.421,6,1197,1.7999999999999998,64,2.0,rf,2.26325281524851,0.19021304216612134,0.8137339192694253,0.703125,15.2,1.0,0.0,1.0,0.81,0.81
0.8333333333333334,0.9059288441743484,0.9090909090909092,0.9646464646464646,0.028406489085254602,0.029647796096985306,Cricket,1,10,11.0,9,90,guide=gpf | walk=aligned | guard,0.421,6,1197,1.7999999999999998,64,2.0,ridge,2.26325281524851,0.19021304216612134,0.8137339192694253,0.703125,15.2,1.0,0.0,1.0,0.81,0.81
0.9090909090909091,0.9128709291752769,0.9166666666666667,0.9974747474747474,0.01920864197530864,0.06472222222222224,Cricket,1,10,11.0,9,90,guide=sig | walk=aligned,0.421,6,1197,1.7999999999999998,64,2.0,rf,2.850986003352986,0.2233414311381816,0.7562850501540892,0.703125,15.4,0.0,,,,
0.8333333333333334,0.9059288441743484,0.9090909090909092,0.9747474747474747,0.028048948025761848,0.026429350226126906,Cricket,1,10,11.0,9,90,guide=sig | walk=aligned,0.421,6,1197,1.7999999999999998,64,2.0,ridge,2.850986003352986,0.2233414311381816,0.7562850501540892,0.703125,15.4,0.0,,,,
0.9090909090909091,0.9128709291752769,0.9166666666666667,0.9974747474747474,0.01920864197530864,0.06472222222222224,Cricket,1,10,11.0,9,90,guide=sig | walk=aligned | guard,0.421,6,1197,1.7999999999999998,64,2.0,rf,2.850986003352986,0.2233414311381816,0.7562850501540892,0.703125,16.5,1.0,0.0,1.0,0.76,0.76
0.8333333333333334,0.9059288441743484,0.9090909090909092,0.9747474747474747,0.028048948025761848,0.026429350226126906,Cricket,1,10,11.0,9,90,guide=sig | walk=aligned | guard,0.421,6,1197,1.7999999999999998,64,2.0,ridge,2.850986003352986,0.2233414311381816,0.7562850501540892,0.703125,16.5,1.0,0.0,1.0,0.76,0.76
0.6666666666666666,0.7071067811865476,0.75,0.9898989898989898,0.03116666666666667,0.05768518518518518,Cricket,1,20,19.8,5,94,none,0.421,6,1197,1.5999999999999999,64,2.0,rf,,,,,,,,,,
0.6666666666666666,0.7071067811865476,0.75,0.9772727272727273,0.039779725617505854,0.043432442283716635,Cricket,1,20,19.8,5,94,none,0.421,6,1197,1.5999999999999999,64,2.0,ridge,,,,,,,,,,
0.2857142857142857,0.408248290463863,0.5833333333333334,1.0,0.036373919753086424,0.06921296296296296,Cricket,1,20,19.8,5,94,SMOTE-raw,0.421,6,1197,1.5999999999999999,64,2.0,rf,5.211563644892395,0.4723314928313254,0.39128280076215566,,,,,,,
0.7272727272727273,0.8102873913406629,0.8257575757575757,0.9772727272727273,0.03819156470512503,0.03846177454563226,Cricket,1,20,19.8,5,94,SMOTE-raw,0.421,6,1197,1.5999999999999999,64,2.0,ridge,5.211563644892395,0.4723314928313254,0.39128280076215566,,,,,,,
0.2857142857142857,0.408248290463863,0.5833333333333334,0.9924242424242424,0.038609876543209874,0.048240740740740744,Cricket,1,20,19.8,5,94,guide=gpf | walk=plain,0.421,6,1197,1.5999999999999999,64,2.0,rf,7.018657478917939,0.3653381029399131,1.8419001590898394,0.5875,0.4,0.0,,,,
0.6666666666666666,0.7071067811865476,0.75,0.9444444444444445,0.03571232510656935,0.0396215545264327,Cricket,1,20,19.8,5,94,guide=gpf | walk=plain,0.421,6,1197,1.5999999999999999,64,2.0,ridge,7.018657478917939,0.3653381029399131,1.8419001590898394,0.5875,0.4,0.0,,,,
0.2857142857142857,0.408248290463863,0.5833333333333334,0.9924242424242424,0.038609876543209874,0.048240740740740744,Cricket,1,20,19.8,5,94,guide=gpf | walk=plain | guard,0.421,6,1197,1.5999999999999999,64,2.0,rf,7.018657478917939,0.3653381029399131,1.8419001590898394,0.5875,1.6,1.0,0.0,1.0,1.84,1.84
0.6666666666666666,0.7071067811865476,0.75,0.9444444444444445,0.03571232510656935,0.0396215545264327,Cricket,1,20,19.8,5,94,guide=gpf | walk=plain | guard,0.421,6,1197,1.5999999999999999,64,2.0,ridge,7.018657478917939,0.3653381029399131,1.8419001590898394,0.5875,1.6,1.0,0.0,1.0,1.84,1.84
0.8,0.816496580927726,0.8333333333333333,0.9974747474747475,0.023798148148148148,0.06527777777777777,Cricket,1,20,19.8,5,94,guide=gpf | walk=aligned,0.421,6,1197,1.5999999999999999,64,2.0,rf,3.7084762722685145,0.3167008447931864,0.6185764868803039,0.734375,11.9,0.0,,,,
0.6666666666666666,0.7071067811865476,0.75,0.9924242424242424,0.027826237471242545,0.032117946045563145,Cricket,1,20,19.8,5,94,guide=gpf | walk=aligned,0.421,6,1197,1.5999999999999999,64,2.0,ridge,3.7084762722685145,0.3167008447931864,0.6185764868803039,0.734375,11.9,0.0,,,,
0.8,0.816496580927726,0.8333333333333333,0.9974747474747475,0.023798148148148148,0.06527777777777777,Cricket,1,20,19.8,5,94,guide=gpf | walk=aligned | guard,0.421,6,1197,1.5999999999999999,64,2.0,rf,3.7084762722685145,0.3167008447931864,0.6185764868803039,0.734375,12.9,1.0,0.0,1.0,0.62,0.62
0.6666666666666666,0.7071067811865476,0.75,0.9924242424242424,0.027826237471242545,0.032117946045563145,Cricket,1,20,19.8,5,94,guide=gpf | walk=aligned | guard,0.421,6,1197,1.5999999999999999,64,2.0,ridge,3.7084762722685145,0.3167008447931864,0.6185764868803039,0.734375,12.9,1.0,0.0,1.0,0.62,0.62
0.2857142857142857,0.408248290463863,0.5833333333333334,1.0,0.03355601851851851,0.06162037037037036,Cricket,1,20,19.8,5,94,guide=sig | walk=aligned,0.421,6,1197,1.5999999999999999,64,2.0,rf,5.191845487802604,0.4211982616748215,0.48650109238790373,0.5875,16.9,0.0,,,,
0.6666666666666666,0.7071067811865476,0.75,0.98989898989899,0.030519261252479946,0.03530208131348302,Cricket,1,20,19.8,5,94,guide=sig | walk=aligned,0.421,6,1197,1.5999999999999999,64,2.0,ridge,5.191845487802604,0.4211982616748215,0.48650109238790373,0.5875,16.9,0.0,,,,
0.2857142857142857,0.408248290463863,0.5833333333333334,1.0,0.03355601851851851,0.06162037037037036,Cricket,1,20,19.8,5,94,guide=sig | walk=aligned | guard,0.421,6,1197,1.5999999999999999,64,2.0,rf,5.191845487802604,0.4211982616748215,0.48650109238790373,0.5875,18.1,1.0,0.0,1.0,0.49,0.49
0.6666666666666666,0.7071067811865476,0.75,0.98989898989899,0.030519261252479946,0.03530208131348302,Cricket,1,20,19.8,5,94,guide=sig | walk=aligned | guard,0.421,6,1197,1.5999999999999999,64,2.0,ridge,5.191845487802604,0.4211982616748215,0.48650109238790373,0.5875,18.1,1.0,0.0,1.0,0.49,0.49
0.6666666666666666,0.7071067811865476,0.75,0.9924242424242424,0.025950462962962963,0.053564814814814815,Cricket,2,5,11.0,9,90,none,0.421,6,1197,1.5999999999999999,64,2.0,rf,,,,,,,,,,
0.8333333333333334,0.9059288441743484,0.9090909090909092,0.9772727272727273,0.030017993683609842,0.03484921807759959,Cricket,2,5,11.0,9,90,none,0.421,6,1197,1.5999999999999999,64,2.0,ridge,,,,,,,,,,
0.8,0.816496580927726,0.8333333333333333,0.9861111111111112,0.026955401234567897,0.04449074074074074,Cricket,2,5,11.0,9,90,SMOTE-raw,0.421,6,1197,1.5999999999999999,64,2.0,rf,3.1644027495354266,0.3015199403156027,0.4335277424662475,,,,,,,
0.8333333333333334,0.9059288441743484,0.9090909090909092,0.952020202020202,0.03385843659864058,0.04081076394920851,Cricket,2,5,11.0,9,90,SMOTE-raw,0.421,6,1197,1.5999999999999999,64,2.0,ridge,3.1644027495354266,0.3015199403156027,0.4335277424662475,,,,,,,
1.0,1.0,1.0,1.0,0.013465740740740742,0.06509259259259259,Cricket,2,5,11.0,9,90,guide=gpf | walk=plain,0.421,6,1197,1.5999999999999999,64,2.0,rf,4.373298355552034,0.19800378493422965,2.3216299651271157,0.5625,0.4,0.0,,,,
0.8333333333333334,0.9059288441743484,0.9090909090909092,0.9570707070707071,0.026746113644455068,0.020474489335039404,Cricket,2,5,11.0,9,90,guide=gpf | walk=plain,0.421,6,1197,1.5999999999999999,64,2.0,ridge,4.373298355552034,0.19800378493422965,2.3216299651271157,0.5625,0.4,0.0,,,,
1.0,1.0,1.0,1.0,0.012500771604938272,0.0648611111111111,Cricket,2,5,11.0,9,90,guide=gpf | walk=plain | guard,0.421,6,1197,1.5999999999999999,64,2.0,rf,3.463135732749752,0.17721763492706855,1.7492535180067392,0.5625,1.6,1.0,1.0,0.928,2.32,1.75
0.8333333333333334,0.9059288441743484,0.9090909090909092,0.9621212121212122,0.02705341767445173,0.02431569393324281,Cricket,2,5,11.0,9,90,guide=gpf | walk=plain | guard,0.421,6,1197,1.5999999999999999,64,2.0,ridge,3.463135732749752,0.17721763492706855,1.7492535180067392,0.5625,1.6,1.0,1.0,0.928,2.32,1.75
0.9090909090909091,0.9128709291752769,0.9166666666666667,0.994949494949495,0.017071296296296296,0.049722222222222216,Cricket,2,5,11.0,9,90,guide=gpf | walk=aligned,0.421,6,1197,1.5999999999999999,64,2.0,rf,2.1870597079616303,0.1805420773624401,0.8129868460209206,0.703125,14.4,0.0,,,,
0.8333333333333334,0.9059288441743484,0.9090909090909092,0.9671717171717171,0.028309178141510752,0.026746292798559036,Cricket,2,5,11.0,9,90,guide=gpf | walk=aligned,0.421,6,1197,1.5999999999999999,64,2.0,ridge,2.1870597079616303,0.1805420773624401,0.8129868460209206,0.703125,14.4,0.0,,,,
0.9090909090909091,0.9128709291752769,0.9166666666666667,0.994949494949495,0.017071296296296296,0.049722222222222216,Cricket,2,5,11.0,9,90,guide=gpf | walk=aligned | guard,0.421,6,1197,1.5999999999999999,64,2.0,rf,2.1870597079616303,0.1805420773624401,0.8129868460209206,0.703125,15.4,1.0,0.0,1.0,0.81,0.81
0.8333333333333334,0.9059288441743484,0.9090909090909092,0.9671717171717171,0.028309178141510752,0.026746292798559036,Cricket,2,5,11.0,9,90,guide=gpf | walk=aligned | guard,0.421,6,1197,1.5999999999999999,64,2.0,ridge,2.1870597079616303,0.1805420773624401,0.8129868460209206,0.703125,15.4,1.0,0.0,1.0,0.81,0.81
0.8,0.816496580927726,0.8333333333333333,0.9974747474747475,0.02350416666666667,0.07060185185185186,Cricket,2,5,11.0,9,90,guide=sig | walk=aligned,0.421,6,1197,1.5999999999999999,64,2.0,rf,3.0645445176327613,0.2474265951007174,0.6720482976500891,0.703125,16.0,0.0,,,,
0.8333333333333334,0.9059288441743484,0.9090909090909092,0.9747474747474747,0.028109957437496527,0.026128612535967065,Cricket,2,5,11.0,9,90,guide=sig | walk=aligned,0.421,6,1197,1.5999999999999999,64,2.0,ridge,3.0645445176327613,0.2474265951007174,0.6720482976500891,0.703125,16.0,0.0,,,,
0.8,0.816496580927726,0.8333333333333333,0.9974747474747475,0.02350416666666667,0.07060185185185186,Cricket,2,5,11.0,9,90,guide=sig | walk=aligned | guard,0.421,6,1197,1.5999999999999999,64,2.0,rf,3.0645445176327613,0.2474265951007174,0.6720482976500891,0.703125,17.1,1.0,0.0,1.0,0.67,0.67
0.8333333333333334,0.9059288441743484,0.9090909090909092,0.9747474747474747,0.028109957437496527,0.026128612535967065,Cricket,2,5,11.0,9,90,guide=sig | walk=aligned | guard,0.421,6,1197,1.5999999999999999,64,2.0,ridge,3.0645445176327613,0.2474265951007174,0.6720482976500891,0.703125,17.1,1.0,0.0,1.0,0.67,0.67
0.6666666666666666,0.7071067811865476,0.75,0.9924242424242424,0.027301234567901234,0.04435185185185186,Cricket,2,10,11.0,9,90,none,0.421,6,1197,1.5999999999999999,64,2.0,rf,,,,,,,,,,
0.8333333333333334,0.9059288441743484,0.9090909090909092,0.9772727272727273,0.03001799368360985,0.034849218077599615,Cricket,2,10,11.0,9,90,none,0.421,6,1197,1.5999999999999999,64,2.0,ridge,,,,,,,,,,
0.8,0.816496580927726,0.8333333333333333,0.9797979797979798,0.02652592592592593,0.04537037037037037,Cricket,2,10,11.0,9,90,SMOTE-raw,0.421,6,1197,1.5999999999999999,64,2.0,rf,2.978898827860119,0.2751979460919097,0.49179187019792386,,,,,,,
0.8333333333333334,0.9059288441743484,0.9090909090909092,0.9646464646464646,0.032575276319050724,0.038799832604482665,Cricket,2,10,11.0,9,90,SMOTE-raw,0.421,6,1197,1.5999999999999999,64,2.0,ridge,2.978898827860119,0.2751979460919097,0.49179187019792386,,,,,,,
1.0,1.0,1.0,1.0,0.012077469135802467,0.06138888888888888,Cricket,2,10,11.0,9,90,guide=gpf | walk=plain,0.421,6,1197,1.5999999999999999,64,2.0,rf,4.281431272179896,0.19260414118695335,2.626520701560864,0.5625,0.4,0.0,,,,
0.8333333333333334,0.9059288441743484,0.9090909090909092,0.9494949494949496,0.02755960214660065,0.02025024341707403,Cricket,2,10,11.0,9,90,guide=gpf | walk=plain,0.421,6,1197,1.5999999999999999,64,2.0,ridge,4.281431272179896,0.19260414118695335,2.626520701560864,0.5625,0.4,0.0,,,,
0.9090909090909091,0.9128709291752769,0.9166666666666667,1.0,0.012735648148148147,0.06560185185185186,Cricket,2,10,11.0,9,90,guide=gpf | walk=plain | guard,0.421,6,1197,1.5999999999999999,64,2.0,rf,2.9738866302447793,0.16916741528785229,1.6006213269855123,0.5625,1.5,1.0,1.0,0.873,2.63,1.6
0.8333333333333334,0.9059288441743484,0.9090909090909092,0.9570707070707071,0.028251295811088723,0.028189479825885044,Cricket,2,10,11.0,9,90,guide=gpf | walk=plain | guard,0.421,6,1197,1.5999999999999999,64,2.0,ridge,2.9738866302447793,0.16916741528785229,1.6006213269855123,0.5625,1.5,1.0,1.0,0.873,2.63,1.6
0.9090909090909091,0.9128709291752769,0.9166666666666667,0.9949494949494949,0.020672376543209872,0.05995370370370371,Cricket,2,10,11.0,9,90,guide=gpf | walk=aligned,0.421,6,1197,1.5999999999999999,64,2.0,rf,2.178258231482724,0.17513217635911904,0.81893672262502,0.703125,14.2,0.0,,,,
0.8333333333333334,0.9059288441743484,0.9090909090909092,0.9646464646464646,0.02822595093326322,0.02598229680404731,Cricket,2,10,11.0,9,90,guide=gpf | walk=aligned,0.421,6,1197,1.5999999999999999,64,2.0,ridge,2.178258231482724,0.17513217635911904,0.81893672262502,0.703125,14.2,0.0,,,,
0.9090909090909091,0.9128709291752769,0.9166666666666667,0.9949494949494949,0.020672376543209872,0.05995370370370371,Cricket,2,10,11.0,9,90,guide=gpf | walk=aligned | guard,0.421,6,1197,1.5999999999999999,64,2.0,rf,2.178258231482724,0.17513217635911904,0.81893672262502,0.703125,15.2,1.0,0.0,1.0,0.82,0.82
0.8333333333333334,0.9059288441743484,0.9090909090909092,0.9646464646464646,0.02822595093326322,0.02598229680404731,Cricket,2,10,11.0,9,90,guide=gpf | walk=aligned | guard,0.421,6,1197,1.5999999999999999,64,2.0,ridge,2.178258231482724,0.17513217635911904,0.81893672262502,0.703125,15.2,1.0,0.0,1.0,0.82,0.82
0.6666666666666666,0.7071067811865476,0.75,0.9949494949494949,0.02431635802469136,0.050277777777777775,Cricket,2,10,11.0,9,90,guide=sig | walk=aligned,0.421,6,1197,1.5999999999999999,64,2.0,rf,2.6630864028064885,0.21176409540769625,0.7006446073978544,0.703125,15.5,0.0,,,,
0.8333333333333334,0.9059288441743484,0.9090909090909092,0.9747474747474747,0.028033683749592628,0.026384325315500765,Cricket,2,10,11.0,9,90,guide=sig | walk=aligned,0.421,6,1197,1.5999999999999999,64,2.0,ridge,2.6630864028064885,0.21176409540769625,0.7006446073978544,0.703125,15.5,0.0,,,,
0.6666666666666666,0.7071067811865476,0.75,0.9949494949494949,0.02431635802469136,0.050277777777777775,Cricket,2,10,11.0,9,90,guide=sig | walk=aligned | guard,0.421,6,1197,1.5999999999999999,64,2.0,rf,2.6630864028064885,0.21176409540769625,0.7006446073978544,0.703125,16.5,1.0,0.0,1.0,0.7,0.7
0.8333333333333334,0.9059288441743484,0.9090909090909092,0.9747474747474747,0.028033683749592628,0.026384325315500765,Cricket,2,10,11.0,9,90,guide=sig | walk=aligned | guard,0.421,6,1197,1.5999999999999999,64,2.0,ridge,2.6630864028064885,0.21176409540769625,0.7006446073978544,0.703125,16.5,1.0,0.0,1.0,0.7,0.7
0.5,0.5773502691896257,0.6666666666666666,0.9545454545454545,0.044236882716049385,0.03754629629629629,Cricket,2,20,19.8,5,94,none,0.421,6,1197,1.4,64,2.0,rf,,,,,,,,,,
0.6666666666666666,0.7071067811865476,0.75,0.9797979797979799,0.03740096073808296,0.04060288810533105,Cricket,2,20,19.8,5,94,none,0.421,6,1197,1.4,64,2.0,ridge,,,,,,,,,,
0.6,0.701729465267237,0.7424242424242424,0.9785353535353535,0.033133950617283955,0.05092592592592594,Cricket,2,20,19.8,5,94,SMOTE-raw,0.421,6,1197,1.4,64,2.0,rf,3.500027002004815,0.27950675738642117,0.38449540462351595,,,,,,,
0.7272727272727273,0.8102873913406629,0.8257575757575757,0.9722222222222222,0.039685247320904025,0.04228957432736008,Cricket,2,20,19.8,5,94,SMOTE-raw,0.421,6,1197,1.4,64,2.0,ridge,3.500027002004815,0.27950675738642117,0.38449540462351595,,,,,,,
0.5,0.5773502691896257,0.6666666666666666,0.9722222222222222,0.03597546296296296,0.03782407407407408,Cricket,2,20,19.8,5,94,guide=gpf | walk=plain,0.421,6,1197,1.4,64,2.0,rf,11.809483384213427,0.442801326990379,1.0786366082716878,0.41964285714285715,0.6,0.0,,,,
0.7272727272727273,0.8102873913406629,0.8257575757575757,0.9797979797979798,0.03554141378687196,0.03740305566373732,Cricket,2,20,19.8,5,94,guide=gpf | walk=plain,0.421,6,1197,1.4,64,2.0,ridge,11.809483384213427,0.442801326990379,1.0786366082716878,0.41964285714285715,0.6,0.0,,,,
0.5,0.5773502691896257,0.6666666666666666,0.9722222222222222,0.03597546296296296,0.03782407407407408,Cricket,2,20,19.8,5,94,guide=gpf | walk=plain | guard,0.421,6,1197,1.4,64,2.0,rf,11.809483384213427,0.442801326990379,1.0786366082716878,0.41964285714285715,1.8,1.0,0.0,1.0,1.08,1.08
0.7272727272727273,0.8102873913406629,0.8257575757575757,0.9797979797979798,0.03554141378687196,0.03740305566373732,Cricket,2,20,19.8,5,94,guide=gpf | walk=plain | guard,0.421,6,1197,1.4,64,2.0,ridge,11.809483384213427,0.442801326990379,1.0786366082716878,0.41964285714285715,1.8,1.0,0.0,1.0,1.08,1.08
0.5,0.5773502691896257,0.6666666666666666,0.9696969696969697,0.03906358024691357,0.04296296296296297,Cricket,2,20,19.8,5,94,guide=gpf | walk=aligned,0.421,6,1197,1.4,64,2.0,rf,4.73269034356715,0.2869982787055676,0.7154709663088765,0.41964285714285715,20.3,0.0,,,,
0.6,0.701729465267237,0.7424242424242424,0.9696969696969697,0.04392319783580591,0.04078818509317838,Cricket,2,20,19.8,5,94,guide=gpf | walk=aligned,0.421,6,1197,1.4,64,2.0,ridge,4.73269034356715,0.2869982787055676,0.7154709663088765,0.41964285714285715,20.3,0.0,,,,
0.5,0.5773502691896257,0.6666666666666666,0.9696969696969697,0.03906358024691357,0.04296296296296297,Cricket,2,20,19.8,5,94,guide=gpf | walk=aligned | guard,0.421,6,1197,1.4,64,2.0,rf,4.73269034356715,0.2869982787055676,0.7154709663088765,0.41964285714285715,21.3,1.0,0.0,1.0,0.72,0.72
0.6,0.701729465267237,0.7424242424242424,0.9696969696969697,0.04392319783580591,0.04078818509317838,Cricket,2,20,19.8,5,94,guide=gpf | walk=aligned | guard,0.421,6,1197,1.4,64,2.0,ridge,4.73269034356715,0.2869982787055676,0.7154709663088765,0.41964285714285715,21.3,1.0,0.0,1.0,0.72,0.72
0.6666666666666666,0.7071067811865476,0.75,0.9747474747474748,0.030223456790123455,0.0437962962962963,Cricket,2,20,19.8,5,94,guide=sig | walk=aligned,0.421,6,1197,1.4,64,2.0,rf,3.8207341079332426,0.20711699870649614,0.7902736388140784,0.734375,13.1,0.0,,,,
0.6666666666666666,0.8040302522073697,0.8181818181818181,0.9722222222222222,0.0402598126831048,0.04513755853009853,Cricket,2,20,19.8,5,94,guide=sig | walk=aligned,0.421,6,1197,1.4,64,2.0,ridge,3.8207341079332426,0.20711699870649614,0.7902736388140784,0.734375,13.1,0.0,,,,
0.6666666666666666,0.7071067811865476,0.75,0.9747474747474748,0.030223456790123455,0.0437962962962963,Cricket,2,20,19.8,5,94,guide=sig | walk=aligned | guard,0.421,6,1197,1.4,64,2.0,rf,3.8207341079332426,0.20711699870649614,0.7902736388140784,0.734375,14.3,1.0,0.0,1.0,0.79,0.79
0.6666666666666666,0.8040302522073697,0.8181818181818181,0.9722222222222222,0.0402598126831048,0.04513755853009853,Cricket,2,20,19.8,5,94,guide=sig | walk=aligned | guard,0.421,6,1197,1.4,64,2.0,ridge,3.8207341079332426,0.20711699870649614,0.7902736388140784,0.734375,14.3,1.0,0.0,1.0,0.79,0.79
0.6206896551724138,0.6708203932499369,0.725,0.9839285714285715,0.05011666666666668,0.08383333333333334,UWaveGestureLibrary,0,5,7.0,15,90,none,0.757,3,315,2.0,64,2.0,rf,,,,,,,,,,
0.9,0.9418826132501105,0.9428571428571428,0.99,0.020462963496911544,0.01892158404578681,UWaveGestureLibrary,0,5,7.0,15,90,none,0.757,3,315,2.0,64,2.0,ridge,,,,,,,,,,
0.8767123287671232,0.892828570971414,0.8982142857142857,0.9914732142857144,0.03189260416666666,0.08713541666666667,UWaveGestureLibrary,0,5,7.0,15,90,SMOTE-raw,0.757,3,315,2.0,64,2.0,rf,0.6778837463219087,0.048934535399130175,0.6059287225021687,,,,,,,
0.8888888888888888,0.940174755792013,0.9410714285714286,0.9914285714285713,0.023283326338404447,0.02889211967811749,UWaveGestureLibrary,0,5,7.0,15,90,SMOTE-raw,0.757,3,315,2.0,64,2.0,ridge,0.6778837463219087,0.048934535399130175,0.6059287225021687,,,,,,,
0.935064935064935,0.9469877054564723,0.9482142857142857,0.9980803571428571,0.0294740625,0.10626041666666668,UWaveGestureLibrary,0,5,7.0,15,90,guide=gpf | walk=plain,0.757,3,315,2.0,64,2.0,rf,1.094477503990877,0.07297320573316479,0.9852095851562113,0.9375,0.1,0.0,,,,
0.8674698795180723,0.9367496997597597,0.9375,0.98375,0.028200402541454846,0.029650637348764608,UWaveGestureLibrary,0,5,7.0,15,90,guide=gpf | walk=plain,0.757,3,315,2.0,64,2.0,ridge,1.094477503990877,0.07297320573316479,0.9852095851562113,0.9375,0.1,0.0,,,,
0.935064935064935,0.9469877054564723,0.9482142857142857,0.9980803571428571,0.0294740625,0.10626041666666668,UWaveGestureLibrary,0,5,7.0,15,90,guide=gpf | walk=plain | guard,0.757,3,315,2.0,64,2.0,rf,1.094477503990877,0.07297320573316479,0.9852095851562113,0.9375,0.9,1.0,0.0,1.0,0.99,0.99
0.8674698795180723,0.9367496997597597,0.9375,0.98375,0.028200402541454846,0.029650637348764608,UWaveGestureLibrary,0,5,7.0,15,90,guide=gpf | walk=plain | guard,0.757,3,315,2.0,64,2.0,ridge,1.094477503990877,0.07297320573316479,0.9852095851562113,0.9375,0.9,1.0,0.0,1.0,0.99,0.99
0.9230769230769231,0.9452890714334048,0.9464285714285714,0.9955803571428571,0.030900763888888887,0.10672916666666667,UWaveGestureLibrary,0,5,7.0,15,90,guide=gpf | walk=aligned,0.757,3,315,2.0,64,2.0,rf,0.43483574534612934,0.03491596448015355,0.5616519971158805,0.703125,1.0,0.0,,,,
0.8809523809523809,0.9496709956611289,0.95,0.9859821428571428,0.031027262572568264,0.03728274462849952,UWaveGestureLibrary,0,5,7.0,15,90,guide=gpf | walk=aligned,0.757,3,315,2.0,64,2.0,ridge,0.43483574534612934,0.03491596448015355,0.5616519971158805,0.703125,1.0,0.0,,,,
0.9230769230769231,0.9452890714334048,0.9464285714285714,0.9955803571428571,0.030900763888888887,0.10672916666666667,UWaveGestureLibrary,0,5,7.0,15,90,guide=gpf | walk=aligned | guard,0.757,3,315,2.0,64,2.0,rf,0.43483574534612934,0.03491596448015355,0.5616519971158805,0.703125,1.9,1.0,0.0,1.0,0.56,0.56
0.8809523809523809,0.9496709956611289,0.95,0.9859821428571428,0.031027262572568264,0.03728274462849952,UWaveGestureLibrary,0,5,7.0,15,90,guide=gpf | walk=aligned | guard,0.757,3,315,2.0,64,2.0,ridge,0.43483574534612934,0.03491596448015355,0.5616519971158805,0.703125,1.9,1.0,0.0,1.0,0.56,0.56
0.926829268292683,0.9676923950453322,0.9678571428571429,0.9932142857142857,0.0358709375,0.11367708333333337,UWaveGestureLibrary,0,5,7.0,15,90,guide=sig | walk=aligned,0.757,3,315,2.0,64,2.0,rf,0.5504224436027929,0.0416822409972164,0.7232142260807547,0.703125,0.9,0.0,,,,
0.8372093023255814,0.9315885051121782,0.9321428571428572,0.9897321428571428,0.03193688942714834,0.031430555221738335,UWaveGestureLibrary,0,5,7.0,15,90,guide=sig | walk=aligned,0.757,3,315,2.0,64,2.0,ridge,0.5504224436027929,0.0416822409972164,0.7232142260807547,0.703125,0.9,0.0,,,,
0.926829268292683,0.9676923950453322,0.9678571428571429,0.9932142857142857,0.0358709375,0.11367708333333337,UWaveGestureLibrary,0,5,7.0,15,90,guide=sig | walk=aligned | guard,0.757,3,315,2.0,64,2.0,rf,0.5504224436027929,0.0416822409972164,0.7232142260807547,0.703125,1.8,1.0,0.0,1.0,0.72,0.72
0.8372093023255814,0.9315885051121782,0.9321428571428572,0.9897321428571428,0.03193688942714834,0.031430555221738335,UWaveGestureLibrary,0,5,7.0,15,90,guide=sig | walk=aligned | guard,0.757,3,315,2.0,64,2.0,ridge,0.5504224436027929,0.0416822409972164,0.7232142260807547,0.703125,1.8,1.0,0.0,1.0,0.72,0.72
0.2553191489361702,0.38660611184290106,0.5732142857142857,0.9454910714285715,0.06876458333333334,0.054125,UWaveGestureLibrary,0,10,10.5,10,95,none,0.757,3,315,2.0,64,2.0,rf,,,,,,,,,,
0.75,0.7745966692414834,0.8,0.9808035714285714,0.037923264618863584,0.04120381259727097,UWaveGestureLibrary,0,10,10.5,10,95,none,0.757,3,315,2.0,64,2.0,ridge,,,,,,,,,,
0.7692307692307693,0.7905694150420949,0.8125,0.9935267857142857,0.03651888888888889,0.08900000000000002,UWaveGestureLibrary,0,10,10.5,10,95,SMOTE-raw,0.757,3,315,2.0,64,2.0,rf,1.3859194576398135,0.14061987829568223,0.4440181814507723,,,,,,,
0.821917808219178,0.8613734879332459,0.8696428571428572,0.9830357142857143,0.027841231429020015,0.026156184131498228,UWaveGestureLibrary,0,10,10.5,10,95,SMOTE-raw,0.757,3,315,2.0,64,2.0,ridge,1.3859194576398135,0.14061987829568223,0.4440181814507723,,,,,,,
0.6885245901639344,0.724568837309472,0.7625,0.9898660714285714,0.045845416666666666,0.09764583333333332,UWaveGestureLibrary,0,10,10.5,10,95,guide=gpf | walk=plain,0.757,3,315,2.0,64,2.0,rf,2.949343061243237,0.1940773673030891,1.2158847000694206,0.7421875,0.1,0.0,,,,
0.8571428571428571,0.8660254037844386,0.875,0.9831249999999999,0.02694114248241302,0.02615556719823969,UWaveGestureLibrary,0,10,10.5,10,95,guide=gpf | walk=plain,0.757,3,315,2.0,64,2.0,ridge,2.949343061243237,0.1940773673030891,1.2158847000694206,0.7421875,0.1,0.0,,,,
0.6885245901639344,0.724568837309472,0.7625,0.9898660714285714,0.045845416666666666,0.09764583333333332,UWaveGestureLibrary,0,10,10.5,10,95,guide=gpf | walk=plain | guard,0.757,3,315,2.0,64,2.0,rf,2.949343061243237,0.1940773673030891,1.2158847000694206,0.7421875,0.9,1.0,0.0,1.0,1.22,1.22
0.8571428571428571,0.8660254037844386,0.875,0.9831249999999999,0.02694114248241302,0.02615556719823969,UWaveGestureLibrary,0,10,10.5,10,95,guide=gpf | walk=plain | guard,0.757,3,315,2.0,64,2.0,ridge,2.949343061243237,0.1940773673030891,1.2158847000694206,0.7421875,0.9,1.0,0.0,1.0,1.22,1.22
0.8947368421052632,0.9186558503751943,0.9214285714285715,0.9919642857142856,0.0329046875,0.09826041666666666,UWaveGestureLibrary,0,10,10.5,10,95,guide=gpf | walk=aligned,0.757,3,315,2.0,64,2.0,rf,1.1113697650236656,0.0808735081980747,0.8441994892894494,0.7421875,0.8,0.0,,,,
0.868421052631579,0.9034161357235735,0.9071428571428571,0.989375,0.021812768498652883,0.013252198949495614,UWaveGestureLibrary,0,10,10.5,10,95,guide=gpf | walk=aligned,0.757,3,315,2.0,64,2.0,ridge,1.1113697650236656,0.0808735081980747,0.8441994892894494,0.7421875,0.8,0.0,,,,
0.8947368421052632,0.9186558503751943,0.9214285714285715,0.9919642857142856,0.0329046875,0.09826041666666666,UWaveGestureLibrary,0,10,10.5,10,95,guide=gpf | walk=aligned | guard,0.757,3,315,2.0,64,2.0,rf,1.1113697650236656,0.0808735081980747,0.8441994892894494,0.7421875,1.6,1.0,0.0,1.0,0.84,0.84
0.868421052631579,0.9034161357235735,0.9071428571428571,0.989375,0.021812768498652883,0.013252198949495614,UWaveGestureLibrary,0,10,10.5,10,95,guide=gpf | walk=aligned | guard,0.757,3,315,2.0,64,2.0,ridge,1.1113697650236656,0.0808735081980747,0.8441994892894494,0.7421875,1.6,1.0,0.0,1.0,0.84,0.84
0.9066666666666666,0.9203066259211033,0.9232142857142858,0.9974107142857143,0.03316277777777778,0.11489583333333334,UWaveGestureLibrary,0,10,10.5,10,95,guide=sig | walk=aligned,0.757,3,315,2.0,64,2.0,rf,1.3556429725154189,0.08173898824586956,1.394354506320781,0.7421875,0.9,0.0,,,,
0.8571428571428571,0.9350324669687755,0.9357142857142857,0.9909821428571428,0.024292540759043284,0.022558080424741583,UWaveGestureLibrary,0,10,10.5,10,95,guide=sig | walk=aligned,0.757,3,315,2.0,64,2.0,ridge,1.3556429725154189,0.08173898824586956,1.394354506320781,0.7421875,0.9,0.0,,,,
0.9066666666666666,0.9203066259211033,0.9232142857142858,0.9974107142857143,0.03316277777777778,0.11489583333333334,UWaveGestureLibrary,0,10,10.5,10,95,guide=sig | walk=aligned | guard,0.757,3,315,2.0,64,2.0,rf,1.3556429725154189,0.08173898824586956,1.394354506320781,0.7421875,1.8,1.0,0.0,1.0,1.39,1.39
0.8571428571428571,0.9350324669687755,0.9357142857142857,0.9909821428571428,0.024292540759043284,0.022558080424741583,UWaveGestureLibrary,0,10,10.5,10,95,guide=sig | walk=aligned | guard,0.757,3,315,2.0,64,2.0,ridge,1.3556429725154189,0.08173898824586956,1.394354506320781,0.7421875,1.8,1.0,0.0,1.0,1.39,1.39
0.046511627906976744,0.15754817857223413,0.5089285714285714,0.8295089285714285,0.10378631944444446,0.08052083333333333,UWaveGestureLibrary,0,20,21.0,5,100,none,0.757,3,315,1.5999999999999999,64,2.0,rf,,,,,,,,,,
0.2127659574468085,0.35228843701879126,0.5589285714285714,0.9455357142857143,0.0924538727430679,0.09127383512909244,UWaveGestureLibrary,0,20,21.0,5,100,none,0.757,3,315,1.5999999999999999,64,2.0,ridge,,,,,,,,,,
0.5454545454545454,0.6123724356957945,0.6875,0.9869196428571428,0.047379548611111114,0.08369791666666665,UWaveGestureLibrary,0,20,21.0,5,100,SMOTE-raw,0.757,3,315,1.5999999999999999,64,2.0,rf,3.2923989160005025,0.2258638946589102,0.4482858145312116,,,,,,,
0.6363636363636364,0.7180703308172536,0.7535714285714286,0.9575,0.0487012120535919,0.03905675702774582,UWaveGestureLibrary,0,20,21.0,5,100,SMOTE-raw,0.757,3,315,1.5999999999999999,64,2.0,ridge,3.2923989160005025,0.2258638946589102,0.4482858145312116,,,,,,,
0.2,0.35038244411336755,0.5535714285714286,0.8455803571428572,0.09259430555555556,0.054791666666666676,UWaveGestureLibrary,0,20,21.0,5,100,guide=gpf | walk=plain,0.757,3,315,1.5999999999999999,64,2.0,rf,18.088844814757927,0.7134804818209313,0.8971222467471675,0.5208333333333334,0.1,0.0,,,,
0.4444444444444444,0.5457628998540875,0.6464285714285715,0.9484821428571428,0.07112020176649766,0.06688791860617693,UWaveGestureLibrary,0,20,21.0,5,100,guide=gpf | walk=plain,0.757,3,315,1.5999999999999999,64,2.0,ridge,18.088844814757927,0.7134804818209313,0.8971222467471675,0.5208333333333334,0.1,0.0,,,,
0.2,0.35038244411336755,0.5535714285714286,0.8455803571428572,0.09259430555555556,0.054791666666666676,UWaveGestureLibrary,0,20,21.0,5,100,guide=gpf | walk=plain | guard,0.757,3,315,1.5999999999999999,64,2.0,rf,18.088844814757927,0.7134804818209313,0.8971222467471675,0.5208333333333334,0.9,1.0,0.0,1.0,0.9,0.9
0.4444444444444444,0.5457628998540875,0.6464285714285715,0.9484821428571428,0.07112020176649766,0.06688791860617693,UWaveGestureLibrary,0,20,21.0,5,100,guide=gpf | walk=plain | guard,0.757,3,315,1.5999999999999999,64,2.0,ridge,18.088844814757927,0.7134804818209313,0.8971222467471675,0.5208333333333334,0.9,1.0,0.0,1.0,0.9,0.9
0.21428571428571427,0.3803194146278325,0.5571428571428572,0.8234374999999999,0.1000314236111111,0.07755208333333333,UWaveGestureLibrary,0,20,21.0,5,100,guide=gpf | walk=aligned,0.757,3,315,1.5999999999999999,64,2.0,rf,13.872665273286849,0.6158681227959569,0.7717553060173369,0.3472222222222222,1.4,0.0,,,,
0.4642857142857143,0.5670254466449078,0.6571428571428571,0.9605357142857143,0.06508070039270208,0.059929805389136226,UWaveGestureLibrary,0,20,21.0,5,100,guide=gpf | walk=aligned,0.757,3,315,1.5999999999999999,64,2.0,ridge,13.872665273286849,0.6158681227959569,0.7717553060173369,0.3472222222222222,1.4,0.0,,,,
0.21428571428571427,0.3803194146278325,0.5571428571428572,0.8234374999999999,0.1000314236111111,0.07755208333333333,UWaveGestureLibrary,0,20,21.0,5,100,guide=gpf | walk=aligned | guard,0.757,3,315,1.5999999999999999,64,2.0,rf,13.872665273286849,0.6158681227959569,0.7717553060173369,0.3472222222222222,2.2,1.0,0.0,1.0,0.77,0.77
0.4642857142857143,0.5670254466449078,0.6571428571428571,0.9605357142857143,0.06508070039270208,0.059929805389136226,UWaveGestureLibrary,0,20,21.0,5,100,guide=gpf | walk=aligned | guard,0.757,3,315,1.5999999999999999,64,2.0,ridge,13.872665273286849,0.6158681227959569,0.7717553060173369,0.3472222222222222,2.2,1.0,0.0,1.0,0.77,0.77
0.3333333333333333,0.4472135954999579,0.6,0.9543303571428571,0.06334774305555554,0.08490624999999996,UWaveGestureLibrary,0,20,21.0,5,100,guide=sig | walk=aligned,0.757,3,315,1.5999999999999999,64,2.0,rf,5.593121564961219,0.28035268668974933,0.9015794940717844,0.5208333333333334,1.2,0.0,,,,
0.8148148148148148,0.8952254305081885,0.8982142857142856,0.9824107142857144,0.034727684018604474,0.01778977796287114,UWaveGestureLibrary,0,20,21.0,5,100,guide=sig | walk=aligned,0.757,3,315,1.5999999999999999,64,2.0,ridge,5.593121564961219,0.28035268668974933,0.9015794940717844,0.5208333333333334,1.2,0.0,,,,
0.3333333333333333,0.4472135954999579,0.6,0.9543303571428571,0.06334774305555554,0.08490624999999996,UWaveGestureLibrary,0,20,21.0,5,100,guide=sig | walk=aligned | guard,0.757,3,315,1.5999999999999999,64,2.0,rf,5.593121564961219,0.28035268668974933,0.9015794940717844,0.5208333333333334,2.1,1.0,0.0,1.0,0.9,0.9
0.8148148148148148,0.8952254305081885,0.8982142857142856,0.9824107142857144,0.034727684018604474,0.01778977796287114,UWaveGestureLibrary,0,20,21.0,5,100,guide=sig | walk=aligned | guard,0.757,3,315,1.5999999999999999,64,2.0,ridge,5.593121564961219,0.28035268668974933,0.9015794940717844,0.5208333333333334,2.1,1.0,0.0,1.0,0.9,0.9
0.576271186440678,0.6495877813769942,0.7089285714285715,0.9796428571428571,0.05271138888888889,0.0865625,UWaveGestureLibrary,1,5,7.0,15,90,none,0.757,3,315,2.1999999999999997,64,2.0,rf,,,,,,,,,,
0.9,0.9418826132501105,0.9428571428571428,0.99,0.020462963496911547,0.01892158404578681,UWaveGestureLibrary,1,5,7.0,15,90,none,0.757,3,315,2.1999999999999997,64,2.0,ridge,,,,,,,,,,
0.8767123287671232,0.892828570971414,0.8982142857142857,0.9871875000000001,0.03310159722222222,0.08291666666666667,UWaveGestureLibrary,1,5,7.0,15,90,SMOTE-raw,0.757,3,315,2.1999999999999997,64,2.0,rf,0.5145809206186325,0.044515277801309705,0.5113762828353312,,,,,,,
0.8888888888888888,0.940174755792013,0.9410714285714286,0.9916964285714285,0.02353738636690321,0.02019018117502107,UWaveGestureLibrary,1,5,7.0,15,90,SMOTE-raw,0.757,3,315,2.1999999999999997,64,2.0,ridge,0.5145809206186325,0.044515277801309705,0.5113762828353312,,,,,,,
0.9743589743589743,0.9746794344808963,0.975,0.9958035714285715,0.029167916666666665,0.1135,UWaveGestureLibrary,1,5,7.0,15,90,guide=gpf | walk=plain,0.757,3,315,2.1999999999999997,64,2.0,rf,1.2980083365697332,0.08975665892549944,1.2814255901720857,0.9375,0.1,0.0,,,,
0.8780487804878049,0.9384637903053509,0.9392857142857143,0.9828571428571429,0.02412810543976568,0.0266674453740924,UWaveGestureLibrary,1,5,7.0,15,90,guide=gpf | walk=plain,0.757,3,315,2.1999999999999997,64,2.0,ridge,1.2980083365697332,0.08975665892549944,1.2814255901720857,0.9375,0.1,0.0,,,,
0.9743589743589743,0.9746794344808963,0.975,0.9958035714285715,0.029167916666666665,0.1135,UWaveGestureLibrary,1,5,7.0,15,90,guide=gpf | walk=plain | guard,0.757,3,315,2.1999999999999997,64,2.0,rf,1.2980083365697332,0.08975665892549944,1.2814255901720857,0.9375,0.9,1.0,0.0,1.0,1.28,1.28
0.8780487804878049,0.9384637903053509,0.9392857142857143,0.9828571428571429,0.02412810543976568,0.0266674453740924,UWaveGestureLibrary,1,5,7.0,15,90,guide=gpf | walk=plain | guard,0.757,3,315,2.1999999999999997,64,2.0,ridge,1.2980083365697332,0.08975665892549944,1.2814255901720857,0.9375,0.9,1.0,0.0,1.0,1.28,1.28
0.9382716049382716,0.9694438759265172,0.9696428571428571,0.9924107142857143,0.033778472222222224,0.11233333333333331,UWaveGestureLibrary,1,5,7.0,15,90,guide=gpf | walk=aligned,0.757,3,315,2.1999999999999997,64,2.0,rf,0.4621147931863625,0.037031693450240155,0.6319877966434175,0.703125,0.9,0.0,,,,
0.8470588235294118,0.9333120745878244,0.9339285714285714,0.9908928571428571,0.03051262593128067,0.03206951275240658,UWaveGestureLibrary,1,5,7.0,15,90,guide=gpf | walk=aligned,0.757,3,315,2.1999999999999997,64,2.0,ridge,0.4621147931863625,0.037031693450240155,0.6319877966434175,0.703125,0.9,0.0,,,,
0.9382716049382716,0.9694438759265172,0.9696428571428571,0.9924107142857143,0.033778472222222224,0.11233333333333331,UWaveGestureLibrary,1,5,7.0,15,90,guide=gpf | walk=aligned | guard,0.757,3,315,2.1999999999999997,64,2.0,rf,0.4621147931863625,0.037031693450240155,0.6319877966434175,0.703125,1.9,1.0,0.0,1.0,0.63,0.63
0.8470588235294118,0.9333120745878244,0.9339285714285714,0.9908928571428571,0.03051262593128067,0.03206951275240658,UWaveGestureLibrary,1,5,7.0,15,90,guide=gpf | walk=aligned | guard,0.757,3,315,2.1999999999999997,64,2.0,ridge,0.4621147931863625,0.037031693450240155,0.6319877966434175,0.703125,1.9,1.0,0.0,1.0,0.63,0.63
0.9367088607594937,0.9583281573359187,0.9589285714285715,0.9931249999999999,0.03455631944444444,0.11566666666666668,UWaveGestureLibrary,1,5,7.0,15,90,guide=sig | walk=aligned,0.757,3,315,2.1999999999999997,64,2.0,rf,0.6727849679938256,0.05178648474884895,0.7783371784563111,0.9375,0.8,0.0,,,,
0.8409090909090909,0.9426880259585959,0.9428571428571428,0.9901785714285714,0.03539866364367742,0.036136643437981515,UWaveGestureLibrary,1,5,7.0,15,90,guide=sig | walk=aligned,0.757,3,315,2.1999999999999997,64,2.0,ridge,0.6727849679938256,0.05178648474884895,0.7783371784563111,0.9375,0.8,0.0,,,,
0.9367088607594937,0.9583281573359187,0.9589285714285715,0.9931249999999999,0.03455631944444444,0.11566666666666668,UWaveGestureLibrary,1,5,7.0,15,90,guide=sig | walk=aligned | guard,0.757,3,315,2.1999999999999997,64,2.0,rf,0.6727849679938256,0.05178648474884895,0.7783371784563111,0.9375,1.7,1.0,0.0,1.0,0.78,0.78
0.8409090909090909,0.9426880259585959,0.9428571428571428,0.9901785714285714,0.03539866364367742,0.036136643437981515,UWaveGestureLibrary,1,5,7.0,15,90,guide=sig | walk=aligned | guard,0.757,3,315,2.1999999999999997,64,2.0,ridge,0.6727849679938256,0.05178648474884895,0.7783371784563111,0.9375,1.7,1.0,0.0,1.0,0.78,0.78
0.18181818181818182,0.31622776601683794,0.55,0.9862500000000001,0.05898868055555555,0.10022916666666666,UWaveGestureLibrary,1,10,10.5,10,95,none,0.757,3,315,1.7999999999999998,64,2.0,rf,,,,,,,,,,
0.8974358974358975,0.9303897032964198,0.9321428571428572,0.9848214285714285,0.02384928457021091,0.024859369988121355,UWaveGestureLibrary,1,10,10.5,10,95,none,0.757,3,315,1.7999999999999998,64,2.0,ridge,,,,,,,,,,
0.7941176470588235,0.8201154099968405,0.8357142857142857,0.9938392857142857,0.03492451388888889,0.09333333333333337,UWaveGestureLibrary,1,10,10.5,10,95,SMOTE-raw,0.757,3,315,1.7999999999999998,64,2.0,rf,0.8830670994038226,0.0847383213412305,0.45309412188251935,,,,,,,
0.8536585365853658,0.9236476600955583,0.925,0.9808928571428571,0.028246390269599225,0.0317513082505803,UWaveGestureLibrary,1,10,10.5,10,95,SMOTE-raw,0.757,3,315,1.7999999999999998,64,2.0,ridge,0.8830670994038226,0.0847383213412305,0.45309412188251935,,,,,,,
0.8888888888888888,0.8944271909999159,0.9,0.9962946428571429,0.030488923611111114,0.09201041666666665,UWaveGestureLibrary,1,10,10.5,10,95,guide=gpf | walk=plain,0.757,3,315,1.7999999999999998,64,2.0,rf,1.5858921672705488,0.11370945843560698,0.9749596422258187,0.7421875,0.1,0.0,,,,
0.8536585365853658,0.9236476600955583,0.925,0.9866071428571429,0.026006124862905582,0.02801093079224388,UWaveGestureLibrary,1,10,10.5,10,95,guide=gpf | walk=plain,0.757,3,315,1.7999999999999998,64,2.0,ridge,1.5858921672705488,0.11370945843560698,0.9749596422258187,0.7421875,0.1,0.0,,,,
0.8888888888888888,0.8944271909999159,0.9,0.9962946428571429,0.030488923611111114,0.09201041666666665,UWaveGestureLibrary,1,10,10.5,10,95,guide=gpf | walk=plain | guard,0.757,3,315,1.7999999999999998,64,2.0,rf,1.5858921672705488,0.11370945843560698,0.9749596422258187,0.7421875,1.0,1.0,0.0,1.0,0.97,0.97
0.8536585365853658,0.9236476600955583,0.925,0.9866071428571429,0.026006124862905582,0.02801093079224388,UWaveGestureLibrary,1,10,10.5,10,95,guide=gpf | walk=plain | guard,0.757,3,315,1.7999999999999998,64,2.0,ridge,1.5858921672705488,0.11370945843560698,0.9749596422258187,0.7421875,1.0,1.0,0.0,1.0,0.97,0.97
0.88,0.9050453816561592,0.9089285714285714,0.9953571428571429,0.033041840277777776,0.10205208333333333,UWaveGestureLibrary,1,10,10.5,10,95,guide=gpf | walk=aligned,0.757,3,315,1.7999999999999998,64,2.0,rf,0.8927820056808962,0.06638113307270044,0.7905295996184201,0.7421875,0.8,0.0,,,,
0.8780487804878049,0.9384637903053509,0.9392857142857143,0.9907142857142858,0.025948356181068343,0.018571626328672666,UWaveGestureLibrary,1,10,10.5,10,95,guide=gpf | walk=aligned,0.757,3,315,1.7999999999999998,64,2.0,ridge,0.8927820056808962,0.06638113307270044,0.7905295996184201,0.7421875,0.8,0.0,,,,
0.88,0.9050453816561592,0.9089285714285714,0.9953571428571429,0.033041840277777776,0.10205208333333333,UWaveGestureLibrary,1,10,10.5,10,95,guide=gpf | walk=aligned | guard,0.757,3,315,1.7999999999999998,64,2.0,rf,0.8927820056808962,0.06638113307270044,0.7905295996184201,0.7421875,1.7,1.0,0.0,1.0,0.79,0.79
0.8780487804878049,0.9384637903053509,0.9392857142857143,0.9907142857142858,0.025948356181068343,0.018571626328672666,UWaveGestureLibrary,1,10,10.5,10,95,guide=gpf | walk=aligned | guard,0.757,3,315,1.7999999999999998,64,2.0,ridge,0.8927820056808962,0.06638113307270044,0.7905295996184201,0.7421875,1.7,1.0,0.0,1.0,0.79,0.79
0.8767123287671232,0.892828570971414,0.8982142857142857,0.9894196428571429,0.03729385416666666,0.09886458333333334,UWaveGestureLibrary,1,10,10.5,10,95,guide=sig | walk=aligned,0.757,3,315,1.7999999999999998,64,2.0,rf,0.5538497313328143,0.04853329513419491,0.6504799545242664,0.7421875,1.0,0.0,,,,
0.875,0.9270248108869579,0.9285714285714286,0.9793750000000001,0.027484747045016838,0.030570944827294135,UWaveGestureLibrary,1,10,10.5,10,95,guide=sig | walk=aligned,0.757,3,315,1.7999999999999998,64,2.0,ridge,0.5538497313328143,0.04853329513419491,0.6504799545242664,0.7421875,1.0,0.0,,,,
0.8767123287671232,0.892828570971414,0.8982142857142857,0.9894196428571429,0.03729385416666666,0.09886458333333334,UWaveGestureLibrary,1,10,10.5,10,95,guide=sig | walk=aligned | guard,0.757,3,315,1.7999999999999998,64,2.0,rf,0.5538497313328143,0.04853329513419491,0.6504799545242664,0.7421875,1.9,1.0,0.0,1.0,0.65,0.65
0.875,0.9270248108869579,0.9285714285714286,0.9793750000000001,0.027484747045016838,0.030570944827294135,UWaveGestureLibrary,1,10,10.5,10,95,guide=sig | walk=aligned | guard,0.757,3,315,1.7999999999999998,64,2.0,ridge,0.5538497313328143,0.04853329513419491,0.6504799545242664,0.7421875,1.9,1.0,0.0,1.0,0.65,0.65
0.09523809523809523,0.22360679774997896,0.525,0.9619642857142857,0.07910177083333333,0.08130208333333336,UWaveGestureLibrary,1,20,21.0,5,100,none,0.757,3,315,1.4,64,2.0,rf,,,,,,,,,,
0.7575757575757576,0.7891564212137269,0.8107142857142857,0.9853571428571429,0.03867380904234262,0.04933190763997955,UWaveGestureLibrary,1,20,21.0,5,100,none,0.757,3,315,1.4,64,2.0,ridge,,,,,,,,,,
0.2608695652173913,0.3872983346207417,0.575,0.9608035714285714,0.06845805555555556,0.06391666666666668,UWaveGestureLibrary,1,20,21.0,5,100,SMOTE-raw,0.757,3,315,1.4,64,2.0,rf,1.8099644595470732,0.1315843273688414,0.4055698272509718,,,,,,,
0.868421052631579,0.9034161357235735,0.9071428571428571,0.978125,0.027793812443721495,0.025020621453439664,UWaveGestureLibrary,1,20,21.0,5,100,SMOTE-raw,0.757,3,315,1.4,64,2.0,ridge,1.8099644595470732,0.1315843273688414,0.4055698272509718,,,,,,,
0.49056603773584906,0.570087712549569,0.6625,0.9773214285714286,0.05513149305555557,0.06478124999999998,UWaveGestureLibrary,1,20,21.0,5,100,guide=gpf | walk=plain,0.757,3,315,1.4,64,2.0,rf,4.071592580686891,0.17328895159908875,1.0219153617463623,0.78125,0.1,0.0,,,,
0.8533333333333334,0.8896227129680152,0.8946428571428572,0.9778571428571429,0.02865034984655307,0.026908478945108925,UWaveGestureLibrary,1,20,21.0,5,100,guide=gpf | walk=plain,0.757,3,315,1.4,64,2.0,ridge,4.071592580686891,0.17328895159908875,1.0219153617463623,0.78125,0.1,0.0,,,,
0.49056603773584906,0.570087712549569,0.6625,0.9773214285714286,0.05513149305555557,0.06478124999999998,UWaveGestureLibrary,1,20,21.0,5,100,guide=gpf | walk=plain | guard,0.757,3,315,1.4,64,2.0,rf,4.071592580686891,0.17328895159908875,1.0219153617463623,0.78125,0.9,1.0,0.0,1.0,1.02,1.02
0.8533333333333334,0.8896227129680152,0.8946428571428572,0.9778571428571429,0.02865034984655307,0.026908478945108925,UWaveGestureLibrary,1,20,21.0,5,100,guide=gpf | walk=plain | guard,0.757,3,315,1.4,64,2.0,ridge,4.071592580686891,0.17328895159908875,1.0219153617463623,0.78125,0.9,1.0,0.0,1.0,1.02,1.02
0.5862068965517241,0.6507550559597235,0.7107142857142857,0.9675892857142858,0.05207284722222222,0.06089583333333333,UWaveGestureLibrary,1,20,21.0,5,100,guide=gpf | walk=aligned,0.757,3,315,1.4,64,2.0,rf,2.074435233085085,0.15509175022646593,0.3796815980129846,0.78125,0.6,0.0,,,,
0.8311688311688312,0.8864052604279183,0.8910714285714285,0.9824107142857142,0.030313987583248443,0.02795924302051949,UWaveGestureLibrary,1,20,21.0,5,100,guide=gpf | walk=aligned,0.757,3,315,1.4,64,2.0,ridge,2.074435233085085,0.15509175022646593,0.3796815980129846,0.78125,0.6,0.0,,,,
0.5862068965517241,0.6507550559597235,0.7107142857142857,0.9675892857142858,0.05207284722222222,0.06089583333333333,UWaveGestureLibrary,1,20,21.0,5,100,guide=gpf | walk=aligned | guard,0.757,3,315,1.4,64,2.0,rf,2.074435233085085,0.15509175022646593,0.3796815980129846,0.78125,1.4,1.0,0.0,1.0,0.38,0.38
0.8311688311688312,0.8864052604279183,0.8910714285714285,0.9824107142857142,0.030313987583248443,0.02795924302051949,UWaveGestureLibrary,1,20,21.0,5,100,guide=gpf | walk=aligned | guard,0.757,3,315,1.4,64,2.0,ridge,2.074435233085085,0.15509175022646593,0.3796815980129846,0.78125,1.4,1.0,0.0,1.0,0.38,0.38
0.5185185185185185,0.5916079783099616,0.675,0.9803125,0.051006388888888886,0.067875,UWaveGestureLibrary,1,20,21.0,5,100,guide=sig | walk=aligned,0.757,3,315,1.4,64,2.0,rf,3.142540820837505,0.23251749209375416,0.3725635114824878,0.78125,0.8,0.0,,,,
0.8311688311688312,0.8864052604279183,0.8910714285714285,0.9805357142857143,0.0316152423796537,0.028520294872471805,UWaveGestureLibrary,1,20,21.0,5,100,guide=sig | walk=aligned,0.757,3,315,1.4,64,2.0,ridge,3.142540820837505,0.23251749209375416,0.3725635114824878,0.78125,0.8,0.0,,,,
0.5185185185185185,0.5916079783099616,0.675,0.9803125,0.051006388888888886,0.067875,UWaveGestureLibrary,1,20,21.0,5,100,guide=sig | walk=aligned | guard,0.757,3,315,1.4,64,2.0,rf,3.142540820837505,0.23251749209375416,0.3725635114824878,0.78125,1.6,1.0,0.0,1.0,0.37,0.37
0.8311688311688312,0.8864052604279183,0.8910714285714285,0.9805357142857143,0.0316152423796537,0.028520294872471805,UWaveGestureLibrary,1,20,21.0,5,100,guide=sig | walk=aligned | guard,0.757,3,315,1.4,64,2.0,ridge,3.142540820837505,0.23251749209375416,0.3725635114824878,0.78125,1.6,1.0,0.0,1.0,0.37,0.37
0.5172413793103449,0.6090830344519069,0.6821428571428572,0.9760267857142857,0.05544149305555555,0.08409375,UWaveGestureLibrary,2,5,7.0,15,90,none,0.757,3,315,2.0,64,2.0,rf,,,,,,,,,,
0.9,0.9418826132501105,0.9428571428571428,0.99,0.020462963496911547,0.01892158404578681,UWaveGestureLibrary,2,5,7.0,15,90,none,0.757,3,315,2.0,64,2.0,ridge,,,,,,,,,,
0.8611111111111112,0.8787673997464532,0.8857142857142857,0.9896875,0.03363965277777778,0.08633333333333335,UWaveGestureLibrary,2,5,7.0,15,90,SMOTE-raw,0.757,3,315,2.0,64,2.0,rf,0.6094609885629545,0.06707797237803381,0.4057992467534337,,,,,,,
0.8780487804878049,0.9384637903053509,0.9392857142857143,0.9907142857142857,0.024472128556847453,0.026570989264555447,UWaveGestureLibrary,2,5,7.0,15,90,SMOTE-raw,0.757,3,315,2.0,64,2.0,ridge,0.6094609885629545,0.06707797237803381,0.4057992467534337,,,,,,,
0.9620253164556962,0.9729373786925564,0.9732142857142857,0.9967410714285715,0.02994309027777778,0.11542708333333335,UWaveGestureLibrary,2,5,7.0,15,90,guide=gpf | walk=plain,0.757,3,315,2.0,64,2.0,rf,1.117320267413218,0.08000334134559128,1.1131066176985303,0.9375,0.1,0.0,,,,
0.8674698795180723,0.9367496997597597,0.9375,0.9826785714285714,0.0263667998828934,0.02875079254309652,UWaveGestureLibrary,2,5,7.0,15,90,guide=gpf | walk=plain,0.757,3,315,2.0,64,2.0,ridge,1.117320267413218,0.08000334134559128,1.1131066176985303,0.9375,0.1,0.0,,,,
0.9620253164556962,0.9729373786925564,0.9732142857142857,0.9967410714285715,0.02994309027777778,0.11542708333333335,UWaveGestureLibrary,2,5,7.0,15,90,guide=gpf | walk=plain | guard,0.757,3,315,2.0,64,2.0,rf,1.117320267413218,0.08000334134559128,1.1131066176985303,0.9375,0.9,1.0,0.0,1.0,1.11,1.11
0.8674698795180723,0.9367496997597597,0.9375,0.9826785714285714,0.0263667998828934,0.02875079254309652,UWaveGestureLibrary,2,5,7.0,15,90,guide=gpf | walk=plain | guard,0.757,3,315,2.0,64,2.0,ridge,1.117320267413218,0.08000334134559128,1.1131066176985303,0.9375,0.9,1.0,0.0,1.0,1.11,1.11
0.9090909090909091,0.9320675941153624,0.9339285714285714,0.9938392857142857,0.03257489583333333,0.10740624999999998,UWaveGestureLibrary,2,5,7.0,15,90,guide=gpf | walk=aligned,0.757,3,315,2.0,64,2.0,rf,0.4563290996077267,0.03771785871854971,0.5703576486790909,0.703125,0.8,0.0,,,,
0.8674698795180723,0.9367496997597597,0.9375,0.9863392857142856,0.026630927247002063,0.028303820180039446,UWaveGestureLibrary,2,5,7.0,15,90,guide=gpf | walk=aligned,0.757,3,315,2.0,64,2.0,ridge,0.4563290996077267,0.03771785871854971,0.5703576486790909,0.703125,0.8,0.0,,,,
0.9090909090909091,0.9320675941153624,0.9339285714285714,0.9938392857142857,0.03257489583333333,0.10740624999999998,UWaveGestureLibrary,2,5,7.0,15,90,guide=gpf | walk=aligned | guard,0.757,3,315,2.0,64,2.0,rf,0.4563290996077267,0.03771785871854971,0.5703576486790909,0.703125,1.5,1.0,0.0,1.0,0.57,0.57
0.8674698795180723,0.9367496997597597,0.9375,0.9863392857142856,0.026630927247002063,0.028303820180039446,UWaveGestureLibrary,2,5,7.0,15,90,guide=gpf | walk=aligned | guard,0.757,3,315,2.0,64,2.0,ridge,0.4563290996077267,0.03771785871854971,0.5703576486790909,0.703125,1.5,1.0,0.0,1.0,0.57,0.57
0.9156626506024096,0.9659377383070372,0.9660714285714285,0.9913392857142858,0.036798611111111115,0.12062500000000001,UWaveGestureLibrary,2,5,7.0,15,90,guide=sig | walk=aligned,0.757,3,315,2.0,64,2.0,rf,0.642689124390353,0.0494996709190747,0.7741457302945013,0.9375,0.7,0.0,,,,
0.8372093023255814,0.9315885051121782,0.9321428571428572,0.9875892857142857,0.03371396761140595,0.033371929897594535,UWaveGestureLibrary,2,5,7.0,15,90,guide=sig | walk=aligned,0.757,3,315,2.0,64,2.0,ridge,0.642689124390353,0.0494996709190747,0.7741457302945013,0.9375,0.7,0.0,,,,
0.9156626506024096,0.9659377383070372,0.9660714285714285,0.9913392857142858,0.036798611111111115,0.12062500000000001,UWaveGestureLibrary,2,5,7.0,15,90,guide=sig | walk=aligned | guard,0.757,3,315,2.0,64,2.0,rf,0.642689124390353,0.0494996709190747,0.7741457302945013,0.9375,1.5,1.0,0.0,1.0,0.77,0.77
0.8372093023255814,0.9315885051121782,0.9321428571428572,0.9875892857142857,0.03371396761140595,0.033371929897594535,UWaveGestureLibrary,2,5,7.0,15,90,guide=sig | walk=aligned | guard,0.757,3,315,2.0,64,2.0,ridge,0.642689124390353,0.0494996709190747,0.7741457302945013,0.9375,1.5,1.0,0.0,1.0,0.77,0.77
0.3137254901960784,0.4448113564840076,0.5946428571428571,0.9698660714285714,0.06423215277777779,0.08299999999999999,UWaveGestureLibrary,2,10,10.5,10,95,none,0.757,3,315,2.0,64,2.0,rf,,,,,,,,,,
0.9066666666666666,0.9203066259211033,0.9232142857142858,0.9851785714285715,0.02348360699408443,0.02783719089384048,UWaveGestureLibrary,2,10,10.5,10,95,none,0.757,3,315,2.0,64,2.0,ridge,,,,,,,,,,
0.7301587301587301,0.758287544405155,0.7875,0.9772321428571429,0.03765826388888889,0.06431250000000001,UWaveGestureLibrary,2,10,10.5,10,95,SMOTE-raw,0.757,3,315,2.0,64,2.0,rf,1.1326464423796043,0.0950941961059456,0.5030252182270925,,,,,,,
0.8860759493670886,0.9287087810503355,0.9303571428571429,0.9848214285714286,0.023051586088102653,0.0206451647920321,UWaveGestureLibrary,2,10,10.5,10,95,SMOTE-raw,0.757,3,315,2.0,64,2.0,ridge,1.1326464423796043,0.0950941961059456,0.5030252182270925,,,,,,,
0.8450704225352113,0.8644775465976132,0.8732142857142857,0.9891964285714286,0.03815982638888889,0.08969791666666667,UWaveGestureLibrary,2,10,10.5,10,95,guide=gpf | walk=plain,0.757,3,315,2.0,64,2.0,rf,3.1168786388301957,0.16770000978588673,1.2359004183083786,0.7421875,0.1,0.0,,,,
0.9113924050632911,0.9435873795558856,0.9446428571428571,0.9890178571428572,0.020087609012139233,0.012087426037625353,UWaveGestureLibrary,2,10,10.5,10,95,guide=gpf | walk=plain,0.757,3,315,2.0,64,2.0,ridge,3.1168786388301957,0.16770000978588673,1.2359004183083786,0.7421875,0.1,0.0,,,,
0.8450704225352113,0.8644775465976132,0.8732142857142857,0.9891964285714286,0.03815982638888889,0.08969791666666667,UWaveGestureLibrary,2,10,10.5,10,95,guide=gpf | walk=plain | guard,0.757,3,315,2.0,64,2.0,rf,3.1168786388301957,0.16770000978588673,1.2359004183083786,0.7421875,0.9,1.0,0.0,1.0,1.24,1.24
0.9113924050632911,0.9435873795558856,0.9446428571428571,0.9890178571428572,0.020087609012139233,0.012087426037625353,UWaveGestureLibrary,2,10,10.5,10,95,guide=gpf | walk=plain | guard,0.757,3,315,2.0,64,2.0,ridge,3.1168786388301957,0.16770000978588673,1.2359004183083786,0.7421875,0.9,1.0,0.0,1.0,1.24,1.24
0.9210526315789473,0.9337424698491549,0.9357142857142857,0.9917410714285715,0.030956875000000002,0.09233333333333332,UWaveGestureLibrary,2,10,10.5,10,95,guide=gpf | walk=aligned,0.757,3,315,2.0,64,2.0,rf,1.0457155629771844,0.08832796605300275,0.4910742261545048,0.59375,1.0,0.0,,,,
0.926829268292683,0.9676923950453322,0.9678571428571429,0.9964285714285714,0.015352467617629529,0.018873592462146305,UWaveGestureLibrary,2,10,10.5,10,95,guide=gpf | walk=aligned,0.757,3,315,2.0,64,2.0,ridge,1.0457155629771844,0.08832796605300275,0.4910742261545048,0.59375,1.0,0.0,,,,
0.9210526315789473,0.9337424698491549,0.9357142857142857,0.9917410714285715,0.030956875000000002,0.09233333333333332,UWaveGestureLibrary,2,10,10.5,10,95,guide=gpf | walk=aligned | guard,0.757,3,315,2.0,64,2.0,rf,1.0457155629771844,0.08832796605300275,0.4910742261545048,0.59375,1.8,1.0,0.0,1.0,0.49,0.49
0.926829268292683,0.9676923950453322,0.9678571428571429,0.9964285714285714,0.015352467617629529,0.018873592462146305,UWaveGestureLibrary,2,10,10.5,10,95,guide=gpf | walk=aligned | guard,0.757,3,315,2.0,64,2.0,ridge,1.0457155629771844,0.08832796605300275,0.4910742261545048,0.59375,1.8,1.0,0.0,1.0,0.49,0.49
0.9230769230769231,0.9452890714334048,0.9464285714285714,0.9945089285714286,0.03039822916666667,0.09584375,UWaveGestureLibrary,2,10,10.5,10,95,guide=sig | walk=aligned,0.757,3,315,2.0,64,2.0,rf,0.6371169194768989,0.0480618545511472,0.6358616548703764,0.7421875,0.9,0.0,,,,
0.8780487804878049,0.9384637903053509,0.9392857142857143,0.9950892857142857,0.024094115168274293,0.030322031863810717,UWaveGestureLibrary,2,10,10.5,10,95,guide=sig | walk=aligned,0.757,3,315,2.0,64,2.0,ridge,0.6371169194768989,0.0480618545511472,0.6358616548703764,0.7421875,0.9,0.0,,,,
0.9230769230769231,0.9452890714334048,0.9464285714285714,0.9945089285714286,0.03039822916666667,0.09584375,UWaveGestureLibrary,2,10,10.5,10,95,guide=sig | walk=aligned | guard,0.757,3,315,2.0,64,2.0,rf,0.6371169194768989,0.0480618545511472,0.6358616548703764,0.7421875,1.7,1.0,0.0,1.0,0.64,0.64
0.8780487804878049,0.9384637903053509,0.9392857142857143,0.9950892857142857,0.024094115168274293,0.030322031863810717,UWaveGestureLibrary,2,10,10.5,10,95,guide=sig | walk=aligned | guard,0.757,3,315,2.0,64,2.0,ridge,0.6371169194768989,0.0480618545511472,0.6358616548703764,0.7421875,1.7,1.0,0.0,1.0,0.64,0.64
0.0,0.0,0.5,0.9400892857142857,0.08249315972222224,0.08053125,UWaveGestureLibrary,2,20,21.0,5,100,none,0.757,3,315,1.5999999999999999,64,2.0,rf,,,,,,,,,,
0.6440677966101694,0.689202437604511,0.7375,0.9724999999999999,0.049492696900795115,0.0612302076032102,UWaveGestureLibrary,2,20,21.0,5,100,none,0.757,3,315,1.5999999999999999,64,2.0,ridge,,,,,,,,,,
0.3333333333333333,0.4472135954999579,0.6,0.9866517857142857,0.056568506944444444,0.07461458333333333,UWaveGestureLibrary,2,20,21.0,5,100,SMOTE-raw,0.757,3,315,1.5999999999999999,64,2.0,rf,2.119383252029536,0.1830275059863925,0.33212809684042854,,,,,,,
0.8266666666666667,0.8740300746705295,0.8803571428571428,0.9658035714285714,0.030125983954875247,0.029591298945022205,UWaveGestureLibrary,2,20,21.0,5,100,SMOTE-raw,0.757,3,315,1.5999999999999999,64,2.0,ridge,2.119383252029536,0.1830275059863925,0.33212809684042854,,,,,,,
0.5185185185185185,0.5916079783099616,0.675,0.9874999999999999,0.048053958333333334,0.08366666666666664,UWaveGestureLibrary,2,20,21.0,5,100,guide=gpf | walk=plain,0.757,3,315,1.5999999999999999,64,2.0,rf,5.981507752877633,0.23212064896439122,1.4730219877237878,0.78125,0.1,0.0,,,,
0.8493150684931506,0.8771911340832657,0.8839285714285714,0.9657142857142857,0.030321727210539173,0.02988213282333037,UWaveGestureLibrary,2,20,21.0,5,100,guide=gpf | walk=plain,0.757,3,315,1.5999999999999999,64,2.0,ridge,5.981507752877633,0.23212064896439122,1.4730219877237878,0.78125,0.1,0.0,,,,
0.5185185185185185,0.5916079783099616,0.675,0.9874999999999999,0.048053958333333334,0.08366666666666664,UWaveGestureLibrary,2,20,21.0,5,100,guide=gpf | walk=plain | guard,0.757,3,315,1.5999999999999999,64,2.0,rf,5.981507752877633,0.23212064896439122,1.4730219877237878,0.78125,1.0,1.0,0.0,1.0,1.47,1.47
0.8493150684931506,0.8771911340832657,0.8839285714285714,0.9657142857142857,0.030321727210539173,0.02988213282333037,UWaveGestureLibrary,2,20,21.0,5,100,guide=gpf | walk=plain | guard,0.757,3,315,1.5999999999999999,64,2.0,ridge,5.981507752877633,0.23212064896439122,1.4730219877237878,0.78125,1.0,1.0,0.0,1.0,1.47,1.47
0.6440677966101694,0.689202437604511,0.7375,0.9815178571428571,0.04602763888888889,0.081125,UWaveGestureLibrary,2,20,21.0,5,100,guide=gpf | walk=aligned,0.757,3,315,1.5999999999999999,64,2.0,rf,3.111163071214655,0.15356376104002434,0.851731492943347,0.78125,0.7,0.0,,,,
0.8421052631578947,0.888015443881146,0.8928571428571429,0.9620535714285715,0.028329097651698894,0.027037440255521874,UWaveGestureLibrary,2,20,21.0,5,100,guide=gpf | walk=aligned,0.757,3,315,1.5999999999999999,64,2.0,ridge,3.111163071214655,0.15356376104002434,0.851731492943347,0.78125,0.7,0.0,,,,
0.6440677966101694,0.689202437604511,0.7375,0.9815178571428571,0.04602763888888889,0.081125,UWaveGestureLibrary,2,20,21.0,5,100,guide=gpf | walk=aligned | guard,0.757,3,315,1.5999999999999999,64,2.0,rf,3.111163071214655,0.15356376104002434,0.851731492943347,0.78125,1.6,1.0,0.0,1.0,0.85,0.85
0.8421052631578947,0.888015443881146,0.8928571428571429,0.9620535714285715,0.028329097651698894,0.027037440255521874,UWaveGestureLibrary,2,20,21.0,5,100,guide=gpf | walk=aligned | guard,0.757,3,315,1.5999999999999999,64,2.0,ridge,3.111163071214655,0.15356376104002434,0.851731492943347,0.78125,1.6,1.0,0.0,1.0,0.85,0.85
0.7761194029850746,0.8047847982091682,0.8232142857142857,0.9866071428571429,0.03547420138888889,0.07603125000000001,UWaveGestureLibrary,2,20,21.0,5,100,guide=sig | walk=aligned,0.757,3,315,1.5999999999999999,64,2.0,rf,1.159887044961181,0.0831970299875251,0.4968538812961494,0.625,0.9,0.0,,,,
0.9113924050632911,0.9435873795558856,0.9446428571428571,0.9850000000000001,0.02069719366080843,0.017542299345300372,UWaveGestureLibrary,2,20,21.0,5,100,guide=sig | walk=aligned,0.757,3,315,1.5999999999999999,64,2.0,ridge,1.159887044961181,0.0831970299875251,0.4968538812961494,0.625,0.9,0.0,,,,
0.7761194029850746,0.8047847982091682,0.8232142857142857,0.9866071428571429,0.03547420138888889,0.07603125000000001,UWaveGestureLibrary,2,20,21.0,5,100,guide=sig | walk=aligned | guard,0.757,3,315,1.5999999999999999,64,2.0,rf,1.159887044961181,0.0831970299875251,0.4968538812961494,0.625,1.8,1.0,0.0,1.0,0.5,0.5
0.9113924050632911,0.9435873795558856,0.9446428571428571,0.9850000000000001,0.02069719366080843,0.017542299345300372,UWaveGestureLibrary,2,20,21.0,5,100,guide=sig | walk=aligned | guard,0.757,3,315,1.5999999999999999,64,2.0,ridge,1.159887044961181,0.0831970299875251,0.4968538812961494,0.625,1.8,1.0,0.0,1.0,0.5,0.5
0.7107438016528925,0.7409252816854903,0.7616950889945019,0.9251001770571242,0.16308816837315132,0.19034129692832766,SelfRegulationSCP1,0,5,4.9,27,106,none,0.351,6,896,1.7999999999999998,64,2.0,rf,,,,,,,,,,
0.7649402390438247,0.7856698083835368,0.7991333519709254,0.902199235858727,0.16898670321690545,0.15880228292054294,SelfRegulationSCP1,0,5,4.9,27,106,none,0.351,6,896,1.7999999999999998,64,2.0,ridge,,,,,,,,,,
0.7401574803149606,0.763228628054741,0.7752073432112572,0.8913195415152363,0.1619349260523322,0.1576336746302617,SelfRegulationSCP1,0,5,4.9,27,106,SMOTE-raw,0.351,6,896,1.7999999999999998,64,2.0,rf,2.987934616429289,0.2817559947900893,0.612757897786655,,,,,,,
0.75,0.7713053463951166,0.7820100642996924,0.8769452986674121,0.18447771871154303,0.17017666658528263,SelfRegulationSCP1,0,5,4.9,27,106,SMOTE-raw,0.351,6,896,1.7999999999999998,64,2.0,ridge,2.987934616429289,0.2817559947900893,0.612757897786655,,,,,,,
0.7686274509803922,0.7880384293992556,0.7990867579908676,0.9231432298946975,0.14358509670079633,0.14565415244596133,SelfRegulationSCP1,0,5,4.9,27,106,guide=gpf | walk=plain,0.351,6,896,1.7999999999999998,64,2.0,rf,2.7198358307116415,0.23299662201255789,1.3906068487044552,0.4732142857142857,0.4,0.0,,,,
0.7751937984496124,0.7931070109260056,0.8024648215450564,0.8989376572546828,0.16452666757820475,0.16362436750815523,SelfRegulationSCP1,0,5,4.9,27,106,guide=gpf | walk=plain,0.351,6,896,1.7999999999999998,64,2.0,ridge,2.7198358307116415,0.23299662201255789,1.3906068487044552,0.4732142857142857,0.4,0.0,,,,
0.7686274509803922,0.7880384293992556,0.7990867579908676,0.9231432298946975,0.14358509670079633,0.14565415244596133,SelfRegulationSCP1,0,5,4.9,27,106,guide=gpf | walk=plain | guard,0.351,6,896,1.7999999999999998,64,2.0,rf,2.7198358307116415,0.23299662201255789,1.3906068487044552,0.4732142857142857,1.5,1.0,0.0,1.0,1.39,1.39
0.7751937984496124,0.7931070109260056,0.8024648215450564,0.8989376572546828,0.16452666757820475,0.16362436750815523,SelfRegulationSCP1,0,5,4.9,27,106,guide=gpf | walk=plain | guard,0.351,6,896,1.7999999999999998,64,2.0,ridge,2.7198358307116415,0.23299662201255789,1.3906068487044552,0.4732142857142857,1.5,1.0,0.0,1.0,1.39,1.39
0.8014981273408239,0.8142965861418172,0.819425030286087,0.9235858727052464,0.12476154721274174,0.09042093287827072,SelfRegulationSCP1,0,5,4.9,27,106,guide=gpf | walk=aligned,0.351,6,896,1.7999999999999998,64,2.0,rf,2.601890946930588,0.24545953663595343,0.9020948864128617,0.4140625,17.4,0.0,,,,
0.7862595419847328,0.8019289948352234,0.8092442456434629,0.9020594539185537,0.1521058319558609,0.14813878181806234,SelfRegulationSCP1,0,5,4.9,27,106,guide=gpf | walk=aligned,0.351,6,896,1.7999999999999998,64,2.0,ridge,2.601890946930588,0.24545953663595343,0.9020948864128617,0.4140625,17.4,0.0,,,,
0.8014981273408239,0.8142965861418172,0.819425030286087,0.9235858727052464,0.12476154721274174,0.09042093287827072,SelfRegulationSCP1,0,5,4.9,27,106,guide=gpf | walk=aligned | guard,0.351,6,896,1.7999999999999998,64,2.0,rf,2.601890946930588,0.24545953663595343,0.9020948864128617,0.4140625,18.5,1.0,0.0,1.0,0.9,0.9
0.7862595419847328,0.8019289948352234,0.8092442456434629,0.9020594539185537,0.1521058319558609,0.14813878181806234,SelfRegulationSCP1,0,5,4.9,27,106,guide=gpf | walk=aligned | guard,0.351,6,896,1.7999999999999998,64,2.0,ridge,2.601890946930588,0.24545953663595343,0.9020948864128617,0.4140625,18.5,1.0,0.0,1.0,0.9,0.9
0.7985074626865671,0.8112295447874392,0.8160003727518405,0.9299226539931041,0.11931065604853999,0.08780432309442551,SelfRegulationSCP1,0,5,4.9,27,106,guide=sig | walk=aligned,0.351,6,896,1.7999999999999998,64,2.0,rf,1.8232046079600863,0.1536354181254832,1.150574460063997,0.6625,12.4,0.0,,,,
0.7806691449814126,0.7944277562387804,0.7989236790606653,0.8980989656136428,0.1510853314755412,0.13532630755264022,SelfRegulationSCP1,0,5,4.9,27,106,guide=sig | walk=aligned,0.351,6,896,1.7999999999999998,64,2.0,ridge,1.8232046079600863,0.1536354181254832,1.150574460063997,0.6625,12.4,0.0,,,,
0.7985074626865671,0.8112295447874392,0.8160003727518405,0.9299226539931041,0.11931065604853999,0.08780432309442551,SelfRegulationSCP1,0,5,4.9,27,106,guide=sig | walk=aligned | guard,0.351,6,896,1.7999999999999998,64,2.0,rf,1.8232046079600863,0.1536354181254832,1.150574460063997,0.6625,13.5,1.0,0.0,1.0,1.15,1.15
0.7806691449814126,0.7944277562387804,0.7989236790606653,0.8980989656136428,0.1510853314755412,0.13532630755264022,SelfRegulationSCP1,0,5,4.9,27,106,guide=sig | walk=aligned | guard,0.351,6,896,1.7999999999999998,64,2.0,ridge,1.8232046079600863,0.1536354181254832,1.150574460063997,0.6625,13.5,1.0,0.0,1.0,1.15,1.15
0.23668639053254437,0.3663204370034471,0.5611778958158605,0.9015003261578605,0.2519660978384528,0.2989533560864619,SelfRegulationSCP1,0,10,10.2,13,120,none,0.351,6,896,1.5999999999999999,64,2.0,rf,,,,,,,,,,
0.46,0.5458222315822462,0.6324899822942875,0.8570496691827416,0.2965448056932687,0.311746859532825,SelfRegulationSCP1,0,10,10.2,13,120,none,0.351,6,896,1.5999999999999999,64,2.0,ridge,,,,,,,,,,
0.2777777777777778,0.4009354451770622,0.5576367533314696,0.8586804584847637,0.2630135381114903,0.2896359499431172,SelfRegulationSCP1,0,10,10.2,13,120,SMOTE-raw,0.351,6,896,1.5999999999999999,64,2.0,rf,2.5872862119227786,0.2396141784824013,0.5981418429788867,,,,,,,
0.4221105527638191,0.5158922504651718,0.6086105675146771,0.8119001025067561,0.34470481823394356,0.35108488291200785,SelfRegulationSCP1,0,10,10.2,13,120,SMOTE-raw,0.351,6,896,1.5999999999999999,64,2.0,ridge,2.5872862119227786,0.2396141784824013,0.5981418429788867,,,,,,,
0.5566037735849056,0.620375914488332,0.6801323269033641,0.9108191221694156,0.19609025407660222,0.22844141069397042,SelfRegulationSCP1,0,10,10.2,13,120,guide=gpf | walk=plain,0.351,6,896,1.5999999999999999,64,2.0,rf,2.8965302188541404,0.22721762853131255,1.068825117949339,0.3125,0.7,0.0,,,,
0.5622119815668203,0.6240079257051456,0.6766610753890597,0.8463796477495108,0.270956786784349,0.2812607898295725,SelfRegulationSCP1,0,10,10.2,13,120,guide=gpf | walk=plain,0.351,6,896,1.5999999999999999,64,2.0,ridge,2.8965302188541404,0.22721762853131255,1.068825117949339,0.3125,0.7,0.0,,,,
0.5566037735849056,0.620375914488332,0.6801323269033641,0.9108191221694156,0.19609025407660222,0.22844141069397042,SelfRegulationSCP1,0,10,10.2,13,120,guide=gpf | walk=plain | guard,0.351,6,896,1.5999999999999999,64,2.0,rf,2.8965302188541404,0.22721762853131255,1.068825117949339,0.3125,1.9,1.0,0.0,1.0,1.07,1.07
0.5622119815668203,0.6240079257051456,0.6766610753890597,0.8463796477495108,0.270956786784349,0.2812607898295725,SelfRegulationSCP1,0,10,10.2,13,120,guide=gpf | walk=plain | guard,0.351,6,896,1.5999999999999999,64,2.0,ridge,2.8965302188541404,0.22721762853131255,1.068825117949339,0.3125,1.9,1.0,0.0,1.0,1.07,1.07
0.5302325581395348,0.5987826621943813,0.6562063181436959,0.8844236324666853,0.19994562002275312,0.22302616609783849,SelfRegulationSCP1,0,10,10.2,13,120,guide=gpf | walk=aligned,0.351,6,896,1.5999999999999999,64,2.0,rf,3.029804407033023,0.23853075553553982,0.9481337438607227,0.3125,25.8,0.0,,,,
0.4927536231884058,0.5705717646919488,0.6426474699468828,0.8396235206411331,0.2921890925568958,0.300318178984511,SelfRegulationSCP1,0,10,10.2,13,120,guide=gpf | walk=aligned,0.351,6,896,1.5999999999999999,64,2.0,ridge,3.029804407033023,0.23853075553553982,0.9481337438607227,0.3125,25.8,0.0,,,,
0.5302325581395348,0.5987826621943813,0.6562063181436959,0.8844236324666853,0.19994562002275312,0.22302616609783849,SelfRegulationSCP1,0,10,10.2,13,120,guide=gpf | walk=aligned | guard,0.351,6,896,1.5999999999999999,64,2.0,rf,3.029804407033023,0.23853075553553982,0.9481337438607227,0.3125,26.8,1.0,0.0,1.0,0.95,0.95
0.4927536231884058,0.5705717646919488,0.6426474699468828,0.8396235206411331,0.2921890925568958,0.300318178984511,SelfRegulationSCP1,0,10,10.2,13,120,guide=gpf | walk=aligned | guard,0.351,6,896,1.5999999999999999,64,2.0,ridge,3.029804407033023,0.23853075553553982,0.9481337438607227,0.3125,26.8,1.0,0.0,1.0,0.95,0.95
0.7016129032258065,0.7314952269041172,0.7479731618674867,0.8959323455409561,0.16550022753128557,0.17161547212741754,SelfRegulationSCP1,0,10,10.2,13,120,guide=sig | walk=aligned,0.351,6,896,1.5999999999999999,64,2.0,rf,2.3091944553291093,0.18649279762476578,1.0550440188281711,0.3125,28.8,0.0,,,,
0.6581196581196581,0.698521409238855,0.7276581865622962,0.8732177802627901,0.21184265800312652,0.2114152804596708,SelfRegulationSCP1,0,10,10.2,13,120,guide=sig | walk=aligned,0.351,6,896,1.5999999999999999,64,2.0,ridge,2.3091944553291093,0.18649279762476578,1.0550440188281711,0.3125,28.8,0.0,,,,
0.7016129032258065,0.7314952269041172,0.7479731618674867,0.8959323455409561,0.16550022753128557,0.17161547212741754,SelfRegulationSCP1,0,10,10.2,13,120,guide=sig | walk=aligned | guard,0.351,6,896,1.5999999999999999,64,2.0,rf,2.3091944553291093,0.18649279762476578,1.0550440188281711,0.3125,29.8,1.0,0.0,1.0,1.06,1.06
0.6581196581196581,0.698521409238855,0.7276581865622962,0.8732177802627901,0.21184265800312652,0.2114152804596708,SelfRegulationSCP1,0,10,10.2,13,120,guide=sig | walk=aligned | guard,0.351,6,896,1.5999999999999999,64,2.0,ridge,2.3091944553291093,0.18649279762476578,1.0550440188281711,0.3125,29.8,1.0,0.0,1.0,1.06,1.06
0.0784313725490196,0.20203050891044214,0.5204081632653061,0.865739446463517,0.31811854379977245,0.35624573378839586,SelfRegulationSCP1,0,20,19.0,7,126,none,0.351,6,896,1.5999999999999999,64,2.0,rf,,,,,,,,,,
0.3314917127071823,0.44552256401458284,0.5883421861895444,0.7808685117882769,0.3777387368223074,0.3877800471610759,SelfRegulationSCP1,0,20,19.0,7,126,none,0.351,6,896,1.5999999999999999,64,2.0,ridge,,,,,,,,,,
0.19161676646706588,0.3253636775844352,0.5407231385704967,0.830071754729289,0.3204956389836936,0.3422980659840728,SelfRegulationSCP1,0,20,19.0,7,126,SMOTE-raw,0.351,6,896,1.5999999999999999,64,2.0,rf,5.990769853511628,0.39165342776395284,0.5823263194525371,,,,,,,
0.32786885245901637,0.44237395520380884,0.5814928711210512,0.7460628086851178,0.38062989547082743,0.38637943684047954,SelfRegulationSCP1,0,20,19.0,7,126,SMOTE-raw,0.351,6,896,1.5999999999999999,64,2.0,ridge,5.990769853511628,0.39165342776395284,0.5823263194525371,,,,,,,
0.21052631578947367,0.3426613922600515,0.5406765445904389,0.8680924424564347,0.28563204398938186,0.32604095563139934,SelfRegulationSCP1,0,20,19.0,7,126,guide=gpf | walk=plain,0.351,6,896,1.5999999999999999,64,2.0,rf,7.0765172372603065,0.4653350798286737,0.4601446182954592,0.328125,0.7,0.0,,,,
0.34065934065934067,0.4528870722534839,0.591743546733762,0.7699655204547573,0.3764670295969726,0.3836472067572504,SelfRegulationSCP1,0,20,19.0,7,126,guide=gpf | walk=plain,0.351,6,896,1.5999999999999999,64,2.0,ridge,7.0765172372603065,0.4653350798286737,0.4601446182954592,0.328125,0.7,0.0,,,,
0.21052631578947367,0.3426613922600515,0.5406765445904389,0.8680924424564347,0.28563204398938186,0.32604095563139934,SelfRegulationSCP1,0,20,19.0,7,126,guide=gpf | walk=plain | guard,0.351,6,896,1.5999999999999999,64,2.0,rf,7.0765172372603065,0.4653350798286737,0.4601446182954592,0.328125,1.8,1.0,0.0,1.0,0.46,0.46
0.34065934065934067,0.4528870722534839,0.591743546733762,0.7699655204547573,0.3764670295969726,0.3836472067572504,SelfRegulationSCP1,0,20,19.0,7,126,guide=gpf | walk=plain | guard,0.351,6,896,1.5999999999999999,64,2.0,ridge,7.0765172372603065,0.4653350798286737,0.4601446182954592,0.328125,1.8,1.0,0.0,1.0,0.46,0.46
0.32967032967032966,0.4439510509553894,0.5849175286552977,0.8642018451216102,0.2778839969662495,0.3045164960182025,SelfRegulationSCP1,0,20,19.0,7,126,guide=gpf | walk=aligned,0.351,6,896,1.5999999999999999,64,2.0,rf,11.725204482000306,0.638720879389884,0.9043911499482543,0.30288461538461536,28.1,0.0,,,,
0.418848167539267,0.5144451445277434,0.6223557916317212,0.7946603298853789,0.35627533387266314,0.3729425749202325,SelfRegulationSCP1,0,20,19.0,7,126,guide=gpf | walk=aligned,0.351,6,896,1.5999999999999999,64,2.0,ridge,11.725204482000306,0.638720879389884,0.9043911499482543,0.30288461538461536,28.1,0.0,,,,
0.32967032967032966,0.4439510509553894,0.5849175286552977,0.8642018451216102,0.2778839969662495,0.3045164960182025,SelfRegulationSCP1,0,20,19.0,7,126,guide=gpf | walk=aligned | guard,0.351,6,896,1.5999999999999999,64,2.0,rf,11.725204482000306,0.638720879389884,0.9043911499482543,0.30288461538461536,29.2,1.0,0.0,1.0,0.9,0.9
0.418848167539267,0.5144451445277434,0.6223557916317212,0.7946603298853789,0.35627533387266314,0.3729425749202325,SelfRegulationSCP1,0,20,19.0,7,126,guide=gpf | walk=aligned | guard,0.351,6,896,1.5999999999999999,64,2.0,ridge,11.725204482000306,0.638720879389884,0.9043911499482543,0.30288461538461536,29.2,1.0,0.0,1.0,0.9,0.9
0.3128491620111732,0.43041568827090804,0.581539465101109,0.8401826484018264,0.2915572999620782,0.30821387940841866,SelfRegulationSCP1,0,20,19.0,7,126,guide=sig | walk=aligned,0.351,6,896,1.5999999999999999,64,2.0,rf,7.285865573864529,0.3960104092234741,2.007715684111311,0.04861111111111111,191.4,0.0,,,,
0.418848167539267,0.5144451445277434,0.6223557916317212,0.7587829652408908,0.3574237983529222,0.3677632617251053,SelfRegulationSCP1,0,20,19.0,7,126,guide=sig | walk=aligned,0.351,6,896,1.5999999999999999,64,2.0,ridge,7.285865573864529,0.3960104092234741,2.007715684111311,0.04861111111111111,191.4,0.0,,,,
0.3128491620111732,0.43041568827090804,0.581539465101109,0.8397865995713354,0.2920424345847554,0.30863481228668943,SelfRegulationSCP1,0,20,19.0,7,126,guide=sig | walk=aligned | guard,0.351,6,896,1.5999999999999999,64,2.0,rf,7.3152175987376555,0.3974636543651552,1.9981830037708965,0.04861111111111111,192.7,1.0,1.0,0.998,2.01,2.0
0.4105263157894737,0.507973878816585,0.6189544310875035,0.7587829652408908,0.3575908675538085,0.36863370056507,SelfRegulationSCP1,0,20,19.0,7,126,guide=sig | walk=aligned | guard,0.351,6,896,1.5999999999999999,64,2.0,ridge,7.3152175987376555,0.3974636543651552,1.9981830037708965,0.04861111111111111,192.7,1.0,1.0,0.998,2.01,2.0
0.6696035242290749,0.7091136952446514,0.7448047712235579,0.9468828627341348,0.15804387561623057,0.21273037542662115,SelfRegulationSCP1,1,5,4.9,27,106,none,0.351,6,896,2.0,64,2.0,rf,,,,,,,,,,
0.8089887640449438,0.8211626388214104,0.8262510483645513,0.9322989469760506,0.12417905539368611,0.11442462061927579,SelfRegulationSCP1,1,5,4.9,27,106,none,0.351,6,896,2.0,64,2.0,ridge,,,,,,,,,,
0.8059701492537313,0.818092861202139,0.8228263908303047,0.9257524927779331,0.13840917709518394,0.1654379977246871,SelfRegulationSCP1,1,5,4.9,27,106,SMOTE-raw,0.351,6,896,2.0,64,2.0,rf,2.482567260178433,0.20717643056473767,0.4920842866744344,,,,,,,
0.8188405797101449,0.8273243421106001,0.8295592209486534,0.9056005964029448,0.13758794220500692,0.12548043891657096,SelfRegulationSCP1,1,5,4.9,27,106,SMOTE-raw,0.351,6,896,2.0,64,2.0,ridge,2.482567260178433,0.20717643056473767,0.4920842866744344,,,,,,,
0.8191881918819188,0.8293774337374721,0.8330304724629578,0.9357003075202683,0.12142988244216915,0.13679180887372014,SelfRegulationSCP1,1,5,4.9,27,106,guide=gpf | walk=plain,0.351,6,896,2.0,64,2.0,rf,3.3857537807009717,0.15325298076110916,2.09812205640102,0.5520833333333334,0.5,0.0,,,,
0.8540925266903915,0.859097575433187,0.8602180598266704,0.9275929549902153,0.11136220969124204,0.08919369032855608,SelfRegulationSCP1,1,5,4.9,27,106,guide=gpf | walk=plain,0.351,6,896,2.0,64,2.0,ridge,3.3857537807009717,0.15325298076110916,2.09812205640102,0.5520833333333334,0.5,0.0,,,,
0.8394160583941606,0.8473566148265654,0.850060572174075,0.9377970366228684,0.11964273795980279,0.12854379977246871,SelfRegulationSCP1,1,5,4.9,27,106,guide=gpf | walk=plain | guard,0.351,6,896,2.0,64,2.0,rf,2.966885057744438,0.14324721554945397,1.9939385272029442,0.5520833333333334,1.6,1.0,1.0,0.976,2.1,1.99
0.8540925266903915,0.859097575433187,0.8602180598266704,0.9258689777280775,0.11166979511591055,0.08566415646468067,SelfRegulationSCP1,1,5,4.9,27,106,guide=gpf | walk=plain | guard,0.351,6,896,2.0,64,2.0,ridge,2.966885057744438,0.14324721554945397,1.9939385272029442,0.5520833333333334,1.6,1.0,1.0,0.976,2.1,1.99
0.8421052631578947,0.8459808116544061,0.8465194296896841,0.9314369583449819,0.11119029199848314,0.10102389078498289,SelfRegulationSCP1,1,5,4.9,27,106,guide=gpf | walk=aligned,0.351,6,896,2.0,64,2.0,rf,2.709904569219706,0.16244053837309336,2.245479511591051,0.2760416666666667,25.3,0.0,,,,
0.8698630136986302,0.8703055439437435,0.8703289534992078,0.9309477215543752,0.10088954720790094,0.07374531217296962,SelfRegulationSCP1,1,5,4.9,27,106,guide=gpf | walk=aligned,0.351,6,896,2.0,64,2.0,ridge,2.709904569219706,0.16244053837309336,2.245479511591051,0.2760416666666667,25.3,0.0,,,,
0.8421052631578947,0.8459808116544061,0.8465194296896841,0.9319960861056752,0.1108448236632537,0.0876222980659841,SelfRegulationSCP1,1,5,4.9,27,106,guide=gpf | walk=aligned | guard,0.351,6,896,2.0,64,2.0,rf,2.0342937927585023,0.13791553508935228,1.9657591973026565,0.2760416666666667,26.5,1.0,1.0,0.944,2.25,1.97
0.8745762711864407,0.8736985608815852,0.8737070170533967,0.9308545335942595,0.10167336310082509,0.08205372485632395,SelfRegulationSCP1,1,5,4.9,27,106,guide=gpf | walk=aligned | guard,0.351,6,896,2.0,64,2.0,ridge,2.0342937927585023,0.13791553508935228,1.9657591973026565,0.2760416666666667,26.5,1.0,1.0,0.944,2.25,1.97
0.8333333333333334,0.841009284893483,0.8432112571055819,0.9405460814462772,0.11141399317406143,0.10838452787258246,SelfRegulationSCP1,1,5,4.9,27,106,guide=sig | walk=aligned,0.351,6,896,2.0,64,2.0,rf,2.6957857044237024,0.23323652377082138,3.704480792682268,0.5520833333333334,14.3,0.0,,,,
0.8214285714285714,0.82816869444001,0.8295126269685956,0.9162240238561179,0.12398236444833988,0.09657158082551227,SelfRegulationSCP1,1,5,4.9,27,106,guide=sig | walk=aligned,0.351,6,896,2.0,64,2.0,ridge,2.6957857044237024,0.23323652377082138,3.704480792682268,0.5520833333333334,14.3,0.0,,,,
0.8118081180811808,0.8225233069274787,0.8262044543844935,0.9342558941384772,0.1207941600303375,0.1320364050056883,SelfRegulationSCP1,1,5,4.9,27,106,guide=sig | walk=aligned | guard,0.351,6,896,2.0,64,2.0,rf,3.9666691450476534,0.322553188189172,1.6788310942246223,0.5520833333333334,15.5,1.0,1.0,0.735,3.7,1.68
0.8268551236749117,0.8320696783794621,0.8328906905227844,0.9110986860497624,0.1326300434269602,0.11676899140586752,SelfRegulationSCP1,1,5,4.9,27,106,guide=sig | walk=aligned | guard,0.351,6,896,2.0,64,2.0,ridge,3.9666691450476534,0.322553188189172,1.6788310942246223,0.5520833333333334,15.5,1.0,1.0,0.735,3.7,1.68
0.28901734104046245,0.4109783178093948,0.5816093560711956,0.9069518218246203,0.2550943496397421,0.3069169510807736,SelfRegulationSCP1,1,10,10.2,13,120,none,0.351,6,896,2.0,64,2.0,rf,,,,,,,,,,
0.48756218905472637,0.5673780117515818,0.6495433789954338,0.8733575622029633,0.26997623678093113,0.28505680197798344,SelfRegulationSCP1,1,10,10.2,13,120,none,0.351,6,896,2.0,64,2.0,ridge,,,,,,,,,,
0.44329896907216493,0.5333880784501877,0.6325598732643742,0.8991706271549715,0.21963022373909746,0.2590102389078498,SelfRegulationSCP1,1,10,10.2,13,120,SMOTE-raw,0.351,6,896,2.0,64,2.0,rf,3.8071563652023226,0.2913116941524303,0.5155060379670218,,,,,,,
0.5283018867924528,0.5978871256376588,0.6596542726679713,0.8488025347125151,0.28113295422896756,0.2826599239619726,SelfRegulationSCP1,1,10,10.2,13,120,SMOTE-raw,0.351,6,896,2.0,64,2.0,ridge,3.8071563652023226,0.2913116941524303,0.5155060379670218,,,,,,,
0.46875,0.5532833351724882,0.653061224489796,0.9193924145000465,0.2157996587030717,0.26476678043230945,SelfRegulationSCP1,1,10,10.2,13,120,guide=gpf | walk=plain,0.351,6,896,2.0,64,2.0,rf,7.407400279378509,0.4024946326653278,1.668679238280469,0.46875,0.6,0.0,,,,
0.6055045871559633,0.6584858224879777,0.7073665082471344,0.8939055074084428,0.23773567424236372,0.25238716106538545,SelfRegulationSCP1,1,10,10.2,13,120,guide=gpf | walk=plain,0.351,6,896,2.0,64,2.0,ridge,7.407400279378509,0.4024946326653278,1.668679238280469,0.46875,0.6,0.0,,,,
0.46875,0.5532833351724882,0.653061224489796,0.9193924145000465,0.2157996587030717,0.26476678043230945,SelfRegulationSCP1,1,10,10.2,13,120,guide=gpf | walk=plain | guard,0.351,6,896,2.0,64,2.0,rf,7.407400279378509,0.4024946326653278,1.668679238280469,0.46875,1.6,1.0,0.0,1.0,1.67,1.67
0.6055045871559633,0.6584858224879777,0.7073665082471344,0.8939055074084428,0.23773567424236372,0.25238716106538545,SelfRegulationSCP1,1,10,10.2,13,120,guide=gpf | walk=plain | guard,0.351,6,896,2.0,64,2.0,ridge,7.407400279378509,0.4024946326653278,1.668679238280469,0.46875,1.6,1.0,0.0,1.0,1.67,1.67
0.728,0.7537685273507558,0.7684279191128507,0.9176218432578511,0.15170845657944634,0.14748577929465298,SelfRegulationSCP1,1,10,10.2,13,120,guide=gpf | walk=aligned,0.351,6,896,2.0,64,2.0,rf,4.185766605075466,0.2152039271178956,1.7778969861288496,0.057692307692307696,138.5,0.0,,,,
0.714859437751004,0.7426526388183784,0.7582005404901686,0.9066256639642158,0.18186525151621113,0.17718675525530875,SelfRegulationSCP1,1,10,10.2,13,120,guide=gpf | walk=aligned,0.351,6,896,2.0,64,2.0,ridge,4.185766605075466,0.2152039271178956,1.7778969861288496,0.057692307692307696,138.5,0.0,,,,
0.728,0.7537685273507558,0.7684279191128507,0.9176218432578511,0.15170845657944634,0.14748577929465298,SelfRegulationSCP1,1,10,10.2,13,120,guide=gpf | walk=aligned | guard,0.351,6,896,2.0,64,2.0,rf,4.185766605075466,0.2152039271178956,1.7778969861288496,0.057692307692307696,139.6,1.0,0.0,1.0,1.78,1.78
0.714859437751004,0.7426526388183784,0.7582005404901686,0.9066256639642158,0.18186525151621113,0.17718675525530875,SelfRegulationSCP1,1,10,10.2,13,120,guide=gpf | walk=aligned | guard,0.351,6,896,2.0,64,2.0,ridge,4.185766605075466,0.2152039271178956,1.7778969861288496,0.057692307692307696,139.6,1.0,0.0,1.0,1.78,1.78
0.7984790874524715,0.812692849309616,0.8194716242661448,0.9264048084987418,0.1341007584376185,0.12351535836177474,SelfRegulationSCP1,1,10,10.2,13,120,guide=sig | walk=aligned,0.351,6,896,2.0,64,2.0,rf,2.3744689249846527,0.14930161835402578,1.5843357624119703,0.3409090909090909,26.5,0.0,,,,
0.7596899224806202,0.7792983613950817,0.7888127853881278,0.9062995061038114,0.1634747628002968,0.14199578457728476,SelfRegulationSCP1,1,10,10.2,13,120,guide=sig | walk=aligned,0.351,6,896,2.0,64,2.0,ridge,2.3744689249846527,0.14930161835402578,1.5843357624119703,0.3409090909090909,26.5,0.0,,,,
0.7984790874524715,0.812692849309616,0.8194716242661448,0.9264048084987418,0.1341007584376185,0.12351535836177474,SelfRegulationSCP1,1,10,10.2,13,120,guide=sig | walk=aligned | guard,0.351,6,896,2.0,64,2.0,rf,2.3744689249846527,0.14930161835402578,1.5843357624119703,0.3409090909090909,27.6,1.0,0.0,1.0,1.58,1.58
0.7596899224806202,0.7792983613950817,0.7888127853881278,0.9062995061038114,0.1634747628002968,0.14199578457728476,SelfRegulationSCP1,1,10,10.2,13,120,guide=sig | walk=aligned | guard,0.351,6,896,2.0,64,2.0,ridge,2.3744689249846527,0.14930161835402578,1.5843357624119703,0.3409090909090909,27.6,1.0,0.0,1.0,1.58,1.58
0.1375,0.2716705070697186,0.5305656509179014,0.8534852297083215,0.32552301858172167,0.3607281001137656,SelfRegulationSCP1,1,20,19.0,7,126,none,0.351,6,896,1.7999999999999998,64,2.0,rf,,,,,,,,,,
0.23809523809523808,0.36759018236012775,0.5646025533501071,0.7896747740191966,0.38515276685382954,0.40196404346797077,SelfRegulationSCP1,1,20,19.0,7,126,none,0.351,6,896,1.7999999999999998,64,2.0,ridge,,,,,,,,,,
0.2413793103448276,0.3701166050988026,0.550880626223092,0.8112710837759762,0.32433363670838067,0.3348122866894198,SelfRegulationSCP1,1,20,19.0,7,126,SMOTE-raw,0.351,6,896,1.7999999999999998,64,2.0,rf,10.036207685662081,0.5526328100955471,0.6203828650771173,,,,,,,
0.3050847457627119,0.4241454432185677,0.5815627620911379,0.7805423539278725,0.37109318483298004,0.3778669190757221,SelfRegulationSCP1,1,20,19.0,7,126,SMOTE-raw,0.351,6,896,1.7999999999999998,64,2.0,ridge,10.036207685662081,0.5526328100955471,0.6203828650771173,,,,,,,
0.2696629213483146,0.39425564989324186,0.5576600503214985,0.83256453266238,0.2986414106939704,0.3179977246871445,SelfRegulationSCP1,1,20,19.0,7,126,guide=gpf | walk=plain,0.351,6,896,1.7999999999999998,64,2.0,rf,12.743832311037849,0.6841194999257463,0.503493820548451,0.39375,0.6,0.0,,,,
0.32044198895027626,0.43648915731808074,0.5815161681110801,0.7751840462212282,0.3669279357630989,0.3767387453734568,SelfRegulationSCP1,1,20,19.0,7,126,guide=gpf | walk=plain,0.351,6,896,1.7999999999999998,64,2.0,ridge,12.743832311037849,0.6841194999257463,0.503493820548451,0.39375,0.6,0.0,,,,
0.2696629213483146,0.39425564989324186,0.5576600503214985,0.83256453266238,0.2986414106939704,0.3179977246871445,SelfRegulationSCP1,1,20,19.0,7,126,guide=gpf | walk=plain | guard,0.351,6,896,1.7999999999999998,64,2.0,rf,12.743832311037849,0.6841194999257463,0.503493820548451,0.39375,1.7,1.0,0.0,1.0,0.5,0.5
0.32044198895027626,0.43648915731808074,0.5815161681110801,0.7751840462212282,0.3669279357630989,0.3767387453734568,SelfRegulationSCP1,1,20,19.0,7,126,guide=gpf | walk=plain | guard,0.351,6,896,1.7999999999999998,64,2.0,ridge,12.743832311037849,0.6841194999257463,0.503493820548451,0.39375,1.7,1.0,0.0,1.0,0.5,0.5
0.21714285714285714,0.3482587114350369,0.5338039325319168,0.8452613922281241,0.2910752749336367,0.32651877133105806,SelfRegulationSCP1,1,20,19.0,7,126,guide=gpf | walk=aligned,0.351,6,896,1.7999999999999998,64,2.0,rf,15.806688081053732,0.7257742294288407,0.9736598515832571,0.4921875,17.5,0.0,,,,
0.3567567567567568,0.4656197903964502,0.5951216102879507,0.785667691734228,0.3589184719375792,0.35927070813783885,SelfRegulationSCP1,1,20,19.0,7,126,guide=gpf | walk=aligned,0.351,6,896,1.7999999999999998,64,2.0,ridge,15.806688081053732,0.7257742294288407,0.9736598515832571,0.4921875,17.5,0.0,,,,
0.21714285714285714,0.3482587114350369,0.5338039325319168,0.8452613922281241,0.2910752749336367,0.32651877133105806,SelfRegulationSCP1,1,20,19.0,7,126,guide=gpf | walk=aligned | guard,0.351,6,896,1.7999999999999998,64,2.0,rf,15.806688081053732,0.7257742294288407,0.9736598515832571,0.4921875,18.7,1.0,0.0,1.0,0.97,0.97
0.3567567567567568,0.4656197903964502,0.5951216102879507,0.785667691734228,0.3589184719375792,0.35927070813783885,SelfRegulationSCP1,1,20,19.0,7,126,guide=gpf | walk=aligned | guard,0.351,6,896,1.7999999999999998,64,2.0,ridge,15.806688081053732,0.7257742294288407,0.9736598515832571,0.4921875,18.7,1.0,0.0,1.0,0.97,0.97
0.766798418972332,0.7868846173282283,0.7991100549808965,0.9205805609915199,0.14848900265453166,0.15871444823663253,SelfRegulationSCP1,1,20,19.0,7,126,guide=sig | walk=aligned,0.351,6,896,1.7999999999999998,64,2.0,rf,5.055819278016859,0.26608845731873176,1.8861473166126692,0.4375,22.3,0.0,,,,
0.5871559633027523,0.6438167802985412,0.693714472090206,0.8842605535364831,0.23945943821294088,0.25382393963583494,SelfRegulationSCP1,1,20,19.0,7,126,guide=sig | walk=aligned,0.351,6,896,1.7999999999999998,64,2.0,ridge,5.055819278016859,0.26608845731873176,1.8861473166126692,0.4375,22.3,0.0,,,,
0.766798418972332,0.7868846173282283,0.7991100549808965,0.9205805609915199,0.14848900265453166,0.15871444823663253,SelfRegulationSCP1,1,20,19.0,7,126,guide=sig | walk=aligned | guard,0.351,6,896,1.7999999999999998,64,2.0,rf,5.055819278016859,0.26608845731873176,1.8861473166126692,0.4375,23.5,1.0,0.0,1.0,1.89,1.89
0.5871559633027523,0.6438167802985412,0.693714472090206,0.8842605535364831,0.23945943821294088,0.25382393963583494,SelfRegulationSCP1,1,20,19.0,7,126,guide=sig | walk=aligned | guard,0.351,6,896,1.7999999999999998,64,2.0,ridge,5.055819278016859,0.26608845731873176,1.8861473166126692,0.4375,23.5,1.0,0.0,1.0,1.89,1.89
0.6899563318777293,0.7255151223184129,0.7584335103904576,0.9256127108377599,0.17080815320439893,0.20208191126279865,SelfRegulationSCP1,2,5,4.9,27,106,none,0.351,6,896,2.1999999999999997,64,2.0,rf,,,,,,,,,,
0.6991869918699187,0.7300287281339332,0.7479964588575156,0.8926474699468828,0.1937606879237542,0.19347916760369716,SelfRegulationSCP1,2,5,4.9,27,106,none,0.351,6,896,2.1999999999999997,64,2.0,ridge,,,,,,,,,,
0.7480314960629921,0.7701567153089657,0.7820333612897215,0.9028049575994782,0.15422605233219566,0.1520022753128555,SelfRegulationSCP1,2,5,4.9,27,106,SMOTE-raw,0.351,6,896,2.1999999999999997,64,2.0,rf,2.7981157531028895,0.20738105676310026,0.576621163128114,,,,,,,
0.6956521739130435,0.7244546855192496,0.7376758922747181,0.8516913614760973,0.21323904064151283,0.19523822159328433,SelfRegulationSCP1,2,5,4.9,27,106,SMOTE-raw,0.351,6,896,2.1999999999999997,64,2.0,ridge,2.7981157531028895,0.20738105676310026,0.576621163128114,,,,,,,
0.6695278969957081,0.7081931949277024,0.737908862175007,0.9223744292237444,0.16149795221843002,0.17967007963594994,SelfRegulationSCP1,2,5,4.9,27,106,guide=gpf | walk=plain,0.351,6,896,2.1999999999999997,64,2.0,rf,4.405357207542949,0.2115265940421489,2.520640789361317,0.4732142857142857,0.5,0.0,,,,
0.749034749034749,0.7694606582497681,0.778562109775417,0.9057869723231758,0.1742966828126233,0.15832435690140254,SelfRegulationSCP1,2,5,4.9,27,106,guide=gpf | walk=plain,0.351,6,896,2.1999999999999997,64,2.0,ridge,4.405357207542949,0.2115265940421489,2.520640789361317,0.4732142857142857,0.5,0.0,,,,
0.7008547008547008,0.7339752021887471,0.7617882769546174,0.9249603951169508,0.15869177095183923,0.1780887372013652,SelfRegulationSCP1,2,5,4.9,27,106,guide=gpf | walk=plain | guard,0.351,6,896,2.1999999999999997,64,2.0,rf,3.578887910500791,0.20720981645168246,1.7179356191903663,0.4732142857142857,1.7,1.0,1.0,0.891,2.52,1.72
0.7265625,0.7505472795890464,0.7615320100642997,0.9000093187960115,0.18240737262403903,0.1701183852125227,SelfRegulationSCP1,2,5,4.9,27,106,guide=gpf | walk=plain | guard,0.351,6,896,2.1999999999999997,64,2.0,ridge,3.578887910500791,0.20720981645168246,1.7179356191903663,0.4732142857142857,1.7,1.0,1.0,0.891,2.52,1.72
0.7912087912087912,0.8025678664877525,0.8057031031590718,0.9124033174913802,0.13216321577550247,0.09865756541524458,SelfRegulationSCP1,2,5,4.9,27,106,guide=gpf | walk=aligned,0.351,6,896,2.1999999999999997,64,2.0,rf,3.0370439697497584,0.15740015421989395,5.409430222202914,0.4140625,17.3,0.0,,,,
0.7509578544061303,0.7704591526720109,0.7785388127853881,0.8889665455223185,0.17301272843362078,0.15202745924685046,SelfRegulationSCP1,2,5,4.9,27,106,guide=gpf | walk=aligned,0.351,6,896,2.1999999999999997,64,2.0,ridge,3.0370439697497584,0.15740015421989395,5.409430222202914,0.4140625,17.3,0.0,,,,
0.7651515151515151,0.7821629997376544,0.7887428944180412,0.9012673562575715,0.14778388320060673,0.13047781569965872,SelfRegulationSCP1,2,5,4.9,27,106,guide=gpf | walk=aligned | guard,0.351,6,896,2.1999999999999997,64,2.0,rf,2.720634436566538,0.21181695185055138,1.0613329090989863,0.4140625,18.4,1.0,1.0,0.608,5.41,1.06
0.6852589641434262,0.716174931476943,0.7308731711862827,0.8601714658466126,0.20874044625174099,0.19763909351962042,SelfRegulationSCP1,2,5,4.9,27,106,guide=gpf | walk=aligned | guard,0.351,6,896,2.1999999999999997,64,2.0,ridge,2.720634436566538,0.21181695185055138,1.0613329090989863,0.4140625,18.4,1.0,1.0,0.608,5.41,1.06
0.8150943396226416,0.827268021313904,0.8331003634330445,0.9371680178920884,0.11629628365566931,0.10399317406143345,SelfRegulationSCP1,2,5,4.9,27,106,guide=sig | walk=aligned,0.351,6,896,2.1999999999999997,64,2.0,rf,2.521719290159899,0.14316390702010395,3.814888259259292,0.4732142857142857,17.4,0.0,,,,
0.7790262172284644,0.7936942801741352,0.7989469760506942,0.9183673469387755,0.15175564411081582,0.14094504849489478,SelfRegulationSCP1,2,5,4.9,27,106,guide=sig | walk=aligned,0.351,6,896,2.1999999999999997,64,2.0,ridge,2.521719290159899,0.14316390702010395,3.814888259259292,0.4732142857142857,17.4,0.0,,,,
0.803030303030303,0.816553644671789,0.8228729848103625,0.928897586431833,0.12343181645809632,0.10048919226393628,SelfRegulationSCP1,2,5,4.9,27,106,guide=sig | walk=aligned | guard,0.351,6,896,2.1999999999999997,64,2.0,rf,2.412372709648226,0.17958016744143446,1.3066193801408241,0.4732142857142857,18.6,1.0,1.0,0.724,3.81,1.31
0.7651515151515151,0.7821629997376544,0.7887428944180412,0.9021060478986115,0.1701259837353486,0.15303271691979212,SelfRegulationSCP1,2,5,4.9,27,106,guide=sig | walk=aligned | guard,0.351,6,896,2.1999999999999997,64,2.0,ridge,2.412372709648226,0.17958016744143446,1.3066193801408241,0.4732142857142857,18.6,1.0,1.0,0.724,3.81,1.31
0.2603550295857988,0.3868589716493314,0.5748299319727891,0.9200447302208554,0.25855464543041334,0.3142662116040956,SelfRegulationSCP1,2,10,10.2,13,120,none,0.351,6,896,1.5999999999999999,64,2.0,rf,,,,,,,,,,
0.5550239234449761,0.6194739863431293,0.6835802814276395,0.9089087689870469,0.2500665683061474,0.2762735438210799,SelfRegulationSCP1,2,10,10.2,13,120,none,0.351,6,896,1.5999999999999999,64,2.0,ridge,,,,,,,,,,
0.4387755102040816,0.529618504159187,0.6257105581958811,0.8973068679526606,0.22308797876374672,0.26332195676905573,SelfRegulationSCP1,2,10,10.2,13,120,SMOTE-raw,0.351,6,896,1.5999999999999999,64,2.0,rf,3.295935571556093,0.26710807790423696,0.5971977642234142,,,,,,,
0.6153846153846154,0.6660140314963586,0.7107445718013232,0.9058801602832914,0.22961399318958173,0.24239364895339047,SelfRegulationSCP1,2,10,10.2,13,120,SMOTE-raw,0.351,6,896,1.5999999999999999,64,2.0,ridge,3.295935571556093,0.26710807790423696,0.5971977642234142,,,,,,,
0.4536082474226804,0.5414511266250445,0.6393858913428385,0.9307846426241729,0.20763007205157377,0.2574175199089875,SelfRegulationSCP1,2,10,10.2,13,120,guide=gpf | walk=plain,0.351,6,896,1.5999999999999999,64,2.0,rf,5.04235182112283,0.3396615399508557,1.2730935606981337,0.15625,1.2,0.0,,,,
0.6306306306306306,0.6781464319527564,0.7209719504240052,0.9121237536110335,0.23702626128514934,0.2554085628649862,SelfRegulationSCP1,2,10,10.2,13,120,guide=gpf | walk=plain,0.351,6,896,1.5999999999999999,64,2.0,ridge,5.04235182112283,0.3396615399508557,1.2730935606981337,0.15625,1.2,0.0,,,,
0.4536082474226804,0.5414511266250445,0.6393858913428385,0.9307846426241729,0.20763007205157377,0.2574175199089875,SelfRegulationSCP1,2,10,10.2,13,120,guide=gpf | walk=plain | guard,0.351,6,896,1.5999999999999999,64,2.0,rf,5.04235182112283,0.3396615399508557,1.2730935606981337,0.15625,2.3,1.0,0.0,1.0,1.27,1.27
0.6306306306306306,0.6781464319527564,0.7209719504240052,0.9121237536110335,0.23702626128514934,0.2554085628649862,SelfRegulationSCP1,2,10,10.2,13,120,guide=gpf | walk=plain | guard,0.351,6,896,1.5999999999999999,64,2.0,ridge,5.04235182112283,0.3396615399508557,1.2730935606981337,0.15625,2.3,1.0,0.0,1.0,1.27,1.27
0.7550200803212851,0.7774426726836373,0.79233063088249,0.9207902339017799,0.14401683731513082,0.13959044368600684,SelfRegulationSCP1,2,10,10.2,13,120,guide=gpf | walk=aligned,0.351,6,896,1.5999999999999999,64,2.0,rf,2.67500637113117,0.1759591020268434,1.57226962701848,0.078125,103.7,0.0,,,,
0.7219917012448133,0.7506403938229621,0.7719457646072128,0.9136613549529401,0.18889235692368944,0.19454821495664273,SelfRegulationSCP1,2,10,10.2,13,120,guide=gpf | walk=aligned,0.351,6,896,1.5999999999999999,64,2.0,ridge,2.67500637113117,0.1759591020268434,1.57226962701848,0.078125,103.7,0.0,,,,
0.7550200803212851,0.7774426726836373,0.79233063088249,0.9207902339017799,0.14401683731513082,0.13959044368600684,SelfRegulationSCP1,2,10,10.2,13,120,guide=gpf | walk=aligned | guard,0.351,6,896,1.5999999999999999,64,2.0,rf,2.67500637113117,0.1759591020268434,1.57226962701848,0.078125,104.8,1.0,0.0,1.0,1.57,1.57
0.7219917012448133,0.7506403938229621,0.7719457646072128,0.9136613549529401,0.18889235692368944,0.19454821495664273,SelfRegulationSCP1,2,10,10.2,13,120,guide=gpf | walk=aligned | guard,0.351,6,896,1.5999999999999999,64,2.0,ridge,2.67500637113117,0.1759591020268434,1.57226962701848,0.078125,104.8,1.0,0.0,1.0,1.57,1.57
0.6637931034482759,0.7036388506143855,0.7345075016307894,0.9200680272108843,0.17599761092150168,0.2030830489192264,SelfRegulationSCP1,2,10,10.2,13,120,guide=sig | walk=aligned,0.351,6,896,1.5999999999999999,64,2.0,rf,3.006922224661963,0.19544200806265732,1.8099050071847949,0.20833333333333334,44.2,0.0,,,,
0.6548672566371682,0.6972528866364344,0.734577392600876,0.9318330071754729,0.20871154776942227,0.22038238890308773,SelfRegulationSCP1,2,10,10.2,13,120,guide=sig | walk=aligned,0.351,6,896,1.5999999999999999,64,2.0,ridge,3.006922224661963,0.19544200806265732,1.8099050071847949,0.20833333333333334,44.2,0.0,,,,
0.6637931034482759,0.7036388506143855,0.7345075016307894,0.9200680272108843,0.17599761092150168,0.2030830489192264,SelfRegulationSCP1,2,10,10.2,13,120,guide=sig | walk=aligned | guard,0.351,6,896,1.5999999999999999,64,2.0,rf,3.006922224661963,0.19544200806265732,1.8099050071847949,0.20833333333333334,45.3,1.0,0.0,1.0,1.81,1.81
0.6548672566371682,0.6972528866364344,0.734577392600876,0.9318330071754729,0.20871154776942227,0.22038238890308773,SelfRegulationSCP1,2,10,10.2,13,120,guide=sig | walk=aligned | guard,0.351,6,896,1.5999999999999999,64,2.0,ridge,3.006922224661963,0.19544200806265732,1.8099050071847949,0.20833333333333334,45.3,1.0,0.0,1.0,1.81,1.81
0.026845637583892617,0.11664236870396086,0.5068027210884354,0.865739446463517,0.3409443686006826,0.3587599544937429,SelfRegulationSCP1,2,20,19.0,7,126,none,0.351,6,896,2.1999999999999997,64,2.0,rf,,,,,,,,,,
0.27058823529411763,0.3955535172818131,0.5782312925170068,0.8657627434535458,0.3860469956370616,0.4121255104454912,SelfRegulationSCP1,2,20,19.0,7,126,none,0.351,6,896,2.1999999999999997,64,2.0,ridge,,,,,,,,,,
0.06451612903225806,0.18252313755058625,0.5067328301183487,0.8957925636007829,0.29719749715585897,0.34509670079635946,SelfRegulationSCP1,2,20,19.0,7,126,SMOTE-raw,0.351,6,896,2.1999999999999997,64,2.0,rf,4.782954118426046,0.37468830085272475,0.24472087295833062,,,,,,,
0.3163841807909605,0.4334361862984619,0.588388780169602,0.8454477681483552,0.3759059841785426,0.3921229733087569,SelfRegulationSCP1,2,20,19.0,7,126,SMOTE-raw,0.351,6,896,2.1999999999999997,64,2.0,ridge,4.782954118426046,0.37468830085272475,0.24472087295833062,,,,,,,
0.3103448275862069,0.4285714285714286,0.5918367346938775,0.9160376479358867,0.2715302616609784,0.3280887372013651,SelfRegulationSCP1,2,20,19.0,7,126,guide=gpf | walk=plain,0.351,6,896,2.1999999999999997,64,2.0,rf,8.089616459276085,0.582345750185904,0.16255167301357937,0.0984375,2.0,0.0,,,,
0.38461538461538464,0.4879500364742666,0.6190476190476191,0.8827229521945764,0.35070975770106416,0.3775602683186057,SelfRegulationSCP1,2,20,19.0,7,126,guide=gpf | walk=plain,0.351,6,896,2.1999999999999997,64,2.0,ridge,8.089616459276085,0.582345750185904,0.16255167301357937,0.0984375,2.0,0.0,,,,
0.3103448275862069,0.4285714285714286,0.5918367346938775,0.9160376479358867,0.2715302616609784,0.3280887372013651,SelfRegulationSCP1,2,20,19.0,7,126,guide=gpf | walk=plain | guard,0.351,6,896,2.1999999999999997,64,2.0,rf,8.089616459276085,0.582345750185904,0.16255167301357937,0.0984375,3.1,1.0,0.0,1.0,0.16,0.16
0.38461538461538464,0.4879500364742666,0.6190476190476191,0.8827229521945764,0.35070975770106416,0.3775602683186057,SelfRegulationSCP1,2,20,19.0,7,126,guide=gpf | walk=plain | guard,0.351,6,896,2.1999999999999997,64,2.0,ridge,8.089616459276085,0.582345750185904,0.16255167301357937,0.0984375,3.1,1.0,0.0,1.0,0.16,0.16
0.36464088397790057,0.47217813860497687,0.6088202404249371,0.9164802907464356,0.2583036405005688,0.31102389078498294,SelfRegulationSCP1,2,20,19.0,7,126,guide=gpf | walk=aligned,0.351,6,896,2.1999999999999997,64,2.0,rf,7.155847847560354,0.3386183422416462,1.0186127417659585,0.04861111111111111,175.9,0.0,,,,
0.34831460674157305,0.45922146480918835,0.6054421768707483,0.8901779890038207,0.3475130924667244,0.37616204973579276,SelfRegulationSCP1,2,20,19.0,7,126,guide=gpf | walk=aligned,0.351,6,896,2.1999999999999997,64,2.0,ridge,7.155847847560354,0.3386183422416462,1.0186127417659585,0.04861111111111111,175.9,0.0,,,,
0.36464088397790057,0.47217813860497687,0.6088202404249371,0.9164802907464356,0.2583036405005688,0.31102389078498294,SelfRegulationSCP1,2,20,19.0,7,126,guide=gpf | walk=aligned | guard,0.351,6,896,2.1999999999999997,64,2.0,rf,7.155847847560354,0.3386183422416462,1.0186127417659585,0.04861111111111111,177.2,1.0,0.0,1.0,1.02,1.02
0.34831460674157305,0.45922146480918835,0.6054421768707483,0.8901779890038207,0.3475130924667244,0.37616204973579276,SelfRegulationSCP1,2,20,19.0,7,126,guide=gpf | walk=aligned | guard,0.351,6,896,2.1999999999999997,64,2.0,ridge,7.155847847560354,0.3386183422416462,1.0186127417659585,0.04861111111111111,177.2,1.0,0.0,1.0,1.02,1.02
0.2603550295857988,0.3868589716493314,0.5748299319727891,0.9230966359146398,0.26640424725066364,0.323731513083049,SelfRegulationSCP1,2,20,19.0,7,126,guide=sig | walk=aligned,0.351,6,896,2.1999999999999997,64,2.0,rf,11.58259099083139,0.3799525423023985,3.50437663650226,0.17119565217391305,55.4,0.0,,,,
0.43617021276595747,0.5281207860194961,0.6394557823129252,0.9130090392321312,0.3165471372567126,0.3443815509866008,SelfRegulationSCP1,2,20,19.0,7,126,guide=sig | walk=aligned,0.351,6,896,2.1999999999999997,64,2.0,ridge,11.58259099083139,0.3799525423023985,3.50437663650226,0.17119565217391305,55.4,0.0,,,,
0.23952095808383234,0.36885555678165877,0.5680272108843537,0.9209999068120399,0.27647656427758815,0.33523321956769053,SelfRegulationSCP1,2,20,19.0,7,126,guide=sig | walk=aligned | guard,0.351,6,896,2.1999999999999997,64,2.0,rf,7.327619894264723,0.34126841452121026,1.3890436489603797,0.17119565217391305,56.7,1.0,1.0,0.755,3.5,1.39
0.425531914893617,0.5198510212888918,0.6326297642344609,0.901593514117976,0.32478146753326326,0.34678528649811674,SelfRegulationSCP1,2,20,19.0,7,126,guide=sig | walk=aligned | guard,0.351,6,896,2.1999999999999997,64,2.0,ridge,7.327619894264723,0.34126841452121026,1.3890436489603797,0.17119565217391305,56.7,1.0,1.0,0.755,3.5,1.39
0.08421052631578947,0.2096440251568134,0.5166666666666667,0.5781481481481481,0.3468610493827161,0.3158333333333333,SelfRegulationSCP2,0,5,5.0,20,80,none,0.293,7,1152,1.5999999999999999,64,2.0,rf,,,,,,,,,,
0.21818181818181817,0.34854193647462495,0.5222222222222223,0.49802469135802463,0.42190309262119713,0.39137829938265584,SelfRegulationSCP2,0,5,5.0,20,80,none,0.293,7,1152,1.5999999999999999,64,2.0,ridge,,,,,,,,,,
0.13861386138613863,0.2726187588085622,0.5166666666666667,0.5566049382716048,0.302457037037037,0.2298888888888889,SelfRegulationSCP2,0,5,5.0,20,80,SMOTE-raw,0.293,7,1152,1.5999999999999999,64,2.0,rf,2.186359540199165,0.1284808473992155,0.5299480971524315,,,,,,,
0.1834862385321101,0.31622776601683794,0.5055555555555555,0.4843209876543209,0.4522644687898114,0.46363415932841623,SelfRegulationSCP2,0,5,5.0,20,80,SMOTE-raw,0.293,7,1152,1.5999999999999999,64,2.0,ridge,2.186359540199165,0.1284808473992155,0.5299480971524315,,,,,,,
0.21818181818181817,0.34854193647462495,0.5222222222222223,0.5639506172839507,0.3082377777777778,0.2400740740740741,SelfRegulationSCP2,0,5,5.0,20,80,guide=gpf | walk=plain,0.293,7,1152,1.5999999999999999,64,2.0,rf,5.05459314809695,0.1584935597616276,3.3264552728331127,0.25,0.8,0.0,,,,
0.25225225225225223,0.37875690109020693,0.538888888888889,0.5022222222222222,0.40678009503926393,0.3708474978120407,SelfRegulationSCP2,0,5,5.0,20,80,guide=gpf | walk=plain,0.293,7,1152,1.5999999999999999,64,2.0,ridge,5.05459314809695,0.1584935597616276,3.3264552728331127,0.25,0.8,0.0,,,,
0.09803921568627451,0.22635054208292624,0.48888888888888893,0.5739506172839505,0.31058833333333336,0.26475925925925925,SelfRegulationSCP2,0,5,5.0,20,80,guide=gpf | walk=plain | guard,0.293,7,1152,1.5999999999999999,64,2.0,rf,1.847653344275546,0.12201828190217312,1.3001827497195608,0.25,2.2,1.0,1.0,0.775,3.33,1.3
0.23423423423423423,0.36277394927365575,0.5277777777777778,0.49777777777777776,0.42322433556916195,0.4093209909570471,SelfRegulationSCP2,0,5,5.0,20,80,guide=gpf | walk=plain | guard,0.293,7,1152,1.5999999999999999,64,2.0,ridge,1.847653344275546,0.12201828190217312,1.3001827497195608,0.25,2.2,1.0,1.0,0.775,3.33,1.3
0.21621621621621623,0.34641016151377546,0.5166666666666667,0.5218518518518519,0.31597839506172837,0.24592592592592585,SelfRegulationSCP2,0,5,5.0,20,80,guide=gpf | walk=aligned,0.293,7,1152,1.5999999999999999,64,2.0,rf,4.558928900144524,0.1598841021808176,3.3860203997142038,0.04807692307692308,184.4,0.0,,,,
0.21487603305785125,0.339934634239519,0.4722222222222222,0.47444444444444445,0.4250644140478842,0.4027123034574185,SelfRegulationSCP2,0,5,5.0,20,80,guide=gpf | walk=aligned,0.293,7,1152,1.5999999999999999,64,2.0,ridge,4.558928900144524,0.1598841021808176,3.3860203997142038,0.04807692307692308,184.4,0.0,,,,
0.2631578947368421,0.3872983346207417,0.5333333333333333,0.5416666666666667,0.30514216049382714,0.22001851851851853,SelfRegulationSCP2,0,5,5.0,20,80,guide=gpf | walk=aligned | guard,0.293,7,1152,1.5999999999999999,64,2.0,rf,1.8300219661170711,0.11158944932880777,1.5099809573070933,0.04807692307692308,185.6,1.0,1.0,0.769,3.39,1.51
0.22764227642276422,0.35030850600965435,0.4722222222222222,0.45839506172839506,0.4359911496999441,0.42295669875528724,SelfRegulationSCP2,0,5,5.0,20,80,guide=gpf | walk=aligned | guard,0.293,7,1152,1.5999999999999999,64,2.0,ridge,1.8300219661170711,0.11158944932880777,1.5099809573070933,0.04807692307692308,185.6,1.0,1.0,0.769,3.39,1.51
0.3252032520325203,0.4360314860077463,0.5388888888888889,0.5708024691358025,0.2759758024691358,0.17444444444444443,SelfRegulationSCP2,0,5,5.0,20,80,guide=sig | walk=aligned,0.293,7,1152,1.5999999999999999,64,2.0,rf,1.3019053925730564,0.07654258350403709,1.309525178819462,0.05434782608695652,181.4,0.0,,,,
0.2900763358778626,0.3993822390135873,0.48333333333333334,0.4974074074074074,0.4175990774894629,0.4159226212837489,SelfRegulationSCP2,0,5,5.0,20,80,guide=sig | walk=aligned,0.293,7,1152,1.5999999999999999,64,2.0,ridge,1.3019053925730564,0.07654258350403709,1.309525178819462,0.05434782608695652,181.4,0.0,,,,
0.3252032520325203,0.4360314860077463,0.5388888888888889,0.5708024691358025,0.2759758024691358,0.17444444444444443,SelfRegulationSCP2,0,5,5.0,20,80,guide=sig | walk=aligned | guard,0.293,7,1152,1.5999999999999999,64,2.0,rf,1.3019053925730564,0.07654258350403709,1.309525178819462,0.05434782608695652,182.5,1.0,0.0,1.0,1.31,1.31
0.2900763358778626,0.3993822390135873,0.48333333333333334,0.4974074074074074,0.4175990774894629,0.4159226212837489,SelfRegulationSCP2,0,5,5.0,20,80,guide=sig | walk=aligned | guard,0.293,7,1152,1.5999999999999999,64,2.0,ridge,1.3019053925730564,0.07654258350403709,1.309525178819462,0.05434782608695652,182.5,1.0,0.0,1.0,1.31,1.31
0.021739130434782608,0.1048220125784067,0.5,0.5108641975308642,0.42428154320987643,0.41072222222222227,SelfRegulationSCP2,0,10,10.0,10,90,none,0.293,7,1152,2.1999999999999997,64,2.0,rf,,,,,,,,,,
0.08080808080808081,0.20487876571761973,0.4944444444444444,0.527283950617284,0.4781551633567629,0.4752034830996922,SelfRegulationSCP2,0,10,10.0,10,90,none,0.293,7,1152,2.1999999999999997,64,2.0,ridge,,,,,,,,,,
0.06382978723404255,0.18155705153742435,0.5111111111111112,0.4753703703703704,0.40053216049382717,0.38105555555555554,SelfRegulationSCP2,0,10,10.0,10,90,SMOTE-raw,0.293,7,1152,2.1999999999999997,64,2.0,rf,1.9106912272769492,0.13107762046465232,0.577542855507376,,,,,,,
0.11320754716981132,0.24343224778007383,0.47777777777777775,0.5253086419753087,0.4798989464610521,0.48463395947790927,SelfRegulationSCP2,0,10,10.0,10,90,SMOTE-raw,0.293,7,1152,2.1999999999999997,64,2.0,ridge,1.9106912272769492,0.13107762046465232,0.577542855507376,,,,,,,
0.041666666666666664,0.1457208560956,0.48888888888888893,0.5131481481481482,0.402448950617284,0.39824074074074073,SelfRegulationSCP2,0,10,10.0,10,90,guide=gpf | walk=plain,0.293,7,1152,2.1999999999999997,64,2.0,rf,36.50878309366677,0.5117838845187604,12.95540143604833,0.46875,0.6,0.0,,,,
0.08080808080808081,0.20487876571761973,0.4944444444444444,0.5607407407407408,0.45646405521209005,0.4613974055326669,SelfRegulationSCP2,0,10,10.0,10,90,guide=gpf | walk=plain,0.293,7,1152,2.1999999999999997,64,2.0,ridge,36.50878309366677,0.5117838845187604,12.95540143604833,0.46875,0.6,0.0,,,,
0.042105263157894736,0.146565621758588,0.49444444444444446,0.5145061728395062,0.36963253086419756,0.3359074074074074,SelfRegulationSCP2,0,10,10.0,10,90,guide=gpf | walk=plain | guard,0.293,7,1152,2.1999999999999997,64,2.0,rf,2.3477344691150517,0.1473919383493668,0.6099041972006017,0.46875,1.9,1.0,1.0,0.393,12.96,0.61
0.1320754716981132,0.264575131106459,0.48888888888888893,0.5398765432098765,0.4675498010545706,0.4768080700098978,SelfRegulationSCP2,0,10,10.0,10,90,guide=gpf | walk=plain | guard,0.293,7,1152,2.1999999999999997,64,2.0,ridge,2.3477344691150517,0.1473919383493668,0.6099041972006017,0.46875,1.9,1.0,1.0,0.393,12.96,0.61
0.10204081632653061,0.23174059571793565,0.5111111111111111,0.4769753086419753,0.4105075308641975,0.40351851851851855,SelfRegulationSCP2,0,10,10.0,10,90,guide=gpf | walk=aligned,0.293,7,1152,2.1999999999999997,64,2.0,rf,28.698455720489953,0.6503081851768507,4.36745492103851,0.15625,62.7,0.0,,,,
0.10204081632653061,0.23174059571793565,0.5111111111111111,0.505925925925926,0.43462508154556045,0.4274513468844105,SelfRegulationSCP2,0,10,10.0,10,90,guide=gpf | walk=aligned,0.293,7,1152,2.1999999999999997,64,2.0,ridge,28.698455720489953,0.6503081851768507,4.36745492103851,0.15625,62.7,0.0,,,,
0.288,0.4027681991198191,0.5055555555555555,0.4472222222222222,0.37273222222222224,0.3262962962962963,SelfRegulationSCP2,0,10,10.0,10,90,guide=gpf | walk=aligned | guard,0.293,7,1152,2.1999999999999997,64,2.0,rf,5.918454556779883,0.2629536847007058,1.194124728592301,0.15625,64.1,1.0,1.0,0.677,4.37,1.19
0.23636363636363636,0.3649792823479298,0.5333333333333333,0.46975308641975305,0.4203513612107579,0.40715062372197625,SelfRegulationSCP2,0,10,10.0,10,90,guide=gpf | walk=aligned | guard,0.293,7,1152,2.1999999999999997,64,2.0,ridge,5.918454556779883,0.2629536847007058,1.194124728592301,0.15625,64.1,1.0,1.0,0.677,4.37,1.19
0.21818181818181817,0.34854193647462495,0.5222222222222223,0.5490123456790122,0.3707454320987654,0.34225925925925926,SelfRegulationSCP2,0,10,10.0,10,90,guide=sig | walk=aligned,0.293,7,1152,2.1999999999999997,64,2.0,rf,17.972680724283393,0.4506989307674967,5.469586232699337,0.10817307692307693,103.0,0.0,,,,
0.1553398058252427,0.2897423291201177,0.5166666666666666,0.5823456790123457,0.3971226891866823,0.3913019780571402,SelfRegulationSCP2,0,10,10.0,10,90,guide=sig | walk=aligned,0.293,7,1152,2.1999999999999997,64,2.0,ridge,17.972680724283393,0.4506989307674967,5.469586232699337,0.10817307692307693,103.0,0.0,,,,
0.26666666666666666,0.38745768387028207,0.5111111111111111,0.4861111111111111,0.32179024691358027,0.2157777777777778,SelfRegulationSCP2,0,10,10.0,10,90,guide=sig | walk=aligned | guard,0.293,7,1152,2.1999999999999997,64,2.0,rf,2.27586801984493,0.10480852561361664,1.2515840606850308,0.10817307692307693,104.3,1.0,1.0,0.605,5.47,1.25
0.20869565217391303,0.33774853674601474,0.4944444444444444,0.5238271604938272,0.42557450544126757,0.4117132222760086,SelfRegulationSCP2,0,10,10.0,10,90,guide=sig | walk=aligned | guard,0.293,7,1152,2.1999999999999997,64,2.0,ridge,2.27586801984493,0.10480852561361664,1.2515840606850308,0.10817307692307693,104.3,1.0,1.0,0.605,5.47,1.25
0.021505376344086023,0.10423146132940955,0.4944444444444444,0.48104938271604936,0.41760246913580246,0.37666666666666665,SelfRegulationSCP2,0,20,20.0,5,95,none,0.293,7,1152,1.4,64,2.0,rf,,,,,,,,,,
0.14953271028037382,0.282842712474619,0.49444444444444446,0.49975308641975313,0.45407924154728263,0.4479034999491039,SelfRegulationSCP2,0,20,20.0,5,95,none,0.293,7,1152,1.4,64,2.0,ridge,,,,,,,,,,
0.0,0.0,0.5,0.45246913580246917,0.4178514814814815,0.39570370370370367,SelfRegulationSCP2,0,20,20.0,5,95,SMOTE-raw,0.293,7,1152,1.4,64,2.0,rf,4.36799419734419,0.25212106455642624,0.7143674905429369,,,,,,,
0.18691588785046728,0.32010800646417625,0.5166666666666667,0.4407407407407407,0.46450299841562603,0.4648215751206632,SelfRegulationSCP2,0,20,20.0,5,95,SMOTE-raw,0.293,7,1152,1.4,64,2.0,ridge,4.36799419734419,0.25212106455642624,0.7143674905429369,,,,,,,
0.0625,0.17950549357115014,0.5,0.4854320987654321,0.3947234567901235,0.3455555555555555,SelfRegulationSCP2,0,20,20.0,5,95,guide=gpf | walk=plain,0.293,7,1152,1.4,64,2.0,rf,15.622039051335014,0.5949115889409273,1.7368101247439947,0.42410714285714285,0.7,0.0,,,,
0.1981981981981982,0.3296088216486961,0.5055555555555555,0.505432098765432,0.4465069914411435,0.43707747822105936,SelfRegulationSCP2,0,20,20.0,5,95,guide=gpf | walk=plain,0.293,7,1152,1.4,64,2.0,ridge,15.622039051335014,0.5949115889409273,1.7368101247439947,0.42410714285714285,0.7,0.0,,,,
0.0625,0.17950549357115014,0.5,0.4854320987654321,0.3947234567901235,0.3455555555555555,SelfRegulationSCP2,0,20,20.0,5,95,guide=gpf | walk=plain | guard,0.293,7,1152,1.4,64,2.0,rf,15.622039051335014,0.5949115889409273,1.7368101247439947,0.42410714285714285,1.8,1.0,0.0,1.0,1.74,1.74
0.1981981981981982,0.3296088216486961,0.5055555555555555,0.505432098765432,0.4465069914411435,0.43707747822105936,SelfRegulationSCP2,0,20,20.0,5,95,guide=gpf | walk=plain | guard,0.293,7,1152,1.4,64,2.0,ridge,15.622039051335014,0.5949115889409273,1.7368101247439947,0.42410714285714285,1.8,1.0,0.0,1.0,1.74,1.74
0.1568627450980392,0.2914417121912,0.5222222222222223,0.48691358024691367,0.3929166049382716,0.35061111111111104,SelfRegulationSCP2,0,20,20.0,5,95,guide=gpf | walk=aligned,0.293,7,1152,1.4,64,2.0,rf,9.777117572937764,0.40779397377343884,1.9472468084577947,0.048668032786885244,171.6,0.0,,,,
0.2018348623853211,0.3337034981706935,0.5166666666666666,0.5033333333333334,0.443066933498827,0.44519236905672216,SelfRegulationSCP2,0,20,20.0,5,95,guide=gpf | walk=aligned,0.293,7,1152,1.4,64,2.0,ridge,9.777117572937764,0.40779397377343884,1.9472468084577947,0.048668032786885244,171.6,0.0,,,,
0.1568627450980392,0.2914417121912,0.5222222222222223,0.48691358024691367,0.3929166049382716,0.35061111111111104,SelfRegulationSCP2,0,20,20.0,5,95,guide=gpf | walk=aligned | guard,0.293,7,1152,1.4,64,2.0,rf,9.777117572937764,0.40779397377343884,1.9472468084577947,0.048668032786885244,172.8,1.0,0.0,1.0,1.95,1.95
0.2018348623853211,0.3337034981706935,0.5166666666666666,0.5033333333333334,0.443066933498827,0.44519236905672216,SelfRegulationSCP2,0,20,20.0,5,95,guide=gpf | walk=aligned | guard,0.293,7,1152,1.4,64,2.0,ridge,9.777117572937764,0.40779397377343884,1.9472468084577947,0.048668032786885244,172.8,1.0,0.0,1.0,1.95,1.95
0.02127659574468085,0.10363754503432017,0.4888888888888889,0.43290123456790125,0.39953376543209873,0.3617222222222223,SelfRegulationSCP2,0,20,20.0,5,95,guide=sig | walk=aligned,0.293,7,1152,1.4,64,2.0,rf,6.085485815280828,0.3167195759683312,1.844532137045966,0.048668032786885244,200.3,0.0,,,,
0.19130434782608696,0.3212629398844658,0.48333333333333334,0.4871604938271605,0.4647926722986118,0.4632303377162016,SelfRegulationSCP2,0,20,20.0,5,95,guide=sig | walk=aligned,0.293,7,1152,1.4,64,2.0,ridge,6.085485815280828,0.3167195759683312,1.844532137045966,0.048668032786885244,200.3,0.0,,,,
0.02127659574468085,0.10363754503432017,0.4888888888888889,0.43290123456790125,0.39953376543209873,0.3617222222222223,SelfRegulationSCP2,0,20,20.0,5,95,guide=sig | walk=aligned | guard,0.293,7,1152,1.4,64,2.0,rf,6.085485815280828,0.3167195759683312,1.844532137045966,0.048668032786885244,201.5,1.0,0.0,1.0,1.84,1.84
0.19130434782608696,0.3212629398844658,0.48333333333333334,0.4871604938271605,0.4647926722986118,0.4632303377162016,SelfRegulationSCP2,0,20,20.0,5,95,guide=sig | walk=aligned | guard,0.293,7,1152,1.4,64,2.0,ridge,6.085485815280828,0.3167195759683312,1.844532137045966,0.048668032786885244,201.5,1.0,0.0,1.0,1.84,1.84
0.02197802197802198,0.10540925533894598,0.5055555555555555,0.4733950617283951,0.35991191358024693,0.3140185185185186,SelfRegulationSCP2,1,5,5.0,20,80,none,0.293,7,1152,2.0,64,2.0,rf,,,,,,,,,,
0.2018348623853211,0.3337034981706935,0.5166666666666666,0.5124691358024691,0.42199804428862253,0.3981616744030772,SelfRegulationSCP2,1,5,5.0,20,80,none,0.293,7,1152,2.0,64,2.0,ridge,,,,,,,,,,
0.0,0.0,0.4722222222222222,0.4470987654320988,0.34010456790123456,0.27737037037037027,SelfRegulationSCP2,1,5,5.0,20,80,SMOTE-raw,0.293,7,1152,2.0,64,2.0,rf,2.3675003820570097,0.16297274934018424,0.604118954573292,,,,,,,
0.1509433962264151,0.28458329944145994,0.5,0.509753086419753,0.4489567110385423,0.43603170133527847,SelfRegulationSCP2,1,5,5.0,20,80,SMOTE-raw,0.293,7,1152,2.0,64,2.0,ridge,2.3675003820570097,0.16297274934018424,0.604118954573292,,,,,,,
0.19642857142857142,0.3275422882885261,0.5,0.49580246913580245,0.32118098765432096,0.23262962962962966,SelfRegulationSCP2,1,5,5.0,20,80,guide=gpf | walk=plain,0.293,7,1152,2.0,64,2.0,rf,6.914922679248448,0.14830754086738906,5.461512947045366,0.11904761904761904,1.7,0.0,,,,
0.2564102564102564,0.38005847503304596,0.5166666666666667,0.49543209876543215,0.39285906038393986,0.3606311060212316,SelfRegulationSCP2,1,5,5.0,20,80,guide=gpf | walk=plain,0.293,7,1152,2.0,64,2.0,ridge,6.914922679248448,0.14830754086738906,5.461512947045366,0.11904761904761904,1.7,0.0,,,,
0.1188118811881188,0.2509242175696937,0.5055555555555555,0.5070987654320988,0.3264562345679012,0.2529444444444444,SelfRegulationSCP2,1,5,5.0,20,80,guide=gpf | walk=plain | guard,0.293,7,1152,2.0,64,2.0,rf,2.25135495270926,0.14362794562885217,1.185606472094597,0.11904761904761904,2.9,1.0,1.0,0.605,5.46,1.19
0.22807017543859648,0.3560760079769348,0.5111111111111111,0.5434567901234568,0.4163491052618475,0.39775346428566444,SelfRegulationSCP2,1,5,5.0,20,80,guide=gpf | walk=plain | guard,0.293,7,1152,2.0,64,2.0,ridge,2.25135495270926,0.14362794562885217,1.185606472094597,0.11904761904761904,2.9,1.0,1.0,0.605,5.46,1.19
0.27419354838709675,0.39142033230685636,0.5,0.49697530864197537,0.30663296296296294,0.20396296296296298,SelfRegulationSCP2,1,5,5.0,20,80,guide=gpf | walk=aligned,0.293,7,1152,2.0,64,2.0,rf,1.8034115250727574,0.08286580942047428,2.3837932214459525,0.08064516129032258,108.1,0.0,,,,
0.2786885245901639,0.3967460238079361,0.5111111111111111,0.5285185185185184,0.402974300096661,0.38608420321149345,SelfRegulationSCP2,1,5,5.0,20,80,guide=gpf | walk=aligned,0.293,7,1152,2.0,64,2.0,ridge,1.8034115250727574,0.08286580942047428,2.3837932214459525,0.08064516129032258,108.1,0.0,,,,
0.2184873949579832,0.3446236093171294,0.4833333333333333,0.49753086419753084,0.30354617283950613,0.20937037037037035,SelfRegulationSCP2,1,5,5.0,20,80,guide=gpf | walk=aligned | guard,0.293,7,1152,2.0,64,2.0,rf,1.5228871937353095,0.08396155436439412,1.7925749701730898,0.08064516129032258,109.4,1.0,1.0,0.916,2.38,1.79
0.2786885245901639,0.3967460238079361,0.5111111111111111,0.5291358024691357,0.4168117063428219,0.4026504166194391,SelfRegulationSCP2,1,5,5.0,20,80,guide=gpf | walk=aligned | guard,0.293,7,1152,2.0,64,2.0,ridge,1.5228871937353095,0.08396155436439412,1.7925749701730898,0.08064516129032258,109.4,1.0,1.0,0.916,2.38,1.79
0.2903225806451613,0.4055175020198813,0.5111111111111111,0.4671604938271605,0.32080197530864196,0.21211111111111106,SelfRegulationSCP2,1,5,5.0,20,80,guide=sig | walk=aligned,0.293,7,1152,2.0,64,2.0,rf,2.875617183067927,0.12057853350526837,2.655718433110503,0.22727272727272727,43.8,0.0,,,,
0.36363636363636365,0.4618802153517006,0.5333333333333333,0.4813580246913581,0.3732002547160382,0.31812781096475395,SelfRegulationSCP2,1,5,5.0,20,80,guide=sig | walk=aligned,0.293,7,1152,2.0,64,2.0,ridge,2.875617183067927,0.12057853350526837,2.655718433110503,0.22727272727272727,43.8,0.0,,,,
0.2926829268292683,0.408248290463863,0.5166666666666667,0.46641975308641975,0.31593716049382714,0.22333333333333336,SelfRegulationSCP2,1,5,5.0,20,80,guide=sig | walk=aligned | guard,0.293,7,1152,2.0,64,2.0,rf,1.7092688052010665,0.086973583005171,1.6441367785828165,0.22727272727272727,45.2,1.0,1.0,0.868,2.66,1.64
0.37593984962406013,0.4714045207910317,0.538888888888889,0.48345679012345677,0.37766179525449656,0.3220799205835864,SelfRegulationSCP2,1,5,5.0,20,80,guide=sig | walk=aligned | guard,0.293,7,1152,2.0,64,2.0,ridge,1.7092688052010665,0.086973583005171,1.6441367785828165,0.22727272727272727,45.2,1.0,1.0,0.868,2.66,1.64
0.0,0.0,0.5,0.5148765432098765,0.41974,0.4044444444444444,SelfRegulationSCP2,1,10,10.0,10,90,none,0.293,7,1152,1.7999999999999998,64,2.0,rf,,,,,,,,,,
0.02127659574468085,0.10363754503432017,0.4888888888888889,0.49876543209876545,0.48554206067150935,0.4956608967614572,SelfRegulationSCP2,1,10,10.0,10,90,none,0.293,7,1152,1.7999999999999998,64,2.0,ridge,,,,,,,,,,
0.02197802197802198,0.10540925533894598,0.5055555555555555,0.4988888888888889,0.4040255555555556,0.38466666666666666,SelfRegulationSCP2,1,10,10.0,10,90,SMOTE-raw,0.293,7,1152,1.7999999999999998,64,2.0,rf,4.750651977648133,0.31289849401219794,0.5231636762766245,,,,,,,
0.021052631578947368,0.10304020550550783,0.48333333333333334,0.4825925925925926,0.48322423438175943,0.4858426439313934,SelfRegulationSCP2,1,10,10.0,10,90,SMOTE-raw,0.293,7,1152,1.7999999999999998,64,2.0,ridge,4.750651977648133,0.31289849401219794,0.5231636762766245,,,,,,,
0.0,0.0,0.5,0.5401851851851852,0.3915396913580248,0.36398148148148146,SelfRegulationSCP2,1,10,10.0,10,90,guide=gpf | walk=plain,0.293,7,1152,1.7999999999999998,64,2.0,rf,5.607391712311422,0.37031548375896106,0.4569654108597448,0.4017857142857143,0.7,0.0,,,,
0.021052631578947368,0.10304020550550783,0.48333333333333334,0.48790123456790124,0.48387507446883454,0.4863082282954225,SelfRegulationSCP2,1,10,10.0,10,90,guide=gpf | walk=plain,0.293,7,1152,1.7999999999999998,64,2.0,ridge,5.607391712311422,0.37031548375896106,0.4569654108597448,0.4017857142857143,0.7,0.0,,,,
0.0,0.0,0.5,0.5401851851851852,0.3915396913580248,0.36398148148148146,SelfRegulationSCP2,1,10,10.0,10,90,guide=gpf | walk=plain | guard,0.293,7,1152,1.7999999999999998,64,2.0,rf,5.607391712311422,0.37031548375896106,0.4569654108597448,0.4017857142857143,2.0,1.0,0.0,1.0,0.46,0.46
0.021052631578947368,0.10304020550550783,0.48333333333333334,0.48790123456790124,0.48387507446883454,0.4863082282954225,SelfRegulationSCP2,1,10,10.0,10,90,guide=gpf | walk=plain | guard,0.293,7,1152,1.7999999999999998,64,2.0,ridge,5.607391712311422,0.37031548375896106,0.4569654108597448,0.4017857142857143,2.0,1.0,0.0,1.0,0.46,0.46
0.043010752688172046,0.14824071182362594,0.5055555555555555,0.54320987654321,0.39088740740740746,0.37148148148148147,SelfRegulationSCP2,1,10,10.0,10,90,guide=gpf | walk=aligned,0.293,7,1152,1.7999999999999998,64,2.0,rf,4.768990694259454,0.3153085097944971,0.5621871240565403,0.2556818181818182,38.9,0.0,,,,
0.042105263157894736,0.146565621758588,0.49444444444444446,0.49358024691358027,0.47823648641108163,0.4817757890386299,SelfRegulationSCP2,1,10,10.0,10,90,guide=gpf | walk=aligned,0.293,7,1152,1.7999999999999998,64,2.0,ridge,4.768990694259454,0.3153085097944971,0.5621871240565403,0.2556818181818182,38.9,0.0,,,,
0.043010752688172046,0.14824071182362594,0.5055555555555555,0.54320987654321,0.39088740740740746,0.37148148148148147,SelfRegulationSCP2,1,10,10.0,10,90,guide=gpf | walk=aligned | guard,0.293,7,1152,1.7999999999999998,64,2.0,rf,4.768990694259454,0.3153085097944971,0.5621871240565403,0.2556818181818182,40.1,1.0,0.0,1.0,0.56,0.56
0.042105263157894736,0.146565621758588,0.49444444444444446,0.49358024691358027,0.47823648641108163,0.4817757890386299,SelfRegulationSCP2,1,10,10.0,10,90,guide=gpf | walk=aligned | guard,0.293,7,1152,1.7999999999999998,64,2.0,ridge,4.768990694259454,0.3153085097944971,0.5621871240565403,0.2556818181818182,40.1,1.0,0.0,1.0,0.56,0.56
0.12244897959183673,0.25531389540169014,0.5222222222222223,0.5320370370370371,0.37719012345679004,0.35322222222222216,SelfRegulationSCP2,1,10,10.0,10,90,guide=sig | walk=aligned,0.293,7,1152,1.7999999999999998,64,2.0,rf,2.8751707576214205,0.17167555373362364,1.2496981778297593,0.140625,78.5,0.0,,,,
0.11650485436893204,0.2479545956046822,0.49444444444444446,0.5055555555555555,0.4662891390051924,0.46854985874562244,SelfRegulationSCP2,1,10,10.0,10,90,guide=sig | walk=aligned,0.293,7,1152,1.7999999999999998,64,2.0,ridge,2.8751707576214205,0.17167555373362364,1.2496981778297593,0.140625,78.5,0.0,,,,
0.12244897959183673,0.25531389540169014,0.5222222222222223,0.5320370370370371,0.37719012345679004,0.35322222222222216,SelfRegulationSCP2,1,10,10.0,10,90,guide=sig | walk=aligned | guard,0.293,7,1152,1.7999999999999998,64,2.0,rf,2.8751707576214205,0.17167555373362364,1.2496981778297593,0.140625,79.8,1.0,0.0,1.0,1.25,1.25
0.11650485436893204,0.2479545956046822,0.49444444444444446,0.5055555555555555,0.4662891390051924,0.46854985874562244,SelfRegulationSCP2,1,10,10.0,10,90,guide=sig | walk=aligned | guard,0.293,7,1152,1.7999999999999998,64,2.0,ridge,2.8751707576214205,0.17167555373362364,1.2496981778297593,0.140625,79.8,1.0,0.0,1.0,1.25,1.25
0.0,0.0,0.5,0.5890123456790124,0.4301606172839506,0.4204074074074074,SelfRegulationSCP2,1,20,20.0,5,95,none,0.293,7,1152,1.5999999999999999,64,2.0,rf,,,,,,,,,,
0.12371134020618557,0.2567604446286965,0.5277777777777778,0.5718518518518518,0.4433492850450067,0.4341682863648702,SelfRegulationSCP2,1,20,20.0,5,95,none,0.293,7,1152,1.5999999999999999,64,2.0,ridge,,,,,,,,,,
0.0,0.0,0.49444444444444446,0.49944444444444447,0.43080154320987657,0.39072222222222236,SelfRegulationSCP2,1,20,20.0,5,95,SMOTE-raw,0.293,7,1152,1.5999999999999999,64,2.0,rf,4.603459689515644,0.3198444282080426,0.5585701435974567,,,,,,,
0.14814814814814814,0.2810913475705226,0.4888888888888889,0.5187654320987654,0.46522481417864364,0.466125393088914,SelfRegulationSCP2,1,20,20.0,5,95,SMOTE-raw,0.293,7,1152,1.5999999999999999,64,2.0,ridge,4.603459689515644,0.3198444282080426,0.5585701435974567,,,,,,,
0.0,0.0,0.49444444444444446,0.5575925925925925,0.39630006172839505,0.38461111111111107,SelfRegulationSCP2,1,20,20.0,5,95,guide=gpf | walk=plain,0.293,7,1152,1.5999999999999999,64,2.0,rf,8.42129209358468,0.38825358193422743,1.8400563066293323,0.59375,0.6,0.0,,,,
0.1568627450980392,0.2914417121912,0.5222222222222223,0.5604938271604938,0.43806258021629935,0.43619562599061606,SelfRegulationSCP2,1,20,20.0,5,95,guide=gpf | walk=plain,0.293,7,1152,1.5999999999999999,64,2.0,ridge,8.42129209358468,0.38825358193422743,1.8400563066293323,0.59375,0.6,0.0,,,,
0.0,0.0,0.49444444444444446,0.5575925925925925,0.39630006172839505,0.38461111111111107,SelfRegulationSCP2,1,20,20.0,5,95,guide=gpf | walk=plain | guard,0.293,7,1152,1.5999999999999999,64,2.0,rf,8.42129209358468,0.38825358193422743,1.8400563066293323,0.59375,1.8,1.0,0.0,1.0,1.84,1.84
0.1568627450980392,0.2914417121912,0.5222222222222223,0.5604938271604938,0.43806258021629935,0.43619562599061606,SelfRegulationSCP2,1,20,20.0,5,95,guide=gpf | walk=plain | guard,0.293,7,1152,1.5999999999999999,64,2.0,ridge,8.42129209358468,0.38825358193422743,1.8400563066293323,0.59375,1.8,1.0,0.0,1.0,1.84,1.84
0.2018348623853211,0.3337034981706935,0.5166666666666666,0.5363580246913581,0.36555407407407403,0.3273703703703703,SelfRegulationSCP2,1,20,20.0,5,95,guide=gpf | walk=aligned,0.293,7,1152,1.5999999999999999,64,2.0,rf,4.228736066377305,0.21716618754354033,1.794525178496436,0.1484375,55.6,0.0,,,,
0.21621621621621623,0.34641016151377546,0.5166666666666667,0.5543209876543209,0.41899866584464607,0.41664224678118067,SelfRegulationSCP2,1,20,20.0,5,95,guide=gpf | walk=aligned,0.293,7,1152,1.5999999999999999,64,2.0,ridge,4.228736066377305,0.21716618754354033,1.794525178496436,0.1484375,55.6,0.0,,,,
0.2018348623853211,0.3337034981706935,0.5166666666666666,0.5363580246913581,0.36555407407407403,0.3273703703703703,SelfRegulationSCP2,1,20,20.0,5,95,guide=gpf | walk=aligned | guard,0.293,7,1152,1.5999999999999999,64,2.0,rf,4.228736066377305,0.21716618754354033,1.794525178496436,0.1484375,56.8,1.0,0.0,1.0,1.79,1.79
0.21621621621621623,0.34641016151377546,0.5166666666666667,0.5543209876543209,0.41899866584464607,0.41664224678118067,SelfRegulationSCP2,1,20,20.0,5,95,guide=gpf | walk=aligned | guard,0.293,7,1152,1.5999999999999999,64,2.0,ridge,4.228736066377305,0.21716618754354033,1.794525178496436,0.1484375,56.8,1.0,0.0,1.0,1.79,1.79
0.11320754716981132,0.24343224778007383,0.47777777777777775,0.494753086419753,0.3940503703703704,0.3648148148148147,SelfRegulationSCP2,1,20,20.0,5,95,guide=sig | walk=aligned,0.293,7,1152,1.5999999999999999,64,2.0,rf,4.912384733108821,0.2826351464428949,1.3059468316003824,0.15625,61.9,0.0,,,,
0.27419354838709675,0.39142033230685636,0.5,0.4758024691358025,0.45976870830445715,0.4450979666951835,SelfRegulationSCP2,1,20,20.0,5,95,guide=sig | walk=aligned,0.293,7,1152,1.5999999999999999,64,2.0,ridge,4.912384733108821,0.2826351464428949,1.3059468316003824,0.15625,61.9,0.0,,,,
0.11320754716981132,0.24343224778007383,0.47777777777777775,0.494753086419753,0.3940503703703704,0.3648148148148147,SelfRegulationSCP2,1,20,20.0,5,95,guide=sig | walk=aligned | guard,0.293,7,1152,1.5999999999999999,64,2.0,rf,4.912384733108821,0.2826351464428949,1.3059468316003824,0.15625,63.1,1.0,0.0,1.0,1.31,1.31
0.27419354838709675,0.39142033230685636,0.5,0.4758024691358025,0.45976870830445715,0.4450979666951835,SelfRegulationSCP2,1,20,20.0,5,95,guide=sig | walk=aligned | guard,0.293,7,1152,1.5999999999999999,64,2.0,ridge,4.912384733108821,0.2826351464428949,1.3059468316003824,0.15625,63.1,1.0,0.0,1.0,1.31,1.31
0.02197802197802198,0.10540925533894598,0.5055555555555555,0.49296296296296294,0.36677345679012346,0.32803703703703707,SelfRegulationSCP2,2,5,5.0,20,80,none,0.293,7,1152,1.7999999999999998,64,2.0,rf,,,,,,,,,,
0.2564102564102564,0.38005847503304596,0.5166666666666667,0.4982716049382716,0.42412657015987265,0.4145233403790141,SelfRegulationSCP2,2,5,5.0,20,80,none,0.293,7,1152,1.7999999999999998,64,2.0,ridge,,,,,,,,,,
0.12,0.2523959264800122,0.5111111111111112,0.48203703703703704,0.3516927160493826,0.2920740740740741,SelfRegulationSCP2,2,5,5.0,20,80,SMOTE-raw,0.293,7,1152,1.7999999999999998,64,2.0,rf,6.00180238245183,0.37023872738490915,0.5663588728601375,,,,,,,
0.2689075630252101,0.3899984172174277,0.5166666666666666,0.4909876543209877,0.43405730505874884,0.4317294754159537,SelfRegulationSCP2,2,5,5.0,20,80,SMOTE-raw,0.293,7,1152,1.7999999999999998,64,2.0,ridge,6.00180238245183,0.37023872738490915,0.5663588728601375,,,,,,,
0.12244897959183673,0.25531389540169014,0.5222222222222223,0.47919753086419753,0.34593037037037033,0.3118888888888889,SelfRegulationSCP2,2,5,5.0,20,80,guide=gpf | walk=plain,0.293,7,1152,1.7999999999999998,64,2.0,rf,7.750347890756624,0.47587819484572647,0.4676600593806942,0.2777777777777778,0.8,0.0,,,,
0.2689075630252101,0.3899984172174277,0.5166666666666666,0.49407407407407405,0.4344410865216116,0.42123332640188443,SelfRegulationSCP2,2,5,5.0,20,80,guide=gpf | walk=plain,0.293,7,1152,1.7999999999999998,64,2.0,ridge,7.750347890756624,0.47587819484572647,0.4676600593806942,0.2777777777777778,0.8,0.0,,,,
0.12244897959183673,0.25531389540169014,0.5222222222222223,0.47919753086419753,0.34593037037037033,0.3118888888888889,SelfRegulationSCP2,2,5,5.0,20,80,guide=gpf | walk=plain | guard,0.293,7,1152,1.7999999999999998,64,2.0,rf,7.750347890756624,0.47587819484572647,0.4676600593806942,0.2777777777777778,2.0,1.0,0.0,1.0,0.47,0.47
0.2689075630252101,0.3899984172174277,0.5166666666666666,0.49407407407407405,0.4344410865216116,0.42123332640188443,SelfRegulationSCP2,2,5,5.0,20,80,guide=gpf | walk=plain | guard,0.293,7,1152,1.7999999999999998,64,2.0,ridge,7.750347890756624,0.47587819484572647,0.4676600593806942,0.2777777777777778,2.0,1.0,0.0,1.0,0.47,0.47
0.11428571428571428,0.24494897427831783,0.48333333333333334,0.4742592592592592,0.35470098765432095,0.3148518518518519,SelfRegulationSCP2,2,5,5.0,20,80,guide=gpf | walk=aligned,0.293,7,1152,1.7999999999999998,64,2.0,rf,8.179862076923905,0.45389707945057944,0.7447869177239406,0.35714285714285715,24.5,0.0,,,,
0.25210084033613445,0.3751542892474251,0.5055555555555555,0.5020987654320987,0.4373589720599153,0.41228685180260133,SelfRegulationSCP2,2,5,5.0,20,80,guide=gpf | walk=aligned,0.293,7,1152,1.7999999999999998,64,2.0,ridge,8.179862076923905,0.45389707945057944,0.7447869177239406,0.35714285714285715,24.5,0.0,,,,
0.11428571428571428,0.24494897427831783,0.48333333333333334,0.4742592592592592,0.35470098765432095,0.3148518518518519,SelfRegulationSCP2,2,5,5.0,20,80,guide=gpf | walk=aligned | guard,0.293,7,1152,1.7999999999999998,64,2.0,rf,8.179862076923905,0.45389707945057944,0.7447869177239406,0.35714285714285715,25.7,1.0,0.0,1.0,0.74,0.74
0.25210084033613445,0.3751542892474251,0.5055555555555555,0.5020987654320987,0.4373589720599153,0.41228685180260133,SelfRegulationSCP2,2,5,5.0,20,80,guide=gpf | walk=aligned | guard,0.293,7,1152,1.7999999999999998,64,2.0,ridge,8.179862076923905,0.45389707945057944,0.7447869177239406,0.35714285714285715,25.7,1.0,0.0,1.0,0.74,0.74
0.12,0.2523959264800122,0.5111111111111112,0.5504320987654321,0.30419271604938275,0.22525925925925924,SelfRegulationSCP2,2,5,5.0,20,80,guide=sig | walk=aligned,0.293,7,1152,1.7999999999999998,64,2.0,rf,3.6635155523542533,0.2318001695938552,3.73788989489458,0.09259259259259259,108.0,0.0,,,,
0.3387096774193548,0.4467993169529578,0.5444444444444444,0.5708641975308641,0.3788066674978412,0.36429052777543486,SelfRegulationSCP2,2,5,5.0,20,80,guide=sig | walk=aligned,0.293,7,1152,1.7999999999999998,64,2.0,ridge,3.6635155523542533,0.2318001695938552,3.73788989489458,0.09259259259259259,108.0,0.0,,,,
0.061855670103092786,0.1784708711578779,0.49444444444444446,0.5362962962962963,0.32660641975308646,0.27685185185185185,SelfRegulationSCP2,2,5,5.0,20,80,guide=sig | walk=aligned | guard,0.293,7,1152,1.7999999999999998,64,2.0,rf,6.068730954708032,0.35377521006490775,1.3306685483124867,0.09259259259259259,109.3,1.0,1.0,0.731,3.74,1.33
0.3114754098360656,0.4249909221978951,0.5333333333333333,0.554074074074074,0.4012211742020546,0.3831142062622187,SelfRegulationSCP2,2,5,5.0,20,80,guide=sig | walk=aligned | guard,0.293,7,1152,1.7999999999999998,64,2.0,ridge,6.068730954708032,0.35377521006490775,1.3306685483124867,0.09259259259259259,109.3,1.0,1.0,0.731,3.74,1.33
0.02197802197802198,0.10540925533894598,0.5055555555555555,0.5660493827160494,0.3958751234567902,0.386574074074074,SelfRegulationSCP2,2,10,10.0,10,90,none,0.293,7,1152,1.7999999999999998,64,2.0,rf,,,,,,,,,,
0.17142857142857143,0.30550504633038933,0.5166666666666667,0.5166666666666666,0.44165515310851367,0.43246994840276465,SelfRegulationSCP2,2,10,10.0,10,90,none,0.293,7,1152,1.7999999999999998,64,2.0,ridge,,,,,,,,,,
0.042105263157894736,0.146565621758588,0.49444444444444446,0.46043209876543206,0.37942845679012344,0.3416481481481481,SelfRegulationSCP2,2,10,10.0,10,90,SMOTE-raw,0.293,7,1152,1.7999999999999998,64,2.0,rf,3.3930680220265828,0.2104937450104467,0.5457477932151267,,,,,,,
0.13592233009708737,0.2694301256218254,0.5055555555555555,0.44641975308641973,0.47573285295207,0.46829659620981196,SelfRegulationSCP2,2,10,10.0,10,90,SMOTE-raw,0.293,7,1152,1.7999999999999998,64,2.0,ridge,3.3930680220265828,0.2104937450104467,0.5457477932151267,,,,,,,
0.02197802197802198,0.10540925533894598,0.5055555555555555,0.5682098765432098,0.3870775925925926,0.37490740740740736,SelfRegulationSCP2,2,10,10.0,10,90,guide=gpf | walk=plain,0.293,7,1152,1.7999999999999998,64,2.0,rf,11.649401601516347,0.5379452653019603,1.0723499240587537,0.04849137931034483,4.2,0.0,,,,
0.22018348623853212,0.3506607519568778,0.5277777777777778,0.5328395061728395,0.429850709706837,0.42690119157780726,SelfRegulationSCP2,2,10,10.0,10,90,guide=gpf | walk=plain,0.293,7,1152,1.7999999999999998,64,2.0,ridge,11.649401601516347,0.5379452653019603,1.0723499240587537,0.04849137931034483,4.2,0.0,,,,
0.02197802197802198,0.10540925533894598,0.5055555555555555,0.5682098765432098,0.3870775925925926,0.37490740740740736,SelfRegulationSCP2,2,10,10.0,10,90,guide=gpf | walk=plain | guard,0.293,7,1152,1.7999999999999998,64,2.0,rf,11.649401601516347,0.5379452653019603,1.0723499240587537,0.04849137931034483,5.4,1.0,0.0,1.0,1.07,1.07
0.22018348623853212,0.3506607519568778,0.5277777777777778,0.5328395061728395,0.429850709706837,0.42690119157780726,SelfRegulationSCP2,2,10,10.0,10,90,guide=gpf | walk=plain | guard,0.293,7,1152,1.7999999999999998,64,2.0,ridge,11.649401601516347,0.5379452653019603,1.0723499240587537,0.04849137931034483,5.4,1.0,0.0,1.0,1.07,1.07
0.14432989690721648,0.27888667551135854,0.5388888888888889,0.62,0.3480746296296296,0.3322777777777777,SelfRegulationSCP2,2,10,10.0,10,90,guide=gpf | walk=aligned,0.293,7,1152,1.7999999999999998,64,2.0,rf,8.926468254877358,0.35058443286206864,1.990434703990198,0.04849137931034483,202.6,0.0,,,,
0.23423423423423423,0.36277394927365575,0.5277777777777778,0.5604938271604938,0.40910993862782596,0.39692905912887877,SelfRegulationSCP2,2,10,10.0,10,90,guide=gpf | walk=aligned,0.293,7,1152,1.7999999999999998,64,2.0,ridge,8.926468254877358,0.35058443286206864,1.990434703990198,0.04849137931034483,202.6,0.0,,,,
0.14432989690721648,0.27888667551135854,0.5388888888888889,0.62,0.3480746296296296,0.3322777777777777,SelfRegulationSCP2,2,10,10.0,10,90,guide=gpf | walk=aligned | guard,0.293,7,1152,1.7999999999999998,64,2.0,rf,8.926468254877358,0.35058443286206864,1.990434703990198,0.04849137931034483,203.8,1.0,0.0,1.0,1.99,1.99
0.23423423423423423,0.36277394927365575,0.5277777777777778,0.5604938271604938,0.40910993862782596,0.39692905912887877,SelfRegulationSCP2,2,10,10.0,10,90,guide=gpf | walk=aligned | guard,0.293,7,1152,1.7999999999999998,64,2.0,ridge,8.926468254877358,0.35058443286206864,1.990434703990198,0.04849137931034483,203.8,1.0,0.0,1.0,1.99,1.99
0.043010752688172046,0.14824071182362594,0.5055555555555555,0.5832098765432099,0.36290506172839504,0.3380740740740741,SelfRegulationSCP2,2,10,10.0,10,90,guide=sig | walk=aligned,0.293,7,1152,1.7999999999999998,64,2.0,rf,8.312484932714957,0.31541388949402127,2.5338004963843628,0.04849137931034483,232.2,0.0,,,,
0.2,0.33166247903553997,0.5111111111111111,0.5279012345679012,0.42529244585441367,0.3951520642087646,SelfRegulationSCP2,2,10,10.0,10,90,guide=sig | walk=aligned,0.293,7,1152,1.7999999999999998,64,2.0,ridge,8.312484932714957,0.31541388949402127,2.5338004963843628,0.04849137931034483,232.2,0.0,,,,
0.06451612903225806,0.18257418583505536,0.5166666666666667,0.5908641975308642,0.35187691358024686,0.3283333333333333,SelfRegulationSCP2,2,10,10.0,10,90,guide=sig | walk=aligned | guard,0.293,7,1152,1.7999999999999998,64,2.0,rf,4.7720618592057225,0.22722475304159928,1.7684357884938535,0.04849137931034483,233.5,1.0,1.0,0.888,2.53,1.77
0.2413793103448276,0.36717136981907345,0.5111111111111111,0.507037037037037,0.4385787253946489,0.42952354801244313,SelfRegulationSCP2,2,10,10.0,10,90,guide=sig | walk=aligned | guard,0.293,7,1152,1.7999999999999998,64,2.0,ridge,4.7720618592057225,0.22722475304159928,1.7684357884938535,0.04849137931034483,233.5,1.0,1.0,0.888,2.53,1.77
0.0,0.0,0.5,0.510246913580247,0.4556322222222222,0.4263333333333334,SelfRegulationSCP2,2,20,20.0,5,95,none,0.293,7,1152,1.5999999999999999,64,2.0,rf,,,,,,,,,,
0.0,0.0,0.5,0.4718518518518518,0.4876641785587547,0.4861281562644167,SelfRegulationSCP2,2,20,20.0,5,95,none,0.293,7,1152,1.5999999999999999,64,2.0,ridge,,,,,,,,,,
0.0,0.0,0.5,0.5237037037037037,0.4342242592592593,0.42475925925925917,SelfRegulationSCP2,2,20,20.0,5,95,SMOTE-raw,0.293,7,1152,1.5999999999999999,64,2.0,rf,4.9587175284839144,0.2901901229399114,0.4432092639453658,,,,,,,
0.0,0.0,0.5,0.46222222222222226,0.48413137112726173,0.4865036405181224,SelfRegulationSCP2,2,20,20.0,5,95,SMOTE-raw,0.293,7,1152,1.5999999999999999,64,2.0,ridge,4.9587175284839144,0.2901901229399114,0.4432092639453658,,,,,,,
0.0,0.0,0.5,0.5059876543209876,0.4173237654320988,0.39198148148148154,SelfRegulationSCP2,2,20,20.0,5,95,guide=gpf | walk=plain,0.293,7,1152,1.5999999999999999,64,2.0,rf,5.318748701770675,0.29720801402228225,0.7766332283540797,0.296875,1.1,0.0,,,,
0.02197802197802198,0.10540925533894598,0.5055555555555555,0.485679012345679,0.47947418896720734,0.483871788236027,SelfRegulationSCP2,2,20,20.0,5,95,guide=gpf | walk=plain,0.293,7,1152,1.5999999999999999,64,2.0,ridge,5.318748701770675,0.29720801402228225,0.7766332283540797,0.296875,1.1,0.0,,,,
0.0,0.0,0.5,0.5059876543209876,0.4173237654320988,0.39198148148148154,SelfRegulationSCP2,2,20,20.0,5,95,guide=gpf | walk=plain | guard,0.293,7,1152,1.5999999999999999,64,2.0,rf,5.318748701770675,0.29720801402228225,0.7766332283540797,0.296875,2.4,1.0,0.0,1.0,0.78,0.78
0.02197802197802198,0.10540925533894598,0.5055555555555555,0.485679012345679,0.47947418896720734,0.483871788236027,SelfRegulationSCP2,2,20,20.0,5,95,guide=gpf | walk=plain | guard,0.293,7,1152,1.5999999999999999,64,2.0,ridge,5.318748701770675,0.29720801402228225,0.7766332283540797,0.296875,2.4,1.0,0.0,1.0,0.78,0.78
0.0,0.0,0.5,0.4635185185185185,0.3925516666666667,0.34194444444444444,SelfRegulationSCP2,2,20,20.0,5,95,guide=gpf | walk=aligned,0.293,7,1152,1.5999999999999999,64,2.0,rf,5.8807154606616105,0.3767469612569678,0.2435570212379142,0.05709134615384615,147.9,0.0,,,,
0.021505376344086023,0.10423146132940955,0.4944444444444444,0.46592592592592597,0.47800296858128555,0.47933599180539455,SelfRegulationSCP2,2,20,20.0,5,95,guide=gpf | walk=aligned,0.293,7,1152,1.5999999999999999,64,2.0,ridge,5.8807154606616105,0.3767469612569678,0.2435570212379142,0.05709134615384615,147.9,0.0,,,,
0.0,0.0,0.5,0.4635185185185185,0.3925516666666667,0.34194444444444444,SelfRegulationSCP2,2,20,20.0,5,95,guide=gpf | walk=aligned | guard,0.293,7,1152,1.5999999999999999,64,2.0,rf,5.8807154606616105,0.3767469612569678,0.2435570212379142,0.05709134615384615,149.2,1.0,0.0,1.0,0.24,0.24
0.021505376344086023,0.10423146132940955,0.4944444444444444,0.46592592592592597,0.47800296858128555,0.47933599180539455,SelfRegulationSCP2,2,20,20.0,5,95,guide=gpf | walk=aligned | guard,0.293,7,1152,1.5999999999999999,64,2.0,ridge,5.8807154606616105,0.3767469612569678,0.2435570212379142,0.05709134615384615,149.2,1.0,0.0,1.0,0.24,0.24
0.0,0.0,0.5,0.47685185185185186,0.4062146913580247,0.3871851851851852,SelfRegulationSCP2,2,20,20.0,5,95,guide=sig | walk=aligned,0.293,7,1152,1.5999999999999999,64,2.0,rf,4.8970873172712235,0.25893774024008287,0.4480130684600227,0.048668032786885244,197.7,0.0,,,,
0.1651376146788991,0.29814239699997197,0.4944444444444444,0.5104938271604939,0.45242756748818747,0.44214367477433697,SelfRegulationSCP2,2,20,20.0,5,95,guide=sig | walk=aligned,0.293,7,1152,1.5999999999999999,64,2.0,ridge,4.8970873172712235,0.25893774024008287,0.4480130684600227,0.048668032786885244,197.7,0.0,,,,
0.0,0.0,0.5,0.47685185185185186,0.4062146913580247,0.3871851851851852,SelfRegulationSCP2,2,20,20.0,5,95,guide=sig | walk=aligned | guard,0.293,7,1152,1.5999999999999999,64,2.0,rf,4.8970873172712235,0.25893774024008287,0.4480130684600227,0.048668032786885244,198.9,1.0,0.0,1.0,0.45,0.45
0.1651376146788991,0.29814239699997197,0.4944444444444444,0.5104938271604939,0.45242756748818747,0.44214367477433697,SelfRegulationSCP2,2,20,20.0,5,95,guide=sig | walk=aligned | guard,0.293,7,1152,1.5999999999999999,64,2.0,ridge,4.8970873172712235,0.25893774024008287,0.4480130684600227,0.048668032786885244,198.9,1.0,0.0,1.0,0.45,0.45
0.0,0.0,0.4949238578680203,0.5123057991078296,0.2031719476130123,0.09277566539923954,EthanolConcentration,0,5,5.0,39,156,none,0.883,3,1751,2.0,64,2.0,rf,,,,,,,,,,
0.0547945205479452,0.1718543507124302,0.5024611598215659,0.5876788186432856,0.19405687081812908,0.08220155780104162,EthanolConcentration,0,5,5.0,39,156,none,0.883,3,1751,2.0,64,2.0,ridge,,,,,,,,,,
0.2830188679245283,0.4454559581078153,0.5501845869866174,0.5687971081372096,0.20638103084072665,0.11413181242078581,EthanolConcentration,0,5,5.0,39,156,SMOTE-raw,0.883,3,1751,2.0,64,2.0,rf,0.4760759347627168,0.0612174814782912,0.7382001993536916,,,,,,,
0.3384615384615385,0.5121204384572223,0.560067681895093,0.6026765113059529,0.22550222528686892,0.164883692298325,EthanolConcentration,0,5,5.0,39,156,SMOTE-raw,0.883,3,1751,2.0,64,2.0,ridge,0.4760759347627168,0.0612174814782912,0.7382001993536916,,,,,,,
0.16494845360824742,0.32720093557035745,0.5022304260882942,0.5081910475311491,0.21994850021123785,0.15017743979721168,EthanolConcentration,0,5,5.0,39,156,guide=gpf | walk=plain,0.883,3,1751,2.0,64,2.0,rf,1.2245437577522083,0.2532434312945627,0.22664823555916394,0.2565789473684211,0.7,0.0,,,,
0.32432432432432434,0.5065332283258882,0.5346100599907706,0.5801415166897401,0.2443473536885055,0.19839469084829303,EthanolConcentration,0,5,5.0,39,156,guide=gpf | walk=plain,0.883,3,1751,2.0,64,2.0,ridge,1.2245437577522083,0.2532434312945627,0.22664823555916394,0.2565789473684211,0.7,0.0,,,,
0.16494845360824742,0.32720093557035745,0.5022304260882942,0.5081910475311491,0.21994850021123785,0.15017743979721168,EthanolConcentration,0,5,5.0,39,156,guide=gpf | walk=plain | guard,0.883,3,1751,2.0,64,2.0,rf,1.2245437577522083,0.2532434312945627,0.22664823555916394,0.2565789473684211,1.8,1.0,0.0,1.0,0.23,0.23
0.32432432432432434,0.5065332283258882,0.5346100599907706,0.5801415166897401,0.2443473536885055,0.19839469084829303,EthanolConcentration,0,5,5.0,39,156,guide=gpf | walk=plain | guard,0.883,3,1751,2.0,64,2.0,ridge,1.2245437577522083,0.2532434312945627,0.22664823555916394,0.2565789473684211,1.8,1.0,0.0,1.0,0.23,0.23
0.13043478260869565,0.28579667873895725,0.49469312413474853,0.5368020304568528,0.2107229404309252,0.12316856780735108,EthanolConcentration,0,5,5.0,39,156,guide=gpf | walk=aligned,0.883,3,1751,2.0,64,2.0,rf,1.254411354396499,0.18704016345470142,1.3715947817813543,0.09027777777777778,150.0,0.0,,,,
0.37037037037037035,0.5188346128428323,0.5956775880633749,0.6105983694816182,0.2011734044885343,0.1331856489406253,EthanolConcentration,0,5,5.0,39,156,guide=gpf | walk=aligned,0.883,3,1751,2.0,64,2.0,ridge,1.254411354396499,0.18704016345470142,1.3715947817813543,0.09027777777777778,150.0,0.0,,,,
0.13043478260869565,0.28579667873895725,0.49469312413474853,0.5368020304568528,0.2107229404309252,0.12316856780735108,EthanolConcentration,0,5,5.0,39,156,guide=gpf | walk=aligned | guard,0.883,3,1751,2.0,64,2.0,rf,1.254411354396499,0.18704016345470142,1.3715947817813543,0.09027777777777778,151.1,1.0,0.0,1.0,1.37,1.37
0.37037037037037035,0.5188346128428323,0.5956775880633749,0.6105983694816182,0.2011734044885343,0.1331856489406253,EthanolConcentration,0,5,5.0,39,156,guide=gpf | walk=aligned | guard,0.883,3,1751,2.0,64,2.0,ridge,1.254411354396499,0.18704016345470142,1.3715947817813543,0.09027777777777778,151.1,1.0,0.0,1.0,1.37,1.37
0.21505376344086022,0.37207558366961224,0.5326103676357483,0.48877095831410555,0.21799788762146174,0.16631178707224334,EthanolConcentration,0,5,5.0,39,156,guide=sig | walk=aligned,0.883,3,1751,2.0,64,2.0,rf,15.477924326271854,0.23946003794357051,163.53634283970484,0.06018518518518518,239.6,0.0,,,,
0.19607843137254902,0.3626544194752471,0.5097677280418398,0.5608367943393325,0.20751866425201623,0.1131905626672949,EthanolConcentration,0,5,5.0,39,156,guide=sig | walk=aligned,0.883,3,1751,2.0,64,2.0,ridge,15.477924326271854,0.23946003794357051,163.53634283970484,0.06018518518518518,239.6,0.0,,,,
0.17582417582417584,0.33279451914126545,0.5174588524842332,0.5318027995692971,0.20828981833544571,0.12344740177439797,EthanolConcentration,0,5,5.0,39,156,guide=sig | walk=aligned | guard,0.883,3,1751,2.0,64,2.0,rf,0.7380448960862669,0.07042454142689825,1.922393214966018,0.06018518518518518,240.9,1.0,1.0,0.111,163.54,1.92
0.28346456692913385,0.4617336564981453,0.527226580526073,0.5702199661590525,0.24434334904593688,0.1740267010368932,EthanolConcentration,0,5,5.0,39,156,guide=sig | walk=aligned | guard,0.883,3,1751,2.0,64,2.0,ridge,0.7380448960862669,0.07042454142689825,1.922393214966018,0.06018518518518518,240.9,1.0,1.0,0.111,163.54,1.92
0.0,0.0,0.4949238578680203,0.5375711429010921,0.21408027038445288,0.1442585551330798,EthanolConcentration,0,10,9.8,20,175,none,0.883,3,1751,2.1999999999999997,64,2.0,rf,,,,,,,,,,
0.08450704225352113,0.212115718389755,0.517651130595293,0.6030610675280726,0.20909598259686832,0.17036552240619054,EthanolConcentration,0,10,9.8,20,175,none,0.883,3,1751,2.1999999999999997,64,2.0,ridge,,,,,,,,,,
0.1956521739130435,0.3529818918397576,0.5250346100599907,0.5522996462082757,0.2092125897760879,0.11954372623574144,EthanolConcentration,0,10,9.8,20,175,SMOTE-raw,0.883,3,1751,2.1999999999999997,64,2.0,rf,0.9108522815289009,0.08082662489703862,0.70114897350968,,,,,,,
0.34328358208955223,0.518538051165077,0.5600292262728811,0.6342101215197662,0.2302532556873715,0.19174567626934053,EthanolConcentration,0,10,9.8,20,175,SMOTE-raw,0.883,3,1751,2.1999999999999997,64,2.0,ridge,0.9108522815289009,0.08082662489703862,0.70114897350968,,,,,,,
0.12658227848101267,0.2695943730507341,0.5175742193508691,0.5449930779880019,0.21456400506970852,0.14022813688212926,EthanolConcentration,0,10,9.8,20,175,guide=gpf | walk=plain,0.883,3,1751,2.1999999999999997,64,2.0,rf,1.9631041169493413,0.325579720848244,0.29829588589794104,0.06076388888888889,2.6,0.0,,,,
0.2711864406779661,0.4451105094648474,0.5298415628364868,0.600138440239963,0.25128461611749575,0.21875346228899253,EthanolConcentration,0,10,9.8,20,175,guide=gpf | walk=plain,0.883,3,1751,2.1999999999999997,64,2.0,ridge,1.9631041169493413,0.325579720848244,0.29829588589794104,0.06076388888888889,2.6,0.0,,,,
0.12658227848101267,0.2695943730507341,0.5175742193508691,0.5449930779880019,0.21456400506970852,0.14022813688212926,EthanolConcentration,0,10,9.8,20,175,guide=gpf | walk=plain | guard,0.883,3,1751,2.1999999999999997,64,2.0,rf,1.9631041169493413,0.325579720848244,0.29829588589794104,0.06076388888888889,3.8,1.0,0.0,1.0,0.3,0.3
0.2711864406779661,0.4451105094648474,0.5298415628364868,0.600138440239963,0.25128461611749575,0.21875346228899253,EthanolConcentration,0,10,9.8,20,175,guide=gpf | walk=plain | guard,0.883,3,1751,2.1999999999999997,64,2.0,ridge,1.9631041169493413,0.325579720848244,0.29829588589794104,0.06076388888888889,3.8,1.0,0.0,1.0,0.3,0.3
0.056338028169014086,0.17274710659367554,0.5075373019535456,0.5285725273034918,0.20586425855513307,0.12381495564005071,EthanolConcentration,0,10,9.8,20,175,guide=gpf | walk=aligned,0.883,3,1751,2.1999999999999997,64,2.0,rf,75.88500247158872,0.6467122930006127,146.9939603355062,0.09114583333333333,163.0,0.0,,,,
0.05555555555555555,0.17230130686573106,0.5049992308875558,0.6168281802799569,0.19189026950689245,0.11135199616122554,EthanolConcentration,0,10,9.8,20,175,guide=gpf | walk=aligned,0.883,3,1751,2.1999999999999997,64,2.0,ridge,75.88500247158872,0.6467122930006127,146.9939603355062,0.09114583333333333,163.0,0.0,,,,
0.029850746268656716,0.12309149097933274,0.5075757575757576,0.5503768650976772,0.20459340937896073,0.12299112801013942,EthanolConcentration,0,10,9.8,20,175,guide=gpf | walk=aligned | guard,0.883,3,1751,2.1999999999999997,64,2.0,rf,6.068634667803228,0.349733396403203,2.029572323351929,0.09114583333333333,164.6,1.0,1.0,0.104,146.99,2.03
0.20408163265306123,0.36687147305546375,0.5199200123057991,0.6122904168589448,0.2158650934394875,0.1684704322028344,EthanolConcentration,0,10,9.8,20,175,guide=gpf | walk=aligned | guard,0.883,3,1751,2.1999999999999997,64,2.0,ridge,6.068634667803228,0.349733396403203,2.029572323351929,0.09114583333333333,164.6,1.0,1.0,0.104,146.99,2.03
0.0,0.0,0.4949238578680203,0.5343793262574987,0.20798990283058724,0.13010139416983527,EthanolConcentration,0,10,9.8,20,175,guide=sig | walk=aligned,0.883,3,1751,2.1999999999999997,64,2.0,rf,33.76490529602583,0.27810797458901027,373.3141015594076,0.04926801801801802,337.5,0.0,,,,
0.14457831325301204,0.2929726075542067,0.5175357637286572,0.589601599753884,0.21170248056716334,0.14941318603369327,EthanolConcentration,0,10,9.8,20,175,guide=sig | walk=aligned,0.883,3,1751,2.1999999999999997,64,2.0,ridge,33.76490529602583,0.27810797458901027,373.3141015594076,0.04926801801801802,337.5,0.0,,,,
0.0,0.0,0.4847715736040609,0.5463005691432088,0.21231081537811577,0.14612167300380227,EthanolConcentration,0,10,9.8,20,175,guide=sig | walk=aligned | guard,0.883,3,1751,2.1999999999999997,64,2.0,rf,1.5572407486519682,0.09246050612879697,2.0255049787533475,0.04926801801801802,339.1,1.0,1.0,0.064,373.31,2.03
0.3442622950819672,0.5115193579232619,0.5702584217812644,0.6148284879249346,0.2429440990330724,0.2185461858663888,EthanolConcentration,0,10,9.8,20,175,guide=sig | walk=aligned | guard,0.883,3,1751,2.1999999999999997,64,2.0,ridge,1.5572407486519682,0.09246050612879697,2.0255049787533475,0.04926801801801802,339.1,1.0,1.0,0.064,373.31,2.03
0.0,0.0,0.5,0.5262267343485617,0.22639759188846642,0.18389100126742716,EthanolConcentration,0,20,19.5,10,185,none,0.883,3,1751,1.7999999999999998,64,2.0,rf,,,,,,,,,,
0.029411764705882353,0.12277867855247188,0.5050376865097678,0.6063682510383018,0.22848585257617043,0.21123934733126415,EthanolConcentration,0,20,19.5,10,185,none,0.883,3,1751,1.7999999999999998,64,2.0,ridge,,,,,,,,,,
0.08571428571428572,0.21265890933904852,0.5201892016612829,0.5876788186432856,0.20145373891001267,0.12207858048162228,EthanolConcentration,0,20,19.5,10,185,SMOTE-raw,0.883,3,1751,1.7999999999999998,64,2.0,rf,1.2793711376158772,0.14616171069560868,0.5496988725631218,,,,,,,
0.19753086419753085,0.34191386565095727,0.5428395631441316,0.6162898015689894,0.22344090877221084,0.20359759442430006,EthanolConcentration,0,20,19.5,10,185,SMOTE-raw,0.883,3,1751,1.7999999999999998,64,2.0,ridge,1.2793711376158772,0.14616171069560868,0.5496988725631218,,,,,,,
0.029850746268656716,0.12309149097933274,0.5075757575757576,0.499961544377788,0.22491457541191381,0.1703929024081115,EthanolConcentration,0,20,19.5,10,185,guide=gpf | walk=plain,0.883,3,1751,1.7999999999999998,64,2.0,rf,3.787807995479058,0.508743621700247,0.15007207331345135,0.04899364406779661,3.5,0.0,,,,
0.0821917808219178,0.21102514191787253,0.5125749884633134,0.5899092447315799,0.22992331037649288,0.22322333781798134,EthanolConcentration,0,20,19.5,10,185,guide=gpf | walk=plain,0.883,3,1751,1.7999999999999998,64,2.0,ridge,3.787807995479058,0.508743621700247,0.15007207331345135,0.04899364406779661,3.5,0.0,,,,
0.029850746268656716,0.12309149097933274,0.5075757575757576,0.499961544377788,0.22491457541191381,0.1703929024081115,EthanolConcentration,0,20,19.5,10,185,guide=gpf | walk=plain | guard,0.883,3,1751,1.7999999999999998,64,2.0,rf,3.787807995479058,0.508743621700247,0.15007207331345135,0.04899364406779661,4.6,1.0,0.0,1.0,0.15,0.15
0.0821917808219178,0.21102514191787253,0.5125749884633134,0.5899092447315799,0.22992331037649288,0.22322333781798134,EthanolConcentration,0,20,19.5,10,185,guide=gpf | walk=plain | guard,0.883,3,1751,1.7999999999999998,64,2.0,ridge,3.787807995479058,0.508743621700247,0.15007207331345135,0.04899364406779661,4.6,1.0,0.0,1.0,0.15,0.15
0.0,0.0,0.5,0.5268804799261652,0.22424647232784117,0.18321926489226872,EthanolConcentration,0,20,19.5,10,185,guide=gpf | walk=aligned,0.883,3,1751,1.7999999999999998,64,2.0,rf,7.420223556268635,0.6766538100739509,0.21531042442144196,0.04899364406779661,346.1,0.0,,,,
0.02702702702702703,0.12088480649174903,0.48980926011382864,0.5882171973542532,0.23678062630004998,0.22724754722650994,EthanolConcentration,0,20,19.5,10,185,guide=gpf | walk=aligned,0.883,3,1751,1.7999999999999998,64,2.0,ridge,7.420223556268635,0.6766538100739509,0.21531042442144196,0.04899364406779661,346.1,0.0,,,,
0.0,0.0,0.5,0.5268804799261652,0.22424647232784117,0.18321926489226872,EthanolConcentration,0,20,19.5,10,185,guide=gpf | walk=aligned | guard,0.883,3,1751,1.7999999999999998,64,2.0,rf,7.420223556268635,0.6766538100739509,0.21531042442144196,0.04899364406779661,347.3,1.0,0.0,1.0,0.22,0.22
0.02702702702702703,0.12088480649174903,0.48980926011382864,0.5882171973542532,0.23678062630004998,0.22724754722650994,EthanolConcentration,0,20,19.5,10,185,guide=gpf | walk=aligned | guard,0.883,3,1751,1.7999999999999998,64,2.0,ridge,7.420223556268635,0.6766538100739509,0.21531042442144196,0.04899364406779661,347.3,1.0,0.0,1.0,0.22,0.22
0.029850746268656716,0.12309149097933274,0.5075757575757576,0.5594523919397015,0.21533907900295735,0.1543472750316857,EthanolConcentration,0,20,19.5,10,185,guide=sig | walk=aligned,0.883,3,1751,1.7999999999999998,64,2.0,rf,1.1325845562085544,0.08422410024491311,0.9237079228767472,0.04899364406779661,366.3,0.0,,,,
0.23655913978494625,0.39131865231298923,0.5427241962774958,0.614520842947239,0.2309357956397389,0.2055408099122617,EthanolConcentration,0,20,19.5,10,185,guide=sig | walk=aligned,0.883,3,1751,1.7999999999999998,64,2.0,ridge,1.1325845562085544,0.08422410024491311,0.9237079228767472,0.04899364406779661,366.3,0.0,,,,
0.029850746268656716,0.12309149097933274,0.5075757575757576,0.5594523919397015,0.21533907900295735,0.1543472750316857,EthanolConcentration,0,20,19.5,10,185,guide=sig | walk=aligned | guard,0.883,3,1751,1.7999999999999998,64,2.0,rf,1.1325845562085544,0.08422410024491311,0.9237079228767472,0.04899364406779661,367.6,1.0,0.0,1.0,0.92,0.92
0.23655913978494625,0.39131865231298923,0.5427241962774958,0.614520842947239,0.2309357956397389,0.2055408099122617,EthanolConcentration,0,20,19.5,10,185,guide=sig | walk=aligned | guard,0.883,3,1751,1.7999999999999998,64,2.0,ridge,1.1325845562085544,0.08422410024491311,0.9237079228767472,0.04899364406779661,367.6,1.0,0.0,1.0,0.92,0.92
0.0547945205479452,0.1718543507124302,0.5024611598215659,0.590793724042455,0.18974136037177866,0.09591888466413181,EthanolConcentration,1,5,5.0,39,156,none,0.883,3,1751,2.1999999999999997,64,2.0,rf,,,,,,,,,,
0.13333333333333333,0.27243228675965897,0.5277265036148285,0.6563605599138593,0.18168765690760807,0.06712175872610324,EthanolConcentration,1,5,5.0,39,156,none,0.883,3,1751,2.1999999999999997,64,2.0,ridge,,,,,,,,,,
0.3238095238095238,0.4783418779086836,0.5729503153361022,0.60632979541609,0.19625568229826784,0.11039290240811155,EthanolConcentration,1,5,5.0,39,156,SMOTE-raw,0.883,3,1751,2.1999999999999997,64,2.0,rf,0.823718729516818,0.07942908881044086,0.6976266269936428,,,,,,,
0.4025974025974026,0.5777497735178068,0.5901784340870635,0.6320566066758961,0.22510912105889094,0.15464153473295317,EthanolConcentration,1,5,5.0,39,156,SMOTE-raw,0.883,3,1751,2.1999999999999997,64,2.0,ridge,0.823718729516818,0.07942908881044086,0.6976266269936428,,,,,,,
0.3220338983050847,0.48954615474435176,0.560183048761729,0.5946777418858638,0.2073826784959865,0.1425348542458809,EthanolConcentration,1,5,5.0,39,156,guide=gpf | walk=plain,0.883,3,1751,2.1999999999999997,64,2.0,rf,0.6723034912417134,0.040985421599673,2.020118123220865,0.1392857142857143,1.2,0.0,,,,
0.32926829268292684,0.5115193579232619,0.5243424088601754,0.5818335640670665,0.24433235909084824,0.20879341392178516,EthanolConcentration,1,5,5.0,39,156,guide=gpf | walk=plain,0.883,3,1751,2.1999999999999997,64,2.0,ridge,0.6723034912417134,0.040985421599673,2.020118123220865,0.1392857142857143,1.2,0.0,,,,
0.33613445378151263,0.5022637571142338,0.5677588063374865,0.5985233041070604,0.20609645120405573,0.14297845373891,EthanolConcentration,1,5,5.0,39,156,guide=gpf | walk=plain | guard,0.883,3,1751,2.1999999999999997,64,2.0,rf,0.6575172939197635,0.04111335075914646,2.000048166634583,0.1392857142857143,2.7,1.0,1.0,0.994,2.02,2.0
0.32926829268292684,0.5115193579232619,0.5243424088601754,0.5818335640670665,0.2445536734750942,0.20911487849984617,EthanolConcentration,1,5,5.0,39,156,guide=gpf | walk=plain | guard,0.883,3,1751,2.1999999999999997,64,2.0,ridge,0.6575172939197635,0.04111335075914646,2.000048166634583,0.1392857142857143,2.7,1.0,1.0,0.994,2.02,2.0
0.1839080459770115,0.33647191828149936,0.5276111367481926,0.5752961082910322,0.19766641318124206,0.10927756653992395,EthanolConcentration,1,5,5.0,39,156,guide=gpf | walk=aligned,0.883,3,1751,2.1999999999999997,64,2.0,rf,3.0649973331359757,0.27817664044073753,3.9204903352756837,0.04875,278.5,0.0,,,,
0.2882882882882883,0.45468387370956614,0.5476080602984157,0.5909090909090908,0.20688279441493224,0.12439279665325187,EthanolConcentration,1,5,5.0,39,156,guide=gpf | walk=aligned,0.883,3,1751,2.1999999999999997,64,2.0,ridge,3.0649973331359757,0.27817664044073753,3.9204903352756837,0.04875,278.5,0.0,,,,
0.22988505747126436,0.3782260099841346,0.5478387940316874,0.5929856945085372,0.19208297422898185,0.10141951837769331,EthanolConcentration,1,5,5.0,39,156,guide=gpf | walk=aligned | guard,0.883,3,1751,2.1999999999999997,64,2.0,rf,3.43791461350175,0.3124140465120171,1.873241001909033,0.04875,279.7,1.0,1.0,0.714,3.92,1.87
0.2631578947368421,0.4349731730611436,0.5298800184586987,0.5836794339332411,0.21119549396435666,0.1214530647393993,EthanolConcentration,1,5,5.0,39,156,guide=gpf | walk=aligned | guard,0.883,3,1751,2.1999999999999997,64,2.0,ridge,3.43791461350175,0.3124140465120171,1.873241001909033,0.04875,279.7,1.0,1.0,0.714,3.92,1.87
0.1839080459770115,0.33647191828149936,0.5276111367481926,0.5636055991385941,0.19940713983945924,0.10716096324461341,EthanolConcentration,1,5,5.0,39,156,guide=sig | walk=aligned,0.883,3,1751,2.1999999999999997,64,2.0,rf,12.776002301763452,0.2336048220960142,142.6599553228746,0.05298913043478261,281.2,0.0,,,,
0.19148936170212766,0.35101540360380695,0.5199584679280111,0.5642208890939856,0.20064969870687083,0.1077533997749782,EthanolConcentration,1,5,5.0,39,156,guide=sig | walk=aligned,0.883,3,1751,2.1999999999999997,64,2.0,ridge,12.776002301763452,0.2336048220960142,142.6599553228746,0.05298913043478261,281.2,0.0,,,,
0.32,0.4693333613010578,0.5755268420243039,0.6224811567451162,0.1909306717363752,0.11927756653992394,EthanolConcentration,1,5,5.0,39,156,guide=sig | walk=aligned | guard,0.883,3,1751,2.1999999999999997,64,2.0,rf,0.6855357769406218,0.05382801669458126,2.021094581492381,0.05298913043478261,282.7,1.0,1.0,0.106,142.66,2.02
0.4305555555555556,0.5980278309337256,0.6155591447469619,0.6335948315643747,0.2209596933679749,0.17617935094033665,EthanolConcentration,1,5,5.0,39,156,guide=sig | walk=aligned | guard,0.883,3,1751,2.1999999999999997,64,2.0,ridge,0.6855357769406218,0.05382801669458126,2.021094581492381,0.05298913043478261,282.7,1.0,1.0,0.106,142.66,2.02
0.0,0.0,0.49746192893401014,0.5319566220581449,0.21062196873679762,0.1453231939163498,EthanolConcentration,1,10,9.8,20,175,none,0.883,3,1751,2.0,64,2.0,rf,,,,,,,,,,
0.0,0.0,0.49746192893401014,0.564913090293801,0.21891257745252793,0.18471707171725746,EthanolConcentration,1,10,9.8,20,175,none,0.883,3,1751,2.0,64,2.0,ridge,,,,,,,,,,
0.13043478260869565,0.28579667873895725,0.49469312413474853,0.5573757883402554,0.21340760456273766,0.1362484157160963,EthanolConcentration,1,10,9.8,20,175,SMOTE-raw,0.883,3,1751,2.0,64,2.0,rf,0.7696368116552446,0.10577496584233315,0.5943728167764432,,,,,,,
0.19607843137254902,0.3626544194752471,0.5097677280418398,0.5694508537148131,0.2257340043491931,0.18749035571921127,EthanolConcentration,1,10,9.8,20,175,SMOTE-raw,0.883,3,1751,2.0,64,2.0,ridge,0.7696368116552446,0.10577496584233315,0.5943728167764432,,,,,,,
0.09195402298850575,0.2353212612265051,0.4871558221812029,0.5233425626826642,0.21637841149133924,0.1449049429657795,EthanolConcentration,1,10,9.8,20,175,guide=gpf | walk=plain,0.883,3,1751,2.0,64,2.0,rf,1.7112944832474932,0.11369606900741913,1.9818786445705532,0.08965163934426229,1.8,0.0,,,,
0.09411764705882353,0.23662499010168922,0.4922319643131826,0.556606675896016,0.22834606465456112,0.18551370346858853,EthanolConcentration,1,10,9.8,20,175,guide=gpf | walk=plain,0.883,3,1751,2.0,64,2.0,ridge,1.7112944832474932,0.11369606900741913,1.9818786445705532,0.08965163934426229,1.8,0.0,,,,
0.09195402298850575,0.2353212612265051,0.4871558221812029,0.5233425626826642,0.21637841149133924,0.1449049429657795,EthanolConcentration,1,10,9.8,20,175,guide=gpf | walk=plain | guard,0.883,3,1751,2.0,64,2.0,rf,1.7112944832474932,0.11369606900741913,1.9818786445705532,0.08965163934426229,3.0,1.0,0.0,1.0,1.98,1.98
0.09411764705882353,0.23662499010168922,0.4922319643131826,0.556606675896016,0.22834606465456112,0.18551370346858853,EthanolConcentration,1,10,9.8,20,175,guide=gpf | walk=plain | guard,0.883,3,1751,2.0,64,2.0,ridge,1.7112944832474932,0.11369606900741913,1.9818786445705532,0.08965163934426229,3.0,1.0,0.0,1.0,1.98,1.98
0.028169014084507043,0.12183542249206268,0.4974234733117982,0.5177280418397171,0.2065235318969159,0.10798479087452473,EthanolConcentration,1,10,9.8,20,175,guide=gpf | walk=aligned,0.883,3,1751,2.0,64,2.0,rf,2.7729211743039555,0.20573642858477692,5.7221709341453355,0.04926801801801802,311.3,0.0,,,,
0.0759493670886076,0.2077190605645698,0.4973465620673742,0.5423011844331641,0.23046529940926597,0.17914515441589487,EthanolConcentration,1,10,9.8,20,175,guide=gpf | walk=aligned,0.883,3,1751,2.0,64,2.0,ridge,2.7729211743039555,0.20573642858477692,5.7221709341453355,0.04926801801801802,311.3,0.0,,,,
0.08108108108108109,0.21047773466138034,0.5100369173973235,0.5109213967081987,0.20829264892268692,0.13443599493029149,EthanolConcentration,1,10,9.8,20,175,guide=gpf | walk=aligned | guard,0.883,3,1751,2.0,64,2.0,rf,1.6526313467268148,0.17034903946699786,1.8540920162631076,0.04926801801801802,312.7,1.0,1.0,0.591,5.72,1.85
0.0975609756097561,0.23856722506185074,0.4998461775111521,0.5653745577603446,0.22580079364315572,0.18273801040581666,EthanolConcentration,1,10,9.8,20,175,guide=gpf | walk=aligned | guard,0.883,3,1751,2.0,64,2.0,ridge,1.6526313467268148,0.17034903946699786,1.8540920162631076,0.04926801801801802,312.7,1.0,1.0,0.591,5.72,1.85
0.0,0.0,0.49746192893401014,0.5151130595293031,0.20555762568652305,0.12391634980988589,EthanolConcentration,1,10,9.8,20,175,guide=sig | walk=aligned,0.883,3,1751,2.0,64,2.0,rf,47.03794904095064,0.4338796912166034,149.8575847925925,0.11393229166666667,140.7,0.0,,,,
0.05263157894736842,0.1705064526410873,0.49484694662359635,0.5385325334563913,0.21982127524541697,0.1704950295771583,EthanolConcentration,1,10,9.8,20,175,guide=sig | walk=aligned,0.883,3,1751,2.0,64,2.0,ridge,47.03794904095064,0.4338796912166034,149.8575847925925,0.11393229166666667,140.7,0.0,,,,
0.05333333333333334,0.17095693282547864,0.4973850176895862,0.5057298877095832,0.21487131389945074,0.14730038022813688,EthanolConcentration,1,10,9.8,20,175,guide=sig | walk=aligned | guard,0.883,3,1751,2.0,64,2.0,rf,3.4135398906615704,0.21396102180945498,2.0006772397100523,0.11393229166666667,142.3,1.0,1.0,0.114,149.86,2.0
0.20689655172413793,0.3578508375927761,0.5377249653899401,0.5522227349638518,0.21783574832017685,0.16553137770972112,EthanolConcentration,1,10,9.8,20,175,guide=sig | walk=aligned | guard,0.883,3,1751,2.0,64,2.0,ridge,3.4135398906615704,0.21396102180945498,2.0006772397100523,0.11393229166666667,142.3,1.0,1.0,0.114,149.86,2.0
0.0,0.0,0.5,0.5879480079987693,0.2177275031685678,0.1717617237008872,EthanolConcentration,1,20,19.5,10,185,none,0.883,3,1751,1.7999999999999998,64,2.0,rf,,,,,,,,,,
0.0,0.0,0.49746192893401014,0.5812182741116751,0.22495943015079672,0.20887424655491535,EthanolConcentration,1,20,19.5,10,185,none,0.883,3,1751,1.7999999999999998,64,2.0,ridge,,,,,,,,,,
0.07792207792207792,0.20882690341134455,0.502422704199354,0.5606060606060607,0.20887008871989862,0.13017743979721166,EthanolConcentration,1,20,19.5,10,185,SMOTE-raw,0.883,3,1751,1.7999999999999998,64,2.0,rf,1.1402414572191795,0.11546179537468249,0.5921397230816885,,,,,,,
0.26,0.41949127194968283,0.5451853560990617,0.5798338717120444,0.22485681309052127,0.20049045675844207,EthanolConcentration,1,20,19.5,10,185,SMOTE-raw,0.883,3,1751,1.7999999999999998,64,2.0,ridge,1.1402414572191795,0.11546179537468249,0.5921397230816885,,,,,,,
0.0,0.0,0.5,0.5865636055991387,0.21352002534854242,0.1508365019011407,EthanolConcentration,1,20,19.5,10,185,guide=gpf | walk=plain,0.883,3,1751,1.7999999999999998,64,2.0,rf,5.687110681121741,0.5418635108746641,1.726278490323108e-32,0.04899364406779661,3.3,0.0,,,,
0.02857142857142857,0.12215065050274332,0.499961544377788,0.5871404399323181,0.22643592375842103,0.20815704160858245,EthanolConcentration,1,20,19.5,10,185,guide=gpf | walk=plain,0.883,3,1751,1.7999999999999998,64,2.0,ridge,5.687110681121741,0.5418635108746641,1.726278490323108e-32,0.04899364406779661,3.3,0.0,,,,
0.0,0.0,0.5,0.5865636055991387,0.21352002534854242,0.1508365019011407,EthanolConcentration,1,20,19.5,10,185,guide=gpf | walk=plain | guard,0.883,3,1751,1.7999999999999998,64,2.0,rf,5.687110681121741,0.5418635108746641,1.726278490323108e-32,0.04899364406779661,4.3,1.0,0.0,1.0,0.0,0.0
0.02857142857142857,0.12215065050274332,0.499961544377788,0.5871404399323181,0.22643592375842103,0.20815704160858245,EthanolConcentration,1,20,19.5,10,185,guide=gpf | walk=plain | guard,0.883,3,1751,1.7999999999999998,64,2.0,ridge,5.687110681121741,0.5418635108746641,1.726278490323108e-32,0.04899364406779661,4.3,1.0,0.0,1.0,0.0,0.0
0.0,0.0,0.5,0.5887171204430088,0.21276582171525135,0.15119138149556402,EthanolConcentration,1,20,19.5,10,185,guide=gpf | walk=aligned,0.883,3,1751,1.7999999999999998,64,2.0,rf,13.758303841672664,0.6703999052265489,2.1246346886152607,0.04899364406779661,330.2,0.0,,,,
0.0,0.0,0.49746192893401014,0.5712967235809875,0.2300870695549914,0.20574718319312185,EthanolConcentration,1,20,19.5,10,185,guide=gpf | walk=aligned,0.883,3,1751,1.7999999999999998,64,2.0,ridge,13.758303841672664,0.6703999052265489,2.1246346886152607,0.04899364406779661,330.2,0.0,,,,
0.0,0.0,0.5,0.583717889555453,0.21315188001689903,0.15468948035487962,EthanolConcentration,1,20,19.5,10,185,guide=gpf | walk=aligned | guard,0.883,3,1751,1.7999999999999998,64,2.0,rf,13.460351554632478,0.6727836886214345,1.985942794491534,0.04899364406779661,331.5,1.0,1.0,0.97,2.12,1.99
0.0,0.0,0.49746192893401014,0.5723734810029226,0.23018584052781385,0.2065663129705732,EthanolConcentration,1,20,19.5,10,185,guide=gpf | walk=aligned | guard,0.883,3,1751,1.7999999999999998,64,2.0,ridge,13.460351554632478,0.6727836886214345,1.985942794491534,0.04899364406779661,331.5,1.0,1.0,0.97,2.12,1.99
0.0,0.0,0.4949238578680203,0.5698738655591447,0.22184638783269958,0.16783269961977187,EthanolConcentration,1,20,19.5,10,185,guide=sig | walk=aligned,0.883,3,1751,1.7999999999999998,64,2.0,rf,0.8395082808844361,0.0489151022326515,0.9263164874545814,0.04899364406779661,347.6,0.0,,,,
0.2631578947368421,0.4349731730611436,0.5298800184586987,0.5692970312259652,0.2408847988712182,0.20521425482191472,EthanolConcentration,1,20,19.5,10,185,guide=sig | walk=aligned,0.883,3,1751,1.7999999999999998,64,2.0,ridge,0.8395082808844361,0.0489151022326515,0.9263164874545814,0.04899364406779661,347.6,0.0,,,,
0.0,0.0,0.4949238578680203,0.5698738655591447,0.22184638783269958,0.16783269961977187,EthanolConcentration,1,20,19.5,10,185,guide=sig | walk=aligned | guard,0.883,3,1751,1.7999999999999998,64,2.0,rf,0.8395082808844361,0.0489151022326515,0.9263164874545814,0.04899364406779661,348.8,1.0,0.0,1.0,0.93,0.93
0.2631578947368421,0.4349731730611436,0.5298800184586987,0.5692970312259652,0.2408847988712182,0.20521425482191472,EthanolConcentration,1,20,19.5,10,185,guide=sig | walk=aligned | guard,0.883,3,1751,1.7999999999999998,64,2.0,ridge,0.8395082808844361,0.0489151022326515,0.9263164874545814,0.04899364406779661,348.8,1.0,0.0,1.0,0.93,0.93
0.10810810810810811,0.24367084498412536,0.520150746039071,0.5189201661282881,0.20152416561047737,0.11352344740177442,EthanolConcentration,2,5,5.0,39,156,none,0.883,3,1751,2.1999999999999997,64,2.0,rf,,,,,,,,,,
0.1917808219178082,0.3256694736394648,0.553030303030303,0.634440855253038,0.17966812862720682,0.09447741147119586,EthanolConcentration,2,5,5.0,39,156,none,0.883,3,1751,2.1999999999999997,64,2.0,ridge,,,,,,,,,,
0.18181818181818182,0.34605029629819195,0.5072681125980618,0.5865251499769266,0.1988995352767216,0.08119138149556397,EthanolConcentration,2,5,5.0,39,156,SMOTE-raw,0.883,3,1751,2.1999999999999997,64,2.0,rf,0.6687839241574496,0.0659882406830915,0.7163662052160248,,,,,,,
0.4057971014492754,0.5740102534904203,0.6004460852176589,0.6440547608060299,0.21222568676989562,0.13869513306887848,EthanolConcentration,2,5,5.0,39,156,SMOTE-raw,0.883,3,1751,2.1999999999999997,64,2.0,ridge,0.6687839241574496,0.0659882406830915,0.7163662052160248,,,,,,,
0.17204301075268819,0.3309404962522464,0.5123827103522536,0.4987309644670051,0.2170351499788762,0.14043092522179973,EthanolConcentration,2,5,5.0,39,156,guide=gpf | walk=plain,0.883,3,1751,2.1999999999999997,64,2.0,rf,8.00552329941491,0.3581974419401631,2.813289887370738,0.2867647058823529,0.6,0.0,,,,
0.2616822429906542,0.4278419821954886,0.5375326872788802,0.5798338717120443,0.19931069209471883,0.12765766030264328,EthanolConcentration,2,5,5.0,39,156,guide=gpf | walk=plain,0.883,3,1751,2.1999999999999997,64,2.0,ridge,8.00552329941491,0.3581974419401631,2.813289887370738,0.2867647058823529,0.6,0.0,,,,
0.17391304347826086,0.3318688024130539,0.5149207814182433,0.5236886632825719,0.21318196028728345,0.12335868187579214,EthanolConcentration,2,5,5.0,39,156,guide=gpf | walk=plain | guard,0.883,3,1751,2.1999999999999997,64,2.0,rf,4.791586484742974,0.26222304374737293,1.9754021313837749,0.2867647058823529,2.0,1.0,1.0,0.843,2.81,1.98
0.3114754098360656,0.4835392259669961,0.5500307644977696,0.5799876942008921,0.20797958620090384,0.13060709859853625,EthanolConcentration,2,5,5.0,39,156,guide=gpf | walk=plain | guard,0.883,3,1751,2.1999999999999997,64,2.0,ridge,4.791586484742974,0.26222304374737293,1.9754021313837749,0.2867647058823529,2.0,1.0,1.0,0.843,2.81,1.98
0.16091954022988506,0.31388422086345863,0.5174973081064451,0.49992308875557606,0.21251216730038025,0.14013941698352347,EthanolConcentration,2,5,5.0,39,156,guide=gpf | walk=aligned,0.883,3,1751,2.1999999999999997,64,2.0,rf,5.57749941230415,0.21326358954151914,123.40900709115404,0.07738095238095238,179.2,0.0,,,,
0.13725490196078433,0.30074511374675283,0.47942624211659746,0.5021535148438702,0.22206165531112926,0.15382778984556392,EthanolConcentration,2,5,5.0,39,156,guide=gpf | walk=aligned,0.883,3,1751,2.1999999999999997,64,2.0,ridge,5.57749941230415,0.21326358954151914,123.40900709115404,0.07738095238095238,179.2,0.0,,,,
0.21052631578947367,0.3700027230637687,0.5275342255037687,0.5759498538686356,0.20132496831432192,0.10296577946768057,EthanolConcentration,2,5,5.0,39,156,guide=gpf | walk=aligned | guard,0.883,3,1751,2.1999999999999997,64,2.0,rf,0.9233281035611265,0.09319797945993802,2.014895006727113,0.07738095238095238,181.1,1.0,1.0,0.116,123.41,2.01
0.33093525179856115,0.5099381505607553,0.5473388709429319,0.6173665589909245,0.2223200669107715,0.15044697728432266,EthanolConcentration,2,5,5.0,39,156,guide=gpf | walk=aligned | guard,0.883,3,1751,2.1999999999999997,64,2.0,ridge,0.9233281035611265,0.09319797945993802,2.014895006727113,0.07738095238095238,181.1,1.0,1.0,0.116,123.41,2.01
0.15384615384615385,0.3104348389971562,0.5073450238424857,0.5068451007537301,0.2104565694972539,0.12422053231939162,EthanolConcentration,2,5,5.0,39,156,guide=sig | walk=aligned,0.883,3,1751,2.1999999999999997,64,2.0,rf,50.85931677846205,0.3686125379014804,317.3673915034526,0.054775280898876406,274.1,0.0,,,,
0.05555555555555555,0.17230130686573106,0.5049992308875558,0.54945393016459,0.19543268757695323,0.07733129484127184,EthanolConcentration,2,5,5.0,39,156,guide=sig | walk=aligned,0.883,3,1751,2.1999999999999997,64,2.0,ridge,50.85931677846205,0.3686125379014804,317.3673915034526,0.054775280898876406,274.1,0.0,,,,
0.1348314606741573,0.2882085078165625,0.502307337332718,0.5283802491924319,0.2087462188424166,0.13387832699619773,EthanolConcentration,2,5,5.0,39,156,guide=sig | walk=aligned | guard,0.883,3,1751,2.1999999999999997,64,2.0,rf,1.8278010294294758,0.12315839768837755,2.029196567638472,0.054775280898876406,276.0,1.0,1.0,0.071,317.37,2.03
0.3262411347517731,0.5064573033867934,0.5422627288109522,0.569604676203661,0.238982211127716,0.16870353694034962,EthanolConcentration,2,5,5.0,39,156,guide=sig | walk=aligned | guard,0.883,3,1751,2.1999999999999997,64,2.0,ridge,1.8278010294294758,0.12315839768837755,2.029196567638472,0.054775280898876406,276.0,1.0,1.0,0.071,317.37,2.03
0.0,0.0,0.49746192893401014,0.5199200123057992,0.21166130122517954,0.13750316856780737,EthanolConcentration,2,10,9.8,20,175,none,0.883,3,1751,1.7999999999999998,64,2.0,rf,,,,,,,,,,
0.0,0.0,0.49746192893401014,0.5733733271804338,0.21296086736132952,0.1690083012608053,EthanolConcentration,2,10,9.8,20,175,none,0.883,3,1751,1.7999999999999998,64,2.0,ridge,,,,,,,,,,
0.20952380952380953,0.37812432265604756,0.5122673434856176,0.5453776342101214,0.22054516265314744,0.1447908745247148,EthanolConcentration,2,10,9.8,20,175,SMOTE-raw,0.883,3,1751,1.7999999999999998,64,2.0,rf,1.0687378297459418,0.1407262984995049,0.6091677745470581,,,,,,,
0.3795620437956204,0.5513195425190279,0.5827564990001538,0.5984463928626366,0.22678027241592516,0.1856833389205453,EthanolConcentration,2,10,9.8,20,175,SMOTE-raw,0.883,3,1751,1.7999999999999998,64,2.0,ridge,1.0687378297459418,0.1407262984995049,0.6091677745470581,,,,,,,
0.13953488372093023,0.29060032067683683,0.5099215505306876,0.5168820181510536,0.22343789607097592,0.16743979721166036,EthanolConcentration,2,10,9.8,20,175,guide=gpf | walk=plain,0.883,3,1751,1.7999999999999998,64,2.0,rf,1.2372922828128399,0.20154620748896612,0.5772718499038738,0.08965163934426229,4.1,0.0,,,,
0.25396825396825395,0.43391096592479933,0.5095369943085679,0.5656052914936164,0.24664481948489683,0.21651085701365874,EthanolConcentration,2,10,9.8,20,175,guide=gpf | walk=plain,0.883,3,1751,1.7999999999999998,64,2.0,ridge,1.2372922828128399,0.20154620748896612,0.5772718499038738,0.08965163934426229,4.1,0.0,,,,
0.13953488372093023,0.29060032067683683,0.5099215505306876,0.5168820181510536,0.22343789607097592,0.16743979721166036,EthanolConcentration,2,10,9.8,20,175,guide=gpf | walk=plain | guard,0.883,3,1751,1.7999999999999998,64,2.0,rf,1.2372922828128399,0.20154620748896612,0.5772718499038738,0.08965163934426229,5.6,1.0,0.0,1.0,0.58,0.58
0.25396825396825395,0.43391096592479933,0.5095369943085679,0.5656052914936164,0.24664481948489683,0.21651085701365874,EthanolConcentration,2,10,9.8,20,175,guide=gpf | walk=plain | guard,0.883,3,1751,1.7999999999999998,64,2.0,ridge,1.2372922828128399,0.20154620748896612,0.5772718499038738,0.08965163934426229,5.6,1.0,0.0,1.0,0.58,0.58
0.0821917808219178,0.21102514191787253,0.5125749884633134,0.5285340716812799,0.20917325728770594,0.14637515842839038,EthanolConcentration,2,10,9.8,20,175,guide=gpf | walk=aligned,0.883,3,1751,1.7999999999999998,64,2.0,rf,5.782094193973997,0.34092604707825414,3.3518947749693764,0.04926801801801802,306.4,0.0,,,,
0.09195402298850575,0.2353212612265051,0.4871558221812029,0.5249961544377788,0.23730611877961302,0.21296025436503263,EthanolConcentration,2,10,9.8,20,175,guide=gpf | walk=aligned,0.883,3,1751,1.7999999999999998,64,2.0,ridge,5.782094193973997,0.34092604707825414,3.3518947749693764,0.04926801801801802,306.4,0.0,,,,
0.0547945205479452,0.1718543507124302,0.5024611598215659,0.522381172127365,0.21119277566539923,0.14500633713561467,EthanolConcentration,2,10,9.8,20,175,guide=gpf | walk=aligned | guard,0.883,3,1751,1.7999999999999998,64,2.0,rf,5.025198200162691,0.36279663262898243,2.00000850166317,0.04926801801801802,308.3,1.0,1.0,0.771,3.35,2.0
0.1348314606741573,0.2882085078165625,0.502307337332718,0.5490693739424704,0.22790770173133568,0.19142837045307412,EthanolConcentration,2,10,9.8,20,175,guide=gpf | walk=aligned | guard,0.883,3,1751,1.7999999999999998,64,2.0,ridge,5.025198200162691,0.36279663262898243,2.00000850166317,0.04926801801801802,308.3,1.0,1.0,0.771,3.35,2.0
0.075,0.2071629175034847,0.4948084910013844,0.5107291185971389,0.21877249683143218,0.15076045627376422,EthanolConcentration,2,10,9.8,20,175,guide=sig | walk=aligned,0.883,3,1751,1.7999999999999998,64,2.0,rf,13.207003149476556,0.3289853516112896,88.78463982062407,0.0581781914893617,283.7,0.0,,,,
0.15730337078651685,0.31216429437897825,0.5124211659744654,0.559990770650669,0.21163612307999388,0.13589895991630377,EthanolConcentration,2,10,9.8,20,175,guide=sig | walk=aligned,0.883,3,1751,1.7999999999999998,64,2.0,ridge,13.207003149476556,0.3289853516112896,88.78463982062407,0.0581781914893617,283.7,0.0,,,,
0.0547945205479452,0.1718543507124302,0.5024611598215659,0.5198815566835872,0.21626924376848333,0.1261470215462611,EthanolConcentration,2,10,9.8,20,175,guide=sig | walk=aligned | guard,0.883,3,1751,1.7999999999999998,64,2.0,rf,1.5543724110497728,0.17473981352479162,2.0030647024650183,0.0581781914893617,285.6,1.0,1.0,0.143,88.78,2.0
0.29508196721311475,0.4691694593015421,0.5399169358560221,0.5796031379787725,0.22573694714376216,0.1827089127235082,EthanolConcentration,2,10,9.8,20,175,guide=sig | walk=aligned | guard,0.883,3,1751,1.7999999999999998,64,2.0,ridge,1.5543724110497728,0.17473981352479162,2.0030647024650183,0.0581781914893617,285.6,1.0,1.0,0.143,88.78,2.0
0.0,0.0,0.5,0.5656052914936163,0.22470980143641742,0.18807351077313053,EthanolConcentration,2,20,19.5,10,185,none,0.883,3,1751,1.7999999999999998,64,2.0,rf,,,,,,,,,,
0.0,0.0,0.5,0.5822181202891863,0.22722929983516935,0.21282619971017555,EthanolConcentration,2,20,19.5,10,185,none,0.883,3,1751,1.7999999999999998,64,2.0,ridge,,,,,,,,,,
0.08695652173913043,0.21320071635561044,0.5227272727272727,0.5741808952468851,0.20461330798479085,0.15813688212927757,EthanolConcentration,2,20,19.5,10,185,SMOTE-raw,0.883,3,1751,1.7999999999999998,64,2.0,rf,1.449162642428611,0.1626928807653446,0.5227187376135254,,,,,,,
0.20930232558139536,0.35881669856023535,0.5402630364559299,0.578987848023381,0.23438271217090928,0.21796797246523097,EthanolConcentration,2,20,19.5,10,185,SMOTE-raw,0.883,3,1751,1.7999999999999998,64,2.0,ridge,1.449162642428611,0.1626928807653446,0.5227187376135254,,,,,,,
0.029411764705882353,0.12277867855247188,0.5050376865097678,0.5521073680972158,0.21981943388255176,0.17784537389100127,EthanolConcentration,2,20,19.5,10,185,guide=gpf | walk=plain,0.883,3,1751,1.7999999999999998,64,2.0,rf,3.0904135250214964,0.48306516713477093,0.12132957453939898,0.04899364406779661,7.3,0.0,,,,
0.1282051282051282,0.2703066447624587,0.5201122904168589,0.5715274573142594,0.23557105073695292,0.21168585566759868,EthanolConcentration,2,20,19.5,10,185,guide=gpf | walk=plain,0.883,3,1751,1.7999999999999998,64,2.0,ridge,3.0904135250214964,0.48306516713477093,0.12132957453939898,0.04899364406779661,7.3,0.0,,,,
0.029411764705882353,0.12277867855247188,0.5050376865097678,0.5521073680972158,0.21981943388255176,0.17784537389100127,EthanolConcentration,2,20,19.5,10,185,guide=gpf | walk=plain | guard,0.883,3,1751,1.7999999999999998,64,2.0,rf,3.0904135250214964,0.48306516713477093,0.12132957453939898,0.04899364406779661,8.6,1.0,0.0,1.0,0.12,0.12
0.1282051282051282,0.2703066447624587,0.5201122904168589,0.5715274573142594,0.23557105073695292,0.21168585566759868,EthanolConcentration,2,20,19.5,10,185,guide=gpf | walk=plain | guard,0.883,3,1751,1.7999999999999998,64,2.0,ridge,3.0904135250214964,0.48306516713477093,0.12132957453939898,0.04899364406779661,8.6,1.0,0.0,1.0,0.12,0.12
0.0,0.0,0.5,0.5517228118750962,0.22281609632446134,0.17702154626108996,EthanolConcentration,2,20,19.5,10,185,guide=gpf | walk=aligned,0.883,3,1751,1.7999999999999998,64,2.0,rf,304.773197777101,1.3310367193035166,171.58048933019984,0.04899364406779661,332.2,0.0,,,,
0.0,0.0,0.5,0.5632979541608982,0.22755316405691808,0.20194409719976053,EthanolConcentration,2,20,19.5,10,185,guide=gpf | walk=aligned,0.883,3,1751,1.7999999999999998,64,2.0,ridge,304.773197777101,1.3310367193035166,171.58048933019984,0.04899364406779661,332.2,0.0,,,,
0.0,0.0,0.5,0.5599523150284572,0.2165975073933249,0.1636628643852978,EthanolConcentration,2,20,19.5,10,185,guide=gpf | walk=aligned | guard,0.883,3,1751,1.7999999999999998,64,2.0,rf,9.929675050439286,0.7086950135044102,0.6565889359059122,0.04899364406779661,333.5,1.0,1.0,0.108,171.58,0.66
0.02857142857142857,0.12215065050274332,0.499961544377788,0.570681433625596,0.22900259044607035,0.21138041659347456,EthanolConcentration,2,20,19.5,10,185,guide=gpf | walk=aligned | guard,0.883,3,1751,1.7999999999999998,64,2.0,ridge,9.929675050439286,0.7086950135044102,0.6565889359059122,0.04899364406779661,333.5,1.0,1.0,0.108,171.58,0.66
0.0,0.0,0.5,0.5253037994154747,0.2182027460920997,0.15745247148288974,EthanolConcentration,2,20,19.5,10,185,guide=sig | walk=aligned,0.883,3,1751,1.7999999999999998,64,2.0,rf,34.3288044834002,0.6430927115683476,50.540550052656165,0.04899364406779661,356.5,0.0,,,,
0.02857142857142857,0.12215065050274332,0.499961544377788,0.5723734810029226,0.22861909324541607,0.20225419564961003,EthanolConcentration,2,20,19.5,10,185,guide=sig | walk=aligned,0.883,3,1751,1.7999999999999998,64,2.0,ridge,34.3288044834002,0.6430927115683476,50.540550052656165,0.04899364406779661,356.5,0.0,,,,
0.029850746268656716,0.12309149097933274,0.5075757575757576,0.5179972311952008,0.21862099704267002,0.16310519645120403,EthanolConcentration,2,20,19.5,10,185,guide=sig | walk=aligned | guard,0.883,3,1751,1.7999999999999998,64,2.0,rf,5.267790792504105,0.44855959784614663,0.6634405850031595,0.04899364406779661,358.0,1.0,1.0,0.199,50.54,0.66
0.0821917808219178,0.21102514191787253,0.5125749884633134,0.5752961082910322,0.22697232313302795,0.20428848259595087,EthanolConcentration,2,20,19.5,10,185,guide=sig | walk=aligned | guard,0.883,3,1751,1.7999999999999998,64,2.0,ridge,5.267790792504105,0.44855959784614663,0.6634405850031595,0.04899364406779661,358.0,1.0,1.0,0.199,50.54,0.66
