f1,gmean,bacc,auc,brier,ece,dataset,seed,IR,IR_actual,n_min,n_syn,method,H,n_channels,length,M,energy_syn,mmd_syn,disp_ratio,accept,secs
0.6649417852522639,0.7057350887577264,0.7475803526905118,0.967549148495701,0.1613050102580715,0.23395853579527048,ItalyPowerDemand,0,5,4.7,7,26,none,0.645,1,24,2.0,,,,,
0.7550776583034647,0.7787388905384358,0.8002402647445487,0.9645307281986188,0.13395114998380306,0.18976352445740202,ItalyPowerDemand,0,5,4.7,7,26,SMOTE-raw,0.645,1,24,2.0,1.6134451520982775,0.1441736221967801,0.6516082953919244,,
0.8453837597330367,0.855644480092943,0.8645564168819982,0.9799854934493858,0.10843822481373501,0.1801684483317137,ItalyPowerDemand,0,5,4.7,7,26,guide=gpf | walk=plain,0.645,1,24,2.0,1.5744018040863512,0.14832428815121124,1.0015218780144557,0.40625,0.0
0.6623544631306598,0.7036738787488618,0.7456367015730541,0.9749856445592879,0.14643542813950977,0.23174279235503725,ItalyPowerDemand,0,5,4.7,7,26,guide=gpf | walk=aligned,0.645,1,24,2.0,5.931050547100146,0.3217174645073611,2.2775100387876077,0.40625,0.0
0.7903225806451613,0.808125470125646,0.8226800852259848,0.9544365867295282,0.12883836518734476,0.15830579850988014,ItalyPowerDemand,0,5,4.7,7,26,guide=sig | walk=aligned,0.645,1,24,2.0,5.365998090583167,0.33078532469213257,2.4329069891723276,0.40625,0.0
0.8,0.8164132946949467,0.8304603563171494,0.9661570485213896,0.11787768059604795,0.17444120505344995,ItalyPowerDemand,0,5,4.7,7,26,guide=dtw | walk=aligned,0.645,1,24,2.0,4.487616439331054,0.30554737162230144,2.648359085973059,0.8125,5.4
0.5123010130246021,0.5868224420118113,0.6715456276349789,0.9365168411986038,0.21272116402116403,0.26824425008098474,ItalyPowerDemand,0,10,8.2,4,29,none,0.645,1,24,1.5999999999999999,,,,,
0.6683870967741935,0.7084758178626311,0.7495296704293033,0.935151185457183,0.17300471871288198,0.21191124068675088,ItalyPowerDemand,0,10,8.2,4,29,SMOTE-raw,0.645,1,24,1.5999999999999999,2.060643810288269,0.1731985804836731,0.3958209180440669,,
0.7083854818523154,0.7405738399397461,0.7729214832948004,0.9337949740846517,0.15888433214555664,0.18801425332037575,ItalyPowerDemand,0,10,8.2,4,29,guide=gpf | walk=plain,0.645,1,24,1.5999999999999999,1.5785834293237393,0.12709993894071858,0.7016129381572627,0.453125,0.0
0.7350427350427351,0.7622723458874415,0.7885273584477991,0.9422741284736389,0.14271472843105498,0.16689018464528665,ItalyPowerDemand,0,10,8.2,4,29,guide=gpf | walk=aligned,0.645,1,24,1.5999999999999999,3.8504750243808683,0.2426863436327822,2.034338133650351,0.453125,0.0
0.7388688327316486,0.7652993481723602,0.7885613581758013,0.9208712996962691,0.15102978080120938,0.16327178490443797,ItalyPowerDemand,0,10,8.2,4,29,guide=sig | walk=aligned,0.645,1,24,1.5999999999999999,1.7234862192153653,0.12973156167785227,1.311412663055979,0.453125,0.0
0.7568208778173191,0.7801129677816997,0.8002572646085497,0.9344334134215816,0.13603492063492065,0.1497246517654681,ItalyPowerDemand,0,10,8.2,4,29,guide=dtw | walk=aligned,0.645,1,24,1.5999999999999999,1.5260493503241008,0.11594867059341685,1.4102226463949192,0.453125,0.0
0.2980132450331126,0.41844784527012,0.5867503059975521,0.9245659368058389,0.23773736097613649,0.28447359896339486,ItalyPowerDemand,0,20,8.2,4,29,none,0.645,1,24,1.5999999999999999,,,,,
0.38819875776397517,0.4907457658320445,0.6160184051860919,0.912728364839748,0.2227932836626714,0.27890508584386137,ItalyPowerDemand,0,20,8.2,4,29,SMOTE-raw,0.645,1,24,1.5999999999999999,2.6812741906186695,0.24379068445951724,0.527706811436563,,
0.3894080996884735,0.49170707089793736,0.6179563896822159,0.9047592063707935,0.2209765360112299,0.2703628117913832,ItalyPowerDemand,0,20,8.2,4,29,guide=gpf | walk=plain,0.645,1,24,1.5999999999999999,3.137077482964397,0.26626202271673705,0.4870150350949349,0.453125,0.0
0.6952264381884945,0.7294851826458404,0.7574232739471418,0.9316624355894042,0.151319997840406,0.17937479753806285,ItalyPowerDemand,0,20,8.2,4,29,guide=gpf | walk=aligned,0.645,1,24,1.5999999999999999,3.3528416145093143,0.23878345589230843,0.8709718582253498,0.453125,0.0
0.6384615384615384,0.6844327961268226,0.7252481980144159,0.9253989301418921,0.16606185077205488,0.20272108843537415,ItalyPowerDemand,0,20,8.2,4,29,guide=sig | walk=aligned,0.645,1,24,1.5999999999999999,3.4118559883087496,0.21910027288523048,1.330544639095064,0.453125,0.0
0.7511520737327189,0.7744435146952268,0.7896380162292035,0.9406761412575365,0.13397802613108736,0.1690087463556852,ItalyPowerDemand,0,20,8.2,4,29,guide=dtw | walk=aligned,0.645,1,24,1.5999999999999999,1.9371174947866852,0.13618188641369744,1.063525837359609,0.453125,0.0
0.6243386243386243,0.6736454166641369,0.7232365474409538,0.9359785121719026,0.17831878846776805,0.21892128279883383,ItalyPowerDemand,1,5,4.7,7,26,none,0.645,1,24,2.1999999999999997,,,,,
0.6683544303797468,0.7082758314593539,0.7447130422956616,0.9272311377064538,0.16865935644098906,0.1944574020084224,ItalyPowerDemand,1,5,4.7,7,26,SMOTE-raw,0.645,1,24,2.1999999999999997,2.9299560412599153,0.24533064443125696,0.2535316208989039,,
0.7019704433497537,0.7351750422912385,0.7642118863049095,0.919681309216193,0.16093496382680056,0.17421768707482993,ItalyPowerDemand,1,5,4.7,7,26,guide=gpf | walk=plain,0.645,1,24,2.1999999999999997,2.6163234769753103,0.19249923252480305,0.9499554230834297,0.40625,0.0
0.6881987577639752,0.7240610972500084,0.7554456231016818,0.9216532934403191,0.1629089407191448,0.17941367022999674,ItalyPowerDemand,1,5,4.7,7,26,guide=gpf | walk=aligned,0.645,1,24,2.1999999999999997,2.727755305969227,0.21271446330504862,0.8751193042159217,0.40625,0.0
0.731995277449823,0.7590665696829291,0.7788884355591822,0.9273746921135742,0.14436142965122556,0.14020084224165857,ItalyPowerDemand,1,5,4.7,7,26,guide=sig | walk=aligned,0.645,1,24,2.1999999999999997,1.904291962211376,0.14803381108453872,1.765652087374419,0.8125,0.0
0.7199046483909416,0.749208143862966,0.7710911646040165,0.9136652462335857,0.15651104632329121,0.1506252024619372,ItalyPowerDemand,1,5,4.7,7,26,guide=dtw | walk=aligned,0.645,1,24,2.1999999999999997,2.4523497928386426,0.1864023044016434,1.0491562506158407,0.8125,0.0
0.5207439198855508,0.5933174767689037,0.6735119452377714,0.9385870468591806,0.21644355901090595,0.2723291221250405,ItalyPowerDemand,1,10,8.2,4,29,none,0.645,1,24,1.5999999999999999,,,,,
0.5869565217391305,0.6444692989387328,0.7037433700530396,0.9289500128443418,0.20229503293380846,0.24663103336572728,ItalyPowerDemand,1,10,8.2,4,29,SMOTE-raw,0.645,1,24,1.5999999999999999,2.9707750559823314,0.2348006978102387,0.45896755623314,,
0.6750313676286073,0.7135287382770581,0.7476483521465161,0.9254178188796712,0.17377095346074936,0.19987042436022032,ItalyPowerDemand,1,10,8.2,4,29,guide=gpf | walk=plain,0.645,1,24,1.5999999999999999,1.994551471876095,0.14956028378317376,0.9826304009605813,0.90625,0.0
0.6407263294422828,0.6864527233337924,0.7300818260120585,0.9257124831890233,0.1763000647878199,0.20459669582118561,ItalyPowerDemand,1,10,8.2,4,29,guide=gpf | walk=aligned,0.645,1,24,1.5999999999999999,2.8587351546958253,0.2229793792142155,0.6685965545618336,0.453125,0.0
0.6502590673575129,0.694041090530385,0.7368874382338274,0.921579627362981,0.18093648634056797,0.20607061872367996,ItalyPowerDemand,1,10,8.2,4,29,guide=sig | walk=aligned,0.645,1,24,1.5999999999999999,2.0654254908127623,0.1643815176879474,1.1553869638089689,0.453125,0.0
0.683291770573566,0.7201295147225413,0.7525216464934947,0.9233400577239825,0.1715070078825181,0.18830579850988016,ItalyPowerDemand,1,10,8.2,4,29,guide=dtw | walk=aligned,0.645,1,24,1.5999999999999999,1.9068264209053645,0.1415057942840856,1.6387138785804183,0.90625,0.0
0.23407917383820998,0.36407912084850014,0.5662768031189084,0.9483317466793598,0.24106962531044165,0.29677356656948495,ItalyPowerDemand,1,20,8.2,4,29,none,0.645,1,24,1.5999999999999999,,,,,
0.5107604017216643,0.5856141418334104,0.6676753252640646,0.9407762515677653,0.18806415073966093,0.22839326206673144,ItalyPowerDemand,1,20,8.2,4,29,SMOTE-raw,0.645,1,24,1.5999999999999999,2.2921694960510486,0.18609104775422292,0.42143453386933255,,
0.33279483037156704,0.4467800388342962,0.5974828868035722,0.92078063375493,0.22457138537954865,0.27484936831875606,ItalyPowerDemand,1,20,8.2,4,29,guide=gpf | walk=plain,0.645,1,24,1.5999999999999999,4.546703792578414,0.3393485537863904,0.7310451275631031,0.453125,0.0
0.5462184873949579,0.6129412650687214,0.6842445260437916,0.9223729543496986,0.18784481157542385,0.2262131519274376,ItalyPowerDemand,1,20,8.2,4,29,guide=gpf | walk=aligned,0.645,1,24,1.5999999999999999,4.771417491535148,0.2958096551392544,1.412086870480883,0.453125,0.0
0.64,0.685794765003747,0.7281495081372682,0.9313148828142708,0.16853212396069542,0.20962099125364436,ItalyPowerDemand,1,20,8.2,4,29,guide=sig | walk=aligned,0.645,1,24,1.5999999999999999,2.182537380173043,0.1675963108161339,1.0629210793175858,0.3020833333333333,0.0
0.7222222222222222,0.7515139783075901,0.7759191259803255,0.9331527570001662,0.15072835546917182,0.17999028182701654,ItalyPowerDemand,1,20,8.2,4,29,guide=dtw | walk=aligned,0.645,1,24,1.5999999999999999,1.9532879296125714,0.15952370420705486,0.7412507215184873,0.453125,0.0
0.5589887640449438,0.6228276085880371,0.6939571150097466,0.973421657071188,0.16779289493575208,0.2494719792678976,ItalyPowerDemand,2,5,4.7,7,26,none,0.645,1,24,1.5999999999999999,,,,,
0.6878172588832487,0.7239958762741617,0.7602565846139897,0.9648688366048628,0.14629802397149336,0.22662131519274373,ItalyPowerDemand,2,5,4.7,7,26,SMOTE-raw,0.645,1,24,1.5999999999999999,2.307750433036179,0.2087758870265104,0.5383792474613236,,
0.6188579017264276,0.6693500779673489,0.7203125708327667,0.9488039651238345,0.16346821077637402,0.2251473922902494,ItalyPowerDemand,2,5,4.7,7,26,guide=gpf | walk=plain,0.645,1,24,1.5999999999999999,5.5752123690375806,0.42624212204565837,0.8525408696815453,0.2708333333333333,0.0
0.7605294825511432,0.783324242573167,0.8060542182329208,0.9701860162896474,0.1372097721628334,0.2137706511175899,ItalyPowerDemand,2,5,4.7,7,26,guide=gpf | walk=aligned,0.645,1,24,1.5999999999999999,11.690907534033872,0.5541385112575122,1.5604391596403813,0.2708333333333333,0.1
0.7845433255269321,0.8033854429275988,0.8206967677591912,0.9778397328376928,0.11848769031422093,0.20460965338516363,ItalyPowerDemand,2,5,4.7,7,26,guide=sig | walk=aligned,0.645,1,24,1.5999999999999999,7.580241796970262,0.39286969412156336,1.7814741308688435,0.40625,0.0
0.841304347826087,0.8515551648780068,0.8578131374949001,0.9675378152530335,0.10653062304286792,0.16457078069322967,ItalyPowerDemand,2,5,4.7,7,26,guide=dtw | walk=aligned,0.645,1,24,1.5999999999999999,3.234301432762572,0.27469577740528706,1.960523937194024,0.8125,0.0
0.30132450331125826,0.42117444631651085,0.5886939571150097,0.9458856551369811,0.2267554799697657,0.2826854551344347,ItalyPowerDemand,2,10,8.2,4,29,none,0.645,1,24,1.5999999999999999,,,,,
0.7158671586715867,0.7465638225494663,0.774904800761594,0.954349698535745,0.14934964906597561,0.20443472627146095,ItalyPowerDemand,2,10,8.2,4,29,SMOTE-raw,0.645,1,24,1.5999999999999999,2.3808963496725823,0.1959225056829209,0.4757739687663609,,
0.639686684073107,0.6856956035986638,0.7310394850174532,0.953941701799719,0.1592630493467228,0.21955620343375443,ItalyPowerDemand,2,10,8.2,4,29,guide=gpf | walk=plain,0.645,1,24,1.5999999999999999,4.579819052259282,0.34484201101412504,0.9582810079708245,0.453125,0.0
0.6916354556803995,0.726945814241137,0.7593215920939299,0.9416016894087069,0.15366859950329337,0.19612892776158078,ItalyPowerDemand,2,10,8.2,4,29,guide=gpf | walk=aligned,0.645,1,24,1.5999999999999999,2.769734185374528,0.16384791790387776,1.790300014579663,0.453125,0.0
0.6860025220680959,0.722491554462647,0.7573552744911374,0.9393577073605633,0.1586153547133139,0.20246841593780374,ItalyPowerDemand,2,10,8.2,4,29,guide=sig | walk=aligned,0.645,1,24,1.5999999999999999,2.079100774751714,0.13564507006548654,2.7370863376839076,0.90625,0.0
0.7095179233621756,0.7414150450972208,0.771006165284011,0.9429182344319024,0.15469254940071267,0.2038192419825073,ItalyPowerDemand,2,10,8.2,4,29,guide=dtw | walk=aligned,0.645,1,24,1.5999999999999999,2.4114994118171804,0.15855592629288917,3.1365516511883316,0.453125,0.0
0.41358024691358025,0.5105902063549337,0.6296352962509633,0.9607888692446015,0.2114982939207429,0.27578555231616453,ItalyPowerDemand,2,20,8.2,4,29,none,0.645,1,24,1.5999999999999999,,,,,
0.6394736842105263,0.6855743868480507,0.7329661362709098,0.9502980642821524,0.17218378144908758,0.22397797214123746,ItalyPowerDemand,2,20,8.2,4,29,SMOTE-raw,0.645,1,24,1.5999999999999999,1.837371881307126,0.15902871637848548,0.4054660841296979,,
0.7055900621118012,0.7382568627313887,0.7690511809238859,0.9568713450292397,0.14796165640859518,0.19910916747651441,ItalyPowerDemand,2,20,8.2,4,29,guide=gpf | walk=plain,0.645,1,24,1.5999999999999999,2.177625960439471,0.21165242697491415,0.2448860166102936,0.2265625,0.0
0.39689922480620154,0.49757257140716055,0.620880366290403,0.9400490351632743,0.20938286362163913,0.25833171363783614,ItalyPowerDemand,2,20,8.2,4,29,guide=gpf | walk=aligned,0.645,1,24,1.5999999999999999,6.482976237941445,0.4078740449303739,0.6210727765810985,0.3020833333333333,0.0
0.6666666666666666,0.7069892354962308,0.7447017090529942,0.9328354262054792,0.164224716553288,0.19338192419825076,ItalyPowerDemand,2,20,8.2,4,29,guide=sig | walk=aligned,0.645,1,24,1.5999999999999999,3.166869826765785,0.24802619389804548,0.7416239497065439,0.3020833333333333,0.0
0.6325459317585301,0.6800750530354394,0.7271408495398703,0.9404570318993003,0.16639056257423604,0.20042112082928412,ItalyPowerDemand,2,20,8.2,4,29,guide=dtw | walk=aligned,0.645,1,24,1.5999999999999999,3.1857387993511637,0.22246065780426078,1.2238639169835221,0.453125,0.0
0.5961538461538461,0.6575116539359024,0.7057697566311184,0.9072327044025157,0.1597071746031746,0.16148571428571432,ArrowHead,0,5,4.8,5,19,none,0.826,1,251,1.4,,,,,
0.8148148148148148,0.845212029227318,0.846663932184851,0.9226141646158054,0.11006666666666667,0.05622857142857143,ArrowHead,0,5,4.8,5,19,SMOTE-raw,0.826,1,251,1.4,2.1253273862748845,0.15426726724336015,0.7126175331106664,,
0.6486486486486487,0.7015744627801574,0.7325676784249384,0.9022422750888707,0.14880063492063492,0.12872380952380952,ArrowHead,0,5,4.8,5,19,guide=gpf | walk=plain,0.826,1,251,1.4,8.369256411857789,0.5211407213350656,0.519902254694859,0.19791666666666666,0.0
0.7008547008547008,0.7449584448111773,0.7640825813508341,0.9093519278096801,0.13435980952380952,0.09971428571428574,ArrowHead,0,5,4.8,5,19,guide=gpf | walk=aligned,0.826,1,251,1.4,4.2470969566175025,0.3236921329508654,0.4605518228627181,0.19791666666666666,0.4
0.6785714285714286,0.7243942713964876,0.7517774131802024,0.907437790538693,0.1370933968253968,0.11011428571428568,ArrowHead,0,5,4.8,5,19,guide=sig | walk=aligned,0.826,1,251,1.4,4.244083258250818,0.30870182760011244,0.5640924263812539,0.296875,0.3
0.6785714285714286,0.7243942713964876,0.7517774131802024,0.9129067541700847,0.13480768253968253,0.11011428571428573,ArrowHead,0,5,4.8,5,19,guide=dtw | walk=aligned,0.826,1,251,1.4,3.656246348071088,0.24782123407354084,0.8767838991546315,0.296875,0.8
0.5773195876288659,0.6370220572706061,0.7028985507246377,0.8836477987421385,0.1836742857142857,0.20533333333333334,ArrowHead,0,10,6.0,4,20,none,0.826,1,251,1.5999999999999999,,,,,
0.6909090909090909,0.7315313331168342,0.7612113754443532,0.9124965818977305,0.1443951111111111,0.14988571428571432,ArrowHead,0,10,6.0,4,20,SMOTE-raw,0.826,1,251,1.5999999999999999,3.4665277211512393,0.25858224800701546,0.53861527021761,,
0.6788990825688074,0.7218417485715679,0.7539649986327591,0.8932868471424664,0.1451787936507936,0.13645714285714283,ArrowHead,0,10,6.0,4,20,guide=gpf | walk=plain,0.826,1,251,1.5999999999999999,5.902343187631972,0.31605173137010545,1.6600125846459983,0.625,0.0
0.6727272727272727,0.7183291158110057,0.7492480175006837,0.896841673502871,0.14288869841269844,0.13140952380952384,ArrowHead,0,10,6.0,4,20,guide=gpf | walk=aligned,0.826,1,251,1.5999999999999999,4.279553704451642,0.31427502166504917,0.5314466814935258,0.625,0.1
0.7079646017699115,0.7468830500165129,0.7709871479354662,0.9036778780421109,0.1341670476190476,0.12032380952380953,ArrowHead,0,10,6.0,4,20,guide=sig | walk=aligned,0.826,1,251,1.5999999999999999,3.3451291866356136,0.22887612897519316,0.7335835873223414,0.3125,0.2
0.6956521739130435,0.7395244168647748,0.7615531856713154,0.9017637407711238,0.13081384126984127,0.11733333333333337,ArrowHead,0,10,6.0,4,20,guide=dtw | walk=aligned,0.826,1,251,1.5999999999999999,2.7709674603683254,0.19855630205176533,0.7162709597202026,0.625,0.3
0.5416666666666666,0.6109474345985044,0.6836888159693738,0.9099671862182116,0.16870679365079366,0.17919999999999994,ArrowHead,0,20,6.0,4,20,none,0.826,1,251,1.4,,,,,
0.8088235294117647,0.8407517763034443,0.8419469510527755,0.9180339075745146,0.11472958730158729,0.06382857142857146,ArrowHead,0,20,6.0,4,20,SMOTE-raw,0.826,1,251,1.4,2.281395939062616,0.15324464518134606,0.658021319708262,,
0.672566371681416,0.7207992404145733,0.7470604320481269,0.9080530489472245,0.14073720634920636,0.11438095238095237,ArrowHead,0,20,6.0,4,20,guide=gpf | walk=plain,0.826,1,251,1.4,8.827890236068422,0.5367184024858811,0.4342012352432832,0.3125,0.0
0.6782608695652174,0.7265615696691495,0.7495898277276456,0.9111293409898824,0.13469853968253967,0.11942857142857144,ArrowHead,0,20,6.0,4,20,guide=gpf | walk=aligned,0.826,1,251,1.4,4.678303249748138,0.3508794119001819,0.3993925715041324,0.3125,0.2
0.6607142857142857,0.7112518090688742,0.7398140552365327,0.9080530489472245,0.1421415238095238,0.12028571428571427,ArrowHead,0,20,6.0,4,20,guide=sig | walk=aligned,0.826,1,251,1.4,5.185108949754136,0.3851147213295253,0.3903171436832772,0.20833333333333334,0.4
0.6902654867256637,0.7338638794771906,0.7590237899917965,0.9148892534864643,0.1309008253968254,0.10948571428571431,ArrowHead,0,20,6.0,4,20,guide=dtw | walk=aligned,0.826,1,251,1.4,4.517324553415024,0.3049508827625068,0.641729324810624,0.3125,0.7
0.6666666666666666,0.7088448586497094,0.7489062072737216,0.9051818430407437,0.14460387301587302,0.15278095238095235,ArrowHead,1,5,4.8,5,19,none,0.826,1,251,1.5999999999999999,,,,,
0.7413793103448276,0.7743848282230976,0.7927262783702489,0.9246650259775772,0.1276015238095238,0.1289142857142857,ArrowHead,1,5,4.8,5,19,SMOTE-raw,0.826,1,251,1.5999999999999999,2.282357025395388,0.1602236521208521,0.5472368417329031,,
0.773109243697479,0.8009428406336273,0.8144654088050314,0.9150943396226414,0.12282247619047618,0.11680000000000003,ArrowHead,1,5,4.8,5,19,guide=gpf | walk=plain,0.826,1,251,1.5999999999999999,3.9098792749712707,0.2454975151373039,0.8572606523800739,0.59375,0.0
0.7768595041322314,0.8056235218484052,0.8169948044845502,0.9226141646158053,0.11400247619047618,0.09548571428571431,ArrowHead,1,5,4.8,5,19,guide=gpf | walk=aligned,0.826,1,251,1.5999999999999999,2.778321051510103,0.16824556271007773,0.7588514394956677,0.59375,0.1
0.7804878048780488,0.810108409885382,0.8195242001640689,0.9131802023516542,0.11971149206349206,0.09352380952380952,ArrowHead,1,5,4.8,5,19,guide=sig | walk=aligned,0.826,1,251,1.5999999999999999,2.8696684220256206,0.17881163451246962,0.8606273618864403,0.59375,0.2
0.7603305785123967,0.793051585718144,0.8050314465408805,0.9254170084768935,0.11538368253968256,0.10664761904761906,ArrowHead,1,5,4.8,5,19,guide=dtw | walk=aligned,0.826,1,251,1.5999999999999999,2.8934193236257073,0.16759162114999737,1.0071149428523019,0.59375,0.4
0.4090909090909091,0.5083389927826362,0.6257178014766202,0.8395542794640416,0.22454012698412698,0.20165714285714284,ArrowHead,1,10,6.0,4,20,none,0.826,1,251,1.5999999999999999,,,,,
0.56,0.6279428937597371,0.6887476073284113,0.8344271260596117,0.19947853968253967,0.1823047619047619,ArrowHead,1,10,6.0,4,20,SMOTE-raw,0.826,1,251,1.5999999999999999,6.904911821379068,0.5254141830732576,0.48087101294557155,,
0.5306122448979592,0.6051009131720795,0.6742548537052229,0.8435192780968007,0.19400558730158732,0.189447619047619,ArrowHead,1,10,6.0,4,20,guide=gpf | walk=plain,0.826,1,251,1.5999999999999999,6.83057146393657,0.4575435037361668,1.3838107325428153,0.625,0.0
0.5742574257425742,0.639057790167827,0.6959939841400055,0.8852884878315559,0.19365358730158727,0.19222857142857142,ArrowHead,1,10,6.0,4,20,guide=gpf | walk=aligned,0.826,1,251,1.5999999999999999,6.194232270078052,0.4105029562843622,1.6380144677772026,0.625,0.1
0.5742574257425742,0.639057790167827,0.6959939841400055,0.8799562482909489,0.1950366349206349,0.19335238095238094,ArrowHead,1,10,6.0,4,20,guide=sig | walk=aligned,0.826,1,251,1.5999999999999999,6.202716654611036,0.4102645946192893,1.6679142515581156,0.625,0.1
0.6213592233009708,0.6745500530959894,0.7224500957068636,0.878247197156139,0.1740702222222222,0.16952380952380952,ArrowHead,1,10,6.0,4,20,guide=dtw | walk=aligned,0.826,1,251,1.5999999999999999,4.924646336635236,0.3682480835349611,1.2080679427915528,0.625,0.3
0.7413793103448276,0.7743848282230976,0.7927262783702489,0.9298605414273996,0.1312167619047619,0.12567619047619047,ArrowHead,1,20,6.0,4,20,none,0.826,1,251,1.5999999999999999,,,,,
0.8175182481751825,0.8483605447515624,0.8491933278643697,0.9185124418922614,0.11403174603174603,0.04910476190476188,ArrowHead,1,20,6.0,4,20,SMOTE-raw,0.826,1,251,1.5999999999999999,2.988977525930954,0.20940673476123084,0.4766663687439093,,
0.7777777777777778,0.8102771648939588,0.8173366147115122,0.9294503691550451,0.11417752380952381,0.07958095238095239,ArrowHead,1,20,6.0,4,20,guide=gpf | walk=plain,0.826,1,251,1.5999999999999999,9.20668069509668,0.4497154585602252,1.051888041793285,0.3125,0.0
0.8062015503875969,0.8347131043893596,0.8390757451462948,0.9345091605140825,0.10675650793650796,0.08043809523809521,ArrowHead,1,20,6.0,4,20,guide=gpf | walk=aligned,0.826,1,251,1.5999999999999999,3.7844200444613634,0.2512870602642595,0.6329860005953255,0.20833333333333334,0.3
0.7377049180327869,0.7765006377080135,0.7883511074651354,0.9243232157506153,0.12467974603174604,0.1,ArrowHead,1,20,6.0,4,20,guide=sig | walk=aligned,0.826,1,251,1.5999999999999999,6.254515261025308,0.44768319444791016,0.23143248158973878,0.056818181818181816,1.2
0.8031496062992126,0.8308549418354785,0.836546349466776,0.9323899371069182,0.1111624126984127,0.08243809523809525,ArrowHead,1,20,6.0,4,20,guide=dtw | walk=aligned,0.826,1,251,1.5999999999999999,5.015449066385813,0.3709965617313975,0.2434752527280273,0.20833333333333334,1.0
0.4666666666666667,0.5516772843673705,0.6521739130434783,0.8325129887886245,0.20978990476190473,0.19209523809523807,ArrowHead,2,5,4.8,5,19,none,0.826,1,251,1.5999999999999999,,,,,
0.5686274509803921,0.6359480014446365,0.69127700300793,0.8418102269619907,0.19166292063492069,0.1655047619047619,ArrowHead,2,5,4.8,5,19,SMOTE-raw,0.826,1,251,1.5999999999999999,5.808657397419461,0.4701159482210545,0.5134672344797487,,
0.54,0.613627041468455,0.6767842493847416,0.8644380639868744,0.1897254603174603,0.1860571428571429,ArrowHead,2,5,4.8,5,19,guide=gpf | walk=plain,0.826,1,251,1.5999999999999999,6.841644617966773,0.45502059570480513,1.4608669479842666,0.59375,0.0
0.5904761904761905,0.6542806188839748,0.701052775499043,0.8638911676237353,0.18119930158730158,0.16249523809523808,ArrowHead,2,5,4.8,5,19,guide=gpf | walk=aligned,0.826,1,251,1.5999999999999999,3.988791352519307,0.3161899138764751,1.2148168515029059,0.59375,0.1
0.5961538461538461,0.6575116539359024,0.7057697566311184,0.8735302160240636,0.17781479365079364,0.1679809523809524,ArrowHead,2,5,4.8,5,19,guide=sig | walk=aligned,0.826,1,251,1.5999999999999999,5.186547711837948,0.3563650803020546,1.7773181535242122,0.59375,0.1
0.5961538461538461,0.6575116539359024,0.7057697566311184,0.8612934098988243,0.18145879365079365,0.16068571428571432,ArrowHead,2,5,4.8,5,19,guide=dtw | walk=aligned,0.826,1,251,1.5999999999999999,3.580704608050464,0.28220104212534947,1.4393477964235981,0.59375,0.4
0.5567010309278351,0.6225855743388996,0.690935192780968,0.8820754716981132,0.1819653333333333,0.1872761904761905,ArrowHead,2,10,6.0,4,20,none,0.826,1,251,1.4,,,,,
0.6909090909090909,0.7315313331168342,0.7612113754443532,0.8975936560021875,0.14229980952380952,0.13108571428571425,ArrowHead,2,10,6.0,4,20,SMOTE-raw,0.826,1,251,1.4,5.375336057482931,0.3835310753302418,0.4836044739993146,,
0.6095238095238096,0.6680325084317194,0.7130161334427126,0.8793409898824172,0.1579137142857143,0.15689523809523812,ArrowHead,2,10,6.0,4,20,guide=gpf | walk=plain,0.826,1,251,1.4,6.836628833702354,0.42240352241966295,0.7263484807657765,0.3125,0.0
0.6296296296296297,0.6852083827238181,0.7227919059338256,0.8964998632759092,0.1568599365079365,0.16819047619047617,ArrowHead,2,10,6.0,4,20,guide=gpf | walk=aligned,0.826,1,251,1.4,4.904817454488883,0.38534899424183267,0.3879276267256763,0.625,0.1
0.6607142857142857,0.7112518090688742,0.7398140552365327,0.9079846869018321,0.1385097142857143,0.13001904761904762,ArrowHead,2,10,6.0,4,20,guide=sig | walk=aligned,0.826,1,251,1.4,3.3573597823496417,0.2519915070631349,0.7838738200620555,0.625,0.1
0.6785714285714286,0.7243942713964876,0.7517774131802024,0.9055236532677058,0.14134273015873017,0.13527619047619047,ArrowHead,2,10,6.0,4,20,guide=dtw | walk=aligned,0.826,1,251,1.4,3.3508937208452334,0.25209658896169373,0.7743819317611239,0.625,0.4
0.5473684210526316,0.6138498140448513,0.6884057971014492,0.8748974569319115,0.19154380952380953,0.19807619047619046,ArrowHead,2,20,6.0,4,20,none,0.826,1,251,1.4,,,,,
0.6727272727272727,0.7183291158110057,0.7492480175006837,0.9061389116762373,0.1417145396825397,0.1380190476190476,ArrowHead,2,20,6.0,4,20,SMOTE-raw,0.826,1,251,1.4,5.959293925037722,0.4190476783260284,0.43574156585195456,,
0.6226415094339622,0.6783902192555729,0.7202625102543068,0.876196335794367,0.1653888888888889,0.16009523809523807,ArrowHead,2,20,6.0,4,20,guide=gpf | walk=plain,0.826,1,251,1.4,10.97142329495493,0.5949937488990513,0.6877220533033834,0.625,0.0
0.6355140186915887,0.6885921484025748,0.727508887065901,0.8962264150943396,0.15534622222222222,0.15921904761904762,ArrowHead,2,20,6.0,4,20,guide=gpf | walk=aligned,0.826,1,251,1.4,6.192759979434639,0.3972893986676367,0.6875314817170434,0.3125,0.2
0.7540983606557377,0.7890763647670371,0.800314465408805,0.9119496855345912,0.12710368253968252,0.10588571428571428,ArrowHead,2,20,6.0,4,20,guide=sig | walk=aligned,0.826,1,251,1.4,3.5793023822481054,0.23319819709177814,0.8343116957574309,0.20833333333333334,0.3
0.672566371681416,0.7207992404145733,0.7470604320481269,0.9066174459939841,0.13632679365079367,0.12005714285714286,ArrowHead,2,20,6.0,4,20,guide=dtw | walk=aligned,0.826,1,251,1.4,4.21623513389728,0.2670900415234795,0.8552397872690622,0.625,0.3
0.5384615384615384,0.6069769786668839,0.6842105263157895,0.9469238975817924,0.2030765185185185,0.25104444444444446,GunPoint,0,5,5.2,5,21,none,0.852,1,150,1.5999999999999999,,,,,
0.784,0.8029550685469662,0.8223684210526316,0.994576813655761,0.11429703703703704,0.2200444444444445,GunPoint,0,5,5.2,5,21,SMOTE-raw,0.852,1,150,1.5999999999999999,2.5303677048097413,0.24415146426930578,0.5550528893203354,,
0.6666666666666666,0.7071067811865476,0.75,0.983819345661451,0.1352368148148148,0.23611111111111105,GunPoint,0,5,5.2,5,21,guide=gpf | walk=plain,0.852,1,150,1.5999999999999999,4.060414747198102,0.3392736763783609,0.6969208170511848,0.328125,0.0
0.7642276422764228,0.7863975156570492,0.8092105263157895,0.9910206258890469,0.11497125925925923,0.2015111111111111,GunPoint,0,5,5.2,5,21,guide=gpf | walk=aligned,0.852,1,150,1.5999999999999999,4.116485951072722,0.3559304817040506,1.1368502197913914,0.65625,0.1
0.7540983606557377,0.7779866052154991,0.8026315789473684,0.9915540540540541,0.11847081481481482,0.19782222222222223,GunPoint,0,5,5.2,5,21,guide=sig | walk=aligned,0.852,1,150,1.5999999999999999,5.463714444973537,0.3531572970090352,2.268528395889646,0.328125,0.2
0.6896551724137931,0.7254762501100116,0.763157894736842,0.9919096728307255,0.13346859259259256,0.23151111111111114,GunPoint,0,5,5.2,5,21,guide=dtw | walk=aligned,0.852,1,150,1.5999999999999999,3.756409909742647,0.28835681397837243,1.7759996818115777,0.328125,0.3
0.5794392523364486,0.6386663736585051,0.7039473684210527,0.972972972972973,0.1697417037037037,0.24295555555555556,GunPoint,0,10,6.5,4,22,none,0.852,1,150,1.5999999999999999,,,,,
0.9305555555555556,0.9325586943189843,0.9340327169274538,0.9943990042674253,0.06885407407407407,0.17413333333333333,GunPoint,0,10,6.5,4,22,SMOTE-raw,0.852,1,150,1.5999999999999999,1.8611677960502195,0.18021146190388682,0.3836938813914592,,
0.8676470588235294,0.8751142985701226,0.8814011379800853,0.9810633001422475,0.10051,0.16371111111111114,GunPoint,0,10,6.5,4,22,guide=gpf | walk=plain,0.852,1,150,1.5999999999999999,3.8550270945815885,0.3151782214345208,0.4969917020172856,0.34375,0.0
0.9142857142857143,0.9176629354822471,0.9210526315789473,0.992798719772404,0.07353044444444444,0.16322222222222224,GunPoint,0,10,6.5,4,22,guide=gpf | walk=aligned,0.852,1,150,1.5999999999999999,7.391449822757673,0.3701377744948357,3.8064069741063524,0.34375,0.1
0.9142857142857143,0.9176629354822471,0.9210526315789473,0.9884423897581792,0.09493037037037036,0.17933333333333332,GunPoint,0,10,6.5,4,22,guide=sig | walk=aligned,0.852,1,150,1.5999999999999999,14.923483273433705,0.5919380516875429,2.886185562909337,0.34375,0.1
0.9219858156028369,0.9248043889897674,0.9276315789473684,0.9862197724039828,0.09394637037037039,0.18164444444444444,GunPoint,0,10,6.5,4,22,guide=dtw | walk=aligned,0.852,1,150,1.5999999999999999,14.315669501348035,0.6615572560593093,2.0854194202561556,0.34375,0.3
0.34782608695652173,0.45883146774112354,0.6052631578947368,0.9414118065433854,0.2104777777777778,0.26106666666666667,GunPoint,0,20,6.5,4,22,none,0.852,1,150,1.5999999999999999,,,,,
0.8676470588235294,0.8751142985701226,0.8814011379800853,0.9932432432432432,0.08106925925925926,0.1844222222222222,GunPoint,0,20,6.5,4,22,SMOTE-raw,0.852,1,150,1.5999999999999999,1.6179317148532686,0.15960539550351316,0.4257663399619612,,
0.8656716417910447,0.8735890880367281,0.881578947368421,0.9964438122332859,0.08649125925925925,0.19039999999999999,GunPoint,0,20,6.5,4,22,guide=gpf | walk=plain,0.852,1,150,1.5999999999999999,2.3501072990999745,0.16694781901770805,1.2262345355165991,0.6875,0.0
0.8125,0.8271701918685112,0.8421052631578947,0.9648826458036984,0.12637555555555555,0.1758666666666667,GunPoint,0,20,6.5,4,22,guide=gpf | walk=aligned,0.852,1,150,1.5999999999999999,16.117445551798767,0.5685721962305472,2.726343018737144,0.6875,0.1
0.784,0.8029550685469662,0.8223684210526316,0.9539473684210527,0.1383571111111111,0.20864444444444444,GunPoint,0,20,6.5,4,22,guide=sig | walk=aligned,0.852,1,150,1.5999999999999999,20.914659955905186,0.7109061242517715,2.230469538204271,0.34375,0.1
0.7936507936507936,0.8111071056538127,0.8289473684210527,0.9759068278805121,0.12659607407407408,0.1886888888888889,GunPoint,0,20,6.5,4,22,guide=dtw | walk=aligned,0.852,1,150,1.5999999999999999,20.757016567395958,0.6477948943526368,3.175733764142797,0.34375,0.3
0.5925925925925926,0.6488856845230502,0.7105263157894737,0.9818634423897582,0.17579251851851851,0.2831777777777778,GunPoint,1,5,5.2,5,21,none,0.852,1,150,1.5999999999999999,,,,,
0.8484848484848485,0.8583950752789521,0.868421052631579,0.9961770981507824,0.08286414814814815,0.1862222222222222,GunPoint,1,5,5.2,5,21,SMOTE-raw,0.852,1,150,1.5999999999999999,2.061266970527017,0.18940322957001943,0.51725531375369,,
0.6181818181818182,0.6688560540599386,0.7236842105263158,0.9732396870554765,0.1521286666666667,0.25384444444444443,GunPoint,1,5,5.2,5,21,guide=gpf | walk=plain,0.852,1,150,1.5999999999999999,11.130097246070116,0.7469336179170496,0.6132398800613005,0.65625,0.0
0.7333333333333333,0.7608859102526822,0.7894736842105263,0.9866642958748222,0.11409392592592592,0.2008888888888889,GunPoint,1,5,5.2,5,21,guide=gpf | walk=aligned,0.852,1,150,1.5999999999999999,3.3522767060041776,0.29781794375547554,0.6407186431134501,0.65625,0.1
0.6306306306306306,0.6786208925382962,0.7302631578947368,0.977151493598862,0.1429685925925926,0.20724444444444445,GunPoint,1,5,5.2,5,21,guide=sig | walk=aligned,0.852,1,150,1.5999999999999999,4.418890919383962,0.3641110981561786,0.7592609288458653,0.65625,0.1
0.6782608695652174,0.7163503994113789,0.756578947368421,0.9835526315789473,0.12169874074074073,0.21824444444444446,GunPoint,1,5,5.2,5,21,guide=dtw | walk=aligned,0.852,1,150,1.5999999999999999,2.9461045008308435,0.26417753696431656,0.7637028471666146,0.65625,0.2
0.46464646464646464,0.5501196042201808,0.6513157894736842,0.9697724039829303,0.20809829629629634,0.29086666666666666,GunPoint,1,10,6.5,4,22,none,0.852,1,150,1.7999999999999998,,,,,
0.9594594594594594,0.9599927394225201,0.960348506401138,0.9989331436699858,0.055570148148148146,0.16686666666666666,GunPoint,1,10,6.5,4,22,SMOTE-raw,0.852,1,150,1.7999999999999998,2.485271760064359,0.21467163388739274,0.49180904979775275,,
0.6949152542372882,0.7295090810187098,0.7629800853485065,0.9935988620199147,0.12222814814814816,0.2416888888888889,GunPoint,1,10,6.5,4,22,guide=gpf | walk=plain,0.852,1,150,1.7999999999999998,3.450291499653197,0.2879465045193784,0.6217107593750333,0.34375,0.0
0.6181818181818182,0.6688560540599386,0.7236842105263158,0.9927098150782362,0.13014081481481482,0.24637777777777778,GunPoint,1,10,6.5,4,22,guide=gpf | walk=aligned,0.852,1,150,1.7999999999999998,4.863403428283139,0.3655327065987749,1.4693743928711247,0.34375,0.1
0.6428571428571429,0.6882472016116853,0.7368421052631579,0.992176386913229,0.14745029629629633,0.2514888888888889,GunPoint,1,10,6.5,4,22,guide=sig | walk=aligned,0.852,1,150,1.7999999999999998,33.50092888904178,0.6507057198171279,10.289706089771505,0.34375,0.1
0.6548672566371682,0.6977407149243606,0.743421052631579,0.9927098150782361,0.13912992592592593,0.22995555555555555,GunPoint,1,10,6.5,4,22,guide=dtw | walk=aligned,0.852,1,150,1.7999999999999998,31.178583949278924,0.6545599085924845,8.246452343580103,0.34375,0.3
0.5098039215686274,0.5848976518656018,0.6710526315789473,0.9795519203413939,0.16896985185185187,0.2490888888888889,GunPoint,1,20,6.5,4,22,none,0.852,1,150,1.5999999999999999,,,,,
0.9523809523809523,0.9532082534239031,0.9537695590327169,0.9979551920341393,0.058220370370370374,0.17073333333333335,GunPoint,1,20,6.5,4,22,SMOTE-raw,0.852,1,150,1.5999999999999999,1.9311489216676918,0.1600194196396707,0.3613857778469105,,
0.9379310344827586,0.9394923116760644,0.9406116642958748,0.9983108108108107,0.06217022222222222,0.17653333333333338,GunPoint,1,20,6.5,4,22,guide=gpf | walk=plain,0.852,1,150,1.5999999999999999,1.8246752695475514,0.15399526076964898,0.5391766609281959,0.34375,0.0
0.8823529411764706,0.8885233166386386,0.8947368421052632,0.9905761024182076,0.08858355555555555,0.18306666666666666,GunPoint,1,20,6.5,4,22,guide=gpf | walk=aligned,0.852,1,150,1.5999999999999999,4.579981004948285,0.2214408317827482,2.245241580047615,0.34375,0.1
0.9142857142857143,0.9176629354822471,0.9210526315789473,0.9887091038406828,0.09990022222222222,0.1824222222222222,GunPoint,1,20,6.5,4,22,guide=sig | walk=aligned,0.852,1,150,1.5999999999999999,13.893633423406069,0.546636019897365,2.6062031343889713,0.34375,0.1
0.8714285714285714,0.8775491216347576,0.8810455192034139,0.9880867709815078,0.08133533333333333,0.17806666666666668,GunPoint,1,20,6.5,4,22,guide=dtw | walk=aligned,0.852,1,150,1.5999999999999999,1.9069618928467769,0.16468026246894185,0.5359154516730277,0.171875,0.6
0.6181818181818182,0.6688560540599386,0.7236842105263158,0.8601529160739687,0.2436754814814815,0.2782,GunPoint,2,5,5.2,5,21,none,0.852,1,150,1.5999999999999999,,,,,
0.6181818181818182,0.6688560540599386,0.7236842105263158,0.9445234708392602,0.184399037037037,0.22144444444444444,GunPoint,2,5,5.2,5,21,SMOTE-raw,0.852,1,150,1.5999999999999999,2.9053573477549444,0.2594159380346093,0.5014371727406514,,
0.6181818181818182,0.6688560540599386,0.7236842105263158,0.9412339971550497,0.18729644444444446,0.22124444444444444,GunPoint,2,5,5.2,5,21,guide=gpf | walk=plain,0.852,1,150,1.5999999999999999,4.908609954883787,0.3818974665747642,0.6159385285372125,0.65625,0.0
0.6126126126126126,0.6643213844587705,0.716927453769559,0.9791073968705547,0.14835414814814812,0.2120222222222222,GunPoint,2,5,5.2,5,21,guide=gpf | walk=aligned,0.852,1,150,1.5999999999999999,7.792027050934355,0.4445456483261802,2.1747838134788777,0.65625,0.1
0.625,0.674020019879027,0.7235064011379801,0.9684388335704124,0.14648414814814817,0.20684444444444444,GunPoint,2,5,5.2,5,21,guide=sig | walk=aligned,0.852,1,150,1.5999999999999999,8.282415957903755,0.466595945255462,2.4270977628978567,0.328125,0.2
0.6782608695652174,0.7163503994113789,0.756578947368421,0.9893314366998578,0.12584948148148148,0.20853333333333335,GunPoint,2,5,5.2,5,21,guide=dtw | walk=aligned,0.852,1,150,1.5999999999999999,3.7626854895991313,0.29397056740595584,1.255007341471109,0.65625,0.2
0.4329896907216495,0.5256574830378469,0.6381578947368421,0.9490576102418207,0.22071451851851853,0.2669333333333333,GunPoint,2,10,6.5,4,22,none,0.852,1,150,1.5999999999999999,,,,,
0.8125,0.8271701918685112,0.8421052631578947,0.9895981507823614,0.11041118518518518,0.1986,GunPoint,2,10,6.5,4,22,SMOTE-raw,0.852,1,150,1.5999999999999999,2.0108058191921483,0.16119552689964578,0.3661128526980513,,
0.7272727272727273,0.7557273022289731,0.7827169274537695,0.9814189189189189,0.13026251851851853,0.212,GunPoint,2,10,6.5,4,22,guide=gpf | walk=plain,0.852,1,150,1.5999999999999999,3.221395642108714,0.19791010343267668,1.1875115676168961,0.34375,0.0
0.8396946564885496,0.8506963092234007,0.861842105263158,0.97475106685633,0.1144385925925926,0.1699333333333333,GunPoint,2,10,6.5,4,22,guide=gpf | walk=aligned,0.852,1,150,1.5999999999999999,3.8960306236705424,0.26766373959217005,1.6826422354374169,0.22916666666666666,0.2
0.8507462686567164,0.8601539774161745,0.8682432432432432,0.9695056899004267,0.10541103703703705,0.14491111111111107,GunPoint,2,10,6.5,4,22,guide=sig | walk=aligned,0.852,1,150,1.5999999999999999,1.9837163129610307,0.12890891769073254,2.182304732859916,0.34375,0.1
0.8920863309352518,0.8970871148374593,0.9011379800853485,0.9822190611664295,0.09014029629629629,0.16795555555555555,GunPoint,2,10,6.5,4,22,guide=dtw | walk=aligned,0.852,1,150,1.5999999999999999,3.5034421968261427,0.16583513024089713,3.337304790051935,0.22916666666666666,0.4
0.48,0.5619514869490163,0.6578947368421053,0.738620199146515,0.3036472592592593,0.3463555555555556,GunPoint,2,20,6.5,4,22,none,0.852,1,150,1.5999999999999999,,,,,
0.5660377358490566,0.6282808624375432,0.6973684210526316,0.8158783783783784,0.2722971851851852,0.30435555555555555,GunPoint,2,20,6.5,4,22,SMOTE-raw,0.852,1,150,1.5999999999999999,5.4152587257210545,0.4823736433173257,0.37460888875368725,,
0.5384615384615384,0.6069769786668839,0.6842105263157895,0.837126600284495,0.26650437037037034,0.29860000000000003,GunPoint,2,20,6.5,4,22,guide=gpf | walk=plain,0.852,1,150,1.5999999999999999,5.156431373107328,0.3783451467774892,1.3112658344336914,0.6875,0.0
0.6181818181818182,0.6688560540599386,0.7236842105263158,0.8549075391180654,0.2429991111111111,0.2847555555555556,GunPoint,2,20,6.5,4,22,guide=gpf | walk=aligned,0.852,1,150,1.5999999999999999,8.695583664407378,0.5240421897550376,2.002777317073702,0.6875,0.1
0.5794392523364486,0.6386663736585051,0.7039473684210527,0.7875177809388335,0.26949925925925927,0.30040000000000006,GunPoint,2,20,6.5,4,22,guide=sig | walk=aligned,0.852,1,150,1.5999999999999999,13.799353960446881,0.7656313164623212,1.1209219239722106,0.6875,0.1
0.5523809523809524,0.6177207681213422,0.6907894736842105,0.9157183499288762,0.24273629629629628,0.2887111111111111,GunPoint,2,20,6.5,4,22,guide=dtw | walk=aligned,0.852,1,150,1.5999999999999999,6.029652836011172,0.47099422412299485,0.8489558619287555,0.34375,0.3
1.0,1.0,1.0,1.0,0.018511944444444445,0.09241666666666669,BasicMotions,0,5,5.0,6,24,none,0.04,6,100,1.4,,,,,
1.0,1.0,1.0,1.0,0.005200833333333333,0.054250000000000013,BasicMotions,0,5,5.0,6,24,SMOTE-raw,0.04,6,100,1.4,0.37758064436868577,0.1716367982297452,0.6981981447723558,,
1.0,1.0,1.0,1.0,0.006028055555555556,0.05641666666666668,BasicMotions,0,5,5.0,6,24,guide=gpf | walk=plain,0.04,6,100,1.4,1.0084041400206498,0.33813825072242587,2.022815491237188,0.375,0.0
1.0,1.0,1.0,1.0,0.007704722222222221,0.06425,BasicMotions,0,5,5.0,6,24,guide=gpf | walk=aligned,0.04,6,100,1.4,0.3115317431287903,0.1575245231143485,0.9490761428538562,0.75,0.1
1.0,1.0,1.0,1.0,0.008177222222222221,0.06783333333333331,BasicMotions,0,5,5.0,6,24,guide=sig | walk=aligned,0.04,6,100,1.4,0.6854616026531999,0.3110658311258042,0.7103062303109523,0.75,0.1
1.0,1.0,1.0,0.9999999999999999,0.007851666666666667,0.06450000000000002,BasicMotions,0,5,5.0,6,24,guide=dtw | walk=aligned,0.04,6,100,1.4,0.2855985209359908,0.15009555398478158,1.0148192681689905,0.75,0.1
1.0,1.0,1.0,1.0,0.03149972222222222,0.11375,BasicMotions,0,10,7.5,4,26,none,0.04,6,100,1.5999999999999999,,,,,
1.0,1.0,1.0,1.0,0.00670138888888889,0.05525000000000001,BasicMotions,0,10,7.5,4,26,SMOTE-raw,0.04,6,100,1.5999999999999999,0.34312591567807815,0.14987776796271768,0.5033096895795948,,
1.0,1.0,1.0,1.0,0.007908055555555557,0.05908333333333335,BasicMotions,0,10,7.5,4,26,guide=gpf | walk=plain,0.04,6,100,1.5999999999999999,0.6959808976642563,0.20093629260082357,2.4910316765168994,0.8125,0.0
1.0,1.0,1.0,0.9999999999999999,0.00857,0.0645,BasicMotions,0,10,7.5,4,26,guide=gpf | walk=aligned,0.04,6,100,1.5999999999999999,0.38055300368678124,0.16896594073141136,1.0390447909193017,0.40625,0.1
1.0,1.0,1.0,1.0,0.0068405555555555555,0.056166666666666684,BasicMotions,0,10,7.5,4,26,guide=sig | walk=aligned,0.04,6,100,1.5999999999999999,0.35218555106194094,0.15650277466499163,1.0390750984264847,0.8125,0.1
1.0,1.0,1.0,1.0,0.008065555555555557,0.060833333333333336,BasicMotions,0,10,7.5,4,26,guide=dtw | walk=aligned,0.04,6,100,1.5999999999999999,0.3904116363090573,0.16161866947110604,1.309730370496189,0.8125,0.1
0.9473684210526315,0.9486832980505138,0.95,1.0,0.03394083333333333,0.11574999999999999,BasicMotions,0,20,7.5,4,26,none,0.04,6,100,1.5999999999999999,,,,,
0.9473684210526315,0.9486832980505138,0.95,0.9999999999999999,0.017913055555555557,0.08625000000000001,BasicMotions,0,20,7.5,4,26,SMOTE-raw,0.04,6,100,1.5999999999999999,0.6777437113480143,0.30990478959497436,0.4616797443740493,,
1.0,1.0,1.0,1.0,0.013551666666666665,0.08066666666666664,BasicMotions,0,20,7.5,4,26,guide=gpf | walk=plain,0.04,6,100,1.5999999999999999,0.3897019790468854,0.13646502511502612,1.3826627340672693,0.8125,0.0
1.0,1.0,1.0,1.0,0.013964444444444446,0.083,BasicMotions,0,20,7.5,4,26,guide=gpf | walk=aligned,0.04,6,100,1.5999999999999999,0.4473758768088929,0.1811803382020737,1.0391802923319453,0.8125,0.1
1.0,1.0,1.0,0.9999999999999999,0.018104166666666664,0.08925000000000001,BasicMotions,0,20,7.5,4,26,guide=sig | walk=aligned,0.04,6,100,1.5999999999999999,0.697644171387378,0.33844052553985227,0.6502971875340688,0.2708333333333333,0.2
1.0,1.0,1.0,1.0,0.013219444444444445,0.07866666666666668,BasicMotions,0,20,7.5,4,26,guide=dtw | walk=aligned,0.04,6,100,1.5999999999999999,0.5026226163340644,0.21083225395543315,0.8408496423021268,0.8125,0.1
1.0,1.0,1.0,1.0,0.019711666666666672,0.09166666666666667,BasicMotions,1,5,5.0,6,24,none,0.04,6,100,1.4,,,,,
1.0,1.0,1.0,1.0,0.009013055555555557,0.06591666666666668,BasicMotions,1,5,5.0,6,24,SMOTE-raw,0.04,6,100,1.4,0.4124902760862794,0.2028294873150659,0.5675553295097501,,
1.0,1.0,1.0,1.0,0.007273333333333335,0.05950000000000001,BasicMotions,1,5,5.0,6,24,guide=gpf | walk=plain,0.04,6,100,1.4,0.335328662082401,0.18597889575205506,1.3110024051921136,0.375,0.1
1.0,1.0,1.0,1.0,0.007070277777777778,0.05958333333333335,BasicMotions,1,5,5.0,6,24,guide=gpf | walk=aligned,0.04,6,100,1.4,0.5412665774542269,0.2669104463823849,0.6641687800426979,0.75,0.1
1.0,1.0,1.0,1.0,0.007974722222222222,0.06175000000000001,BasicMotions,1,5,5.0,6,24,guide=sig | walk=aligned,0.04,6,100,1.4,0.5877927240580856,0.37078170667529625,0.5457760510892907,0.75,0.1
1.0,1.0,1.0,1.0,0.007817500000000002,0.062250000000000014,BasicMotions,1,5,5.0,6,24,guide=dtw | walk=aligned,0.04,6,100,1.4,0.595614102216204,0.3144425621523681,0.8584322906343865,0.75,0.1
0.8888888888888888,0.8944271909999159,0.9,1.0,0.03669638888888889,0.11991666666666669,BasicMotions,1,10,7.5,4,26,none,0.04,6,100,1.5999999999999999,,,,,
0.9473684210526315,0.9486832980505138,0.95,1.0,0.019458333333333334,0.08833333333333335,BasicMotions,1,10,7.5,4,26,SMOTE-raw,0.04,6,100,1.5999999999999999,0.6774153121842275,0.33164726482469087,0.5144843268580828,,
1.0,1.0,1.0,1.0,0.014920833333333336,0.08224999999999999,BasicMotions,1,10,7.5,4,26,guide=gpf | walk=plain,0.04,6,100,1.5999999999999999,0.621686895191379,0.2742155936925804,1.4190715748591127,0.8125,0.0
1.0,1.0,1.0,1.0,0.010765555555555556,0.07133333333333335,BasicMotions,1,10,7.5,4,26,guide=gpf | walk=aligned,0.04,6,100,1.5999999999999999,0.6114917948057668,0.2978162674824204,0.7819309518665929,0.8125,0.0
1.0,1.0,1.0,1.0,0.017539166666666668,0.08608333333333333,BasicMotions,1,10,7.5,4,26,guide=sig | walk=aligned,0.04,6,100,1.5999999999999999,0.6424453254155178,0.35840716473039913,0.5332238379485867,0.203125,0.2
0.9473684210526315,0.9486832980505138,0.95,1.0,0.015373888888888887,0.08083333333333331,BasicMotions,1,10,7.5,4,26,guide=dtw | walk=aligned,0.04,6,100,1.5999999999999999,0.5315679367254649,0.25469904311586644,0.7671354199329953,0.8125,0.1
0.8888888888888888,0.8944271909999159,0.9,1.0,0.04519805555555555,0.13275,BasicMotions,1,20,7.5,4,26,none,0.04,6,100,1.5999999999999999,,,,,
0.9473684210526315,0.9486832980505138,0.95,1.0,0.022769444444444443,0.0955,BasicMotions,1,20,7.5,4,26,SMOTE-raw,0.04,6,100,1.5999999999999999,0.5687423006761281,0.3208139819866974,0.47699973546652397,,
1.0,1.0,1.0,1.0,0.01573583333333333,0.08491666666666668,BasicMotions,1,20,7.5,4,26,guide=gpf | walk=plain,0.04,6,100,1.5999999999999999,0.33767348582357015,0.13288016631924326,1.8820717372267612,0.8125,0.0
1.0,1.0,1.0,1.0,0.015028333333333335,0.08050000000000002,BasicMotions,1,20,7.5,4,26,guide=gpf | walk=aligned,0.04,6,100,1.5999999999999999,0.3663876773464787,0.16273094310791358,1.0811330594475832,0.8125,0.1
1.0,1.0,1.0,1.0,0.0216625,0.09158333333333334,BasicMotions,1,20,7.5,4,26,guide=sig | walk=aligned,0.04,6,100,1.5999999999999999,0.5015325160608266,0.28279786191366196,0.6478489501313022,0.40625,0.1
1.0,1.0,1.0,0.9999999999999999,0.018718055555555557,0.08658333333333335,BasicMotions,1,20,7.5,4,26,guide=dtw | walk=aligned,0.04,6,100,1.5999999999999999,0.4193138522426276,0.25951915187900765,0.5302939148183087,0.40625,0.2
1.0,1.0,1.0,1.0,0.018058611111111112,0.09141666666666667,BasicMotions,2,5,5.0,6,24,none,0.04,6,100,1.5999999999999999,,,,,
1.0,1.0,1.0,1.0,0.005874722222222223,0.05275000000000004,BasicMotions,2,5,5.0,6,24,SMOTE-raw,0.04,6,100,1.5999999999999999,0.3951224516152865,0.18259922546232654,0.47853075202223067,,
1.0,1.0,1.0,1.0,0.0055697222222222224,0.05241666666666666,BasicMotions,2,5,5.0,6,24,guide=gpf | walk=plain,0.04,6,100,1.5999999999999999,0.7431072000403656,0.3251281035420175,1.4648340652465686,0.375,0.0
1.0,1.0,1.0,1.0,0.005015277777777778,0.05025,BasicMotions,2,5,5.0,6,24,guide=gpf | walk=aligned,0.04,6,100,1.5999999999999999,0.40919732229055694,0.1963285163457409,0.5750524441222653,0.75,0.1
1.0,1.0,1.0,1.0,0.006470555555555556,0.05716666666666666,BasicMotions,2,5,5.0,6,24,guide=sig | walk=aligned,0.04,6,100,1.5999999999999999,0.41020368658742146,0.2101561630505977,0.6600624387995006,0.75,0.1
1.0,1.0,1.0,1.0,0.006280000000000001,0.049666666666666706,BasicMotions,2,5,5.0,6,24,guide=dtw | walk=aligned,0.04,6,100,1.5999999999999999,0.32887265384961695,0.14605821210216696,0.9277773229499434,0.75,0.1
1.0,1.0,1.0,1.0,0.024751111111111106,0.09550000000000002,BasicMotions,2,10,7.5,4,26,none,0.04,6,100,1.5999999999999999,,,,,
1.0,1.0,1.0,1.0,0.008112222222222224,0.06266666666666666,BasicMotions,2,10,7.5,4,26,SMOTE-raw,0.04,6,100,1.5999999999999999,0.6884636636722188,0.36999282716968684,0.7941950870300281,,
1.0,1.0,1.0,1.0,0.006841666666666668,0.05833333333333332,BasicMotions,2,10,7.5,4,26,guide=gpf | walk=plain,0.04,6,100,1.5999999999999999,0.4658898786560406,0.269326988448517,3.370055950062095,0.8125,0.0
1.0,1.0,1.0,1.0,0.007096111111111111,0.058666666666666686,BasicMotions,2,10,7.5,4,26,guide=gpf | walk=aligned,0.04,6,100,1.5999999999999999,0.3197673322656889,0.1918227451704706,1.7854309131968351,0.8125,0.0
1.0,1.0,1.0,1.0,0.005066666666666667,0.04833333333333335,BasicMotions,2,10,7.5,4,26,guide=sig | walk=aligned,0.04,6,100,1.5999999999999999,0.3438170573832817,0.22468371253015162,1.3726316877147149,0.8125,0.1
1.0,1.0,1.0,1.0,0.0061716666666666664,0.05400000000000003,BasicMotions,2,10,7.5,4,26,guide=dtw | walk=aligned,0.04,6,100,1.5999999999999999,0.31648825157243277,0.19424608192118364,1.7286658815454086,0.8125,0.1
1.0,1.0,1.0,1.0,0.03523833333333333,0.11966666666666666,BasicMotions,2,20,7.5,4,26,none,0.04,6,100,1.4,,,,,
1.0,1.0,1.0,1.0,0.015238055555555557,0.08875000000000001,BasicMotions,2,20,7.5,4,26,SMOTE-raw,0.04,6,100,1.4,0.527358229633337,0.24247671747805566,0.41503646780487574,,
1.0,1.0,1.0,1.0,0.014678611111111111,0.08458333333333334,BasicMotions,2,20,7.5,4,26,guide=gpf | walk=plain,0.04,6,100,1.4,0.8391203204830393,0.43956660332056235,0.291620475113107,0.2708333333333333,0.0
1.0,1.0,1.0,1.0,0.012719166666666667,0.08291666666666668,BasicMotions,2,20,7.5,4,26,guide=gpf | walk=aligned,0.04,6,100,1.4,0.9093947168320808,0.47412870766745835,0.3207571182349359,0.40625,0.1
1.0,1.0,1.0,1.0,0.009326944444444447,0.06941666666666668,BasicMotions,2,20,7.5,4,26,guide=sig | walk=aligned,0.04,6,100,1.4,0.5575119140346807,0.2841355556538321,0.8042850642831567,0.40625,0.1
1.0,1.0,1.0,1.0,0.0084375,0.06958333333333334,BasicMotions,2,20,7.5,4,26,guide=dtw | walk=aligned,0.04,6,100,1.4,0.39777099664172,0.2120098650735015,1.1060750239713864,0.8125,0.1
0.2692307692307692,0.39440531887330776,0.5777777777777777,0.993283950617284,0.0702135390946502,0.15932098765432098,ERing,0,5,5.0,5,20,none,0.675,4,65,1.5999999999999999,,,,,
0.8051948051948052,0.8281468230294837,0.8422222222222222,0.9896790123456789,0.05604909465020575,0.12662962962962965,ERing,0,5,5.0,5,20,SMOTE-raw,0.675,4,65,1.5999999999999999,3.7895925770385794,0.2147260177023108,0.5044087137070903,,
0.8395061728395061,0.8653551329788478,0.8733333333333333,0.9892345679012345,0.05763559670781893,0.14235802469135805,ERing,0,5,5.0,5,20,guide=gpf | walk=plain,0.675,4,65,1.5999999999999999,5.180615513035619,0.19198625041376505,1.796396518511507,0.625,0.0
0.8705882352941177,0.9006993167862731,0.9044444444444444,0.9904691358024692,0.05865625514403292,0.14917283950617283,ERing,0,5,5.0,5,20,guide=gpf | walk=aligned,0.675,4,65,1.5999999999999999,4.159421143555022,0.15574977245892008,1.6358918310533734,0.3125,0.0
0.8837209302325582,0.9127897814859592,0.9155555555555556,0.9940740740740741,0.055814567901234576,0.1554320987654321,ERing,0,5,5.0,5,20,guide=sig | walk=aligned,0.675,4,65,1.5999999999999999,3.059624322696706,0.13454979904396902,1.300695553637074,0.625,0.0
0.9662921348314607,0.9753505226201032,0.9755555555555555,0.9996049382716049,0.04473942386831276,0.16846913580246914,ERing,0,5,5.0,5,20,guide=dtw | walk=aligned,0.675,4,65,1.5999999999999999,2.011933333432342,0.08664121370541089,1.2414837431718533,0.625,0.0
0.16326530612244897,0.29814239699997197,0.5444444444444444,0.975604938271605,0.0801776131687243,0.11735802469135803,ERing,0,10,6.2,4,21,none,0.675,4,65,1.5999999999999999,,,,,
0.6956521739130435,0.7302967433402214,0.7666666666666666,0.9938765432098765,0.05687633744855967,0.12537037037037038,ERing,0,10,6.2,4,21,SMOTE-raw,0.675,4,65,1.5999999999999999,3.1280030092360516,0.1947630885937992,0.39416652633544136,,
0.6857142857142857,0.7286720544682381,0.7644444444444445,0.981432098765432,0.06135312757201646,0.11566666666666665,ERing,0,10,6.2,4,21,guide=gpf | walk=plain,0.675,4,65,1.5999999999999999,5.1956449066380745,0.17435254817272394,1.528099896792516,0.65625,0.0
0.5454545454545454,0.6282250127674532,0.6933333333333334,0.9659259259259259,0.06820761316872428,0.08598765432098764,ERing,0,10,6.2,4,21,guide=gpf | walk=aligned,0.675,4,65,1.5999999999999999,4.280834848520877,0.18291115348579456,1.1852974595839256,0.65625,0.0
0.8674698795180723,0.89044308571008,0.8955555555555557,0.9925432098765432,0.04965144032921811,0.13637037037037036,ERing,0,10,6.2,4,21,guide=sig | walk=aligned,0.675,4,65,1.5999999999999999,2.163578572567184,0.10387237370327962,0.8346167400754517,0.65625,0.0
0.8780487804878049,0.8924373616363472,0.8977777777777778,0.9949135802469137,0.04784481481481481,0.14374074074074072,ERing,0,10,6.2,4,21,guide=dtw | walk=aligned,0.675,4,65,1.5999999999999999,2.115702737557955,0.1021962824694489,0.9167807896443547,0.65625,0.0
0.043478260869565216,0.14907119849998599,0.5111111111111111,0.9655308641975308,0.08941061728395062,0.10898765432098763,ERing,0,20,6.2,4,21,none,0.675,4,65,1.7999999999999998,,,,,
0.6363636363636364,0.6831300510639732,0.7333333333333334,0.9952098765432098,0.059948312757201645,0.14933333333333335,ERing,0,20,6.2,4,21,SMOTE-raw,0.675,4,65,1.7999999999999998,4.313705349273054,0.2294367149945753,0.4506056959148746,,
0.6666666666666666,0.7133298719196046,0.7533333333333333,0.9851851851851852,0.060440411522633755,0.12632098765432098,ERing,0,20,6.2,4,21,guide=gpf | walk=plain,0.675,4,65,1.7999999999999998,7.862820261335408,0.2011438543331765,3.4877255401218803,0.65625,0.0
0.684931506849315,0.7403702777314526,0.7711111111111111,0.9787654320987654,0.06966152263374487,0.13608641975308647,ERing,0,20,6.2,4,21,guide=gpf | walk=aligned,0.675,4,65,1.7999999999999998,5.865541495448966,0.19129481416124494,1.8634767514478077,0.328125,0.1
0.891566265060241,0.9047474239999624,0.9088888888888889,0.9902716049382716,0.05626382716049383,0.14781481481481484,ERing,0,20,6.2,4,21,guide=sig | walk=aligned,0.675,4,65,1.7999999999999998,2.6419304944218602,0.10813028339154573,2.1147600969675335,0.328125,0.1
0.945054945054945,0.9709865162888798,0.9711111111111111,0.9986666666666667,0.048446954732510296,0.16645679012345677,ERing,0,20,6.2,4,21,guide=dtw | walk=aligned,0.675,4,65,1.7999999999999998,2.044931899931253,0.07457188898149836,1.326440670425262,0.65625,0.0
0.42105263157894735,0.5163977794943222,0.6333333333333333,0.9885432098765432,0.07185292181069959,0.14664197530864195,ERing,1,5,5.0,5,20,none,0.675,4,65,1.5999999999999999,,,,,
0.9024390243902439,0.9067647005823629,0.9111111111111111,0.9959506172839506,0.048990740740740744,0.14398765432098767,ERing,1,5,5.0,5,20,SMOTE-raw,0.675,4,65,1.5999999999999999,2.994356804947575,0.18263776470644033,0.47079496026060536,,
0.875,0.8819171036881969,0.8888888888888888,0.989037037037037,0.05683888888888888,0.14260493827160492,ERing,1,5,5.0,5,20,guide=gpf | walk=plain,0.675,4,65,1.5999999999999999,5.333330082069249,0.20233559393920053,1.4829680039220459,0.625,0.0
0.9090909090909091,0.9365025558091323,0.9377777777777778,0.995604938271605,0.05374004115226338,0.15628395061728395,ERing,1,5,5.0,5,20,guide=gpf | walk=aligned,0.675,4,65,1.5999999999999999,3.3956911775883825,0.12368229123593055,1.31650070841394,0.625,0.0
0.8571428571428571,0.8884443332777431,0.8933333333333333,0.9866666666666667,0.0596358024691358,0.1436049382716049,ERing,1,5,5.0,5,20,guide=sig | walk=aligned,0.675,4,65,1.5999999999999999,3.1096413213698924,0.14877235539829292,0.8865979171599568,0.625,0.0
0.9545454545454546,0.9639425217227349,0.9644444444444444,0.998567901234568,0.048449300411522636,0.171283950617284,ERing,1,5,5.0,5,20,guide=dtw | walk=aligned,0.675,4,65,1.5999999999999999,2.0114761983980642,0.09025710502437656,1.3035653062978847,0.625,0.0
0.3018867924528302,0.4216370213557839,0.5888888888888889,0.9816296296296296,0.0757166255144033,0.11893827160493826,ERing,1,10,6.2,4,21,none,0.675,4,65,1.7999999999999998,,,,,
0.7142857142857143,0.7453559924999299,0.7777777777777778,0.9935308641975309,0.05641588477366255,0.13153086419753082,ERing,1,10,6.2,4,21,SMOTE-raw,0.675,4,65,1.7999999999999998,3.572667500792603,0.22365259649998304,0.3681470718204946,,
0.6376811594202898,0.6960913804067274,0.74,0.9765432098765432,0.06592004115226338,0.10487654320987655,ERing,1,10,6.2,4,21,guide=gpf | walk=plain,0.675,4,65,1.7999999999999998,8.198155859022021,0.23136719482708823,3.356190108703356,0.65625,0.0
0.5507246376811594,0.6425258797689316,0.7,0.9515555555555556,0.07557069958847737,0.07723456790123456,ERing,1,10,6.2,4,21,guide=gpf | walk=aligned,0.675,4,65,1.7999999999999998,4.295785958606798,0.1850451399732801,1.4985479363858318,0.65625,0.0
0.8674698795180723,0.89044308571008,0.8955555555555557,0.9932345679012345,0.04898028806584362,0.13803703703703704,ERing,1,10,6.2,4,21,guide=sig | walk=aligned,0.675,4,65,1.7999999999999998,2.431484939696828,0.10056693289486829,1.7311959077062002,0.65625,0.0
0.9425287356321839,0.9523978834473865,0.9533333333333334,0.9966913580246914,0.046698724279835395,0.1574938271604938,ERing,1,10,6.2,4,21,guide=dtw | walk=aligned,0.675,4,65,1.7999999999999998,2.3139060578307227,0.1014443437749386,1.7309797108994502,0.65625,0.0
0.2692307692307692,0.39440531887330776,0.5777777777777777,0.951358024691358,0.08529148148148148,0.0930246913580247,ERing,1,20,6.2,4,21,none,0.675,4,65,1.7999999999999998,,,,,
0.75,0.7745966692414834,0.8,0.9823703703703704,0.060113621399176954,0.1328518518518519,ERing,1,20,6.2,4,21,SMOTE-raw,0.675,4,65,1.7999999999999998,3.942615993775185,0.21499470520126218,0.41103191636141156,,
0.7323943661971831,0.7601169500660919,0.7888888888888889,0.9775308641975309,0.0631280658436214,0.10528395061728395,ERing,1,20,6.2,4,21,guide=gpf | walk=plain,0.675,4,65,1.7999999999999998,7.788720969752838,0.20772842552789095,3.3343183903917053,0.65625,0.0
0.7297297297297297,0.7711463328491335,0.7955555555555556,0.971358024691358,0.06491288065843621,0.09813580246913581,ERing,1,20,6.2,4,21,guide=gpf | walk=aligned,0.675,4,65,1.7999999999999998,6.459247634837279,0.15804534504537404,4.018645141812196,0.328125,0.0
0.684931506849315,0.7403702777314526,0.7711111111111111,0.976246913580247,0.06251901234567901,0.10508641975308644,ERing,1,20,6.2,4,21,guide=sig | walk=aligned,0.675,4,65,1.7999999999999998,3.5041450258355624,0.1340844141654327,1.3873911805682728,0.328125,0.1
0.9090909090909091,0.9365025558091323,0.9377777777777778,0.9925925925925927,0.05113637860082305,0.14716049382716048,ERing,1,20,6.2,4,21,guide=dtw | walk=aligned,0.675,4,65,1.7999999999999998,2.029396395661699,0.07986203436563721,1.3005220898437888,0.65625,0.0
0.3018867924528302,0.4216370213557839,0.5888888888888889,0.9838024691358025,0.07656769547325104,0.13413580246913584,ERing,2,5,5.0,5,20,none,0.675,4,65,1.5999999999999999,,,,,
0.8888888888888888,0.8944271909999159,0.9,0.9950617283950617,0.05397139917695473,0.15003703703703697,ERing,2,5,5.0,5,20,SMOTE-raw,0.675,4,65,1.5999999999999999,3.1119536250897823,0.19567083913017413,0.4122251791241379,,
0.8607594936708861,0.8692269873603532,0.8777777777777778,0.9896790123456791,0.055837530864197536,0.13577777777777775,ERing,2,5,5.0,5,20,guide=gpf | walk=plain,0.675,4,65,1.5999999999999999,4.834773110848104,0.18252918602785495,1.6297741890582873,0.625,0.0
0.8333333333333334,0.8740426861909838,0.88,0.9874567901234569,0.06270004115226338,0.15529629629629632,ERing,2,5,5.0,5,20,guide=gpf | walk=aligned,0.675,4,65,1.5999999999999999,3.2823030384784175,0.1216067451199625,1.334137760881442,0.3125,0.1
0.8395061728395061,0.8653551329788478,0.8733333333333333,0.9929876543209877,0.053105226337448554,0.14435802469135803,ERing,2,5,5.0,5,20,guide=sig | walk=aligned,0.675,4,65,1.5999999999999999,2.7944932214997102,0.13997471750345303,0.7998285124860492,0.625,0.0
0.9555555555555556,0.9731709656556045,0.9733333333333334,0.999604938271605,0.04953847736625514,0.17966666666666664,ERing,2,5,5.0,5,20,guide=dtw | walk=aligned,0.675,4,65,1.5999999999999999,1.9884457604919845,0.09542099349062949,1.1268199377579002,0.625,0.0
0.125,0.2581988897471611,0.5333333333333333,0.9825679012345678,0.08574444444444444,0.13674074074074077,ERing,2,10,6.2,4,21,none,0.675,4,65,1.5999999999999999,,,,,
0.8607594936708861,0.8692269873603532,0.8777777777777778,0.9958024691358024,0.05245872427983539,0.1424320987654321,ERing,2,10,6.2,4,21,SMOTE-raw,0.675,4,65,1.5999999999999999,4.27406229883605,0.23290427169755246,0.39341299498562543,,
0.8,0.816496580927726,0.8333333333333333,0.9948148148148147,0.05652530864197531,0.15255555555555556,ERing,2,10,6.2,4,21,guide=gpf | walk=plain,0.675,4,65,1.5999999999999999,5.999380237948774,0.19227657645752283,1.5378525661867717,0.65625,0.0
0.9411764705882353,0.9428090415820634,0.9444444444444444,0.9986172839506172,0.047628024691358024,0.15803703703703703,ERing,2,10,6.2,4,21,guide=gpf | walk=aligned,0.675,4,65,1.5999999999999999,3.4931994725025284,0.11263967567400679,2.9377631641160358,0.328125,0.0
0.7142857142857143,0.7453559924999299,0.7777777777777778,0.9935308641975309,0.05888744855967078,0.14549382716049383,ERing,2,10,6.2,4,21,guide=sig | walk=aligned,0.675,4,65,1.5999999999999999,5.382532366659127,0.18986424404382507,1.846447638753124,0.65625,0.0
0.9302325581395349,0.94071157726741,0.9422222222222222,0.9972839506172839,0.054159300411522636,0.1681358024691358,ERing,2,10,6.2,4,21,guide=dtw | walk=aligned,0.675,4,65,1.5999999999999999,2.7305997470764503,0.11680791685552483,1.053784421847159,0.65625,0.0
0.125,0.2581988897471611,0.5333333333333333,0.9751111111111112,0.08728358024691359,0.12376543209876545,ERing,2,20,6.2,4,21,none,0.675,4,65,1.5999999999999999,,,,,
0.8157894736842105,0.8299933065325822,0.8444444444444444,0.9943703703703702,0.05374320987654321,0.14034567901234568,ERing,2,20,6.2,4,21,SMOTE-raw,0.675,4,65,1.5999999999999999,4.263014889469581,0.23272927606251903,0.3922376669843291,,
0.8311688311688312,0.8432740427115678,0.8555555555555556,0.9961975308641975,0.053266872427983544,0.15203703703703705,ERing,2,20,6.2,4,21,guide=gpf | walk=plain,0.675,4,65,1.5999999999999999,5.547642671560801,0.17312743341681525,1.7914239366278497,0.65625,0.0
0.9024390243902439,0.9067647005823629,0.9111111111111111,0.9982222222222221,0.04959477366255144,0.16630864197530865,ERing,2,20,6.2,4,21,guide=gpf | walk=aligned,0.675,4,65,1.5999999999999999,2.899464156872501,0.10653125993436785,3.0012266402685075,0.328125,0.0
0.6666666666666666,0.7133298719196046,0.7533333333333333,0.9886913580246913,0.06353621399176956,0.13819753086419756,ERing,2,20,6.2,4,21,guide=sig | walk=aligned,0.675,4,65,1.5999999999999999,4.884771402648596,0.1896781936171933,1.3610330418837624,0.328125,0.1
0.9176470588235294,0.9288782561858226,0.9311111111111111,0.9962469135802469,0.053772510288065845,0.16111111111111107,ERing,2,20,6.2,4,21,guide=dtw | walk=aligned,0.675,4,65,1.5999999999999999,2.913923234567445,0.1251808917263839,1.0170493398684195,0.65625,0.0
0.5098039215686274,0.6408553614135919,0.6993529355790276,0.9151203730136074,0.051490150150150155,0.04300900900900901,JapaneseVowels,0,5,8.0,30,210,none,0.85,12,29,2.0,,,,,
0.5454545454545454,0.8750025488319796,0.8750118945665619,0.918070225520982,0.09108726726726726,0.166,JapaneseVowels,0,5,8.0,30,210,SMOTE-raw,0.85,12,29,2.0,1.8208311617377468,0.07800531354316198,0.5483789941954831,,
0.5,0.7183549789105442,0.7446950233133505,0.9122656770387289,0.06260372372372372,0.06425225225225227,JapaneseVowels,0,5,8.0,30,210,guide=gpf | walk=plain,0.85,12,29,2.0,8.844078896194155,0.18360026468394686,4.098987053139642,0.34539473684210525,0.5
0.4722222222222222,0.7138369782491262,0.7387953182986011,0.9046055761728042,0.06693792792792792,0.07525225225225225,JapaneseVowels,0,5,8.0,30,210,guide=gpf | walk=aligned,0.85,12,29,2.0,8.81527959949021,0.1760446898466942,4.968032553873166,0.34539473684210525,0.7
0.5714285714285714,0.8686721491408194,0.8692073460843087,0.9308212008754401,0.08916102102102104,0.1652972972972973,JapaneseVowels,0,5,8.0,30,210,guide=sig | walk=aligned,0.85,12,29,2.0,1.9588728350568516,0.04182509301782167,4.087777544761582,0.29829545454545453,0.4
0.4835164835164835,0.7938051134807709,0.7987915120373014,0.9156437339423351,0.08591792792792793,0.1360990990990991,JapaneseVowels,0,5,8.0,30,210,guide=dtw | walk=aligned,0.85,12,29,2.0,3.576306224267455,0.06738187575440135,5.132592544709037,0.9375,0.5
0.44,0.588612720570814,0.6656199448092112,0.9093158245313542,0.053237867867867855,0.027162162162162162,JapaneseVowels,0,10,10.0,24,216,none,0.85,12,29,2.1999999999999997,,,,,
0.4854368932038835,0.8334522705113219,0.833904272528309,0.9056522980302598,0.10211666666666666,0.17278378378378378,JapaneseVowels,0,10,10.0,24,216,SMOTE-raw,0.85,12,29,2.1999999999999997,1.728700190890919,0.07246597916380626,0.5294063329741628,,
0.4838709677419355,0.6789944034695029,0.7183366638119707,0.9077457417451709,0.05920402402402403,0.048504504504504505,JapaneseVowels,0,10,10.0,24,216,guide=gpf | walk=plain,0.85,12,29,2.1999999999999997,17.659361053608343,0.26613344997703725,7.230069103356724,0.45,0.4
0.5079365079365079,0.7012624044814465,0.7344656960700352,0.9162146731373109,0.058349009009008995,0.049855855855855856,JapaneseVowels,0,10,10.0,24,216,guide=gpf | walk=aligned,0.85,12,29,2.1999999999999997,17.234892525259667,0.24065784034688198,9.5347966869925,0.48214285714285715,0.6
0.5526315789473685,0.7933854438170315,0.8033114473308592,0.9142163859548957,0.08086837837837839,0.13608108108108108,JapaneseVowels,0,10,10.0,24,216,guide=sig | walk=aligned,0.85,12,29,2.1999999999999997,4.965048196193109,0.07953634483508731,6.7350369420807175,0.375,0.3
0.5194805194805194,0.771803014651202,0.7842325625654201,0.9089827766676182,0.07611981981981981,0.11607207207207206,JapaneseVowels,0,10,10.0,24,216,guide=dtw | walk=aligned,0.85,12,29,2.1999999999999997,10.35772648512696,0.12153004901546338,13.683791940660443,0.9642857142857143,0.5
0.21052631578947367,0.3576176445235395,0.5600913502711962,0.8961366447806641,0.05899225225225225,0.02241441441441442,JapaneseVowels,0,20,20.0,12,228,none,0.85,12,29,2.0,,,,,
0.43636363636363634,0.6110599262872102,0.6758492720525264,0.8998001712817585,0.0623782882882883,0.060531531531531534,JapaneseVowels,0,20,20.0,12,228,SMOTE-raw,0.85,12,29,2.0,2.170112490386824,0.08419363497862253,0.4808011514162245,,
0.375,0.5324202384446449,0.6333618802930822,0.9078408982776668,0.05581483483483484,0.03699099099099099,JapaneseVowels,0,20,20.0,12,228,guide=gpf | walk=plain,0.85,12,29,2.0,26.23314907466832,0.3495249309240973,5.4629996630324404,0.4453125,0.5
0.46153846153846156,0.6138565538332104,0.6802740508135883,0.8982300884955752,0.05787711711711712,0.025801801801801805,JapaneseVowels,0,20,20.0,12,228,guide=gpf | walk=aligned,0.85,12,29,2.0,23.162466095370036,0.31114251123548375,5.47978798063704,0.3958333333333333,0.7
0.46808510638297873,0.5912741330298001,0.6700447235702731,0.9164049862023028,0.05386627627627628,0.04463963963963964,JapaneseVowels,0,20,20.0,12,228,guide=sig | walk=aligned,0.85,12,29,2.0,13.313201559834098,0.16724119916089508,7.5184975296328345,0.2375,0.5
0.4931506849315068,0.7345321907527741,0.7549243505566657,0.9121705205062327,0.06953744744744746,0.08966666666666667,JapaneseVowels,0,20,20.0,12,228,guide=dtw | walk=aligned,0.85,12,29,2.0,6.078650066191031,0.09154156440198413,6.440479229982848,0.7916666666666666,0.7
0.56,0.6670471842014548,0.7184318203444666,0.9038919021790847,0.05282717717717717,0.05076576576576577,JapaneseVowels,1,5,8.0,30,210,none,0.85,12,29,2.0,,,,,
0.54,0.8735331900306192,0.8735369683128746,0.918212960319726,0.09620117117117118,0.17123423423423423,JapaneseVowels,1,5,8.0,30,210,SMOTE-raw,0.85,12,29,2.0,1.814840421889258,0.07894697490813674,0.5706657450757184,,
0.5070422535211268,0.7368603493348819,0.7578742030640404,0.9034636977828528,0.06644297297297297,0.076981981981982,JapaneseVowels,1,5,8.0,30,210,guide=gpf | walk=plain,0.85,12,29,2.0,9.584971332504232,0.1780256842940635,4.833116004340811,0.3125,0.6
0.5205479452054794,0.7558570110184326,0.7725283090684176,0.9078884765439147,0.06782831831831831,0.07883783783783782,JapaneseVowels,1,5,8.0,30,210,guide=gpf | walk=aligned,0.85,12,29,2.0,9.134828909552816,0.1630770349025631,5.821533504163723,0.328125,0.8
0.5416666666666666,0.8615224625443353,0.8618327148158722,0.9300599486154725,0.09321312312312312,0.17074774774774773,JapaneseVowels,1,5,8.0,30,210,guide=sig | walk=aligned,0.85,12,29,2.0,1.8353768661546148,0.041323242023175055,3.833336616333516,0.29829545454545453,0.4
0.5052631578947369,0.826343316782425,0.8280997240460557,0.9146445903511276,0.09325537537537539,0.15863063063063065,JapaneseVowels,1,5,8.0,30,210,guide=dtw | walk=aligned,0.85,12,29,2.0,2.3093980754830525,0.045877676288976654,4.086272216988097,0.9375,0.5
0.43478260869565216,0.563757765832536,0.6539156913122086,0.9150727947473594,0.0504972972972973,0.04021621621621622,JapaneseVowels,1,10,10.0,24,216,none,0.85,12,29,2.1999999999999997,,,,,
0.5070422535211268,0.7368603493348819,0.7578742030640404,0.9228756304120278,0.07016873873873875,0.10572072072072072,JapaneseVowels,1,10,10.0,24,216,SMOTE-raw,0.85,12,29,2.1999999999999997,2.152144604757705,0.10527523995560228,0.45695416664279714,,
0.5806451612903226,0.7472473035657399,0.7711485393472262,0.9233989913407556,0.05635684684684684,0.05292792792792794,JapaneseVowels,1,10,10.0,24,216,guide=gpf | walk=plain,0.85,12,29,2.1999999999999997,14.573968296611287,0.22795540622427535,7.285445938237657,0.39705882352941174,0.5
0.6031746031746031,0.7677236236302427,0.7872775716052907,0.9191645256446856,0.058014984984984995,0.06775675675675676,JapaneseVowels,1,10,10.0,24,216,guide=gpf | walk=aligned,0.85,12,29,2.1999999999999997,14.969781504078579,0.21689076083670855,16.64901315978155,0.421875,0.6
0.53125,0.7228447412379048,0.7505947283280997,0.9257303263869063,0.061270990990991,0.09180180180180181,JapaneseVowels,1,10,10.0,24,216,guide=sig | walk=aligned,0.85,12,29,2.1999999999999997,6.549043405025987,0.09578499811153052,10.293568319990042,0.39705882352941174,0.3
0.5054945054945055,0.8129927888468073,0.8163954705490533,0.9216861737558284,0.08199597597597598,0.13490090090090093,JapaneseVowels,1,10,10.0,24,216,guide=dtw | walk=aligned,0.85,12,29,2.1999999999999997,3.268210239174568,0.05810247706229954,6.588243199755751,0.84375,0.6
0.17142857142857143,0.31062634136676054,0.5469121705205062,0.9113141117137693,0.05167894894894895,0.02613513513513513,JapaneseVowels,1,20,20.0,12,228,none,0.85,12,29,2.0,,,,,
0.5925925925925926,0.710965189456219,0.7477400323532211,0.8811970691787991,0.05657123123123123,0.05504504504504505,JapaneseVowels,1,20,20.0,12,228,SMOTE-raw,0.85,12,29,2.0,1.9307031111290378,0.06780374588963578,0.5442139995218425,,
0.3333333333333333,0.47237915777796174,0.6070035207917023,0.9179274907222381,0.05016546546546548,0.02882882882882883,JapaneseVowels,1,20,20.0,12,228,guide=gpf | walk=plain,0.85,12,29,2.0,29.181185094609095,0.3888361115874458,4.637279933913433,0.35625,0.6
0.34146341463414637,0.4730836759289927,0.6084784470453897,0.9219716433533163,0.050278618618618626,0.027639639639639637,JapaneseVowels,1,20,20.0,12,228,guide=gpf | walk=aligned,0.85,12,29,2.0,28.866686182370078,0.3787843954760335,4.903282811334159,0.35625,0.7
0.48148148148148145,0.6379533599607444,0.6949281568179656,0.9077933200114188,0.05258684684684684,0.04974774774774775,JapaneseVowels,1,20,20.0,12,228,guide=sig | walk=aligned,0.85,12,29,2.0,8.107730936283698,0.1291165933856938,5.666024352723133,0.35625,0.3
0.53125,0.7228447412379048,0.7505947283280997,0.9106480159862974,0.06079111111111111,0.06958558558558559,JapaneseVowels,1,20,20.0,12,228,guide=dtw | walk=aligned,0.85,12,29,2.0,6.907060414323492,0.08814903146712239,9.208991035183697,0.7125,0.7
0.4528301886792453,0.6129257624655972,0.678799124559901,0.9118374726424969,0.05319933933933934,0.053297297297297305,JapaneseVowels,2,5,8.0,30,210,none,0.85,12,29,2.0,,,,,
0.5252525252525253,0.8572040270167722,0.8574079360548101,0.9252069654581787,0.09078339339339338,0.16281981981981983,JapaneseVowels,2,5,8.0,30,210,SMOTE-raw,0.85,12,29,2.0,1.8556608727298567,0.08303926863503852,0.4940802409700779,,
0.5588235294117647,0.7618134231508623,0.7799029403368541,0.9161195166048148,0.06293846846846848,0.0675045045045045,JapaneseVowels,2,5,8.0,30,210,guide=gpf | walk=plain,0.85,12,29,2.0,11.086141052155739,0.20328745925729097,4.986583147195848,0.34539473684210525,0.5
0.5263157894736842,0.7730349436310124,0.7857074888191073,0.9128841944999524,0.06653963963963964,0.07947747747747749,JapaneseVowels,2,5,8.0,30,210,guide=gpf | walk=aligned,0.85,12,29,2.0,10.041242607925746,0.18739605514290192,5.820365949806046,0.34539473684210525,0.7
0.5591397849462365,0.8658193593372351,0.866257493576934,0.933390427252831,0.09295327327327327,0.17610810810810812,JapaneseVowels,2,5,8.0,30,210,guide=sig | walk=aligned,0.85,12,29,2.0,1.783003903054972,0.04338466486538406,4.0685562391535965,0.3125,0.3
0.5054945054945055,0.8129927888468073,0.8163954705490533,0.9198781996384052,0.08746033033033034,0.1520810810810811,JapaneseVowels,2,5,8.0,30,210,guide=dtw | walk=aligned,0.85,12,29,2.0,2.8678166308470594,0.056302111771470376,5.003971995502785,0.9375,0.5
0.46808510638297873,0.5912741330298001,0.6700447235702731,0.909363402797602,0.05004321321321322,0.03179279279279279,JapaneseVowels,2,10,10.0,24,216,none,0.85,12,29,2.0,,,,,
0.5681818181818182,0.854591356676664,0.8560281663336188,0.9149776382148634,0.08170324324324324,0.13616216216216215,JapaneseVowels,2,10,10.0,24,216,SMOTE-raw,0.85,12,29,2.0,1.970662830061034,0.09170555288805338,0.46617297861801543,,
0.53125,0.7228447412379048,0.7505947283280997,0.915976781806071,0.057563243243243245,0.057297297297297295,JapaneseVowels,2,10,10.0,24,216,guide=gpf | walk=plain,0.85,12,29,2.0,12.428068947454374,0.2313031157253096,4.986088336811473,0.375,0.5
0.4931506849315068,0.7345321907527741,0.7549243505566657,0.9108383290512894,0.06268357357357357,0.06811711711711713,JapaneseVowels,2,10,10.0,24,216,guide=gpf | walk=aligned,0.85,12,29,2.0,12.943060732585327,0.21082152364347628,8.423824769997163,0.375,0.7
0.5882352941176471,0.8587567332159077,0.8604529450946807,0.9292986963555048,0.08056891891891892,0.13624324324324324,JapaneseVowels,2,10,10.0,24,216,guide=sig | walk=aligned,0.85,12,29,2.0,3.1690994374204315,0.049612159198712535,14.195800318209507,0.29347826086956524,0.4
0.5416666666666666,0.8615224625443353,0.8618327148158722,0.9251118089256828,0.0881821921921922,0.15910810810810813,JapaneseVowels,2,10,10.0,24,216,guide=dtw | walk=aligned,0.85,12,29,2.0,2.8926864432968706,0.053628191432548156,3.830108059460105,0.84375,0.6
0.17647058823529413,0.3110855084191276,0.5483870967741935,0.9039394804453326,0.0564051051051051,0.02632432432432432,JapaneseVowels,2,20,20.0,12,228,none,0.85,12,29,2.0,,,,,
0.47058823529411764,0.695813507586209,0.7270910648015987,0.9013226758016938,0.07212258258258258,0.10158558558558559,JapaneseVowels,2,20,20.0,12,228,SMOTE-raw,0.85,12,29,2.0,1.773931301860145,0.07324060652148934,0.4319332891596235,,
0.3333333333333333,0.47237915777796174,0.6070035207917023,0.9011323627367018,0.05459660660660661,0.02921621621621621,JapaneseVowels,2,20,20.0,12,228,guide=gpf | walk=plain,0.85,12,29,2.0,27.781212412576213,0.3744524628991228,5.0639518475067495,0.3958333333333333,0.5
0.3829787234042553,0.5332238920921644,0.6348368065467694,0.8963269578456561,0.05449402402402403,0.018315315315315314,JapaneseVowels,2,20,20.0,12,228,guide=gpf | walk=aligned,0.85,12,29,2.0,25.75130568901483,0.3199742903973428,5.845068478482669,0.296875,0.9
0.5172413793103449,0.6831857667521063,0.7242363688267199,0.905128937101532,0.05684714714714715,0.05257657657657658,JapaneseVowels,2,20,20.0,12,228,guide=sig | walk=aligned,0.85,12,29,2.0,15.38395172523045,0.21582343604664445,5.5508910520486445,0.10477941176470588,1.0
0.5866666666666667,0.8146297672113363,0.8223903320962984,0.9032258064516129,0.08136387387387388,0.13732432432432434,JapaneseVowels,2,20,20.0,12,228,guide=dtw | walk=aligned,0.85,12,29,2.0,5.885321178573019,0.08686623382161474,4.437696915617588,0.7916666666666666,0.6
0.9090909090909091,0.9128709291752769,0.9166666666666667,0.9990079365079365,0.011720432098765433,0.03261111111111111,Libras,0,5,14.0,12,156,none,0.841,2,45,2.0,,,,,
1.0,1.0,1.0,1.0,0.011879197530864196,0.053203703703703704,Libras,0,5,14.0,12,156,SMOTE-raw,0.841,2,45,2.0,3.0654366470684966,0.1386567966255552,0.7178822223190813,,
0.9090909090909091,0.9128709291752769,0.9166666666666667,0.9995039682539683,0.008574135802469136,0.0317962962962963,Libras,0,5,14.0,12,156,guide=gpf | walk=plain,0.841,2,45,2.0,10.94042902364575,0.19748885866279753,5.264573037025729,0.6964285714285714,0.1
0.9565217391304348,0.9574271077563381,0.9583333333333333,1.0,0.007484814814814813,0.02918518518518519,Libras,0,5,14.0,12,156,guide=gpf | walk=aligned,0.841,2,45,2.0,13.160882383242454,0.1958898967352476,15.667280081146403,0.5416666666666666,0.2
0.96,0.9970193674385764,0.9970238095238095,1.0,0.006779259259259259,0.0334074074074074,Libras,0,5,14.0,12,156,guide=sig | walk=aligned,0.841,2,45,2.0,7.572009441960519,0.15806518991106744,5.632088325570995,0.203125,0.5
0.96,0.9970193674385764,0.9970238095238095,0.9995039682539683,0.010337716049382717,0.04479629629629629,Libras,0,5,14.0,12,156,guide=dtw | walk=aligned,0.841,2,45,2.0,4.269603828178822,0.11878462249380528,3.4442220675998345,0.609375,0.6
0.9090909090909091,0.9128709291752769,0.9166666666666667,0.9990079365079365,0.01168537037037037,0.026685185185185183,Libras,0,10,14.0,12,156,none,0.841,2,45,1.7999999999999998,,,,,
0.96,0.9970193674385764,0.9970238095238095,1.0,0.010511234567901234,0.05000000000000001,Libras,0,10,14.0,12,156,SMOTE-raw,0.841,2,45,1.7999999999999998,2.8751690471553406,0.13645425266790534,0.6565680682134757,,
0.9090909090909091,0.9128709291752769,0.9166666666666667,0.9995039682539684,0.0085308024691358,0.03283333333333333,Libras,0,10,14.0,12,156,guide=gpf | walk=plain,0.841,2,45,1.7999999999999998,7.516648214240545,0.17488028034230974,2.761577629591099,0.6964285714285714,0.0
1.0,1.0,1.0,1.0,0.006614691358024691,0.033,Libras,0,10,14.0,12,156,guide=gpf | walk=aligned,0.841,2,45,1.7999999999999998,8.250859471791012,0.161698045985178,9.839032713613847,0.4875,0.2
1.0,1.0,1.0,1.0,0.005686049382716048,0.03133333333333333,Libras,0,10,14.0,12,156,guide=sig | walk=aligned,0.841,2,45,1.7999999999999998,5.413016972952123,0.14293554123276386,3.9915896881427804,0.203125,0.5
0.96,0.9970193674385764,0.9970238095238095,0.9995039682539683,0.009933703703703703,0.041777777777777775,Libras,0,10,14.0,12,156,guide=dtw | walk=aligned,0.841,2,45,1.7999999999999998,3.6714017343842844,0.11208186882964288,2.7346334554401417,0.6964285714285714,0.5
0.8,0.816496580927726,0.8333333333333333,0.9990079365079365,0.014693333333333334,0.02988888888888889,Libras,0,20,21.0,8,160,none,0.841,2,45,1.5999999999999999,,,,,
0.8333333333333334,0.9074209047695003,0.9107142857142858,0.996031746031746,0.016037716049382717,0.045092592592592594,Libras,0,20,21.0,8,160,SMOTE-raw,0.841,2,45,1.5999999999999999,3.700299647096415,0.14637095344001394,0.6620316442996055,,
0.9090909090909091,0.9128709291752769,0.9166666666666667,1.0,0.008243271604938273,0.03490740740740741,Libras,0,20,21.0,8,160,guide=gpf | walk=plain,0.841,2,45,1.5999999999999999,8.834609560676427,0.2590228313468024,1.2754221412091455,0.5,0.1
0.9565217391304348,0.9574271077563381,0.9583333333333333,1.0,0.004955308641975309,0.018851851851851856,Libras,0,20,21.0,8,160,guide=gpf | walk=aligned,0.841,2,45,1.5999999999999999,6.691751044347335,0.1575193453114151,3.357188047233983,0.20833333333333334,0.5
0.9090909090909091,0.9128709291752769,0.9166666666666667,0.998015873015873,0.010226975308641974,0.01727777777777778,Libras,0,20,21.0,8,160,guide=sig | walk=aligned,0.841,2,45,1.5999999999999999,6.357653931004776,0.2031911271124155,1.7318698479980386,0.45454545454545453,0.2
0.8695652173913043,0.9101499963594001,0.9136904761904763,0.9990079365079365,0.00816932098765432,0.031129629629629632,Libras,0,20,21.0,8,160,guide=dtw | walk=aligned,0.841,2,45,1.5999999999999999,4.886598282914697,0.15846480965719256,1.6207110559910005,0.625,0.6
0.8571428571428571,0.8660254037844386,0.875,0.9990079365079366,0.013373518518518519,0.038462962962962956,Libras,1,5,14.0,12,156,none,0.841,2,45,2.0,,,,,
0.96,0.9970193674385764,0.9970238095238095,1.0,0.010123024691358026,0.04438888888888888,Libras,1,5,14.0,12,156,SMOTE-raw,0.841,2,45,2.0,3.0534271980876984,0.14066928618063534,0.6402568613814626,,
0.9565217391304348,0.9574271077563381,0.9583333333333333,1.0,0.007448703703703705,0.028796296296296306,Libras,1,5,14.0,12,156,guide=gpf | walk=plain,0.841,2,45,2.0,9.269699102000887,0.1987295552312135,3.934386281632133,0.6964285714285714,0.0
0.9565217391304348,0.9574271077563381,0.9583333333333333,1.0,0.007743333333333336,0.03462962962962963,Libras,1,5,14.0,12,156,guide=gpf | walk=aligned,0.841,2,45,2.0,8.818789906677113,0.1675581967816464,14.51677213705535,0.4431818181818182,0.2
1.0,1.0,1.0,1.0,0.006483765432098766,0.032981481481481466,Libras,1,5,14.0,12,156,guide=sig | walk=aligned,0.841,2,45,2.0,6.6860717977418265,0.14593643765435926,5.302731212891014,0.21195652173913043,0.5
0.96,0.9970193674385764,0.9970238095238095,0.9995039682539683,0.009137098765432098,0.03864814814814815,Libras,1,5,14.0,12,156,guide=dtw | walk=aligned,0.841,2,45,2.0,3.77754667192462,0.1141222709765749,3.0349499030122424,0.609375,0.6
0.9090909090909091,0.9128709291752769,0.9166666666666667,0.9990079365079365,0.011402283950617282,0.03461111111111111,Libras,1,10,14.0,12,156,none,0.841,2,45,2.0,,,,,
1.0,1.0,1.0,1.0,0.011948148148148147,0.05537037037037036,Libras,1,10,14.0,12,156,SMOTE-raw,0.841,2,45,2.0,3.0319098446319916,0.1368222354074059,0.6914874164692068,,
0.9565217391304348,0.9574271077563381,0.9583333333333333,1.0,0.0071127160493827165,0.035,Libras,1,10,14.0,12,156,guide=gpf | walk=plain,0.841,2,45,2.0,9.66948387787029,0.20739501785337844,3.9159915245143484,0.609375,0.1
0.9565217391304348,0.9574271077563381,0.9583333333333333,1.0,0.007818086419753087,0.02890740740740741,Libras,1,10,14.0,12,156,guide=gpf | walk=aligned,0.841,2,45,2.0,11.508874478065396,0.18178077643878976,12.589325745932001,0.4431818181818182,0.2
1.0,1.0,1.0,0.9999999999999999,0.00632851851851852,0.031259259259259264,Libras,1,10,14.0,12,156,guide=sig | walk=aligned,0.841,2,45,2.0,6.258589517852792,0.1418885822378857,5.458507370940965,0.195,0.6
0.9166666666666666,0.9545733693437699,0.9553571428571428,0.9995039682539683,0.008923703703703705,0.041222222222222216,Libras,1,10,14.0,12,156,guide=dtw | walk=aligned,0.841,2,45,2.0,3.959484231059955,0.11741394637802283,2.922912352856506,0.609375,0.6
0.6666666666666666,0.7071067811865476,0.75,0.9905753968253969,0.022218209876543212,0.032018518518518516,Libras,1,20,21.0,8,160,none,0.841,2,45,1.7999999999999998,,,,,
0.7368421052631579,0.7637626158259734,0.7916666666666667,0.9935515873015873,0.018933703703703703,0.031,Libras,1,20,21.0,8,160,SMOTE-raw,0.841,2,45,1.7999999999999998,4.463142345222739,0.21047839104748878,0.684088888374084,,
0.8,0.816496580927726,0.8333333333333333,0.9950396825396824,0.014478641975308642,0.022444444444444444,Libras,1,20,21.0,8,160,guide=gpf | walk=plain,0.841,2,45,1.7999999999999998,7.066037120044573,0.25781661755500196,1.6504188913825115,0.7142857142857143,0.0
0.9090909090909091,0.9128709291752769,0.9166666666666667,0.9970238095238095,0.008083333333333333,0.017703703703703708,Libras,1,20,21.0,8,160,guide=gpf | walk=aligned,0.841,2,45,1.7999999999999998,9.007654829610988,0.21913477754984467,5.612422648180123,0.4166666666666667,0.2
0.9090909090909091,0.9128709291752769,0.9166666666666667,1.0,0.009151543209876543,0.0270925925925926,Libras,1,20,21.0,8,160,guide=sig | walk=aligned,0.841,2,45,1.7999999999999998,11.952377966044466,0.3265282933011896,3.29171319835477,0.18518518518518517,0.6
0.9090909090909091,0.9128709291752769,0.9166666666666667,0.9975198412698413,0.00892141975308642,0.024277777777777773,Libras,1,20,21.0,8,160,guide=dtw | walk=aligned,0.841,2,45,1.7999999999999998,7.845867282503892,0.20597020145422829,4.1561957502841285,0.625,0.6
0.9090909090909091,0.9128709291752769,0.9166666666666667,0.9990079365079365,0.01134777777777778,0.038259259259259264,Libras,2,5,14.0,12,156,none,0.841,2,45,2.0,,,,,
0.96,0.9970193674385764,0.9970238095238095,1.0,0.011896543209876542,0.04922222222222222,Libras,2,5,14.0,12,156,SMOTE-raw,0.841,2,45,2.0,2.928297969848858,0.13592443992266123,0.6594946752898333,,
0.9090909090909091,0.9128709291752769,0.9166666666666667,1.0,0.007808765432098764,0.026111111111111106,Libras,2,5,14.0,12,156,guide=gpf | walk=plain,0.841,2,45,2.0,8.738452751159317,0.1924410636423466,3.402707170609429,0.6964285714285714,0.0
0.9565217391304348,0.9574271077563381,0.9583333333333333,0.9997519841269842,0.007997098765432099,0.030351851851851862,Libras,2,5,14.0,12,156,guide=gpf | walk=aligned,0.841,2,45,2.0,9.79471664185021,0.17503655375283156,13.42921662874934,0.5416666666666666,0.2
0.96,0.9970193674385764,0.9970238095238095,1.0,0.006604197530864196,0.032037037037037044,Libras,2,5,14.0,12,156,guide=sig | walk=aligned,0.841,2,45,2.0,5.905956552488691,0.1336983878525828,6.309425549182998,0.203125,0.5
0.9166666666666666,0.9545733693437699,0.9553571428571428,0.9995039682539683,0.008333209876543209,0.03648148148148148,Libras,2,5,14.0,12,156,guide=dtw | walk=aligned,0.841,2,45,2.0,4.146323310015541,0.12157214055473242,3.646129423510607,0.609375,0.6
0.9090909090909091,0.9128709291752769,0.9166666666666667,0.9990079365079365,0.011709876543209876,0.034370370370370364,Libras,2,10,14.0,12,156,none,0.841,2,45,1.7999999999999998,,,,,
0.96,0.9970193674385764,0.9970238095238095,1.0,0.011034320987654321,0.051555555555555556,Libras,2,10,14.0,12,156,SMOTE-raw,0.841,2,45,1.7999999999999998,2.956479579716648,0.13172107784626763,0.7024066002066164,,
0.9166666666666666,0.9545733693437699,0.9553571428571428,0.9995039682539683,0.009165185185185184,0.024629629629629637,Libras,2,10,14.0,12,156,guide=gpf | walk=plain,0.841,2,45,1.7999999999999998,7.3323630978445475,0.18863508355018122,2.4192178454068984,0.6964285714285714,0.0
0.9166666666666666,0.9545733693437699,0.9553571428571428,0.9995039682539683,0.009027592592592592,0.0240925925925926,Libras,2,10,14.0,12,156,guide=gpf | walk=aligned,0.841,2,45,1.7999999999999998,7.850007133943096,0.16037318904329712,8.333902969213277,0.4431818181818182,0.2
0.96,0.9970193674385764,0.9970238095238095,1.0,0.006355432098765432,0.025703703703703704,Libras,2,10,14.0,12,156,guide=sig | walk=aligned,0.841,2,45,1.7999999999999998,5.099146480543682,0.1348757841570739,4.008288597211784,0.195,0.5
0.96,0.9970193674385764,0.9970238095238095,0.9995039682539681,0.009184012345679012,0.03924074074074073,Libras,2,10,14.0,12,156,guide=dtw | walk=aligned,0.841,2,45,1.7999999999999998,3.5075426878263603,0.10933853764804213,2.5426779685497065,0.609375,0.6
0.8,0.816496580927726,0.8333333333333333,1.0,0.016662037037037038,0.03909259259259259,Libras,2,20,21.0,8,160,none,0.841,2,45,1.7999999999999998,,,,,
0.9565217391304348,0.9574271077563381,0.9583333333333333,0.998015873015873,0.013653086419753086,0.05270370370370371,Libras,2,20,21.0,8,160,SMOTE-raw,0.841,2,45,1.7999999999999998,5.487638270799817,0.22612139091820627,0.6841863239590776,,
0.9090909090909091,0.9128709291752769,0.9166666666666667,0.9990079365079365,0.010163888888888889,0.03587037037037037,Libras,2,20,21.0,8,160,guide=gpf | walk=plain,0.841,2,45,1.7999999999999998,8.448763864060965,0.23399023214421766,1.8137462258528119,0.8333333333333334,0.0
0.9565217391304348,0.9574271077563381,0.9583333333333333,1.0,0.00660462962962963,0.028574074074074068,Libras,2,20,21.0,8,160,guide=gpf | walk=aligned,0.841,2,45,1.7999999999999998,14.072877766927949,0.21752278097438715,9.249078134091102,0.20833333333333334,0.5
0.96,0.9970193674385764,0.9970238095238095,1.0,0.007628580246913581,0.03572222222222222,Libras,2,20,21.0,8,160,guide=sig | walk=aligned,0.841,2,45,1.7999999999999998,14.394617186579882,0.32062376196586884,3.398547274809388,0.16666666666666666,0.6
0.96,0.9970193674385764,0.9970238095238095,1.0,0.008108827160493827,0.03861111111111112,Libras,2,20,21.0,8,160,guide=dtw | walk=aligned,0.841,2,45,1.7999999999999998,9.95962592010667,0.22240290702818488,4.412067254142608,0.5555555555555556,0.6
0.27450980392156865,0.40161823294666765,0.5768081928739066,0.8216343076594836,0.16869554093567252,0.11085526315789473,RacketSports,0,5,4.9,22,86,none,0.138,6,30,2.1999999999999997,,,,,
0.3880597014925373,0.5213594348787626,0.6007040751013442,0.8228077661617239,0.15946973684210528,0.07662280701754384,RacketSports,0,5,4.9,22,86,SMOTE-raw,0.138,6,30,2.1999999999999997,1.1539701240196543,0.07429111254157628,0.39615229111285155,,
0.2692307692307692,0.3997545651971831,0.5722210369106038,0.7921911670578194,0.1658550438596491,0.0649780701754386,RacketSports,0,5,4.9,22,86,guide=gpf | walk=plain,0.138,6,30,2.1999999999999997,8.472941811160595,0.24860270213935187,4.049237990029628,0.5375,0.1
0.5405405405405406,0.6466667913076702,0.6820994239385535,0.8328355024535951,0.1462918859649123,0.058092105263157896,RacketSports,0,5,4.9,22,86,guide=gpf | walk=aligned,0.138,6,30,2.1999999999999997,3.7011992599429355,0.15257105280127004,2.170429450488478,0.26875,0.2
0.5128205128205128,0.6333320232507159,0.6637508000853425,0.819180712609345,0.15833523391812862,0.10179824561403511,RacketSports,0,5,4.9,22,86,guide=sig | walk=aligned,0.138,6,30,2.1999999999999997,2.2453187747198413,0.10211515732857224,1.5666737307873169,0.38392857142857145,0.1
0.6170212765957447,0.7336875482051574,0.7362918711329208,0.8057392788564114,0.16429042397660817,0.0812061403508772,RacketSports,0,5,4.9,22,86,guide=dtw | walk=aligned,0.138,6,30,2.1999999999999997,1.334921409145064,0.053038825715583604,1.4551214552573608,0.671875,0.1
0.045454545454545456,0.15249857033260467,0.5116279069767442,0.794004693834009,0.19951805555555555,0.17506578947368423,RacketSports,0,10,9.8,11,97,none,0.138,6,30,2.0,,,,,
0.3103448275862069,0.4447258668554252,0.5771282270108812,0.7622146362278642,0.17846096491228067,0.11232456140350877,RacketSports,0,10,9.8,11,97,SMOTE-raw,0.138,6,30,2.0,1.9509500131661035,0.11655131252585849,0.49991090352951617,,
0.21818181818181817,0.3631171497375738,0.5422445060806486,0.7055685939833582,0.20598786549707607,0.16144736842105262,RacketSports,0,10,9.8,11,97,guide=gpf | walk=plain,0.138,6,30,2.0,7.935620845162354,0.23644819798513395,3.521026430252088,0.37890625,0.1
0.3448275862068966,0.4710523696671776,0.5933432899509281,0.7442927245572861,0.17941586257309944,0.10703947368421049,RacketSports,0,10,9.8,11,97,guide=gpf | walk=aligned,0.138,6,30,2.0,5.726223109704893,0.22822902016559599,1.2068952402808084,0.10104166666666667,0.6
0.4126984126984127,0.5318930128188899,0.6190526989545552,0.7402389588222743,0.17267302631578946,0.08046052631578947,RacketSports,0,10,9.8,11,97,guide=sig | walk=aligned,0.138,6,30,2.0,5.096304867534364,0.19622569007803803,2.124996558131243,0.37890625,0.2
0.4473684210526316,0.5807891014570087,0.6242799231918071,0.739065500320034,0.1803423245614035,0.07642543859649123,RacketSports,0,10,9.8,11,97,guide=dtw | walk=aligned,0.138,6,30,2.0,1.879064903787837,0.07918134940822408,1.011514787931855,0.60625,0.2
0.0,0.0,0.5,0.6558566247066354,0.2499795321637427,0.21517543859649127,RacketSports,0,20,21.6,5,103,none,0.138,6,30,1.4,,,,,
0.08333333333333333,0.21267696480596646,0.5094943460635801,0.6544698101130788,0.219615350877193,0.18008771929824566,RacketSports,0,20,21.6,5,103,SMOTE-raw,0.138,6,30,1.4,4.75298070249478,0.14839085381991568,0.3891994619105155,,
0.0,0.0,0.4954128440366973,0.6227864305525922,0.22716564327485383,0.20219298245614037,RacketSports,0,20,21.6,5,103,guide=gpf | walk=plain,0.138,6,30,1.4,17.4804995062319,0.4808732524228211,0.5010836375433674,0.17881944444444445,0.2
0.16666666666666666,0.30359484753316857,0.541924471943674,0.6044378066993813,0.2160671783625731,0.1518201754385965,RacketSports,0,20,21.6,5,103,guide=gpf | walk=aligned,0.138,6,30,1.4,2.9532461416101565,0.23538505904527185,0.043949167342224045,0.08253205128205128,0.7
0.0,0.0,0.5,0.6463622786430553,0.23355197368421052,0.2042763157894737,RacketSports,0,20,21.6,5,103,guide=sig | walk=aligned,0.138,6,30,1.4,2.9492315316520727,0.3091622166999757,0.012278163125084101,0.04876893939393939,1.2
0.25925925925925924,0.39600091807666205,0.5630467249839983,0.6353744399402602,0.20291103801169594,0.14037280701754387,RacketSports,0,20,21.6,5,103,guide=dtw | walk=aligned,0.138,6,30,1.4,2.148977633929265,0.13108364126126193,0.2314870928659256,0.321875,0.3
0.2962962962962963,0.4253539296119329,0.5792617879240453,0.8072327714956261,0.16831915204678363,0.12885964912280704,RacketSports,1,5,4.9,22,86,none,0.138,6,30,2.0,,,,,
0.5074626865671642,0.6082429303679985,0.6655643268615319,0.8544911457222104,0.14462755847953215,0.07107456140350876,RacketSports,1,5,4.9,22,86,SMOTE-raw,0.138,6,30,2.0,1.0295223427074927,0.09227483362961719,0.45232487023285484,,
0.5,0.6052540035309728,0.6609771708982292,0.84798378493706,0.14912397660818713,0.061184210526315785,RacketSports,1,5,4.9,22,86,guide=gpf | walk=plain,0.138,6,30,2.0,1.7115991106783852,0.12165986564858977,0.665460953363846,0.8958333333333334,0.0
0.5897435897435898,0.6899256769586882,0.7123959889054832,0.8591849797311714,0.14491206140350876,0.10046052631578947,RacketSports,1,5,4.9,22,86,guide=gpf | walk=aligned,0.138,6,30,2.0,0.6716506777558156,0.048684065639853835,0.9481268332127888,0.38392857142857145,0.2
0.7209302325581395,0.8009755093562075,0.8054192447194367,0.89310859825048,0.13002258771929823,0.113530701754386,RacketSports,1,5,4.9,22,86,guide=sig | walk=aligned,0.138,6,30,2.0,0.4956914280952418,0.035743602905703886,1.177452430406546,0.4479166666666667,0.1
0.5952380952380952,0.7043102386808291,0.7173031790057607,0.8399829315126947,0.1478551169590643,0.10333333333333335,RacketSports,1,5,4.9,22,86,guide=dtw | walk=aligned,0.138,6,30,2.0,0.5514791133007808,0.03677881985187159,0.966292537350294,0.671875,0.1
0.045454545454545456,0.15249857033260467,0.5116279069767442,0.7109024962662684,0.21832807017543862,0.1867543859649123,RacketSports,1,10,9.8,11,97,none,0.138,6,30,2.1999999999999997,,,,,
0.25,0.3922113484323592,0.5538724130573928,0.7330915297631747,0.18595263157894734,0.1332017543859649,RacketSports,1,10,9.8,11,97,SMOTE-raw,0.138,6,30,2.1999999999999997,1.4085642686474245,0.08368098573275862,0.4115979357712226,,
0.08333333333333333,0.21267696480596646,0.5094943460635801,0.6868999359931727,0.21899298245614038,0.1790350877192982,RacketSports,1,10,9.8,11,97,guide=gpf | walk=plain,0.138,6,30,2.1999999999999997,24.89181832710443,0.494959810109285,7.39005581271425,0.37890625,0.1
0.2545454545454545,0.39411068810468003,0.5584595690206956,0.7048218476637508,0.2002468567251462,0.13265350877192983,RacketSports,1,10,9.8,11,97,guide=gpf | walk=aligned,0.138,6,30,2.1999999999999997,12.637987151251435,0.34630890839840955,4.043719668832624,0.10104166666666667,0.6
0.417910447761194,0.5437936580767931,0.6169191380413911,0.7266908470236826,0.1816578947368421,0.07425438596491228,RacketSports,1,10,9.8,11,97,guide=sig | walk=aligned,0.138,6,30,2.1999999999999997,4.1536236818499805,0.176468505083067,1.9736831790104457,0.2526041666666667,0.2
0.5294117647058824,0.6258768118862716,0.6771922338382761,0.7745892895242158,0.16415021929824558,0.10835526315789475,RacketSports,1,10,9.8,11,97,guide=dtw | walk=aligned,0.138,6,30,2.1999999999999997,3.751628071000157,0.1498791579881641,0.9876777008323216,0.5052083333333334,0.2
0.045454545454545456,0.15249857033260467,0.5116279069767442,0.7020482184766375,0.22923567251461988,0.21807017543859644,RacketSports,1,20,21.6,5,103,none,0.138,6,30,1.5999999999999999,,,,,
0.13043478260869565,0.26413527189768715,0.5348837209302325,0.8140601664177513,0.20718194444444443,0.20160087719298245,RacketSports,1,20,21.6,5,103,SMOTE-raw,0.138,6,30,1.5999999999999999,3.14019993561417,0.17869675411076424,0.39745835360531323,,
0.045454545454545456,0.15249857033260467,0.5116279069767442,0.7959248986558566,0.19618179824561402,0.18655701754385964,RacketSports,1,20,21.6,5,103,guide=gpf | walk=plain,0.138,6,30,1.5999999999999999,8.432182041466895,0.3003976521801428,1.4757582324259622,0.5364583333333334,0.1
0.20833333333333334,0.34099716973523675,0.5581395348837209,0.7976317473863879,0.18085899122807017,0.14638157894736842,RacketSports,1,20,21.6,5,103,guide=gpf | walk=aligned,0.138,6,30,1.5999999999999999,6.2837744447262445,0.27146748565875545,0.9401117258877358,0.04876893939393939,1.2
0.37735849056603776,0.4822428221704121,0.6162790697674418,0.7915510987838702,0.16006951754385965,0.12278508771929826,RacketSports,1,20,21.6,5,103,guide=sig | walk=aligned,0.138,6,30,1.5999999999999999,3.2553123488249938,0.14221614705546926,1.008421145143643,0.10729166666666666,0.6
0.39285714285714285,0.501118867614672,0.6187326648175806,0.8151269468743332,0.1542282894736842,0.06449561403508772,RacketSports,1,20,21.6,5,103,guide=dtw | walk=aligned,0.138,6,30,1.5999999999999999,1.8290288733694382,0.12196758845302247,0.4449614726455848,0.45982142857142855,0.2
0.4074074074074074,0.5057805388588732,0.627906976744186,0.9012161297205036,0.13473084795321638,0.09938596491228072,RacketSports,2,5,4.9,22,86,none,0.138,6,30,2.1999999999999997,,,,,
0.6486486486486487,0.7227002916441674,0.7469596756987412,0.9014294858118198,0.12056461988304093,0.09350877192982457,RacketSports,2,5,4.9,22,86,SMOTE-raw,0.138,6,30,2.1999999999999997,1.3937551369405146,0.08404093776101262,0.5021789456443215,,
0.6388888888888888,0.7109434438326078,0.7399189246852997,0.8843609985065073,0.12670847953216374,0.12210526315789474,RacketSports,2,5,4.9,22,86,guide=gpf | walk=plain,0.138,6,30,2.1999999999999997,2.6216373288768313,0.0864846840455954,2.255914675823883,0.4479166666666667,0.1
0.6987951807228916,0.7786899328495449,0.7867505867292511,0.8838276082782163,0.12600160818713452,0.0732017543859649,RacketSports,2,5,4.9,22,86,guide=gpf | walk=aligned,0.138,6,30,2.1999999999999997,1.446413838699863,0.048140180466300087,1.3638866235187015,0.24431818181818182,0.2
0.6966292134831461,0.7884920101662477,0.7916577768295285,0.9063366759120973,0.12412953216374269,0.11570175438596493,RacketSports,2,5,4.9,22,86,guide=sig | walk=aligned,0.138,6,30,2.1999999999999997,0.9728982257641992,0.033070975351413234,4.3899584133423435,0.38392857142857145,0.2
0.6956521739130435,0.7925404297797699,0.7941113718796672,0.8959889054832516,0.1293813596491228,0.12212719298245615,RacketSports,2,5,4.9,22,86,guide=dtw | walk=aligned,0.138,6,30,2.1999999999999997,0.6819429686546172,0.03167493288710865,0.9431660567207804,0.671875,0.1
0.0,0.0,0.5,0.7584809046298272,0.21914627192982453,0.1904605263157895,RacketSports,2,10,9.8,11,97,none,0.138,6,30,2.0,,,,,
0.3448275862068966,0.4710523696671776,0.5933432899509281,0.7965649669298058,0.17000884502923974,0.10563596491228068,RacketSports,2,10,9.8,11,97,SMOTE-raw,0.138,6,30,2.0,1.5662452116194192,0.1069730252486848,0.31665936055251087,,
0.21052631578947367,0.3595744586837929,0.5330701941540431,0.7331982078088329,0.19876608187134504,0.1475,RacketSports,2,10,9.8,11,97,guide=gpf | walk=plain,0.138,6,30,2.0,12.124100347470536,0.30781906183635155,4.228158838269384,0.37890625,0.1
0.22641509433962265,0.3666256094837572,0.5514188180072541,0.7427992319180712,0.19198720760233917,0.12822368421052632,RacketSports,2,10,9.8,11,97,guide=gpf | walk=aligned,0.138,6,30,2.0,7.154095265458386,0.30505571902007655,0.831412182570791,0.08192567567567567,0.8
0.3939393939393939,0.5240126806902824,0.6052912310646469,0.8169404736505227,0.1576925438596491,0.10776315789473684,RacketSports,2,10,9.8,11,97,guide=sig | walk=aligned,0.138,6,30,2.0,3.6832567229186726,0.15754439747502225,1.9906101557555118,0.3368055555555556,0.2
0.5555555555555556,0.6532321047168564,0.691273735865159,0.7951781523362491,0.16206929824561403,0.06508771929824562,RacketSports,2,10,9.8,11,97,guide=dtw | walk=aligned,0.138,6,30,2.0,1.8855113027190384,0.07936070223311298,0.8861627445318327,0.5052083333333334,0.2
0.0,0.0,0.5,0.7701088116065714,0.2349824561403509,0.20824561403508776,RacketSports,2,20,21.6,5,103,none,0.138,6,30,1.4,,,,,
0.16326530612244897,0.3021860471355721,0.5373373159803713,0.8357158096863665,0.18897551169590643,0.1619078947368421,RacketSports,2,20,21.6,5,103,SMOTE-raw,0.138,6,30,1.4,3.0869802395575423,0.17723675634670055,0.31436419475966115,,
0.1276595744680851,0.26292085042178737,0.5302965649669298,0.7077021548965222,0.21307960526315792,0.15655701754385964,RacketSports,2,20,21.6,5,103,guide=gpf | walk=plain,0.138,6,30,1.4,10.76302325978598,0.48178526542569544,0.31417177617837194,0.13994565217391305,0.2
0.0,0.0,0.5,0.7366119052698954,0.23819459064327483,0.20482456140350877,RacketSports,2,20,21.6,5,103,guide=gpf | walk=aligned,0.138,6,30,1.4,7.83965242159041,0.6548092740800173,0.0260900965155389,0.04876893939393939,1.2
0.0,0.0,0.5,0.7278643055259229,0.23919766081871346,0.21368421052631575,RacketSports,2,20,21.6,5,103,guide=sig | walk=aligned,0.138,6,30,1.4,8.137973871037806,0.6457199574056296,0.02854824532604619,0.04876893939393939,1.2
0.5428571428571428,0.6398674387997761,0.6842329848517175,0.8597183699594624,0.1426047514619883,0.12146929824561405,RacketSports,2,20,21.6,5,103,guide=dtw | walk=aligned,0.138,6,30,1.4,1.3770380946095298,0.14270906391734028,0.07642940565668858,0.5364583333333334,0.2
0.8857142857142857,0.9062267870482649,0.909017928819909,0.9909017928819909,0.038832286634460554,0.06910628019323675,Epilepsy,0,5,5.0,20,80,none,0.045,3,206,2.0,,,,,
0.8533333333333334,0.901935005463705,0.9027294621354027,0.9866202836499866,0.04068727858293075,0.04859903381642513,Epilepsy,0,5,5.0,20,80,SMOTE-raw,0.045,3,206,2.0,0.23805924816700208,0.08173127837544525,0.5851523048554492,,
0.8888888888888888,0.9160653958494662,0.9175809472839176,0.9905004013914905,0.0341,0.046038647342995134,Epilepsy,0,5,5.0,20,80,guide=gpf | walk=plain,0.045,3,206,2.0,0.23101021394742882,0.0740665410452841,1.431238282683787,0.625,0.0
0.8974358974358975,0.9432662070040937,0.9432700026759433,0.9905004013914905,0.03704766505636071,0.043381642512077274,Epilepsy,0,5,5.0,20,80,guide=gpf | walk=aligned,0.045,3,206,2.0,0.1503312866680584,0.06057475713960192,1.3058144794827415,0.8333333333333334,0.3
0.8974358974358975,0.9432662070040937,0.9432700026759433,0.9859512978324859,0.0428829307568438,0.05256038647342996,Epilepsy,0,5,5.0,20,80,guide=sig | walk=aligned,0.045,3,206,2.0,0.25234740336689954,0.09669237788139018,2.016873569567924,0.8333333333333334,0.3
0.9230769230769231,0.9616683389365197,0.9617340112389617,0.9938453304789938,0.03447874396135266,0.053526570048309165,Epilepsy,0,5,5.0,20,80,guide=dtw | walk=aligned,0.045,3,206,2.0,0.34298722357487965,0.12284498654187814,1.4317461463274292,0.8333333333333334,2.6
0.8064516129032258,0.8219949365267865,0.8378378378378378,0.9761841048969762,0.0649073268921095,0.07992753623188405,Epilepsy,0,10,10.0,10,90,none,0.045,3,206,2.0,,,,,
0.8656716417910447,0.8809219876361221,0.8869413968423869,0.9799304254749799,0.05297858293075684,0.04579710144927539,Epilepsy,0,10,10.0,10,90,SMOTE-raw,0.045,3,206,2.0,0.24830455949542674,0.09410482139029086,0.6321906596774564,,
0.8405797101449275,0.8720682756153674,0.877040406743377,0.9882258496119882,0.04347818035426731,0.058816425120772974,Epilepsy,0,10,10.0,10,90,guide=gpf | walk=plain,0.045,3,206,2.0,0.19965207631754622,0.07294352298274431,1.4678513774745832,0.703125,0.0
0.9041095890410958,0.9302688071298884,0.9310944607974311,0.9882258496119882,0.04106352657004831,0.05272946859903382,Epilepsy,0,10,10.0,10,90,guide=gpf | walk=aligned,0.045,3,206,2.0,0.13932202732540988,0.06400722065877285,1.3503284070626818,0.9375,0.3
0.8974358974358975,0.9432662070040937,0.9432700026759433,0.9826063687449826,0.04332399355877616,0.05507246376811597,Epilepsy,0,10,10.0,10,90,guide=sig | walk=aligned,0.045,3,206,2.0,0.13282931854779734,0.060994193544688824,1.5023529765582975,0.703125,0.5
0.8169014084507042,0.8631237491627403,0.8671394166443671,0.9648113459994648,0.0704436392914654,0.05101449275362321,Epilepsy,0,10,10.0,10,90,guide=dtw | walk=aligned,0.045,3,206,2.0,0.9684284474394131,0.3403895238064736,0.723639743507476,0.5625,4.0
0.5660377358490566,0.6335546468146228,0.6977522076531978,0.9178485416109179,0.12248679549114332,0.11840579710144926,Epilepsy,0,20,20.0,5,95,none,0.045,3,206,1.5999999999999999,,,,,
0.6557377049180327,0.7205088440682177,0.7504682900722505,0.9413968423869414,0.10853615136876008,0.10427536231884059,Epilepsy,0,20,20.0,5,95,SMOTE-raw,0.045,3,206,1.5999999999999999,0.6492776996863996,0.24191798216214716,0.550023018071741,,
0.8450704225352113,0.8824395115648317,0.8856034252073857,0.9755151190794755,0.05625644122383253,0.03867149758454107,Epilepsy,0,20,20.0,5,95,guide=gpf | walk=plain,0.045,3,206,1.5999999999999999,1.1392007106587836,0.31754405256166884,2.0570855811734434,0.9895833333333334,0.0
0.8,0.8481117561835346,0.8536259031308536,0.9558469360449559,0.07159863123993558,0.0430193236714976,Epilepsy,0,20,20.0,5,95,guide=gpf | walk=aligned,0.045,3,206,1.5999999999999999,0.5307769571086278,0.16405247472388151,2.406453249915135,0.7421875,0.3
0.8055555555555556,0.8586165447309626,0.8621889215948622,0.9705646240299706,0.06542818035426731,0.06425120772946857,Epilepsy,0,20,20.0,5,95,guide=sig | walk=aligned,0.045,3,206,1.5999999999999999,0.4686195862820344,0.17159950338880636,1.4433413131318757,0.7421875,0.4
0.7647058823529411,0.817260937640279,0.8265988761038265,0.939122290607439,0.09166650563607086,0.08917874396135266,Epilepsy,0,20,20.0,5,95,guide=dtw | walk=aligned,0.045,3,206,1.5999999999999999,0.6725695466995543,0.21937973837593094,1.3375463347335885,0.7421875,3.0
0.8059701492537313,0.8414597965694547,0.85001337971635,0.9862188921594861,0.0471194041867955,0.07282608695652176,Epilepsy,1,5,5.0,20,80,none,0.045,3,206,2.0,,,,,
0.8493150684931506,0.8923904510654496,0.8941664436713941,0.9828739630719828,0.04817246376811595,0.061014492753623195,Epilepsy,1,5,5.0,20,80,SMOTE-raw,0.045,3,206,2.0,0.4457728379117265,0.1451678691703454,0.5178748109787022,,
0.918918918918919,0.9442585967651508,0.9446079743109446,0.9943805191329944,0.028265217391304345,0.043236714975845435,Epilepsy,1,5,5.0,20,80,guide=gpf | walk=plain,0.045,3,206,2.0,0.13674279262068856,0.0508680633689208,1.160129226441062,0.8333333333333334,0.0
0.9066666666666666,0.9394285978438609,0.9396574792614396,0.9859512978324859,0.039654186795491146,0.053405797101449305,Epilepsy,1,5,5.0,20,80,guide=gpf | walk=aligned,0.045,3,206,2.0,0.5674641602336385,0.17953381188046946,1.0453389308950525,0.8333333333333334,0.3
0.8493150684931506,0.8923904510654496,0.8941664436713941,0.9784586566764785,0.05779404186795492,0.07990338164251207,Epilepsy,1,5,5.0,20,80,guide=sig | walk=aligned,0.045,3,206,2.0,0.686173811866067,0.20913077651430645,0.933672344659913,0.8333333333333334,0.3
0.8648648648648649,0.906669604952555,0.9076799571849077,0.9894300240834895,0.03898107890499195,0.054227053140096626,Epilepsy,1,5,5.0,20,80,guide=dtw | walk=aligned,0.045,3,206,2.0,0.6772166699442757,0.21033421921052564,0.9182797634752954,0.8333333333333334,2.7
0.6885245901639344,0.7420977866605928,0.7689322986352689,0.9652127374899653,0.08357592592592593,0.09403381642512079,Epilepsy,1,10,10.0,10,90,none,0.045,3,206,1.5999999999999999,,,,,
0.7076923076923077,0.768666555807257,0.786058335563286,0.9641423601819642,0.07485523349436392,0.07942028985507246,Epilepsy,1,10,10.0,10,90,SMOTE-raw,0.045,3,206,1.5999999999999999,0.5337259892623913,0.19100491791812013,0.5014744602994282,,
0.8333333333333334,0.8778790701234258,0.8806529301578807,0.9775220765319775,0.057039774557165863,0.05019323671497585,Epilepsy,1,10,10.0,10,90,guide=gpf | walk=plain,0.045,3,206,1.5999999999999999,0.3230614181090401,0.11429630668353385,1.0523661542109208,0.9375,0.0
0.746268656716418,0.8013902824470998,0.813085362590313,0.9676210864329676,0.07334935587761675,0.0673671497584541,Epilepsy,1,10,10.0,10,90,guide=gpf | walk=aligned,0.045,3,206,1.5999999999999999,0.8581740915504021,0.2730058577226082,0.8297537982030979,0.9375,0.3
0.7647058823529411,0.817260937640279,0.8265988761038265,0.9550441530639551,0.08401368760064412,0.06623188405797101,Epilepsy,1,10,10.0,10,90,guide=sig | walk=aligned,0.045,3,206,1.5999999999999999,0.7419717747301238,0.22758037068731873,0.9251610346530588,0.5625,0.6
0.7536231884057971,0.8129932273338204,0.8216483810543216,0.9464811345999464,0.08968236714975845,0.06524154589371982,Epilepsy,1,10,10.0,10,90,guide=dtw | walk=aligned,0.045,3,206,1.5999999999999999,0.9996494355085546,0.3256369562928678,0.9099733786423571,0.703125,3.2
0.391304347826087,0.4931969619160719,0.6216216216216216,0.9502274551779502,0.12751481481481483,0.1554106280193237,Epilepsy,1,20,20.0,5,95,none,0.045,3,206,1.5999999999999999,,,,,
0.8253968253968254,0.8382736442849095,0.8513513513513513,0.9668183034519668,0.0627268115942029,0.06364734299516905,Epilepsy,1,20,20.0,5,95,SMOTE-raw,0.045,3,206,1.5999999999999999,1.1695406568283935,0.2673245070933664,0.45167071875102094,,
0.8656716417910447,0.8809219876361221,0.8869413968423869,0.9836767460529836,0.04532922705314009,0.03842995169082128,Epilepsy,1,20,20.0,5,95,guide=gpf | walk=plain,0.045,3,206,1.5999999999999999,1.5821893170784782,0.29209981755843306,1.1042825460086618,0.7421875,0.0
0.8285714285714286,0.8676075390703752,0.8720899116938721,0.9698956382124698,0.059031884057971024,0.040338164251207724,Epilepsy,1,20,20.0,5,95,guide=gpf | walk=aligned,0.045,3,206,1.5999999999999999,0.4695042049325435,0.10028183599987217,0.8557606292713726,0.59375,0.5
0.8450704225352113,0.8824395115648317,0.8856034252073857,0.9740433502809741,0.05797914653784218,0.035241545893719806,Epilepsy,1,20,20.0,5,95,guide=sig | walk=aligned,0.045,3,206,1.5999999999999999,0.5569546179779641,0.11039193781760082,0.7828193589785829,0.3298611111111111,0.9
0.8055555555555556,0.8586165447309626,0.8621889215948622,0.9636071715279636,0.06942133655394525,0.04823671497584541,Epilepsy,1,20,20.0,5,95,guide=dtw | walk=aligned,0.045,3,206,1.5999999999999999,0.5234538720503958,0.15105773021824032,0.5263964423940657,0.7421875,3.0
0.8823529411764706,0.8959815740297358,0.9004549103559005,0.9941129248059941,0.03944202898550725,0.06734299516908213,Epilepsy,2,5,5.0,20,80,none,0.045,3,206,2.1999999999999997,,,,,
0.9090909090909091,0.9482177696715555,0.9482204977254483,0.9911693872089911,0.03529822866344605,0.04183574879227053,Epilepsy,2,5,5.0,20,80,SMOTE-raw,0.045,3,206,2.1999999999999997,0.33631075339190186,0.1290291495964626,0.5994463737611011,,
0.9473684210526315,0.9716340801232448,0.9716350013379716,0.9914369815359914,0.030920370370370372,0.037850241545893726,Epilepsy,2,5,5.0,20,80,guide=gpf | walk=plain,0.045,3,206,2.1999999999999997,0.1927499877337122,0.07146451403813481,1.4874710041744303,0.8333333333333334,0.0
0.8974358974358975,0.9432662070040937,0.9432700026759433,0.9834091517259834,0.04497971014492754,0.07188405797101452,Epilepsy,2,5,5.0,20,80,guide=gpf | walk=aligned,0.045,3,206,2.1999999999999997,0.18303006053457405,0.07666081124001456,1.0252818527683034,0.8333333333333334,0.3
0.8974358974358975,0.9432662070040937,0.9432700026759433,0.9847471233609847,0.043336876006441226,0.06091787439613529,Epilepsy,2,5,5.0,20,80,guide=sig | walk=aligned,0.045,3,206,2.1999999999999997,0.20611188612781195,0.09093800026649523,1.5065313531760618,0.8333333333333334,0.3
0.9113924050632911,0.9566465378293674,0.9567835161894568,0.9946481134599946,0.03269541062801932,0.05596618357487918,Epilepsy,2,5,5.0,20,80,guide=dtw | walk=aligned,0.045,3,206,2.1999999999999997,0.3066553293277692,0.10702014655662373,2.0912836113790654,0.8333333333333334,2.6
0.7419354838709677,0.7805845774671758,0.8009098207118008,0.971902595664972,0.08257826086956521,0.08323671497584542,Epilepsy,2,10,10.0,10,90,none,0.045,3,206,2.1999999999999997,,,,,
0.75,0.7933359043334857,0.8094728391758095,0.9772544822049772,0.07228582930756844,0.07207729468599035,Epilepsy,2,10,10.0,10,90,SMOTE-raw,0.045,3,206,2.1999999999999997,0.4904496039208406,0.15386205792104168,0.5031761495560108,,
0.8285714285714286,0.8676075390703752,0.8720899116938721,0.9854161091784854,0.05075491143317231,0.05487922705314011,Epilepsy,2,10,10.0,10,90,guide=gpf | walk=plain,0.045,3,206,2.1999999999999997,0.23714534122226127,0.084334726399931,0.5994419045300219,0.5625,0.1
0.8533333333333334,0.901935005463705,0.9027294621354027,0.9876906609579876,0.04410008051529791,0.06210144927536232,Epilepsy,2,10,10.0,10,90,guide=gpf | walk=aligned,0.045,3,206,2.1999999999999997,0.26861763344087675,0.0849404590182875,0.8278709586519075,0.9375,0.3
0.7887323943661971,0.8436829438958168,0.8486754080813487,0.9748461332619749,0.06542399355877615,0.07642512077294683,Epilepsy,2,10,10.0,10,90,guide=sig | walk=aligned,0.045,3,206,2.1999999999999997,0.3073366528803414,0.09700831236122054,0.6025472911201185,0.5625,0.6
0.8767123287671232,0.9113796086202668,0.9126304522344126,0.9814021942734814,0.053821819645732696,0.07591787439613527,Epilepsy,2,10,10.0,10,90,guide=dtw | walk=aligned,0.045,3,206,2.1999999999999997,0.6195027676518186,0.20431069558403414,1.623843491400361,0.5625,3.9
0.49056603773584906,0.5838794161454409,0.6608241905271608,0.9404602622424404,0.11689186795491144,0.1339855072463768,Epilepsy,2,20,20.0,5,95,none,0.045,3,206,1.5999999999999999,,,,,
0.6206896551724138,0.6870490468870997,0.7283917580947283,0.9535723842654537,0.10819806763285024,0.10787439613526568,Epilepsy,2,20,20.0,5,95,SMOTE-raw,0.045,3,206,1.5999999999999999,0.6525092522664588,0.21823392403015984,0.5263127774712287,,
0.835820895522388,0.8612615598322857,0.8684773882793685,0.9878244581214878,0.044231320450885674,0.06330917874396134,Epilepsy,2,20,20.0,5,95,guide=gpf | walk=plain,0.045,3,206,1.5999999999999999,0.5317160504640486,0.17734214144588056,1.3475596751740506,0.9895833333333334,0.0
0.8,0.8299324054998026,0.8414503612523414,0.9693604495584693,0.07503293075684381,0.07181159420289852,Epilepsy,2,20,20.0,5,95,guide=gpf | walk=aligned,0.045,3,206,1.5999999999999999,0.8775710565625332,0.26856295427270116,1.2282546819346423,0.9895833333333334,0.2
0.7575757575757576,0.8055533768631653,0.818035857639818,0.9652127374899652,0.08235515297906604,0.08055555555555553,Epilepsy,2,20,20.0,5,95,guide=sig | walk=aligned,0.045,3,206,1.5999999999999999,0.8025045669635953,0.2537281259335964,0.5448720627534088,0.4947916666666667,0.6
0.7301587301587301,0.776632225096669,0.7959593256622959,0.9565159218624565,0.09143848631239937,0.08637681159420293,Epilepsy,2,20,20.0,5,95,guide=dtw | walk=aligned,0.045,3,206,1.5999999999999999,1.08734965132232,0.3287711727463191,0.713109705679105,0.59375,3.7
0.9310344827586207,0.9455157322858251,0.9466666666666667,0.9908888888888889,0.02831611111111111,0.06209259259259259,NATOPS,0,5,5.0,30,120,none,0.715,24,51,2.1999999999999997,,,,,
0.8813559322033898,0.9215928240461366,0.9233333333333333,0.9846666666666667,0.03450913580246914,0.0414074074074074,NATOPS,0,5,5.0,30,120,SMOTE-raw,0.715,24,51,2.1999999999999997,0.6511561796644729,0.08881383341467453,0.6881414134025718,,
0.8928571428571429,0.9098229375970788,0.9133333333333333,0.9956666666666667,0.019881296296296293,0.04775925925925925,NATOPS,0,5,5.0,30,120,guide=gpf | walk=plain,0.715,24,51,2.1999999999999997,3.342674500807642,0.08462301210060763,10.0947449224393,0.75,0.7
0.9666666666666667,0.9799092928543041,0.98,0.9971111111111111,0.01506796296296296,0.03861111111111112,NATOPS,0,5,5.0,30,120,guide=gpf | walk=aligned,0.715,24,51,2.1999999999999997,0.45838087761317503,0.05754096616655047,2.6575357526580485,0.75,0.8
0.9666666666666667,0.9799092928543041,0.98,0.9981111111111112,0.015497530864197532,0.04666666666666668,NATOPS,0,5,5.0,30,120,guide=sig | walk=aligned,0.715,24,51,2.1999999999999997,1.0170098210404515,0.07025997525896466,2.3083966257926343,0.9375,0.3
0.9206349206349206,0.9699942726062298,0.97,0.9979999999999999,0.01878246913580247,0.04829629629629626,NATOPS,0,5,5.0,30,120,guide=dtw | walk=aligned,0.715,24,51,2.1999999999999997,0.3967050733392474,0.03635586747598396,2.1215935559317978,0.75,1.0
0.6666666666666666,0.7071067811865476,0.75,0.9755555555555555,0.05245074074074075,0.060148148148148145,NATOPS,0,10,10.0,15,135,none,0.715,24,51,2.1999999999999997,,,,,
0.8928571428571429,0.9098229375970788,0.9133333333333333,0.994,0.02898098765432099,0.04848148148148147,NATOPS,0,10,10.0,15,135,SMOTE-raw,0.715,24,51,2.1999999999999997,0.8602940073794088,0.08518469593187428,0.6711206906446882,,
0.9285714285714286,0.9309493362512627,0.9333333333333333,0.9878888888888888,0.02422006172839506,0.04398148148148148,NATOPS,0,10,10.0,15,135,guide=gpf | walk=plain,0.715,24,51,2.1999999999999997,5.911252957072833,0.1158836214554606,12.94684350293182,0.84375,0.7
0.9090909090909091,0.9128709291752769,0.9166666666666667,0.9916666666666667,0.019550308641975312,0.03312962962962964,NATOPS,0,10,10.0,15,135,guide=gpf | walk=aligned,0.715,24,51,2.1999999999999997,1.4067617239781,0.07942305511558545,0.9704558287336938,0.84375,0.8
0.9491525423728814,0.9628660919936433,0.9633333333333334,0.9957777777777778,0.017964629629629626,0.04246296296296296,NATOPS,0,10,10.0,15,135,guide=sig | walk=aligned,0.715,24,51,2.1999999999999997,1.281654890617192,0.08171947722224415,0.8969739944638147,0.703125,0.4
0.9666666666666667,0.9799092928543041,0.98,0.996,0.015680802469135804,0.04164814814814813,NATOPS,0,10,10.0,15,135,guide=dtw | walk=aligned,0.715,24,51,2.1999999999999997,0.6642155404423882,0.03783896000461173,1.3538217233952448,0.84375,1.0
0.5365853658536586,0.6055300708194983,0.6833333333333333,0.9822222222222223,0.06294987654320988,0.08596296296296295,NATOPS,0,20,18.8,8,142,none,0.715,24,51,1.7999999999999998,,,,,
0.7547169811320755,0.8082903768654761,0.8233333333333333,0.9536666666666667,0.06158611111111111,0.046240740740740735,NATOPS,0,20,18.8,8,142,SMOTE-raw,0.715,24,51,1.7999999999999998,2.748159675317309,0.25119201559425164,0.605259857008698,,
0.9310344827586207,0.9455157322858251,0.9466666666666667,0.9955555555555555,0.025527345679012346,0.05375925925925927,NATOPS,0,20,18.8,8,142,guide=gpf | walk=plain,0.715,24,51,1.7999999999999998,2.116816413996993,0.15140007851354276,1.7996211961300879,0.6339285714285714,1.0
0.9310344827586207,0.9455157322858251,0.9466666666666667,0.9947777777777778,0.021726543209876544,0.04677777777777778,NATOPS,0,20,18.8,8,142,guide=gpf | walk=aligned,0.715,24,51,1.7999999999999998,2.957750255057304,0.26782850915068146,0.6804769057626517,0.4034090909090909,1.6
0.9310344827586207,0.9455157322858251,0.9466666666666667,0.9957777777777778,0.021777901234567902,0.04659259259259259,NATOPS,0,20,18.8,8,142,guide=sig | walk=aligned,0.715,24,51,1.7999999999999998,2.4986888577070268,0.26485914871769134,0.6431753028702376,0.5546875,0.4
0.9122807017543859,0.927840982544363,0.9299999999999999,0.9946666666666666,0.025778518518518517,0.04733333333333333,NATOPS,0,20,18.8,8,142,guide=dtw | walk=aligned,0.715,24,51,1.7999999999999998,2.0454822246579507,0.2005245149135635,0.6261278127413115,0.8875,0.9
0.8727272727272727,0.8914407813571615,0.8966666666666667,0.9905555555555556,0.02892160493827161,0.06581481481481483,NATOPS,1,5,5.0,30,120,none,0.715,24,51,2.1999999999999997,,,,,
0.8771929824561403,0.9067647005823629,0.91,0.9886666666666667,0.03135753086419753,0.03177777777777777,NATOPS,1,5,5.0,30,120,SMOTE-raw,0.715,24,51,2.1999999999999997,0.5949950493120859,0.09032701805860222,0.6596110019213178,,
0.9666666666666667,0.9799092928543041,0.98,0.9968888888888889,0.017112716049382713,0.04507407407407409,NATOPS,1,5,5.0,30,120,guide=gpf | walk=plain,0.715,24,51,2.1999999999999997,1.3528842793956022,0.04039590310518304,6.116797756480887,0.75,0.8
0.9666666666666667,0.9799092928543041,0.98,0.9976666666666667,0.013514691358024692,0.0374814814814815,NATOPS,1,5,5.0,30,120,guide=gpf | walk=aligned,0.715,24,51,2.1999999999999997,0.4587989363040963,0.06777962030253926,0.7805806964914141,0.75,0.8
0.9666666666666667,0.9799092928543041,0.98,0.9961111111111111,0.01637561728395062,0.04194444444444448,NATOPS,1,5,5.0,30,120,guide=sig | walk=aligned,0.715,24,51,2.1999999999999997,0.7671572685238681,0.06794487043683484,1.3447663347674648,0.75,0.3
0.9206349206349206,0.9699942726062298,0.97,0.9964444444444445,0.019504876543209877,0.05494444444444447,NATOPS,1,5,5.0,30,120,guide=dtw | walk=aligned,0.715,24,51,2.1999999999999997,0.3815555731127276,0.04629753530922576,1.4945382346780345,0.9375,0.8
0.8,0.816496580927726,0.8333333333333333,0.9837777777777778,0.04413524691358024,0.06642592592592593,NATOPS,1,10,10.0,15,135,none,0.715,24,51,2.0,,,,,
0.8301886792452831,0.8534895690308373,0.8633333333333333,0.979,0.04611722222222222,0.0387962962962963,NATOPS,1,10,10.0,15,135,SMOTE-raw,0.715,24,51,2.0,0.9226132976617887,0.1120375300322839,0.6319210057479304,,
0.9491525423728814,0.9628660919936433,0.9633333333333334,0.9967777777777778,0.01600253086419753,0.04401851851851854,NATOPS,1,10,10.0,15,135,guide=gpf | walk=plain,0.715,24,51,2.0,1.0295327119131379,0.039975081994413686,5.536208827289454,0.84375,0.8
0.9666666666666667,0.9799092928543041,0.98,0.9973333333333333,0.015061358024691357,0.040999999999999995,NATOPS,1,10,10.0,15,135,guide=gpf | walk=aligned,0.715,24,51,2.0,0.4842005983507045,0.06669898558977816,0.8737679544033579,0.84375,0.8
0.9666666666666667,0.9799092928543041,0.98,0.9984444444444444,0.013598641975308641,0.046111111111111096,NATOPS,1,10,10.0,15,135,guide=sig | walk=aligned,0.715,24,51,2.0,0.6463354906793279,0.10080426570292722,0.8186692352539101,0.84375,0.3
0.9508196721311475,0.9766154707855993,0.9766666666666667,0.9966666666666667,0.015779876543209875,0.04270370370370371,NATOPS,1,10,10.0,15,135,guide=dtw | walk=aligned,0.715,24,51,2.0,0.36919979437600237,0.053258669708312056,1.0756438586952635,0.84375,0.9
0.3684210526315789,0.48143304599682163,0.6133333333333333,0.888888888888889,0.09374308641975308,0.05414814814814813,NATOPS,1,20,18.8,8,142,none,0.715,24,51,1.7999999999999998,,,,,
0.7450980392156863,0.7904991390816873,0.81,0.9196666666666666,0.06408993827160495,0.059092592592592606,NATOPS,1,20,18.8,8,142,SMOTE-raw,0.715,24,51,1.7999999999999998,1.4488901773883445,0.10920381429004611,0.611684745143189,,
0.6666666666666666,0.7254117604658903,0.76,0.9347777777777777,0.06379969135802468,0.05920370370370371,NATOPS,1,20,18.8,8,142,guide=gpf | walk=plain,0.715,24,51,1.7999999999999998,8.225720957739037,0.22380552827230638,2.357541154199023,0.34134615384615385,1.7
0.5238095238095238,0.603508261933689,0.6799999999999999,0.9044444444444445,0.0788143827160494,0.04016666666666666,NATOPS,1,20,18.8,8,142,guide=gpf | walk=aligned,0.715,24,51,1.7999999999999998,5.551757394004872,0.32936049141428336,0.290275073107102,0.4034090909090909,1.7
0.72,0.7694153624668538,0.7933333333333333,0.9542222222222223,0.05405549382716049,0.05112962962962962,NATOPS,1,20,18.8,8,142,guide=sig | walk=aligned,0.715,24,51,1.7999999999999998,2.5463279162110393,0.14191803994168695,0.519964363889168,0.6339285714285714,0.4
0.7931034482758621,0.8608781046763305,0.8666666666666667,0.9193333333333333,0.06116555555555557,0.08377777777777781,NATOPS,1,20,18.8,8,142,guide=dtw | walk=aligned,0.715,24,51,1.7999999999999998,2.028673909119366,0.14715861007862907,0.41243495501586425,0.8875,0.9
0.8928571428571429,0.9098229375970788,0.9133333333333333,0.9932222222222222,0.026657530864197535,0.05566666666666668,NATOPS,2,5,5.0,30,120,none,0.715,24,51,2.1999999999999997,,,,,
0.9122807017543859,0.927840982544363,0.9299999999999999,0.9885555555555556,0.03174061728395061,0.048481481481481487,NATOPS,2,5,5.0,30,120,SMOTE-raw,0.715,24,51,2.1999999999999997,0.6356626294255694,0.09900237703566572,0.6241761134780434,,
0.9122807017543859,0.927840982544363,0.9299999999999999,0.9951111111111112,0.018379814814814814,0.050648148148148164,NATOPS,2,5,5.0,30,120,guide=gpf | walk=plain,0.715,24,51,2.1999999999999997,3.9967276693782923,0.11825221282626075,14.841874140410168,0.75,0.8
0.9666666666666667,0.9799092928543041,0.98,0.9974444444444445,0.015951604938271604,0.04288888888888888,NATOPS,2,5,5.0,30,120,guide=gpf | walk=aligned,0.715,24,51,2.1999999999999997,0.4915513582793114,0.05382554204430168,3.333816439625029,0.75,0.8
0.9491525423728814,0.9628660919936433,0.9633333333333334,0.998,0.014132407407407406,0.042277777777777754,NATOPS,2,5,5.0,30,120,guide=sig | walk=aligned,0.715,24,51,2.1999999999999997,1.0531543821489295,0.07653755385236849,2.4576369136560188,0.75,0.3
0.9508196721311475,0.9766154707855993,0.9766666666666667,0.9973333333333334,0.020085555555555558,0.0574074074074074,NATOPS,2,5,5.0,30,120,guide=dtw | walk=aligned,0.715,24,51,2.1999999999999997,0.36330235159617086,0.036738460289911345,1.283097616668852,0.75,1.0
0.8,0.816496580927726,0.8333333333333333,0.9716666666666667,0.049737222222222224,0.045537037037037036,NATOPS,2,10,10.0,15,135,none,0.715,24,51,2.1999999999999997,,,,,
0.7777777777777778,0.8282511696339462,0.84,0.9875555555555555,0.04253382716049383,0.06274074074074074,NATOPS,2,10,10.0,15,135,SMOTE-raw,0.715,24,51,2.1999999999999997,1.1609789967833688,0.10435084064272349,0.5753585006565547,,
0.8928571428571429,0.9098229375970788,0.9133333333333333,0.9936666666666667,0.023003641975308645,0.041648148148148156,NATOPS,2,10,10.0,15,135,guide=gpf | walk=plain,0.715,24,51,2.1999999999999997,5.6406779431766925,0.1196699893246248,6.922518917977721,0.703125,0.9
0.8928571428571429,0.9098229375970788,0.9133333333333333,0.9944444444444445,0.02287166666666667,0.033462962962962965,NATOPS,2,10,10.0,15,135,guide=gpf | walk=aligned,0.715,24,51,2.1999999999999997,4.346960856113226,0.11877282584704718,5.582878780775782,0.6026785714285714,1.0
0.9310344827586207,0.9455157322858251,0.9466666666666667,0.9968888888888889,0.017746296296296295,0.04514814814814816,NATOPS,2,10,10.0,15,135,guide=sig | walk=aligned,0.715,24,51,2.1999999999999997,1.0232139361843426,0.035445634548479155,12.35570709866825,0.46875,0.4
0.9152542372881356,0.9423375191511798,0.9433333333333334,0.995,0.019939629629629634,0.0364074074074074,NATOPS,2,10,10.0,15,135,guide=dtw | walk=aligned,0.715,24,51,2.1999999999999997,1.6141301054104762,0.05638514884301349,2.429217848536701,0.84375,0.9
0.125,0.2581988897471611,0.5333333333333333,0.944,0.09028364197530865,0.08650000000000002,NATOPS,2,20,18.8,8,142,none,0.715,24,51,2.4,,,,,
0.5416666666666666,0.6472162612982533,0.7,0.9161111111111111,0.08625444444444444,0.047,NATOPS,2,20,18.8,8,142,SMOTE-raw,0.715,24,51,2.4,2.3866076584338174,0.14608813882502036,0.4477216864982796,,
0.8518518518518519,0.8726715049522102,0.88,0.9634444444444444,0.04234617283950618,0.040925925925925935,NATOPS,2,20,18.8,8,142,guide=gpf | walk=plain,0.715,24,51,2.4,8.741034697477454,0.2554141177288376,3.331649457917326,0.44375,1.3
0.8518518518518519,0.8726715049522102,0.88,0.9852222222222222,0.03201030864197531,0.038129629629629624,NATOPS,2,20,18.8,8,142,guide=gpf | walk=aligned,0.715,24,51,2.4,1.632206448533836,0.13351367676373016,0.2570903395447711,0.1232638888888889,4.9
0.8888888888888888,0.9498537899183338,0.95,0.994,0.02931697530864198,0.06205555555555555,NATOPS,2,20,18.8,8,142,guide=sig | walk=aligned,0.715,24,51,2.4,0.9745029235428664,0.06199479272725983,0.9587354160674803,0.3697916666666667,0.5
0.9152542372881356,0.9423375191511798,0.9433333333333334,0.9945555555555555,0.026872530864197528,0.05372222222222223,NATOPS,2,20,18.8,8,142,guide=dtw | walk=aligned,0.715,24,51,2.4,0.8720398080971403,0.058130905145092115,0.4582771180261108,0.4930555555555556,1.5
0.7419354838709677,0.8335416406315084,0.8427083333333334,0.9730654761904762,0.04057644628099174,0.030041322314049587,OSULeaf,0,5,5.0,33,133,none,0.647,1,427,1.5999999999999999,,,,,
0.735632183908046,0.9436504599035548,0.9452380952380952,0.984375,0.0692238751147842,0.123168044077135,OSULeaf,0,5,5.0,33,133,SMOTE-raw,0.647,1,427,1.5999999999999999,1.4240326390635687,0.09372154162299062,0.8716777037807479,,
0.7837837837837838,0.9220351454927354,0.922172619047619,0.9751488095238096,0.046713590449954094,0.0490633608815427,OSULeaf,0,5,5.0,33,133,guide=gpf | walk=plain,0.647,1,427,1.5999999999999999,2.1471110833348312,0.10852240685246972,1.5772535507374785,0.59375,0.1
0.835820895522388,0.9196919774214263,0.9208333333333334,0.985639880952381,0.037767676767676776,0.05140495867768596,OSULeaf,0,5,5.0,33,133,guide=gpf | walk=aligned,0.647,1,427,1.5999999999999999,3.7333910172774143,0.2510157247927468,0.7737656117439008,0.27708333333333335,5.3
0.8108108108108109,0.940174755792013,0.9401785714285714,0.9811755952380953,0.056089898989898995,0.10517906336088156,OSULeaf,0,5,5.0,33,133,guide=sig | walk=aligned,0.647,1,427,1.5999999999999999,3.6379685564954976,0.2019449926187198,1.6285475549855413,0.13407258064516128,11.4
0.7792207792207793,0.9330250341152236,0.9330357142857143,0.9836309523809524,0.05189458218549128,0.08958677685950414,OSULeaf,0,5,5.0,33,133,guide=dtw | walk=aligned,0.647,1,427,1.5999999999999999,1.9693429937336813,0.11567381216937189,1.3997394475976987,0.83125,28.3
0.7368421052631579,0.8023403267940606,0.8186011904761905,0.973735119047619,0.03998714416896235,0.03757575757575759,OSULeaf,0,10,9.8,17,149,none,0.647,1,427,1.7999999999999998,,,,,
0.821917808219178,0.9425459443140463,0.9425595238095238,0.9851190476190476,0.05655665748393021,0.10013774104683194,OSULeaf,0,10,9.8,17,149,SMOTE-raw,0.647,1,427,1.7999999999999998,1.537323870215829,0.09834416069168606,0.7847173444125377,,
0.7936507936507936,0.871165065546462,0.8763392857142858,0.9701636904761903,0.0413526170798898,0.02399449035812672,OSULeaf,0,10,9.8,17,149,guide=gpf | walk=plain,0.647,1,427,1.7999999999999998,7.651412503056472,0.2731142358434794,2.39590283892167,0.58203125,0.1
0.8285714285714286,0.9313488681937152,0.9316964285714286,0.9820684523809524,0.03784086317722681,0.0497245179063361,OSULeaf,0,10,9.8,17,149,guide=gpf | walk=aligned,0.647,1,427,1.7999999999999998,2.007678382870953,0.10918386336585428,1.7630643509711599,0.04901315789473684,33.3
0.819672131147541,0.875425066821283,0.8811011904761905,0.9791666666666667,0.039672956841138654,0.054586776859504145,OSULeaf,0,10,9.8,17,149,guide=sig | walk=aligned,0.647,1,427,1.7999999999999998,5.549168392369969,0.29033428416052487,1.316446712773776,0.04901315789473684,35.7
0.8852459016393442,0.9141741003300661,0.9171130952380953,0.9903273809523809,0.03735050505050505,0.07865013774104682,OSULeaf,0,10,9.8,17,149,guide=dtw | walk=aligned,0.647,1,427,1.7999999999999998,3.6625928991938235,0.20800693512683988,1.3707915818156793,0.20244565217391305,119.3
0.7058823529411765,0.7482121547872826,0.7788690476190476,0.975297619047619,0.04821198347107438,0.045440771349862255,OSULeaf,0,20,20.8,8,158,none,0.647,1,427,1.5999999999999999,,,,,
0.4,0.5252550400927698,0.6311011904761905,0.9026041666666667,0.07809274563820018,0.025867768595041314,OSULeaf,0,20,20.8,8,158,SMOTE-raw,0.647,1,427,1.5999999999999999,3.8214738000991115,0.23003893813458615,0.7208005210574239,,
0.6785714285714286,0.7613232527895725,0.7849702380952381,0.9725446428571429,0.0469732782369146,0.02942148760330578,OSULeaf,0,20,20.8,8,158,guide=gpf | walk=plain,0.647,1,427,1.5999999999999999,6.039546635521182,0.24482551998055768,2.04066624962699,0.4114583333333333,0.1
0.6923076923076923,0.7464200272921789,0.7764880952380953,0.9755952380952382,0.04398691460055097,0.04048209366391184,OSULeaf,0,20,20.8,8,158,guide=gpf | walk=aligned,0.647,1,427,1.5999999999999999,12.449015281888903,0.6558153718020191,0.7809463462049975,0.04888613861386139,35.5
0.5306122448979592,0.6312779932501249,0.6936011904761905,0.9654761904761905,0.060000321395775935,0.056487603305785124,OSULeaf,0,20,20.8,8,158,guide=sig | walk=aligned,0.647,1,427,1.5999999999999999,1.7421476933980333,0.10100095570137513,0.8746583400703353,0.04888613861386139,37.5
0.6923076923076923,0.7464200272921789,0.7764880952380953,0.9678571428571429,0.0546741046831956,0.06038567493112948,OSULeaf,0,20,20.8,8,158,guide=dtw | walk=aligned,0.647,1,427,1.5999999999999999,10.092842652996419,0.5459260892458597,0.7326985210741934,0.06021341463414634,400.8
0.7419354838709677,0.8335416406315084,0.8427083333333334,0.971577380952381,0.0402653810835629,0.034600550964187335,OSULeaf,1,5,5.0,33,133,none,0.647,1,427,1.7999999999999998,,,,,
0.7294117647058823,0.9312689755177636,0.9319940476190476,0.9783482142857143,0.07141354453627181,0.1281955922865014,OSULeaf,1,5,5.0,33,133,SMOTE-raw,0.647,1,427,1.7999999999999998,1.6131483093899224,0.10521472931161235,0.8621650785556778,,
0.7671232876712328,0.9059985283284588,0.906547619047619,0.9678571428571429,0.04934788797061525,0.04263085399449037,OSULeaf,1,5,5.0,33,133,guide=gpf | walk=plain,0.647,1,427,1.7999999999999998,2.87584088951583,0.12320358439909318,1.9626165835215992,0.59375,0.1
0.8115942028985508,0.9151502608861564,0.9160714285714286,0.9841517857142857,0.038461845730027554,0.04761707988980716,OSULeaf,1,5,5.0,33,133,guide=gpf | walk=aligned,0.647,1,427,1.7999999999999998,3.782774689288038,0.24366838419239023,1.0533361888325907,0.27708333333333335,5.1
0.7945205479452054,0.9243723739458496,0.9245535714285714,0.9833333333333334,0.05392566574839302,0.1068457300275482,OSULeaf,1,5,5.0,33,133,guide=sig | walk=aligned,0.647,1,427,1.7999999999999998,3.6739913174054184,0.21330995390803453,1.329556192862964,0.1298828125,11.7
0.7631578947368421,0.9173428242172372,0.9174107142857143,0.9835565476190476,0.05057979797979798,0.0889807162534435,OSULeaf,1,5,5.0,33,133,guide=dtw | walk=aligned,0.647,1,427,1.7999999999999998,1.7075173322238868,0.10040524414893925,1.3957716944659082,0.83125,28.1
0.7368421052631579,0.8023403267940606,0.8186011904761905,0.9773065476190476,0.04307685950413223,0.044269972451790644,OSULeaf,1,10,9.8,17,149,none,0.647,1,427,1.7999999999999998,,,,,
0.7714285714285715,0.8941775950159853,0.8956845238095238,0.9804315476190477,0.052775206611570244,0.09060606060606062,OSULeaf,1,10,9.8,17,149,SMOTE-raw,0.647,1,427,1.7999999999999998,1.6205057117236983,0.10170497291208946,0.809228862248615,,
0.71875,0.8294253604583288,0.8379464285714286,0.9753720238095238,0.04537281910009183,0.04358126721763086,OSULeaf,1,10,9.8,17,149,guide=gpf | walk=plain,0.647,1,427,1.7999999999999998,4.486133554784438,0.17923391545985867,2.0735917015761274,0.58203125,0.1
0.835820895522388,0.9196919774214263,0.9208333333333334,0.9831845238095238,0.03559247015610652,0.036308539944903594,OSULeaf,1,10,9.8,17,149,guide=gpf | walk=aligned,0.647,1,427,1.7999999999999998,2.8779330703072343,0.16783895930831783,2.3143628287176115,0.05609939759036144,28.8
0.8709677419354839,0.9119739187999998,0.9147321428571429,0.9920386904761905,0.03363943985307622,0.06753443526170799,OSULeaf,1,10,9.8,17,149,guide=sig | walk=aligned,0.647,1,427,1.7999999999999998,3.5142846071978973,0.18088302551779367,1.9895687791053998,0.04901315789473684,34.6
0.8059701492537313,0.9008924146961961,0.902827380952381,0.9836309523809523,0.04522075298438935,0.07134986225895318,OSULeaf,1,10,9.8,17,149,guide=dtw | walk=aligned,0.647,1,427,1.7999999999999998,3.135325503988792,0.1634909632948568,2.037157278131734,0.6651785714285714,35.9
0.7407407407407407,0.7867957924694432,0.8077380952380953,0.9796875,0.04315913682277319,0.036942148760330584,OSULeaf,1,20,20.8,8,158,none,0.647,1,427,1.5999999999999999,,,,,
0.7142857142857143,0.7830039834478737,0.8029761904761905,0.975297619047619,0.059145592286501375,0.12428374655647381,OSULeaf,1,20,20.8,8,158,SMOTE-raw,0.647,1,427,1.5999999999999999,3.115461087160135,0.1768311851172525,0.7268969489067694,,
0.7636363636363637,0.806225774829855,0.8233630952380953,0.9755208333333334,0.04180032139577595,0.03257575757575758,OSULeaf,1,20,20.8,8,158,guide=gpf | walk=plain,0.647,1,427,1.5999999999999999,10.51473700436422,0.41037233822871044,1.918000400380614,0.20572916666666666,0.2
0.6530612244897959,0.7054211845550484,0.7476190476190476,0.9820684523809524,0.04482759412304867,0.05128099173553719,OSULeaf,1,20,20.8,8,158,guide=gpf | walk=aligned,0.647,1,427,1.5999999999999999,17.098145162770237,0.7601008353997375,0.46895807704836073,0.04888613861386139,35.9
0.6545454545454545,0.7410176400445153,0.7693452380952381,0.959375,0.05051960514233242,0.04577134986225895,OSULeaf,1,20,20.8,8,158,guide=sig | walk=aligned,0.647,1,427,1.5999999999999999,1.3231880547822001,0.06056581928889648,0.8671808322585594,0.04888613861386139,37.8
0.64,0.7037315505489968,0.7452380952380953,0.9761160714285714,0.04687075298438935,0.05238292011019284,OSULeaf,1,20,20.8,8,158,guide=dtw | walk=aligned,0.647,1,427,1.5999999999999999,10.939179860268327,0.7501615615917336,0.08233657530043312,0.04888613861386139,491.3
0.7619047619047619,0.85146931829632,0.8583333333333334,0.9696428571428571,0.03986409550045914,0.03035812672176308,OSULeaf,2,5,5.0,33,133,none,0.647,1,427,1.5999999999999999,,,,,
0.7045454545454546,0.9238087567498043,0.9248511904761905,0.9758928571428571,0.07102089072543617,0.13406336088154272,OSULeaf,2,5,5.0,33,133,SMOTE-raw,0.647,1,427,1.5999999999999999,1.4929810584044798,0.10111250061671495,0.8325658443763291,,
0.7246376811594203,0.8582582029069941,0.8620535714285714,0.9693452380952381,0.04757869605142332,0.05173553719008265,OSULeaf,2,5,5.0,33,133,guide=gpf | walk=plain,0.647,1,427,1.5999999999999999,2.6149710868872624,0.13807118411648833,1.4774421684832941,0.59375,0.1
0.835820895522388,0.9196919774214263,0.9208333333333334,0.9843005952380952,0.03765174471992654,0.0421900826446281,OSULeaf,2,5,5.0,33,133,guide=gpf | walk=aligned,0.647,1,427,1.5999999999999999,4.3592585039794045,0.2880975831582011,0.6299048548056179,0.31971153846153844,4.5
0.7792207792207793,0.9330250341152236,0.9330357142857143,0.9835565476190476,0.05366469237832875,0.088168044077135,OSULeaf,2,5,5.0,33,133,guide=sig | walk=aligned,0.647,1,427,1.5999999999999999,2.8048512542594857,0.1599061461092547,1.5401883184102174,0.15393518518518517,9.8
0.7894736842105263,0.9354143466934853,0.9354166666666667,0.9864583333333333,0.048122176308539946,0.07913223140495869,OSULeaf,2,5,5.0,33,133,guide=dtw | walk=aligned,0.647,1,427,1.5999999999999999,1.8406218113697044,0.11130573685181733,1.200756126925653,0.83125,28.1
0.75,0.8042853971072706,0.8209821428571429,0.9695684523809524,0.04107314049586777,0.024889807162534434,OSULeaf,2,10,9.8,17,149,none,0.647,1,427,1.7999999999999998,,,,,
0.8985507246376812,0.9700883612184142,0.9700892857142858,0.9916666666666668,0.05758406795224977,0.14527548209366395,OSULeaf,2,10,9.8,17,149,SMOTE-raw,0.647,1,427,1.7999999999999998,2.754189576369072,0.16903677987991517,0.6930584828884576,,
0.7419354838709677,0.8335416406315084,0.8427083333333334,0.9736607142857143,0.042076675849403125,0.028705234159779627,OSULeaf,2,10,9.8,17,149,guide=gpf | walk=plain,0.647,1,427,1.7999999999999998,5.126245514352695,0.20955923668180954,1.912524623220761,0.6651785714285714,0.1
0.8135593220338984,0.8598172563316663,0.8678571428571429,0.9837797619047619,0.0349848025711662,0.03508264462809918,OSULeaf,2,10,9.8,17,149,guide=gpf | walk=aligned,0.647,1,427,1.7999999999999998,5.696842101895518,0.31576252786608566,0.8318856624046593,0.2586805555555556,6.4
0.8571428571428571,0.9097684163723048,0.9123511904761905,0.986904761904762,0.040517171717171716,0.0874931129476584,OSULeaf,2,10,9.8,17,149,guide=sig | walk=aligned,0.647,1,427,1.7999999999999998,6.373431815459844,0.302244154846403,2.090133774957042,0.04901315789473684,35.3
0.8666666666666667,0.8970852271450604,0.9014880952380953,0.9886904761904762,0.03566023875114784,0.06093663911845729,OSULeaf,2,10,9.8,17,149,guide=dtw | walk=aligned,0.647,1,427,1.7999999999999998,5.944620808982934,0.3540534009251541,0.46708538734366345,0.19401041666666666,122.5
0.68,0.7271315136171984,0.7632440476190476,0.9658482142857141,0.05117892561983471,0.05389807162534435,OSULeaf,2,20,20.8,8,158,none,0.647,1,427,1.5999999999999999,,,,,
0.43902439024390244,0.5303300858899106,0.640625,0.9508184523809524,0.06668471074380165,0.05761707988980715,OSULeaf,2,20,20.8,8,158,SMOTE-raw,0.647,1,427,1.5999999999999999,3.0788621389941735,0.1848803500276024,0.6867560906659087,,
0.6896551724137931,0.7791937224739796,0.7982142857142858,0.9696428571428571,0.04777786960514234,0.03333333333333334,OSULeaf,2,20,20.8,8,158,guide=gpf | walk=plain,0.647,1,427,1.5999999999999999,5.848751909894663,0.2414825965824181,1.8107344562137722,0.5486111111111112,0.1
0.7058823529411765,0.7482121547872826,0.7788690476190476,0.96875,0.04562433425160698,0.0481542699724518,OSULeaf,2,20,20.8,8,158,guide=gpf | walk=aligned,0.647,1,427,1.5999999999999999,5.099824578939053,0.27035870089905056,1.160823144531993,0.04888613861386139,35.4
0.6382978723404256,0.6846531968814576,0.734375,0.9651041666666668,0.051001790633608816,0.04778236914600552,OSULeaf,2,20,20.8,8,158,guide=sig | walk=aligned,0.647,1,427,1.5999999999999999,9.237199156426552,0.5108889321087533,0.5279561669200304,0.04888613861386139,37.4
0.5833333333333334,0.6582805886043833,0.7139880952380953,0.9830357142857143,0.047104729109274567,0.053457300275482095,OSULeaf,2,20,20.8,8,158,guide=dtw | walk=aligned,0.647,1,427,1.5999999999999999,6.544030729742094,0.37100441232443016,1.3888411125646802,0.04888613861386139,491.6
0.0425531914893617,0.15221485181647873,0.5097691709172646,0.8390968559983861,0.042553986928104574,0.01268235294117647,Handwriting,0,5,14.0,10,130,none,0.218,3,152,1.7999999999999998,,,,,
0.19672131147540983,0.3707560054287876,0.5623324976225469,0.8862280625918562,0.044474797385620914,0.05058039215686274,Handwriting,0,5,14.0,10,130,SMOTE-raw,0.218,3,152,1.7999999999999998,1.3105499733367143,0.13312789159176752,0.5254716001120217,,
0.2033898305084746,0.3712220722443836,0.5635716549955333,0.8357972392726434,0.04800397385620915,0.05392941176470587,Handwriting,0,5,14.0,10,130,guide=gpf | walk=plain,0.218,3,152,1.7999999999999998,8.208715735657975,0.36817639261478186,1.984084956932267,0.3385416666666667,0.1
0.3283582089552239,0.5016901780809141,0.6198524538197747,0.857986801533097,0.04908149019607844,0.07159215686274509,Handwriting,0,5,14.0,10,130,guide=gpf | walk=aligned,0.218,3,152,1.7999999999999998,2.9736799219986683,0.1956772742318239,1.4488304671541035,0.0655241935483871,4.1
0.2891566265060241,0.5190250951202375,0.6221866804991211,0.8443560704302469,0.055657660130718954,0.08031764705882354,Handwriting,0,5,14.0,10,130,guide=sig | walk=aligned,0.218,3,152,1.7999999999999998,1.890148442890899,0.13761736349922715,0.859994086252647,0.23897058823529413,1.3
0.3333333333333333,0.6574680219440076,0.6972421544047722,0.8571366819400017,0.07601998692810459,0.13936862745098041,Handwriting,0,5,14.0,10,130,guide=dtw | walk=aligned,0.218,3,152,1.7999999999999998,1.0249072669618844,0.0776554430957549,1.197070543975302,0.5803571428571429,4.0
0.0,0.0,0.49814126394052044,0.8507247629751304,0.04204938562091504,0.01556078431372549,Handwriting,0,10,14.0,10,130,none,0.218,3,152,1.7999999999999998,,,,,
0.2033898305084746,0.3712220722443836,0.5635716549955333,0.8801763637935506,0.04561849673202614,0.051635294117647064,Handwriting,0,10,14.0,10,130,SMOTE-raw,0.218,3,152,1.7999999999999998,1.2986029747646715,0.12989256903734359,0.5115003653938538,,
0.2,0.3709891120254916,0.5629520763090401,0.828650471167978,0.047836300653594774,0.05354901960784314,Handwriting,0,10,14.0,10,130,guide=gpf | walk=plain,0.218,3,152,1.7999999999999998,8.033032097558632,0.3588844457574203,2.100171359909423,0.3693181818181818,0.1
0.3235294117647059,0.5013741527405271,0.6192328751332814,0.8655802426443041,0.050868352941176476,0.08025490196078434,Handwriting,0,10,14.0,10,130,guide=gpf | walk=aligned,0.218,3,152,1.7999999999999998,2.7506762630055945,0.1674213556233296,1.5768731945422485,0.07965686274509803,3.4
0.21333333333333335,0.42486883843070467,0.5781533673381171,0.850465404455203,0.05126070588235294,0.06658039215686275,Handwriting,0,10,14.0,10,130,guide=sig | walk=aligned,0.218,3,152,1.7999999999999998,1.9183805424331375,0.14379488209327695,0.8302828173665024,0.22569444444444445,1.4
0.3225806451612903,0.6557124299667841,0.6947638396587995,0.8497305553154088,0.08033267973856208,0.1501490196078431,Handwriting,0,10,14.0,10,130,guide=dtw | walk=aligned,0.218,3,152,1.7999999999999998,1.0865926238208594,0.0845418113937546,1.079899296134607,0.5803571428571429,4.0
0.0425531914893617,0.15221485181647873,0.5097691709172646,0.7507852799631136,0.04326935947712418,0.02051764705882353,Handwriting,0,20,20.0,7,133,none,0.218,3,152,1.5999999999999999,,,,,
0.2222222222222222,0.4002103132876757,0.5733408259127979,0.7468949021642028,0.04896147712418301,0.0325607843137255,Handwriting,0,20,20.0,7,133,SMOTE-raw,0.218,3,152,1.5999999999999999,2.294175401163768,0.2043917084591792,0.5288964552075497,,
0.16666666666666666,0.3048081123603052,0.5458920492204835,0.7821100256476758,0.04216832679738562,0.012913725490196077,Handwriting,0,20,20.0,7,133,guide=gpf | walk=plain,0.218,3,152,1.5999999999999999,7.605270964597478,0.5712660474450717,0.23919332611838223,0.09035326086956522,0.4
0.2545454545454545,0.4022214330540261,0.5782974554047434,0.7716348232039423,0.043893111111111105,0.022207843137254893,Handwriting,0,20,20.0,7,133,guide=gpf | walk=aligned,0.218,3,152,1.5999999999999999,4.645871067258007,0.3498174503483915,0.4177416392607958,0.04889705882352941,5.7
0.14035087719298245,0.3031015527524445,0.5403158410420449,0.8013601913489526,0.04951511111111111,0.03589019607843137,Handwriting,0,20,20.0,7,133,guide=sig | walk=aligned,0.218,3,152,1.5999999999999999,3.1265675658944456,0.2418108117306068,0.6374898875462599,0.04889705882352941,6.2
0.3516483516483517,0.5977778895486839,0.6662199936601251,0.738148756519985,0.06484739869281045,0.08600784313725489,Handwriting,0,20,20.0,7,133,guide=dtw | walk=aligned,0.218,3,152,1.5999999999999999,2.143001438506799,0.17988402058569053,0.6576666645552205,0.51953125,4.6
0.0425531914893617,0.15221485181647873,0.5097691709172646,0.8457681334831849,0.04244905882352941,0.019580392156862744,Handwriting,1,5,14.0,10,130,none,0.218,3,152,1.7999999999999998,,,,,
0.2153846153846154,0.3997059522639935,0.5721016685398116,0.8844845969856776,0.04650959477124183,0.054619607843137255,Handwriting,1,5,14.0,10,130,SMOTE-raw,0.218,3,152,1.7999999999999998,1.2490909964142283,0.1246130834394078,0.5506872061257249,,
0.14285714285714285,0.3032916446825464,0.5409354197285381,0.8500907754819746,0.046503712418300654,0.052329411764705874,Handwriting,1,5,14.0,10,130,guide=gpf | walk=plain,0.218,3,152,1.7999999999999998,8.469372704415846,0.37878438953465554,2.010216325596414,0.3693181818181818,0.1
0.4117647058823529,0.5666952292870892,0.6559753321229935,0.8627561165384283,0.04985639215686275,0.08014117647058824,Handwriting,1,5,14.0,10,130,guide=gpf | walk=aligned,0.218,3,152,1.7999999999999998,2.720613294803128,0.1800543531415989,1.4673706283518788,0.06885593220338983,3.9
0.2465753424657534,0.45150392762734676,0.5916400103743408,0.868721362496758,0.050583947712418295,0.0700549019607843,Handwriting,1,5,14.0,10,130,guide=sig | walk=aligned,0.218,3,152,1.7999999999999998,1.8110483471126262,0.13780139584985884,0.786288008377442,0.25390625,1.2
0.2786885245901639,0.6041316684005844,0.6592605400420737,0.8467767499495693,0.07940560784313726,0.1450549019607843,Handwriting,1,5,14.0,10,130,guide=dtw | walk=aligned,0.218,3,152,1.7999999999999998,1.2380890569504395,0.0996958815824961,0.9129152992829411,0.5803571428571429,4.0
0.0425531914893617,0.15221485181647873,0.5097691709172646,0.8248609550157056,0.042388797385620916,0.018898039215686273,Handwriting,1,10,14.0,10,130,none,0.218,3,152,1.7999999999999998,,,,,
0.2191780821917808,0.4254111090259168,0.5793925247111034,0.8738508976686551,0.048052,0.05807058823529411,Handwriting,1,10,14.0,10,130,SMOTE-raw,0.218,3,152,1.7999999999999998,1.1593544724233968,0.11385502856812102,0.5700624987252846,,
0.14035087719298245,0.3031015527524445,0.5403158410420449,0.8329587043601049,0.047513895424836604,0.051368627450980385,Handwriting,1,10,14.0,10,130,guide=gpf | walk=plain,0.218,3,152,1.7999999999999998,8.20522988330059,0.3741892337246431,1.9651120952697112,0.3693181818181818,0.1
0.3142857142857143,0.5007415037153656,0.6179937177602951,0.8512146624016599,0.05191737254901961,0.08278823529411763,Handwriting,1,10,14.0,10,130,guide=gpf | walk=aligned,0.218,3,152,1.7999999999999998,2.6809225780551067,0.17057494399443374,1.4194139099393501,0.08290816326530612,3.3
0.2972972972972973,0.4994738016721337,0.6155154030143224,0.8605659779257082,0.05275354248366013,0.07408627450980393,Handwriting,1,10,14.0,10,130,guide=sig | walk=aligned,0.218,3,152,1.7999999999999998,1.8510905696679014,0.13456110291576007,0.8930246011032568,0.23897058823529413,1.3
0.2903225806451613,0.6212290058037703,0.6702688683323247,0.8357972392726434,0.08059100653594771,0.1444470588235294,Handwriting,1,10,14.0,10,130,guide=dtw | walk=aligned,0.218,3,152,1.7999999999999998,1.0639547887524294,0.08569500873884195,0.9879095914911897,0.6770833333333334,3.5
0.0,0.0,0.4993804213135068,0.7769804904757788,0.042499620915032676,0.009815686274509803,Handwriting,1,20,20.0,7,133,none,0.218,3,152,1.7999999999999998,,,,,
0.26229508196721313,0.42865032667885117,0.5868274689490216,0.8509697126883952,0.04511585620915033,0.03961176470588235,Handwriting,1,20,20.0,7,133,SMOTE-raw,0.218,3,152,1.7999999999999998,1.8156383695364635,0.18339679898151284,0.48488751071810804,,
0.0425531914893617,0.15221485181647873,0.5097691709172646,0.8622662171118988,0.04082518954248366,0.02293725490196078,Handwriting,1,20,20.0,7,133,guide=gpf | walk=plain,0.218,3,152,1.7999999999999998,4.499123330117396,0.23966040099221164,2.6858528429285085,0.24448529411764705,0.1
0.18518518518518517,0.3397271572419313,0.5544220627647618,0.8589089651595054,0.04071166013071895,0.033403921568627454,Handwriting,1,20,20.0,7,133,guide=gpf | walk=aligned,0.218,3,152,1.7999999999999998,3.6196944707990273,0.21579001945963217,1.5227990373649496,0.04889705882352941,5.7
0.21052631578947367,0.3716875546494899,0.5648108123685196,0.8370652142589551,0.04779371241830065,0.04918039215686275,Handwriting,1,20,20.0,7,133,guide=sig | walk=aligned,0.218,3,152,1.7999999999999998,3.361374288543681,0.2554402188583267,0.6976386703248139,0.259765625,1.2
0.12307692307692308,0.30157650381708195,0.5353592115500995,0.7893720642056425,0.057318104575163405,0.06925098039215685,Handwriting,1,20,20.0,7,133,guide=dtw | walk=aligned,0.218,3,152,1.7999999999999998,2.7670880377290406,0.257074156981887,0.5052163453878311,0.415625,5.7
0.0425531914893617,0.15221485181647873,0.5097691709172646,0.8568629146134118,0.04186794771241831,0.021380392156862747,Handwriting,2,5,14.0,10,130,none,0.218,3,152,1.7999999999999998,,,,,
0.24242424242424243,0.4273036368074525,0.5837295755165557,0.8669778968905795,0.048278117647058826,0.05866666666666667,Handwriting,2,5,14.0,10,130,SMOTE-raw,0.218,3,152,1.7999999999999998,1.3612092007428505,0.13486211173462748,0.5150531477857743,,
0.21052631578947367,0.3716875546494899,0.5648108123685196,0.8489957061756145,0.0465860522875817,0.049007843137254904,Handwriting,2,5,14.0,10,130,guide=gpf | walk=plain,0.218,3,152,1.7999999999999998,9.742437360477737,0.4165043506734828,2.3204314042846628,0.40625,0.1
0.3188405797101449,0.5010579280778855,0.6186132964467883,0.8648742111178351,0.04996903267973857,0.0757372549019608,Handwriting,2,5,14.0,10,130,guide=gpf | walk=aligned,0.218,3,152,1.7999999999999998,2.7593105720361386,0.17338034609286712,1.5299852702498686,0.06885593220338983,4.3
0.16901408450704225,0.3684168274685554,0.5561367107576151,0.8441111207169822,0.053394771241830064,0.07263529411764708,Handwriting,2,5,14.0,10,130,guide=sig | walk=aligned,0.218,3,152,1.7999999999999998,2.384601452721748,0.1754871642713719,0.8323578802821355,0.29017857142857145,1.1
0.3333333333333333,0.6429530800539942,0.6887121408604939,0.8694129852165643,0.07185154248366013,0.13820000000000002,Handwriting,2,5,14.0,10,130,guide=dtw | walk=aligned,0.218,3,152,1.7999999999999998,1.111412580135191,0.08109893178225092,1.1476794279891995,0.5803571428571429,4.0
0.0425531914893617,0.15221485181647873,0.5097691709172646,0.8473098757960865,0.04282397385620915,0.019670588235294113,Handwriting,2,10,14.0,10,130,none,0.218,3,152,1.7999999999999998,,,,,
0.21875,0.39995821227791123,0.5727212472263047,0.8818910117864038,0.04620912418300654,0.05112941176470589,Handwriting,2,10,14.0,10,130,SMOTE-raw,0.218,3,152,1.7999999999999998,1.404498019824615,0.13853620287900625,0.5035971705181498,,
0.11764705882352941,0.263315737586241,0.5317858274977666,0.8395579378115904,0.04721532026143791,0.04952941176470587,Handwriting,2,10,14.0,10,130,guide=gpf | walk=plain,0.218,3,152,1.7999999999999998,9.033380199858541,0.4063029791293732,2.1948159649621353,0.3693181818181818,0.1
0.35294117647058826,0.5239983012979329,0.6314803607965188,0.8611135125788882,0.04877562091503268,0.07007450980392156,Handwriting,2,10,14.0,10,130,guide=gpf | walk=aligned,0.218,3,152,1.7999999999999998,2.995094759007122,0.1884967424628028,1.6947224658999136,0.07665094339622641,3.6
0.3333333333333333,0.5422948865555743,0.6375320595948244,0.8624391227918504,0.05280149019607843,0.08467450980392155,Handwriting,2,10,14.0,10,130,guide=sig | walk=aligned,0.218,3,152,1.7999999999999998,1.9275001091015085,0.14295536794836372,0.8545866114177404,0.23897058823529413,1.3
0.2975206611570248,0.6224802235987141,0.6721276043918043,0.8415319443243711,0.07735687581699345,0.1394392156862745,Handwriting,2,10,14.0,10,130,guide=dtw | walk=aligned,0.218,3,152,1.7999999999999998,1.0046333535899823,0.08397836371238177,0.9821809416922865,0.5803571428571429,4.1
0.0,0.0,0.4993804213135068,0.8720209792225008,0.039926366013071896,0.012137254901960784,Handwriting,2,20,20.0,7,133,none,0.218,3,152,1.4,,,,,
0.24561403508771928,0.40171959700950693,0.577058298031757,0.8542981470274632,0.04325288888888888,0.02151372549019608,Handwriting,2,20,20.0,7,133,SMOTE-raw,0.218,3,152,1.4,1.8552741308144736,0.19822441337819136,0.5119339881565222,,
0.24489795918367346,0.3735436838188142,0.5697674418604651,0.8695138468632028,0.03955300653594772,0.018694117647058826,Handwriting,2,20,20.0,7,133,guide=gpf | walk=plain,0.218,3,152,1.4,2.8917635353368976,0.24111118292367406,0.5802381550581344,0.1013719512195122,0.3
0.2962962962962963,0.43052861566695033,0.5911645197544739,0.8767326590011815,0.0414002614379085,0.030031372549019615,Handwriting,2,20,20.0,7,133,guide=gpf | walk=aligned,0.218,3,152,1.4,2.533983492478841,0.2181236731591364,0.6748493446358707,0.06597222222222222,4.0
0.21428571428571427,0.37192007738393085,0.5654303910550128,0.8279732572548342,0.046335908496732026,0.03049019607843137,Handwriting,2,20,20.0,7,133,guide=sig | walk=aligned,0.218,3,152,1.4,2.943442190763287,0.2124807466986628,1.0051874266444225,0.31971153846153844,1.0
0.3384615384615385,0.5023216322994811,0.621091611192761,0.8704504192962739,0.04397362091503267,0.03647058823529412,Handwriting,2,20,20.0,7,133,guide=dtw | walk=aligned,0.218,3,152,1.4,2.2965479623968594,0.22293226014415524,0.5962375180397173,0.4618055555555556,5.0
0.0,0.0,0.5,0.42424242424242425,0.3079975975975976,0.24324324324324328,HandMovementDirection,0,5,5.0,24,96,none,0.243,10,400,1.5999999999999999,,,,,
0.17142857142857143,0.30895719032666236,0.5272727272727273,0.496969696969697,0.28133783783783783,0.18,HandMovementDirection,0,5,5.0,24,96,SMOTE-raw,0.243,10,400,1.5999999999999999,4.224201673833933,0.2850975857280761,0.5855520422997217,,
0.17142857142857143,0.30895719032666236,0.5272727272727273,0.44734848484848483,0.2859364864864865,0.18770270270270273,HandMovementDirection,0,5,5.0,24,96,guide=gpf | walk=plain,0.243,10,400,1.5999999999999999,5.325957695061591,0.34839160893280186,0.8630265889161025,0.5,0.3
0.15789473684210525,0.29771859806932394,0.49318181818181817,0.44659090909090904,0.2948004504504505,0.2068918918918919,HandMovementDirection,0,5,5.0,24,96,guide=gpf | walk=aligned,0.243,10,400,1.5999999999999999,6.614298675077611,0.3782399070324906,0.9261582643766679,0.75,1.6
0.1111111111111111,0.24618298195866545,0.48787878787878786,0.46022727272727265,0.28093663663663665,0.21927927927927926,HandMovementDirection,0,5,5.0,24,96,guide=sig | walk=aligned,0.243,10,400,1.5999999999999999,5.672483495696548,0.3278503145781302,1.2573250254244253,0.17647058823529413,6.6
0.1111111111111111,0.24618298195866545,0.48787878787878786,0.4337121212121212,0.2954707207207207,0.19527027027027025,HandMovementDirection,0,5,5.0,24,96,guide=dtw | walk=aligned,0.243,10,400,1.5999999999999999,7.141985610410275,0.4075355552702468,0.9591342990172029,0.5,40.3
0.0,0.0,0.5,0.471969696969697,0.35258123123123125,0.35968468468468473,HandMovementDirection,0,10,10.0,12,108,none,0.243,10,400,2.0,,,,,
0.05714285714285714,0.17407765595569782,0.4712121212121212,0.5950757575757576,0.29791936936936936,0.2682432432432432,HandMovementDirection,0,10,10.0,12,108,SMOTE-raw,0.243,10,400,2.0,3.9678659005262187,0.25069903111612213,0.5629596267939421,,
0.0,0.0,0.4659090909090909,0.4431818181818182,0.34398048048048047,0.32252252252252245,HandMovementDirection,0,10,10.0,12,108,guide=gpf | walk=plain,0.243,10,400,2.0,20.440572178211042,0.4018152419139416,7.221147542162154,0.12980769230769232,1.1
0.0,0.0,0.4659090909090909,0.4992424242424242,0.32672627627627626,0.321036036036036,HandMovementDirection,0,10,10.0,12,108,guide=gpf | walk=aligned,0.243,10,400,2.0,6.694694688093284,0.328903498472503,1.635036089558709,0.05113636363636364,26.7
0.0,0.0,0.4659090909090909,0.44469696969696965,0.3463022522522523,0.3594144144144144,HandMovementDirection,0,10,10.0,12,108,guide=sig | walk=aligned,0.243,10,400,2.0,5.450436191151562,0.23426736639613166,2.350792195240276,0.048214285714285716,27.1
0.0,0.0,0.48863636363636365,0.5882575757575758,0.3119111111111111,0.2915315315315315,HandMovementDirection,0,10,10.0,12,108,guide=dtw | walk=aligned,0.243,10,400,2.0,10.018077519546877,0.540935874368532,0.5793259769288616,0.17763157894736842,116.4
0.0,0.0,0.5,0.35833333333333334,0.37944744744744746,0.3177477477477478,HandMovementDirection,0,20,20.0,6,114,none,0.243,10,400,1.5999999999999999,,,,,
0.0,0.0,0.5,0.4318181818181818,0.34931081081081083,0.324054054054054,HandMovementDirection,0,20,20.0,6,114,SMOTE-raw,0.243,10,400,1.5999999999999999,4.18639734556027,0.26294222934652134,0.550173274795535,,
0.0,0.0,0.5,0.3670454545454545,0.37902732732732736,0.3462162162162162,HandMovementDirection,0,20,20.0,6,114,guide=gpf | walk=plain,0.243,10,400,1.5999999999999999,26.17354565210671,0.6620917870773461,3.360891565648429,0.1875,0.9
0.0,0.0,0.5,0.35454545454545455,0.35144144144144146,0.3015315315315315,HandMovementDirection,0,20,20.0,6,114,guide=gpf | walk=aligned,0.243,10,400,1.5999999999999999,10.591048959711626,0.4492675650704614,1.5176543086742984,0.0488013698630137,29.0
0.0,0.0,0.5,0.40795454545454546,0.3426647147147147,0.2542792792792793,HandMovementDirection,0,20,20.0,6,114,guide=sig | walk=aligned,0.243,10,400,1.5999999999999999,11.57831719161416,0.41148667233406855,2.3273908009402744,0.0488013698630137,27.9
0.0,0.0,0.5,0.3867424242424243,0.3607693693693694,0.30288288288288284,HandMovementDirection,0,20,20.0,6,114,guide=dtw | walk=aligned,0.243,10,400,1.5999999999999999,10.42438241608662,0.5662765933192211,0.22840165674128965,0.051630434782608696,404.2
0.058823529411764705,0.17624019422539816,0.48257575757575755,0.4818181818181818,0.3310521021021021,0.3056306306306306,HandMovementDirection,1,5,5.0,24,96,none,0.243,10,400,1.5999999999999999,,,,,
0.3333333333333333,0.4547726704829368,0.5598484848484848,0.5685606060606061,0.2545015015015015,0.15189189189189187,HandMovementDirection,1,5,5.0,24,96,SMOTE-raw,0.243,10,400,1.5999999999999999,1.2104621556944846,0.1016583776346488,0.5317067606913236,,
0.15384615384615385,0.29387690682262935,0.4818181818181818,0.4803030303030303,0.3118906906906907,0.2898198198198198,HandMovementDirection,1,5,5.0,24,96,guide=gpf | walk=plain,0.243,10,400,1.5999999999999999,7.38265805033072,0.28262642724477904,2.586815692519904,0.3333333333333333,0.4
0.19047619047619047,0.3302891295379082,0.47575757575757577,0.5125,0.2952552552552552,0.26801801801801806,HandMovementDirection,1,5,5.0,24,96,guide=gpf | walk=aligned,0.243,10,400,1.5999999999999999,3.2527391361801605,0.21131594591718805,0.6714754765604002,0.15,8.0
0.34146341463414637,0.4605661864718383,0.5712121212121212,0.5238636363636364,0.2946471471471472,0.2606306306306306,HandMovementDirection,1,5,5.0,24,96,guide=sig | walk=aligned,0.243,10,400,1.5999999999999999,4.25128855086176,0.22401189602875116,1.2344064399113794,0.1,11.6
0.2564102564102564,0.38924947208076144,0.5378787878787878,0.5079545454545453,0.27641966966966963,0.21436936936936937,HandMovementDirection,1,5,5.0,24,96,guide=dtw | walk=aligned,0.243,10,400,1.5999999999999999,3.518720591728865,0.28601326823952,0.35833933940331886,0.3333333333333333,60.2
0.0,0.0,0.5,0.41098484848484845,0.35363093093093095,0.33072072072072073,HandMovementDirection,1,10,10.0,12,108,none,0.243,10,400,1.7999999999999998,,,,,
0.0,0.0,0.5,0.4075757575757576,0.3311388888888889,0.2477927927927928,HandMovementDirection,1,10,10.0,12,108,SMOTE-raw,0.243,10,400,1.7999999999999998,4.78587107614462,0.3266604685079451,0.5841024125113151,,
0.058823529411764705,0.17624019422539816,0.48257575757575755,0.46931818181818186,0.32174519519519523,0.3028378378378379,HandMovementDirection,1,10,10.0,12,108,guide=gpf | walk=plain,0.243,10,400,1.7999999999999998,4.852112717955533,0.2636551273928751,2.0960893898051323,0.3375,0.5
0.06060606060606061,0.17837651700316892,0.49393939393939396,0.4526515151515151,0.3061686186186186,0.2431081081081081,HandMovementDirection,1,10,10.0,12,108,guide=gpf | walk=aligned,0.243,10,400,1.7999999999999998,4.498229165306572,0.2779564164945566,1.0867429453109503,0.048214285714285716,28.2
0.0625,0.18048755518250442,0.5053030303030304,0.45719696969696966,0.3204312312312312,0.3028828828828829,HandMovementDirection,1,10,10.0,12,108,guide=sig | walk=aligned,0.243,10,400,1.7999999999999998,3.82398524930594,0.202528358477311,1.982372888494952,0.048214285714285716,27.1
0.0,0.0,0.48863636363636365,0.44848484848484854,0.30986021021021026,0.27112612612612613,HandMovementDirection,1,10,10.0,12,108,guide=dtw | walk=aligned,0.243,10,400,1.7999999999999998,4.785427330188565,0.29544347123505177,1.122861864116221,0.375,55.3
0.0,0.0,0.5,0.42840909090909085,0.3730187687687687,0.31463963963963965,HandMovementDirection,1,20,20.0,6,114,none,0.243,10,400,1.5999999999999999,,,,,
0.0,0.0,0.48863636363636365,0.49166666666666664,0.35739789789789794,0.31621621621621626,HandMovementDirection,1,20,20.0,6,114,SMOTE-raw,0.243,10,400,1.5999999999999999,8.237088011660717,0.4742205669521378,0.6172872658471487,,
0.0,0.0,0.5,0.4772727272727273,0.35189024024024024,0.3244594594594594,HandMovementDirection,1,20,20.0,6,114,guide=gpf | walk=plain,0.243,10,400,1.5999999999999999,7.353377492580158,0.3944292290579464,1.3073673297913826,0.13194444444444445,1.2
0.06451612903225806,0.18257418583505536,0.5166666666666667,0.4477272727272727,0.35905735735735733,0.37459459459459465,HandMovementDirection,1,20,20.0,6,114,guide=gpf | walk=aligned,0.243,10,400,1.5999999999999999,9.908905636108322,0.47459498595988414,1.5669526475822217,0.0488013698630137,29.3
0.0,0.0,0.5,0.5132575757575758,0.36608228228228235,0.3603603603603604,HandMovementDirection,1,20,20.0,6,114,guide=sig | walk=aligned,0.243,10,400,1.5999999999999999,14.784863980350735,0.6985492489688185,0.7917260384663386,0.0488013698630137,28.3
0.0,0.0,0.5,0.4863636363636364,0.3555527027027027,0.3215765765765766,HandMovementDirection,1,20,20.0,6,114,guide=dtw | walk=aligned,0.243,10,400,1.5999999999999999,16.175141361023318,0.6745856403927344,0.5422521868919257,0.22265625,94.4
0.0,0.0,0.48863636363636365,0.4132575757575758,0.3226708708708708,0.260990990990991,HandMovementDirection,2,5,5.0,24,96,none,0.243,10,400,1.5999999999999999,,,,,
0.22857142857142856,0.36097511036500884,0.5553030303030303,0.49053030303030304,0.27362732732732736,0.17756756756756756,HandMovementDirection,2,5,5.0,24,96,SMOTE-raw,0.243,10,400,1.5999999999999999,2.002439744132941,0.1571501809537258,0.5560769895092424,,
0.2222222222222222,0.35675303400633784,0.543939393939394,0.4628787878787879,0.28795,0.27346846846846845,HandMovementDirection,2,5,5.0,24,96,guide=gpf | walk=plain,0.243,10,400,1.5999999999999999,3.9262412966021945,0.1713284153041299,2.1185127035151354,0.5,0.3
0.20512820512820512,0.3437758254761643,0.5098484848484849,0.4560606060606061,0.2885414414414414,0.19864864864864865,HandMovementDirection,2,5,5.0,24,96,guide=gpf | walk=aligned,0.243,10,400,1.5999999999999999,2.9118408062774126,0.18711751400132437,0.9365531530223308,0.23076923076923078,5.2
0.23809523809523808,0.3743681545638132,0.5037878787878788,0.48901515151515157,0.2806687687687688,0.171981981981982,HandMovementDirection,2,5,5.0,24,96,guide=sig | walk=aligned,0.243,10,400,1.5999999999999999,2.390483775770864,0.1513982451178587,1.0013245139495446,0.12,9.7
0.1111111111111111,0.24618298195866545,0.48787878787878786,0.4340909090909091,0.2953015015015015,0.22126126126126128,HandMovementDirection,2,5,5.0,24,96,guide=dtw | walk=aligned,0.243,10,400,1.5999999999999999,3.8776439732246164,0.277694351926693,0.6069424618204092,0.42857142857142855,46.9
0.0,0.0,0.5,0.48522727272727273,0.35317837837837834,0.3322522522522523,HandMovementDirection,2,10,10.0,12,108,none,0.243,10,400,1.5999999999999999,,,,,
0.11764705882352941,0.2522624895547565,0.5106060606060606,0.5155303030303031,0.31434339339339334,0.26716216216216215,HandMovementDirection,2,10,10.0,12,108,SMOTE-raw,0.243,10,400,1.5999999999999999,2.5512019115680182,0.17970790622163169,0.609434456702092,,
0.0625,0.18048755518250442,0.5053030303030304,0.48901515151515157,0.33795555555555556,0.31702702702702695,HandMovementDirection,2,10,10.0,12,108,guide=gpf | walk=plain,0.243,10,400,1.5999999999999999,15.791354636690697,0.47541483379524296,3.5443491891812666,0.28125,0.5
0.0,0.0,0.4772727272727273,0.45530303030303027,0.35229594594594593,0.3340990990990991,HandMovementDirection,2,10,10.0,12,108,guide=gpf | walk=aligned,0.243,10,400,1.5999999999999999,11.061276773813601,0.47666262517070446,1.7575715012921855,0.048214285714285716,27.9
0.06060606060606061,0.17837651700316892,0.49393939393939396,0.5193181818181818,0.314198048048048,0.280045045045045,HandMovementDirection,2,10,10.0,12,108,guide=sig | walk=aligned,0.243,10,400,1.5999999999999999,3.9492349989560864,0.22440029328030442,1.1677143081328034,0.048214285714285716,27.2
0.125,0.2581988897471611,0.5333333333333333,0.5632575757575757,0.29360210210210214,0.25495495495495496,HandMovementDirection,2,10,10.0,12,108,guide=dtw | walk=aligned,0.243,10,400,1.5999999999999999,6.268442555658412,0.37029394702476853,0.8534043695300736,0.3375,61.8
0.0,0.0,0.5,0.390530303030303,0.3873316816816817,0.27004504504504506,HandMovementDirection,2,20,20.0,6,114,none,0.243,10,400,1.4,,,,,
0.06451612903225806,0.18257418583505536,0.5166666666666667,0.43219696969696975,0.3420235735735736,0.31184684684684677,HandMovementDirection,2,20,20.0,6,114,SMOTE-raw,0.243,10,400,1.4,4.294998027539419,0.2897390536546227,0.52753259175794,,
0.0,0.0,0.5,0.35643939393939394,0.3764963963963964,0.27738738738738733,HandMovementDirection,2,20,20.0,6,114,guide=gpf | walk=plain,0.243,10,400,1.4,12.730272962582733,0.658848299006071,0.7486080529767171,0.111328125,1.3
0.0,0.0,0.5,0.3246212121212121,0.3723481981981982,0.31148648648648647,HandMovementDirection,2,20,20.0,6,114,guide=gpf | walk=aligned,0.243,10,400,1.4,9.85999948302653,0.48332751584821887,1.1193481141923134,0.0488013698630137,29.3
0.0,0.0,0.4772727272727273,0.4253787878787879,0.3715839339339339,0.36031531531531535,HandMovementDirection,2,20,20.0,6,114,guide=sig | walk=aligned,0.243,10,400,1.4,8.004654134070153,0.46171899893326224,0.7000003578771149,0.0488013698630137,28.7
0.06451612903225806,0.18257418583505536,0.5166666666666667,0.4784090909090909,0.3527027027027027,0.3427027027027027,HandMovementDirection,2,20,20.0,6,114,guide=dtw | walk=aligned,0.243,10,400,1.4,10.092524217611752,0.567087092522935,0.2763686407194137,0.08689024390243902,243.8
0.7368421052631579,0.7637626158259734,0.7916666666666667,0.9979745370370371,0.010944518518518518,0.021044444444444442,ArticularyWordRecognition,0,5,24.0,11,253,none,0.53,9,144,1.7999999999999998,,,,,
0.7368421052631579,0.7637626158259734,0.7916666666666667,0.9985532407407408,0.009361555555555557,0.01457777777777778,ArticularyWordRecognition,0,5,24.0,11,253,SMOTE-raw,0.53,9,144,1.7999999999999998,1.7871764123459375,0.20452131648395988,0.4648991426784426,,
0.9090909090909091,0.9128709291752769,0.9166666666666667,0.9992766203703705,0.005776185185185185,0.013144444444444443,ArticularyWordRecognition,0,5,24.0,11,253,guide=gpf | walk=plain,0.53,9,144,1.7999999999999998,2.073136286896961,0.12225765286978285,1.3416141304677924,0.8784722222222222,0.3
0.9565217391304348,0.9574271077563381,0.9583333333333333,0.9997106481481481,0.004229481481481482,0.019000000000000003,ArticularyWordRecognition,0,5,24.0,11,253,guide=gpf | walk=aligned,0.53,9,144,1.7999999999999998,1.6075796769971404,0.12721635505980344,0.9063971686841916,0.8784722222222222,0.9
0.9565217391304348,0.9574271077563381,0.9583333333333333,0.9979745370370371,0.004141074074074075,0.012055555555555555,ArticularyWordRecognition,0,5,24.0,11,253,guide=sig | walk=aligned,0.53,9,144,1.7999999999999998,1.149560320603289,0.09918213504287843,1.133269274508637,0.8784722222222222,1.4
0.9565217391304348,0.9574271077563381,0.9583333333333333,0.9971064814814814,0.004336518518518517,0.01782222222222222,ArticularyWordRecognition,0,5,24.0,11,253,guide=dtw | walk=aligned,0.53,9,144,1.7999999999999998,1.264317972561095,0.10070612600245066,1.0814954208615895,0.98828125,12.8
0.6666666666666666,0.7071067811865476,0.75,0.9943576388888888,0.010924962962962963,0.019866666666666668,ArticularyWordRecognition,0,10,24.0,11,253,none,0.53,9,144,2.0,,,,,
0.7368421052631579,0.7637626158259734,0.7916666666666667,0.9985532407407407,0.009240518518518518,0.014733333333333334,ArticularyWordRecognition,0,10,24.0,11,253,SMOTE-raw,0.53,9,144,2.0,1.762380498981674,0.2184662632682387,0.4067719542531976,,
0.9565217391304348,0.9574271077563381,0.9583333333333333,0.9994212962962963,0.0048729259259259255,0.013788888888888889,ArticularyWordRecognition,0,10,24.0,11,253,guide=gpf | walk=plain,0.53,9,144,2.0,2.5328677610903902,0.13851157603595388,1.8889523344946972,0.8784722222222222,0.3
0.9565217391304348,0.9574271077563381,0.9583333333333333,0.9997106481481481,0.004263444444444445,0.017099999999999997,ArticularyWordRecognition,0,10,24.0,11,253,guide=gpf | walk=aligned,0.53,9,144,2.0,1.7492150808122506,0.12715758515190068,1.2572541773745305,0.8784722222222222,0.9
0.9565217391304348,0.9574271077563381,0.9583333333333333,0.9994212962962963,0.0034451111111111115,0.015000000000000001,ArticularyWordRecognition,0,10,24.0,11,253,guide=sig | walk=aligned,0.53,9,144,2.0,0.9835405570550826,0.07499387569319971,1.31987950499375,0.8784722222222222,1.4
0.9565217391304348,0.9574271077563381,0.9583333333333333,0.9991319444444444,0.004143259259259259,0.020555555555555556,ArticularyWordRecognition,0,10,24.0,11,253,guide=dtw | walk=aligned,0.53,9,144,2.0,1.1058977313361638,0.07897142365141563,1.4381245678589147,0.98828125,12.8
0.8,0.816496580927726,0.8333333333333333,0.9950810185185186,0.011189407407407407,0.021177777777777778,ArticularyWordRecognition,0,20,24.0,11,253,none,0.53,9,144,1.7999999999999998,,,,,
0.7368421052631579,0.7637626158259734,0.7916666666666667,0.9985532407407407,0.009631925925925926,0.014488888888888888,ArticularyWordRecognition,0,20,24.0,11,253,SMOTE-raw,0.53,9,144,1.7999999999999998,1.6715264086689352,0.1981673383372426,0.45859244821956624,,
0.9565217391304348,0.9574271077563381,0.9583333333333333,0.9950810185185185,0.005659444444444444,0.01338888888888889,ArticularyWordRecognition,0,20,24.0,11,253,guide=gpf | walk=plain,0.53,9,144,1.7999999999999998,2.3770546926146405,0.14898821577195942,1.3132187424303914,0.8784722222222222,0.3
0.9565217391304348,0.9574271077563381,0.9583333333333333,0.9994212962962963,0.0043182222222222216,0.017155555555555556,ArticularyWordRecognition,0,20,24.0,11,253,guide=gpf | walk=aligned,0.53,9,144,1.7999999999999998,1.9199011393958365,0.1588625309822994,0.8368311436457084,0.8784722222222222,0.9
0.9565217391304348,0.9574271077563381,0.9583333333333333,0.9976851851851851,0.0041091851851851845,0.011577777777777782,ArticularyWordRecognition,0,20,24.0,11,253,guide=sig | walk=aligned,0.53,9,144,1.7999999999999998,1.1613476153404552,0.1001331923269907,1.0737657327237098,0.8784722222222222,1.4
0.9565217391304348,0.9574271077563381,0.9583333333333333,0.9986979166666666,0.003844703703703703,0.014522222222222221,ArticularyWordRecognition,0,20,24.0,11,253,guide=dtw | walk=aligned,0.53,9,144,1.7999999999999998,1.2580949884048742,0.09870689661625942,1.1446350040376843,0.98828125,12.7
0.7368421052631579,0.7637626158259734,0.7916666666666667,0.9918981481481481,0.011562555555555555,0.022477777777777774,ArticularyWordRecognition,1,5,24.0,11,253,none,0.53,9,144,2.0,,,,,
0.7368421052631579,0.7637626158259734,0.7916666666666667,0.9986979166666667,0.010104962962962963,0.01657777777777778,ArticularyWordRecognition,1,5,24.0,11,253,SMOTE-raw,0.53,9,144,2.0,1.6506265983184818,0.18854432360458961,0.510904548277905,,
0.9090909090909091,0.9128709291752769,0.9166666666666667,0.9972511574074074,0.006218851851851852,0.01521111111111111,ArticularyWordRecognition,1,5,24.0,11,253,guide=gpf | walk=plain,0.53,9,144,2.0,2.2319644313866043,0.13100258201626547,1.6019922566717648,0.8784722222222222,0.3
0.9565217391304348,0.9574271077563381,0.9583333333333333,0.9997106481481481,0.0042033703703703695,0.017588888888888887,ArticularyWordRecognition,1,5,24.0,11,253,guide=gpf | walk=aligned,0.53,9,144,2.0,1.8025284143724125,0.13777328283483004,1.011014925875509,0.8784722222222222,1.0
0.9565217391304348,0.9574271077563381,0.9583333333333333,0.9995659722222222,0.003888037037037037,0.014233333333333332,ArticularyWordRecognition,1,5,24.0,11,253,guide=sig | walk=aligned,0.53,9,144,2.0,1.039935068434568,0.08740240697372748,1.1524642791370632,0.8784722222222222,1.4
0.9565217391304348,0.9574271077563381,0.9583333333333333,0.9991319444444444,0.004115592592592592,0.019255555555555554,ArticularyWordRecognition,1,5,24.0,11,253,guide=dtw | walk=aligned,0.53,9,144,2.0,1.2514220941897651,0.09608633993529381,1.2851048295642833,0.98828125,13.0
0.7368421052631579,0.7637626158259734,0.7916666666666667,0.9947916666666666,0.011320555555555558,0.021455555555555554,ArticularyWordRecognition,1,10,24.0,11,253,none,0.53,9,144,2.0,,,,,
0.7368421052631579,0.7637626158259734,0.7916666666666667,0.998119212962963,0.010021296296296296,0.01578888888888889,ArticularyWordRecognition,1,10,24.0,11,253,SMOTE-raw,0.53,9,144,2.0,1.717946689826789,0.20329507835629512,0.4541716942386324,,
0.9565217391304348,0.9574271077563381,0.9583333333333333,0.9973958333333333,0.005654296296296296,0.013955555555555556,ArticularyWordRecognition,1,10,24.0,11,253,guide=gpf | walk=plain,0.53,9,144,2.0,2.237783350693725,0.14061373412510703,1.4243965429319612,0.8784722222222222,0.3
0.9565217391304348,0.9574271077563381,0.9583333333333333,0.9994212962962963,0.004250666666666667,0.017133333333333334,ArticularyWordRecognition,1,10,24.0,11,253,guide=gpf | walk=aligned,0.53,9,144,2.0,1.800502539832923,0.14290782120380452,0.9554627745538739,0.8784722222222222,0.9
0.9565217391304348,0.9574271077563381,0.9583333333333333,0.9988425925925926,0.004096518518518519,0.017688888888888886,ArticularyWordRecognition,1,10,24.0,11,253,guide=sig | walk=aligned,0.53,9,144,2.0,1.0541818863611656,0.08652368040086467,1.198262367494203,0.8784722222222222,1.4
0.9565217391304348,0.9574271077563381,0.9583333333333333,0.9981192129629629,0.004397777777777777,0.01991111111111111,ArticularyWordRecognition,1,10,24.0,11,253,guide=dtw | walk=aligned,0.53,9,144,2.0,1.299280360140969,0.09630308741291094,1.2974184197537548,0.98828125,13.2
0.6666666666666666,0.7071067811865476,0.75,0.9929108796296297,0.011063259259259259,0.02084444444444444,ArticularyWordRecognition,1,20,24.0,11,253,none,0.53,9,144,2.0,,,,,
0.7368421052631579,0.7637626158259734,0.7916666666666667,0.997974537037037,0.010028629629629627,0.01618888888888889,ArticularyWordRecognition,1,20,24.0,11,253,SMOTE-raw,0.53,9,144,2.0,1.8172167790237044,0.20784633428032429,0.46185041048537573,,
0.9090909090909091,0.9128709291752769,0.9166666666666667,0.9985532407407407,0.005967407407407407,0.015511111111111111,ArticularyWordRecognition,1,20,24.0,11,253,guide=gpf | walk=plain,0.53,9,144,2.0,2.1566089722602637,0.12688435813846954,1.5560468652882207,0.8784722222222222,0.3
0.9565217391304348,0.9574271077563381,0.9583333333333333,0.9949363425925926,0.00508462962962963,0.014522222222222225,ArticularyWordRecognition,1,20,24.0,11,253,guide=gpf | walk=aligned,0.53,9,144,2.0,1.708565406237316,0.12721994753606447,1.0544081803449699,0.8784722222222222,1.0
0.9565217391304348,0.9574271077563381,0.9583333333333333,0.9986979166666666,0.004131111111111112,0.017244444444444448,ArticularyWordRecognition,1,20,24.0,11,253,guide=sig | walk=aligned,0.53,9,144,2.0,1.05167436076038,0.08935000684925853,1.0982058579229605,0.8784722222222222,1.4
0.9565217391304348,0.9574271077563381,0.9583333333333333,0.9986979166666666,0.004229037037037036,0.02033333333333333,ArticularyWordRecognition,1,20,24.0,11,253,guide=dtw | walk=aligned,0.53,9,144,2.0,1.2414490352745098,0.09196681159923248,1.309898955393246,0.98828125,13.1
0.6666666666666666,0.7071067811865476,0.75,0.994068287037037,0.011741703703703704,0.02157777777777778,ArticularyWordRecognition,2,5,24.0,11,253,none,0.53,9,144,2.0,,,,,
0.7368421052631579,0.7637626158259734,0.7916666666666667,0.9971064814814814,0.010088740740740742,0.015444444444444448,ArticularyWordRecognition,2,5,24.0,11,253,SMOTE-raw,0.53,9,144,2.0,1.757856016758879,0.20859130086072453,0.44373104210718556,,
0.9090909090909091,0.9128709291752769,0.9166666666666667,0.997974537037037,0.006145370370370371,0.014166666666666666,ArticularyWordRecognition,2,5,24.0,11,253,guide=gpf | walk=plain,0.53,9,144,2.0,2.4352077996868005,0.1414846389329788,1.6429772518132162,0.8784722222222222,0.3
0.9090909090909091,0.9128709291752769,0.9166666666666667,0.9921875,0.005285740740740741,0.014966666666666666,ArticularyWordRecognition,2,5,24.0,11,253,guide=gpf | walk=aligned,0.53,9,144,2.0,1.7933332831202122,0.13102930984624672,1.109965837335279,0.8784722222222222,1.0
0.9565217391304348,0.9574271077563381,0.9583333333333333,0.9994212962962963,0.003640555555555555,0.015455555555555557,ArticularyWordRecognition,2,5,24.0,11,253,guide=sig | walk=aligned,0.53,9,144,2.0,1.0020189542111257,0.07663992709184075,1.2753462401267737,0.8784722222222222,1.4
0.9565217391304348,0.9574271077563381,0.9583333333333333,0.9998553240740742,0.0037912222222222223,0.019011111111111107,ArticularyWordRecognition,2,5,24.0,11,253,guide=dtw | walk=aligned,0.53,9,144,2.0,1.0989150906816647,0.0819800961387076,1.4743453268915605,0.98828125,12.7
0.8,0.816496580927726,0.8333333333333333,0.9959490740740741,0.010276925925925927,0.019811111111111113,ArticularyWordRecognition,2,10,24.0,11,253,none,0.53,9,144,2.0,,,,,
0.7368421052631579,0.7637626158259734,0.7916666666666667,0.9963831018518517,0.009910629629629629,0.014966666666666672,ArticularyWordRecognition,2,10,24.0,11,253,SMOTE-raw,0.53,9,144,2.0,1.640679038457069,0.19280786628350005,0.490894651782182,,
0.9090909090909091,0.9128709291752769,0.9166666666666667,0.9984085648148148,0.005998777777777777,0.0137,ArticularyWordRecognition,2,10,24.0,11,253,guide=gpf | walk=plain,0.53,9,144,2.0,2.5926036038247844,0.1408610270385351,1.8941808151029857,0.8784722222222222,0.3
0.9565217391304348,0.9574271077563381,0.9583333333333333,0.9986979166666667,0.004752629629629629,0.014011111111111108,ArticularyWordRecognition,2,10,24.0,11,253,guide=gpf | walk=aligned,0.53,9,144,2.0,1.811557700702405,0.1297845839059788,1.1412900621853,0.8784722222222222,0.9
0.9565217391304348,0.9574271077563381,0.9583333333333333,0.9997106481481481,0.00351062962962963,0.014255555555555558,ArticularyWordRecognition,2,10,24.0,11,253,guide=sig | walk=aligned,0.53,9,144,2.0,0.9730825481689198,0.07471584508453866,1.5124849427272409,0.790625,1.5
0.9565217391304348,0.9574271077563381,0.9583333333333333,0.9988425925925926,0.004147185185185185,0.02,ArticularyWordRecognition,2,10,24.0,11,253,guide=dtw | walk=aligned,0.53,9,144,2.0,1.1902694652654198,0.08592648675492531,1.5795770121375388,0.98828125,12.8
0.6666666666666666,0.7071067811865476,0.75,0.9946469907407407,0.011190888888888889,0.020955555555555554,ArticularyWordRecognition,2,20,24.0,11,253,none,0.53,9,144,2.0,,,,,
0.7368421052631579,0.7637626158259734,0.7916666666666667,0.9973958333333334,0.009583111111111112,0.014955555555555557,ArticularyWordRecognition,2,20,24.0,11,253,SMOTE-raw,0.53,9,144,2.0,1.6665295566369203,0.19919108242786698,0.4615646671911738,,
0.9090909090909091,0.9128709291752769,0.9166666666666667,0.9994212962962963,0.0056169629629629625,0.013577777777777779,ArticularyWordRecognition,2,20,24.0,11,253,guide=gpf | walk=plain,0.53,9,144,2.0,2.314569242907133,0.13067724022569593,1.7759252770200242,0.8784722222222222,0.3
0.9565217391304348,0.9574271077563381,0.9583333333333333,0.9991319444444444,0.004408000000000001,0.017666666666666667,ArticularyWordRecognition,2,20,24.0,11,253,guide=gpf | walk=aligned,0.53,9,144,2.0,1.67437597007965,0.12068067110305569,1.2364070420340876,0.8784722222222222,0.9
0.9565217391304348,0.9574271077563381,0.9583333333333333,0.9992766203703703,0.003845925925925926,0.01682222222222222,ArticularyWordRecognition,2,20,24.0,11,253,guide=sig | walk=aligned,0.53,9,144,2.0,0.9663287452501663,0.07125106448703067,1.6578270841614544,0.8784722222222222,1.4
0.9565217391304348,0.9574271077563381,0.9583333333333333,1.0,0.0038918888888888887,0.018144444444444442,ArticularyWordRecognition,2,20,24.0,11,253,guide=dtw | walk=aligned,0.53,9,144,2.0,1.1781234220173147,0.08401358967427497,1.5461491913429823,0.98828125,12.9
0.9723756906077348,0.9727469142278401,0.9731182795698925,0.9999199353077286,0.003036397400185701,0.0072330547818012965,CharacterTrajectories,0,5,14.3,93,1236,none,0.828,3,182,1.7999999999999998,,,,,
0.978021978021978,0.9782582722940951,0.978494623655914,0.9998758997269794,0.002247237697307335,0.005169452181987,CharacterTrajectories,0,5,14.3,93,1236,SMOTE-raw,0.828,3,182,1.7999999999999998,0.18423807143880655,0.02829596970545034,0.723382894735012,,
0.9891304347826086,0.9891888715790903,0.989247311827957,0.9998078447385487,0.0020795496750232127,0.005564066852367689,CharacterTrajectories,0,5,14.3,93,1236,guide=gpf | walk=plain,0.828,3,182,1.7999999999999998,0.2136995923237155,0.03024320423136828,0.8092291334593115,0.9903846153846154,0.5
0.9836065573770492,0.9837387536759294,0.9838709677419355,0.999851880319298,0.002084014237078304,0.005728876508820796,CharacterTrajectories,0,5,14.3,93,1236,guide=gpf | walk=aligned,0.828,3,182,1.7999999999999998,0.1386654863726191,0.017505844346098143,0.8916136559777991,0.9903846153846154,3.6
0.9891304347826086,0.9891888715790903,0.989247311827957,0.9997718156270267,0.002183588672237697,0.005893686165273908,CharacterTrajectories,0,5,14.3,93,1236,guide=sig | walk=aligned,0.828,3,182,1.7999999999999998,0.1337047771669626,0.015211167902199896,1.0363341771959593,0.9903846153846154,4.0
0.9723756906077348,0.9727469142278401,0.9731182795698925,0.9999119288385014,0.0030445218198700097,0.007056638811513453,CharacterTrajectories,0,10,14.3,93,1236,none,0.828,3,182,1.7999999999999998,,,,,
0.978021978021978,0.9782582722940951,0.978494623655914,0.9998558835539115,0.002235051067780873,0.005752089136490249,CharacterTrajectories,0,10,14.3,93,1236,SMOTE-raw,0.828,3,182,1.7999999999999998,0.20453281557182024,0.03294775484116286,0.6840349334659339,,
0.9836065573770492,0.9837387536759294,0.9838709677419355,0.9998198544423894,0.002185027855153203,0.005735840297121628,CharacterTrajectories,0,10,14.3,93,1236,guide=gpf | walk=plain,0.828,3,182,1.7999999999999998,0.1929596805624625,0.02562219259285159,0.850606055735988,0.9903846153846154,0.5
0.9891304347826086,0.9891888715790903,0.989247311827957,0.9997998382693216,0.0021294413494274216,0.005972609099350047,CharacterTrajectories,0,10,14.3,93,1236,guide=gpf | walk=aligned,0.828,3,182,1.7999999999999998,0.12995923581452207,0.016053796483013083,0.9164441057222698,0.9903846153846154,3.4
0.9891304347826086,0.9891888715790903,0.989247311827957,0.9997718156270267,0.0021980965645311047,0.0063927576601671265,CharacterTrajectories,0,10,14.3,93,1236,guide=sig | walk=aligned,0.828,3,182,1.7999999999999998,0.12745356368489524,0.014595804914220523,1.054764445780829,0.9903846153846154,4.0
0.9666666666666667,0.9672041516493516,0.967741935483871,0.9999039223692744,0.0034597802537913963,0.008314763231197767,CharacterTrajectories,0,20,20.1,66,1263,none,0.828,3,182,1.7999999999999998,,,,,
0.9666666666666667,0.9672041516493516,0.967741935483871,0.9998398706154574,0.002579766326214794,0.00597725162488394,CharacterTrajectories,0,20,20.1,66,1263,SMOTE-raw,0.828,3,182,1.7999999999999998,0.255933560650603,0.040074455180759805,0.6826200239300816,,
0.9723756906077348,0.9727469142278401,0.9731182795698925,0.9997638091577995,0.002717216032188177,0.006292943361188494,CharacterTrajectories,0,20,20.1,66,1263,guide=gpf | walk=plain,0.828,3,182,1.7999999999999998,0.3622599805911584,0.03998819205631965,0.9104024585620796,0.98671875,0.5
0.9836065573770492,0.9837387536759294,0.9838709677419355,0.9998198544423895,0.002268624264933457,0.005898328690807793,CharacterTrajectories,0,20,20.1,66,1263,guide=gpf | walk=aligned,0.828,3,182,1.7999999999999998,0.24957523522874592,0.028470033541637685,1.0024005880733657,0.98671875,3.5
0.9891304347826086,0.9891888715790903,0.989247311827957,0.9998478770846845,0.0020090838749613122,0.005803156917363048,CharacterTrajectories,0,20,20.1,66,1263,guide=sig | walk=aligned,0.828,3,182,1.7999999999999998,0.17110667639360333,0.02235277100235855,1.0330902940447164,0.98671875,4.1
0.978021978021978,0.9782582722940951,0.978494623655914,0.9998959159000472,0.0029146549056019806,0.007683379758588678,CharacterTrajectories,1,5,14.3,93,1236,none,0.828,3,182,2.0,,,,,
0.9836065573770492,0.9837387536759294,0.9838709677419355,0.9998438738500708,0.002212480656143609,0.005164809656453109,CharacterTrajectories,1,5,14.3,93,1236,SMOTE-raw,0.828,3,182,2.0,0.1984472287362955,0.03112713090858532,0.6994146024733368,,
0.9891304347826086,0.9891888715790903,0.989247311827957,0.999823857677003,0.0020422237697307337,0.006557567316620254,CharacterTrajectories,1,5,14.3,93,1236,guide=gpf | walk=plain,0.828,3,182,2.0,0.1865842629771013,0.021813298075300858,1.0368162356060753,0.9903846153846154,0.5
0.9891304347826086,0.9891888715790903,0.989247311827957,0.9999479579500237,0.0018808727948003711,0.006940575673166204,CharacterTrajectories,1,5,14.3,93,1236,guide=gpf | walk=aligned,0.828,3,182,2.0,0.13187753755425025,0.015283616578155912,1.064919835271673,0.9903846153846154,3.5
0.9891304347826086,0.9891888715790903,0.989247311827957,0.9998558835539115,0.002083960074280409,0.006850046425255344,CharacterTrajectories,1,5,14.3,93,1236,guide=sig | walk=aligned,0.828,3,182,2.0,0.14113089515211108,0.01585507665469521,1.2195483000763379,0.9903846153846154,3.9
0.9723756906077348,0.9727469142278401,0.9731182795698925,0.999879902961593,0.0030040389972144843,0.007038068709377893,CharacterTrajectories,1,10,14.3,93,1236,none,0.828,3,182,2.0,,,,,
0.9836065573770492,0.9837387536759294,0.9838709677419355,0.9998638900231387,0.0021837511606313835,0.005292479108635085,CharacterTrajectories,1,10,14.3,93,1236,SMOTE-raw,0.828,3,182,2.0,0.19803725965466867,0.03064033861026272,0.7036516797739525,,
0.9891304347826086,0.9891888715790903,0.989247311827957,0.999879902961593,0.0019932296502630765,0.006413649025069632,CharacterTrajectories,1,10,14.3,93,1236,guide=gpf | walk=plain,0.828,3,182,2.0,0.1857634900561944,0.021339478027616043,1.0155754660540877,0.9903846153846154,0.5
0.9891304347826086,0.9891888715790903,0.989247311827957,0.9999119288385014,0.0019366140513772826,0.006364902506963786,CharacterTrajectories,1,10,14.3,93,1236,guide=gpf | walk=aligned,0.828,3,182,2.0,0.1333368729663036,0.015214475802126648,1.055551296270197,0.9903846153846154,3.5
0.9891304347826086,0.9891888715790903,0.989247311827957,0.9999039223692744,0.0020751083255957908,0.006636490250696381,CharacterTrajectories,1,10,14.3,93,1236,guide=sig | walk=aligned,0.828,3,182,2.0,0.13553396987751576,0.015586494532088047,1.2295613944103885,0.9903846153846154,3.9
0.9723756906077348,0.9727469142278401,0.9731182795698925,0.999879902961593,0.003207288765088208,0.008207985143918274,CharacterTrajectories,1,20,20.1,66,1263,none,0.828,3,182,1.7999999999999998,,,,,
0.9836065573770492,0.9837387536759294,0.9838709677419355,0.9999039223692743,0.002340475085112968,0.005749767873723301,CharacterTrajectories,1,20,20.1,66,1263,SMOTE-raw,0.828,3,182,1.7999999999999998,0.21630872281441338,0.033778236711073606,0.682950457527456,,
0.9891304347826086,0.9891888715790903,0.989247311827957,0.9997878285654809,0.0019398715567935623,0.005851903435468895,CharacterTrajectories,1,20,20.1,66,1263,guide=gpf | walk=plain,0.828,3,182,1.7999999999999998,0.28462362110546824,0.036500625887767035,0.8714949522262229,0.98671875,0.5
0.9836065573770492,0.9837387536759294,0.9838709677419355,0.9998398706154573,0.002005756731662024,0.006564531104921083,CharacterTrajectories,1,20,20.1,66,1263,guide=gpf | walk=aligned,0.828,3,182,1.7999999999999998,0.22506928988013009,0.02595318530680535,0.9839332405070358,0.98671875,3.7
0.9836065573770492,0.9837387536759294,0.9838709677419355,0.9998478770846845,0.002072856700711854,0.0060538532961931305,CharacterTrajectories,1,20,20.1,66,1263,guide=sig | walk=aligned,0.828,3,182,1.7999999999999998,0.15830317452885811,0.01828391347478242,1.0407746412410783,0.98671875,4.2
0.9723756906077348,0.9727469142278401,0.9731182795698925,0.9998678932577523,0.00323430826369545,0.007302692664809644,CharacterTrajectories,2,5,14.3,93,1236,none,0.828,3,182,1.7999999999999998,,,,,
0.978021978021978,0.9782582722940951,0.978494623655914,0.9998718964923657,0.002292835035592696,0.00528319405756731,CharacterTrajectories,2,5,14.3,93,1236,SMOTE-raw,0.828,3,182,1.7999999999999998,0.19718240499677098,0.03155247387023297,0.7022115045823631,,
0.9836065573770492,0.9837387536759294,0.9838709677419355,0.9998078447385488,0.0022105926957598264,0.005810120705663886,CharacterTrajectories,2,5,14.3,93,1236,guide=gpf | walk=plain,0.828,3,182,1.7999999999999998,0.21672826345916896,0.029725632480792408,0.8313969683373167,0.9903846153846154,0.5
0.9836065573770492,0.9837387536759294,0.9838709677419355,0.9998438738500709,0.0020048050139275767,0.005559424326833799,CharacterTrajectories,2,5,14.3,93,1236,guide=gpf | walk=aligned,0.828,3,182,1.7999999999999998,0.13960489270356202,0.01757126555674815,0.9109256257039666,0.9903846153846154,3.4
0.9891304347826086,0.9891888715790903,0.989247311827957,0.9997918318000945,0.0021134633240482825,0.0064298978644382575,CharacterTrajectories,2,5,14.3,93,1236,guide=sig | walk=aligned,0.828,3,182,1.7999999999999998,0.1270450556227205,0.01438638677788362,1.065330710940415,0.9903846153846154,4.0
0.9723756906077348,0.9727469142278401,0.9731182795698925,0.9998558835539116,0.0031187248529866924,0.00653667595171773,CharacterTrajectories,2,10,14.3,93,1236,none,0.828,3,182,2.0,,,,,
0.978021978021978,0.9782582722940951,0.978494623655914,0.9998358673808437,0.0023628056329309814,0.005443361188486531,CharacterTrajectories,2,10,14.3,93,1236,SMOTE-raw,0.828,3,182,2.0,0.20524478632888776,0.0319607087017163,0.7174161399494096,,
0.9891304347826086,0.9891888715790903,0.989247311827957,0.9998478770846844,0.0021104147322810276,0.006764159702878372,CharacterTrajectories,2,10,14.3,93,1236,guide=gpf | walk=plain,0.828,3,182,2.0,0.18727568173021236,0.019937464816886075,1.1047213154674296,0.9903846153846154,0.5
0.9891304347826086,0.9891888715790903,0.989247311827957,0.999879902961593,0.002116511915815537,0.007079851439182903,CharacterTrajectories,2,10,14.3,93,1236,guide=gpf | walk=aligned,0.828,3,182,2.0,0.13775923410372126,0.015540125394120419,1.1362418826189238,0.9903846153846154,3.4
0.9891304347826086,0.9891888715790903,0.989247311827957,0.9997437929847317,0.0023145233673785206,0.006966109563602594,CharacterTrajectories,2,10,14.3,93,1236,guide=sig | walk=aligned,0.828,3,182,2.0,0.14281436469796027,0.015333593629525466,1.280698356126274,0.9903846153846154,4.0
0.9666666666666667,0.9672041516493516,0.967741935483871,0.9998438738500709,0.003569893221912721,0.007732126276694521,CharacterTrajectories,2,20,20.1,66,1263,none,0.828,3,182,1.7999999999999998,,,,,
0.9723756906077348,0.9727469142278401,0.9731182795698925,0.9998278609116167,0.002560314144227793,0.005276230269266478,CharacterTrajectories,2,20,20.1,66,1263,SMOTE-raw,0.828,3,182,1.7999999999999998,0.23030172447058295,0.03770222907593235,0.6930793230305945,,
0.9836065573770492,0.9837387536759294,0.9838709677419355,0.9998678932577523,0.0019792401733209532,0.005861188486536667,CharacterTrajectories,2,20,20.1,66,1263,guide=gpf | walk=plain,0.828,3,182,1.7999999999999998,0.2714563474527578,0.03299870282639261,0.909572953988634,0.98671875,0.5
0.9891304347826086,0.9891888715790903,0.989247311827957,0.9998478770846845,0.00207513153822346,0.005399257195914585,CharacterTrajectories,2,20,20.1,66,1263,guide=gpf | walk=aligned,0.828,3,182,1.7999999999999998,0.21153921345890936,0.024990146416918324,0.9939697777877331,0.98671875,3.6
0.9891304347826086,0.9891888715790903,0.989247311827957,0.9997758188616401,0.002232776230269266,0.005775301764159697,CharacterTrajectories,2,20,20.1,66,1263,guide=sig | walk=aligned,0.828,3,182,1.7999999999999998,0.1466957891736289,0.016703549323681788,1.1320545185503765,0.98671875,4.1
0.6666666666666666,0.7071067811865476,0.75,0.9898989898989898,0.02693765432098765,0.04277777777777778,Cricket,0,5,11.0,9,90,none,0.421,6,1197,1.5999999999999999,,,,,
0.8,0.816496580927726,0.8333333333333333,0.9848484848484849,0.02465,0.04027777777777777,Cricket,0,5,11.0,9,90,SMOTE-raw,0.421,6,1197,1.5999999999999999,3.006187897987786,0.2738351470249391,0.4786901916795888,,
1.0,1.0,1.0,1.0,0.011220061728395061,0.06120370370370371,Cricket,0,5,11.0,9,90,guide=gpf | walk=plain,0.421,6,1197,1.5999999999999999,3.912853982525979,0.1719856611495182,2.572173665126584,0.5625,0.3
0.9090909090909091,0.9128709291752769,0.9166666666666667,0.9974747474747475,0.018636882716049383,0.06236111111111111,Cricket,0,5,11.0,9,90,guide=gpf | walk=aligned,0.421,6,1197,1.5999999999999999,2.338413148336997,0.19188558211676632,0.7506147875768158,0.703125,7.9
0.8,0.816496580927726,0.8333333333333333,0.994949494949495,0.020710956790123455,0.048657407407407406,Cricket,0,5,11.0,9,90,guide=sig | walk=aligned,0.421,6,1197,1.5999999999999999,2.711629330149105,0.23002730303590757,0.6522651365869768,0.703125,8.6
0.6666666666666666,0.7071067811865476,0.75,0.9886363636363636,0.026913734567901235,0.04282407407407407,Cricket,0,10,11.0,9,90,none,0.421,6,1197,1.5999999999999999,,,,,
0.8,0.816496580927726,0.8333333333333333,0.9835858585858587,0.025487037037037034,0.03907407407407408,Cricket,0,10,11.0,9,90,SMOTE-raw,0.421,6,1197,1.5999999999999999,2.949083988660517,0.26425869706815436,0.5134985405955637,,
0.9230769230769231,0.9923953268977463,0.9924242424242424,1.0,0.012846296296296297,0.06296296296296296,Cricket,0,10,11.0,9,90,guide=gpf | walk=plain,0.421,6,1197,1.5999999999999999,4.603469282940004,0.20212997383588427,2.6815191125024285,0.5625,0.3
0.9090909090909091,0.9128709291752769,0.9166666666666667,0.994949494949495,0.019008024691358025,0.06370370370370369,Cricket,0,10,11.0,9,90,guide=gpf | walk=aligned,0.421,6,1197,1.5999999999999999,2.1024381340252347,0.17612911428799238,0.8291348224055226,0.703125,7.9
0.8,0.816496580927726,0.8333333333333333,0.9949494949494949,0.022057098765432097,0.048518518518518516,Cricket,0,10,11.0,9,90,guide=sig | walk=aligned,0.421,6,1197,1.5999999999999999,3.459494473181943,0.2820100464818223,0.6615866498115975,0.703125,8.7
0.5,0.5773502691896257,0.6666666666666666,0.9772727272727273,0.03919490740740741,0.04810185185185186,Cricket,0,20,19.8,5,94,none,0.421,6,1197,1.5999999999999999,,,,,
0.6666666666666666,0.7071067811865476,0.75,0.9684343434343434,0.03571466049382716,0.02393518518518518,Cricket,0,20,19.8,5,94,SMOTE-raw,0.421,6,1197,1.5999999999999999,4.077583030843945,0.2799788192573085,0.4209074632677471,,
0.6666666666666666,0.7071067811865476,0.75,1.0,0.026971913580246906,0.06814814814814814,Cricket,0,20,19.8,5,94,guide=gpf | walk=plain,0.421,6,1197,1.5999999999999999,9.490295908407584,0.3165645433464527,2.019473793026846,0.5875,0.3
0.6666666666666666,0.7071067811865476,0.75,0.9974747474747475,0.023794290123456786,0.05828703703703704,Cricket,0,20,19.8,5,94,guide=gpf | walk=aligned,0.421,6,1197,1.5999999999999999,6.264277310529126,0.3818494744407687,0.7133894069323111,0.4895833333333333,9.3
0.5,0.5773502691896257,0.6666666666666666,0.9974747474747475,0.03421635802469136,0.053148148148148146,Cricket,0,20,19.8,5,94,guide=sig | walk=aligned,0.421,6,1197,1.5999999999999999,5.650921367163887,0.3007492845056735,0.8904260857193169,0.9791666666666666,5.4
0.6666666666666666,0.7071067811865476,0.75,0.9924242424242424,0.025841358024691362,0.052314814814814814,Cricket,1,5,11.0,9,90,none,0.421,6,1197,1.7999999999999998,,,,,
0.6666666666666666,0.7071067811865476,0.75,0.9835858585858587,0.02681805555555556,0.04319444444444444,Cricket,1,5,11.0,9,90,SMOTE-raw,0.421,6,1197,1.7999999999999998,2.77667691899072,0.2804330981096808,0.41175311706673196,,
1.0,1.0,1.0,1.0,0.011904475308641976,0.06273148148148149,Cricket,1,5,11.0,9,90,guide=gpf | walk=plain,0.421,6,1197,1.7999999999999998,4.317135899385233,0.1784854638186122,3.226016152042728,0.5625,0.3
0.9090909090909091,0.9128709291752769,0.9166666666666667,0.9949494949494949,0.01962716049382716,0.06435185185185185,Cricket,1,5,11.0,9,90,guide=gpf | walk=aligned,0.421,6,1197,1.7999999999999998,2.3867726303305457,0.20191603329778707,0.7485281800983468,0.703125,7.8
0.8,0.816496580927726,0.8333333333333333,0.9974747474747475,0.02076913580246914,0.06453703703703702,Cricket,1,5,11.0,9,90,guide=sig | walk=aligned,0.421,6,1197,1.7999999999999998,2.9356160547413808,0.2519422038590764,0.6065348005489088,0.703125,8.7
0.6666666666666666,0.7071067811865476,0.75,0.9898989898989898,0.026379938271604935,0.05175925925925926,Cricket,1,10,11.0,9,90,none,0.421,6,1197,1.7999999999999998,,,,,
0.8,0.816496580927726,0.8333333333333333,0.9924242424242424,0.022535030864197534,0.04745370370370371,Cricket,1,10,11.0,9,90,SMOTE-raw,0.421,6,1197,1.7999999999999998,3.1965127793475254,0.28822440587679427,0.5004227719059648,,
1.0,1.0,1.0,1.0,0.013102314814814815,0.06634259259259259,Cricket,1,10,11.0,9,90,guide=gpf | walk=plain,0.421,6,1197,1.7999999999999998,4.89283850153608,0.18005978066048656,4.096273830117036,0.5625,0.3
0.9090909090909091,0.9128709291752769,0.9166666666666667,0.9949494949494949,0.020802006172839504,0.05199074074074074,Cricket,1,10,11.0,9,90,guide=gpf | walk=aligned,0.421,6,1197,1.7999999999999998,2.26325281524851,0.19021304216612134,0.8137339192694253,0.703125,7.9
0.9090909090909091,0.9128709291752769,0.9166666666666667,0.9974747474747474,0.01920864197530864,0.06472222222222224,Cricket,1,10,11.0,9,90,guide=sig | walk=aligned,0.421,6,1197,1.7999999999999998,2.850986003352986,0.2233414311381816,0.7562850501540892,0.703125,8.6
0.6666666666666666,0.7071067811865476,0.75,0.9898989898989898,0.03116666666666667,0.05768518518518518,Cricket,1,20,19.8,5,94,none,0.421,6,1197,1.5999999999999999,,,,,
0.2857142857142857,0.408248290463863,0.5833333333333334,1.0,0.036373919753086424,0.06921296296296296,Cricket,1,20,19.8,5,94,SMOTE-raw,0.421,6,1197,1.5999999999999999,5.211563644892395,0.4723314928313254,0.39128280076215566,,
0.2857142857142857,0.408248290463863,0.5833333333333334,0.9924242424242424,0.038609876543209874,0.048240740740740744,Cricket,1,20,19.8,5,94,guide=gpf | walk=plain,0.421,6,1197,1.5999999999999999,7.018657478917939,0.3653381029399131,1.8419001590898394,0.5875,0.3
0.8,0.816496580927726,0.8333333333333333,0.9974747474747475,0.023798148148148148,0.06527777777777777,Cricket,1,20,19.8,5,94,guide=gpf | walk=aligned,0.421,6,1197,1.5999999999999999,3.7084762722685145,0.3167008447931864,0.6185764868803039,0.734375,6.4
0.2857142857142857,0.408248290463863,0.5833333333333334,1.0,0.03355601851851851,0.06162037037037036,Cricket,1,20,19.8,5,94,guide=sig | walk=aligned,0.421,6,1197,1.5999999999999999,5.191845487802604,0.4211982616748215,0.48650109238790373,0.5875,8.8
0.6666666666666666,0.7071067811865476,0.75,0.9924242424242424,0.025950462962962963,0.053564814814814815,Cricket,2,5,11.0,9,90,none,0.421,6,1197,1.5999999999999999,,,,,
0.8,0.816496580927726,0.8333333333333333,0.9861111111111112,0.026955401234567897,0.04449074074074074,Cricket,2,5,11.0,9,90,SMOTE-raw,0.421,6,1197,1.5999999999999999,3.1644027495354266,0.3015199403156027,0.4335277424662475,,
1.0,1.0,1.0,1.0,0.013465740740740742,0.06509259259259259,Cricket,2,5,11.0,9,90,guide=gpf | walk=plain,0.421,6,1197,1.5999999999999999,4.373298355552034,0.19800378493422965,2.3216299651271157,0.5625,0.3
0.9090909090909091,0.9128709291752769,0.9166666666666667,0.994949494949495,0.017071296296296296,0.049722222222222216,Cricket,2,5,11.0,9,90,guide=gpf | walk=aligned,0.421,6,1197,1.5999999999999999,2.1870597079616303,0.1805420773624401,0.8129868460209206,0.703125,7.8
0.8,0.816496580927726,0.8333333333333333,0.9974747474747475,0.02350416666666667,0.07060185185185186,Cricket,2,5,11.0,9,90,guide=sig | walk=aligned,0.421,6,1197,1.5999999999999999,3.0645445176327613,0.2474265951007174,0.6720482976500891,0.703125,8.6
0.6666666666666666,0.7071067811865476,0.75,0.9924242424242424,0.027301234567901234,0.04435185185185186,Cricket,2,10,11.0,9,90,none,0.421,6,1197,1.5999999999999999,,,,,
0.8,0.816496580927726,0.8333333333333333,0.9797979797979798,0.02652592592592593,0.04537037037037037,Cricket,2,10,11.0,9,90,SMOTE-raw,0.421,6,1197,1.5999999999999999,2.978898827860119,0.2751979460919097,0.49179187019792386,,
1.0,1.0,1.0,1.0,0.012077469135802467,0.06138888888888888,Cricket,2,10,11.0,9,90,guide=gpf | walk=plain,0.421,6,1197,1.5999999999999999,4.281431272179896,0.19260414118695335,2.626520701560864,0.5625,0.3
0.9090909090909091,0.9128709291752769,0.9166666666666667,0.9949494949494949,0.020672376543209872,0.05995370370370371,Cricket,2,10,11.0,9,90,guide=gpf | walk=aligned,0.421,6,1197,1.5999999999999999,2.178258231482724,0.17513217635911904,0.81893672262502,0.703125,7.7
0.6666666666666666,0.7071067811865476,0.75,0.9949494949494949,0.02431635802469136,0.050277777777777775,Cricket,2,10,11.0,9,90,guide=sig | walk=aligned,0.421,6,1197,1.5999999999999999,2.6630864028064885,0.21176409540769625,0.7006446073978544,0.703125,8.6
0.5,0.5773502691896257,0.6666666666666666,0.9545454545454545,0.044236882716049385,0.03754629629629629,Cricket,2,20,19.8,5,94,none,0.421,6,1197,1.4,,,,,
0.6,0.701729465267237,0.7424242424242424,0.9785353535353535,0.033133950617283955,0.05092592592592594,Cricket,2,20,19.8,5,94,SMOTE-raw,0.421,6,1197,1.4,3.500027002004815,0.27950675738642117,0.38449540462351595,,
0.5,0.5773502691896257,0.6666666666666666,0.9722222222222222,0.03597546296296296,0.03782407407407408,Cricket,2,20,19.8,5,94,guide=gpf | walk=plain,0.421,6,1197,1.4,11.809483384213427,0.442801326990379,1.0786366082716878,0.41964285714285715,0.3
0.5,0.5773502691896257,0.6666666666666666,0.9696969696969697,0.03906358024691357,0.04296296296296297,Cricket,2,20,19.8,5,94,guide=gpf | walk=aligned,0.421,6,1197,1.4,4.73269034356715,0.2869982787055676,0.7154709663088765,0.41964285714285715,11.0
0.6666666666666666,0.7071067811865476,0.75,0.9747474747474748,0.030223456790123455,0.0437962962962963,Cricket,2,20,19.8,5,94,guide=sig | walk=aligned,0.421,6,1197,1.4,3.8207341079332426,0.20711699870649614,0.7902736388140784,0.734375,7.1
0.6206896551724138,0.6708203932499369,0.725,0.9839285714285715,0.05011666666666668,0.08383333333333334,UWaveGestureLibrary,0,5,7.0,15,90,none,0.757,3,315,2.0,,,,,
0.8767123287671232,0.892828570971414,0.8982142857142857,0.9914732142857144,0.03189260416666666,0.08713541666666667,UWaveGestureLibrary,0,5,7.0,15,90,SMOTE-raw,0.757,3,315,2.0,0.6778837463219087,0.048934535399130175,0.6059287225021687,,
0.935064935064935,0.9469877054564723,0.9482142857142857,0.9980803571428571,0.0294740625,0.10626041666666668,UWaveGestureLibrary,0,5,7.0,15,90,guide=gpf | walk=plain,0.757,3,315,2.0,1.094477503990877,0.07297320573316479,0.9852095851562113,0.9375,0.0
0.9230769230769231,0.9452890714334048,0.9464285714285714,0.9955803571428571,0.030900763888888887,0.10672916666666667,UWaveGestureLibrary,0,5,7.0,15,90,guide=gpf | walk=aligned,0.757,3,315,2.0,0.43483574534612934,0.03491596448015355,0.5616519971158805,0.703125,0.7
0.926829268292683,0.9676923950453322,0.9678571428571429,0.9932142857142857,0.0358709375,0.11367708333333337,UWaveGestureLibrary,0,5,7.0,15,90,guide=sig | walk=aligned,0.757,3,315,2.0,0.5504224436027929,0.0416822409972164,0.7232142260807547,0.703125,0.8
0.95,0.9711921981329368,0.9714285714285714,0.9973214285714285,0.033035173611111114,0.12151041666666666,UWaveGestureLibrary,0,5,7.0,15,90,guide=dtw | walk=aligned,0.757,3,315,2.0,0.8653147532581666,0.06297190746053394,0.971223539933068,0.9375,6.0
0.2553191489361702,0.38660611184290106,0.5732142857142857,0.9454910714285715,0.06876458333333334,0.054125,UWaveGestureLibrary,0,10,10.5,10,95,none,0.757,3,315,2.0,,,,,
0.7692307692307693,0.7905694150420949,0.8125,0.9935267857142857,0.03651888888888889,0.08900000000000002,UWaveGestureLibrary,0,10,10.5,10,95,SMOTE-raw,0.757,3,315,2.0,1.3859194576398135,0.14061987829568223,0.4440181814507723,,
0.6885245901639344,0.724568837309472,0.7625,0.9898660714285714,0.045845416666666666,0.09764583333333332,UWaveGestureLibrary,0,10,10.5,10,95,guide=gpf | walk=plain,0.757,3,315,2.0,2.949343061243237,0.1940773673030891,1.2158847000694206,0.7421875,0.1
0.8947368421052632,0.9186558503751943,0.9214285714285715,0.9919642857142856,0.0329046875,0.09826041666666666,UWaveGestureLibrary,0,10,10.5,10,95,guide=gpf | walk=aligned,0.757,3,315,2.0,1.1113697650236656,0.08087350819807482,0.8441994892894494,0.7421875,0.7
0.9066666666666666,0.9203066259211033,0.9232142857142858,0.9974107142857143,0.03316277777777778,0.11489583333333334,UWaveGestureLibrary,0,10,10.5,10,95,guide=sig | walk=aligned,0.757,3,315,2.0,1.3556429725154189,0.08173898824586956,1.394354506320781,0.7421875,0.8
0.9090909090909091,0.9320675941153624,0.9339285714285714,0.996294642857143,0.03184875,0.10516666666666667,UWaveGestureLibrary,0,10,10.5,10,95,guide=dtw | walk=aligned,0.757,3,315,2.0,1.1150440396996597,0.07839000740204283,1.2617806959131905,0.7421875,7.7
0.046511627906976744,0.15754817857223413,0.5089285714285714,0.8295089285714285,0.10378631944444446,0.08052083333333333,UWaveGestureLibrary,0,20,21.0,5,100,none,0.757,3,315,1.5999999999999999,,,,,
0.5454545454545454,0.6123724356957945,0.6875,0.9869196428571428,0.047379548611111114,0.08369791666666665,UWaveGestureLibrary,0,20,21.0,5,100,SMOTE-raw,0.757,3,315,1.5999999999999999,3.2923989160005025,0.2258638946589102,0.4482858145312116,,
0.2,0.35038244411336755,0.5535714285714286,0.8455803571428572,0.09259430555555556,0.054791666666666676,UWaveGestureLibrary,0,20,21.0,5,100,guide=gpf | walk=plain,0.757,3,315,1.5999999999999999,18.088844814757927,0.7134804818209313,0.8971222467471675,0.5208333333333334,0.1
0.21428571428571427,0.3803194146278325,0.5571428571428572,0.8234374999999999,0.1000314236111111,0.07755208333333333,UWaveGestureLibrary,0,20,21.0,5,100,guide=gpf | walk=aligned,0.757,3,315,1.5999999999999999,13.872665273286849,0.615868122795957,0.7717553060173369,0.3472222222222222,1.3
0.3333333333333333,0.4472135954999579,0.6,0.9543303571428571,0.06334774305555554,0.08490624999999996,UWaveGestureLibrary,0,20,21.0,5,100,guide=sig | walk=aligned,0.757,3,315,1.5999999999999999,5.593121564961219,0.28035268668974933,0.9015794940717844,0.5208333333333334,1.0
0.8285714285714286,0.849947477368875,0.8607142857142858,0.9979017857142857,0.035244131944444444,0.11698958333333333,UWaveGestureLibrary,0,20,21.0,5,100,guide=dtw | walk=aligned,0.757,3,315,1.5999999999999999,1.4545382739370876,0.1295206329925761,0.33854459143179755,0.5208333333333334,10.7
0.576271186440678,0.6495877813769942,0.7089285714285715,0.9796428571428571,0.05271138888888889,0.0865625,UWaveGestureLibrary,1,5,7.0,15,90,none,0.757,3,315,2.1999999999999997,,,,,
0.8767123287671232,0.892828570971414,0.8982142857142857,0.9871875000000001,0.03310159722222222,0.08291666666666667,UWaveGestureLibrary,1,5,7.0,15,90,SMOTE-raw,0.757,3,315,2.1999999999999997,0.5145809206186325,0.044515277801309705,0.5113762828353312,,
0.9743589743589743,0.9746794344808963,0.975,0.9958035714285715,0.029167916666666665,0.1135,UWaveGestureLibrary,1,5,7.0,15,90,guide=gpf | walk=plain,0.757,3,315,2.1999999999999997,1.2980083365697332,0.08975665892549944,1.2814255901720857,0.9375,0.0
0.9382716049382716,0.9694438759265172,0.9696428571428571,0.9924107142857143,0.033778472222222224,0.11233333333333331,UWaveGestureLibrary,1,5,7.0,15,90,guide=gpf | walk=aligned,0.757,3,315,2.1999999999999997,0.4621147931863625,0.037031693450240155,0.6319877966434175,0.703125,0.7
0.9367088607594937,0.9583281573359187,0.9589285714285715,0.9931249999999999,0.03455631944444444,0.11566666666666668,UWaveGestureLibrary,1,5,7.0,15,90,guide=sig | walk=aligned,0.757,3,315,2.1999999999999997,0.6727849679938256,0.05178648474884895,0.7783371784563111,0.9375,0.6
0.9629629629629629,0.9838880598349156,0.9839285714285715,0.9958482142857144,0.03181180555555556,0.12360416666666665,UWaveGestureLibrary,1,5,7.0,15,90,guide=dtw | walk=aligned,0.757,3,315,2.1999999999999997,0.6961556917495386,0.0508013353207325,0.9099474546630532,0.9375,5.9
0.18181818181818182,0.31622776601683794,0.55,0.9862500000000001,0.05898868055555555,0.10022916666666666,UWaveGestureLibrary,1,10,10.5,10,95,none,0.757,3,315,1.7999999999999998,,,,,
0.7941176470588235,0.8201154099968405,0.8357142857142857,0.9938392857142857,0.03492451388888889,0.09333333333333337,UWaveGestureLibrary,1,10,10.5,10,95,SMOTE-raw,0.757,3,315,1.7999999999999998,0.8830670994038226,0.0847383213412305,0.45309412188251935,,
0.8888888888888888,0.8944271909999159,0.9,0.9962946428571429,0.030488923611111114,0.09201041666666665,UWaveGestureLibrary,1,10,10.5,10,95,guide=gpf | walk=plain,0.757,3,315,1.7999999999999998,1.5858921672705488,0.11370945843560698,0.9749596422258187,0.7421875,0.0
0.88,0.9050453816561592,0.9089285714285714,0.9953571428571429,0.033041840277777776,0.10205208333333333,UWaveGestureLibrary,1,10,10.5,10,95,guide=gpf | walk=aligned,0.757,3,315,1.7999999999999998,0.8927820056808962,0.06638113307270044,0.7905295996184201,0.7421875,0.7
0.8767123287671232,0.892828570971414,0.8982142857142857,0.9894196428571429,0.03729385416666666,0.09886458333333334,UWaveGestureLibrary,1,10,10.5,10,95,guide=sig | walk=aligned,0.757,3,315,1.7999999999999998,0.5538497313328143,0.04853329513419491,0.6504799545242664,0.7421875,0.8
0.88,0.9050453816561592,0.9089285714285714,0.9941071428571429,0.03835784722222222,0.11479166666666667,UWaveGestureLibrary,1,10,10.5,10,95,guide=dtw | walk=aligned,0.757,3,315,1.7999999999999998,1.0962709159391242,0.08099651336847924,0.902926758403761,0.9895833333333334,5.7
0.09523809523809523,0.22360679774997896,0.525,0.9619642857142857,0.07910177083333333,0.08130208333333336,UWaveGestureLibrary,1,20,21.0,5,100,none,0.757,3,315,1.4,,,,,
0.2608695652173913,0.3872983346207417,0.575,0.9608035714285714,0.06845805555555556,0.06391666666666668,UWaveGestureLibrary,1,20,21.0,5,100,SMOTE-raw,0.757,3,315,1.4,1.8099644595470732,0.1315843273688414,0.4055698272509718,,
0.49056603773584906,0.570087712549569,0.6625,0.9773214285714286,0.05513149305555557,0.06478124999999998,UWaveGestureLibrary,1,20,21.0,5,100,guide=gpf | walk=plain,0.757,3,315,1.4,4.071592580686891,0.17328895159908875,1.0219153617463623,0.78125,0.1
0.5862068965517241,0.6507550559597235,0.7107142857142857,0.9675892857142858,0.05207284722222222,0.06089583333333333,UWaveGestureLibrary,1,20,21.0,5,100,guide=gpf | walk=aligned,0.757,3,315,1.4,2.074435233085085,0.15509175022646593,0.3796815980129846,0.78125,0.6
0.5185185185185185,0.5916079783099616,0.675,0.9803125,0.051006388888888886,0.067875,UWaveGestureLibrary,1,20,21.0,5,100,guide=sig | walk=aligned,0.757,3,315,1.4,3.142540820837505,0.23251749209375416,0.3725635114824878,0.78125,0.7
0.5964912280701754,0.6519202405202649,0.7125,0.9690624999999999,0.052570902777777775,0.06508333333333331,UWaveGestureLibrary,1,20,21.0,5,100,guide=dtw | walk=aligned,0.757,3,315,1.4,2.3203991327340354,0.20435069201847322,0.27552940953214416,0.78125,7.2
0.5172413793103449,0.6090830344519069,0.6821428571428572,0.9760267857142857,0.05544149305555555,0.08409375,UWaveGestureLibrary,2,5,7.0,15,90,none,0.757,3,315,2.0,,,,,
0.8611111111111112,0.8787673997464532,0.8857142857142857,0.9896875,0.03363965277777778,0.08633333333333335,UWaveGestureLibrary,2,5,7.0,15,90,SMOTE-raw,0.757,3,315,2.0,0.6094609885629545,0.06707797237803381,0.4057992467534337,,
0.9620253164556962,0.9729373786925564,0.9732142857142857,0.9967410714285715,0.02994309027777778,0.11542708333333335,UWaveGestureLibrary,2,5,7.0,15,90,guide=gpf | walk=plain,0.757,3,315,2.0,1.117320267413218,0.08000334134559128,1.1131066176985303,0.9375,0.0
0.9090909090909091,0.9320675941153624,0.9339285714285714,0.9938392857142857,0.03257489583333333,0.10740624999999998,UWaveGestureLibrary,2,5,7.0,15,90,guide=gpf | walk=aligned,0.757,3,315,2.0,0.4563290996077267,0.03771785871854971,0.5703576486790909,0.703125,0.7
0.9156626506024096,0.9659377383070372,0.9660714285714285,0.9913392857142858,0.036798611111111115,0.12062500000000001,UWaveGestureLibrary,2,5,7.0,15,90,guide=sig | walk=aligned,0.757,3,315,2.0,0.642689124390353,0.0494996709190747,0.7741457302945013,0.9375,0.6
0.9382716049382716,0.9694438759265172,0.9696428571428571,0.9957589285714286,0.031448125,0.11000000000000001,UWaveGestureLibrary,2,5,7.0,15,90,guide=dtw | walk=aligned,0.757,3,315,2.0,0.7541066582924767,0.05526227106219439,0.8801238789836601,0.9375,6.0
0.3137254901960784,0.4448113564840076,0.5946428571428571,0.9698660714285714,0.06423215277777779,0.08299999999999999,UWaveGestureLibrary,2,10,10.5,10,95,none,0.757,3,315,2.0,,,,,
0.7301587301587301,0.758287544405155,0.7875,0.9772321428571429,0.03765826388888889,0.06431250000000001,UWaveGestureLibrary,2,10,10.5,10,95,SMOTE-raw,0.757,3,315,2.0,1.1326464423796043,0.0950941961059456,0.5030252182270925,,
0.8450704225352113,0.8644775465976132,0.8732142857142857,0.9891964285714286,0.03815982638888889,0.08969791666666667,UWaveGestureLibrary,2,10,10.5,10,95,guide=gpf | walk=plain,0.757,3,315,2.0,3.1168786388301957,0.16770000978588673,1.2359004183083786,0.7421875,0.1
0.9210526315789473,0.9337424698491549,0.9357142857142857,0.9917410714285715,0.030956875000000002,0.09233333333333332,UWaveGestureLibrary,2,10,10.5,10,95,guide=gpf | walk=aligned,0.757,3,315,2.0,1.0457155629771844,0.08832796605300275,0.4910742261545048,0.59375,0.9
0.9230769230769231,0.9452890714334048,0.9464285714285714,0.9945089285714286,0.03039822916666667,0.09584375,UWaveGestureLibrary,2,10,10.5,10,95,guide=sig | walk=aligned,0.757,3,315,2.0,0.6371169194768989,0.0480618545511472,0.6358616548703764,0.7421875,0.8
0.935064935064935,0.9469877054564723,0.9482142857142857,0.9927232142857143,0.03279270833333333,0.10858333333333334,UWaveGestureLibrary,2,10,10.5,10,95,guide=dtw | walk=aligned,0.757,3,315,2.0,0.9080283025277396,0.06693568390501081,0.9091846293028419,0.9895833333333334,5.7
0.0,0.0,0.5,0.9400892857142857,0.08249315972222224,0.08053125,UWaveGestureLibrary,2,20,21.0,5,100,none,0.757,3,315,1.5999999999999999,,,,,
0.3333333333333333,0.4472135954999579,0.6,0.9866517857142857,0.056568506944444444,0.07461458333333333,UWaveGestureLibrary,2,20,21.0,5,100,SMOTE-raw,0.757,3,315,1.5999999999999999,2.119383252029536,0.1830275059863925,0.33212809684042854,,
0.5185185185185185,0.5916079783099616,0.675,0.9874999999999999,0.048053958333333334,0.08366666666666664,UWaveGestureLibrary,2,20,21.0,5,100,guide=gpf | walk=plain,0.757,3,315,1.5999999999999999,5.981507752877633,0.23212064896439122,1.4730219877237878,0.78125,0.1
0.6440677966101694,0.689202437604511,0.7375,0.9815178571428571,0.04602763888888889,0.081125,UWaveGestureLibrary,2,20,21.0,5,100,guide=gpf | walk=aligned,0.757,3,315,1.5999999999999999,3.111163071214655,0.15356376104002434,0.851731492943347,0.78125,0.6
0.7761194029850746,0.8047847982091682,0.8232142857142857,0.9866071428571429,0.03547420138888889,0.07603125000000001,UWaveGestureLibrary,2,20,21.0,5,100,guide=sig | walk=aligned,0.757,3,315,1.5999999999999999,1.159887044961181,0.0831970299875251,0.4968538812961494,0.625,0.8
0.8571428571428571,0.8660254037844386,0.875,0.9941517857142856,0.03426385416666667,0.09628125,UWaveGestureLibrary,2,20,21.0,5,100,guide=dtw | walk=aligned,0.757,3,315,1.5999999999999999,0.9355944961456917,0.07535764324652827,0.39107705650631386,0.78125,7.2
0.7107438016528925,0.7409252816854903,0.7616950889945019,0.9251001770571242,0.16308816837315132,0.19034129692832766,SelfRegulationSCP1,0,5,4.9,27,106,none,0.351,6,896,1.7999999999999998,,,,,
0.7401574803149606,0.763228628054741,0.7752073432112572,0.8913195415152363,0.1619349260523322,0.1576336746302617,SelfRegulationSCP1,0,5,4.9,27,106,SMOTE-raw,0.351,6,896,1.7999999999999998,2.987934616429289,0.2817559947900893,0.612757897786655,,
0.7686274509803922,0.7880384293992556,0.7990867579908676,0.9231432298946975,0.14358509670079633,0.14565415244596133,SelfRegulationSCP1,0,5,4.9,27,106,guide=gpf | walk=plain,0.351,6,896,1.7999999999999998,2.7198358307116415,0.23299662201255789,1.3906068487044552,0.4732142857142857,0.3
0.8014981273408239,0.8142965861418172,0.819425030286087,0.9235858727052464,0.12476154721274174,0.09042093287827072,SelfRegulationSCP1,0,5,4.9,27,106,guide=gpf | walk=aligned,0.351,6,896,1.7999999999999998,2.601890946930588,0.24545953663595366,0.9020948864128617,0.4140625,9.3
0.7985074626865671,0.8112295447874392,0.8160003727518405,0.9299226539931041,0.11931065604853999,0.08780432309442551,SelfRegulationSCP1,0,5,4.9,27,106,guide=sig | walk=aligned,0.351,6,896,1.7999999999999998,1.8232046079600863,0.1536354181254832,1.150574460063997,0.6625,6.7
0.23668639053254437,0.3663204370034471,0.5611778958158605,0.9015003261578605,0.2519660978384528,0.2989533560864619,SelfRegulationSCP1,0,10,10.2,13,120,none,0.351,6,896,1.5999999999999999,,,,,
0.2777777777777778,0.4009354451770622,0.5576367533314696,0.8586804584847637,0.2630135381114903,0.2896359499431172,SelfRegulationSCP1,0,10,10.2,13,120,SMOTE-raw,0.351,6,896,1.5999999999999999,2.5872862119227786,0.2396141784824013,0.5981418429788867,,
0.5566037735849056,0.620375914488332,0.6801323269033641,0.9108191221694156,0.19609025407660222,0.22844141069397042,SelfRegulationSCP1,0,10,10.2,13,120,guide=gpf | walk=plain,0.351,6,896,1.5999999999999999,2.8965302188541404,0.22721762853131255,1.068825117949339,0.3125,0.4
0.5302325581395348,0.5987826621943813,0.6562063181436959,0.8844236324666853,0.19994562002275312,0.22302616609783849,SelfRegulationSCP1,0,10,10.2,13,120,guide=gpf | walk=aligned,0.351,6,896,1.5999999999999999,3.029804407033023,0.23853075553553982,0.9481337438607227,0.3125,13.8
0.7016129032258065,0.7314952269041172,0.7479731618674867,0.8959323455409561,0.16550022753128557,0.17161547212741754,SelfRegulationSCP1,0,10,10.2,13,120,guide=sig | walk=aligned,0.351,6,896,1.5999999999999999,2.3091944553291093,0.18649279762476578,1.0550440188281711,0.3125,15.7
0.0784313725490196,0.20203050891044214,0.5204081632653061,0.865739446463517,0.31811854379977245,0.35624573378839586,SelfRegulationSCP1,0,20,19.0,7,126,none,0.351,6,896,1.5999999999999999,,,,,
0.19161676646706588,0.3253636775844352,0.5407231385704967,0.830071754729289,0.3204956389836936,0.3422980659840728,SelfRegulationSCP1,0,20,19.0,7,126,SMOTE-raw,0.351,6,896,1.5999999999999999,5.990769853511628,0.39165342776395284,0.5823263194525371,,
0.21052631578947367,0.3426613922600515,0.5406765445904389,0.8680924424564347,0.28563204398938186,0.32604095563139934,SelfRegulationSCP1,0,20,19.0,7,126,guide=gpf | walk=plain,0.351,6,896,1.5999999999999999,7.0765172372603065,0.4653350798286737,0.4601446182954592,0.328125,0.5
0.32967032967032966,0.4439510509553894,0.5849175286552977,0.8642018451216102,0.2778839969662495,0.3045164960182025,SelfRegulationSCP1,0,20,19.0,7,126,guide=gpf | walk=aligned,0.351,6,896,1.5999999999999999,11.725204482000306,0.6387208793898842,0.9043911499482543,0.30288461538461536,15.1
0.3128491620111732,0.43041568827090804,0.581539465101109,0.8401826484018264,0.2915572999620782,0.30821387940841866,SelfRegulationSCP1,0,20,19.0,7,126,guide=sig | walk=aligned,0.351,6,896,1.5999999999999999,7.285865573864529,0.3960104092234742,2.007715684111311,0.04861111111111111,106.0
0.6696035242290749,0.7091136952446514,0.7448047712235579,0.9468828627341348,0.15804387561623057,0.21273037542662115,SelfRegulationSCP1,1,5,4.9,27,106,none,0.351,6,896,2.0,,,,,
0.8059701492537313,0.818092861202139,0.8228263908303047,0.9257524927779331,0.13840917709518394,0.1654379977246871,SelfRegulationSCP1,1,5,4.9,27,106,SMOTE-raw,0.351,6,896,2.0,2.482567260178433,0.20717643056473767,0.4920842866744344,,
0.8191881918819188,0.8293774337374721,0.8330304724629578,0.9357003075202683,0.12142988244216915,0.13679180887372014,SelfRegulationSCP1,1,5,4.9,27,106,guide=gpf | walk=plain,0.351,6,896,2.0,3.3857537807009717,0.15325298076110916,2.09812205640102,0.5520833333333334,0.3
0.8421052631578947,0.8459808116544061,0.8465194296896841,0.9314369583449819,0.11119029199848314,0.10102389078498289,SelfRegulationSCP1,1,5,4.9,27,106,guide=gpf | walk=aligned,0.351,6,896,2.0,2.709904569219706,0.16244053837309336,2.245479511591051,0.2760416666666667,14.0
0.8333333333333334,0.841009284893483,0.8432112571055819,0.9405460814462772,0.11141399317406143,0.10838452787258246,SelfRegulationSCP1,1,5,4.9,27,106,guide=sig | walk=aligned,0.351,6,896,2.0,2.6957857044237024,0.23323652377082138,3.704480792682268,0.5520833333333334,7.9
0.28901734104046245,0.4109783178093948,0.5816093560711956,0.9069518218246203,0.2550943496397421,0.3069169510807736,SelfRegulationSCP1,1,10,10.2,13,120,none,0.351,6,896,2.0,,,,,
0.44329896907216493,0.5333880784501877,0.6325598732643742,0.8991706271549715,0.21963022373909746,0.2590102389078498,SelfRegulationSCP1,1,10,10.2,13,120,SMOTE-raw,0.351,6,896,2.0,3.8071563652023226,0.2913116941524303,0.5155060379670218,,
0.46875,0.5532833351724882,0.653061224489796,0.9193924145000465,0.2157996587030717,0.26476678043230945,SelfRegulationSCP1,1,10,10.2,13,120,guide=gpf | walk=plain,0.351,6,896,2.0,7.407400279378509,0.4024946326653278,1.668679238280469,0.46875,0.3
0.728,0.7537685273507558,0.7684279191128507,0.9176218432578511,0.15170845657944634,0.14748577929465298,SelfRegulationSCP1,1,10,10.2,13,120,guide=gpf | walk=aligned,0.351,6,896,2.0,4.185766605075466,0.2152039271178956,1.7778969861288496,0.057692307692307696,74.4
0.7984790874524715,0.812692849309616,0.8194716242661448,0.9264048084987418,0.1341007584376185,0.12351535836177474,SelfRegulationSCP1,1,10,10.2,13,120,guide=sig | walk=aligned,0.351,6,896,2.0,2.3744689249846527,0.14930161835402578,1.5843357624119703,0.3409090909090909,14.3
0.1375,0.2716705070697186,0.5305656509179014,0.8534852297083215,0.32552301858172167,0.3607281001137656,SelfRegulationSCP1,1,20,19.0,7,126,none,0.351,6,896,1.7999999999999998,,,,,
0.2413793103448276,0.3701166050988026,0.550880626223092,0.8112710837759762,0.32433363670838067,0.3348122866894198,SelfRegulationSCP1,1,20,19.0,7,126,SMOTE-raw,0.351,6,896,1.7999999999999998,10.036207685662081,0.5526328100955471,0.6203828650771173,,
0.2696629213483146,0.39425564989324186,0.5576600503214985,0.83256453266238,0.2986414106939704,0.3179977246871445,SelfRegulationSCP1,1,20,19.0,7,126,guide=gpf | walk=plain,0.351,6,896,1.7999999999999998,12.743832311037849,0.6841194999257463,0.503493820548451,0.39375,0.4
0.21714285714285714,0.3482587114350369,0.5338039325319168,0.8452613922281241,0.2910752749336367,0.32651877133105806,SelfRegulationSCP1,1,20,19.0,7,126,guide=gpf | walk=aligned,0.351,6,896,1.7999999999999998,15.806688081053732,0.7257742294288407,0.9736598515832571,0.4921875,9.3
0.766798418972332,0.7868846173282283,0.7991100549808965,0.9205805609915199,0.14848900265453166,0.15871444823663253,SelfRegulationSCP1,1,20,19.0,7,126,guide=sig | walk=aligned,0.351,6,896,1.7999999999999998,5.055819278016859,0.26608845731873176,1.8861473166126692,0.4375,11.8
0.6899563318777293,0.7255151223184129,0.7584335103904576,0.9256127108377599,0.17080815320439893,0.20208191126279865,SelfRegulationSCP1,2,5,4.9,27,106,none,0.351,6,896,2.1999999999999997,,,,,
0.7480314960629921,0.7701567153089657,0.7820333612897215,0.9028049575994782,0.15422605233219566,0.1520022753128555,SelfRegulationSCP1,2,5,4.9,27,106,SMOTE-raw,0.351,6,896,2.1999999999999997,2.7981157531028895,0.20738105676310026,0.576621163128114,,
0.6695278969957081,0.7081931949277024,0.737908862175007,0.9223744292237444,0.16149795221843002,0.17967007963594994,SelfRegulationSCP1,2,5,4.9,27,106,guide=gpf | walk=plain,0.351,6,896,2.1999999999999997,4.405357207542949,0.2115265940421489,2.520640789361317,0.4732142857142857,0.3
0.7912087912087912,0.8025678664877525,0.8057031031590718,0.9124033174913802,0.13216321577550247,0.09865756541524458,SelfRegulationSCP1,2,5,4.9,27,106,guide=gpf | walk=aligned,0.351,6,896,2.1999999999999997,3.0370439697497584,0.15740015421989395,5.409430222202914,0.4140625,9.3
0.8150943396226416,0.827268021313904,0.8331003634330445,0.9371680178920884,0.11629628365566931,0.10399317406143345,SelfRegulationSCP1,2,5,4.9,27,106,guide=sig | walk=aligned,0.351,6,896,2.1999999999999997,2.521719290159899,0.14316390702010395,3.814888259259292,0.4732142857142857,9.1
0.2603550295857988,0.3868589716493314,0.5748299319727891,0.9200447302208554,0.25855464543041334,0.3142662116040956,SelfRegulationSCP1,2,10,10.2,13,120,none,0.351,6,896,1.5999999999999999,,,,,
0.4387755102040816,0.529618504159187,0.6257105581958811,0.8973068679526606,0.22308797876374672,0.26332195676905573,SelfRegulationSCP1,2,10,10.2,13,120,SMOTE-raw,0.351,6,896,1.5999999999999999,3.295935571556093,0.2671080779042371,0.5971977642234142,,
0.4536082474226804,0.5414511266250445,0.6393858913428385,0.9307846426241729,0.20763007205157377,0.2574175199089875,SelfRegulationSCP1,2,10,10.2,13,120,guide=gpf | walk=plain,0.351,6,896,1.5999999999999999,5.04235182112283,0.3396615399508557,1.2730935606981337,0.15625,0.8
0.7550200803212851,0.7774426726836373,0.79233063088249,0.9207902339017799,0.14401683731513082,0.13959044368600684,SelfRegulationSCP1,2,10,10.2,13,120,guide=gpf | walk=aligned,0.351,6,896,1.5999999999999999,2.67500637113117,0.1759591020268434,1.57226962701848,0.078125,55.3
0.6637931034482759,0.7036388506143855,0.7345075016307894,0.9200680272108843,0.17599761092150168,0.2030830489192264,SelfRegulationSCP1,2,10,10.2,13,120,guide=sig | walk=aligned,0.351,6,896,1.5999999999999999,3.006922224661963,0.19544200806265732,1.8099050071847949,0.20833333333333334,23.6
0.026845637583892617,0.11664236870396086,0.5068027210884354,0.865739446463517,0.3409443686006826,0.3587599544937429,SelfRegulationSCP1,2,20,19.0,7,126,none,0.351,6,896,2.1999999999999997,,,,,
0.06451612903225806,0.18252313755058625,0.5067328301183487,0.8957925636007829,0.29719749715585897,0.34509670079635946,SelfRegulationSCP1,2,20,19.0,7,126,SMOTE-raw,0.351,6,896,2.1999999999999997,4.782954118426046,0.37468830085272475,0.24472087295833062,,
0.3103448275862069,0.4285714285714286,0.5918367346938775,0.9160376479358867,0.2715302616609784,0.3280887372013651,SelfRegulationSCP1,2,20,19.0,7,126,guide=gpf | walk=plain,0.351,6,896,2.1999999999999997,8.089616459276085,0.582345750185904,0.16255167301357937,0.0984375,1.2
0.36464088397790057,0.47217813860497687,0.6088202404249371,0.9164802907464356,0.2583036405005688,0.31102389078498294,SelfRegulationSCP1,2,20,19.0,7,126,guide=gpf | walk=aligned,0.351,6,896,2.1999999999999997,7.155847847560354,0.3386183422416462,1.0186127417659585,0.04861111111111111,93.9
0.2603550295857988,0.3868589716493314,0.5748299319727891,0.9230966359146398,0.26640424725066364,0.323731513083049,SelfRegulationSCP1,2,20,19.0,7,126,guide=sig | walk=aligned,0.351,6,896,2.1999999999999997,11.58259099083139,0.3799525423023985,3.50437663650226,0.17119565217391305,30.2
0.08421052631578947,0.2096440251568134,0.5166666666666667,0.5781481481481481,0.3468610493827161,0.3158333333333333,SelfRegulationSCP2,0,5,5.0,20,80,none,0.293,7,1152,1.5999999999999999,,,,,
0.13861386138613863,0.2726187588085622,0.5166666666666667,0.5566049382716048,0.302457037037037,0.2298888888888889,SelfRegulationSCP2,0,5,5.0,20,80,SMOTE-raw,0.293,7,1152,1.5999999999999999,2.186359540199165,0.1284808473992155,0.5299480971524315,,
0.21818181818181817,0.34854193647462495,0.5222222222222223,0.5639506172839507,0.3082377777777778,0.2400740740740741,SelfRegulationSCP2,0,5,5.0,20,80,guide=gpf | walk=plain,0.293,7,1152,1.5999999999999999,5.05459314809695,0.1584935597616276,3.3264552728331127,0.25,0.5
0.21621621621621623,0.34641016151377546,0.5166666666666667,0.5218518518518519,0.31597839506172837,0.24592592592592585,SelfRegulationSCP2,0,5,5.0,20,80,guide=gpf | walk=aligned,0.293,7,1152,1.5999999999999999,4.558928900144524,0.1598841021808176,3.3860203997142038,0.04807692307692308,98.0
0.3252032520325203,0.4360314860077463,0.5388888888888889,0.5708024691358025,0.2759758024691358,0.17444444444444443,SelfRegulationSCP2,0,5,5.0,20,80,guide=sig | walk=aligned,0.293,7,1152,1.5999999999999999,1.3019053925730564,0.07654258350403709,1.309525178819462,0.05434782608695652,98.5
0.021739130434782608,0.1048220125784067,0.5,0.5108641975308642,0.42428154320987643,0.41072222222222227,SelfRegulationSCP2,0,10,10.0,10,90,none,0.293,7,1152,2.1999999999999997,,,,,
0.06382978723404255,0.18155705153742435,0.5111111111111112,0.4753703703703704,0.40053216049382717,0.38105555555555554,SelfRegulationSCP2,0,10,10.0,10,90,SMOTE-raw,0.293,7,1152,2.1999999999999997,1.9106912272769492,0.13107762046465232,0.577542855507376,,
0.041666666666666664,0.1457208560956,0.48888888888888893,0.5131481481481482,0.402448950617284,0.39824074074074073,SelfRegulationSCP2,0,10,10.0,10,90,guide=gpf | walk=plain,0.293,7,1152,2.1999999999999997,36.50878309366677,0.5117838845187604,12.95540143604833,0.46875,0.4
0.10204081632653061,0.23174059571793565,0.5111111111111111,0.4769753086419753,0.4105075308641975,0.40351851851851855,SelfRegulationSCP2,0,10,10.0,10,90,guide=gpf | walk=aligned,0.293,7,1152,2.1999999999999997,28.698455720489953,0.6503081851768507,4.36745492103851,0.15625,33.5
0.21818181818181817,0.34854193647462495,0.5222222222222223,0.5490123456790122,0.3707454320987654,0.34225925925925926,SelfRegulationSCP2,0,10,10.0,10,90,guide=sig | walk=aligned,0.293,7,1152,2.1999999999999997,17.972680724283393,0.4506989307674967,5.469586232699337,0.10817307692307693,55.1
0.021505376344086023,0.10423146132940955,0.4944444444444444,0.48104938271604936,0.41760246913580246,0.37666666666666665,SelfRegulationSCP2,0,20,20.0,5,95,none,0.293,7,1152,1.4,,,,,
0.0,0.0,0.5,0.45246913580246917,0.4178514814814815,0.39570370370370367,SelfRegulationSCP2,0,20,20.0,5,95,SMOTE-raw,0.293,7,1152,1.4,4.36799419734419,0.25212106455642624,0.7143674905429369,,
0.10101010101010101,0.23040490392586355,0.5055555555555555,0.47660493827160494,0.4024645061728394,0.36531481481481487,SelfRegulationSCP2,0,20,20.0,5,95,guide=gpf | walk=plain,0.293,7,1152,1.4,20.8270628267289,0.7768112428794407,1.189768939868925,0.42410714285714285,0.4
0.1523809523809524,0.28631330503833613,0.5055555555555555,0.46925925925925926,0.4018382098765432,0.34216666666666656,SelfRegulationSCP2,0,20,20.0,5,95,guide=gpf | walk=aligned,0.293,7,1152,1.4,11.757604341792954,0.4853479701367718,1.7065866576377835,0.048668032786885244,92.9
0.02127659574468085,0.10363754503432017,0.4888888888888889,0.43290123456790125,0.39953376543209873,0.3617222222222223,SelfRegulationSCP2,0,20,20.0,5,95,guide=sig | walk=aligned,0.293,7,1152,1.4,6.085485815280828,0.3167195759683312,1.844532137045966,0.048668032786885244,108.2
0.02197802197802198,0.10540925533894598,0.5055555555555555,0.4733950617283951,0.35991191358024693,0.3140185185185186,SelfRegulationSCP2,1,5,5.0,20,80,none,0.293,7,1152,2.0,,,,,
0.0,0.0,0.4722222222222222,0.4470987654320988,0.34010456790123456,0.27737037037037027,SelfRegulationSCP2,1,5,5.0,20,80,SMOTE-raw,0.293,7,1152,2.0,2.3675003820570097,0.16297274934018424,0.604118954573292,,
0.19642857142857142,0.3275422882885261,0.5,0.49580246913580245,0.32118098765432096,0.23262962962962966,SelfRegulationSCP2,1,5,5.0,20,80,guide=gpf | walk=plain,0.293,7,1152,2.0,6.914922679248448,0.14830754086738906,5.461512947045366,0.11904761904761904,1.0
0.27419354838709675,0.39142033230685636,0.5,0.49697530864197537,0.30663296296296294,0.20396296296296298,SelfRegulationSCP2,1,5,5.0,20,80,guide=gpf | walk=aligned,0.293,7,1152,2.0,1.8034115250727574,0.08286580942047428,2.3837932214459525,0.08064516129032258,58.3
0.2903225806451613,0.4055175020198813,0.5111111111111111,0.4671604938271605,0.32080197530864196,0.21211111111111106,SelfRegulationSCP2,1,5,5.0,20,80,guide=sig | walk=aligned,0.293,7,1152,2.0,2.875617183067927,0.12057853350526837,2.655718433110503,0.22727272727272727,23.4
0.0,0.0,0.5,0.5148765432098765,0.41974,0.4044444444444444,SelfRegulationSCP2,1,10,10.0,10,90,none,0.293,7,1152,1.7999999999999998,,,,,
0.02197802197802198,0.10540925533894598,0.5055555555555555,0.4988888888888889,0.4040255555555556,0.38466666666666666,SelfRegulationSCP2,1,10,10.0,10,90,SMOTE-raw,0.293,7,1152,1.7999999999999998,4.750651977648133,0.31289849401219794,0.5231636762766245,,
0.0,0.0,0.5,0.5401851851851852,0.3915396913580248,0.36398148148148146,SelfRegulationSCP2,1,10,10.0,10,90,guide=gpf | walk=plain,0.293,7,1152,1.7999999999999998,5.607391712311422,0.37031548375896106,0.4569654108597448,0.4017857142857143,0.4
0.043010752688172046,0.14824071182362594,0.5055555555555555,0.54320987654321,0.39088740740740746,0.37148148148148147,SelfRegulationSCP2,1,10,10.0,10,90,guide=gpf | walk=aligned,0.293,7,1152,1.7999999999999998,4.768990694259454,0.315308509794497,0.5621871240565403,0.2556818181818182,20.6
0.12244897959183673,0.25531389540169014,0.5222222222222223,0.5320370370370371,0.37719012345679004,0.35322222222222216,SelfRegulationSCP2,1,10,10.0,10,90,guide=sig | walk=aligned,0.293,7,1152,1.7999999999999998,2.8751707576214205,0.17167555373362364,1.2496981778297593,0.140625,42.3
0.0,0.0,0.5,0.5890123456790124,0.4301606172839506,0.4204074074074074,SelfRegulationSCP2,1,20,20.0,5,95,none,0.293,7,1152,1.5999999999999999,,,,,
0.0,0.0,0.49444444444444446,0.49944444444444447,0.43080154320987657,0.39072222222222236,SelfRegulationSCP2,1,20,20.0,5,95,SMOTE-raw,0.293,7,1152,1.5999999999999999,4.603459689515644,0.3198444282080428,0.5585701435974567,,
0.0,0.0,0.49444444444444446,0.5575925925925925,0.39630006172839505,0.38461111111111107,SelfRegulationSCP2,1,20,20.0,5,95,guide=gpf | walk=plain,0.293,7,1152,1.5999999999999999,8.42129209358468,0.38825358193422743,1.8400563066293323,0.59375,0.3
0.2018348623853211,0.3337034981706935,0.5166666666666666,0.5363580246913581,0.36555407407407403,0.3273703703703703,SelfRegulationSCP2,1,20,20.0,5,95,guide=gpf | walk=aligned,0.293,7,1152,1.5999999999999999,4.228736066377305,0.21716618754354033,1.794525178496436,0.1484375,30.3
0.11320754716981132,0.24343224778007383,0.47777777777777775,0.494753086419753,0.3940503703703704,0.3648148148148147,SelfRegulationSCP2,1,20,20.0,5,95,guide=sig | walk=aligned,0.293,7,1152,1.5999999999999999,4.912384733108821,0.2826351464428949,1.3059468316003824,0.15625,33.5
0.02197802197802198,0.10540925533894598,0.5055555555555555,0.49296296296296294,0.36677345679012346,0.32803703703703707,SelfRegulationSCP2,2,5,5.0,20,80,none,0.293,7,1152,1.7999999999999998,,,,,
0.12,0.2523959264800122,0.5111111111111112,0.48203703703703704,0.3516927160493826,0.2920740740740741,SelfRegulationSCP2,2,5,5.0,20,80,SMOTE-raw,0.293,7,1152,1.7999999999999998,6.00180238245183,0.37023872738490915,0.5663588728601375,,
0.12244897959183673,0.25531389540169014,0.5222222222222223,0.47919753086419753,0.34593037037037033,0.3118888888888889,SelfRegulationSCP2,2,5,5.0,20,80,guide=gpf | walk=plain,0.293,7,1152,1.7999999999999998,7.750347890756624,0.47587819484572647,0.4676600593806942,0.2777777777777778,0.5
0.11428571428571428,0.24494897427831783,0.48333333333333334,0.4742592592592592,0.35470098765432095,0.3148518518518519,SelfRegulationSCP2,2,5,5.0,20,80,guide=gpf | walk=aligned,0.293,7,1152,1.7999999999999998,8.179862076923905,0.45389707945057944,0.7447869177239406,0.35714285714285715,13.2
0.12,0.2523959264800122,0.5111111111111112,0.5504320987654321,0.30419271604938275,0.22525925925925924,SelfRegulationSCP2,2,5,5.0,20,80,guide=sig | walk=aligned,0.293,7,1152,1.7999999999999998,3.6635155523542533,0.2318001695938552,3.73788989489458,0.09259259259259259,57.2
0.02197802197802198,0.10540925533894598,0.5055555555555555,0.5660493827160494,0.3958751234567902,0.386574074074074,SelfRegulationSCP2,2,10,10.0,10,90,none,0.293,7,1152,1.7999999999999998,,,,,
0.042105263157894736,0.146565621758588,0.49444444444444446,0.46043209876543206,0.37942845679012344,0.3416481481481481,SelfRegulationSCP2,2,10,10.0,10,90,SMOTE-raw,0.293,7,1152,1.7999999999999998,3.3930680220265828,0.2104937450104467,0.5457477932151267,,
0.02197802197802198,0.10540925533894598,0.5055555555555555,0.5682098765432098,0.3870775925925926,0.37490740740740736,SelfRegulationSCP2,2,10,10.0,10,90,guide=gpf | walk=plain,0.293,7,1152,1.7999999999999998,11.649401601516347,0.5379452653019603,1.0723499240587537,0.04849137931034483,2.7
0.14432989690721648,0.27888667551135854,0.5388888888888889,0.62,0.3480746296296296,0.3322777777777777,SelfRegulationSCP2,2,10,10.0,10,90,guide=gpf | walk=aligned,0.293,7,1152,1.7999999999999998,8.926468254877358,0.35058443286206864,1.990434703990198,0.04849137931034483,107.4
0.043010752688172046,0.14824071182362594,0.5055555555555555,0.5832098765432099,0.36290506172839504,0.3380740740740741,SelfRegulationSCP2,2,10,10.0,10,90,guide=sig | walk=aligned,0.293,7,1152,1.7999999999999998,8.312484932714957,0.31541388949402127,2.5338004963843628,0.04849137931034483,120.4
0.0,0.0,0.5,0.510246913580247,0.4556322222222222,0.4263333333333334,SelfRegulationSCP2,2,20,20.0,5,95,none,0.293,7,1152,1.5999999999999999,,,,,
0.0,0.0,0.5,0.5237037037037037,0.4342242592592593,0.42475925925925917,SelfRegulationSCP2,2,20,20.0,5,95,SMOTE-raw,0.293,7,1152,1.5999999999999999,4.9587175284839144,0.2901901229399114,0.4432092639453658,,
0.0,0.0,0.5,0.5059876543209876,0.4173237654320988,0.39198148148148154,SelfRegulationSCP2,2,20,20.0,5,95,guide=gpf | walk=plain,0.293,7,1152,1.5999999999999999,5.318748701770675,0.29720801402228225,0.7766332283540797,0.296875,0.5
0.0,0.0,0.5,0.4635185185185185,0.3925516666666667,0.34194444444444444,SelfRegulationSCP2,2,20,20.0,5,95,guide=gpf | walk=aligned,0.293,7,1152,1.5999999999999999,5.8807154606616105,0.3767469612569678,0.2435570212379142,0.05709134615384615,77.4
0.0,0.0,0.5,0.47685185185185186,0.4062146913580247,0.3871851851851852,SelfRegulationSCP2,2,20,20.0,5,95,guide=sig | walk=aligned,0.293,7,1152,1.5999999999999999,4.8970873172712235,0.25893774024008287,0.4480130684600227,0.048668032786885244,107.1
0.0,0.0,0.4949238578680203,0.5123057991078296,0.2031719476130123,0.09277566539923954,EthanolConcentration,0,5,5.0,39,156,none,0.883,3,1751,2.0,,,,,
0.2830188679245283,0.4454559581078153,0.5501845869866174,0.5687971081372096,0.20638103084072665,0.11413181242078581,EthanolConcentration,0,5,5.0,39,156,SMOTE-raw,0.883,3,1751,2.0,0.4760759347627168,0.0612174814782912,0.7382001993536916,,
0.16494845360824742,0.32720093557035745,0.5022304260882942,0.5081910475311491,0.21994850021123785,0.15017743979721168,EthanolConcentration,0,5,5.0,39,156,guide=gpf | walk=plain,0.883,3,1751,2.0,1.2245437577522083,0.2532434312945627,0.22664823555916394,0.2565789473684211,0.5
0.13043478260869565,0.28579667873895725,0.49469312413474853,0.5368020304568528,0.2107229404309252,0.12316856780735108,EthanolConcentration,0,5,5.0,39,156,guide=gpf | walk=aligned,0.883,3,1751,2.0,1.254411354396499,0.18704016345470142,1.3715947817813539,0.09027777777777778,184.8
0.21505376344086022,0.37207558366961224,0.5326103676357483,0.48877095831410555,0.21799788762146174,0.16631178707224334,EthanolConcentration,0,5,5.0,39,156,guide=sig | walk=aligned,0.883,3,1751,2.0,15.477924326271854,0.23946003794357051,163.53634283970482,0.06018518518518518,290.3
0.0,0.0,0.4949238578680203,0.5375711429010921,0.21408027038445288,0.1442585551330798,EthanolConcentration,0,10,9.8,20,175,none,0.883,3,1751,2.1999999999999997,,,,,
0.1956521739130435,0.3529818918397576,0.5250346100599907,0.5522996462082757,0.2092125897760879,0.11954372623574144,EthanolConcentration,0,10,9.8,20,175,SMOTE-raw,0.883,3,1751,2.1999999999999997,0.9108522815289009,0.08082662489703862,0.70114897350968,,
0.12658227848101267,0.2695943730507341,0.5175742193508691,0.5449930779880019,0.21456400506970852,0.14022813688212926,EthanolConcentration,0,10,9.8,20,175,guide=gpf | walk=plain,0.883,3,1751,2.1999999999999997,1.9631041169493413,0.325579720848244,0.2982958858979409,0.06076388888888889,2.0
0.056338028169014086,0.17274710659367554,0.5075373019535456,0.5285725273034918,0.20586425855513307,0.12381495564005071,EthanolConcentration,0,10,9.8,20,175,guide=gpf | walk=aligned,0.883,3,1751,2.1999999999999997,75.88500247158872,0.6467122930006127,146.99396033550616,0.09114583333333333,204.0
0.0,0.0,0.4949238578680203,0.5343793262574987,0.20798990283058724,0.13010139416983527,EthanolConcentration,0,10,9.8,20,175,guide=sig | walk=aligned,0.883,3,1751,2.1999999999999997,33.76490529602583,0.27810797458901027,373.31410155940733,0.04926801801801802,384.9
0.0,0.0,0.5,0.5262267343485617,0.22639759188846642,0.18389100126742716,EthanolConcentration,0,20,19.5,10,185,none,0.883,3,1751,1.7999999999999998,,,,,
0.08571428571428572,0.21265890933904852,0.5201892016612829,0.5876788186432856,0.20145373891001267,0.12207858048162228,EthanolConcentration,0,20,19.5,10,185,SMOTE-raw,0.883,3,1751,1.7999999999999998,1.2793711376158772,0.14616171069560868,0.5496988725631218,,
0.029850746268656716,0.12309149097933274,0.5075757575757576,0.499961544377788,0.22491457541191381,0.1703929024081115,EthanolConcentration,0,20,19.5,10,185,guide=gpf | walk=plain,0.883,3,1751,1.7999999999999998,3.787807995479058,0.5087436217002468,0.1500720733134513,0.04899364406779661,2.4
0.0,0.0,0.5,0.5268804799261652,0.22424647232784117,0.18321926489226872,EthanolConcentration,0,20,19.5,10,185,guide=gpf | walk=aligned,0.883,3,1751,1.7999999999999998,7.420223556268635,0.6766538100739509,0.215310424421442,0.04899364406779661,396.6
0.029850746268656716,0.12309149097933274,0.5075757575757576,0.5594523919397015,0.21533907900295735,0.1543472750316857,EthanolConcentration,0,20,19.5,10,185,guide=sig | walk=aligned,0.883,3,1751,1.7999999999999998,1.1325845562085544,0.08422410024491311,0.9237079228767472,0.04899364406779661,409.5
0.0547945205479452,0.1718543507124302,0.5024611598215659,0.590793724042455,0.18974136037177866,0.09591888466413181,EthanolConcentration,1,5,5.0,39,156,none,0.883,3,1751,2.1999999999999997,,,,,
0.3238095238095238,0.4783418779086836,0.5729503153361022,0.60632979541609,0.19625568229826784,0.11039290240811155,EthanolConcentration,1,5,5.0,39,156,SMOTE-raw,0.883,3,1751,2.1999999999999997,0.823718729516818,0.07942908881044086,0.6976266269936428,,
0.3220338983050847,0.48954615474435176,0.560183048761729,0.5946777418858638,0.2073826784959865,0.1425348542458809,EthanolConcentration,1,5,5.0,39,156,guide=gpf | walk=plain,0.883,3,1751,2.1999999999999997,0.6723034912417134,0.040985421599673,2.020118123220866,0.1392857142857143,0.7
0.1839080459770115,0.33647191828149936,0.5276111367481926,0.5752961082910322,0.19766641318124206,0.10927756653992395,EthanolConcentration,1,5,5.0,39,156,guide=gpf | walk=aligned,0.883,3,1751,2.1999999999999997,3.0649973331359757,0.27817664044073753,3.9204903352756837,0.04875,333.9
0.1839080459770115,0.33647191828149936,0.5276111367481926,0.5636055991385941,0.19940713983945924,0.10716096324461341,EthanolConcentration,1,5,5.0,39,156,guide=sig | walk=aligned,0.883,3,1751,2.1999999999999997,12.776002301763452,0.2336048220960142,142.65995532287457,0.05298913043478261,319.3
0.0,0.0,0.49746192893401014,0.5319566220581449,0.21062196873679762,0.1453231939163498,EthanolConcentration,1,10,9.8,20,175,none,0.883,3,1751,2.0,,,,,
0.13043478260869565,0.28579667873895725,0.49469312413474853,0.5573757883402554,0.21340760456273766,0.1362484157160963,EthanolConcentration,1,10,9.8,20,175,SMOTE-raw,0.883,3,1751,2.0,0.7696368116552446,0.10577496584233326,0.5943728167764433,,
0.09195402298850575,0.2353212612265051,0.4871558221812029,0.5233425626826642,0.21637841149133924,0.1449049429657795,EthanolConcentration,1,10,9.8,20,175,guide=gpf | walk=plain,0.883,3,1751,2.0,1.7112944832474932,0.11369606900741891,1.9818786445705532,0.08965163934426229,1.3
0.028169014084507043,0.12183542249206268,0.4974234733117982,0.5177280418397171,0.2065235318969159,0.10798479087452473,EthanolConcentration,1,10,9.8,20,175,guide=gpf | walk=aligned,0.883,3,1751,2.0,2.7729211743039555,0.20573642858477692,5.72217093414534,0.04926801801801802,373.1
0.0,0.0,0.49746192893401014,0.5151130595293031,0.20555762568652305,0.12391634980988589,EthanolConcentration,1,10,9.8,20,175,guide=sig | walk=aligned,0.883,3,1751,2.0,47.03794904095064,0.4338796912166034,149.85758479259255,0.11393229166666667,167.0
0.0,0.0,0.5,0.5879480079987693,0.2177275031685678,0.1717617237008872,EthanolConcentration,1,20,19.5,10,185,none,0.883,3,1751,1.7999999999999998,,,,,
0.07792207792207792,0.20882690341134455,0.502422704199354,0.5606060606060607,0.20887008871989862,0.13017743979721166,EthanolConcentration,1,20,19.5,10,185,SMOTE-raw,0.883,3,1751,1.7999999999999998,1.1402414572191795,0.11546179537468249,0.5921397230816885,,
0.0,0.0,0.5,0.5865636055991387,0.21352002534854242,0.1508365019011407,EthanolConcentration,1,20,19.5,10,185,guide=gpf | walk=plain,0.883,3,1751,1.7999999999999998,5.687110681121741,0.5418635108746641,1.726278490323108e-32,0.04899364406779661,2.4
0.0,0.0,0.5,0.5887171204430088,0.21276582171525135,0.15119138149556402,EthanolConcentration,1,20,19.5,10,185,guide=gpf | walk=aligned,0.883,3,1751,1.7999999999999998,13.758303841672664,0.6703999052265489,2.1246346886152616,0.04899364406779661,394.3
0.0,0.0,0.4949238578680203,0.5698738655591447,0.22184638783269958,0.16783269961977187,EthanolConcentration,1,20,19.5,10,185,guide=sig | walk=aligned,0.883,3,1751,1.7999999999999998,0.8395082808844361,0.0489151022326515,0.9263164874545812,0.04899364406779661,409.2
0.10810810810810811,0.24367084498412536,0.520150746039071,0.5189201661282881,0.20152416561047737,0.11352344740177442,EthanolConcentration,2,5,5.0,39,156,none,0.883,3,1751,2.1999999999999997,,,,,
0.18181818181818182,0.34605029629819195,0.5072681125980618,0.5865251499769266,0.1988995352767216,0.08119138149556397,EthanolConcentration,2,5,5.0,39,156,SMOTE-raw,0.883,3,1751,2.1999999999999997,0.6687839241574496,0.06598824068309161,0.7163662052160249,,
0.17204301075268819,0.3309404962522464,0.5123827103522536,0.4987309644670051,0.2170351499788762,0.14043092522179973,EthanolConcentration,2,5,5.0,39,156,guide=gpf | walk=plain,0.883,3,1751,2.1999999999999997,8.00552329941491,0.3581974419401631,2.813289887370738,0.2867647058823529,0.4
0.16091954022988506,0.31388422086345863,0.5174973081064451,0.49992308875557606,0.21251216730038025,0.14013941698352347,EthanolConcentration,2,5,5.0,39,156,guide=gpf | walk=aligned,0.883,3,1751,2.1999999999999997,5.57749941230415,0.21326358954151914,123.40900709115408,0.07738095238095238,209.3
0.15384615384615385,0.3104348389971562,0.5073450238424857,0.5068451007537301,0.2104565694972539,0.12422053231939162,EthanolConcentration,2,5,5.0,39,156,guide=sig | walk=aligned,0.883,3,1751,2.1999999999999997,50.85931677846205,0.3686125379014804,317.3673915034525,0.054775280898876406,306.3
0.0,0.0,0.49746192893401014,0.5199200123057992,0.21166130122517954,0.13750316856780737,EthanolConcentration,2,10,9.8,20,175,none,0.883,3,1751,1.7999999999999998,,,,,
0.20952380952380953,0.37812432265604756,0.5122673434856176,0.5453776342101214,0.22054516265314744,0.1447908745247148,EthanolConcentration,2,10,9.8,20,175,SMOTE-raw,0.883,3,1751,1.7999999999999998,1.0687378297459418,0.1407262984995049,0.6091677745470581,,
0.13953488372093023,0.29060032067683683,0.5099215505306876,0.5168820181510536,0.22343789607097592,0.16743979721166036,EthanolConcentration,2,10,9.8,20,175,guide=gpf | walk=plain,0.883,3,1751,1.7999999999999998,1.2372922828128399,0.20154620748896612,0.5772718499038738,0.08965163934426229,1.3
0.0821917808219178,0.21102514191787253,0.5125749884633134,0.5285340716812799,0.20917325728770594,0.14637515842839038,EthanolConcentration,2,10,9.8,20,175,guide=gpf | walk=aligned,0.883,3,1751,1.7999999999999998,5.782094193973997,0.34092604707825414,3.3518947749693746,0.04926801801801802,371.3
0.075,0.2071629175034847,0.4948084910013844,0.5107291185971389,0.21877249683143218,0.15076045627376422,EthanolConcentration,2,10,9.8,20,175,guide=sig | walk=aligned,0.883,3,1751,1.7999999999999998,13.207003149476556,0.3289853516112896,88.78463982062407,0.0581781914893617,325.1
0.0,0.0,0.5,0.5656052914936163,0.22470980143641742,0.18807351077313053,EthanolConcentration,2,20,19.5,10,185,none,0.883,3,1751,1.7999999999999998,,,,,
0.08695652173913043,0.21320071635561044,0.5227272727272727,0.5741808952468851,0.20461330798479085,0.15813688212927757,EthanolConcentration,2,20,19.5,10,185,SMOTE-raw,0.883,3,1751,1.7999999999999998,1.449162642428611,0.1626928807653446,0.5227187376135255,,
0.029411764705882353,0.12277867855247188,0.5050376865097678,0.5521073680972158,0.21981943388255176,0.17784537389100127,EthanolConcentration,2,20,19.5,10,185,guide=gpf | walk=plain,0.883,3,1751,1.7999999999999998,3.0904135250214964,0.48306516713477093,0.12132957453939901,0.04899364406779661,2.5
0.0,0.0,0.5,0.5517228118750962,0.22281609632446134,0.17702154626108996,EthanolConcentration,2,20,19.5,10,185,guide=gpf | walk=aligned,0.883,3,1751,1.7999999999999998,304.773197777101,1.3310367193035166,171.58048933019978,0.04899364406779661,395.8
0.0,0.0,0.5,0.5253037994154747,0.2182027460920997,0.15745247148288974,EthanolConcentration,2,20,19.5,10,185,guide=sig | walk=aligned,0.883,3,1751,1.7999999999999998,34.3288044834002,0.6430927115683476,50.540550052656165,0.04899364406779661,409.4
