f1,gmean,bacc,auc,brier,ece,dataset,seed,IR,IR_actual,n_min,n_syn,method,H,ref_energy,n_feat,n_channels,length,energy_syn,mmd_syn,disp_ratio,accept,M
0.8655737704918033,0.8734723214669307,0.8801509587923296,0.9912431811656619,0.09571657488392182,0.1897181729834791,ItalyPowerDemand,0,5,4.7,7,26,none (raw-flat RF),0.645,1.512345963560552,,,,,,,,
0.6649417852522639,0.7057350887577264,0.7475803526905118,0.967549148495701,0.1613050102580715,0.23395853579527048,ItalyPowerDemand,0,5,4.7,7,26,none,0.645,1.512345963560552,60.0,1.0,24.0,,,,,
0.7550776583034647,0.7787388905384358,0.8002402647445487,0.9645307281986188,0.13395114998380306,0.18976352445740202,ItalyPowerDemand,0,5,4.7,7,26,SMOTE-raw,0.645,1.512345963560552,60.0,1.0,24.0,1.6134451520982775,0.1441736221967801,0.6516082953919244,,
0.7146401985111662,0.7456296347997319,0.7758567931456548,0.9672582619339045,0.14281290357412807,0.20488824101069,ItalyPowerDemand,0,5,4.7,7,26,chain-mean-GPF (PSSTO-style),0.645,1.512345963560552,60.0,1.0,24.0,1.83690802204422,0.16993991432954403,0.4033364225023064,,
0.7075,0.7398516809772145,0.7719524910467384,0.9747438687157169,0.1404274268437534,0.21250404923874314,ItalyPowerDemand,0,5,4.7,7,26,KNNOR-GPF (M=1),0.645,1.512345963560552,60.0,1.0,24.0,2.5423580011360105,0.28715775310674974,0.12633377021348466,1.0,1.0
0.7436208991494532,0.7693291006207158,0.7943696450428397,0.9778246218474695,0.13007748623258825,0.20751538710722384,ItalyPowerDemand,0,5,4.7,7,26,KNNOR-GPF (M calibrated),0.645,1.512345963560552,60.0,1.0,24.0,2.3012385404509708,0.25930753096946957,0.2776482300315515,0.896551724137931,2.0
0.8453837597330367,0.855644480092943,0.8645564168819982,0.9799854934493858,0.10843822481373501,0.1801684483317137,ItalyPowerDemand,0,5,4.7,7,26,hybrid GPF-nbrs/raw-walk (M calibrated),0.645,1.512345963560552,60.0,1.0,24.0,1.5744018040863512,0.14832428815121124,1.0015218780144557,0.40625,2.0
0.7460510328068044,0.7713373064425689,0.7963132961602974,0.9746928691237137,0.13603149767843645,0.20656624554583744,ItalyPowerDemand,0,5,4.7,7,26,KNNOR-official-GPF (randmx=1),0.645,1.512345963560552,60.0,1.0,24.0,2.7156748481254382,0.29236267964331364,0.14980958924864946,0.8387096774193549,1.0
0.7396593673965937,0.7660616269646853,0.7914513350559862,0.9747382020943832,0.1360677140697549,0.20619695497246515,ItalyPowerDemand,0,5,4.7,7,26,KNNOR-official-GPF (randmx=M*),0.645,1.512345963560552,60.0,1.0,24.0,2.4345306543671814,0.2565146265495034,0.10151063273117858,0.6341463414634146,2.0
0.7754137115839244,0.7957265311223946,0.8148431479214833,0.9726623298124726,0.12919588597343698,0.20045027534823456,ItalyPowerDemand,0,5,4.7,7,26,KNNOR-official-raw (randmx=1),0.645,1.512345963560552,60.0,1.0,24.0,4.507775004713052,0.36766249871032397,0.47094615609510315,1.0,1.0
0.8182857142857143,0.8321334123729365,0.8450519062514166,0.9764362996207141,0.1163308821941475,0.18105280207321028,ItalyPowerDemand,0,5,4.7,7,26,hybrid GPF-nbrs/raw-walk (M raw-calibrated),0.645,1.512345963560552,60.0,1.0,24.0,1.4606736850794633,0.14139227212208716,0.7278172987225582,0.40625,1.7999999999999998
0.6837387964148528,0.720735164717188,0.759264925880593,0.9764400773682699,0.148787657920311,0.22528992549400711,ItalyPowerDemand,0,10,8.2,4,29,none (raw-flat RF),0.645,1.79518712237169,,,,,,,,
0.5123010130246021,0.5868224420118113,0.6715456276349789,0.9365168411986038,0.21272116402116403,0.26824425008098474,ItalyPowerDemand,0,10,8.2,4,29,none,0.645,1.79518712237169,60.0,1.0,24.0,,,,,
0.6683870967741935,0.7084758178626311,0.7495296704293033,0.935151185457183,0.17300471871288198,0.21191124068675088,ItalyPowerDemand,0,10,8.2,4,29,SMOTE-raw,0.645,1.79518712237169,60.0,1.0,24.0,2.060643810288269,0.1731985804836731,0.3958209180440669,,
0.6518324607329843,0.6953407788101293,0.7407520739834081,0.9337741964730949,0.17452659540006477,0.21473922902494333,ItalyPowerDemand,0,10,8.2,4,29,chain-mean-GPF (PSSTO-style),0.645,1.79518712237169,60.0,1.0,24.0,2.465056352751148,0.20206914141198884,0.1989174400168634,,
0.6658031088082902,0.7064226048377245,0.7485493449385738,0.9387986007223053,0.17499779721412378,0.2194428247489472,ItalyPowerDemand,0,10,8.2,4,29,KNNOR-GPF (M=1),0.645,1.79518712237169,60.0,1.0,24.0,2.1940966698366093,0.1832008705450423,0.26139288723603576,1.0,1.0
0.7035175879396985,0.7366380786483473,0.7699975066866132,0.9547746951357722,0.15554689558363027,0.2004016844833172,ItalyPowerDemand,0,10,8.2,4,29,KNNOR-GPF (M calibrated),0.645,1.79518712237169,60.0,1.0,24.0,2.0016979628844496,0.17433354950455715,0.44116110606989845,1.0,1.5999999999999999
0.7083854818523154,0.7405738399397461,0.7729214832948004,0.9337949740846517,0.15888433214555664,0.18801425332037575,ItalyPowerDemand,0,10,8.2,4,29,hybrid GPF-nbrs/raw-walk (M calibrated),0.645,1.79518712237169,60.0,1.0,24.0,1.5785834293237393,0.12709993894071858,0.7016129381572627,0.453125,1.5999999999999999
0.6605981794538361,0.7022874125987709,0.7456253683303866,0.9360842891034649,0.17698886729294894,0.21975704567541304,ItalyPowerDemand,0,10,8.2,4,29,KNNOR-official-GPF (randmx=1),0.645,1.79518712237169,60.0,1.0,24.0,2.4219098083891275,0.19695723371188367,0.2998010519761139,1.0,1.0
0.6221628838451269,0.671974990306112,0.7241885398250147,0.9381998277347114,0.17985748839218227,0.21760285066407514,ItalyPowerDemand,0,10,8.2,4,29,KNNOR-official-GPF (randmx=M*),0.645,1.79518712237169,60.0,1.0,24.0,3.0913239785149003,0.24901179086595493,0.6428283590386402,1.0,1.5999999999999999
0.65625,0.6988362419217079,0.7427070583435332,0.939178264351663,0.17625770435158192,0.21975380628441857,ItalyPowerDemand,0,10,8.2,4,29,KNNOR-official-raw (randmx=1),0.645,1.79518712237169,60.0,1.0,24.0,2.7165622001477203,0.21659776953789878,0.3559355853455474,1.0,1.0
0.7083854818523154,0.7405738399397461,0.7729214832948004,0.9337949740846517,0.15888433214555664,0.18801425332037575,ItalyPowerDemand,0,10,8.2,4,29,hybrid GPF-nbrs/raw-walk (M raw-calibrated),0.645,1.79518712237169,60.0,1.0,24.0,1.5785834293237357,0.12709993894071858,0.7016129381572629,0.453125,1.6
0.6221628838451269,0.671974990306112,0.7241885398250147,0.9824448071082098,0.15532346398877012,0.24194363459669582,ItalyPowerDemand,0,20,8.2,4,29,none (raw-flat RF),0.645,2.607652172021961,,,,,,,,
0.2980132450331126,0.41844784527012,0.5867503059975521,0.9245659368058389,0.23773736097613649,0.28447359896339486,ItalyPowerDemand,0,20,8.2,4,29,none,0.645,2.607652172021961,60.0,1.0,24.0,,,,,
0.38819875776397517,0.4907457658320445,0.6160184051860919,0.912728364839748,0.2227932836626714,0.27890508584386137,ItalyPowerDemand,0,20,8.2,4,29,SMOTE-raw,0.645,2.607652172021961,60.0,1.0,24.0,2.6812741906186695,0.24379068445951724,0.527706811436563,,
0.3761755485893417,0.48130185966968,0.6121141030871753,0.9143886848905208,0.22455054529748408,0.2707547781017169,ItalyPowerDemand,0,20,8.2,4,29,chain-mean-GPF (PSSTO-style),0.645,2.607652172021961,60.0,1.0,24.0,3.048055767277779,0.28516718293628984,0.2567722662584033,,
0.3639240506329114,0.4716288541696181,0.6082098009882587,0.9092943923115282,0.2295647554259799,0.28111435050210565,ItalyPowerDemand,0,20,8.2,4,29,KNNOR-GPF (M=1),0.645,2.607652172021961,60.0,1.0,24.0,2.8725296227894237,0.29100202677517395,0.17495056434909612,0.90625,1.0
0.4941860465116279,0.5728637972259324,0.6608470465569609,0.925162820919655,0.19581979267897637,0.2517557499190152,ItalyPowerDemand,0,20,8.2,4,29,KNNOR-GPF (M calibrated),0.645,2.607652172021961,60.0,1.0,24.0,2.1403732233875363,0.2052227971484848,0.38186467222217607,0.90625,1.5999999999999999
0.3894080996884735,0.49170707089793736,0.6179563896822159,0.9047592063707935,0.2209765360112299,0.2703628117913832,ItalyPowerDemand,0,20,8.2,4,29,hybrid GPF-nbrs/raw-walk (M calibrated),0.645,2.607652172021961,60.0,1.0,24.0,3.137077482964397,0.26626202271673705,0.4870150350949349,0.453125,1.5999999999999999
0.45901639344262296,0.5457726992801197,0.6462214968946915,0.9245451591942819,0.2068987258395422,0.2577291869128604,ItalyPowerDemand,0,20,8.2,4,29,KNNOR-official-GPF (randmx=1),0.645,2.607652172021961,60.0,1.0,24.0,3.5270587013037638,0.3365929755716557,0.3107414659674393,1.0,1.0
0.5934959349593496,0.649566489673693,0.7076363389092887,0.9449336627529201,0.17241814058956917,0.22873339812115326,ItalyPowerDemand,0,20,8.2,4,29,KNNOR-official-GPF (randmx=M*),0.645,2.607652172021961,60.0,1.0,24.0,4.94231042019813,0.3876170598910855,0.6936071078934648,1.0,1.5999999999999999
0.3572567783094099,0.4663446915020485,0.6072238088761956,0.9106902700333952,0.22853723140049667,0.2780077745383868,ItalyPowerDemand,0,20,8.2,4,29,KNNOR-official-raw (randmx=1),0.645,2.607652172021961,60.0,1.0,24.0,4.4571296692067826,0.4088826272661221,0.25930076215509634,1.0,1.0
0.3894080996884735,0.49170707089793736,0.6179563896822159,0.9047592063707935,0.2209765360112299,0.2703628117913832,ItalyPowerDemand,0,20,8.2,4,29,hybrid GPF-nbrs/raw-walk (M raw-calibrated),0.645,2.607652172021961,60.0,1.0,24.0,3.1370774829644006,0.2662620227167368,0.48701503509493516,0.453125,1.6
0.7990708478513356,0.8157003870953307,0.8314066820798767,0.9816665911117156,0.11504490875715365,0.1813573048266926,ItalyPowerDemand,1,5,4.7,7,26,none (raw-flat RF),0.645,1.459665742345388,,,,,,,,
0.6243386243386243,0.6736454166641369,0.7232365474409538,0.9359785121719026,0.17831878846776805,0.21892128279883383,ItalyPowerDemand,1,5,4.7,7,26,none,0.645,1.459665742345388,60.0,1.0,24.0,,,,,
0.6683544303797468,0.7082758314593539,0.7447130422956616,0.9272311377064538,0.16865935644098906,0.1944574020084224,ItalyPowerDemand,1,5,4.7,7,26,SMOTE-raw,0.645,1.459665742345388,60.0,1.0,24.0,2.9299560412599153,0.24533064443125696,0.2535316208989039,,
0.724390243902439,0.7534769128382997,0.7797837617299062,0.9337061970170906,0.15571284958427817,0.1812601230968578,ItalyPowerDemand,1,5,4.7,7,26,chain-mean-GPF (PSSTO-style),0.645,1.459665742345388,60.0,1.0,24.0,2.4218343385041496,0.20446108279850095,0.27276709014472955,,
0.6512226512226512,0.6947401791075899,0.7359297792284328,0.9214134064705259,0.17703117373933702,0.2064496274700356,ItalyPowerDemand,1,5,4.7,7,26,KNNOR-GPF (M=1),0.645,1.459665742345388,60.0,1.0,24.0,2.88542529835024,0.22773801251750614,0.11229263062965117,1.0,1.0
0.672566371681416,0.7116599948854885,0.7476313522825151,0.9177811021956268,0.17194642047295108,0.19565273728539034,ItalyPowerDemand,1,5,4.7,7,26,KNNOR-GPF (M calibrated),0.645,1.459665742345388,60.0,1.0,24.0,2.729192433579229,0.23118579420196805,0.2771582770982903,0.9285714285714286,2.1999999999999997
0.7019704433497537,0.7351750422912385,0.7642118863049095,0.919681309216193,0.16093496382680056,0.17421768707482993,ItalyPowerDemand,1,5,4.7,7,26,hybrid GPF-nbrs/raw-walk (M calibrated),0.645,1.459665742345388,60.0,1.0,24.0,2.6163234769753103,0.19249923252480305,0.9499554230834297,0.40625,2.1999999999999997
0.6555697823303457,0.69815478272314,0.7378847635885579,0.9173372168578209,0.1777177734585898,0.20638483965014576,ItalyPowerDemand,1,5,4.7,7,26,KNNOR-official-GPF (randmx=1),0.645,1.459665742345388,60.0,1.0,24.0,2.9563069864081424,0.2322116689536453,0.13718924451295927,1.0,1.0
0.6834170854271356,0.7203550543060842,0.7544482977469513,0.9248643788627469,0.16653197278911566,0.19151279559442827,ItalyPowerDemand,1,5,4.7,7,26,KNNOR-official-GPF (randmx=M*),0.645,1.459665742345388,60.0,1.0,24.0,2.809882441270597,0.1872322722864529,1.17921870937989,1.0,2.1999999999999997
0.6486486486486487,0.6926789743934109,0.7339861281109751,0.920593635250918,0.17804643127092107,0.20968577907353417,ItalyPowerDemand,1,5,4.7,7,26,KNNOR-official-raw (randmx=1),0.645,1.459665742345388,60.0,1.0,24.0,3.3053093727487255,0.25937577384943267,0.16332682048499791,1.0,1.0
0.7019704433497537,0.7351750422912385,0.7642118863049095,0.919681309216193,0.16093496382680056,0.17421768707482993,ItalyPowerDemand,1,5,4.7,7,26,hybrid GPF-nbrs/raw-walk (M raw-calibrated),0.645,1.459665742345388,60.0,1.0,24.0,2.6163234769753103,0.19249923252480305,0.9499554230834297,0.40625,2.1999999999999997
0.6135135135135135,0.6652030717800791,0.7212475633528265,0.9829718028922435,0.15133639995680812,0.24099773242630385,ItalyPowerDemand,1,10,8.2,4,29,none (raw-flat RF),0.645,2.3821285969516257,,,,,,,,
0.5207439198855508,0.5933174767689037,0.6735119452377714,0.9385870468591806,0.21644355901090595,0.2723291221250405,ItalyPowerDemand,1,10,8.2,4,29,none,0.645,2.3821285969516257,60.0,1.0,24.0,,,,,
0.5869565217391305,0.6444692989387328,0.7037433700530396,0.9289500128443418,0.20229503293380846,0.24663103336572728,ItalyPowerDemand,1,10,8.2,4,29,SMOTE-raw,0.645,2.3821285969516257,60.0,1.0,24.0,2.9707750559823314,0.2348006978102387,0.45896755623314,,
0.6067114093959731,0.6598660343442451,0.7144589509950587,0.9357046254741073,0.19399800237555337,0.2407482993197279,ItalyPowerDemand,1,10,8.2,4,29,chain-mean-GPF (PSSTO-style),0.645,2.3821285969516257,60.0,1.0,24.0,3.071768438869574,0.2395167129296285,0.22465590894333543,,
0.592391304347826,0.6487168274530198,0.7076306722879551,0.9357896247941127,0.1950055393586006,0.24361839974084873,ItalyPowerDemand,1,10,8.2,4,29,KNNOR-GPF (M=1),0.645,2.3821285969516257,60.0,1.0,24.0,2.798650030256068,0.2215174032201317,0.26561088200165267,1.0,1.0
0.6335078534031413,0.6808134536060504,0.7271465161612041,0.9279394653731659,0.18741940395205703,0.22544541626174278,ItalyPowerDemand,1,10,8.2,4,29,KNNOR-GPF (M calibrated),0.645,2.3821285969516257,60.0,1.0,24.0,2.3595311332999493,0.18916072372457127,0.4939653721033278,1.0,1.5999999999999999
0.6750313676286073,0.7135287382770581,0.7476483521465161,0.9254178188796712,0.17377095346074936,0.19987042436022032,ItalyPowerDemand,1,10,8.2,4,29,hybrid GPF-nbrs/raw-walk (M calibrated),0.645,2.3821285969516257,60.0,1.0,24.0,1.994551471876095,0.14956028378317376,0.9826304009605813,0.453125,1.5999999999999999
0.5888738127544098,0.6459594033532469,0.7047180289224353,0.93449763513003,0.1977885649497894,0.24443472627146098,ItalyPowerDemand,1,10,8.2,4,29,KNNOR-official-GPF (randmx=1),0.645,2.3821285969516257,60.0,1.0,24.0,2.8355504476103235,0.22018321231028137,0.27293335735366364,1.0,1.0
0.6317169069462647,0.6794053580891223,0.7261718572918083,0.9386796016742979,0.18084785660295866,0.2245934564301911,ItalyPowerDemand,1,10,8.2,4,29,KNNOR-official-GPF (randmx=M*),0.645,2.3821285969516257,60.0,1.0,24.0,2.334654093183252,0.18487308276107772,0.5816754422073742,1.0,1.5999999999999999
0.5831062670299727,0.6414787060088434,0.7017940523142481,0.9297811173066172,0.20293414318108197,0.24727891156462586,ItalyPowerDemand,1,10,8.2,4,29,KNNOR-official-raw (randmx=1),0.645,2.3821285969516257,60.0,1.0,24.0,3.2934326944863503,0.25471610437135017,0.29347621791610845,1.0,1.0
0.6750313676286073,0.7135287382770581,0.7476483521465161,0.9254178188796712,0.17377095346074936,0.19987042436022032,ItalyPowerDemand,1,10,8.2,4,29,hybrid GPF-nbrs/raw-walk (M raw-calibrated),0.645,2.3821285969516257,60.0,1.0,24.0,1.9945514718760915,0.14956028378317376,0.9826304009605815,0.453125,1.6
0.6393659180977543,0.6854972377555715,0.7339294618976382,0.988723423545945,0.14117162293488825,0.2383090379008746,ItalyPowerDemand,1,20,8.2,4,29,none (raw-flat RF),0.645,2.4142080683115825,,,,,,,,
0.23407917383820998,0.36407912084850014,0.5662768031189084,0.9483317466793598,0.24106962531044165,0.29677356656948495,ItalyPowerDemand,1,20,8.2,4,29,none,0.645,2.4142080683115825,60.0,1.0,24.0,,,,,
0.5107604017216643,0.5856141418334104,0.6676753252640646,0.9407762515677653,0.18806415073966093,0.22839326206673144,ItalyPowerDemand,1,20,8.2,4,29,SMOTE-raw,0.645,2.4142080683115825,60.0,1.0,24.0,2.2921694960510486,0.18609104775422292,0.42143453386933255,,
0.4905109489051095,0.5700409930517834,0.6598667210662315,0.9454191033138402,0.19052831227729186,0.24690962099125366,ItalyPowerDemand,1,20,8.2,4,29,chain-mean-GPF (PSSTO-style),0.645,2.4142080683115825,60.0,1.0,24.0,3.1277417571103303,0.2646490280295606,0.17421991519536392,,
0.4110429447852761,0.5086034664998523,0.6257593272587152,0.9337458633664264,0.20265429219306771,0.26300615484288953,ItalyPowerDemand,1,20,8.2,4,29,KNNOR-GPF (M=1),0.645,2.4142080683115825,60.0,1.0,24.0,3.7020655868485406,0.3292772365497154,0.21219405826577492,1.0,1.0
0.3402889245585875,0.4527978747170008,0.5994378711636974,0.9424460159874276,0.21262094806176438,0.27891804340783927,ItalyPowerDemand,1,20,8.2,4,29,KNNOR-GPF (M calibrated),0.645,2.4142080683115825,60.0,1.0,24.0,4.294905298237564,0.3765262177875127,0.2735001742602414,0.9354838709677419,1.5999999999999999
0.33279483037156704,0.4467800388342962,0.5974828868035722,0.92078063375493,0.22457138537954865,0.27484936831875606,ItalyPowerDemand,1,20,8.2,4,29,hybrid GPF-nbrs/raw-walk (M calibrated),0.645,2.4142080683115825,60.0,1.0,24.0,4.546703792578414,0.3393485537863904,0.7310451275631031,0.453125,1.5999999999999999
0.3137254901960784,0.43133109281375365,0.5906602747178022,0.9289273463590069,0.2215661807580175,0.2766828636216391,ItalyPowerDemand,1,20,8.2,4,29,KNNOR-official-GPF (randmx=1),0.645,2.4142080683115825,60.0,1.0,24.0,4.335933350379259,0.37351585162652723,0.2080322324112856,1.0,1.0
0.27906976744186046,0.4026860266821344,0.5770263837889297,0.9366717288483914,0.22948260447035956,0.2935341755749919,ItalyPowerDemand,1,20,8.2,4,29,KNNOR-official-GPF (randmx=M*),0.645,2.4142080683115825,60.0,1.0,24.0,5.914749728377037,0.42896863890144166,0.5476445235351095,1.0,1.5999999999999999
0.32195121951219513,0.4380187953915666,0.5935842513259894,0.9337118636384243,0.2181420041032286,0.27110787172011663,ItalyPowerDemand,1,20,8.2,4,29,KNNOR-official-raw (randmx=1),0.645,2.4142080683115825,60.0,1.0,24.0,4.388222538841216,0.36900384419890997,0.24118769903033394,1.0,1.0
0.33279483037156704,0.4467800388342962,0.5974828868035722,0.92078063375493,0.22457138537954865,0.27484936831875606,ItalyPowerDemand,1,20,8.2,4,29,hybrid GPF-nbrs/raw-walk (M raw-calibrated),0.645,2.4142080683115825,60.0,1.0,24.0,4.546703792578418,0.33934855378638995,0.7310451275631034,0.453125,1.6
0.8831168831168831,0.8892118276421005,0.8947538419692642,0.9924237272768484,0.08720498866213151,0.1821768707482993,ItalyPowerDemand,2,5,4.7,7,26,none (raw-flat RF),0.645,1.7524320249216983,,,,,,,,
0.5589887640449438,0.6228276085880371,0.6939571150097466,0.973421657071188,0.16779289493575208,0.2494719792678976,ItalyPowerDemand,2,5,4.7,7,26,none,0.645,1.7524320249216983,60.0,1.0,24.0,,,,,
0.6878172588832487,0.7239958762741617,0.7602565846139897,0.9648688366048628,0.14629802397149336,0.22662131519274373,ItalyPowerDemand,2,5,4.7,7,26,SMOTE-raw,0.645,1.7524320249216983,60.0,1.0,24.0,2.307750433036179,0.2087758870265104,0.5383792474613236,,
0.7017543859649122,0.7352007346864406,0.7680595221904891,0.9670410414494462,0.1457474786740093,0.2273793326854552,ItalyPowerDemand,2,5,4.7,7,26,chain-mean-GPF (PSSTO-style),0.645,1.7524320249216983,60.0,1.0,24.0,1.8956257975164705,0.18812394656295905,0.3330793446479071,,
0.614765100671141,0.6661819943622036,0.7202899043474319,0.9704542363661091,0.1578656300615484,0.2510463232912213,ItalyPowerDemand,2,5,4.7,7,26,KNNOR-GPF (M=1),0.645,1.7524320249216983,60.0,1.0,24.0,2.740828300517266,0.32480786427469954,0.11491670482934054,0.7027027027027027,1.0
0.7107231920199502,0.7424613951862727,0.7739018087855297,0.9740279855538934,0.1421257639563762,0.23402332361516037,ItalyPowerDemand,2,5,4.7,7,26,KNNOR-GPF (M calibrated),0.645,1.7524320249216983,60.0,1.0,24.0,2.1237366544424807,0.24487752601787116,0.2227972103099507,0.65,1.5999999999999999
0.6188579017264276,0.6693500779673489,0.7203125708327667,0.9488039651238345,0.16346821077637402,0.2251473922902494,ItalyPowerDemand,2,5,4.7,7,26,hybrid GPF-nbrs/raw-walk (M calibrated),0.645,1.7524320249216983,60.0,1.0,24.0,5.5752123690375806,0.42624212204565837,0.8525408696815453,0.203125,1.5999999999999999
0.6064690026954178,0.6596942613270579,0.715422276621787,0.9573227858621575,0.1620069430946982,0.23454162617427926,ItalyPowerDemand,2,5,4.7,7,26,KNNOR-official-GPF (randmx=1),0.645,1.7524320249216983,60.0,1.0,24.0,2.8939300324376545,0.3209276339399627,0.15378234721337006,0.7647058823529411,1.0
0.6304635761589404,0.6784844922024671,0.7280928419239312,0.9587904407875848,0.15902450059388834,0.2356689342403628,ItalyPowerDemand,2,5,4.7,7,26,KNNOR-official-GPF (randmx=M*),0.645,1.7524320249216983,60.0,1.0,24.0,2.901170768097633,0.30567609802109985,0.20130015221374897,0.7027027027027027,1.5999999999999999
0.6862996158770807,0.7227843066891404,0.7612085769980507,0.9817648125481663,0.14255329877982936,0.24106575963718824,ItalyPowerDemand,2,5,4.7,7,26,KNNOR-official-raw (randmx=1),0.645,1.7524320249216983,60.0,1.0,24.0,3.1720920704421074,0.3386409144132866,0.1962183459844781,1.0,1.0
0.6188579017264276,0.6693500779673489,0.7203125708327667,0.9488039651238345,0.16346821077637402,0.2251473922902494,ItalyPowerDemand,2,5,4.7,7,26,hybrid GPF-nbrs/raw-walk (M raw-calibrated),0.645,1.7524320249216983,60.0,1.0,24.0,5.575212369037577,0.4262421220456582,0.8525408696815457,0.203125,1.6
0.7830188679245284,0.8021289501776995,0.8206797678951901,0.9891446423984164,0.11843548212935968,0.21050210560414642,ItalyPowerDemand,2,10,8.2,4,29,none (raw-flat RF),0.645,2.363510457344418,,,,,,,,
0.30132450331125826,0.42117444631651085,0.5886939571150097,0.9458856551369811,0.2267554799697657,0.2826854551344347,ItalyPowerDemand,2,10,8.2,4,29,none,0.645,2.363510457344418,60.0,1.0,24.0,,,,,
0.7158671586715867,0.7465638225494663,0.774904800761594,0.954349698535745,0.14934964906597561,0.20443472627146095,ItalyPowerDemand,2,10,8.2,4,29,SMOTE-raw,0.645,2.363510457344418,60.0,1.0,24.0,2.3808963496725823,0.1959225056829209,0.4757739687663609,,
0.7066167290886392,0.7391288164362958,0.7709834987986763,0.9552506913278027,0.15067959183673468,0.20610625202461935,ItalyPowerDemand,2,10,8.2,4,29,chain-mean-GPF (PSSTO-style),0.645,2.363510457344418,60.0,1.0,24.0,2.9958245972629047,0.24052944417984223,0.21963408873155887,,
0.6760204081632653,0.7145366205912819,0.7524706469014915,0.9562159058283088,0.15661236367562897,0.2199319727891156,ItalyPowerDemand,2,10,8.2,4,29,KNNOR-GPF (M=1),0.645,2.363510457344418,60.0,1.0,24.0,3.144119321774852,0.27161496846017485,0.1823931541051377,1.0,1.0
0.6768447837150128,0.7151813424367444,0.7524763135228252,0.9492138507336385,0.1592907677356657,0.21756397797214125,ItalyPowerDemand,2,10,8.2,4,29,KNNOR-GPF (M calibrated),0.645,2.363510457344418,60.0,1.0,24.0,2.8574553836257373,0.24596727689982556,0.3471784775211405,0.9666666666666667,1.5999999999999999
0.639686684073107,0.6856956035986638,0.7310394850174532,0.953941701799719,0.1592630493467228,0.21955620343375443,ItalyPowerDemand,2,10,8.2,4,29,hybrid GPF-nbrs/raw-walk (M calibrated),0.645,2.363510457344418,60.0,1.0,24.0,4.579819052259282,0.34484201101412504,0.9582810079708245,0.453125,1.5999999999999999
0.6448230668414154,0.6897933459723901,0.7358901128790969,0.9567089018843404,0.16373602202785875,0.2279527048914804,ItalyPowerDemand,2,10,8.2,4,29,KNNOR-official-GPF (randmx=1),0.645,2.363510457344418,60.0,1.0,24.0,3.843496612910533,0.3291305363604198,0.1571812495671707,1.0,1.0
0.4213740458015267,0.5166435243980284,0.6306269549843602,0.9448089970835789,0.19731532231940394,0.26573372206025275,ItalyPowerDemand,2,10,8.2,4,29,KNNOR-official-GPF (randmx=M*),0.645,2.363510457344418,60.0,1.0,24.0,4.688005108465713,0.37937392791918456,0.41101371096651906,1.0,1.5999999999999999
0.6368421052631579,0.6834938318997542,0.7310224851534521,0.9530917085996645,0.16815808228053128,0.23227081308713962,ItalyPowerDemand,2,10,8.2,4,29,KNNOR-official-raw (randmx=1),0.645,2.363510457344418,60.0,1.0,24.0,3.8753947245932814,0.3262522611754872,0.19955520426773263,1.0,1.0
0.6370757180156658,0.6836209436760815,0.7290958338999954,0.9459517657192076,0.16667265954000648,0.2233398121153223,ItalyPowerDemand,2,10,8.2,4,29,hybrid GPF-nbrs/raw-walk (M raw-calibrated),0.645,2.363510457344418,60.0,1.0,24.0,4.198995956508739,0.337235271490103,0.6772621753865333,0.453125,1.4
0.7723480333730631,0.7931777650390008,0.8138514891880865,0.9921951735497228,0.1197668286362164,0.21779073534175575,ItalyPowerDemand,2,20,8.2,4,29,none (raw-flat RF),0.645,2.3531486378610804,,,,,,,,
0.41358024691358025,0.5105902063549337,0.6296352962509633,0.9607888692446015,0.2114982939207429,0.27578555231616453,ItalyPowerDemand,2,20,8.2,4,29,none,0.645,2.3531486378610804,60.0,1.0,24.0,,,,,
0.6394736842105263,0.6855743868480507,0.7329661362709098,0.9502980642821524,0.17218378144908758,0.22397797214123746,ItalyPowerDemand,2,20,8.2,4,29,SMOTE-raw,0.645,2.3531486378610804,60.0,1.0,24.0,1.837371881307126,0.15902871637848548,0.4054660841296979,,
0.6412614980289093,0.6869835854302845,0.7339407951403055,0.958864106864923,0.1643837598531476,0.22344023323615161,ItalyPowerDemand,2,20,8.2,4,29,chain-mean-GPF (PSSTO-style),0.645,2.3531486378610804,60.0,1.0,24.0,2.450983124283958,0.23518596042296047,0.16405953106387877,,
0.6509803921568628,0.6946640479648301,0.7397830817353461,0.9651276123124349,0.15974721952272974,0.2247942986718497,ItalyPowerDemand,2,20,8.2,4,29,KNNOR-GPF (M=1),0.645,2.3531486378610804,60.0,1.0,24.0,2.903625242551069,0.3000733950980695,0.09688632672752392,0.7837837837837838,1.0
0.6213333333333333,0.6713197244356808,0.7232195475769527,0.9611439775148465,0.16837850124176654,0.22919663103336574,ItalyPowerDemand,2,20,8.2,4,29,KNNOR-GPF (M calibrated),0.645,2.3531486378610804,60.0,1.0,24.0,3.760642902890723,0.3868175641187337,0.09874377110688173,0.6304347826086957,1.5999999999999999
0.7055900621118012,0.7382568627313887,0.7690511809238859,0.9568713450292397,0.14796165640859518,0.19910916747651441,ItalyPowerDemand,2,20,8.2,4,29,hybrid GPF-nbrs/raw-walk (M calibrated),0.645,2.3531486378610804,60.0,1.0,24.0,2.177625960439471,0.21165242697491415,0.2448860166102936,0.2265625,1.5999999999999999
0.6571798188874515,0.6995494395523352,0.7417493993381385,0.9629950738171872,0.15830683511499838,0.21321671525753158,ItalyPowerDemand,2,20,8.2,4,29,KNNOR-official-GPF (randmx=1),0.645,2.3531486378610804,60.0,1.0,24.0,4.359572151847871,0.3824352611355252,0.2392994789357378,1.0,1.0
0.6666666666666666,0.7071067811865476,0.7485550115599076,0.9647592819257446,0.15663136810279668,0.22053449951409135,ItalyPowerDemand,2,20,8.2,4,29,KNNOR-official-GPF (randmx=M*),0.645,2.3531486378610804,60.0,1.0,24.0,7.664796219888402,0.456187907197006,0.5948805140947024,1.0,1.5999999999999999
0.6510416666666666,0.6946993956043931,0.7388197561086178,0.9625209664989346,0.16087766979807797,0.21518950437317785,ItalyPowerDemand,2,20,8.2,4,29,KNNOR-official-raw (randmx=1),0.645,2.3531486378610804,60.0,1.0,24.0,4.168502917364915,0.36522684169955755,0.26284253864164625,1.0,1.0
0.7055900621118012,0.7382568627313887,0.7690511809238859,0.9568713450292397,0.14796165640859518,0.19910916747651441,ItalyPowerDemand,2,20,8.2,4,29,hybrid GPF-nbrs/raw-walk (M raw-calibrated),0.645,2.3531486378610804,60.0,1.0,24.0,2.1776259604394745,0.21165242697491427,0.24488601661029372,0.2265625,1.6
0.8387824126268321,0.8499032619356723,0.8606351149190806,0.990194856218928,0.10095800669474139,0.1844671201814059,ItalyPowerDemand,3,5,4.7,7,26,none (raw-flat RF),0.645,1.474065654931941,,,,,,,,
0.515850144092219,0.589555291400806,0.6725259531257083,0.9288045695634436,0.20600018356548971,0.24655328798185944,ItalyPowerDemand,3,5,4.7,7,26,none,0.645,1.474065654931941,60.0,1.0,24.0,,,,,
0.6933667083854819,0.7283838884740803,0.7612595765900539,0.9417112440878251,0.15485029694417446,0.19854227405247818,ItalyPowerDemand,3,5,4.7,7,26,SMOTE-raw,0.645,1.474065654931941,60.0,1.0,24.0,1.8746507371221703,0.1641039335078619,0.5378910666654779,,
0.6876574307304786,0.7238184454876769,0.7583299333605331,0.9413429137011348,0.15616202353957453,0.19894071914480074,ItalyPowerDemand,3,5,4.7,7,26,chain-mean-GPF (PSSTO-style),0.645,1.474065654931941,60.0,1.0,24.0,1.8580118863601136,0.1588200415954164,0.4722753402810866,,
0.626984126984127,0.6757339321576381,0.7251801985584115,0.930232558139535,0.17758009934132382,0.20635244574020084,ItalyPowerDemand,3,5,4.7,7,26,KNNOR-GPF (M=1),0.645,1.474065654931941,60.0,1.0,24.0,2.492108163891576,0.222711192555489,0.17427553077952265,1.0,1.0
0.6572164948453608,0.6995494395523352,0.7407860737114103,0.929747117578615,0.1712812331281719,0.21059604794298672,ItalyPowerDemand,3,5,4.7,7,26,KNNOR-GPF (M calibrated),0.645,1.474065654931941,60.0,1.0,24.0,2.132838563967299,0.18705135160671815,0.35261442590083036,0.9629629629629629,1.7999999999999998
0.6899128268991283,0.7255048895057827,0.7573836075978059,0.935115296855403,0.15607335061008532,0.1900712666018788,ItalyPowerDemand,3,5,4.7,7,26,hybrid GPF-nbrs/raw-walk (M calibrated),0.645,1.474065654931941,60.0,1.0,24.0,1.8167432839076199,0.14517254685229064,0.8962484466953576,0.40625,1.7999999999999998
0.6376811594202898,0.6841622856848458,0.7319914774015142,0.9345996343140366,0.17085249973005073,0.20023323615160352,ItalyPowerDemand,3,5,4.7,7,26,KNNOR-official-GPF (randmx=1),0.645,1.474065654931941,60.0,1.0,24.0,2.4067674210108354,0.22028595808084162,0.17340290880154816,1.0,1.0
0.6388526727509778,0.6850203738892483,0.7300704927693912,0.9290652341447934,0.1749744628009934,0.20129899578879165,ItalyPowerDemand,3,5,4.7,7,26,KNNOR-official-GPF (randmx=M*),0.645,1.474065654931941,60.0,1.0,24.0,2.2972047600503362,0.17620815781088517,0.8896138223122846,0.896551724137931,1.7999999999999998
0.569060773480663,0.630609525941816,0.6959347658552064,0.9153860102452513,0.19427449519490336,0.22126012309685775,ItalyPowerDemand,3,5,4.7,7,26,KNNOR-official-raw (randmx=1),0.645,1.474065654931941,60.0,1.0,24.0,3.412426649236565,0.2853478059408042,0.11738358526468926,0.9629629629629629,1.0
0.6899128268991283,0.7255048895057827,0.7573836075978059,0.935115296855403,0.15607335061008532,0.1900712666018788,ItalyPowerDemand,3,5,4.7,7,26,hybrid GPF-nbrs/raw-walk (M raw-calibrated),0.645,1.474065654931941,60.0,1.0,24.0,1.8167432839076199,0.14517254685229064,0.8962484466953576,0.40625,1.7999999999999998
0.8074245939675174,0.8228292149346653,0.8382122943016456,0.9928279462653187,0.1173510636000432,0.21591188856494975,ItalyPowerDemand,3,10,8.2,4,29,none (raw-flat RF),0.645,1.7147470648917036,,,,,,,,
0.5630252100840336,0.6259495710495183,0.695906432748538,0.9676284811943726,0.1906230536659108,0.25844185293164884,ItalyPowerDemand,3,10,8.2,4,29,none,0.645,1.7147470648917036,60.0,1.0,24.0,,,,,
0.7027707808564232,0.7360378155955523,0.7699918400652794,0.9710454538585914,0.14964689558363028,0.21501457725947523,ItalyPowerDemand,3,10,8.2,4,29,SMOTE-raw,0.645,1.7147470648917036,60.0,1.0,24.0,1.537010332505055,0.1438641238817162,0.49725209619165944,,
0.6683937823834197,0.7084838161445831,0.7504929960560316,0.9678853680281668,0.15871508476406435,0.21922902494331065,ItalyPowerDemand,3,10,8.2,4,29,chain-mean-GPF (PSSTO-style),0.645,1.7147470648917036,60.0,1.0,24.0,1.728541778869884,0.16555657514077882,0.2789460259365822,,
0.6438896189224704,0.689061827088388,0.7358844462577633,0.9702049050274264,0.16194532987798294,0.23287657920310983,ItalyPowerDemand,3,10,8.2,4,29,KNNOR-GPF (M=1),0.645,1.7147470648917036,60.0,1.0,24.0,2.134575254003959,0.21464204481031002,0.13634160562808648,0.7837837837837838,1.0
0.7557160048134778,0.7793208062476102,0.8021669159980054,0.9675000377774755,0.1363534175574992,0.19190152251376744,ItalyPowerDemand,3,10,8.2,4,29,KNNOR-GPF (M calibrated),0.645,1.7147470648917036,60.0,1.0,24.0,1.8368949625553306,0.18866472959923064,0.23476102353126982,0.5918367346938775,1.7999999999999998
0.8488888888888889,0.8587338810054898,0.8674747268688516,0.9678891457757226,0.11112539682539682,0.15969225785552316,ItalyPowerDemand,3,10,8.2,4,29,hybrid GPF-nbrs/raw-walk (M calibrated),0.645,1.7147470648917036,60.0,1.0,24.0,2.808918283205026,0.22085558538118266,0.9059895994373353,0.453125,1.7999999999999998
0.6870229007633588,0.7233642332556182,0.760250917992656,0.9693133566042582,0.15468427815570673,0.21695173307418208,ItalyPowerDemand,3,10,8.2,4,29,KNNOR-official-GPF (randmx=1),0.645,1.7147470648917036,60.0,1.0,24.0,1.8476508157364009,0.18019389899396177,0.2806843271682292,1.0,1.0
0.7083854818523154,0.7405738399397461,0.7729214832948004,0.9551033591731266,0.15554043839758125,0.20734693877551022,ItalyPowerDemand,3,10,8.2,4,29,KNNOR-official-GPF (randmx=M*),0.645,1.7147470648917036,60.0,1.0,24.0,2.373757008492216,0.18879920848067056,0.6430550422650516,1.0,1.7999999999999998
0.6588541666666666,0.7009035936924539,0.744650709460991,0.9739788748356679,0.15542065651657488,0.2271104632329122,ItalyPowerDemand,3,10,8.2,4,29,KNNOR-official-raw (randmx=1),0.645,1.7147470648917036,60.0,1.0,24.0,2.889098993384412,0.2903226947894788,0.2225892800926648,1.0,1.0
0.8488888888888889,0.8587338810054898,0.8674747268688516,0.9678891457757226,0.11112539682539682,0.15969225785552316,ItalyPowerDemand,3,10,8.2,4,29,hybrid GPF-nbrs/raw-walk (M raw-calibrated),0.645,1.7147470648917036,60.0,1.0,24.0,2.808918283205026,0.22085558538118266,0.9059895994373353,0.453125,1.7999999999999998
0.7377450980392157,0.7645066614148162,0.7914343351919851,0.9833382444051558,0.13003222114242521,0.2056300615484289,ItalyPowerDemand,3,20,8.2,4,29,none (raw-flat RF),0.645,1.7049812829904063,,,,,,,,
0.5335235378031383,0.6031715994317554,0.681292216328936,0.942755791287003,0.20211850772054854,0.2607418205377389,ItalyPowerDemand,3,20,8.2,4,29,none,0.645,1.7049812829904063,60.0,1.0,24.0,,,,,
0.7334963325183375,0.7610050593154627,0.7875526995784033,0.9537471478005953,0.14749997840406,0.19075153871072234,ItalyPowerDemand,3,20,8.2,4,29,SMOTE-raw,0.645,1.7049812829904063,60.0,1.0,24.0,1.5892171715526242,0.14024026148624302,0.3413756353325106,,
0.7058823529411765,0.7385433657519658,0.7709778321773426,0.9478727503513305,0.1581751322751323,0.20266601878846777,ItalyPowerDemand,3,20,8.2,4,29,chain-mean-GPF (PSSTO-style),0.645,1.7049812829904063,60.0,1.0,24.0,2.107106276396852,0.19477875769883313,0.27749856720609506,,
0.7075,0.7398516809772145,0.7719524910467384,0.9486925215709385,0.15698840298023972,0.2014901198574668,ItalyPowerDemand,3,20,8.2,4,29,KNNOR-GPF (M=1),0.645,1.7049812829904063,60.0,1.0,24.0,2.4277880354436228,0.2397295092753,0.16905151725328144,1.0,1.0
0.7058823529411765,0.7385433657519658,0.7709778321773426,0.9522946038653912,0.15578514199330523,0.2020408163265306,ItalyPowerDemand,3,20,8.2,4,29,KNNOR-GPF (M calibrated),0.645,1.7049812829904063,60.0,1.0,24.0,2.370529615137329,0.2400852497931948,0.25198712838300147,0.90625,1.5999999999999999
0.7592814371257485,0.7822697701694361,0.8041219003581305,0.9673111503996857,0.1356341755749919,0.19119209588597347,ItalyPowerDemand,3,20,8.2,4,29,hybrid GPF-nbrs/raw-walk (M calibrated),0.645,1.7049812829904063,60.0,1.0,24.0,2.928116314702965,0.23038967434714053,0.889430610026008,0.453125,1.5999999999999999
0.7173100871731009,0.7478151684606233,0.7787637698898409,0.9590019946507095,0.14992252456538172,0.19911564625850336,ItalyPowerDemand,3,20,8.2,4,29,KNNOR-official-GPF (randmx=1),0.645,1.7049812829904063,60.0,1.0,24.0,3.178167070536899,0.29875379065900287,0.2108060174097824,1.0,1.0
0.706766917293233,0.739264247686155,0.7719468244254046,0.958954772806262,0.14869318648094157,0.19429867184969224,ItalyPowerDemand,3,20,8.2,4,29,KNNOR-official-GPF (randmx=M*),0.645,1.7049812829904063,60.0,1.0,24.0,4.446598829399665,0.34740940896789774,0.5208825328042497,1.0,1.5999999999999999
0.7164179104477612,0.7470873676376284,0.7777947776417788,0.9589585505538178,0.14952750242954324,0.19904761904761903,ItalyPowerDemand,3,20,8.2,4,29,KNNOR-official-raw (randmx=1),0.645,1.7049812829904063,60.0,1.0,24.0,2.8366342830336055,0.26583358122420364,0.23370950368475135,1.0,1.0
0.7592814371257485,0.7822697701694361,0.8041219003581305,0.9673111503996857,0.1356341755749919,0.19119209588597347,ItalyPowerDemand,3,20,8.2,4,29,hybrid GPF-nbrs/raw-walk (M raw-calibrated),0.645,1.7049812829904063,60.0,1.0,24.0,2.9281163147029687,0.23038967434714053,0.8894306100260084,0.453125,1.6
0.9062170706006323,0.9101978021212503,0.9132893603517838,0.9913546247185577,0.08781398337112623,0.1793812763200518,ItalyPowerDemand,4,5,4.7,7,26,none (raw-flat RF),0.645,1.406278362172479,,,,,,,,
0.5898491083676269,0.6467542795495516,0.7085826646720159,0.9709604545385858,0.16586773566569488,0.24179786200194361,ItalyPowerDemand,4,5,4.7,7,26,none,0.645,1.406278362172479,60.0,1.0,24.0,,,,,
0.7376058041112454,0.7643114504511367,0.7885500249331339,0.9697307977091738,0.13260572292409026,0.21153871072238417,ItalyPowerDemand,4,5,4.7,7,26,SMOTE-raw,0.645,1.406278362172479,60.0,1.0,24.0,1.3187977646093483,0.1311071588160233,0.4673150678665304,,
0.6717948717948717,0.7111767700545752,0.7505156625413663,0.9720465569608776,0.14322369074613972,0.22825396825396832,ItalyPowerDemand,4,5,4.7,7,26,chain-mean-GPF (PSSTO-style),0.645,1.406278362172479,60.0,1.0,24.0,1.857673112960308,0.18741712674348854,0.2769250277062654,,
0.5299145299145299,0.6003874717872365,0.6783795729634163,0.9652655000982214,0.17183203757693555,0.24793326854551345,ItalyPowerDemand,4,5,4.7,7,26,KNNOR-GPF (M=1),0.645,1.406278362172479,60.0,1.0,24.0,2.773694665890474,0.290689530974491,0.09481754264571635,0.6842105263157895,1.0
0.5502793296089385,0.6160765349621408,0.6861938437825831,0.9601636520241171,0.1708374149659864,0.2411111111111111,ItalyPowerDemand,4,5,4.7,7,26,KNNOR-GPF (M calibrated),0.645,1.406278362172479,60.0,1.0,24.0,2.367270211877697,0.2487834611806995,0.2445306231783527,0.45614035087719296,1.7999999999999998
0.6422976501305483,0.6877694980526594,0.7329831361349108,0.9618447496864468,0.14803717741064681,0.22719468739876902,ItalyPowerDemand,4,5,4.7,7,26,hybrid GPF-nbrs/raw-walk (M calibrated),0.645,1.406278362172479,60.0,1.0,24.0,2.188823124692039,0.20430091382184845,0.4509435717697147,0.203125,1.7999999999999998
0.6048387096774194,0.6584045352423871,0.713484292125663,0.971389228886169,0.15544759745167908,0.24417233560090704,ItalyPowerDemand,4,5,4.7,7,26,KNNOR-official-GPF (randmx=1),0.645,1.406278362172479,60.0,1.0,24.0,3.984483996126569,0.38844167581331734,0.18865178419168516,0.9629629629629629,1.0
0.7396593673965937,0.7660616269646853,0.7914513350559862,0.9761151910784714,0.13524661483641076,0.21660187884677679,ItalyPowerDemand,4,5,4.7,7,26,KNNOR-official-GPF (randmx=M*),0.645,1.406278362172479,60.0,1.0,24.0,6.122978780980201,0.39535971878299403,0.7880661859414048,0.9629629629629629,1.7999999999999998
0.7297297297297297,0.7579310023509828,0.7855977152182783,0.9776432899647913,0.13589844509232266,0.2236378360868157,ItalyPowerDemand,4,5,4.7,7,26,KNNOR-official-raw (randmx=1),0.645,1.406278362172479,60.0,1.0,24.0,4.278898689935362,0.3685272463575484,0.34056253785245855,1.0,1.0
0.6422976501305483,0.6877694980526594,0.7329831361349108,0.9618447496864468,0.14803717741064681,0.22719468739876902,ItalyPowerDemand,4,5,4.7,7,26,hybrid GPF-nbrs/raw-walk (M raw-calibrated),0.645,1.406278362172479,60.0,1.0,24.0,2.188823124692039,0.20430091382184845,0.4509435717697147,0.203125,1.7999999999999998
0.6091644204851752,0.6618039710700072,0.7173659277392448,0.9732762137902896,0.1647472411186697,0.24203433754454157,ItalyPowerDemand,4,10,8.2,4,29,none (raw-flat RF),0.645,2.1113059425451315,,,,,,,,
0.520863309352518,0.5934161595488011,0.6754442631125618,0.9374650558351089,0.2142530612244898,0.2681049562682216,ItalyPowerDemand,4,10,8.2,4,29,none,0.645,2.1113059425451315,60.0,1.0,24.0,,,,,
0.6801517067003793,0.7177886491874245,0.7534623056348883,0.9254140411321153,0.17620633840837926,0.20806284418529317,ItalyPowerDemand,4,10,8.2,4,29,SMOTE-raw,0.645,2.1113059425451315,60.0,1.0,24.0,2.3830725104970245,0.1915907332365241,0.4001719063786276,,
0.669220945083014,0.709086093987466,0.7476086857971802,0.9331735346117233,0.17604693877551023,0.21563006154842887,ItalyPowerDemand,4,10,8.2,4,29,chain-mean-GPF (PSSTO-style),0.645,2.1113059425451315,60.0,1.0,24.0,2.8324154483740305,0.2201238356895283,0.16072749329933786,,
0.6717557251908397,0.7110864608810669,0.7485890112879097,0.9272726929295677,0.17752697332901415,0.2128441852931649,ItalyPowerDemand,4,10,8.2,4,29,KNNOR-GPF (M=1),0.645,2.1113059425451315,60.0,1.0,24.0,2.3298780570340405,0.18592041021040906,0.26781597660980505,1.0,1.0
0.688360450563204,0.7243167068426314,0.7573722743551385,0.9259467035374828,0.17320382248137353,0.20425008098477487,ItalyPowerDemand,4,10,8.2,4,29,KNNOR-GPF (M calibrated),0.645,2.1113059425451315,60.0,1.0,24.0,1.872155842473779,0.15249513745430932,0.5086703777908894,1.0,1.5999999999999999
0.7266099635479951,0.7552622009525024,0.7807640872206356,0.9419964640282877,0.14928574667962421,0.1805085843861354,ItalyPowerDemand,4,10,8.2,4,29,hybrid GPF-nbrs/raw-walk (M calibrated),0.645,2.1113059425451315,60.0,1.0,24.0,1.628706900712233,0.12607227568135315,0.9003069056742452,0.453125,1.5999999999999999
0.6751918158567775,0.713886024703722,0.7524649802801577,0.9296847847439443,0.17594377497030558,0.21623258827340455,ItalyPowerDemand,4,10,8.2,4,29,KNNOR-official-GPF (randmx=1),0.645,2.1113059425451315,60.0,1.0,24.0,2.2532921182841505,0.17850656318760239,0.31448803836595696,1.0,1.0
0.7121588089330024,0.7436053454232665,0.773913142028197,0.9494726264412106,0.15915810387647122,0.20283122772918688,ItalyPowerDemand,4,10,8.2,4,29,KNNOR-official-GPF (randmx=M*),0.645,2.1113059425451315,60.0,1.0,24.0,1.8798464083250028,0.15551445607935233,0.7175008831053404,1.0,1.5999999999999999
0.6449934980494149,0.6898809665946517,0.7339634616256403,0.9140675763482781,0.19223688586545729,0.22689990281827016,ItalyPowerDemand,4,10,8.2,4,29,KNNOR-official-raw (randmx=1),0.645,2.1113059425451315,60.0,1.0,24.0,2.9342606805890235,0.22615870755860012,0.33717325348354316,1.0,1.0
0.7266099635479951,0.7552622009525024,0.7807640872206356,0.9419964640282877,0.14928574667962421,0.1805085843861354,ItalyPowerDemand,4,10,8.2,4,29,hybrid GPF-nbrs/raw-walk (M raw-calibrated),0.645,2.1113059425451315,60.0,1.0,24.0,1.628706900712233,0.12607227568135304,0.9003069056742455,0.453125,1.6
0.41112828438948995,0.5086814512387278,0.6286606373815676,0.9804048234280793,0.1897152359356441,0.2820343375445416,ItalyPowerDemand,4,20,8.2,4,29,none (raw-flat RF),0.645,3.213387031495081,,,,,,,,
0.03824091778202677,0.13961796943056518,0.5097465886939572,0.942234462124303,0.2691752078609222,0.3296339488176222,ItalyPowerDemand,4,20,8.2,4,29,none,0.645,3.213387031495081,60.0,1.0,24.0,,,,,
0.3252032520325203,0.440654313910556,0.5955279024434471,0.9293542318328119,0.22674788899686857,0.27808228053126016,ItalyPowerDemand,4,20,8.2,4,29,SMOTE-raw,0.645,3.213387031495081,60.0,1.0,24.0,2.3822379698675267,0.23251941648353625,0.39293635179738895,,
0.24232081911262798,0.37130192472066154,0.5672627952309715,0.9187519833174668,0.24458819781881008,0.28802397149335923,ItalyPowerDemand,4,20,8.2,4,29,chain-mean-GPF (PSSTO-style),0.645,3.213387031495081,60.0,1.0,24.0,4.0657471161332595,0.41203807007377213,0.1398301319854244,,
0.22491349480968859,0.35595737528732635,0.5633528265107213,0.9181380993396497,0.2514737825288845,0.29361516034985424,ItalyPowerDemand,4,20,8.2,4,29,KNNOR-GPF (M=1),0.645,3.213387031495081,60.0,1.0,24.0,3.9466661489085357,0.4011756116256695,0.15681777432486962,0.5686274509803921,1.0
0.2809364548494983,0.40425902496269955,0.5809023527811777,0.9256652613445759,0.23772769679300293,0.2815030774214448,ItalyPowerDemand,4,20,8.2,4,29,KNNOR-GPF (M calibrated),0.645,3.213387031495081,60.0,1.0,24.0,4.809453541128191,0.44517308663754374,0.24782125968490373,0.6744186046511628,1.5999999999999999
0.24190800681431004,0.37094056023142874,0.5662938029829094,0.9138012451455944,0.24479716013389485,0.2850437317784255,ItalyPowerDemand,4,20,8.2,4,29,hybrid GPF-nbrs/raw-walk (M calibrated),0.645,3.213387031495081,60.0,1.0,24.0,5.612948320243129,0.4691413685328216,0.31550927759285413,0.2265625,1.5999999999999999
0.3504823151125402,0.460950792957627,0.6062378167641326,0.9397675929703673,0.22030572292409026,0.28120181405895694,ItalyPowerDemand,4,20,8.2,4,29,KNNOR-official-GPF (randmx=1),0.645,3.213387031495081,60.0,1.0,24.0,4.950617284980586,0.4351732935121837,0.27282417714797164,0.9666666666666667,1.0
0.4383561643835616,0.5298129428260175,0.6403508771929824,0.9363883977817066,0.20179884461721198,0.25195011337868484,ItalyPowerDemand,4,20,8.2,4,29,KNNOR-official-GPF (randmx=M*),0.645,3.213387031495081,60.0,1.0,24.0,9.061048736093246,0.50057854546224,0.6835620213198285,1.0,1.5999999999999999
0.4353120243531202,0.5274582625636786,0.6384072260755247,0.9643116188403825,0.18824020084224166,0.2622643343051506,ItalyPowerDemand,4,20,8.2,4,29,KNNOR-official-raw (randmx=1),0.645,3.213387031495081,60.0,1.0,24.0,4.108305706751233,0.36673577231125465,0.32953937094192565,1.0,1.0
0.24190800681431004,0.37094056023142874,0.5662938029829094,0.9138012451455944,0.24479716013389485,0.2850437317784255,ItalyPowerDemand,4,20,8.2,4,29,hybrid GPF-nbrs/raw-walk (M raw-calibrated),0.645,3.213387031495081,60.0,1.0,24.0,5.612948320243129,0.4691413685328215,0.31550927759285413,0.2265625,1.6
0.5208333333333334,0.5962236459923996,0.6717254580257042,0.9148208914410719,0.16156495238095236,0.17481904761904762,ArrowHead,0,5,4.8,5,19,none (raw-flat RF),0.826,4.204769442403023,,,,,,,,
0.5961538461538461,0.6575116539359024,0.7057697566311184,0.9072327044025157,0.1597071746031746,0.16148571428571432,ArrowHead,0,5,4.8,5,19,none,0.826,4.204769442403023,60.0,1.0,251.0,,,,,
0.8148148148148148,0.845212029227318,0.846663932184851,0.9226141646158054,0.11006666666666667,0.05622857142857143,ArrowHead,0,5,4.8,5,19,SMOTE-raw,0.826,4.204769442403023,60.0,1.0,251.0,2.1253273862748845,0.15426726724336015,0.7126175331106664,,
0.717948717948718,0.7577870289838329,0.7760459392945037,0.9131802023516543,0.1339061587301587,0.10906666666666666,ArrowHead,0,5,4.8,5,19,chain-mean-GPF (PSSTO-style),0.826,4.204769442403023,60.0,1.0,251.0,4.994751605204458,0.392019575843224,0.3223552087102789,,
0.7068965517241379,0.7487114078319261,0.7687995624829095,0.9085315832649712,0.13689161904761907,0.10908571428571427,ArrowHead,0,5,4.8,5,19,KNNOR-GPF (M=1),0.826,4.204769442403023,60.0,1.0,251.0,5.245969328846739,0.43283138935555454,0.1889182673897481,0.4523809523809524,1.0
0.711864406779661,0.7539885738412638,0.7713289581624283,0.9055920153130982,0.1364511746031746,0.10388571428571429,ArrowHead,0,5,4.8,5,19,KNNOR-GPF (M calibrated),0.826,4.204769442403023,60.0,1.0,251.0,4.68409192832422,0.3661643062811829,0.3253703099942326,0.3392857142857143,1.4
0.6486486486486487,0.7015744627801574,0.7325676784249384,0.9022422750888707,0.14880063492063492,0.12872380952380952,ArrowHead,0,5,4.8,5,19,hybrid GPF-nbrs/raw-walk (M calibrated),0.826,4.204769442403023,60.0,1.0,251.0,8.369256411857789,0.5211407213350656,0.519902254694859,0.1484375,1.4
0.6545454545454545,0.705073608989529,0.7372846595570139,0.9028575334974022,0.14536025396825397,0.12613333333333335,ArrowHead,0,5,4.8,5,19,KNNOR-official-GPF (randmx=1),0.826,4.204769442403023,60.0,1.0,251.0,6.19171958144454,0.4853444370660197,0.20501729486398204,0.6785714285714286,1.0
0.6542056074766355,0.7020614982173503,0.7394722450095708,0.9037462400875034,0.14981263492063493,0.13773333333333335,ArrowHead,0,5,4.8,5,19,KNNOR-official-GPF (randmx=M*),0.826,4.204769442403023,60.0,1.0,251.0,5.975836856131879,0.47473376538836365,0.1880246137356846,0.6551724137931034,1.4
0.6605504587155964,0.7085554751476923,0.7420016406890895,0.9066174459939841,0.14199434920634918,0.11777142857142857,ArrowHead,0,5,4.8,5,19,KNNOR-official-raw (randmx=1),0.826,4.204769442403023,60.0,1.0,251.0,4.255902715026222,0.33284212265642943,0.3178507645122247,0.6551724137931034,1.0
0.6486486486486487,0.7015744627801574,0.7325676784249384,0.9022422750888707,0.14880063492063492,0.12872380952380952,ArrowHead,0,5,4.8,5,19,hybrid GPF-nbrs/raw-walk (M raw-calibrated),0.826,4.204769442403023,60.0,1.0,251.0,8.369256411857789,0.5211407213350656,0.519902254694859,0.1484375,1.4
0.6274509803921569,0.6777853237101815,0.727167076838939,0.9116078753076292,0.16846539682539682,0.1825523809523809,ArrowHead,0,10,6.0,4,20,none (raw-flat RF),0.826,4.762411924821878,,,,,,,,
0.5773195876288659,0.6370220572706061,0.7028985507246377,0.8836477987421385,0.1836742857142857,0.20533333333333334,ArrowHead,0,10,6.0,4,20,none,0.826,4.762411924821878,60.0,1.0,251.0,,,,,
0.6909090909090909,0.7315313331168342,0.7612113754443532,0.9124965818977305,0.1443951111111111,0.14988571428571432,ArrowHead,0,10,6.0,4,20,SMOTE-raw,0.826,4.762411924821878,60.0,1.0,251.0,3.4665277211512393,0.25858224800701546,0.53861527021761,,
0.594059405940594,0.653130280456024,0.7079573420836751,0.8957478807765928,0.16767784126984128,0.17699047619047617,ArrowHead,0,10,6.0,4,20,chain-mean-GPF (PSSTO-style),0.826,4.762411924821878,60.0,1.0,251.0,5.814553462066071,0.4497382678134113,0.2232990504307935,,
0.6019417475728155,0.6607268890213676,0.7104867377631938,0.8926715887339349,0.17050673015873016,0.1817333333333333,ArrowHead,0,10,6.0,4,20,KNNOR-GPF (M=1),0.826,4.762411924821878,60.0,1.0,251.0,5.599400529733829,0.4299354932029821,0.2638058041141531,0.9523809523809523,1.0
0.5882352941176471,0.6499826463260543,0.7032403609515997,0.8908258135083401,0.16983073015873018,0.18506666666666668,ArrowHead,0,10,6.0,4,20,KNNOR-GPF (M calibrated),0.826,4.762411924821878,60.0,1.0,251.0,5.93541616619669,0.4021111419904684,0.6012453240844067,0.7142857142857143,1.5999999999999999
0.6788990825688074,0.7218417485715679,0.7539649986327591,0.8932868471424664,0.1451787936507936,0.13645714285714283,ArrowHead,0,10,6.0,4,20,hybrid GPF-nbrs/raw-walk (M calibrated),0.826,4.762411924821878,60.0,1.0,251.0,5.902343187631972,0.31605173137010545,1.6600125846459983,0.3125,1.5999999999999999
0.594059405940594,0.653130280456024,0.7079573420836751,0.8986190866830736,0.17222996825396825,0.1849904761904762,ArrowHead,0,10,6.0,4,20,KNNOR-official-GPF (randmx=1),0.826,4.762411924821878,60.0,1.0,251.0,5.350101469905974,0.3963789573221582,0.3603058915943426,1.0,1.0
0.5961538461538461,0.6575116539359024,0.7057697566311184,0.886313918512442,0.16186444444444442,0.16542857142857142,ArrowHead,0,10,6.0,4,20,KNNOR-official-GPF (randmx=M*),0.826,4.762411924821878,60.0,1.0,251.0,4.117101175869829,0.2667575587327733,1.2145627174195146,1.0,1.5999999999999999
0.6788990825688074,0.7218417485715679,0.7539649986327591,0.910035548263604,0.14379257142857144,0.15354285714285712,ArrowHead,0,10,6.0,4,20,KNNOR-official-raw (randmx=1),0.826,4.762411924821878,60.0,1.0,251.0,3.5667567582078767,0.26004768974130654,0.5158375169752016,1.0,1.0
0.6481481481481481,0.6986451202876341,0.7347552638774952,0.8920563303254033,0.1522369523809524,0.14464761904761905,ArrowHead,0,10,6.0,4,20,hybrid GPF-nbrs/raw-walk (M raw-calibrated),0.826,4.762411924821878,60.0,1.0,251.0,5.420278648551546,0.32490874999627317,1.229946801259996,0.3125,1.4
0.4946236559139785,0.5746204653902287,0.6619496855345912,0.9138638228055784,0.1739000634920635,0.18563809523809524,ArrowHead,0,20,6.0,4,20,none (raw-flat RF),0.826,4.177682886599177,,,,,,,,
0.5416666666666666,0.6109474345985044,0.6836888159693738,0.9099671862182116,0.16870679365079366,0.17919999999999994,ArrowHead,0,20,6.0,4,20,none,0.826,4.177682886599177,60.0,1.0,251.0,,,,,
0.8088235294117647,0.8407517763034443,0.8419469510527755,0.9180339075745146,0.11472958730158729,0.06382857142857146,ArrowHead,0,20,6.0,4,20,SMOTE-raw,0.826,4.177682886599177,60.0,1.0,251.0,2.281395939062616,0.15324464518134606,0.658021319708262,,
0.7333333333333333,0.7717319090581732,0.7858217117856166,0.9096937380366421,0.12836844444444445,0.09643809523809523,ArrowHead,0,20,6.0,4,20,chain-mean-GPF (PSSTO-style),0.826,4.177682886599177,60.0,1.0,251.0,4.85242060566434,0.3915855757399841,0.23436216672234902,,
0.7058823529411765,0.7501708856455451,0.7666119770303528,0.9083948591741864,0.137675873015873,0.1081714285714286,ArrowHead,0,20,6.0,4,20,KNNOR-GPF (M=1),0.826,4.177682886599177,60.0,1.0,251.0,6.870330405978796,0.5102816853842485,0.1858828986954045,0.46511627906976744,1.0
0.7058823529411765,0.7501708856455451,0.7666119770303528,0.9051134809953514,0.13616095238095238,0.11259047619047619,ArrowHead,0,20,6.0,4,20,KNNOR-GPF (M calibrated),0.826,4.177682886599177,60.0,1.0,251.0,7.10930963973412,0.4882925933454695,0.3130135312506818,0.37735849056603776,1.4
0.672566371681416,0.7207992404145733,0.7470604320481269,0.9080530489472245,0.14073720634920636,0.11438095238095237,ArrowHead,0,20,6.0,4,20,hybrid GPF-nbrs/raw-walk (M calibrated),0.826,4.177682886599177,60.0,1.0,251.0,8.827890236068422,0.5367184024858811,0.4342012352432832,0.3125,1.4
0.7288135593220338,0.7667552349835142,0.7832923161060978,0.9062756357670222,0.13275498412698414,0.10946666666666663,ArrowHead,0,20,6.0,4,20,KNNOR-official-GPF (randmx=1),0.826,4.177682886599177,60.0,1.0,251.0,2.62722139304603,0.20616752343694966,0.40141303875861717,1.0,1.0
0.7142857142857143,0.7604885955881839,0.7694831829368335,0.9105824446267432,0.12971631746031748,0.11459047619047621,ArrowHead,0,20,6.0,4,20,KNNOR-official-GPF (randmx=M*),0.826,4.177682886599177,60.0,1.0,251.0,2.181995247250276,0.16104850306911078,0.7573020033150012,1.0,1.4
0.8088235294117647,0.8407517763034443,0.8419469510527755,0.9154361498496035,0.11316730158730158,0.06607619047619046,ArrowHead,0,20,6.0,4,20,KNNOR-official-raw (randmx=1),0.826,4.177682886599177,60.0,1.0,251.0,2.3187926045891736,0.1634479179752324,0.5976494771059238,0.7692307692307693,1.0
0.672566371681416,0.7207992404145733,0.7470604320481269,0.9080530489472245,0.14073720634920636,0.11438095238095237,ArrowHead,0,20,6.0,4,20,hybrid GPF-nbrs/raw-walk (M raw-calibrated),0.826,4.177682886599177,60.0,1.0,251.0,8.827890236068422,0.5367184024858811,0.4342012352432832,0.3125,1.4
0.6792452830188679,0.718899897876283,0.7561525840853158,0.9144790812141098,0.14586539682539681,0.15455238095238094,ArrowHead,1,5,4.8,5,19,none (raw-flat RF),0.826,3.0567684001406334,,,,,,,,
0.6666666666666666,0.7088448586497094,0.7489062072737216,0.9051818430407437,0.14460387301587302,0.15278095238095235,ArrowHead,1,5,4.8,5,19,none,0.826,3.0567684001406334,60.0,1.0,251.0,,,,,
0.7413793103448276,0.7743848282230976,0.7927262783702489,0.9246650259775772,0.1276015238095238,0.1289142857142857,ArrowHead,1,5,4.8,5,19,SMOTE-raw,0.826,3.0567684001406334,60.0,1.0,251.0,2.282357025395388,0.1602236521208521,0.5472368417329031,,
0.6972477064220184,0.7350738784513533,0.7659283565764288,0.9204265791632485,0.13603015873015872,0.1362095238095238,ArrowHead,1,5,4.8,5,19,chain-mean-GPF (PSSTO-style),0.826,3.0567684001406334,60.0,1.0,251.0,4.712846255351803,0.369008263138658,0.23822994136845682,,
0.7256637168141593,0.7598590891633755,0.782950505879136,0.9254853705222861,0.13188368253968255,0.1307047619047619,ArrowHead,1,5,4.8,5,19,KNNOR-GPF (M=1),0.826,3.0567684001406334,60.0,1.0,251.0,3.2457117659504107,0.2745107451939641,0.15966733611144512,1.0,1.0
0.7304347826086957,0.7653273841448948,0.7854799015586547,0.9170768389390211,0.13159866666666667,0.13053333333333336,ArrowHead,1,5,4.8,5,19,KNNOR-GPF (M calibrated),0.826,3.0567684001406334,60.0,1.0,251.0,3.443119791669581,0.27956273617860883,0.2723558997038276,0.7307692307692307,1.5999999999999999
0.773109243697479,0.8009428406336273,0.8144654088050314,0.9150943396226414,0.12282247619047618,0.11680000000000003,ArrowHead,1,5,4.8,5,19,hybrid GPF-nbrs/raw-walk (M calibrated),0.826,3.0567684001406334,60.0,1.0,251.0,3.9098792749712707,0.2454975151373039,0.8572606523800739,0.296875,1.5999999999999999
0.7192982456140351,0.7561614560806561,0.7782335247470604,0.9187175280284385,0.13466571428571428,0.13327619047619046,ArrowHead,1,5,4.8,5,19,KNNOR-official-GPF (randmx=1),0.826,3.0567684001406334,60.0,1.0,251.0,4.268869902153057,0.326241796410757,0.27753576498563315,1.0,1.0
0.7142857142857143,0.7505353116498654,0.7757041290675417,0.9194011484823627,0.13352990476190477,0.13550476190476185,ArrowHead,1,5,4.8,5,19,KNNOR-official-GPF (randmx=M*),0.826,3.0567684001406334,60.0,1.0,251.0,4.192904628928293,0.2719408367142435,0.6307594957250128,0.95,1.5999999999999999
0.7368421052631579,0.7690698386590314,0.7901968826907302,0.9200847689362867,0.1309032380952381,0.12819047619047622,ArrowHead,1,5,4.8,5,19,KNNOR-official-raw (randmx=1),0.826,3.0567684001406334,60.0,1.0,251.0,3.562443135577624,0.28475371520997483,0.25994925046288886,1.0,1.0
0.773109243697479,0.8009428406336273,0.8144654088050314,0.9150943396226414,0.12282247619047618,0.11680000000000003,ArrowHead,1,5,4.8,5,19,hybrid GPF-nbrs/raw-walk (M raw-calibrated),0.826,3.0567684001406334,60.0,1.0,251.0,3.909879274971278,0.245497515137304,0.8572606523800739,0.296875,1.6
0.4444444444444444,0.5358363468896751,0.6402105550998086,0.8755810773858355,0.21400031746031747,0.2138857142857143,ArrowHead,1,10,6.0,4,20,none (raw-flat RF),0.826,7.759936962994088,,,,,,,,
0.4090909090909091,0.5083389927826362,0.6257178014766202,0.8395542794640416,0.22454012698412698,0.20165714285714284,ArrowHead,1,10,6.0,4,20,none,0.826,7.759936962994088,60.0,1.0,251.0,,,,,
0.56,0.6279428937597371,0.6887476073284113,0.8344271260596117,0.19947853968253967,0.1823047619047619,ArrowHead,1,10,6.0,4,20,SMOTE-raw,0.826,7.759936962994088,60.0,1.0,251.0,6.904911821379068,0.5254141830732576,0.48087101294557155,,
0.4731182795698925,0.5593073571084274,0.6499863275909215,0.8336067815149029,0.21134088888888886,0.1904190476190476,ArrowHead,1,10,6.0,4,20,chain-mean-GPF (PSSTO-style),0.826,7.759936962994088,60.0,1.0,251.0,8.736035102518878,0.6280678646580115,0.23818873213244313,,
0.4731182795698925,0.5593073571084274,0.6499863275909215,0.8335384194695106,0.21395022222222224,0.20411428571428572,ArrowHead,1,10,6.0,4,20,KNNOR-GPF (M=1),0.826,7.759936962994088,60.0,1.0,251.0,8.331896143811475,0.6075690987190017,0.27669039940735757,1.0,1.0
0.4842105263157895,0.5691215784603342,0.6525157232704403,0.8394859174186493,0.2043281904761905,0.2005142857142857,ArrowHead,1,10,6.0,4,20,KNNOR-GPF (M calibrated),0.826,7.759936962994088,60.0,1.0,251.0,7.136099941619994,0.5115086322379622,0.9035613454936048,1.0,1.5999999999999999
0.5306122448979592,0.6051009131720795,0.6742548537052229,0.8435192780968007,0.19400558730158732,0.189447619047619,ArrowHead,1,10,6.0,4,20,hybrid GPF-nbrs/raw-walk (M calibrated),0.826,7.759936962994088,60.0,1.0,251.0,6.83057146393657,0.4575435037361668,1.3838107325428153,0.3125,1.5999999999999999
0.45652173913043476,0.5464479977765452,0.6427399507793273,0.8338118676510802,0.21240209523809522,0.20325714285714283,ArrowHead,1,10,6.0,4,20,KNNOR-official-GPF (randmx=1),0.826,7.759936962994088,60.0,1.0,251.0,8.758861399454451,0.6281928365055762,0.19616948374951976,1.0,1.0
0.4842105263157895,0.5691215784603342,0.6525157232704403,0.8487831555920153,0.2047017777777778,0.19700952380952383,ArrowHead,1,10,6.0,4,20,KNNOR-official-GPF (randmx=M*),0.826,7.759936962994088,60.0,1.0,251.0,8.04640276461508,0.5749042581995473,0.49929566744100196,1.0,1.5999999999999999
0.5454545454545454,0.6166276805922019,0.6815012305168171,0.8337435056056877,0.2044564444444444,0.18942857142857142,ArrowHead,1,10,6.0,4,20,KNNOR-official-raw (randmx=1),0.826,7.759936962994088,60.0,1.0,251.0,7.699712020209033,0.5766301439716367,0.22639443162915318,1.0,1.0
0.5306122448979592,0.6051009131720795,0.6742548537052229,0.8386655728739404,0.19562717460317458,0.18594285714285716,ArrowHead,1,10,6.0,4,20,hybrid GPF-nbrs/raw-walk (M raw-calibrated),0.826,7.759936962994088,60.0,1.0,251.0,6.567224481503251,0.4774403645913705,0.8947005058774833,0.3125,1.4
0.6601941747572816,0.701964118163034,0.7463768115942029,0.9392945036915504,0.1353434285714286,0.14386666666666664,ArrowHead,1,20,6.0,4,20,none (raw-flat RF),0.826,2.519816467114662,,,,,,,,
0.7413793103448276,0.7743848282230976,0.7927262783702489,0.9298605414273996,0.1312167619047619,0.12567619047619047,ArrowHead,1,20,6.0,4,20,none,0.826,2.519816467114662,60.0,1.0,251.0,,,,,
0.8175182481751825,0.8483605447515624,0.8491933278643697,0.9185124418922614,0.11403174603174603,0.04910476190476188,ArrowHead,1,20,6.0,4,20,SMOTE-raw,0.826,2.519816467114662,60.0,1.0,251.0,2.988977525930954,0.20940673476123084,0.4766663687439093,,
0.8062015503875969,0.8347131043893596,0.8390757451462948,0.9315012305168171,0.10994869841269843,0.08308571428571429,ArrowHead,1,20,6.0,4,20,chain-mean-GPF (PSSTO-style),0.826,2.519816467114662,60.0,1.0,251.0,3.933451780711035,0.3124870538965079,0.20107457894718778,,
0.8153846153846154,0.8427009716003844,0.8463221219578889,0.9301339896089691,0.11318971428571428,0.08445714285714286,ArrowHead,1,20,6.0,4,20,KNNOR-GPF (M=1),0.826,2.519816467114662,60.0,1.0,251.0,2.510660426792173,0.22847344936295644,0.11477739270640008,0.7407407407407407,1.0
0.7906976744186046,0.822419647815145,0.8271123872026251,0.9376538146021329,0.10745720634920634,0.07940952380952379,ArrowHead,1,20,6.0,4,20,KNNOR-GPF (M calibrated),0.826,2.519816467114662,60.0,1.0,251.0,2.203385816971494,0.18552420529571956,0.174603533037961,0.43478260869565216,1.5999999999999999
0.7777777777777778,0.8102771648939588,0.8173366147115122,0.9294503691550451,0.11417752380952381,0.07958095238095239,ArrowHead,1,20,6.0,4,20,hybrid GPF-nbrs/raw-walk (M calibrated),0.826,2.519816467114662,60.0,1.0,251.0,9.20668069509668,0.4497154585602252,1.051888041793285,0.3125,1.5999999999999999
0.8091603053435115,0.8383904524293186,0.8416051408258135,0.9258955427946403,0.11302330158730158,0.08142857142857139,ArrowHead,1,20,6.0,4,20,KNNOR-official-GPF (randmx=1),0.826,2.519816467114662,60.0,1.0,251.0,3.7129196229423265,0.26475512277373814,0.32335710801003603,1.0,1.0
0.78125,0.8143167935799076,0.8198660103910309,0.928424938474159,0.1133303492063492,0.07060952380952382,ArrowHead,1,20,6.0,4,20,KNNOR-official-GPF (randmx=M*),0.826,2.519816467114662,60.0,1.0,251.0,4.19287219379552,0.25768889531344674,0.5618439431230897,1.0,1.5999999999999999
0.8115942028985508,0.8438359229182051,0.8444763467322942,0.9096253759912497,0.12116336507936508,0.05982857142857142,ArrowHead,1,20,6.0,4,20,KNNOR-official-raw (randmx=1),0.826,2.519816467114662,60.0,1.0,251.0,2.1731473579923932,0.15085268927407158,0.38994027282476545,1.0,1.0
0.8062015503875969,0.8347131043893596,0.8390757451462948,0.9276729559748428,0.10926400000000001,0.07588571428571426,ArrowHead,1,20,6.0,4,20,hybrid GPF-nbrs/raw-walk (M raw-calibrated),0.826,2.519816467114662,60.0,1.0,251.0,7.740713383235796,0.42057548208568885,0.8408204403260625,0.3125,1.4
0.5106382978723404,0.5869793086452764,0.6691960623461854,0.8873393491933278,0.2056366984126984,0.21680000000000005,ArrowHead,2,5,4.8,5,19,none (raw-flat RF),0.826,6.514571933236409,,,,,,,,
0.4666666666666667,0.5516772843673705,0.6521739130434783,0.8325129887886245,0.20978990476190473,0.19209523809523807,ArrowHead,2,5,4.8,5,19,none,0.826,6.514571933236409,60.0,1.0,251.0,,,,,
0.5686274509803921,0.6359480014446365,0.69127700300793,0.8418102269619907,0.19166292063492069,0.1655047619047619,ArrowHead,2,5,4.8,5,19,SMOTE-raw,0.826,6.514571933236409,60.0,1.0,251.0,5.808657397419461,0.4701159482210545,0.5134672344797487,,
0.5454545454545454,0.6166276805922019,0.6815012305168171,0.8403746240087504,0.1990080634920635,0.18554285714285712,ArrowHead,2,5,4.8,5,19,chain-mean-GPF (PSSTO-style),0.826,6.514571933236409,60.0,1.0,251.0,7.7457851573913015,0.5836425893661427,0.23899937063435484,,
0.5,0.5813621525521044,0.6597621000820344,0.8309406617445994,0.20278596825396825,0.17796190476190474,ArrowHead,2,5,4.8,5,19,KNNOR-GPF (M=1),0.826,6.514571933236409,60.0,1.0,251.0,7.92112436335554,0.5796157907755579,0.41439009851874625,1.0,1.0
0.5454545454545454,0.6166276805922019,0.6815012305168171,0.8591741864916598,0.19766076190476192,0.1991047619047619,ArrowHead,2,5,4.8,5,19,KNNOR-GPF (M calibrated),0.826,6.514571933236409,60.0,1.0,251.0,7.193244437540665,0.5057557940971009,1.0664090453389135,1.0,1.5999999999999999
0.54,0.613627041468455,0.6767842493847416,0.8644380639868744,0.1897254603174603,0.1860571428571429,ArrowHead,2,5,4.8,5,19,hybrid GPF-nbrs/raw-walk (M calibrated),0.826,6.514571933236409,60.0,1.0,251.0,6.841644617966773,0.45502059570480513,1.4608669479842666,0.296875,1.5999999999999999
0.5154639175257731,0.5933502622994705,0.6670084768936286,0.8434509160514081,0.20100793650793655,0.19262857142857145,ArrowHead,2,5,4.8,5,19,KNNOR-official-GPF (randmx=1),0.826,6.514571933236409,60.0,1.0,251.0,7.870254400343038,0.5884734505190656,0.27913237724802714,1.0,1.0
0.5154639175257731,0.5933502622994705,0.6670084768936286,0.8480995351380913,0.20212152380952383,0.19729523809523808,ArrowHead,2,5,4.8,5,19,KNNOR-official-GPF (randmx=M*),0.826,6.514571933236409,60.0,1.0,251.0,7.361912095298704,0.5406540908526888,0.6035783643324848,1.0,1.5999999999999999
0.5454545454545454,0.6166276805922019,0.6815012305168171,0.8431091058244462,0.19658241269841273,0.17883809523809524,ArrowHead,2,5,4.8,5,19,KNNOR-official-raw (randmx=1),0.826,6.514571933236409,60.0,1.0,251.0,6.946098494989011,0.5409850890604007,0.17811694826381194,1.0,1.0
0.5544554455445545,0.624887192444667,0.6840306261963358,0.8570549630844955,0.18848946031746033,0.18325714285714284,ArrowHead,2,5,4.8,5,19,hybrid GPF-nbrs/raw-walk (M raw-calibrated),0.826,6.514571933236409,60.0,1.0,251.0,6.540682052835136,0.46622795057792066,1.0712666498040115,0.296875,1.4
0.5714285714285714,0.6340101157767919,0.6981815695925622,0.9078479628110474,0.18269117460317463,0.20243809523809525,ArrowHead,2,10,6.0,4,20,none (raw-flat RF),0.826,5.663954414995954,,,,,,,,
0.5567010309278351,0.6225855743388996,0.690935192780968,0.8820754716981132,0.1819653333333333,0.1872761904761905,ArrowHead,2,10,6.0,4,20,none,0.826,5.663954414995954,60.0,1.0,251.0,,,,,
0.6909090909090909,0.7315313331168342,0.7612113754443532,0.8975936560021875,0.14229980952380952,0.13108571428571425,ArrowHead,2,10,6.0,4,20,SMOTE-raw,0.826,5.663954414995954,60.0,1.0,251.0,5.375336057482931,0.3835310753302418,0.4836044739993146,,
0.6213592233009708,0.6745500530959894,0.7224500957068636,0.8901421930544162,0.1604113650793651,0.15830476190476192,ArrowHead,2,10,6.0,4,20,chain-mean-GPF (PSSTO-style),0.826,5.663954414995954,60.0,1.0,251.0,6.12550290038452,0.45683311099197665,0.29724348894799396,,
0.6078431372549019,0.6639265536866131,0.7152037188952693,0.8867924528301887,0.1608993650793651,0.16318095238095237,ArrowHead,2,10,6.0,4,20,KNNOR-GPF (M=1),0.826,5.663954414995954,60.0,1.0,251.0,6.387841440295967,0.5068849972677723,0.14396891944714899,0.9090909090909091,1.0
0.6346153846153846,0.6850088171501305,0.7296964725184578,0.8915094339622642,0.1601649523809524,0.16236190476190476,ArrowHead,2,10,6.0,4,20,KNNOR-GPF (M calibrated),0.826,5.663954414995954,60.0,1.0,251.0,6.0612522540717695,0.4718895836366791,0.23314382327234623,0.6896551724137931,1.4
0.6095238095238096,0.6680325084317194,0.7130161334427126,0.8793409898824172,0.1579137142857143,0.15689523809523812,ArrowHead,2,10,6.0,4,20,hybrid GPF-nbrs/raw-walk (M calibrated),0.826,5.663954414995954,60.0,1.0,251.0,6.836628833702354,0.42240352241966295,0.7263484807657765,0.3125,1.4
0.6078431372549019,0.6639265536866131,0.7152037188952693,0.8888433141919607,0.16282546031746034,0.16268571428571424,ArrowHead,2,10,6.0,4,20,KNNOR-official-GPF (randmx=1),0.826,5.663954414995954,60.0,1.0,251.0,5.4622804184154905,0.445242033747992,0.16444794036320892,1.0,1.0
0.5961538461538461,0.6575116539359024,0.7057697566311184,0.8948591741864916,0.15461257142857143,0.1752380952380952,ArrowHead,2,10,6.0,4,20,KNNOR-official-GPF (randmx=M*),0.826,5.663954414995954,60.0,1.0,251.0,4.216194459965994,0.33379264200602177,0.34419279673537895,1.0,1.4
0.6851851851851852,0.7253373707040718,0.7586819797648345,0.9043614984960351,0.14177619047619047,0.14032380952380952,ArrowHead,2,10,6.0,4,20,KNNOR-official-raw (randmx=1),0.826,5.663954414995954,60.0,1.0,251.0,3.838086544472109,0.3254746549162695,0.20454910584025324,1.0,1.0
0.6095238095238096,0.6680325084317194,0.7130161334427126,0.8793409898824172,0.1579137142857143,0.15689523809523812,ArrowHead,2,10,6.0,4,20,hybrid GPF-nbrs/raw-walk (M raw-calibrated),0.826,5.663954414995954,60.0,1.0,251.0,6.836628833702354,0.42240352241966295,0.7263484807657765,0.3125,1.4
0.6274509803921569,0.6777853237101815,0.727167076838939,0.9022422750888706,0.17111752380952383,0.1892,ArrowHead,2,20,6.0,4,20,none (raw-flat RF),0.826,5.481692795773901,,,,,,,,
0.5473684210526316,0.6138498140448513,0.6884057971014492,0.8748974569319115,0.19154380952380953,0.19807619047619046,ArrowHead,2,20,6.0,4,20,none,0.826,5.481692795773901,60.0,1.0,251.0,,,,,
0.6727272727272727,0.7183291158110057,0.7492480175006837,0.9061389116762373,0.1417145396825397,0.1380190476190476,ArrowHead,2,20,6.0,4,20,SMOTE-raw,0.826,5.481692795773901,60.0,1.0,251.0,5.959293925037722,0.4190476783260284,0.43574156585195456,,
0.6095238095238096,0.6680325084317194,0.7130161334427126,0.8760596117035822,0.17426895238095239,0.1816,ArrowHead,2,20,6.0,4,20,chain-mean-GPF (PSSTO-style),0.826,5.481692795773901,60.0,1.0,251.0,7.0922412536277495,0.5180374906064013,0.2423644533206024,,
0.6138613861386139,0.6671108719729516,0.7199207000273449,0.8697703035274816,0.17333631746031747,0.17582857142857142,ArrowHead,2,20,6.0,4,20,KNNOR-GPF (M=1),0.826,5.481692795773901,60.0,1.0,251.0,6.830668119599716,0.5104815630436962,0.1961449904723687,0.9523809523809523,1.0
0.6407766990291263,0.6882942499900163,0.7344134536505332,0.8713426305715067,0.16986298412698414,0.17139047619047618,ArrowHead,2,20,6.0,4,20,KNNOR-GPF (M calibrated),0.826,5.481692795773901,60.0,1.0,251.0,6.645067141416488,0.4622404518919009,0.3457468556067582,0.8695652173913043,1.4
0.6226415094339622,0.6783902192555729,0.7202625102543068,0.876196335794367,0.1653888888888889,0.16009523809523807,ArrowHead,2,20,6.0,4,20,hybrid GPF-nbrs/raw-walk (M calibrated),0.826,5.481692795773901,60.0,1.0,251.0,10.97142329495493,0.5949937488990513,0.6877220533033834,0.3125,1.4
0.6213592233009708,0.6745500530959894,0.7224500957068636,0.8850834016953788,0.17256304761904764,0.1901714285714286,ArrowHead,2,20,6.0,4,20,KNNOR-official-GPF (randmx=1),0.826,5.481692795773901,60.0,1.0,251.0,5.765181781172425,0.4359650305672875,0.2555536215188526,1.0,1.0
0.5825242718446602,0.6468196949703037,0.6985233798195242,0.8617035821711785,0.17242069841269844,0.17664761904761908,ArrowHead,2,20,6.0,4,20,KNNOR-official-GPF (randmx=M*),0.826,5.481692795773901,60.0,1.0,251.0,5.030678969939812,0.3524325149480698,0.5861384307808011,1.0,1.4
0.6785714285714286,0.7243942713964876,0.7517774131802024,0.9045665846322122,0.13687739682539685,0.12965714285714286,ArrowHead,2,20,6.0,4,20,KNNOR-official-raw (randmx=1),0.826,5.481692795773901,60.0,1.0,251.0,3.945049350082524,0.29479063801896344,0.3440592068578777,1.0,1.0
0.6226415094339622,0.6783902192555729,0.7202625102543068,0.876196335794367,0.1653888888888889,0.16009523809523807,ArrowHead,2,20,6.0,4,20,hybrid GPF-nbrs/raw-walk (M raw-calibrated),0.826,5.481692795773901,60.0,1.0,251.0,10.97142329495493,0.5949937488990513,0.6877220533033834,0.3125,1.4
0.6407766990291263,0.6882942499900163,0.7344134536505332,0.9126333059885152,0.16143714285714286,0.1756,ArrowHead,3,5,4.8,5,19,none (raw-flat RF),0.826,4.1615395174331855,,,,,,,,
0.6601941747572816,0.701964118163034,0.7463768115942029,0.8943806398687448,0.1570984761904762,0.16413333333333335,ArrowHead,3,5,4.8,5,19,none,0.826,4.1615395174331855,60.0,1.0,251.0,,,,,
0.7192982456140351,0.7561614560806561,0.7782335247470604,0.9063439978124146,0.13949066666666668,0.14285714285714285,ArrowHead,3,5,4.8,5,19,SMOTE-raw,0.826,4.1615395174331855,60.0,1.0,251.0,4.176127845828207,0.3256539166018767,0.5058609160519132,,
0.6605504587155964,0.7085554751476923,0.7420016406890895,0.8861771944216571,0.1466258412698413,0.13636190476190477,ArrowHead,3,5,4.8,5,19,chain-mean-GPF (PSSTO-style),0.826,4.1615395174331855,60.0,1.0,251.0,5.551757200154617,0.4328024693605921,0.2842855505781767,,
0.7027027027027027,0.7410942400818715,0.7684577522559475,0.9051818430407439,0.14173104761904762,0.14293333333333333,ArrowHead,3,5,4.8,5,19,KNNOR-GPF (M=1),0.826,4.1615395174331855,60.0,1.0,251.0,3.8744373584385094,0.3189805171939939,0.2933839678376887,0.9047619047619048,1.0
0.7192982456140351,0.7561614560806561,0.7782335247470604,0.9012852064533771,0.1419102222222222,0.14236190476190475,ArrowHead,3,5,4.8,5,19,KNNOR-GPF (M calibrated),0.826,4.1615395174331855,60.0,1.0,251.0,4.02421172516212,0.3244077032065037,0.39929967652623666,0.5588235294117647,1.5999999999999999
0.7090909090909091,0.7446830951640663,0.773174733388023,0.89595296691277,0.14448577777777777,0.15011428571428567,ArrowHead,3,5,4.8,5,19,hybrid GPF-nbrs/raw-walk (M calibrated),0.826,4.1615395174331855,60.0,1.0,251.0,4.411895321443007,0.33677909099004544,0.5271233044433529,0.296875,1.5999999999999999
0.6727272727272727,0.7183291158110057,0.7492480175006837,0.8985507246376812,0.14329822222222222,0.16264761904761904,ArrowHead,3,5,4.8,5,19,KNNOR-official-GPF (randmx=1),0.826,4.1615395174331855,60.0,1.0,251.0,4.410029477522196,0.37312305530414236,0.16400363234149234,0.8636363636363636,1.0
0.6788990825688074,0.7218417485715679,0.7539649986327591,0.8927399507793272,0.14245542857142857,0.14352380952380953,ArrowHead,3,5,4.8,5,19,KNNOR-official-GPF (randmx=M*),0.826,4.1615395174331855,60.0,1.0,251.0,4.518521016623536,0.3813544281271486,0.1500649496086496,0.7037037037037037,1.5999999999999999
0.6846846846846847,0.7279715488134617,0.7564943943122778,0.8980038282745421,0.14377460317460314,0.148152380952381,ArrowHead,3,5,4.8,5,19,KNNOR-official-raw (randmx=1),0.826,4.1615395174331855,60.0,1.0,251.0,4.339416686411974,0.3639056923490943,0.20819631074054998,0.8636363636363636,1.0
0.7090909090909091,0.7446830951640663,0.773174733388023,0.89595296691277,0.14448577777777777,0.15011428571428567,ArrowHead,3,5,4.8,5,19,hybrid GPF-nbrs/raw-walk (M raw-calibrated),0.826,4.1615395174331855,60.0,1.0,251.0,4.411895321443007,0.3367790909900453,0.5271233044433532,0.296875,1.6
0.6060606060606061,0.6593804733957871,0.717391304347826,0.9158463221219579,0.1633023492063492,0.18182857142857148,ArrowHead,3,10,6.0,4,20,none (raw-flat RF),0.826,3.9475794712614913,,,,,,,,
0.6060606060606061,0.6593804733957871,0.717391304347826,0.8863139185124418,0.16508355555555557,0.17714285714285713,ArrowHead,3,10,6.0,4,20,none,0.826,3.9475794712614913,60.0,1.0,251.0,,,,,
0.7090909090909091,0.7446830951640663,0.773174733388023,0.9104457205359584,0.13934463492063495,0.1404190476190476,ArrowHead,3,10,6.0,4,20,SMOTE-raw,0.826,3.9475794712614913,60.0,1.0,251.0,3.9544564278077026,0.28406934734946854,0.46204064666547534,,
0.6915887850467289,0.728816226972845,0.7633989608969101,0.9140689089417555,0.14029517460317462,0.14394285714285715,ArrowHead,3,10,6.0,4,20,chain-mean-GPF (PSSTO-style),0.826,3.9475794712614913,60.0,1.0,251.0,4.322398842528912,0.3284618558568555,0.3327327700834491,,
0.6851851851851852,0.7253373707040718,0.7586819797648345,0.9102406343997812,0.1460429206349206,0.15379047619047617,ArrowHead,3,10,6.0,4,20,KNNOR-GPF (M=1),0.826,3.9475794712614913,60.0,1.0,251.0,4.358253677620102,0.3559135141300064,0.1492474720185043,0.8695652173913043,1.0
0.6542056074766355,0.7020614982173503,0.7394722450095708,0.9066858080393766,0.1421841904761905,0.14573333333333335,ArrowHead,3,10,6.0,4,20,KNNOR-GPF (M calibrated),0.826,3.9475794712614913,60.0,1.0,251.0,4.019358576704878,0.29048168891441506,0.3348087628951663,0.7407407407407407,1.5999999999999999
0.6542056074766355,0.7020614982173503,0.7394722450095708,0.8913727098714793,0.1426342857142857,0.1459809523809524,ArrowHead,3,10,6.0,4,20,hybrid GPF-nbrs/raw-walk (M calibrated),0.826,3.9475794712614913,60.0,1.0,251.0,6.49037807293902,0.4129860227343436,0.5755433881234345,0.3125,1.5999999999999999
0.6972477064220184,0.7350738784513533,0.7659283565764288,0.9066858080393765,0.14310342857142858,0.14276190476190476,ArrowHead,3,10,6.0,4,20,KNNOR-official-GPF (randmx=1),0.826,3.9475794712614913,60.0,1.0,251.0,4.852623824307358,0.3870252764600651,0.1796249928464329,1.0,1.0
0.7521367521367521,0.7833375514056286,0.799972655181843,0.9173502871205906,0.12535638095238094,0.10790476190476189,ArrowHead,3,10,6.0,4,20,KNNOR-official-GPF (randmx=M*),0.826,3.9475794712614913,60.0,1.0,251.0,3.374555306691322,0.22092172352930262,0.6459923309602139,1.0,1.5999999999999999
0.6666666666666666,0.7120203147593646,0.7467186218211649,0.9088733934919333,0.1421993015873016,0.14222857142857143,ArrowHead,3,10,6.0,4,20,KNNOR-official-raw (randmx=1),0.826,3.9475794712614913,60.0,1.0,251.0,3.957299092198433,0.3203840695392729,0.24437218985797912,1.0,1.0
0.6542056074766355,0.7020614982173503,0.7394722450095708,0.8913727098714793,0.1426342857142857,0.1459809523809524,ArrowHead,3,10,6.0,4,20,hybrid GPF-nbrs/raw-walk (M raw-calibrated),0.826,3.9475794712614913,60.0,1.0,251.0,6.4903780729390235,0.4129860227343435,0.5755433881234346,0.3125,1.6
0.6336633663366337,0.6810052246069989,0.7318840579710145,0.923229423024337,0.16092749206349205,0.18045714285714287,ArrowHead,3,20,6.0,4,20,none (raw-flat RF),0.826,3.6428554279815604,,,,,,,,
0.6470588235294118,0.6915640748081247,0.7391304347826086,0.8933552091878589,0.15970133333333333,0.17912380952380955,ArrowHead,3,20,6.0,4,20,none,0.826,3.6428554279815604,60.0,1.0,251.0,,,,,
0.7027027027027027,0.7410942400818715,0.7684577522559475,0.911744599398414,0.13802647619047617,0.13479999999999998,ArrowHead,3,20,6.0,4,20,SMOTE-raw,0.826,3.6428554279815604,60.0,1.0,251.0,3.6655511432341417,0.28382559687039477,0.4254060166823541,,
0.6605504587155964,0.7085554751476923,0.7420016406890895,0.8984823625922888,0.14671777777777778,0.15068571428571426,ArrowHead,3,20,6.0,4,20,chain-mean-GPF (PSSTO-style),0.826,3.6428554279815604,60.0,1.0,251.0,5.4817884754542785,0.4209419615010134,0.23039649345668756,,
0.660377358490566,0.7054613316523156,0.7441892261416462,0.9105140825813508,0.1443598095238095,0.14916190476190477,ArrowHead,3,20,6.0,4,20,KNNOR-GPF (M=1),0.826,3.6428554279815604,60.0,1.0,251.0,3.955655461799404,0.32266875244541926,0.13736857833085866,0.7142857142857143,1.0
0.6019417475728155,0.6607268890213676,0.7104867377631938,0.9025157232704402,0.14708038095238096,0.15356190476190476,ArrowHead,3,20,6.0,4,20,KNNOR-GPF (M calibrated),0.826,3.6428554279815604,60.0,1.0,251.0,4.605237416039328,0.3674492198701248,0.17248731568981204,0.45454545454545453,1.5999999999999999
0.6274509803921569,0.6777853237101815,0.727167076838939,0.8893902105550998,0.15219853968253969,0.15041904761904765,ArrowHead,3,20,6.0,4,20,hybrid GPF-nbrs/raw-walk (M calibrated),0.826,3.6428554279815604,60.0,1.0,251.0,6.1872736719317185,0.4295507653241246,0.4621880770413552,0.3125,1.5999999999999999
0.7079646017699115,0.7468830500165129,0.7709871479354662,0.9122231337161608,0.13798596825396825,0.14043809523809522,ArrowHead,3,20,6.0,4,20,KNNOR-official-GPF (randmx=1),0.826,3.6428554279815604,60.0,1.0,251.0,3.6400605800451817,0.30505794724984714,0.17295673656574884,1.0,1.0
0.8,0.8221702407896024,0.8336751435602954,0.9214520098441344,0.12088165079365079,0.13226666666666667,ArrowHead,3,20,6.0,4,20,KNNOR-official-GPF (randmx=M*),0.826,3.6428554279815604,60.0,1.0,251.0,2.667159077579182,0.2017349814347298,0.38159823829913436,0.9523809523809523,1.5999999999999999
0.6481481481481481,0.6986451202876341,0.7347552638774952,0.9036095159967186,0.14226476190476192,0.14232380952380952,ArrowHead,3,20,6.0,4,20,KNNOR-official-raw (randmx=1),0.826,3.6428554279815604,60.0,1.0,251.0,5.307866379153216,0.40257106171735824,0.20567796689621973,1.0,1.0
0.6274509803921569,0.6777853237101815,0.727167076838939,0.8893902105550998,0.15219853968253969,0.15041904761904765,ArrowHead,3,20,6.0,4,20,hybrid GPF-nbrs/raw-walk (M raw-calibrated),0.826,3.6428554279815604,60.0,1.0,251.0,6.187273671931722,0.4295507653241242,0.46218807704135556,0.3125,1.6
0.6274509803921569,0.6777853237101815,0.727167076838939,0.9302023516543615,0.13700653968253967,0.15140952380952377,ArrowHead,4,5,4.8,5,19,none (raw-flat RF),0.826,3.270773757532954,,,,,,,,
0.6545454545454545,0.705073608989529,0.7372846595570139,0.9162564943943122,0.14198139682539684,0.1375809523809524,ArrowHead,4,5,4.8,5,19,none,0.826,3.270773757532954,60.0,1.0,251.0,,,,,
0.8148148148148148,0.845212029227318,0.846663932184851,0.9285616625649439,0.10816209523809525,0.05057142857142859,ArrowHead,4,5,4.8,5,19,SMOTE-raw,0.826,3.270773757532954,60.0,1.0,251.0,3.434965958661074,0.24407196303405898,0.5251669916520361,,
0.7603305785123967,0.793051585718144,0.8050314465408805,0.9179655455291222,0.12703390476190476,0.09744761904761903,ArrowHead,4,5,4.8,5,19,chain-mean-GPF (PSSTO-style),0.826,3.270773757532954,60.0,1.0,251.0,5.307969907977103,0.4266364569264386,0.16054925673585543,,
0.7226890756302521,0.7629118261443308,0.7785753349740224,0.9083948591741865,0.13100730158730156,0.10443809523809523,ArrowHead,4,5,4.8,5,19,KNNOR-GPF (M=1),0.826,3.270773757532954,60.0,1.0,251.0,3.2805320609026936,0.28325973290493056,0.17747039380000754,0.5757575757575758,1.0
0.7272727272727273,0.7678243806131982,0.7811047306535411,0.9092152037188952,0.1289831111111111,0.0920761904761905,ArrowHead,4,5,4.8,5,19,KNNOR-GPF (M calibrated),0.826,3.270773757532954,60.0,1.0,251.0,4.139209889144929,0.33093616443769636,0.2293945494288108,0.4318181818181818,1.4
0.7457627118644068,0.7794882035333406,0.7952556740497676,0.9143423571233251,0.12484717460317461,0.08679999999999999,ArrowHead,4,5,4.8,5,19,hybrid GPF-nbrs/raw-walk (M calibrated),0.826,3.270773757532954,60.0,1.0,251.0,8.075866166983833,0.5011184551662177,0.6334348811280025,0.296875,1.4
0.743801652892562,0.7804523204182735,0.7930680885972108,0.9159146841673503,0.127112126984127,0.09558095238095238,ArrowHead,4,5,4.8,5,19,KNNOR-official-GPF (randmx=1),0.826,3.270773757532954,60.0,1.0,251.0,5.0007929365807335,0.35303900618932416,0.34867794326654783,0.8260869565217391,1.0
0.7288135593220338,0.7667552349835142,0.7832923161060978,0.9128383921246924,0.13085206349206346,0.10114285714285715,ArrowHead,4,5,4.8,5,19,KNNOR-official-GPF (randmx=M*),0.826,3.270773757532954,60.0,1.0,251.0,7.048802435060306,0.4629352159846807,0.38598826305541056,0.7037037037037037,1.4
0.7874015748031497,0.8185035399101838,0.8245829915231064,0.9231610609789445,0.11485504761904763,0.07937142857142857,ArrowHead,4,5,4.8,5,19,KNNOR-official-raw (randmx=1),0.826,3.270773757532954,60.0,1.0,251.0,3.8314594384958873,0.286947570386906,0.34756610925253995,0.6129032258064516,1.0
0.7457627118644068,0.7794882035333406,0.7952556740497676,0.9143423571233251,0.12484717460317461,0.08679999999999999,ArrowHead,4,5,4.8,5,19,hybrid GPF-nbrs/raw-walk (M raw-calibrated),0.826,3.270773757532954,60.0,1.0,251.0,8.075866166983833,0.5011184551662177,0.6334348811280025,0.296875,1.4
0.4946236559139785,0.5746204653902287,0.6619496855345912,0.8879546076018594,0.20267111111111108,0.22605714285714287,ArrowHead,4,10,6.0,4,20,none (raw-flat RF),0.826,8.28599311132188,,,,,,,,
0.22784810126582278,0.3594499489381415,0.5605004101722724,0.8222586819797648,0.2367995555555555,0.2210857142857143,ArrowHead,4,10,6.0,4,20,none,0.826,8.28599311132188,60.0,1.0,251.0,,,,,
0.3953488372093023,0.4963635881027162,0.6231884057971014,0.8392808312824719,0.2086626031746032,0.19851428571428575,ArrowHead,4,10,6.0,4,20,SMOTE-raw,0.826,8.28599311132188,60.0,1.0,251.0,7.840177497120724,0.5809621209787714,0.4002388449205907,,
0.2926829268292683,0.41505704955926637,0.582239540607055,0.8519278096800657,0.2185716825396825,0.20582857142857147,ArrowHead,4,10,6.0,4,20,chain-mean-GPF (PSSTO-style),0.826,8.28599311132188,60.0,1.0,251.0,9.807707174814723,0.6865002025063334,0.18605705127699967,,
0.2926829268292683,0.41505704955926637,0.582239540607055,0.8371616078753076,0.22749415873015874,0.20828571428571424,ArrowHead,4,10,6.0,4,20,KNNOR-GPF (M=1),0.826,8.28599311132188,60.0,1.0,251.0,9.264677416717767,0.621320898809371,0.5380747830824005,1.0,1.0
0.3373493975903614,0.4504426164614508,0.6014492753623188,0.8735302160240634,0.22094088888888888,0.23472380952380953,ArrowHead,4,10,6.0,4,20,KNNOR-GPF (M calibrated),0.826,8.28599311132188,60.0,1.0,251.0,8.743652503124139,0.5533547117664865,1.0675682565344178,1.0,1.4
0.275,0.3992747047523452,0.5797101449275363,0.8715477167076839,0.2209995555555556,0.22790476190476192,ArrowHead,4,10,6.0,4,20,hybrid GPF-nbrs/raw-walk (M calibrated),0.826,8.28599311132188,60.0,1.0,251.0,8.806299922785009,0.5366127312530808,1.3105206334968758,0.3125,1.4
0.2716049382716049,0.39738687051340743,0.5749931637954607,0.8367514356029532,0.22359784126984128,0.20365714285714287,ArrowHead,4,10,6.0,4,20,KNNOR-official-GPF (randmx=1),0.826,8.28599311132188,60.0,1.0,251.0,10.035211399167693,0.6778456136365927,0.3893122416814666,1.0,1.0
0.3373493975903614,0.4504426164614508,0.6014492753623188,0.8483729833196609,0.2271591111111111,0.2477333333333333,ArrowHead,4,10,6.0,4,20,KNNOR-official-GPF (randmx=M*),0.826,8.28599311132188,60.0,1.0,251.0,9.365950939382163,0.5913998725564878,1.1282134029050244,1.0,1.4
0.3132530120481928,0.43200507395312726,0.5894859174186492,0.832581350834017,0.22191142857142857,0.19933333333333333,ArrowHead,4,10,6.0,4,20,KNNOR-official-raw (randmx=1),0.826,8.28599311132188,60.0,1.0,251.0,10.819576584636401,0.7271207032949338,0.21212160789594908,1.0,1.0
0.275,0.3992747047523452,0.5797101449275363,0.8715477167076839,0.2209995555555556,0.22790476190476192,ArrowHead,4,10,6.0,4,20,hybrid GPF-nbrs/raw-walk (M raw-calibrated),0.826,8.28599311132188,60.0,1.0,251.0,8.806299922785009,0.5366127312530808,1.3105206334968758,0.3125,1.4
0.4444444444444444,0.5358363468896751,0.6402105550998086,0.8908258135083402,0.2133105396825397,0.22626666666666664,ArrowHead,4,20,6.0,4,20,none (raw-flat RF),0.826,7.3403991970363105,,,,,,,,
0.4318181818181818,0.5247497678328021,0.6376811594202898,0.8370932458299152,0.2129462857142857,0.2019047619047619,ArrowHead,4,20,6.0,4,20,none,0.826,7.3403991970363105,60.0,1.0,251.0,,,,,
0.5208333333333334,0.5962236459923996,0.6717254580257042,0.8247197156138912,0.20185790476190477,0.1662095238095238,ArrowHead,4,20,6.0,4,20,SMOTE-raw,0.826,7.3403991970363105,60.0,1.0,251.0,6.591655988441206,0.5166431537369015,0.45939053326332757,,
0.4782608695652174,0.5619899017890618,0.654703308722997,0.8195242001640689,0.21423517460317465,0.177752380952381,ArrowHead,4,20,6.0,4,20,chain-mean-GPF (PSSTO-style),0.826,7.3403991970363105,60.0,1.0,251.0,8.876944893254235,0.636088324827838,0.1762587250743425,,
0.48936170212765956,0.5718776312789587,0.6572327044025157,0.8159010117582718,0.21329758730158732,0.17022857142857142,ArrowHead,4,20,6.0,4,20,KNNOR-GPF (M=1),0.826,7.3403991970363105,60.0,1.0,251.0,9.304850191734348,0.6475199721064906,0.27009175036042277,1.0,1.0
0.5154639175257731,0.5933502622994705,0.6670084768936286,0.8513809133169263,0.19433047619047616,0.18828571428571428,ArrowHead,4,20,6.0,4,20,KNNOR-GPF (M calibrated),0.826,7.3403991970363105,60.0,1.0,251.0,9.46323239250272,0.6049893462652973,1.2149792286350216,1.0,1.7999999999999998
0.5510204081632653,0.6196137885196777,0.6862182116488925,0.8372299699207,0.1924712380952381,0.1608,ArrowHead,4,20,6.0,4,20,hybrid GPF-nbrs/raw-walk (M calibrated),0.826,7.3403991970363105,60.0,1.0,251.0,10.24818724757088,0.5810854329695817,2.0519930989058466,0.3125,1.7999999999999998
0.4782608695652174,0.5619899017890618,0.654703308722997,0.8165162701668034,0.21441244444444443,0.1724571428571428,ArrowHead,4,20,6.0,4,20,KNNOR-official-GPF (randmx=1),0.826,7.3403991970363105,60.0,1.0,251.0,9.781269062044595,0.6703982013591144,0.20075351416332327,1.0,1.0
0.4444444444444444,0.5358363468896751,0.6402105550998086,0.829299972655182,0.2112134603174603,0.18784761904761907,ArrowHead,4,20,6.0,4,20,KNNOR-official-GPF (randmx=M*),0.826,7.3403991970363105,60.0,1.0,251.0,10.501140960602145,0.651972561437816,1.0029891890231641,1.0,1.7999999999999998
0.5052631578947369,0.5841774821052687,0.6644790812141099,0.8220535958435876,0.20589631746031745,0.17099047619047616,ArrowHead,4,20,6.0,4,20,KNNOR-official-raw (randmx=1),0.826,7.3403991970363105,60.0,1.0,251.0,8.150700269285677,0.5900629812368525,0.3003169488998862,1.0,1.0
0.5656565656565656,0.6309837972288408,0.6934645884604868,0.8266338528848783,0.1955130158730159,0.1572190476190476,ArrowHead,4,20,6.0,4,20,hybrid GPF-nbrs/raw-walk (M raw-calibrated),0.826,7.3403991970363105,60.0,1.0,251.0,9.387033042150565,0.5918294730334163,1.306845659114939,0.3125,1.6
0.48,0.5619514869490163,0.6578947368421053,0.9119843527738265,0.23917792592592585,0.2884,GunPoint,0,5,5.2,5,21,none (raw-flat RF),0.852,2.635629734970575,,,,,,,,
0.5384615384615384,0.6069769786668839,0.6842105263157895,0.9469238975817924,0.2030765185185185,0.25104444444444446,GunPoint,0,5,5.2,5,21,none,0.852,2.635629734970575,60.0,1.0,150.0,,,,,
0.784,0.8029550685469662,0.8223684210526316,0.994576813655761,0.11429703703703704,0.2200444444444445,GunPoint,0,5,5.2,5,21,SMOTE-raw,0.852,2.635629734970575,60.0,1.0,150.0,2.5303677048097413,0.24415146426930578,0.5550528893203354,,
0.7008547008547008,0.7344887229975191,0.7697368421052632,0.9902204836415363,0.1312957777777778,0.2549555555555556,GunPoint,0,5,5.2,5,21,chain-mean-GPF (PSSTO-style),0.852,2.635629734970575,60.0,1.0,150.0,3.1035117127165357,0.31961241732613943,0.30773076676520683,,
0.6666666666666666,0.7071067811865476,0.75,0.9887091038406828,0.14483192592592592,0.2605111111111111,GunPoint,0,5,5.2,5,21,KNNOR-GPF (M=1),0.852,2.635629734970575,60.0,1.0,150.0,2.769810384172576,0.31999184925739277,0.1610743232307376,0.65625,1.0
0.6782608695652174,0.7163503994113789,0.756578947368421,0.9910206258890469,0.13562051851851853,0.2574444444444445,GunPoint,0,5,5.2,5,21,KNNOR-GPF (M calibrated),0.852,2.635629734970575,60.0,1.0,150.0,2.4384006275494716,0.2622803021187228,0.3118694459927435,0.42,1.5999999999999999
0.6666666666666666,0.7071067811865476,0.75,0.983819345661451,0.1352368148148148,0.23611111111111105,GunPoint,0,5,5.2,5,21,hybrid GPF-nbrs/raw-walk (M calibrated),0.852,2.635629734970575,60.0,1.0,150.0,4.060414747198102,0.3392736763783609,0.6969208170511848,0.328125,1.5999999999999999
0.6181818181818182,0.6688560540599386,0.7236842105263158,0.9718172119487909,0.17565770370370368,0.25371111111111116,GunPoint,0,5,5.2,5,21,KNNOR-official-GPF (randmx=1),0.852,2.635629734970575,60.0,1.0,150.0,4.456656228961906,0.44677953079161303,0.16168035749733464,0.6176470588235294,1.0
0.6306306306306306,0.6786208925382962,0.7302631578947368,0.977773826458037,0.16578792592592595,0.24091111111111113,GunPoint,0,5,5.2,5,21,KNNOR-official-GPF (randmx=M*),0.852,2.635629734970575,60.0,1.0,150.0,4.222449305480335,0.4300327325198904,0.14513391700775877,0.6,1.5999999999999999
0.6428571428571429,0.6882472016116853,0.7368421052631579,0.9829302987197724,0.1525219259259259,0.22964444444444443,GunPoint,0,5,5.2,5,21,KNNOR-official-raw (randmx=1),0.852,2.635629734970575,60.0,1.0,150.0,4.086173573763313,0.4060796560834059,0.24498035174186172,0.6363636363636364,1.0
0.6896551724137931,0.7254762501100116,0.763157894736842,0.9894203413940256,0.1363505185185185,0.23306666666666667,GunPoint,0,5,5.2,5,21,hybrid GPF-nbrs/raw-walk (M raw-calibrated),0.852,2.635629734970575,60.0,1.0,150.0,3.6180016184156436,0.32640459765670715,0.5342497899252335,0.328125,1.4
0.22988505747126436,0.3602788551734115,0.5590327169274538,0.9060277382645804,0.22679822222222223,0.26195555555555555,GunPoint,0,10,6.5,4,22,none (raw-flat RF),0.852,1.0857290781984368,,,,,,,,
0.5794392523364486,0.6386663736585051,0.7039473684210527,0.972972972972973,0.1697417037037037,0.24295555555555556,GunPoint,0,10,6.5,4,22,none,0.852,1.0857290781984368,60.0,1.0,150.0,,,,,
0.9305555555555556,0.9325586943189843,0.9340327169274538,0.9943990042674253,0.06885407407407407,0.17413333333333333,GunPoint,0,10,6.5,4,22,SMOTE-raw,0.852,1.0857290781984368,60.0,1.0,150.0,1.8611677960502195,0.18021146190388682,0.3836938813914592,,
0.9219858156028369,0.9248043889897674,0.9276315789473684,0.9940433854907539,0.07753896296296298,0.1806222222222222,GunPoint,0,10,6.5,4,22,chain-mean-GPF (PSSTO-style),0.852,1.0857290781984368,60.0,1.0,150.0,1.64183768763602,0.16814625444579856,0.2662590145843709,,
0.8985507246376812,0.9032106474595007,0.9078947368421053,0.9871977240398293,0.10656562962962964,0.1923555555555555,GunPoint,0,10,6.5,4,22,KNNOR-GPF (M=1),0.852,1.0857290781984368,60.0,1.0,150.0,3.40314635305392,0.36489534190018613,0.0699838056470059,0.08365019011406843,1.0
0.8656716417910447,0.8735890880367281,0.881578947368421,0.9845305832147938,0.10184985185185184,0.18655555555555553,GunPoint,0,10,6.5,4,22,KNNOR-GPF (M calibrated),0.852,1.0857290781984368,60.0,1.0,150.0,3.275218611844915,0.34700191830730165,0.1163790227215878,0.04564315352697095,1.5999999999999999
0.8676470588235294,0.8751142985701226,0.8814011379800853,0.9810633001422475,0.10051,0.16371111111111114,GunPoint,0,10,6.5,4,22,hybrid GPF-nbrs/raw-walk (M calibrated),0.852,1.0857290781984368,60.0,1.0,150.0,3.8550270945815885,0.3151782214345208,0.4969917020172856,0.34375,1.5999999999999999
0.9142857142857143,0.9176629354822471,0.9210526315789473,0.9930654338549076,0.07305644444444444,0.1662666666666667,GunPoint,0,10,6.5,4,22,KNNOR-official-GPF (randmx=1),0.852,1.0857290781984368,60.0,1.0,150.0,0.9228969194873802,0.07392277038589756,0.4325778613392195,0.8461538461538461,1.0
0.9370629370629371,0.9389243565742774,0.9407894736842105,0.9959103840682788,0.062082814814814806,0.15933333333333335,GunPoint,0,10,6.5,4,22,KNNOR-official-GPF (randmx=M*),0.852,1.0857290781984368,60.0,1.0,150.0,1.111695988445014,0.07250008280984532,0.6600605531615888,0.88,1.5999999999999999
0.9444444444444444,0.9459053029269173,0.9473684210526316,0.9962660028449501,0.06327807407407408,0.15533333333333332,GunPoint,0,10,6.5,4,22,KNNOR-official-raw (randmx=1),0.852,1.0857290781984368,60.0,1.0,150.0,0.9892757275826192,0.08261763920580589,0.46795010324808983,0.88,1.0
0.8484848484848485,0.8583950752789521,0.868421052631579,0.9844416785206258,0.10179303703703703,0.17511111111111108,GunPoint,0,10,6.5,4,22,hybrid GPF-nbrs/raw-walk (M raw-calibrated),0.852,1.0857290781984368,60.0,1.0,150.0,3.764998201020994,0.3311922432631934,0.33971321469591087,0.34375,1.4
0.3333333333333333,0.4462583499902143,0.5782361308677098,0.8415718349928876,0.2543943703703704,0.2704888888888889,GunPoint,0,20,6.5,4,22,none (raw-flat RF),0.852,1.432399177584399,,,,,,,,
0.34782608695652173,0.45883146774112354,0.6052631578947368,0.9414118065433854,0.2104777777777778,0.26106666666666667,GunPoint,0,20,6.5,4,22,none,0.852,1.432399177584399,60.0,1.0,150.0,,,,,
0.8676470588235294,0.8751142985701226,0.8814011379800853,0.9932432432432432,0.08106925925925926,0.1844222222222222,GunPoint,0,20,6.5,4,22,SMOTE-raw,0.852,1.432399177584399,60.0,1.0,150.0,1.6179317148532686,0.15960539550351316,0.4257663399619612,,
0.8740740740740741,0.8810878443570108,0.888157894736842,0.9960881934566145,0.0901017037037037,0.2149111111111111,GunPoint,0,20,6.5,4,22,chain-mean-GPF (PSSTO-style),0.852,1.432399177584399,60.0,1.0,150.0,1.7411491709815703,0.19595810788793067,0.24659064319735605,,
0.7936507936507936,0.8111071056538127,0.8289473684210527,0.98799786628734,0.1209442222222222,0.23588888888888887,GunPoint,0,20,6.5,4,22,KNNOR-GPF (M=1),0.852,1.432399177584399,60.0,1.0,150.0,2.9173525240916494,0.255404332198111,0.09615776808144204,0.6666666666666666,1.0
0.7936507936507936,0.8111071056538127,0.8289473684210527,0.986842105263158,0.12157607407407411,0.23397777777777776,GunPoint,0,20,6.5,4,22,KNNOR-GPF (M calibrated),0.852,1.432399177584399,60.0,1.0,150.0,2.929615319929958,0.26550034702577785,0.1059949035776678,0.6470588235294118,1.5999999999999999
0.8656716417910447,0.8735890880367281,0.881578947368421,0.9964438122332859,0.08649125925925925,0.19039999999999999,GunPoint,0,20,6.5,4,22,hybrid GPF-nbrs/raw-walk (M calibrated),0.852,1.432399177584399,60.0,1.0,150.0,2.3501072990999745,0.16694781901770805,1.2262345355165991,0.34375,1.5999999999999999
0.8905109489051095,0.8958970805552212,0.9013157894736843,0.994576813655761,0.08365562962962962,0.1905111111111111,GunPoint,0,20,6.5,4,22,KNNOR-official-GPF (randmx=1),0.852,1.432399177584399,60.0,1.0,150.0,1.325043032853193,0.11793121898976111,0.47791423409394646,0.9166666666666666,1.0
0.8823529411764706,0.8885233166386386,0.8947368421052632,0.9952880512091038,0.08425548148148147,0.19784444444444443,GunPoint,0,20,6.5,4,22,KNNOR-official-GPF (randmx=M*),0.852,1.432399177584399,60.0,1.0,150.0,1.3545336678179236,0.10871250218659811,0.6732927715462077,0.9565217391304348,1.5999999999999999
0.9064748201438849,0.910465468000326,0.9144736842105263,0.9946657183499289,0.07154629629629629,0.17917777777777782,GunPoint,0,20,6.5,4,22,KNNOR-official-raw (randmx=1),0.852,1.432399177584399,60.0,1.0,150.0,1.4351296663919815,0.13122065210107214,0.4878645889866731,1.0,1.0
0.8823529411764706,0.8885233166386386,0.8947368421052632,0.9951102418207681,0.08352881481481482,0.17855555555555558,GunPoint,0,20,6.5,4,22,hybrid GPF-nbrs/raw-walk (M raw-calibrated),0.852,1.432399177584399,60.0,1.0,150.0,1.7174830380615624,0.13430508971922184,0.9797426802635382,0.34375,1.4
0.3404255319148936,0.4525885718428285,0.5917496443812233,0.8988264580369844,0.2460645185185185,0.28504444444444443,GunPoint,1,5,5.2,5,21,none (raw-flat RF),0.852,1.968666813449186,,,,,,,,
0.5925925925925926,0.6488856845230502,0.7105263157894737,0.9818634423897582,0.17579251851851851,0.2831777777777778,GunPoint,1,5,5.2,5,21,none,0.852,1.968666813449186,60.0,1.0,150.0,,,,,
0.8484848484848485,0.8583950752789521,0.868421052631579,0.9961770981507824,0.08286414814814815,0.1862222222222222,GunPoint,1,5,5.2,5,21,SMOTE-raw,0.852,1.968666813449186,60.0,1.0,150.0,2.061266970527017,0.18940322957001943,0.51725531375369,,
0.8217054263565892,0.835085876453812,0.8486842105263157,0.9954658605974396,0.09780185185185185,0.21353333333333335,GunPoint,1,5,5.2,5,21,chain-mean-GPF (PSSTO-style),0.852,1.968666813449186,60.0,1.0,150.0,2.463356927437699,0.26671297269797234,0.2747114581225331,,
0.6428571428571429,0.6882472016116853,0.7368421052631579,0.9899537695590327,0.13088503703703702,0.23702222222222222,GunPoint,1,5,5.2,5,21,KNNOR-GPF (M=1),0.852,1.968666813449186,60.0,1.0,150.0,3.7160017605793936,0.3891611155249448,0.1862441007586152,1.0,1.0
0.7008547008547008,0.7344887229975191,0.7697368421052632,0.9907539118065434,0.11417177777777777,0.22997777777777775,GunPoint,1,5,5.2,5,21,KNNOR-GPF (M calibrated),0.852,1.968666813449186,60.0,1.0,150.0,3.6737541145779797,0.34844124194934256,0.32197781494406896,1.0,1.5999999999999999
0.6181818181818182,0.6688560540599386,0.7236842105263158,0.9732396870554765,0.1521286666666667,0.25384444444444443,GunPoint,1,5,5.2,5,21,hybrid GPF-nbrs/raw-walk (M calibrated),0.852,1.968666813449186,60.0,1.0,150.0,11.130097246070116,0.7469336179170496,0.6132398800613005,0.328125,1.5999999999999999
0.6126126126126126,0.6643213844587705,0.716927453769559,0.98799786628734,0.12945362962962964,0.2323555555555556,GunPoint,1,5,5.2,5,21,KNNOR-official-GPF (randmx=1),0.852,1.968666813449186,60.0,1.0,150.0,6.296802957078073,0.5728167211831504,0.2223695206688865,0.8076923076923077,1.0
0.6,0.6544790420637709,0.710348506401138,0.9821301564722618,0.13537133333333334,0.23775555555555564,GunPoint,1,5,5.2,5,21,KNNOR-official-GPF (randmx=M*),0.852,1.968666813449186,60.0,1.0,150.0,9.296570929088938,0.6690641332323025,0.46876269120347724,0.875,1.5999999999999999
0.6181818181818182,0.6688560540599386,0.7236842105263158,0.9824857752489331,0.13740325925925925,0.22964444444444448,GunPoint,1,5,5.2,5,21,KNNOR-official-raw (randmx=1),0.852,1.968666813449186,60.0,1.0,150.0,4.146810474858308,0.4287155204795241,0.16804887303271515,0.5,1.0
0.6306306306306306,0.6786208925382962,0.7302631578947368,0.9828413940256046,0.1398837777777778,0.24922222222222226,GunPoint,1,5,5.2,5,21,hybrid GPF-nbrs/raw-walk (M raw-calibrated),0.852,1.968666813449186,60.0,1.0,150.0,9.75689216404311,0.7245687351534247,0.4580686701555854,0.328125,1.4
0.3829787234042553,0.48666426339228763,0.618421052631579,0.9137624466571834,0.23770229629629636,0.29108888888888884,GunPoint,1,10,6.5,4,22,none (raw-flat RF),0.852,2.1031931692106465,,,,,,,,
0.46464646464646464,0.5501196042201808,0.6513157894736842,0.9697724039829303,0.20809829629629634,0.29086666666666666,GunPoint,1,10,6.5,4,22,none,0.852,2.1031931692106465,60.0,1.0,150.0,,,,,
0.9594594594594594,0.9599927394225201,0.960348506401138,0.9989331436699858,0.055570148148148146,0.16686666666666666,GunPoint,1,10,6.5,4,22,SMOTE-raw,0.852,2.1031931692106465,60.0,1.0,150.0,2.485271760064359,0.21467163388739274,0.49180904979775275,,
0.8031496062992126,0.8191780219091253,0.8355263157894737,0.9978662873399716,0.11125,0.2341111111111111,GunPoint,1,10,6.5,4,22,chain-mean-GPF (PSSTO-style),0.852,2.1031931692106465,60.0,1.0,150.0,2.622447834086074,0.24183358336517957,0.24682906282469683,,
0.6181818181818182,0.6688560540599386,0.7236842105263158,0.9962660028449501,0.14201118518518518,0.2774888888888889,GunPoint,1,10,6.5,4,22,KNNOR-GPF (M=1),0.852,2.1031931692106465,60.0,1.0,150.0,3.631344646153787,0.3564325642983136,0.09650742997050794,0.23655913978494625,1.0
0.6181818181818182,0.6688560540599386,0.7236842105263158,0.9978662873399716,0.136086,0.2728666666666667,GunPoint,1,10,6.5,4,22,KNNOR-GPF (M calibrated),0.852,2.1031931692106465,60.0,1.0,150.0,3.7087014431304848,0.3365037590107416,0.08717894053207495,0.13836477987421383,1.7999999999999998
0.6949152542372882,0.7295090810187098,0.7629800853485065,0.9935988620199147,0.12222814814814816,0.2416888888888889,GunPoint,1,10,6.5,4,22,hybrid GPF-nbrs/raw-walk (M calibrated),0.852,2.1031931692106465,60.0,1.0,150.0,3.450291499653197,0.2879465045193784,0.6217107593750333,0.34375,1.7999999999999998
0.8396946564885496,0.8506963092234007,0.861842105263158,0.998221906116643,0.09482592592592592,0.20239999999999997,GunPoint,1,10,6.5,4,22,KNNOR-official-GPF (randmx=1),0.852,2.1031931692106465,60.0,1.0,150.0,2.308087356204714,0.2045815057336735,0.3372584309521797,0.5789473684210527,1.0
0.8421052631578947,0.8525753805478776,0.8616642958748222,0.9902204836415363,0.09829162962962963,0.20877777777777778,GunPoint,1,10,6.5,4,22,KNNOR-official-GPF (randmx=M*),0.852,2.1031931692106465,60.0,1.0,150.0,2.92496111801057,0.1726234944872853,0.5398611749398674,0.9166666666666666,1.7999999999999998
0.9379310344827586,0.9394923116760644,0.9406116642958748,0.9967105263157895,0.07351118518518518,0.18557777777777773,GunPoint,1,10,6.5,4,22,KNNOR-official-raw (randmx=1),0.852,2.1031931692106465,60.0,1.0,150.0,2.6654679125900493,0.2347737076012788,0.39962428007441986,0.5945945945945946,1.0
0.5794392523364486,0.6386663736585051,0.7039473684210527,0.9936877667140825,0.14456177777777776,0.2617333333333333,GunPoint,1,10,6.5,4,22,hybrid GPF-nbrs/raw-walk (M raw-calibrated),0.852,2.1031931692106465,60.0,1.0,150.0,3.900279328818895,0.3475936148623918,0.3662688881253574,0.34375,1.4
0.3111111111111111,0.42919753763947605,0.5921052631578947,0.9378556187766715,0.21414948148148147,0.27120000000000005,GunPoint,1,20,6.5,4,22,none (raw-flat RF),0.852,1.4975386967277622,,,,,,,,
0.5098039215686274,0.5848976518656018,0.6710526315789473,0.9795519203413939,0.16896985185185187,0.2490888888888889,GunPoint,1,20,6.5,4,22,none,0.852,1.4975386967277622,60.0,1.0,150.0,,,,,
0.9523809523809523,0.9532082534239031,0.9537695590327169,0.9979551920341393,0.058220370370370374,0.17073333333333335,GunPoint,1,20,6.5,4,22,SMOTE-raw,0.852,1.4975386967277622,60.0,1.0,150.0,1.9311489216676918,0.1600194196396707,0.3613857778469105,,
0.9154929577464789,0.918534456432047,0.9208748221906117,0.9967994310099574,0.07226074074074074,0.19115555555555558,GunPoint,1,20,6.5,4,22,chain-mean-GPF (PSSTO-style),0.852,1.4975386967277622,60.0,1.0,150.0,2.019364332016579,0.1831689679655939,0.2252376150840437,,
0.8571428571428571,0.8660254037844386,0.875,0.995732574679943,0.10017177777777778,0.22664444444444445,GunPoint,1,20,6.5,4,22,KNNOR-GPF (M=1),0.852,1.4975386967277622,60.0,1.0,150.0,2.9026600303146797,0.24871590682429034,0.06226632148937301,0.8148148148148148,1.0
0.8740740740740741,0.8810878443570108,0.888157894736842,0.9955547652916075,0.09933385185185185,0.22313333333333332,GunPoint,1,20,6.5,4,22,KNNOR-GPF (M calibrated),0.852,1.4975386967277622,60.0,1.0,150.0,3.2511366925254563,0.265867740750912,0.06754374465751425,0.7333333333333333,1.5999999999999999
0.9379310344827586,0.9394923116760644,0.9406116642958748,0.9983108108108107,0.06217022222222222,0.17653333333333338,GunPoint,1,20,6.5,4,22,hybrid GPF-nbrs/raw-walk (M calibrated),0.852,1.4975386967277622,60.0,1.0,150.0,1.8246752695475514,0.15399526076964898,0.5391766609281959,0.34375,1.5999999999999999
0.9230769230769231,0.9255731375755363,0.9274537695590328,0.9972439544807966,0.07801970370370372,0.2061777777777778,GunPoint,1,20,6.5,4,22,KNNOR-official-GPF (randmx=1),0.852,1.4975386967277622,60.0,1.0,150.0,2.748093820697438,0.2597747593956067,0.25023278843145286,1.0,1.0
0.9,0.9042927495871584,0.9077169274537695,0.9973328591749644,0.07859962962962963,0.20042222222222225,GunPoint,1,20,6.5,4,22,KNNOR-official-GPF (randmx=M*),0.852,1.4975386967277622,60.0,1.0,150.0,4.08443143518852,0.30802331665012295,0.5993865368363187,1.0,1.5999999999999999
0.9064748201438849,0.910465468000326,0.9144736842105263,0.9985775248933143,0.07155814814814815,0.20104444444444441,GunPoint,1,20,6.5,4,22,KNNOR-official-raw (randmx=1),0.852,1.4975386967277622,60.0,1.0,150.0,3.123014770602566,0.28874583334705406,0.30588733523108197,0.9565217391304348,1.0
0.9444444444444444,0.9459053029269173,0.9473684210526316,0.9983997155049786,0.060835703703703704,0.17351111111111114,GunPoint,1,20,6.5,4,22,hybrid GPF-nbrs/raw-walk (M raw-calibrated),0.852,1.4975386967277622,60.0,1.0,150.0,1.7953809413253872,0.14947037958115228,0.576939527164636,0.34375,1.4
0.48,0.5619514869490163,0.6578947368421053,0.8543741109530583,0.276755037037037,0.3105555555555556,GunPoint,2,5,5.2,5,21,none (raw-flat RF),0.852,2.3943566582895555,,,,,,,,
0.6181818181818182,0.6688560540599386,0.7236842105263158,0.8601529160739687,0.2436754814814815,0.2782,GunPoint,2,5,5.2,5,21,none,0.852,2.3943566582895555,60.0,1.0,150.0,,,,,
0.6181818181818182,0.6688560540599386,0.7236842105263158,0.9445234708392602,0.184399037037037,0.22144444444444444,GunPoint,2,5,5.2,5,21,SMOTE-raw,0.852,2.3943566582895555,60.0,1.0,150.0,2.9053573477549444,0.2594159380346093,0.5014371727406514,,
0.6181818181818182,0.6688560540599386,0.7236842105263158,0.9070945945945945,0.20078288888888887,0.22824444444444444,GunPoint,2,5,5.2,5,21,chain-mean-GPF (PSSTO-style),0.852,2.3943566582895555,60.0,1.0,150.0,3.0326123367718933,0.2917829013431098,0.2985768476528917,,
0.6181818181818182,0.6688560540599386,0.7236842105263158,0.9038051209103841,0.20837851851851852,0.24062222222222218,GunPoint,2,5,5.2,5,21,KNNOR-GPF (M=1),0.852,2.3943566582895555,60.0,1.0,150.0,4.442346506696361,0.4375410659651495,0.20318186942855493,1.0,1.0
0.6126126126126126,0.6643213844587705,0.716927453769559,0.9018492176386913,0.20487437037037035,0.22991111111111112,GunPoint,2,5,5.2,5,21,KNNOR-GPF (M calibrated),0.852,2.3943566582895555,60.0,1.0,150.0,4.588429728178325,0.42157470683787235,0.3036291192229285,0.9545454545454546,1.5999999999999999
0.6181818181818182,0.6688560540599386,0.7236842105263158,0.9412339971550497,0.18729644444444446,0.22124444444444444,GunPoint,2,5,5.2,5,21,hybrid GPF-nbrs/raw-walk (M calibrated),0.852,2.3943566582895555,60.0,1.0,150.0,4.908609954883787,0.3818974665747642,0.6159385285372125,0.328125,1.5999999999999999
0.6181818181818182,0.6688560540599386,0.7236842105263158,0.8580192034139402,0.22097851851851852,0.24555555555555558,GunPoint,2,5,5.2,5,21,KNNOR-official-GPF (randmx=1),0.852,2.3943566582895555,60.0,1.0,150.0,5.091424154062703,0.4850338816102012,0.166978970572634,0.9130434782608695,1.0
0.6181818181818182,0.6688560540599386,0.7236842105263158,0.8626422475106685,0.22250488888888886,0.2510666666666667,GunPoint,2,5,5.2,5,21,KNNOR-official-GPF (randmx=M*),0.852,2.3943566582895555,60.0,1.0,150.0,5.072429547653482,0.48687394882127033,0.1446716898408268,0.7,1.5999999999999999
0.6181818181818182,0.6688560540599386,0.7236842105263158,0.908605974395448,0.20383985185185186,0.232,GunPoint,2,5,5.2,5,21,KNNOR-official-raw (randmx=1),0.852,2.3943566582895555,60.0,1.0,150.0,4.292882892183461,0.4417233480973263,0.12463111738557517,0.75,1.0
0.6126126126126126,0.6643213844587705,0.716927453769559,0.9468349928876244,0.18286814814814814,0.21408888888888888,GunPoint,2,5,5.2,5,21,hybrid GPF-nbrs/raw-walk (M raw-calibrated),0.852,2.3943566582895555,60.0,1.0,150.0,5.191186445678503,0.4119545640614066,0.5487903878747071,0.328125,1.4
0.27956989247311825,0.4022518407484182,0.5584992887624467,0.7992532005689901,0.2822377777777778,0.2905333333333333,GunPoint,2,10,6.5,4,22,none (raw-flat RF),0.852,1.8273514637250177,,,,,,,,
0.4329896907216495,0.5256574830378469,0.6381578947368421,0.9490576102418207,0.22071451851851853,0.2669333333333333,GunPoint,2,10,6.5,4,22,none,0.852,1.8273514637250177,60.0,1.0,150.0,,,,,
0.8125,0.8271701918685112,0.8421052631578947,0.9895981507823614,0.11041118518518518,0.1986,GunPoint,2,10,6.5,4,22,SMOTE-raw,0.852,1.8273514637250177,60.0,1.0,150.0,2.0108058191921483,0.16119552689964578,0.3661128526980513,,
0.6548672566371682,0.6977407149243606,0.743421052631579,0.9819523470839261,0.1355968148148148,0.21668888888888888,GunPoint,2,10,6.5,4,22,chain-mean-GPF (PSSTO-style),0.852,1.8273514637250177,60.0,1.0,150.0,2.3421966229289755,0.18630723779546066,0.27272421751940784,,
0.5660377358490566,0.6282808624375432,0.6973684210526316,0.9787517780938834,0.15236044444444446,0.22773333333333337,GunPoint,2,10,6.5,4,22,KNNOR-GPF (M=1),0.852,1.8273514637250177,60.0,1.0,150.0,3.189723842255388,0.2547173047967437,0.10999788872316295,0.5945945945945946,1.0
0.6055045871559633,0.6589465276604692,0.7171052631578947,0.9794630156472262,0.14576829629629634,0.2414666666666667,GunPoint,2,10,6.5,4,22,KNNOR-GPF (M calibrated),0.852,1.8273514637250177,60.0,1.0,150.0,3.5253332349135515,0.285754504906082,0.1623800103390078,0.5641025641025641,1.5999999999999999
0.7272727272727273,0.7557273022289731,0.7827169274537695,0.9814189189189189,0.13026251851851853,0.212,GunPoint,2,10,6.5,4,22,hybrid GPF-nbrs/raw-walk (M calibrated),0.852,1.8273514637250177,60.0,1.0,150.0,3.221395642108714,0.19791010343267668,1.1875115676168961,0.34375,1.5999999999999999
0.6428571428571429,0.6882472016116853,0.7368421052631579,0.9863086770981507,0.14052155555555557,0.22793333333333335,GunPoint,2,10,6.5,4,22,KNNOR-official-GPF (randmx=1),0.852,1.8273514637250177,60.0,1.0,150.0,2.5529732246907866,0.24046431953007952,0.2031130349806897,1.0,1.0
0.7741935483870968,0.7947194142390263,0.8157894736842105,0.9853307254623045,0.127706962962963,0.22137777777777776,GunPoint,2,10,6.5,4,22,KNNOR-official-GPF (randmx=M*),0.852,1.8273514637250177,60.0,1.0,150.0,2.9772329265736754,0.233324653402479,0.5027946719588721,1.0,1.5999999999999999
0.8307692307692308,0.8429272304235246,0.8552631578947368,0.9917318634423897,0.1143468148148148,0.21520000000000003,GunPoint,2,10,6.5,4,22,KNNOR-official-raw (randmx=1),0.852,1.8273514637250177,60.0,1.0,150.0,2.590263240396654,0.23739272838697156,0.24801961047409937,0.8148148148148148,1.0
0.8031496062992126,0.8191780219091253,0.8355263157894737,0.986219772403983,0.11852429629629631,0.19937777777777782,GunPoint,2,10,6.5,4,22,hybrid GPF-nbrs/raw-walk (M raw-calibrated),0.852,1.8273514637250177,60.0,1.0,150.0,2.385088288973833,0.16395327668235526,0.7720445228168292,0.34375,1.4
0.3829787234042553,0.48666426339228763,0.618421052631579,0.7153271692745378,0.3217733333333333,0.34884444444444446,GunPoint,2,20,6.5,4,22,none (raw-flat RF),0.852,4.890455431647986,,,,,,,,
0.48,0.5619514869490163,0.6578947368421053,0.738620199146515,0.3036472592592593,0.3463555555555556,GunPoint,2,20,6.5,4,22,none,0.852,4.890455431647986,60.0,1.0,150.0,,,,,
0.5660377358490566,0.6282808624375432,0.6973684210526316,0.8158783783783784,0.2722971851851852,0.30435555555555555,GunPoint,2,20,6.5,4,22,SMOTE-raw,0.852,4.890455431647986,60.0,1.0,150.0,5.4152587257210545,0.4823736433173257,0.37460888875368725,,
0.5794392523364486,0.6386663736585051,0.7039473684210527,0.7999644381223329,0.27557903703703707,0.31255555555555553,GunPoint,2,20,6.5,4,22,chain-mean-GPF (PSSTO-style),0.852,4.890455431647986,60.0,1.0,150.0,5.890900986889143,0.5110154492857248,0.28905320039434435,,
0.5660377358490566,0.6282808624375432,0.6973684210526316,0.7936522048364153,0.2777014814814815,0.32635555555555545,GunPoint,2,20,6.5,4,22,KNNOR-GPF (M=1),0.852,4.890455431647986,60.0,1.0,150.0,5.824190236735008,0.5183412104312602,0.3063299875144238,1.0,1.0
0.5925925925925926,0.6488856845230502,0.7105263157894737,0.8566856330014224,0.2645554814814815,0.30082222222222227,GunPoint,2,20,6.5,4,22,KNNOR-GPF (M calibrated),0.852,4.890455431647986,60.0,1.0,150.0,5.500587592334963,0.4670512208636538,0.5479830807857345,1.0,1.5999999999999999
0.5384615384615384,0.6069769786668839,0.6842105263157895,0.837126600284495,0.26650437037037034,0.29860000000000003,GunPoint,2,20,6.5,4,22,hybrid GPF-nbrs/raw-walk (M calibrated),0.852,4.890455431647986,60.0,1.0,150.0,5.156431373107328,0.3783451467774892,1.3112658344336914,0.34375,1.5999999999999999
0.5523809523809524,0.6177207681213422,0.6907894736842105,0.7927631578947368,0.27610222222222225,0.3142666666666667,GunPoint,2,20,6.5,4,22,KNNOR-official-GPF (randmx=1),0.852,4.890455431647986,60.0,1.0,150.0,6.897113821227592,0.5903769986564654,0.21519104011500617,1.0,1.0
0.5660377358490566,0.6282808624375432,0.6973684210526316,0.7941856330014224,0.2760681481481482,0.3063111111111112,GunPoint,2,20,6.5,4,22,KNNOR-official-GPF (randmx=M*),0.852,4.890455431647986,60.0,1.0,150.0,8.072449879697318,0.6045414993847688,0.5332717784187803,1.0,1.5999999999999999
0.5794392523364486,0.6386663736585051,0.7039473684210527,0.8028982930298719,0.27003577777777776,0.29837777777777774,GunPoint,2,20,6.5,4,22,KNNOR-official-raw (randmx=1),0.852,4.890455431647986,60.0,1.0,150.0,6.687571964572545,0.5673622961925241,0.2697969214654022,1.0,1.0
0.5384615384615384,0.6069769786668839,0.6842105263157895,0.8375711237553343,0.2643143703703703,0.29719999999999996,GunPoint,2,20,6.5,4,22,hybrid GPF-nbrs/raw-walk (M raw-calibrated),0.852,4.890455431647986,60.0,1.0,150.0,5.107509194694684,0.4039512195894245,0.9127004081866621,0.34375,1.4
0.49504950495049505,0.5735393346764044,0.6644736842105263,0.9378556187766715,0.208044962962963,0.2782444444444444,GunPoint,3,5,5.2,5,21,none (raw-flat RF),0.852,1.8846201501372963,,,,,,,,
0.6306306306306306,0.6786208925382962,0.7302631578947368,0.9670163584637269,0.1695259259259259,0.24128888888888889,GunPoint,3,5,5.2,5,21,none,0.852,1.8846201501372963,60.0,1.0,150.0,,,,,
0.7936507936507936,0.8111071056538127,0.8289473684210527,0.9881756756756757,0.10422503703703702,0.19213333333333335,GunPoint,3,5,5.2,5,21,SMOTE-raw,0.852,1.8846201501372963,60.0,1.0,150.0,2.373054828790151,0.2092278169311078,0.553642879310473,,
0.7540983606557377,0.7779866052154991,0.8026315789473684,0.9861308677098151,0.11820548148148148,0.20377777777777775,GunPoint,3,5,5.2,5,21,chain-mean-GPF (PSSTO-style),0.852,1.8846201501372963,60.0,1.0,150.0,2.6101263295218597,0.23948215629938374,0.4164454924111102,,
0.6896551724137931,0.7254762501100116,0.763157894736842,0.9735953058321479,0.13855666666666663,0.21406666666666666,GunPoint,3,5,5.2,5,21,KNNOR-GPF (M=1),0.852,1.8846201501372963,60.0,1.0,150.0,3.556639334509857,0.35294953546664676,0.2508535027948162,0.875,1.0
0.6782608695652174,0.7163503994113789,0.756578947368421,0.969950213371266,0.1431446666666667,0.20495555555555559,GunPoint,3,5,5.2,5,21,KNNOR-GPF (M calibrated),0.852,1.8846201501372963,60.0,1.0,150.0,4.8211919054882895,0.4234159480332952,0.33506066669074375,0.7777777777777778,1.5999999999999999
0.7777777777777778,0.7975112426021427,0.8156116642958748,0.9805298719772404,0.11344451851851853,0.17980000000000002,GunPoint,3,5,5.2,5,21,hybrid GPF-nbrs/raw-walk (M calibrated),0.852,1.8846201501372963,60.0,1.0,150.0,6.018093944895565,0.42640053667513456,0.9863150651777819,0.328125,1.5999999999999999
0.6782608695652174,0.7163503994113789,0.756578947368421,0.9720839260312945,0.15056844444444445,0.22186666666666666,GunPoint,3,5,5.2,5,21,KNNOR-official-GPF (randmx=1),0.852,1.8846201501372963,60.0,1.0,150.0,4.874153641170192,0.4769990427888634,0.20314893763313846,0.9130434782608695,1.0
0.6896551724137931,0.7254762501100116,0.763157894736842,0.9733285917496444,0.14744585185185186,0.2191333333333333,GunPoint,3,5,5.2,5,21,KNNOR-official-GPF (randmx=M*),0.852,1.8846201501372963,60.0,1.0,150.0,4.745256763431938,0.4699121063825643,0.20158240298125044,0.7,1.5999999999999999
0.6666666666666666,0.7071067811865476,0.75,0.9704836415362731,0.14674600000000002,0.2098,GunPoint,3,5,5.2,5,21,KNNOR-official-raw (randmx=1),0.852,1.8846201501372963,60.0,1.0,150.0,5.286384306387927,0.49609348392420016,0.2563856732470051,0.875,1.0
0.768,0.7893314238824571,0.8090327169274538,0.9840860597439546,0.11402977777777779,0.1888888888888889,GunPoint,3,5,5.2,5,21,hybrid GPF-nbrs/raw-walk (M raw-calibrated),0.852,1.8846201501372963,60.0,1.0,150.0,4.55890346297261,0.347816629339727,0.7751106349251665,0.328125,1.4
0.4,0.5,0.625,0.9455903271692745,0.2338327407407407,0.292,GunPoint,3,10,6.5,4,22,none (raw-flat RF),0.852,1.8897036285373723,,,,,,,,
0.4166666666666667,0.512989176042577,0.631578947368421,0.9913762446657183,0.19198629629629632,0.28788888888888897,GunPoint,3,10,6.5,4,22,none,0.852,1.8897036285373723,60.0,1.0,150.0,,,,,
0.8484848484848485,0.8583950752789521,0.868421052631579,0.9944879089615932,0.09759014814814813,0.18899999999999997,GunPoint,3,10,6.5,4,22,SMOTE-raw,0.852,1.8897036285373723,60.0,1.0,150.0,1.94592606167706,0.16143432201028973,0.5215529096137304,,
0.8307692307692308,0.8429272304235246,0.8552631578947368,0.9927098150782362,0.1070131111111111,0.2020666666666667,GunPoint,3,10,6.5,4,22,chain-mean-GPF (PSSTO-style),0.852,1.8897036285373723,60.0,1.0,150.0,2.442231497156037,0.2282874731274367,0.32200404415807815,,
0.7008547008547008,0.7344887229975191,0.7697368421052632,0.994576813655761,0.13555429629629628,0.25442222222222227,GunPoint,3,10,6.5,4,22,KNNOR-GPF (M=1),0.852,1.8897036285373723,60.0,1.0,150.0,4.778041710171866,0.4450567122569844,0.041015367649957044,0.43137254901960786,1.0
0.6548672566371682,0.6977407149243606,0.743421052631579,0.9870199146514935,0.15616429629629627,0.2471111111111111,GunPoint,3,10,6.5,4,22,KNNOR-GPF (M calibrated),0.852,1.8897036285373723,60.0,1.0,150.0,5.23515794215319,0.48388772795888146,0.021521407553171966,0.43137254901960786,1.7999999999999998
0.6548672566371682,0.6977407149243606,0.743421052631579,0.9826635846372689,0.14603103703703704,0.22828888888888885,GunPoint,3,10,6.5,4,22,hybrid GPF-nbrs/raw-walk (M calibrated),0.852,1.8897036285373723,60.0,1.0,150.0,6.680502079539375,0.5243375287781128,0.2451438145420825,0.34375,1.7999999999999998
0.8307692307692308,0.8429272304235246,0.8552631578947368,0.9947546230440968,0.11047118518518519,0.2380222222222222,GunPoint,3,10,6.5,4,22,KNNOR-official-GPF (randmx=1),0.852,1.8897036285373723,60.0,1.0,150.0,3.2435607057746765,0.3037089146748846,0.23842282070430773,0.9166666666666666,1.0
0.8905109489051095,0.8958970805552212,0.9013157894736843,0.9958214793741109,0.08626488888888889,0.20142222222222225,GunPoint,3,10,6.5,4,22,KNNOR-official-GPF (randmx=M*),0.852,1.8897036285373723,60.0,1.0,150.0,2.908772117523432,0.22968964178857765,0.5698747235849368,0.8461538461538461,1.7999999999999998
0.8484848484848485,0.8583950752789521,0.868421052631579,0.9949324324324323,0.10644266666666667,0.23671111111111104,GunPoint,3,10,6.5,4,22,KNNOR-official-raw (randmx=1),0.852,1.8897036285373723,60.0,1.0,150.0,3.244925422052507,0.3101246653459223,0.24047220271632372,0.7333333333333333,1.0
0.6548672566371682,0.6977407149243606,0.743421052631579,0.9808854907539117,0.14975570370370372,0.2428888888888889,GunPoint,3,10,6.5,4,22,hybrid GPF-nbrs/raw-walk (M raw-calibrated),0.852,1.8897036285373723,60.0,1.0,150.0,6.705197509226103,0.5263068814806334,0.19696561531537962,0.34375,1.6
0.4,0.5,0.625,0.9166073968705547,0.23106355555555552,0.2869777777777778,GunPoint,3,20,6.5,4,22,none (raw-flat RF),0.852,2.5888147097692578,,,,,,,,
0.5384615384615384,0.6069769786668839,0.6842105263157895,0.9663940256045519,0.19278503703703706,0.27546666666666664,GunPoint,3,20,6.5,4,22,none,0.852,2.5888147097692578,60.0,1.0,150.0,,,,,
0.7936507936507936,0.8111071056538127,0.8289473684210527,0.9919096728307255,0.10075081481481481,0.20608888888888882,GunPoint,3,20,6.5,4,22,SMOTE-raw,0.852,2.5888147097692578,60.0,1.0,150.0,3.0338148450663187,0.2887730986552105,0.4332646365204008,,
0.6306306306306306,0.6786208925382962,0.7302631578947368,0.9767069701280228,0.14221562962962964,0.21433333333333338,GunPoint,3,20,6.5,4,22,chain-mean-GPF (PSSTO-style),0.852,2.5888147097692578,60.0,1.0,150.0,3.8010935596515854,0.3675285870109556,0.21327425257373145,,
0.6306306306306306,0.6786208925382962,0.7302631578947368,0.9802631578947367,0.1385425925925926,0.22299999999999995,GunPoint,3,20,6.5,4,22,KNNOR-GPF (M=1),0.852,2.5888147097692578,60.0,1.0,150.0,3.3571187840505097,0.3512421693763248,0.16061634053429827,0.2894736842105263,1.0
0.6428571428571429,0.6882472016116853,0.7368421052631579,0.9767958748221907,0.13382955555555556,0.21126666666666663,GunPoint,3,20,6.5,4,22,KNNOR-GPF (M calibrated),0.852,2.5888147097692578,60.0,1.0,150.0,3.3252925146049837,0.3442082802619666,0.21416109866991415,0.16296296296296298,1.5999999999999999
0.6055045871559633,0.6589465276604692,0.7171052631578947,0.9749288762446656,0.14718014814814814,0.22626666666666664,GunPoint,3,20,6.5,4,22,hybrid GPF-nbrs/raw-walk (M calibrated),0.852,2.5888147097692578,60.0,1.0,150.0,4.7446724338108535,0.41917835490793665,0.3265429562335256,0.34375,1.5999999999999999
0.8125,0.8271701918685112,0.8421052631578947,0.9956436699857754,0.10209622222222223,0.2084666666666667,GunPoint,3,20,6.5,4,22,KNNOR-official-GPF (randmx=1),0.852,2.5888147097692578,60.0,1.0,150.0,2.652139136005969,0.2792515013625224,0.2349303888236559,0.88,1.0
0.9064748201438849,0.910465468000326,0.9144736842105263,0.9907539118065434,0.08719829629629629,0.1808222222222222,GunPoint,3,20,6.5,4,22,KNNOR-official-GPF (randmx=M*),0.852,2.5888147097692578,60.0,1.0,150.0,1.9556024254022866,0.18894553633885458,0.49106929761934276,1.0,1.5999999999999999
0.743801652892562,0.7694837640638655,0.7960526315789473,0.9920874822190612,0.11035599999999998,0.2252444444444444,GunPoint,3,20,6.5,4,22,KNNOR-official-raw (randmx=1),0.852,2.5888147097692578,60.0,1.0,150.0,3.6330672714149976,0.3479921852859138,0.27449810540829295,0.7586206896551724,1.0
0.6055045871559633,0.6589465276604692,0.7171052631578947,0.9749288762446656,0.14718014814814814,0.22626666666666664,GunPoint,3,20,6.5,4,22,hybrid GPF-nbrs/raw-walk (M raw-calibrated),0.852,2.5888147097692578,60.0,1.0,150.0,4.7446724338108535,0.4191783549079361,0.3265429562335264,0.34375,1.6
0.5098039215686274,0.5848976518656018,0.6710526315789473,0.8919807965860598,0.22814977777777776,0.2641777777777778,GunPoint,4,5,5.2,5,21,none (raw-flat RF),0.852,2.2078414998517673,,,,,,,,
0.5925925925925926,0.6488856845230502,0.7105263157894737,0.9172297297297298,0.21007051851851852,0.2512,GunPoint,4,5,5.2,5,21,none,0.852,2.2078414998517673,60.0,1.0,150.0,,,,,
0.7540983606557377,0.7779866052154991,0.8026315789473684,0.9792852062588905,0.12769288888888888,0.2137777777777778,GunPoint,4,5,5.2,5,21,SMOTE-raw,0.852,2.2078414998517673,60.0,1.0,150.0,2.1205954796116746,0.21188132953472416,0.4909213939168377,,
0.7226890756302521,0.7521897856819185,0.7828947368421053,0.972972972972973,0.14136318518518518,0.22531111111111113,GunPoint,4,5,5.2,5,21,chain-mean-GPF (PSSTO-style),0.852,2.2078414998517673,60.0,1.0,150.0,2.9811797821812736,0.3191464863129325,0.19897717654139563,,
0.6782608695652174,0.7163503994113789,0.756578947368421,0.9614153627311522,0.15880044444444447,0.22195555555555554,GunPoint,4,5,5.2,5,21,KNNOR-GPF (M=1),0.852,2.2078414998517673,60.0,1.0,150.0,3.441813493840291,0.360977764778045,0.2104369523337356,0.42,1.0
0.6306306306306306,0.6786208925382962,0.7302631578947368,0.971728307254623,0.15592674074074073,0.22606666666666664,GunPoint,4,5,5.2,5,21,KNNOR-GPF (M calibrated),0.852,2.2078414998517673,60.0,1.0,150.0,3.2103015462547635,0.30141291380958257,0.41166786876745803,0.375,1.5999999999999999
0.6666666666666666,0.7071067811865476,0.75,0.9431899004267427,0.1679885185185185,0.21802222222222223,GunPoint,4,5,5.2,5,21,hybrid GPF-nbrs/raw-walk (M calibrated),0.852,2.2078414998517673,60.0,1.0,150.0,5.2161269632071825,0.3952963766354457,0.9820614695534037,0.328125,1.5999999999999999
0.6428571428571429,0.6882472016116853,0.7368421052631579,0.9360775248933144,0.18258133333333335,0.2210222222222222,GunPoint,4,5,5.2,5,21,KNNOR-official-GPF (randmx=1),0.852,2.2078414998517673,60.0,1.0,150.0,4.011222504441692,0.41629744670648616,0.17178148951176053,0.6176470588235294,1.0
0.6181818181818182,0.6688560540599386,0.7236842105263158,0.9310988620199147,0.1832398518518519,0.21888888888888886,GunPoint,4,5,5.2,5,21,KNNOR-official-GPF (randmx=M*),0.852,2.2078414998517673,60.0,1.0,150.0,4.0689140757532325,0.3490563537739807,0.525582887676177,0.5675675675675675,1.5999999999999999
0.6428571428571429,0.6882472016116853,0.7368421052631579,0.9606152204836416,0.1701331851851852,0.24040000000000003,GunPoint,4,5,5.2,5,21,KNNOR-official-raw (randmx=1),0.852,2.2078414998517673,60.0,1.0,150.0,4.0288812581401725,0.4090993483098456,0.20998020012004806,0.5833333333333334,1.0
0.6306306306306306,0.6786208925382962,0.7302631578947368,0.9587482219061165,0.16183185185185187,0.22706666666666667,GunPoint,4,5,5.2,5,21,hybrid GPF-nbrs/raw-walk (M raw-calibrated),0.852,2.2078414998517673,60.0,1.0,150.0,4.956328950804506,0.4119251137869543,0.6627121172515212,0.328125,1.4
0.41237113402061853,0.5095112432224906,0.6248221906116643,0.8591749644381224,0.26633637037037033,0.29206666666666664,GunPoint,4,10,6.5,4,22,none (raw-flat RF),0.852,2.185475852194843,,,,,,,,
0.4489795918367347,0.5380275868489703,0.6447368421052632,0.8850462304409673,0.23667785185185186,0.2718888888888889,GunPoint,4,10,6.5,4,22,none,0.852,2.185475852194843,60.0,1.0,150.0,,,,,
0.743801652892562,0.7694837640638655,0.7960526315789473,0.9897759601706969,0.1278639259259259,0.2193111111111111,GunPoint,4,10,6.5,4,22,SMOTE-raw,0.852,2.185475852194843,60.0,1.0,150.0,2.7668134322384166,0.24530425577202153,0.4191394276614074,,
0.6306306306306306,0.6786208925382962,0.7302631578947368,0.9727951635846372,0.15433681481481482,0.23006666666666667,GunPoint,4,10,6.5,4,22,chain-mean-GPF (PSSTO-style),0.852,2.185475852194843,60.0,1.0,150.0,3.390918896841315,0.34575503932272245,0.1643007102040832,,
0.6306306306306306,0.6786208925382962,0.7302631578947368,0.962126600284495,0.16763911111111113,0.2356,GunPoint,4,10,6.5,4,22,KNNOR-GPF (M=1),0.852,2.185475852194843,60.0,1.0,150.0,4.369309045468359,0.41885234646555947,0.15479030570401167,0.44,1.0
0.6181818181818182,0.6688560540599386,0.7236842105263158,0.9619487908961593,0.1703042962962963,0.23733333333333334,GunPoint,4,10,6.5,4,22,KNNOR-GPF (M calibrated),0.852,2.185475852194843,60.0,1.0,150.0,5.292549707372457,0.46185601702197865,0.19315604720267618,0.39285714285714285,1.4
0.6055045871559633,0.6589465276604692,0.7171052631578947,0.9603485064011379,0.1763562962962963,0.24613333333333332,GunPoint,4,10,6.5,4,22,hybrid GPF-nbrs/raw-walk (M calibrated),0.852,2.185475852194843,60.0,1.0,150.0,6.91481000436959,0.4829764004400249,0.6055216779903089,0.34375,1.4
0.6306306306306306,0.6786208925382962,0.7302631578947368,0.9498577524893315,0.17668799999999998,0.23924444444444443,GunPoint,4,10,6.5,4,22,KNNOR-official-GPF (randmx=1),0.852,2.185475852194843,60.0,1.0,150.0,6.364888523492606,0.5276455701463515,0.19921546657797676,1.0,1.0
0.5794392523364486,0.6386663736585051,0.7039473684210527,0.9315433854907539,0.193751037037037,0.24464444444444441,GunPoint,4,10,6.5,4,22,KNNOR-official-GPF (randmx=M*),0.852,2.185475852194843,60.0,1.0,150.0,8.900154076376504,0.5673304267277129,0.46975626558160455,1.0,1.4
0.8396946564885496,0.8506963092234007,0.861842105263158,0.993421052631579,0.09448051851851852,0.20126666666666665,GunPoint,4,10,6.5,4,22,KNNOR-official-raw (randmx=1),0.852,2.185475852194843,60.0,1.0,150.0,2.3588123532823158,0.20846559918582241,0.32979854774013434,0.88,1.0
0.6055045871559633,0.6589465276604692,0.7171052631578947,0.9603485064011379,0.1763562962962963,0.24613333333333332,GunPoint,4,10,6.5,4,22,hybrid GPF-nbrs/raw-walk (M raw-calibrated),0.852,2.185475852194843,60.0,1.0,150.0,6.91481000436959,0.4829764004400249,0.6055216779903089,0.34375,1.4
0.3829787234042553,0.48666426339228763,0.618421052631579,0.8468172119487908,0.3111919259259259,0.3513555555555556,GunPoint,4,20,6.5,4,22,none (raw-flat RF),0.852,4.40553229596945,,,,,,,,
0.5242718446601942,0.5960395606792697,0.6776315789473684,0.7867176386913228,0.2801237037037037,0.3207111111111111,GunPoint,4,20,6.5,4,22,none,0.852,4.40553229596945,60.0,1.0,150.0,,,,,
0.5794392523364486,0.6386663736585051,0.7039473684210527,0.835970839260313,0.25144125925925925,0.2786,GunPoint,4,20,6.5,4,22,SMOTE-raw,0.852,4.40553229596945,60.0,1.0,150.0,4.801184310961294,0.4261807281962371,0.38009475846376606,,
0.5660377358490566,0.6282808624375432,0.6973684210526316,0.8043207681365576,0.25774385185185184,0.2801777777777778,GunPoint,4,20,6.5,4,22,chain-mean-GPF (PSSTO-style),0.852,4.40553229596945,60.0,1.0,150.0,5.73150918396242,0.5142566219375102,0.18932069920459094,,
0.5523809523809524,0.6177207681213422,0.6907894736842105,0.7954302987197724,0.2605167407407407,0.2825777777777778,GunPoint,4,20,6.5,4,22,KNNOR-GPF (M=1),0.852,4.40553229596945,60.0,1.0,150.0,7.5019730764469275,0.6422776373342045,0.21485847570041686,1.0,1.0
0.6181818181818182,0.6688560540599386,0.7236842105263158,0.8124999999999999,0.2551936296296296,0.27791111111111116,GunPoint,4,20,6.5,4,22,KNNOR-GPF (M calibrated),0.852,4.40553229596945,60.0,1.0,150.0,7.464162869285862,0.6224925119949564,0.3381078361349062,0.9565217391304348,1.5999999999999999
0.6181818181818182,0.6688560540599386,0.7236842105263158,0.8665540540540541,0.22776511111111114,0.25673333333333337,GunPoint,4,20,6.5,4,22,hybrid GPF-nbrs/raw-walk (M calibrated),0.852,4.40553229596945,60.0,1.0,150.0,9.768128955704817,0.6005465251917796,1.2072069525512719,0.34375,1.5999999999999999
0.6055045871559633,0.6589465276604692,0.7171052631578947,0.7955192034139402,0.263123037037037,0.2894,GunPoint,4,20,6.5,4,22,KNNOR-official-GPF (randmx=1),0.852,4.40553229596945,60.0,1.0,150.0,9.149597484601717,0.7284756299357129,0.23206816455780477,1.0,1.0
0.6126126126126126,0.6643213844587705,0.716927453769559,0.8218349928876244,0.25933496296296293,0.2853333333333334,GunPoint,4,20,6.5,4,22,KNNOR-official-GPF (randmx=M*),0.852,4.40553229596945,60.0,1.0,150.0,12.54169237595993,0.8023448933027666,0.5686195962717651,1.0,1.5999999999999999
0.6055045871559633,0.6589465276604692,0.7171052631578947,0.8129445234708392,0.2581961481481481,0.2880444444444444,GunPoint,4,20,6.5,4,22,KNNOR-official-raw (randmx=1),0.852,4.40553229596945,60.0,1.0,150.0,7.046277517524319,0.5804124274838957,0.3355029986072449,1.0,1.0
0.6181818181818182,0.6688560540599386,0.7236842105263158,0.8769559032716928,0.22571777777777777,0.2557777777777778,GunPoint,4,20,6.5,4,22,hybrid GPF-nbrs/raw-walk (M raw-calibrated),0.852,4.40553229596945,60.0,1.0,150.0,9.177729555291311,0.6301994215848312,0.8225639610415194,0.34375,1.4
0.46153846153846156,0.5477225575051661,0.65,0.9066666666666666,0.12623583333333335,0.12441666666666665,BasicMotions,0,5,5.0,6,24,none (raw-flat RF),0.04,0.338960832404555,,,,,,,,
1.0,1.0,1.0,1.0,0.018511944444444445,0.09241666666666669,BasicMotions,0,5,5.0,6,24,none,0.04,0.338960832404555,64.0,6.0,100.0,,,,,
1.0,1.0,1.0,1.0,0.005200833333333333,0.054250000000000013,BasicMotions,0,5,5.0,6,24,SMOTE-raw,0.04,0.338960832404555,64.0,6.0,100.0,0.37758064436868577,0.1716367982297452,0.6981981447723558,,
1.0,1.0,1.0,1.0,0.0070288888888888875,0.06383333333333331,BasicMotions,0,5,5.0,6,24,chain-mean-GPF (PSSTO-style),0.04,0.338960832404555,64.0,6.0,100.0,0.3490693136441303,0.26523915549030264,0.35769896059567774,,
1.0,1.0,1.0,1.0,0.007517777777777776,0.05966666666666667,BasicMotions,0,5,5.0,6,24,KNNOR-GPF (M=1),0.04,0.338960832404555,64.0,6.0,100.0,0.7091906600509694,0.370244002085066,0.37061616882174364,1.0,1.0
1.0,1.0,1.0,1.0,0.007684166666666667,0.05991666666666666,BasicMotions,0,5,5.0,6,24,KNNOR-GPF (M calibrated),0.04,0.338960832404555,64.0,6.0,100.0,0.9446895771156667,0.43661470826285054,0.45058318155460275,1.0,1.4
1.0,1.0,1.0,1.0,0.006028055555555556,0.05641666666666668,BasicMotions,0,5,5.0,6,24,hybrid GPF-nbrs/raw-walk (M calibrated),0.04,0.338960832404555,64.0,6.0,100.0,1.0084041400206498,0.33813825072242587,2.022815491237188,0.375,1.4
1.0,1.0,1.0,1.0,0.005300555555555557,0.050833333333333335,BasicMotions,0,5,5.0,6,24,KNNOR-official-GPF (randmx=1),0.04,0.338960832404555,64.0,6.0,100.0,0.6420100819971291,0.3169359526316191,0.46593686197492773,1.0,1.0
1.0,1.0,1.0,1.0,0.006153888888888889,0.05566666666666668,BasicMotions,0,5,5.0,6,24,KNNOR-official-GPF (randmx=M*),0.04,0.338960832404555,64.0,6.0,100.0,0.815495115870406,0.3418808214513388,0.6008029008721091,0.8275862068965517,1.4
1.0,1.0,1.0,1.0,0.012801388888888886,0.08041666666666668,BasicMotions,0,5,5.0,6,24,KNNOR-official-raw (randmx=1),0.04,0.338960832404555,64.0,6.0,100.0,0.7004688763503584,0.37088733786015016,0.27697059423111636,0.35294117647058826,1.0
1.0,1.0,1.0,1.0,0.006618333333333335,0.060999999999999985,BasicMotions,0,5,5.0,6,24,hybrid GPF-nbrs/raw-walk (M raw-calibrated),0.04,0.338960832404555,64.0,6.0,100.0,0.6545849374861574,0.26619204100643223,1.5529894669098994,0.375,1.2
0.18181818181818182,0.31622776601683794,0.55,0.8416666666666667,0.14596638888888888,0.11791666666666671,BasicMotions,0,10,7.5,4,26,none (raw-flat RF),0.04,0.31057729558610303,,,,,,,,
1.0,1.0,1.0,1.0,0.03149972222222222,0.11375,BasicMotions,0,10,7.5,4,26,none,0.04,0.31057729558610303,64.0,6.0,100.0,,,,,
1.0,1.0,1.0,1.0,0.00670138888888889,0.05525000000000001,BasicMotions,0,10,7.5,4,26,SMOTE-raw,0.04,0.31057729558610303,64.0,6.0,100.0,0.34312591567807815,0.14987776796271768,0.5033096895795948,,
1.0,1.0,1.0,1.0,0.01018027777777778,0.06641666666666667,BasicMotions,0,10,7.5,4,26,chain-mean-GPF (PSSTO-style),0.04,0.31057729558610303,64.0,6.0,100.0,0.3137248440027469,0.2431834572971896,0.28343734713723645,,
1.0,1.0,1.0,1.0,0.009555555555555555,0.05916666666666664,BasicMotions,0,10,7.5,4,26,KNNOR-GPF (M=1),0.04,0.31057729558610303,64.0,6.0,100.0,0.40600251982564517,0.21773159832901068,0.3686954181868501,1.0,1.0
1.0,1.0,1.0,1.0,0.008865555555555554,0.05833333333333332,BasicMotions,0,10,7.5,4,26,KNNOR-GPF (M calibrated),0.04,0.31057729558610303,64.0,6.0,100.0,0.43678633932521116,0.1952990871335578,0.4828527307023797,1.0,1.5999999999999999
1.0,1.0,1.0,1.0,0.007908055555555557,0.05908333333333335,BasicMotions,0,10,7.5,4,26,hybrid GPF-nbrs/raw-walk (M calibrated),0.04,0.31057729558610303,64.0,6.0,100.0,0.6959808976642563,0.20093629260082357,2.4910316765168994,0.40625,1.5999999999999999
1.0,1.0,1.0,1.0,0.009267222222222222,0.060833333333333336,BasicMotions,0,10,7.5,4,26,KNNOR-official-GPF (randmx=1),0.04,0.31057729558610303,64.0,6.0,100.0,0.5597943704615127,0.29203764284096667,0.35440323488546743,1.0,1.0
1.0,1.0,1.0,1.0,0.010357777777777778,0.06416666666666665,BasicMotions,0,10,7.5,4,26,KNNOR-official-GPF (randmx=M*),0.04,0.31057729558610303,64.0,6.0,100.0,1.0811344366474414,0.342515522987874,0.8318431866862841,1.0,1.5999999999999999
1.0,1.0,1.0,1.0,0.008678333333333335,0.06366666666666669,BasicMotions,0,10,7.5,4,26,KNNOR-official-raw (randmx=1),0.04,0.31057729558610303,64.0,6.0,100.0,0.48960984851654565,0.19351575206588667,0.5223572417627135,0.5652173913043478,1.0
1.0,1.0,1.0,1.0,0.006945277777777778,0.05625,BasicMotions,0,10,7.5,4,26,hybrid GPF-nbrs/raw-walk (M raw-calibrated),0.04,0.31057729558610303,64.0,6.0,100.0,0.4669301491803979,0.18767848696157985,1.7053044020004913,0.40625,1.4
0.46153846153846156,0.5477225575051661,0.65,0.8516666666666668,0.1363,0.11766666666666667,BasicMotions,0,20,7.5,4,26,none (raw-flat RF),0.04,0.559703313416009,,,,,,,,
0.9473684210526315,0.9486832980505138,0.95,1.0,0.03394083333333333,0.11574999999999999,BasicMotions,0,20,7.5,4,26,none,0.04,0.559703313416009,64.0,6.0,100.0,,,,,
0.9473684210526315,0.9486832980505138,0.95,0.9999999999999999,0.017913055555555557,0.08625000000000001,BasicMotions,0,20,7.5,4,26,SMOTE-raw,0.04,0.559703313416009,64.0,6.0,100.0,0.6777437113480143,0.30990478959497436,0.4616797443740493,,
0.9473684210526315,0.9486832980505138,0.95,1.0,0.020113055555555554,0.08925,BasicMotions,0,20,7.5,4,26,chain-mean-GPF (PSSTO-style),0.04,0.559703313416009,64.0,6.0,100.0,0.7159679136583832,0.4475204863578424,0.2364247551975011,,
0.9473684210526315,0.9486832980505138,0.95,1.0,0.018327222222222224,0.08549999999999999,BasicMotions,0,20,7.5,4,26,KNNOR-GPF (M=1),0.04,0.559703313416009,64.0,6.0,100.0,0.6057308027146293,0.34173661104650765,0.3306507318846301,1.0,1.0
1.0,1.0,1.0,1.0,0.012920000000000001,0.07566666666666667,BasicMotions,0,20,7.5,4,26,KNNOR-GPF (M calibrated),0.04,0.559703313416009,64.0,6.0,100.0,0.438982699305722,0.19071868713360451,0.7960251042967749,1.0,1.5999999999999999
1.0,1.0,1.0,1.0,0.013551666666666665,0.08066666666666664,BasicMotions,0,20,7.5,4,26,hybrid GPF-nbrs/raw-walk (M calibrated),0.04,0.559703313416009,64.0,6.0,100.0,0.3897019790468854,0.13646502511502612,1.3826627340672693,0.40625,1.5999999999999999
0.9473684210526315,0.9486832980505138,0.95,1.0,0.018913888888888886,0.0855,BasicMotions,0,20,7.5,4,26,KNNOR-official-GPF (randmx=1),0.04,0.559703313416009,64.0,6.0,100.0,0.5977893419691136,0.3160602962907664,0.3808969985961574,1.0,1.0
1.0,1.0,1.0,1.0,0.01312861111111111,0.07475000000000002,BasicMotions,0,20,7.5,4,26,KNNOR-official-GPF (randmx=M*),0.04,0.559703313416009,64.0,6.0,100.0,0.4716448436844005,0.19004788352352908,0.8774010631053649,1.0,1.5999999999999999
0.9473684210526315,0.9486832980505138,0.95,1.0,0.019335,0.08950000000000001,BasicMotions,0,20,7.5,4,26,KNNOR-official-raw (randmx=1),0.04,0.559703313416009,64.0,6.0,100.0,0.7561259702679144,0.37783654409224127,0.3548384567060629,1.0,1.0
1.0,1.0,1.0,1.0,0.014404444444444442,0.0795,BasicMotions,0,20,7.5,4,26,hybrid GPF-nbrs/raw-walk (M raw-calibrated),0.04,0.559703313416009,64.0,6.0,100.0,0.4644574372306136,0.17883964028713284,0.9382924240577649,0.40625,1.4
0.46153846153846156,0.5477225575051661,0.65,0.905,0.120115,0.12233333333333334,BasicMotions,1,5,5.0,6,24,none (raw-flat RF),0.04,0.32773849959263934,,,,,,,,
1.0,1.0,1.0,1.0,0.019711666666666672,0.09166666666666667,BasicMotions,1,5,5.0,6,24,none,0.04,0.32773849959263934,64.0,6.0,100.0,,,,,
1.0,1.0,1.0,1.0,0.009013055555555557,0.06591666666666668,BasicMotions,1,5,5.0,6,24,SMOTE-raw,0.04,0.32773849959263934,64.0,6.0,100.0,0.4124902760862794,0.2028294873150659,0.5675553295097501,,
1.0,1.0,1.0,1.0,0.011540833333333332,0.07425,BasicMotions,1,5,5.0,6,24,chain-mean-GPF (PSSTO-style),0.04,0.32773849959263934,64.0,6.0,100.0,0.3368119873347728,0.27827142754152934,0.22228545858712834,,
1.0,1.0,1.0,1.0,0.009890555555555555,0.06733333333333333,BasicMotions,1,5,5.0,6,24,KNNOR-GPF (M=1),0.04,0.32773849959263934,64.0,6.0,100.0,0.30498798697116425,0.22894133712076403,0.3329102683367427,1.0,1.0
1.0,1.0,1.0,1.0,0.007743055555555556,0.06308333333333334,BasicMotions,1,5,5.0,6,24,KNNOR-GPF (M calibrated),0.04,0.32773849959263934,64.0,6.0,100.0,0.2972920135406918,0.22439666033401306,0.3881823189313415,0.7272727272727273,1.4
1.0,1.0,1.0,1.0,0.007273333333333335,0.05950000000000001,BasicMotions,1,5,5.0,6,24,hybrid GPF-nbrs/raw-walk (M calibrated),0.04,0.32773849959263934,64.0,6.0,100.0,0.335328662082401,0.18597889575205506,1.3110024051921136,0.375,1.4
1.0,1.0,1.0,0.9999999999999999,0.012634722222222223,0.07925,BasicMotions,1,5,5.0,6,24,KNNOR-official-GPF (randmx=1),0.04,0.32773849959263934,64.0,6.0,100.0,0.3762196662473676,0.31160875811603084,0.21709912900955064,0.9230769230769231,1.0
1.0,1.0,1.0,1.0,0.0099575,0.06824999999999999,BasicMotions,1,5,5.0,6,24,KNNOR-official-GPF (randmx=M*),0.04,0.32773849959263934,64.0,6.0,100.0,0.4020332622771907,0.2650693225646161,0.4115131990697588,0.8888888888888888,1.4
1.0,1.0,1.0,1.0,0.012585000000000002,0.07633333333333334,BasicMotions,1,5,5.0,6,24,KNNOR-official-raw (randmx=1),0.04,0.32773849959263934,64.0,6.0,100.0,0.6399996079166586,0.3213575237808426,0.32752968836785934,0.5333333333333333,1.0
1.0,1.0,1.0,1.0,0.00813888888888889,0.06266666666666668,BasicMotions,1,5,5.0,6,24,hybrid GPF-nbrs/raw-walk (M raw-calibrated),0.04,0.32773849959263934,64.0,6.0,100.0,0.5436570954950879,0.30581723043579956,0.5762921167027096,0.375,1.2
0.3333333333333333,0.4472135954999579,0.6,0.895,0.12556138888888888,0.12241666666666669,BasicMotions,1,10,7.5,4,26,none (raw-flat RF),0.04,0.49769190391029094,,,,,,,,
0.8888888888888888,0.8944271909999159,0.9,1.0,0.03669638888888889,0.11991666666666669,BasicMotions,1,10,7.5,4,26,none,0.04,0.49769190391029094,64.0,6.0,100.0,,,,,
0.9473684210526315,0.9486832980505138,0.95,1.0,0.019458333333333334,0.08833333333333335,BasicMotions,1,10,7.5,4,26,SMOTE-raw,0.04,0.49769190391029094,64.0,6.0,100.0,0.6774153121842275,0.33164726482469087,0.5144843268580828,,
0.9473684210526315,0.9486832980505138,0.95,1.0,0.019448333333333335,0.08650000000000001,BasicMotions,1,10,7.5,4,26,chain-mean-GPF (PSSTO-style),0.04,0.49769190391029094,64.0,6.0,100.0,0.5932512694248702,0.4601795633914566,0.21911423184462434,,
0.9473684210526315,0.9486832980505138,0.95,1.0,0.0191575,0.08658333333333333,BasicMotions,1,10,7.5,4,26,KNNOR-GPF (M=1),0.04,0.49769190391029094,64.0,6.0,100.0,0.6663371388705601,0.44131825335091673,0.30189945461040135,1.0,1.0
1.0,1.0,1.0,1.0,0.01406805555555556,0.07891666666666668,BasicMotions,1,10,7.5,4,26,KNNOR-GPF (M calibrated),0.04,0.49769190391029094,64.0,6.0,100.0,0.6877283277178441,0.31478643845170295,0.9834221897570196,1.0,1.5999999999999999
1.0,1.0,1.0,1.0,0.014920833333333336,0.08224999999999999,BasicMotions,1,10,7.5,4,26,hybrid GPF-nbrs/raw-walk (M calibrated),0.04,0.49769190391029094,64.0,6.0,100.0,0.621686895191379,0.2742155936925804,1.4190715748591127,0.40625,1.5999999999999999
0.9473684210526315,0.9486832980505138,0.95,1.0,0.021774722222222227,0.09191666666666667,BasicMotions,1,10,7.5,4,26,KNNOR-official-GPF (randmx=1),0.04,0.49769190391029094,64.0,6.0,100.0,0.7264365808645612,0.5109693219635627,0.2120982230318976,1.0,1.0
0.9473684210526315,0.9486832980505138,0.95,1.0,0.0174375,0.08574999999999999,BasicMotions,1,10,7.5,4,26,KNNOR-official-GPF (randmx=M*),0.04,0.49769190391029094,64.0,6.0,100.0,0.7332847556049089,0.36197730327237754,0.586885850559809,1.0,1.5999999999999999
1.0,1.0,1.0,1.0,0.019269166666666664,0.09025,BasicMotions,1,10,7.5,4,26,KNNOR-official-raw (randmx=1),0.04,0.49769190391029094,64.0,6.0,100.0,0.8593341476382721,0.49175271903037676,0.24739658562374114,1.0,1.0
0.9473684210526315,0.9486832980505138,0.95,1.0,0.015629722222222222,0.08258333333333333,BasicMotions,1,10,7.5,4,26,hybrid GPF-nbrs/raw-walk (M raw-calibrated),0.04,0.49769190391029094,64.0,6.0,100.0,0.6416284240286123,0.2972962646319103,0.9084716678399881,0.40625,1.4
0.3333333333333333,0.4472135954999579,0.6,0.9133333333333333,0.12384583333333335,0.18308333333333332,BasicMotions,1,20,7.5,4,26,none (raw-flat RF),0.04,0.49396976649242585,,,,,,,,
0.8888888888888888,0.8944271909999159,0.9,1.0,0.04519805555555555,0.13275,BasicMotions,1,20,7.5,4,26,none,0.04,0.49396976649242585,64.0,6.0,100.0,,,,,
0.9473684210526315,0.9486832980505138,0.95,1.0,0.022769444444444443,0.0955,BasicMotions,1,20,7.5,4,26,SMOTE-raw,0.04,0.49396976649242585,64.0,6.0,100.0,0.5687423006761281,0.3208139819866974,0.47699973546652397,,
0.9473684210526315,0.9486832980505138,0.95,1.0,0.026455555555555555,0.10116666666666667,BasicMotions,1,20,7.5,4,26,chain-mean-GPF (PSSTO-style),0.04,0.49396976649242585,64.0,6.0,100.0,0.6628020016663061,0.5232702195847501,0.20098054934235468,,
1.0,1.0,1.0,1.0,0.022888611111111113,0.09475,BasicMotions,1,20,7.5,4,26,KNNOR-GPF (M=1),0.04,0.49396976649242585,64.0,6.0,100.0,0.5128990385361696,0.36208622921196787,0.33264433041892727,1.0,1.0
1.0,1.0,1.0,1.0,0.015515555555555555,0.08383333333333334,BasicMotions,1,20,7.5,4,26,KNNOR-GPF (M calibrated),0.04,0.49396976649242585,64.0,6.0,100.0,0.3947748955224708,0.19088761679887267,0.9796378712683759,1.0,1.5999999999999999
1.0,1.0,1.0,1.0,0.01573583333333333,0.08491666666666668,BasicMotions,1,20,7.5,4,26,hybrid GPF-nbrs/raw-walk (M calibrated),0.04,0.49396976649242585,64.0,6.0,100.0,0.33767348582357015,0.13288016631924326,1.8820717372267612,0.40625,1.5999999999999999
0.9473684210526315,0.9486832980505138,0.95,1.0,0.02269527777777778,0.09241666666666667,BasicMotions,1,20,7.5,4,26,KNNOR-official-GPF (randmx=1),0.04,0.49396976649242585,64.0,6.0,100.0,0.5199273973619338,0.413419768606355,0.2591323477633015,1.0,1.0
1.0,1.0,1.0,1.0,0.016565555555555556,0.08516666666666664,BasicMotions,1,20,7.5,4,26,KNNOR-official-GPF (randmx=M*),0.04,0.49396976649242585,64.0,6.0,100.0,0.40848493029299315,0.2539628231645046,0.545643695172121,1.0,1.5999999999999999
0.9473684210526315,0.9486832980505138,0.95,1.0,0.023911111111111112,0.0945,BasicMotions,1,20,7.5,4,26,KNNOR-official-raw (randmx=1),0.04,0.49396976649242585,64.0,6.0,100.0,0.8197965085041241,0.45482984919660974,0.2905868823635521,1.0,1.0
0.9473684210526315,0.9486832980505138,0.95,1.0,0.02014138888888889,0.09058333333333335,BasicMotions,1,20,7.5,4,26,hybrid GPF-nbrs/raw-walk (M raw-calibrated),0.04,0.49396976649242585,64.0,6.0,100.0,0.36919704369918294,0.16237047073071065,1.2245781510146183,0.40625,1.4
0.46153846153846156,0.5477225575051661,0.65,0.865,0.13397555555555557,0.09216666666666665,BasicMotions,2,5,5.0,6,24,none (raw-flat RF),0.04,0.3851062527842415,,,,,,,,
1.0,1.0,1.0,1.0,0.018058611111111112,0.09141666666666667,BasicMotions,2,5,5.0,6,24,none,0.04,0.3851062527842415,64.0,6.0,100.0,,,,,
1.0,1.0,1.0,1.0,0.005874722222222223,0.05275000000000004,BasicMotions,2,5,5.0,6,24,SMOTE-raw,0.04,0.3851062527842415,64.0,6.0,100.0,0.3951224516152865,0.18259922546232654,0.47853075202223067,,
1.0,1.0,1.0,1.0,0.0065499999999999985,0.06049999999999997,BasicMotions,2,5,5.0,6,24,chain-mean-GPF (PSSTO-style),0.04,0.3851062527842415,64.0,6.0,100.0,0.33411849362863855,0.25193002134626097,0.27892000619122453,,
1.0,1.0,1.0,1.0,0.00524388888888889,0.051833333333333356,BasicMotions,2,5,5.0,6,24,KNNOR-GPF (M=1),0.04,0.3851062527842415,64.0,6.0,100.0,0.35248144051998564,0.21690441750714706,0.4214319150188263,0.6486486486486487,1.0
1.0,1.0,1.0,1.0,0.005262777777777778,0.05166666666666666,BasicMotions,2,5,5.0,6,24,KNNOR-GPF (M calibrated),0.04,0.3851062527842415,64.0,6.0,100.0,0.31974681849616005,0.17494268189243423,0.5673099435642305,0.5106382978723404,1.5999999999999999
1.0,1.0,1.0,1.0,0.0055697222222222224,0.05241666666666666,BasicMotions,2,5,5.0,6,24,hybrid GPF-nbrs/raw-walk (M calibrated),0.04,0.3851062527842415,64.0,6.0,100.0,0.7431072000403656,0.3251281035420175,1.4648340652465686,0.375,1.5999999999999999
1.0,1.0,1.0,1.0,0.0056011111111111105,0.05300000000000003,BasicMotions,2,5,5.0,6,24,KNNOR-official-GPF (randmx=1),0.04,0.3851062527842415,64.0,6.0,100.0,0.4628239936753953,0.2928286522715511,0.3102153599921598,0.96,1.0
1.0,1.0,1.0,1.0,0.006065833333333334,0.056083333333333325,BasicMotions,2,5,5.0,6,24,KNNOR-official-GPF (randmx=M*),0.04,0.3851062527842415,64.0,6.0,100.0,0.432494827510322,0.2998633057538366,0.31525973257799383,0.7741935483870968,1.5999999999999999
1.0,1.0,1.0,0.9999999999999999,0.009125277777777777,0.07041666666666666,BasicMotions,2,5,5.0,6,24,KNNOR-official-raw (randmx=1),0.04,0.3851062527842415,64.0,6.0,100.0,0.6092369211936588,0.3333291323536286,0.2702585533150941,0.3870967741935484,1.0
1.0,1.0,1.0,1.0,0.005270833333333334,0.052083333333333356,BasicMotions,2,5,5.0,6,24,hybrid GPF-nbrs/raw-walk (M raw-calibrated),0.04,0.3851062527842415,64.0,6.0,100.0,0.5305217968780334,0.2639282728764143,1.2364055854416558,0.375,1.4
0.18181818181818182,0.31622776601683794,0.55,0.8866666666666667,0.12891472222222222,0.13091666666666668,BasicMotions,2,10,7.5,4,26,none (raw-flat RF),0.04,0.4322115048258355,,,,,,,,
1.0,1.0,1.0,1.0,0.024751111111111106,0.09550000000000002,BasicMotions,2,10,7.5,4,26,none,0.04,0.4322115048258355,64.0,6.0,100.0,,,,,
1.0,1.0,1.0,1.0,0.008112222222222224,0.06266666666666666,BasicMotions,2,10,7.5,4,26,SMOTE-raw,0.04,0.4322115048258355,64.0,6.0,100.0,0.6884636636722188,0.36999282716968684,0.7941950870300281,,
1.0,1.0,1.0,1.0,0.01041361111111111,0.07158333333333332,BasicMotions,2,10,7.5,4,26,chain-mean-GPF (PSSTO-style),0.04,0.4322115048258355,64.0,6.0,100.0,0.5057504943605682,0.5071147557310867,0.21827467079440124,,
1.0,1.0,1.0,1.0,0.00879861111111111,0.06624999999999998,BasicMotions,2,10,7.5,4,26,KNNOR-GPF (M=1),0.04,0.4322115048258355,64.0,6.0,100.0,0.5379090541875793,0.5153473607279044,0.31129026668344323,1.0,1.0
1.0,1.0,1.0,0.9999999999999999,0.00754361111111111,0.06241666666666665,BasicMotions,2,10,7.5,4,26,KNNOR-GPF (M calibrated),0.04,0.4322115048258355,64.0,6.0,100.0,0.5529267427321141,0.4052357542718784,0.8866350051272409,1.0,1.5999999999999999
1.0,1.0,1.0,1.0,0.006841666666666668,0.05833333333333332,BasicMotions,2,10,7.5,4,26,hybrid GPF-nbrs/raw-walk (M calibrated),0.04,0.4322115048258355,64.0,6.0,100.0,0.4658898786560406,0.269326988448517,3.370055950062095,0.40625,1.5999999999999999
1.0,1.0,1.0,1.0,0.009565555555555555,0.06749999999999999,BasicMotions,2,10,7.5,4,26,KNNOR-official-GPF (randmx=1),0.04,0.4322115048258355,64.0,6.0,100.0,0.5685530842969495,0.625475309986035,0.16909430814321055,1.0,1.0
1.0,1.0,1.0,1.0,0.009871944444444447,0.06491666666666669,BasicMotions,2,10,7.5,4,26,KNNOR-official-GPF (randmx=M*),0.04,0.4322115048258355,64.0,6.0,100.0,0.5843631702403314,0.5427739719987441,0.39338724176633477,1.0,1.5999999999999999
1.0,1.0,1.0,1.0,0.011883055555555558,0.07975000000000002,BasicMotions,2,10,7.5,4,26,KNNOR-official-raw (randmx=1),0.04,0.4322115048258355,64.0,6.0,100.0,1.2054507875894984,0.6612499888015111,0.3867101614969802,0.7647058823529411,1.0
1.0,1.0,1.0,1.0,0.008539999999999999,0.06450000000000002,BasicMotions,2,10,7.5,4,26,hybrid GPF-nbrs/raw-walk (M raw-calibrated),0.04,0.4322115048258355,64.0,6.0,100.0,0.7346590809618381,0.4725820074403271,0.636183618940536,0.40625,1.0
0.18181818181818182,0.31622776601683794,0.55,0.85,0.14120249999999998,0.14241666666666666,BasicMotions,2,20,7.5,4,26,none (raw-flat RF),0.04,0.4214873204509917,,,,,,,,
1.0,1.0,1.0,1.0,0.03523833333333333,0.11966666666666666,BasicMotions,2,20,7.5,4,26,none,0.04,0.4214873204509917,64.0,6.0,100.0,,,,,
1.0,1.0,1.0,1.0,0.015238055555555557,0.08875000000000001,BasicMotions,2,20,7.5,4,26,SMOTE-raw,0.04,0.4214873204509917,64.0,6.0,100.0,0.527358229633337,0.24247671747805566,0.41503646780487574,,
1.0,1.0,1.0,1.0,0.017458333333333333,0.0925,BasicMotions,2,20,7.5,4,26,chain-mean-GPF (PSSTO-style),0.04,0.4214873204509917,64.0,6.0,100.0,0.39621601716964183,0.2823539712570944,0.24847915973219034,,
1.0,1.0,1.0,1.0,0.01899,0.09566666666666668,BasicMotions,2,20,7.5,4,26,KNNOR-GPF (M=1),0.04,0.4214873204509917,64.0,6.0,100.0,0.5112738157651526,0.39618254382902957,0.14327336950131261,0.8125,1.0
1.0,1.0,1.0,1.0,0.017390833333333335,0.09158333333333335,BasicMotions,2,20,7.5,4,26,KNNOR-GPF (M calibrated),0.04,0.4214873204509917,64.0,6.0,100.0,0.550592298049595,0.43302542003195715,0.14010822613592713,0.5909090909090909,1.4
1.0,1.0,1.0,1.0,0.014678611111111111,0.08458333333333334,BasicMotions,2,20,7.5,4,26,hybrid GPF-nbrs/raw-walk (M calibrated),0.04,0.4214873204509917,64.0,6.0,100.0,0.8391203204830393,0.43956660332056235,0.291620475113107,0.203125,1.4
1.0,1.0,1.0,1.0,0.021185833333333334,0.10041666666666668,BasicMotions,2,20,7.5,4,26,KNNOR-official-GPF (randmx=1),0.04,0.4214873204509917,64.0,6.0,100.0,0.5520707797657829,0.34247533904717686,0.2205567659242096,1.0,1.0
1.0,1.0,1.0,1.0,0.021616944444444446,0.09991666666666668,BasicMotions,2,20,7.5,4,26,KNNOR-official-GPF (randmx=M*),0.04,0.4214873204509917,64.0,6.0,100.0,0.8090193996209167,0.3634375513502993,0.3947118307765762,1.0,1.4
1.0,1.0,1.0,1.0,0.023824722222222223,0.10658333333333334,BasicMotions,2,20,7.5,4,26,KNNOR-official-raw (randmx=1),0.04,0.4214873204509917,64.0,6.0,100.0,1.131910869949053,0.5357360671740596,0.25806433795818073,1.0,1.0
1.0,1.0,1.0,1.0,0.014678611111111111,0.08458333333333334,BasicMotions,2,20,7.5,4,26,hybrid GPF-nbrs/raw-walk (M raw-calibrated),0.04,0.4214873204509917,64.0,6.0,100.0,0.8391203204830393,0.43956660332056235,0.291620475113107,0.203125,1.4
0.3333333333333333,0.4472135954999579,0.6,0.9433333333333332,0.12617944444444446,0.1435,BasicMotions,3,5,5.0,6,24,none (raw-flat RF),0.04,0.2563223379240437,,,,,,,,
1.0,1.0,1.0,1.0,0.015188888888888887,0.08166666666666667,BasicMotions,3,5,5.0,6,24,none,0.04,0.2563223379240437,64.0,6.0,100.0,,,,,
1.0,1.0,1.0,1.0,0.004473055555555555,0.043083333333333355,BasicMotions,3,5,5.0,6,24,SMOTE-raw,0.04,0.2563223379240437,64.0,6.0,100.0,0.43442358248341273,0.2297828848515484,0.6685174119684291,,
1.0,1.0,1.0,1.0,0.004923333333333334,0.04850000000000001,BasicMotions,3,5,5.0,6,24,chain-mean-GPF (PSSTO-style),0.04,0.2563223379240437,64.0,6.0,100.0,0.28380634199028376,0.27394293209224896,0.38348705771145014,,
1.0,1.0,1.0,1.0,0.004971388888888889,0.04875,BasicMotions,3,5,5.0,6,24,KNNOR-GPF (M=1),0.04,0.2563223379240437,64.0,6.0,100.0,0.33301918611847536,0.3161275395945453,0.33885898823307936,1.0,1.0
1.0,1.0,1.0,1.0,0.005150555555555556,0.04983333333333333,BasicMotions,3,5,5.0,6,24,KNNOR-GPF (M calibrated),0.04,0.2563223379240437,64.0,6.0,100.0,0.33375931075237786,0.25704531962456645,0.6787568334761098,0.8,1.5999999999999999
1.0,1.0,1.0,1.0,0.005932222222222222,0.05283333333333336,BasicMotions,3,5,5.0,6,24,hybrid GPF-nbrs/raw-walk (M calibrated),0.04,0.2563223379240437,64.0,6.0,100.0,0.332810868316178,0.1748014231363092,2.969820252081899,0.375,1.5999999999999999
1.0,1.0,1.0,1.0,0.004704166666666666,0.04658333333333333,BasicMotions,3,5,5.0,6,24,KNNOR-official-GPF (randmx=1),0.04,0.2563223379240437,64.0,6.0,100.0,0.30620344168516944,0.3431268792044362,0.2696343216137384,1.0,1.0
1.0,1.0,1.0,1.0,0.005247777777777778,0.04966666666666667,BasicMotions,3,5,5.0,6,24,KNNOR-official-GPF (randmx=M*),0.04,0.2563223379240437,64.0,6.0,100.0,0.28284665111222995,0.2544940516372639,0.5487340528178539,0.9230769230769231,1.5999999999999999
1.0,1.0,1.0,1.0,0.004240833333333334,0.04758333333333333,BasicMotions,3,5,5.0,6,24,KNNOR-official-raw (randmx=1),0.04,0.2563223379240437,64.0,6.0,100.0,0.2958242699208643,0.18838585858979018,0.7981806471596771,0.5454545454545454,1.0
1.0,1.0,1.0,1.0,0.004309722222222223,0.044083333333333335,BasicMotions,3,5,5.0,6,24,hybrid GPF-nbrs/raw-walk (M raw-calibrated),0.04,0.2563223379240437,64.0,6.0,100.0,0.24170060675887972,0.15146710328386703,1.1906099776752295,0.375,1.2
0.18181818181818182,0.31622776601683794,0.55,0.8233333333333333,0.15198777777777778,0.08666666666666666,BasicMotions,3,10,7.5,4,26,none (raw-flat RF),0.04,0.43514155635299834,,,,,,,,
1.0,1.0,1.0,1.0,0.029959444444444445,0.116,BasicMotions,3,10,7.5,4,26,none,0.04,0.43514155635299834,64.0,6.0,100.0,,,,,
1.0,1.0,1.0,1.0,0.006325,0.05733333333333336,BasicMotions,3,10,7.5,4,26,SMOTE-raw,0.04,0.43514155635299834,64.0,6.0,100.0,0.4137819263034961,0.1921176673939834,0.5243676807473199,,
1.0,1.0,1.0,1.0,0.010244166666666665,0.07608333333333332,BasicMotions,3,10,7.5,4,26,chain-mean-GPF (PSSTO-style),0.04,0.43514155635299834,64.0,6.0,100.0,0.42561513626450975,0.3207589482277844,0.18775592227431165,,
1.0,1.0,1.0,1.0,0.008016388888888889,0.05858333333333334,BasicMotions,3,10,7.5,4,26,KNNOR-GPF (M=1),0.04,0.43514155635299834,64.0,6.0,100.0,0.4839794623807123,0.348123819486329,0.27764497170434327,1.0,1.0
1.0,1.0,1.0,1.0,0.006814444444444445,0.05816666666666666,BasicMotions,3,10,7.5,4,26,KNNOR-GPF (M calibrated),0.04,0.43514155635299834,64.0,6.0,100.0,0.730568166494616,0.37769381146498415,0.6570404847784821,1.0,1.5999999999999999
1.0,1.0,1.0,1.0,0.006533888888888889,0.059000000000000004,BasicMotions,3,10,7.5,4,26,hybrid GPF-nbrs/raw-walk (M calibrated),0.04,0.43514155635299834,64.0,6.0,100.0,0.8678757979037333,0.34825811639725157,1.4464204766304507,0.40625,1.5999999999999999
1.0,1.0,1.0,1.0,0.00916888888888889,0.065,BasicMotions,3,10,7.5,4,26,KNNOR-official-GPF (randmx=1),0.04,0.43514155635299834,64.0,6.0,100.0,0.422858640382086,0.33016208837488825,0.240831774496333,1.0,1.0
1.0,1.0,1.0,1.0,0.009749999999999998,0.06766666666666668,BasicMotions,3,10,7.5,4,26,KNNOR-official-GPF (randmx=M*),0.04,0.43514155635299834,64.0,6.0,100.0,0.7009126758954982,0.3629345941132548,0.4438917211781402,1.0,1.5999999999999999
1.0,1.0,1.0,1.0,0.008261388888888891,0.06491666666666668,BasicMotions,3,10,7.5,4,26,KNNOR-official-raw (randmx=1),0.04,0.43514155635299834,64.0,6.0,100.0,0.6294281545435894,0.2955469906937418,0.39664288672400505,0.5909090909090909,1.0
1.0,1.0,1.0,1.0,0.005858055555555556,0.054083333333333344,BasicMotions,3,10,7.5,4,26,hybrid GPF-nbrs/raw-walk (M raw-calibrated),0.04,0.43514155635299834,64.0,6.0,100.0,0.5901207604126233,0.27876134116454154,0.9991165574153072,0.40625,1.4
0.0,0.0,0.5,0.8850000000000001,0.14830166666666664,0.11766666666666666,BasicMotions,3,20,7.5,4,26,none (raw-flat RF),0.04,0.36041469697324646,,,,,,,,
0.9473684210526315,0.9486832980505138,0.95,1.0,0.03785861111111112,0.12108333333333333,BasicMotions,3,20,7.5,4,26,none,0.04,0.36041469697324646,64.0,6.0,100.0,,,,,
1.0,1.0,1.0,1.0,0.011534722222222222,0.07991666666666665,BasicMotions,3,20,7.5,4,26,SMOTE-raw,0.04,0.36041469697324646,64.0,6.0,100.0,0.4387117329073489,0.2309721212332474,0.4015580613566441,,
1.0,1.0,1.0,1.0,0.01180888888888889,0.07800000000000001,BasicMotions,3,20,7.5,4,26,chain-mean-GPF (PSSTO-style),0.04,0.36041469697324646,64.0,6.0,100.0,0.3275970320636634,0.26785718449719775,0.2619820238691326,,
1.0,1.0,1.0,1.0,0.009951388888888888,0.06741666666666668,BasicMotions,3,20,7.5,4,26,KNNOR-GPF (M=1),0.04,0.36041469697324646,64.0,6.0,100.0,0.3680538061981582,0.2673594075996236,0.3522745028472768,1.0,1.0
1.0,1.0,1.0,1.0,0.008801944444444444,0.06425000000000002,BasicMotions,3,20,7.5,4,26,KNNOR-GPF (M calibrated),0.04,0.36041469697324646,64.0,6.0,100.0,0.5573048797842075,0.2844218603393637,0.825357231709012,1.0,1.5999999999999999
1.0,1.0,1.0,1.0,0.005058611111111111,0.05158333333333332,BasicMotions,3,20,7.5,4,26,hybrid GPF-nbrs/raw-walk (M calibrated),0.04,0.36041469697324646,64.0,6.0,100.0,0.6088615191310192,0.24860570013893746,1.579510734115133,0.40625,1.5999999999999999
1.0,1.0,1.0,1.0,0.010800555555555556,0.06949999999999999,BasicMotions,3,20,7.5,4,26,KNNOR-official-GPF (randmx=1),0.04,0.36041469697324646,64.0,6.0,100.0,0.4689261261338513,0.3702852263138351,0.24492035455007258,1.0,1.0
1.0,1.0,1.0,1.0,0.013687222222222222,0.07766666666666668,BasicMotions,3,20,7.5,4,26,KNNOR-official-GPF (randmx=M*),0.04,0.36041469697324646,64.0,6.0,100.0,0.7979004017736073,0.40870232468474565,0.4438220982402726,1.0,1.5999999999999999
1.0,1.0,1.0,1.0,0.009699166666666667,0.07241666666666667,BasicMotions,3,20,7.5,4,26,KNNOR-official-raw (randmx=1),0.04,0.36041469697324646,64.0,6.0,100.0,0.4521415219628311,0.23426205712591264,0.464821299991141,0.5416666666666666,1.0
1.0,1.0,1.0,1.0,0.005720277777777777,0.05391666666666666,BasicMotions,3,20,7.5,4,26,hybrid GPF-nbrs/raw-walk (M raw-calibrated),0.04,0.36041469697324646,64.0,6.0,100.0,0.41765927916179524,0.20193434492373696,1.118748039193082,0.40625,1.4
0.46153846153846156,0.5477225575051661,0.65,0.9216666666666667,0.116215,0.13116666666666665,BasicMotions,4,5,5.0,6,24,none (raw-flat RF),0.04,0.269828323682205,,,,,,,,
1.0,1.0,1.0,1.0,0.021232777777777778,0.097,BasicMotions,4,5,5.0,6,24,none,0.04,0.269828323682205,64.0,6.0,100.0,,,,,
1.0,1.0,1.0,1.0,0.008767777777777779,0.06666666666666667,BasicMotions,4,5,5.0,6,24,SMOTE-raw,0.04,0.269828323682205,64.0,6.0,100.0,0.3241277451929525,0.13584524038453583,0.6134106518323977,,
1.0,1.0,1.0,1.0,0.012145,0.08049999999999999,BasicMotions,4,5,5.0,6,24,chain-mean-GPF (PSSTO-style),0.04,0.269828323682205,64.0,6.0,100.0,0.36096324601420093,0.36716375913064553,0.1702986509178078,,
1.0,1.0,1.0,1.0,0.010584166666666667,0.06791666666666667,BasicMotions,4,5,5.0,6,24,KNNOR-GPF (M=1),0.04,0.269828323682205,64.0,6.0,100.0,0.48323422147676065,0.26635676401296104,0.4628061057043708,1.0,1.0
1.0,1.0,1.0,1.0,0.01041777777777778,0.06733333333333333,BasicMotions,4,5,5.0,6,24,KNNOR-GPF (M calibrated),0.04,0.269828323682205,64.0,6.0,100.0,0.5484018601914353,0.2850726514686712,0.5137459701006916,1.0,1.2
1.0,1.0,1.0,1.0,0.006558611111111112,0.05375000000000003,BasicMotions,4,5,5.0,6,24,hybrid GPF-nbrs/raw-walk (M calibrated),0.04,0.269828323682205,64.0,6.0,100.0,0.5173710381788179,0.2094211531700888,1.6567206258014096,0.375,1.2
1.0,1.0,1.0,1.0,0.009834166666666666,0.06491666666666668,BasicMotions,4,5,5.0,6,24,KNNOR-official-GPF (randmx=1),0.04,0.269828323682205,64.0,6.0,100.0,0.9340908177647509,0.43617512058631513,0.37467987212970333,1.0,1.0
1.0,1.0,1.0,1.0,0.010679166666666668,0.06858333333333334,BasicMotions,4,5,5.0,6,24,KNNOR-official-GPF (randmx=M*),0.04,0.269828323682205,64.0,6.0,100.0,0.9625487192472764,0.4205401542961722,0.421572997251755,0.8571428571428571,1.2
1.0,1.0,1.0,1.0,0.013189722222222222,0.08025000000000002,BasicMotions,4,5,5.0,6,24,KNNOR-official-raw (randmx=1),0.04,0.269828323682205,64.0,6.0,100.0,0.4991738401379404,0.25671422919800113,0.2362056407796558,0.5,1.0
1.0,1.0,1.0,1.0,0.006558611111111112,0.05375000000000003,BasicMotions,4,5,5.0,6,24,hybrid GPF-nbrs/raw-walk (M raw-calibrated),0.04,0.269828323682205,64.0,6.0,100.0,0.5173710381788179,0.2094211531700888,1.6567206258014096,0.375,1.2
0.18181818181818182,0.31622776601683794,0.55,0.8900000000000001,0.13229694444444445,0.12808333333333333,BasicMotions,4,10,7.5,4,26,none (raw-flat RF),0.04,0.5282136497425673,,,,,,,,
0.8235294117647058,0.8366600265340756,0.85,1.0,0.043810555555555554,0.12783333333333333,BasicMotions,4,10,7.5,4,26,none,0.04,0.5282136497425673,64.0,6.0,100.0,,,,,
0.9473684210526315,0.9486832980505138,0.95,1.0,0.02143388888888889,0.09250000000000001,BasicMotions,4,10,7.5,4,26,SMOTE-raw,0.04,0.5282136497425673,64.0,6.0,100.0,0.6167564779408625,0.3060047284213852,0.46178668032662606,,
0.9473684210526315,0.9486832980505138,0.95,1.0,0.02645,0.10450000000000001,BasicMotions,4,10,7.5,4,26,chain-mean-GPF (PSSTO-style),0.04,0.5282136497425673,64.0,6.0,100.0,0.6662070532999125,0.5151457813690095,0.177909792436582,,
0.9473684210526315,0.9486832980505138,0.95,1.0,0.02443638888888889,0.10041666666666667,BasicMotions,4,10,7.5,4,26,KNNOR-GPF (M=1),0.04,0.5282136497425673,64.0,6.0,100.0,0.5798879652072086,0.36846601978787935,0.34206563392412515,1.0,1.0
0.9473684210526315,0.9486832980505138,0.95,1.0,0.018720555555555556,0.09133333333333335,BasicMotions,4,10,7.5,4,26,KNNOR-GPF (M calibrated),0.04,0.5282136497425673,64.0,6.0,100.0,0.5382736998568878,0.23937880699335645,1.1255125068179193,0.9629629629629629,1.5999999999999999
1.0,1.0,1.0,1.0,0.014902500000000003,0.08108333333333333,BasicMotions,4,10,7.5,4,26,hybrid GPF-nbrs/raw-walk (M calibrated),0.04,0.5282136497425673,64.0,6.0,100.0,0.4099006488243835,0.16944591744770365,1.6152006044917313,0.40625,1.5999999999999999
0.9473684210526315,0.9486832980505138,0.95,1.0,0.026036666666666663,0.10266666666666667,BasicMotions,4,10,7.5,4,26,KNNOR-official-GPF (randmx=1),0.04,0.5282136497425673,64.0,6.0,100.0,0.6138814575183842,0.4288437808256917,0.2778442084582332,1.0,1.0
0.9473684210526315,0.9486832980505138,0.95,1.0,0.020341666666666664,0.09633333333333333,BasicMotions,4,10,7.5,4,26,KNNOR-official-GPF (randmx=M*),0.04,0.5282136497425673,64.0,6.0,100.0,0.4888522600962957,0.23666285361283235,1.1173893822258194,1.0,1.5999999999999999
0.9473684210526315,0.9486832980505138,0.95,1.0,0.0215075,0.09141666666666665,BasicMotions,4,10,7.5,4,26,KNNOR-official-raw (randmx=1),0.04,0.5282136497425673,64.0,6.0,100.0,0.8268651656299468,0.47880162529779907,0.2675085603650476,1.0,1.0
0.9473684210526315,0.9486832980505138,0.95,1.0,0.0164875,0.08658333333333335,BasicMotions,4,10,7.5,4,26,hybrid GPF-nbrs/raw-walk (M raw-calibrated),0.04,0.5282136497425673,64.0,6.0,100.0,0.46290307756621685,0.20848234642634988,1.031805097142079,0.40625,1.4
0.0,0.0,0.5,0.8016666666666666,0.15225527777777778,0.12891666666666668,BasicMotions,4,20,7.5,4,26,none (raw-flat RF),0.04,0.31878671941335224,,,,,,,,
0.75,0.7745966692414834,0.8,1.0,0.05930972222222223,0.14841666666666667,BasicMotions,4,20,7.5,4,26,none,0.04,0.31878671941335224,64.0,6.0,100.0,,,,,
1.0,1.0,1.0,1.0,0.021381388888888887,0.10308333333333332,BasicMotions,4,20,7.5,4,26,SMOTE-raw,0.04,0.31878671941335224,64.0,6.0,100.0,0.45753308086501643,0.23930935518212448,0.6001428343241064,,
1.0,1.0,1.0,1.0,0.025055833333333333,0.10658333333333334,BasicMotions,4,20,7.5,4,26,chain-mean-GPF (PSSTO-style),0.04,0.31878671941335224,64.0,6.0,100.0,0.36597355768061646,0.3919907952948503,0.17264089535191945,,
1.0,1.0,1.0,1.0,0.01908638888888889,0.08941666666666667,BasicMotions,4,20,7.5,4,26,KNNOR-GPF (M=1),0.04,0.31878671941335224,64.0,6.0,100.0,0.3998506015538903,0.36223237254158436,0.2809106686620934,1.0,1.0
1.0,1.0,1.0,1.0,0.0150275,0.08175,BasicMotions,4,20,7.5,4,26,KNNOR-GPF (M calibrated),0.04,0.31878671941335224,64.0,6.0,100.0,0.47345345386133064,0.3148663058578871,0.7919330001705023,0.9629629629629629,1.5999999999999999
1.0,1.0,1.0,1.0,0.00969888888888889,0.06983333333333333,BasicMotions,4,20,7.5,4,26,hybrid GPF-nbrs/raw-walk (M calibrated),0.04,0.31878671941335224,64.0,6.0,100.0,0.6796328461608279,0.25493945595907685,2.533163141275103,0.40625,1.5999999999999999
1.0,1.0,1.0,0.9999999999999999,0.020758333333333333,0.09416666666666669,BasicMotions,4,20,7.5,4,26,KNNOR-official-GPF (randmx=1),0.04,0.31878671941335224,64.0,6.0,100.0,0.5027356505472942,0.5188117042039442,0.15683192808399193,1.0,1.0
1.0,1.0,1.0,1.0,0.01763361111111111,0.08675000000000001,BasicMotions,4,20,7.5,4,26,KNNOR-official-GPF (randmx=M*),0.04,0.31878671941335224,64.0,6.0,100.0,0.7064705670202378,0.4055352898998149,0.5524909658042579,1.0,1.5999999999999999
1.0,1.0,1.0,1.0,0.019200555555555558,0.093,BasicMotions,4,20,7.5,4,26,KNNOR-official-raw (randmx=1),0.04,0.31878671941335224,64.0,6.0,100.0,0.3744922247335618,0.18500728577125547,0.6689565337865282,0.5416666666666666,1.0
1.0,1.0,1.0,1.0,0.011848055555555556,0.07208333333333336,BasicMotions,4,20,7.5,4,26,hybrid GPF-nbrs/raw-walk (M raw-calibrated),0.04,0.31878671941335224,64.0,6.0,100.0,0.37196611727967777,0.22826206747429267,0.8313940370653965,0.40625,1.2
0.2,0.3333333333333333,0.5555555555555556,0.9915555555555556,0.07769995884773664,0.15228395061728395,ERing,0,5,5.0,5,20,none (raw-flat RF),0.675,3.3914602318670504,,,,,,,,
0.2692307692307692,0.39440531887330776,0.5777777777777777,0.993283950617284,0.0702135390946502,0.15932098765432098,ERing,0,5,5.0,5,20,none,0.675,3.3914602318670504,64.0,4.0,65.0,,,,,
0.8051948051948052,0.8281468230294837,0.8422222222222222,0.9896790123456789,0.05604909465020575,0.12662962962962965,ERing,0,5,5.0,5,20,SMOTE-raw,0.675,3.3914602318670504,64.0,4.0,65.0,3.7895925770385794,0.2147260177023108,0.5044087137070903,,
0.7567567567567568,0.7870557731974633,0.8088888888888889,0.9896296296296296,0.06011024691358026,0.1359382716049383,ERing,0,5,5.0,5,20,chain-mean-GPF (PSSTO-style),0.675,3.3914602318670504,64.0,4.0,65.0,5.091398718261306,0.28657516607939315,0.27212897737134956,,
0.7567567567567568,0.7870557731974633,0.8088888888888889,0.989432098765432,0.06060123456790123,0.13306172839506175,ERing,0,5,5.0,5,20,KNNOR-GPF (M=1),0.675,3.3914602318670504,64.0,4.0,65.0,5.2367503023579545,0.3030072825577216,0.28485460263923645,1.0,1.0
0.8311688311688312,0.8432740427115678,0.8555555555555556,0.991753086419753,0.05809551440329218,0.13502469135802467,ERing,0,5,5.0,5,20,KNNOR-GPF (M calibrated),0.675,3.3914602318670504,64.0,4.0,65.0,4.338765422179023,0.23200955242650412,0.5525809974121355,1.0,1.5999999999999999
0.8395061728395061,0.8653551329788478,0.8733333333333333,0.9892345679012345,0.05763559670781893,0.14235802469135805,ERing,0,5,5.0,5,20,hybrid GPF-nbrs/raw-walk (M calibrated),0.675,3.3914602318670504,64.0,4.0,65.0,5.180615513035619,0.19198625041376505,1.796396518511507,0.3125,1.5999999999999999
0.75,0.7745966692414834,0.8,0.989679012345679,0.057411522633744855,0.12844444444444444,ERing,0,5,5.0,5,20,KNNOR-official-GPF (randmx=1),0.675,3.3914602318670504,64.0,4.0,65.0,4.738003675869287,0.2730559271873869,0.36105895662472337,0.9090909090909091,1.0
0.8157894736842105,0.8299933065325822,0.8444444444444444,0.9911604938271603,0.0580511111111111,0.14037037037037037,ERing,0,5,5.0,5,20,KNNOR-official-GPF (randmx=M*),0.675,3.3914602318670504,64.0,4.0,65.0,4.112429316743828,0.20717196531624005,0.7218276431604574,0.8,1.5999999999999999
0.8461538461538461,0.8563488385776752,0.8666666666666667,0.9959506172839506,0.052794032921810695,0.1494197530864197,ERing,0,5,5.0,5,20,KNNOR-official-raw (randmx=1),0.675,3.3914602318670504,64.0,4.0,65.0,4.774240180906784,0.2864889065114328,0.21832936886789778,0.8333333333333334,1.0
0.8354430379746836,0.854443722005185,0.8644444444444443,0.9900246913580247,0.05695555555555556,0.13920987654320985,ERing,0,5,5.0,5,20,hybrid GPF-nbrs/raw-walk (M raw-calibrated),0.675,3.3914602318670504,64.0,4.0,65.0,4.289199454209104,0.19015881837707316,1.0551395655641886,0.3125,1.4
0.125,0.2581988897471611,0.5333333333333333,0.9605925925925926,0.08918168724279836,0.11855555555555554,ERing,0,10,6.2,4,21,none (raw-flat RF),0.675,3.6893848424640954,,,,,,,,
0.16326530612244897,0.29814239699997197,0.5444444444444444,0.975604938271605,0.0801776131687243,0.11735802469135803,ERing,0,10,6.2,4,21,none,0.675,3.6893848424640954,64.0,4.0,65.0,,,,,
0.6956521739130435,0.7302967433402214,0.7666666666666666,0.9938765432098765,0.05687633744855967,0.12537037037037038,ERing,0,10,6.2,4,21,SMOTE-raw,0.675,3.6893848424640954,64.0,4.0,65.0,3.1280030092360516,0.1947630885937992,0.39416652633544136,,
0.6153846153846154,0.6666666666666666,0.7222222222222222,0.9934320987654321,0.05887238683127572,0.1365061728395062,ERing,0,10,6.2,4,21,chain-mean-GPF (PSSTO-style),0.675,3.6893848424640954,64.0,4.0,65.0,4.594048332168436,0.2907993244889844,0.22680238675525782,,
0.59375,0.6497862896539309,0.7111111111111111,0.9875061728395061,0.06312037037037037,0.13287654320987655,ERing,0,10,6.2,4,21,KNNOR-GPF (M=1),0.675,3.6893848424640954,64.0,4.0,65.0,4.834529809761223,0.30447135651150337,0.24773119323126463,0.9545454545454546,1.0
0.6363636363636364,0.6831300510639732,0.7333333333333334,0.9870123456790124,0.06161238683127571,0.13314814814814815,ERing,0,10,6.2,4,21,KNNOR-GPF (M calibrated),0.675,3.6893848424640954,64.0,4.0,65.0,4.751212489099094,0.2633969536118821,0.48440913522906326,0.9130434782608695,1.5999999999999999
0.6857142857142857,0.7286720544682381,0.7644444444444445,0.981432098765432,0.06135312757201646,0.11566666666666665,ERing,0,10,6.2,4,21,hybrid GPF-nbrs/raw-walk (M calibrated),0.675,3.6893848424640954,64.0,4.0,65.0,5.1956449066380745,0.17435254817272394,1.528099896792516,0.328125,1.5999999999999999
0.59375,0.6497862896539309,0.7111111111111111,0.992641975308642,0.06168950617283951,0.13139506172839507,ERing,0,10,6.2,4,21,KNNOR-official-GPF (randmx=1),0.675,3.6893848424640954,64.0,4.0,65.0,5.516754522785826,0.31478108275906447,0.3547552414389589,1.0,1.0
0.6764705882352942,0.7149203529842405,0.7555555555555555,0.9884938271604938,0.06175551440329218,0.11813580246913581,ERing,0,10,6.2,4,21,KNNOR-official-GPF (randmx=M*),0.675,3.6893848424640954,64.0,4.0,65.0,4.825291844161908,0.23981483991433694,1.0214242735695684,1.0,1.5999999999999999
0.6764705882352942,0.7149203529842405,0.7555555555555555,0.9916049382716049,0.06089691358024691,0.13904938271604939,ERing,0,10,6.2,4,21,KNNOR-official-raw (randmx=1),0.675,3.6893848424640954,64.0,4.0,65.0,4.670700311462573,0.26786920379856316,0.342835864506983,1.0,1.0
0.6268656716417911,0.6816102937842067,0.731111111111111,0.9782716049382716,0.06423164609053497,0.11462962962962962,ERing,0,10,6.2,4,21,hybrid GPF-nbrs/raw-walk (M raw-calibrated),0.675,3.6893848424640954,64.0,4.0,65.0,4.3453741024319985,0.19295408752468302,0.8855708520498483,0.328125,1.4
0.0851063829787234,0.21081851067789195,0.5222222222222223,0.9684938271604939,0.08914646090534978,0.10339506172839508,ERing,0,20,6.2,4,21,none (raw-flat RF),0.675,4.8600247848839615,,,,,,,,
0.043478260869565216,0.14907119849998599,0.5111111111111111,0.9655308641975308,0.08941061728395062,0.10898765432098763,ERing,0,20,6.2,4,21,none,0.675,4.8600247848839615,64.0,4.0,65.0,,,,,
0.6363636363636364,0.6831300510639732,0.7333333333333334,0.9952098765432098,0.059948312757201645,0.14933333333333335,ERing,0,20,6.2,4,21,SMOTE-raw,0.675,4.8600247848839615,64.0,4.0,65.0,4.313705349273054,0.2294367149945753,0.4506056959148746,,
0.5483870967741935,0.6146362971528592,0.6888888888888889,0.989037037037037,0.06813390946502057,0.15041975308641972,ERing,0,20,6.2,4,21,chain-mean-GPF (PSSTO-style),0.675,4.8600247848839615,64.0,4.0,65.0,6.088978894406271,0.3341310179327207,0.24851892488604474,,
0.5245901639344263,0.5962847939999439,0.6777777777777778,0.9881481481481481,0.06848427983539095,0.13481481481481483,ERing,0,20,6.2,4,21,KNNOR-GPF (M=1),0.675,4.8600247848839615,64.0,4.0,65.0,6.339581127252728,0.3478719370276495,0.24266877195342682,0.9545454545454546,1.0
0.59375,0.6497862896539309,0.7111111111111111,0.9819259259259259,0.06755905349794239,0.11951851851851851,ERing,0,20,6.2,4,21,KNNOR-GPF (M calibrated),0.675,4.8600247848839615,64.0,4.0,65.0,6.167711478968826,0.2967238824591667,0.5748940091304071,0.875,1.7999999999999998
0.6666666666666666,0.7133298719196046,0.7533333333333333,0.9851851851851852,0.060440411522633755,0.12632098765432098,ERing,0,20,6.2,4,21,hybrid GPF-nbrs/raw-walk (M calibrated),0.675,4.8600247848839615,64.0,4.0,65.0,7.862820261335408,0.2011438543331765,3.4877255401218803,0.328125,1.7999999999999998
0.5714285714285714,0.6324555320336759,0.7,0.9920987654320989,0.06816617283950618,0.1489135802469136,ERing,0,20,6.2,4,21,KNNOR-official-GPF (randmx=1),0.675,4.8600247848839615,64.0,4.0,65.0,6.822505874244246,0.34976949385014433,0.3252900283775871,1.0,1.0
0.5245901639344263,0.5962847939999439,0.6777777777777778,0.9822716049382715,0.0677704938271605,0.12801234567901237,ERing,0,20,6.2,4,21,KNNOR-official-GPF (randmx=M*),0.675,4.8600247848839615,64.0,4.0,65.0,8.292961887827992,0.3272378098043105,1.0124733536961827,1.0,1.7999999999999998
0.6567164179104478,0.699205898780101,0.7444444444444445,0.9910123456790123,0.06434119341563786,0.14020987654320988,ERing,0,20,6.2,4,21,KNNOR-official-raw (randmx=1),0.675,4.8600247848839615,64.0,4.0,65.0,5.951949243693345,0.3148696595118785,0.31376299315012435,1.0,1.0
0.6567164179104478,0.699205898780101,0.7444444444444445,0.9847901234567902,0.06361559670781894,0.14114814814814813,ERing,0,20,6.2,4,21,hybrid GPF-nbrs/raw-walk (M raw-calibrated),0.675,4.8600247848839615,64.0,4.0,65.0,6.689795542366813,0.2651459329019148,1.1511988143239955,0.328125,1.4
0.2692307692307692,0.39440531887330776,0.5777777777777777,0.9850370370370369,0.07673930041152265,0.1278395061728395,ERing,1,5,5.0,5,20,none (raw-flat RF),0.675,3.3914602318670433,,,,,,,,
0.42105263157894735,0.5163977794943222,0.6333333333333333,0.9885432098765432,0.07185292181069959,0.14664197530864195,ERing,1,5,5.0,5,20,none,0.675,3.3914602318670433,64.0,4.0,65.0,,,,,
0.9024390243902439,0.9067647005823629,0.9111111111111111,0.9959506172839506,0.048990740740740744,0.14398765432098767,ERing,1,5,5.0,5,20,SMOTE-raw,0.675,3.3914602318670433,64.0,4.0,65.0,2.994356804947575,0.18263776470644033,0.47079496026060536,,
0.6764705882352942,0.7149203529842405,0.7555555555555555,0.9920987654320987,0.06009567901234568,0.14151851851851852,ERing,1,5,5.0,5,20,chain-mean-GPF (PSSTO-style),0.675,3.3914602318670433,64.0,4.0,65.0,4.87663785789686,0.28828977577427106,0.25457333927958004,,
0.6956521739130435,0.7302967433402214,0.7666666666666666,0.9904691358024692,0.06052983539094649,0.14593827160493827,ERing,1,5,5.0,5,20,KNNOR-GPF (M=1),0.675,3.3914602318670433,64.0,4.0,65.0,5.420018935996609,0.3225493676621637,0.2460522104782045,1.0,1.0
0.6956521739130435,0.7302967433402214,0.7666666666666666,0.9901728395061729,0.061040493827160494,0.1322222222222222,ERing,1,5,5.0,5,20,KNNOR-GPF (M calibrated),0.675,3.3914602318670433,64.0,4.0,65.0,4.771053792860826,0.25562712501645946,0.5304307902537719,1.0,1.5999999999999999
0.875,0.8819171036881969,0.8888888888888888,0.989037037037037,0.05683888888888888,0.14260493827160492,ERing,1,5,5.0,5,20,hybrid GPF-nbrs/raw-walk (M calibrated),0.675,3.3914602318670433,64.0,4.0,65.0,5.333330082069249,0.20233559393920053,1.4829680039220459,0.3125,1.5999999999999999
0.7323943661971831,0.7601169500660919,0.7888888888888889,0.9901234567901235,0.06010855967078189,0.13506172839506173,ERing,1,5,5.0,5,20,KNNOR-official-GPF (randmx=1),0.675,3.3914602318670433,64.0,4.0,65.0,5.258581653328491,0.3049745759279232,0.2582808433184083,1.0,1.0
0.8,0.816496580927726,0.8333333333333333,0.9867654320987653,0.06018732510288066,0.13019753086419752,ERing,1,5,5.0,5,20,KNNOR-official-GPF (randmx=M*),0.675,3.3914602318670433,64.0,4.0,65.0,4.4549060729309105,0.22174152337926667,0.7634144123475126,1.0,1.5999999999999999
0.75,0.7745966692414834,0.8,0.9894814814814814,0.05993127572016461,0.13024691358024693,ERing,1,5,5.0,5,20,KNNOR-official-raw (randmx=1),0.675,3.3914602318670433,64.0,4.0,65.0,5.510979659765987,0.31728284981445454,0.12127489171114093,0.8695652173913043,1.0
0.875,0.8819171036881969,0.8888888888888888,0.9932345679012345,0.05272,0.13637037037037036,ERing,1,5,5.0,5,20,hybrid GPF-nbrs/raw-walk (M raw-calibrated),0.675,3.3914602318670433,64.0,4.0,65.0,4.337258547274537,0.20445199194519525,0.8607576781683658,0.3125,1.4
0.16326530612244897,0.29814239699997197,0.5444444444444444,0.9686419753086419,0.08657378600823044,0.10830864197530865,ERing,1,10,6.2,4,21,none (raw-flat RF),0.675,3.689384842464106,,,,,,,,
0.3018867924528302,0.4216370213557839,0.5888888888888889,0.9816296296296296,0.0757166255144033,0.11893827160493826,ERing,1,10,6.2,4,21,none,0.675,3.689384842464106,64.0,4.0,65.0,,,,,
0.7142857142857143,0.7453559924999299,0.7777777777777778,0.9935308641975309,0.05641588477366255,0.13153086419753082,ERing,1,10,6.2,4,21,SMOTE-raw,0.675,3.689384842464106,64.0,4.0,65.0,3.572667500792603,0.22365259649998304,0.3681470718204946,,
0.6764705882352942,0.7149203529842405,0.7555555555555555,0.9914074074074074,0.06196851851851852,0.1299135802469136,ERing,1,10,6.2,4,21,chain-mean-GPF (PSSTO-style),0.675,3.689384842464106,64.0,4.0,65.0,4.974447235077518,0.3045839799025434,0.24876113161146585,,
0.5245901639344263,0.5962847939999439,0.6777777777777778,0.9843456790123456,0.06571901234567902,0.1262962962962963,ERing,1,10,6.2,4,21,KNNOR-GPF (M=1),0.675,3.689384842464106,64.0,4.0,65.0,5.563060247802584,0.3446716655338362,0.21762730409381426,1.0,1.0
0.6363636363636364,0.6831300510639732,0.7333333333333334,0.9786172839506172,0.06479790123456791,0.11218518518518518,ERing,1,10,6.2,4,21,KNNOR-GPF (M calibrated),0.675,3.689384842464106,64.0,4.0,65.0,4.984944465894559,0.2621658238397132,0.6109557790415769,1.0,1.7999999999999998
0.6376811594202898,0.6960913804067274,0.74,0.9765432098765432,0.06592004115226338,0.10487654320987655,ERing,1,10,6.2,4,21,hybrid GPF-nbrs/raw-walk (M calibrated),0.675,3.689384842464106,64.0,4.0,65.0,8.198155859022021,0.23136719482708823,3.356190108703356,0.328125,1.7999999999999998
0.6153846153846154,0.6666666666666666,0.7222222222222222,0.9848888888888889,0.06527057613168724,0.13196296296296292,ERing,1,10,6.2,4,21,KNNOR-official-GPF (randmx=1),0.675,3.689384842464106,64.0,4.0,65.0,5.468474994267973,0.3327726989541455,0.22446407368627633,1.0,1.0
0.5245901639344263,0.5962847939999439,0.6777777777777778,0.9771851851851852,0.06957016460905349,0.11583950617283952,ERing,1,10,6.2,4,21,KNNOR-official-GPF (randmx=M*),0.675,3.689384842464106,64.0,4.0,65.0,5.210523138131558,0.26239126707712634,1.170908093297874,1.0,1.7999999999999998
0.6153846153846154,0.6666666666666666,0.7222222222222222,0.9882962962962963,0.06250201646090535,0.12793827160493826,ERing,1,10,6.2,4,21,KNNOR-official-raw (randmx=1),0.675,3.689384842464106,64.0,4.0,65.0,5.131381489552341,0.30920211277090937,0.19899408242965258,1.0,1.0
0.6857142857142857,0.7286720544682381,0.7644444444444445,0.9774814814814815,0.06491814814814816,0.11344444444444443,ERing,1,10,6.2,4,21,hybrid GPF-nbrs/raw-walk (M raw-calibrated),0.675,3.689384842464106,64.0,4.0,65.0,5.029424806266244,0.21917491732810956,0.9178415939460134,0.328125,1.4
0.043478260869565216,0.14907119849998599,0.5111111111111111,0.9799506172839506,0.08694259259259259,0.14053086419753083,ERing,1,20,6.2,4,21,none (raw-flat RF),0.675,4.395830608065761,,,,,,,,
0.2692307692307692,0.39440531887330776,0.5777777777777777,0.951358024691358,0.08529148148148148,0.0930246913580247,ERing,1,20,6.2,4,21,none,0.675,4.395830608065761,64.0,4.0,65.0,,,,,
0.75,0.7745966692414834,0.8,0.9823703703703704,0.060113621399176954,0.1328518518518519,ERing,1,20,6.2,4,21,SMOTE-raw,0.675,4.395830608065761,64.0,4.0,65.0,3.942615993775185,0.21499470520126218,0.41103191636141156,,
0.6567164179104478,0.699205898780101,0.7444444444444445,0.9726913580246914,0.06855995884773662,0.10250617283950617,ERing,1,20,6.2,4,21,chain-mean-GPF (PSSTO-style),0.675,4.395830608065761,64.0,4.0,65.0,5.518383021025581,0.2925433475090201,0.24567359431260657,,
0.6363636363636364,0.6831300510639732,0.7333333333333334,0.9769876543209877,0.06818777777777778,0.1241111111111111,ERing,1,20,6.2,4,21,KNNOR-GPF (M=1),0.675,4.395830608065761,64.0,4.0,65.0,5.91106965118599,0.31498817976738325,0.22824303414191366,1.0,1.0
0.7671232876712328,0.7888106377466155,0.8111111111111111,0.9861728395061728,0.06163382716049382,0.13118518518518515,ERing,1,20,6.2,4,21,KNNOR-GPF (M calibrated),0.675,4.395830608065761,64.0,4.0,65.0,5.49417668995919,0.2691408756519065,0.5318537957684919,0.9545454545454546,1.7999999999999998
0.7323943661971831,0.7601169500660919,0.7888888888888889,0.9775308641975309,0.0631280658436214,0.10528395061728395,ERing,1,20,6.2,4,21,hybrid GPF-nbrs/raw-walk (M calibrated),0.675,4.395830608065761,64.0,4.0,65.0,7.788720969752838,0.20772842552789095,3.3343183903917053,0.328125,1.7999999999999998
0.59375,0.6497862896539309,0.7111111111111111,0.968246913580247,0.0708440329218107,0.11195061728395063,ERing,1,20,6.2,4,21,KNNOR-official-GPF (randmx=1),0.675,4.395830608065761,64.0,4.0,65.0,6.056040976332575,0.3177271216473284,0.20786578102251613,1.0,1.0
0.6956521739130435,0.7302967433402214,0.7666666666666666,0.9867160493827161,0.06280979423868313,0.1341234567901234,ERing,1,20,6.2,4,21,KNNOR-official-GPF (randmx=M*),0.675,4.395830608065761,64.0,4.0,65.0,5.664608415183384,0.23310054352785492,0.8662548679820048,1.0,1.7999999999999998
0.6857142857142857,0.7286720544682381,0.7644444444444445,0.9767901234567901,0.06541218106995884,0.11669135802469134,ERing,1,20,6.2,4,21,KNNOR-official-raw (randmx=1),0.675,4.395830608065761,64.0,4.0,65.0,5.8214751125044515,0.30982514725086097,0.16258919349681358,1.0,1.0
0.7397260273972602,0.7728734264634367,0.7977777777777777,0.9761975308641975,0.06306728395061727,0.10574074074074075,ERing,1,20,6.2,4,21,hybrid GPF-nbrs/raw-walk (M raw-calibrated),0.675,4.395830608065761,64.0,4.0,65.0,3.97937212397634,0.16611876674175385,0.9404549190576426,0.328125,1.4
0.2,0.3333333333333333,0.5555555555555556,0.9876543209876544,0.07716905349794238,0.14165432098765432,ERing,2,5,5.0,5,20,none (raw-flat RF),0.675,3.3914602318670504,,,,,,,,
0.3018867924528302,0.4216370213557839,0.5888888888888889,0.9838024691358025,0.07656769547325104,0.13413580246913584,ERing,2,5,5.0,5,20,none,0.675,3.3914602318670504,64.0,4.0,65.0,,,,,
0.8888888888888888,0.8944271909999159,0.9,0.9950617283950617,0.05397139917695473,0.15003703703703697,ERing,2,5,5.0,5,20,SMOTE-raw,0.675,3.3914602318670504,64.0,4.0,65.0,3.1119536250897823,0.19567083913017413,0.4122251791241379,,
0.8,0.816496580927726,0.8333333333333333,0.9894320987654321,0.06213543209876544,0.1493703703703704,ERing,2,5,5.0,5,20,chain-mean-GPF (PSSTO-style),0.675,3.3914602318670504,64.0,4.0,65.0,4.546001685810182,0.27052602491881583,0.2873572813375469,,
0.75,0.7745966692414834,0.8,0.9809876543209877,0.06482732510288067,0.1294567901234568,ERing,2,5,5.0,5,20,KNNOR-GPF (M=1),0.675,3.3914602318670504,64.0,4.0,65.0,5.185472458770924,0.30689450904549187,0.290375281767506,1.0,1.0
0.7222222222222222,0.7584259202738326,0.7866666666666666,0.9758518518518517,0.06717382716049383,0.1279506172839506,ERing,2,5,5.0,5,20,KNNOR-GPF (M calibrated),0.675,3.3914602318670504,64.0,4.0,65.0,5.010493788681849,0.2696567506517622,0.508575864011681,1.0,1.5999999999999999
0.8607594936708861,0.8692269873603532,0.8777777777777778,0.9896790123456791,0.055837530864197536,0.13577777777777775,ERing,2,5,5.0,5,20,hybrid GPF-nbrs/raw-walk (M calibrated),0.675,3.3914602318670504,64.0,4.0,65.0,4.834773110848104,0.18252918602785495,1.6297741890582873,0.3125,1.5999999999999999
0.7671232876712328,0.7888106377466155,0.8111111111111111,0.9851851851851853,0.06326341563786009,0.13369135802469131,ERing,2,5,5.0,5,20,KNNOR-official-GPF (randmx=1),0.675,3.3914602318670504,64.0,4.0,65.0,5.133871855986907,0.3050154561060052,0.2502743231235714,1.0,1.0
0.7671232876712328,0.7888106377466155,0.8111111111111111,0.9811358024691357,0.06462000000000001,0.1265679012345679,ERing,2,5,5.0,5,20,KNNOR-official-GPF (randmx=M*),0.675,3.3914602318670504,64.0,4.0,65.0,4.69727852705476,0.2505604968300462,0.5139594566520039,0.9523809523809523,1.5999999999999999
0.8157894736842105,0.8299933065325822,0.8444444444444444,0.987753086419753,0.06101148148148148,0.14482716049382716,ERing,2,5,5.0,5,20,KNNOR-official-raw (randmx=1),0.675,3.3914602318670504,64.0,4.0,65.0,5.322260552755562,0.31617448912386115,0.14261351975126066,0.9523809523809523,1.0
0.8311688311688312,0.8432740427115678,0.8555555555555556,0.9845432098765432,0.05797358024691358,0.12923456790123458,ERing,2,5,5.0,5,20,hybrid GPF-nbrs/raw-walk (M raw-calibrated),0.675,3.3914602318670504,64.0,4.0,65.0,4.015273587765055,0.1840477805690054,1.0154304887329582,0.3125,1.4
0.043478260869565216,0.14907119849998599,0.5111111111111111,0.9745679012345679,0.08854246913580247,0.11360493827160492,ERing,2,10,6.2,4,21,none (raw-flat RF),0.675,4.726665063028399,,,,,,,,
0.125,0.2581988897471611,0.5333333333333333,0.9825679012345678,0.08574444444444444,0.13674074074074077,ERing,2,10,6.2,4,21,none,0.675,4.726665063028399,64.0,4.0,65.0,,,,,
0.8607594936708861,0.8692269873603532,0.8777777777777778,0.9958024691358024,0.05245872427983539,0.1424320987654321,ERing,2,10,6.2,4,21,SMOTE-raw,0.675,4.726665063028399,64.0,4.0,65.0,4.27406229883605,0.23290427169755246,0.39341299498562543,,
0.6764705882352942,0.7149203529842405,0.7555555555555555,0.9946666666666667,0.06099654320987654,0.14874074074074076,ERing,2,10,6.2,4,21,chain-mean-GPF (PSSTO-style),0.675,4.726665063028399,64.0,4.0,65.0,6.176477117121536,0.30935426060497584,0.2701549843819523,,
0.59375,0.6497862896539309,0.7111111111111111,0.9850864197530865,0.06710732510288066,0.14041975308641977,ERing,2,10,6.2,4,21,KNNOR-GPF (M=1),0.675,4.726665063028399,64.0,4.0,65.0,7.167980729057273,0.36131029258409086,0.19503123786819887,1.0,1.0
0.6363636363636364,0.6831300510639732,0.7333333333333334,0.9900740740740741,0.06269337448559671,0.14366666666666666,ERing,2,10,6.2,4,21,KNNOR-GPF (M calibrated),0.675,4.726665063028399,64.0,4.0,65.0,6.41407120644336,0.3188314885003798,0.3572645572374334,0.9130434782608695,1.5999999999999999
0.8,0.816496580927726,0.8333333333333333,0.9948148148148147,0.05652530864197531,0.15255555555555556,ERing,2,10,6.2,4,21,hybrid GPF-nbrs/raw-walk (M calibrated),0.675,4.726665063028399,64.0,4.0,65.0,5.999380237948774,0.19227657645752283,1.5378525661867717,0.328125,1.5999999999999999
0.5483870967741935,0.6146362971528592,0.6888888888888889,0.9884938271604938,0.06704851851851852,0.13828395061728394,ERing,2,10,6.2,4,21,KNNOR-official-GPF (randmx=1),0.675,4.726665063028399,64.0,4.0,65.0,6.962165819039662,0.3496645746646809,0.1984027154173354,1.0,1.0
0.7671232876712328,0.7888106377466155,0.8111111111111111,0.9963950617283951,0.05922423868312757,0.15388888888888888,ERing,2,10,6.2,4,21,KNNOR-official-GPF (randmx=M*),0.675,4.726665063028399,64.0,4.0,65.0,6.003942647106534,0.25511797400740943,0.7092784582386941,1.0,1.5999999999999999
0.75,0.7745966692414834,0.8,0.9937777777777778,0.056809958847736625,0.14518518518518517,ERing,2,10,6.2,4,21,KNNOR-official-raw (randmx=1),0.675,4.726665063028399,64.0,4.0,65.0,5.623821996116995,0.3031368483002317,0.2021624218018042,1.0,1.0
0.7323943661971831,0.7601169500660919,0.7888888888888889,0.9890864197530864,0.062334650205761316,0.1368888888888889,ERing,2,10,6.2,4,21,hybrid GPF-nbrs/raw-walk (M raw-calibrated),0.675,4.726665063028399,64.0,4.0,65.0,6.815574123149666,0.2662385416316989,0.8948786572828845,0.328125,1.4
0.043478260869565216,0.14907119849998599,0.5111111111111111,0.9763456790123457,0.08814950617283951,0.12297530864197531,ERing,2,20,6.2,4,21,none (raw-flat RF),0.675,4.7266650630283955,,,,,,,,
0.125,0.2581988897471611,0.5333333333333333,0.9751111111111112,0.08728358024691359,0.12376543209876545,ERing,2,20,6.2,4,21,none,0.675,4.7266650630283955,64.0,4.0,65.0,,,,,
0.8157894736842105,0.8299933065325822,0.8444444444444444,0.9943703703703702,0.05374320987654321,0.14034567901234568,ERing,2,20,6.2,4,21,SMOTE-raw,0.675,4.7266650630283955,64.0,4.0,65.0,4.263014889469581,0.23272927606251903,0.3922376669843291,,
0.6956521739130435,0.7302967433402214,0.7666666666666666,0.9956049382716049,0.06012794238683128,0.15376543209876542,ERing,2,20,6.2,4,21,chain-mean-GPF (PSSTO-style),0.675,4.7266650630283955,64.0,4.0,65.0,6.1765717272167,0.3096285179804148,0.2666390460257234,,
0.6363636363636364,0.6831300510639732,0.7333333333333334,0.9915061728395062,0.06416806584362142,0.14338271604938277,ERing,2,20,6.2,4,21,KNNOR-GPF (M=1),0.675,4.7266650630283955,64.0,4.0,65.0,6.857262185516106,0.3465257341417287,0.2180477788878494,1.0,1.0
0.6153846153846154,0.6666666666666666,0.7222222222222222,0.9922962962962963,0.061521152263374485,0.15219753086419757,ERing,2,20,6.2,4,21,KNNOR-GPF (M calibrated),0.675,4.7266650630283955,64.0,4.0,65.0,6.193383450162475,0.30663518396793366,0.38116126518936655,0.9130434782608695,1.5999999999999999
0.8311688311688312,0.8432740427115678,0.8555555555555556,0.9961975308641975,0.053266872427983544,0.15203703703703705,ERing,2,20,6.2,4,21,hybrid GPF-nbrs/raw-walk (M calibrated),0.675,4.7266650630283955,64.0,4.0,65.0,5.547642671560801,0.17312743341681525,1.7914239366278497,0.328125,1.5999999999999999
0.59375,0.6497862896539309,0.7111111111111111,0.9926913580246913,0.06546251028806584,0.15569135802469133,ERing,2,20,6.2,4,21,KNNOR-official-GPF (randmx=1),0.675,4.7266650630283955,64.0,4.0,65.0,7.008584807812383,0.34993898489566744,0.1987490379770501,1.0,1.0
0.7323943661971831,0.7601169500660919,0.7888888888888889,0.995753086419753,0.06065818930041152,0.15271604938271605,ERing,2,20,6.2,4,21,KNNOR-official-GPF (randmx=M*),0.675,4.7266650630283955,64.0,4.0,65.0,5.835518057720542,0.25130660482896583,0.7338610765298246,1.0,1.5999999999999999
0.6666666666666666,0.7133298719196046,0.7533333333333333,0.9899753086419752,0.060724197530864193,0.14032098765432097,ERing,2,20,6.2,4,21,KNNOR-official-raw (randmx=1),0.675,4.7266650630283955,64.0,4.0,65.0,5.945249979435697,0.3160961441868806,0.18957067166370942,1.0,1.0
0.7837837837837838,0.8027729719194864,0.8222222222222222,0.9938765432098765,0.0555735390946502,0.14095061728395064,ERing,2,20,6.2,4,21,hybrid GPF-nbrs/raw-walk (M raw-calibrated),0.675,4.7266650630283955,64.0,4.0,65.0,5.1871252963090875,0.19930663869794407,1.1178290130539963,0.328125,1.4
0.16326530612244897,0.29814239699997197,0.5444444444444444,0.9901234567901234,0.07835534979423868,0.15245679012345678,ERing,3,5,5.0,5,20,none (raw-flat RF),0.675,3.3914602318670433,,,,,,,,
0.3018867924528302,0.4216370213557839,0.5888888888888889,0.9808888888888889,0.07491094650205761,0.10676543209876543,ERing,3,5,5.0,5,20,none,0.675,3.3914602318670433,64.0,4.0,65.0,,,,,
0.875,0.8819171036881969,0.8888888888888888,0.9942716049382716,0.05220469135802469,0.14703703703703702,ERing,3,5,5.0,5,20,SMOTE-raw,0.675,3.3914602318670433,64.0,4.0,65.0,3.115545233219912,0.18989929106283987,0.42633734958150865,,
0.8157894736842105,0.8299933065325822,0.8444444444444444,0.9927407407407407,0.05959757201646091,0.16070370370370374,ERing,3,5,5.0,5,20,chain-mean-GPF (PSSTO-style),0.675,3.3914602318670433,64.0,4.0,65.0,4.312358991458385,0.2597187392327931,0.2927470542779394,,
0.7567567567567568,0.7870557731974633,0.8088888888888889,0.9858271604938272,0.06238864197530864,0.12893827160493831,ERing,3,5,5.0,5,20,KNNOR-GPF (M=1),0.675,3.3914602318670433,64.0,4.0,65.0,5.280747846102997,0.31440231219269954,0.2596051998214133,1.0,1.0
0.7567567567567568,0.7870557731974633,0.8088888888888889,0.9798518518518518,0.0648023868312757,0.12019753086419754,ERing,3,5,5.0,5,20,KNNOR-GPF (M calibrated),0.675,3.3914602318670433,64.0,4.0,65.0,4.7910226705398955,0.26968197001704697,0.4438719215359722,1.0,1.5999999999999999
0.8205128205128205,0.8413980135963898,0.8533333333333333,0.9893827160493827,0.057938189300411516,0.12876543209876543,ERing,3,5,5.0,5,20,hybrid GPF-nbrs/raw-walk (M calibrated),0.675,3.3914602318670433,64.0,4.0,65.0,4.717068682522431,0.21471401612712804,1.083318407988421,0.3125,1.5999999999999999
0.7567567567567568,0.7870557731974633,0.8088888888888889,0.9821234567901235,0.06244691358024691,0.1251604938271605,ERing,3,5,5.0,5,20,KNNOR-official-GPF (randmx=1),0.675,3.3914602318670433,64.0,4.0,65.0,5.29179733999171,0.3134306398561114,0.2380560955941102,1.0,1.0
0.7368421052631579,0.7835342531924983,0.8044444444444445,0.9839506172839506,0.06262082304526749,0.130716049382716,ERing,3,5,5.0,5,20,KNNOR-official-GPF (randmx=M*),0.675,3.3914602318670433,64.0,4.0,65.0,4.505512116500043,0.24020253187607865,0.5547300152515129,0.9523809523809523,1.5999999999999999
0.7837837837837838,0.8027729719194864,0.8222222222222222,0.9921481481481482,0.0598059670781893,0.13993827160493827,ERing,3,5,5.0,5,20,KNNOR-official-raw (randmx=1),0.675,3.3914602318670433,64.0,4.0,65.0,5.524028957083505,0.32714846253101526,0.13763709667341148,0.9523809523809523,1.0
0.8205128205128205,0.8413980135963898,0.8533333333333333,0.9889382716049384,0.05698123456790124,0.13772839506172843,ERing,3,5,5.0,5,20,hybrid GPF-nbrs/raw-walk (M raw-calibrated),0.675,3.3914602318670433,64.0,4.0,65.0,4.231778493635353,0.21860665738410356,0.6946657743721923,0.3125,1.4
0.043478260869565216,0.14907119849998599,0.5111111111111111,0.9830617283950617,0.08683016460905349,0.131320987654321,ERing,3,10,6.2,4,21,none (raw-flat RF),0.675,4.395830608065761,,,,,,,,
0.23529411764705882,0.3651483716701107,0.5666666666666667,0.9508148148148148,0.08757946502057613,0.08862962962962963,ERing,3,10,6.2,4,21,none,0.675,4.395830608065761,64.0,4.0,65.0,,,,,
0.8051948051948052,0.8281468230294837,0.8422222222222222,0.984641975308642,0.058378106995884776,0.12693827160493826,ERing,3,10,6.2,4,21,SMOTE-raw,0.675,4.395830608065761,64.0,4.0,65.0,4.343830616542071,0.2378463387832429,0.37516159523251424,,
0.6470588235294118,0.697650377612394,0.7422222222222222,0.9642962962962963,0.07067390946502058,0.09375308641975309,ERing,3,10,6.2,4,21,chain-mean-GPF (PSSTO-style),0.675,4.395830608065761,64.0,4.0,65.0,5.498885299817772,0.2872466097099754,0.29369772065472344,,
0.704225352112676,0.7436978013636227,0.7755555555555556,0.9735802469135802,0.0670429218106996,0.09369135802469136,ERing,3,10,6.2,4,21,KNNOR-GPF (M=1),0.675,4.395830608065761,64.0,4.0,65.0,5.896084768755777,0.3159230144057291,0.22247064426950142,1.0,1.0
0.7142857142857143,0.7453559924999299,0.7777777777777778,0.9828641975308643,0.06162246913580247,0.11893827160493826,ERing,3,10,6.2,4,21,KNNOR-GPF (M calibrated),0.675,4.395830608065761,64.0,4.0,65.0,4.778697617209907,0.2318137952475242,0.5665702663008249,0.875,1.7999999999999998
0.7671232876712328,0.7888106377466155,0.8111111111111111,0.9760493827160492,0.06344954732510288,0.11103703703703706,ERing,3,10,6.2,4,21,hybrid GPF-nbrs/raw-walk (M calibrated),0.675,4.395830608065761,64.0,4.0,65.0,8.675781301285003,0.27573250549847195,2.147820635862581,0.328125,1.7999999999999998
0.7142857142857143,0.7453559924999299,0.7777777777777778,0.9767901234567901,0.0652146913580247,0.10867901234567902,ERing,3,10,6.2,4,21,KNNOR-official-GPF (randmx=1),0.675,4.395830608065761,64.0,4.0,65.0,5.72604754193933,0.3055463638375644,0.21969326533352365,1.0,1.0
0.7142857142857143,0.7453559924999299,0.7777777777777778,0.9921975308641975,0.05873078189300412,0.14540740740740743,ERing,3,10,6.2,4,21,KNNOR-official-GPF (randmx=M*),0.675,4.395830608065761,64.0,4.0,65.0,4.982330423675599,0.2266782045938357,0.7365239811488481,1.0,1.7999999999999998
0.704225352112676,0.7436978013636227,0.7755555555555556,0.9745185185185185,0.0669009465020576,0.10154320987654324,ERing,3,10,6.2,4,21,KNNOR-official-raw (randmx=1),0.675,4.395830608065761,64.0,4.0,65.0,5.6267290814257045,0.3046583685257458,0.15578236468923692,1.0,1.0
0.7733333333333333,0.8009870454093376,0.8200000000000001,0.9738765432098765,0.06186423868312757,0.1124320987654321,ERing,3,10,6.2,4,21,hybrid GPF-nbrs/raw-walk (M raw-calibrated),0.675,4.395830608065761,64.0,4.0,65.0,5.8981678068333565,0.22882203082441488,1.2791691603004045,0.328125,1.6
0.2,0.3333333333333333,0.5555555555555556,0.9723950617283951,0.08634057613168725,0.10738271604938271,ERing,3,20,6.2,4,21,none (raw-flat RF),0.675,3.6893848424641025,,,,,,,,
0.23529411764705882,0.3651483716701107,0.5666666666666667,0.9796049382716049,0.07748279835390946,0.11923456790123457,ERing,3,20,6.2,4,21,none,0.675,3.6893848424641025,64.0,4.0,65.0,,,,,
0.59375,0.6497862896539309,0.7111111111111111,0.9875061728395061,0.062017242798353904,0.12220987654320989,ERing,3,20,6.2,4,21,SMOTE-raw,0.675,3.6893848424641025,64.0,4.0,65.0,3.4918997760284416,0.21532723926369968,0.37171102384384663,,
0.4745762711864407,0.5577733510227171,0.6555555555555556,0.9840987654320987,0.06782633744855968,0.1219506172839506,ERing,3,20,6.2,4,21,chain-mean-GPF (PSSTO-style),0.675,3.6893848424641025,64.0,4.0,65.0,4.515366774140828,0.26515821922770033,0.33943696425181863,,
0.4482758620689655,0.5374838498865699,0.6444444444444444,0.9862222222222222,0.06762995884773662,0.1318765432098765,ERing,3,20,6.2,4,21,KNNOR-GPF (M=1),0.675,3.6893848424641025,64.0,4.0,65.0,5.411396254325682,0.3296394134750116,0.23739363732436888,1.0,1.0
0.6363636363636364,0.6831300510639732,0.7333333333333334,0.9827654320987654,0.06472567901234569,0.12846913580246913,ERing,3,20,6.2,4,21,KNNOR-GPF (M calibrated),0.675,3.6893848424641025,64.0,4.0,65.0,5.621448226917652,0.28568227271964564,0.5942296379354762,1.0,1.7999999999999998
0.6153846153846154,0.6666666666666666,0.7222222222222222,0.9761975308641975,0.0677074074074074,0.11782716049382715,ERing,3,20,6.2,4,21,hybrid GPF-nbrs/raw-walk (M calibrated),0.675,3.6893848424641025,64.0,4.0,65.0,7.581785507503428,0.2837391569926637,1.6313196710319184,0.328125,1.7999999999999998
0.4745762711864407,0.5577733510227171,0.6555555555555556,0.9860740740740741,0.06656802469135803,0.1326543209876543,ERing,3,20,6.2,4,21,KNNOR-official-GPF (randmx=1),0.675,3.6893848424641025,64.0,4.0,65.0,5.137396359660899,0.3207046572314888,0.22281625654801568,1.0,1.0
0.4482758620689655,0.5374838498865699,0.6444444444444444,0.9798024691358024,0.07032851851851853,0.12040740740740741,ERing,3,20,6.2,4,21,KNNOR-official-GPF (randmx=M*),0.675,3.6893848424641025,64.0,4.0,65.0,5.141153823314889,0.2511503798919533,0.7298120312853558,1.0,1.7999999999999998
0.5,0.5773502691896257,0.6666666666666666,0.989283950617284,0.06469909465020575,0.12802469135802466,ERing,3,20,6.2,4,21,KNNOR-official-raw (randmx=1),0.675,3.6893848424641025,64.0,4.0,65.0,4.76473025570496,0.2950920721935859,0.19742503583257748,1.0,1.0
0.59375,0.6497862896539309,0.7111111111111111,0.9757530864197531,0.06749703703703704,0.11940740740740738,ERing,3,20,6.2,4,21,hybrid GPF-nbrs/raw-walk (M raw-calibrated),0.675,3.6893848424641025,64.0,4.0,65.0,6.058982780125406,0.2637333614384726,1.0624467090243548,0.328125,1.6
0.16326530612244897,0.29814239699997197,0.5444444444444444,0.9924938271604938,0.07740563786008231,0.15732098765432098,ERing,4,5,5.0,5,20,none (raw-flat RF),0.675,3.3914602318670433,,,,,,,,
0.3333333333333333,0.4472135954999579,0.6,0.9886913580246913,0.0747982304526749,0.15383950617283948,ERing,4,5,5.0,5,20,none,0.675,3.3914602318670433,64.0,4.0,65.0,,,,,
0.8311688311688312,0.8432740427115678,0.8555555555555556,0.9917530864197531,0.055948888888888895,0.1409135802469136,ERing,4,5,5.0,5,20,SMOTE-raw,0.675,3.3914602318670433,64.0,4.0,65.0,3.2033500412696903,0.19758614073689873,0.4366545824432905,,
0.7323943661971831,0.7601169500660919,0.7888888888888889,0.9886419753086421,0.06448744855967078,0.13959259259259257,ERing,4,5,5.0,5,20,chain-mean-GPF (PSSTO-style),0.675,3.3914602318670433,64.0,4.0,65.0,5.337545281059075,0.3184078070020885,0.1648444157618087,,
0.7123287671232876,0.7567311116299117,0.7844444444444445,0.9874074074074074,0.06229658436213991,0.13487654320987652,ERing,4,5,5.0,5,20,KNNOR-GPF (M=1),0.675,3.3914602318670433,64.0,4.0,65.0,5.119803257936628,0.30086868990427795,0.3002021027202628,1.0,1.0
0.8051948051948052,0.8281468230294837,0.8422222222222222,0.9905679012345678,0.06025757201646091,0.15067901234567901,ERing,4,5,5.0,5,20,KNNOR-GPF (M calibrated),0.675,3.3914602318670433,64.0,4.0,65.0,4.832305580061785,0.26289895599789603,0.5447927687145798,1.0,1.5999999999999999
0.85,0.8672932208106999,0.8755555555555555,0.9945185185185186,0.05662456790123457,0.15648148148148147,ERing,4,5,5.0,5,20,hybrid GPF-nbrs/raw-walk (M calibrated),0.675,3.3914602318670433,64.0,4.0,65.0,5.529005595977765,0.19335286105573335,1.7786001247353638,0.3125,1.5999999999999999
0.7567567567567568,0.7870557731974633,0.8088888888888889,0.9893827160493827,0.060340000000000005,0.13041975308641976,ERing,4,5,5.0,5,20,KNNOR-official-GPF (randmx=1),0.675,3.3914602318670433,64.0,4.0,65.0,4.881905658457711,0.2737935295521181,0.4106271216861122,1.0,1.0
0.7567567567567568,0.7870557731974633,0.8088888888888889,0.9803950617283951,0.06519843621399178,0.1228395061728395,ERing,4,5,5.0,5,20,KNNOR-official-GPF (randmx=M*),0.675,3.3914602318670433,64.0,4.0,65.0,5.038706730780476,0.24680061699912326,0.6850593871145171,0.8,1.5999999999999999
0.8051948051948052,0.8281468230294837,0.8422222222222222,0.9933333333333333,0.05872452674897119,0.15032098765432098,ERing,4,5,5.0,5,20,KNNOR-official-raw (randmx=1),0.675,3.3914602318670433,64.0,4.0,65.0,5.531829530362359,0.3195645346447923,0.12641223451142947,0.7407407407407407,1.0
0.8461538461538461,0.8563488385776752,0.8666666666666667,0.996,0.05590777777777778,0.15537037037037033,ERing,4,5,5.0,5,20,hybrid GPF-nbrs/raw-walk (M raw-calibrated),0.675,3.3914602318670433,64.0,4.0,65.0,4.525694575358319,0.2002084380321424,1.048506500615127,0.3125,1.4
0.125,0.2581988897471611,0.5333333333333333,0.9598518518518518,0.08850390946502058,0.10574074074074075,ERing,4,10,6.2,4,21,none (raw-flat RF),0.675,4.726665063028403,,,,,,,,
0.16326530612244897,0.29814239699997197,0.5444444444444444,0.9798518518518519,0.08284835390946503,0.13581481481481483,ERing,4,10,6.2,4,21,none,0.675,4.726665063028403,64.0,4.0,65.0,,,,,
0.8157894736842105,0.8299933065325822,0.8444444444444444,0.994074074074074,0.0524243621399177,0.13637037037037034,ERing,4,10,6.2,4,21,SMOTE-raw,0.675,4.726665063028403,64.0,4.0,65.0,4.150615999290352,0.22075201726187166,0.4174462152901573,,
0.6764705882352942,0.7149203529842405,0.7555555555555555,0.9959012345679013,0.05975386831275721,0.14408641975308642,ERing,4,10,6.2,4,21,chain-mean-GPF (PSSTO-style),0.675,4.726665063028403,64.0,4.0,65.0,6.731831526424234,0.34841827208280873,0.15185825501904715,,
0.6153846153846154,0.6666666666666666,0.7222222222222222,0.9910617283950618,0.06358609053497943,0.13562962962962966,ERing,4,10,6.2,4,21,KNNOR-GPF (M=1),0.675,4.726665063028403,64.0,4.0,65.0,7.008880278021941,0.3486242490839877,0.23302516102505205,1.0,1.0
0.7142857142857143,0.7453559924999299,0.7777777777777778,0.9902222222222222,0.05922962962962963,0.14180246913580247,ERing,4,10,6.2,4,21,KNNOR-GPF (M calibrated),0.675,4.726665063028403,64.0,4.0,65.0,5.980035471155471,0.29350798978874715,0.44884213700846975,0.9545454545454546,1.5999999999999999
0.8311688311688312,0.8432740427115678,0.8555555555555556,0.9957530864197532,0.0540024279835391,0.1479382716049383,ERing,4,10,6.2,4,21,hybrid GPF-nbrs/raw-walk (M calibrated),0.675,4.726665063028403,64.0,4.0,65.0,8.99130671412495,0.22012484961555068,2.972314916313552,0.328125,1.5999999999999999
0.59375,0.6497862896539309,0.7111111111111111,0.9920493827160494,0.06372341563786008,0.1444074074074074,ERing,4,10,6.2,4,21,KNNOR-official-GPF (randmx=1),0.675,4.726665063028403,64.0,4.0,65.0,6.829985763440568,0.3257475358485722,0.32607187177434593,1.0,1.0
0.6956521739130435,0.7302967433402214,0.7666666666666666,0.9971358024691358,0.05634230452674898,0.15562962962962962,ERing,4,10,6.2,4,21,KNNOR-official-GPF (randmx=M*),0.675,4.726665063028403,64.0,4.0,65.0,5.729054814731921,0.23095113210989848,1.611203829203052,1.0,1.5999999999999999
0.7323943661971831,0.7601169500660919,0.7888888888888889,0.9938765432098765,0.056525432098765434,0.1365679012345679,ERing,4,10,6.2,4,21,KNNOR-official-raw (randmx=1),0.675,4.726665063028403,64.0,4.0,65.0,6.794868786078133,0.3373831092761539,0.22705146061827045,1.0,1.0
0.8157894736842105,0.8299933065325822,0.8444444444444444,0.997679012345679,0.05156666666666666,0.15772839506172842,ERing,4,10,6.2,4,21,hybrid GPF-nbrs/raw-walk (M raw-calibrated),0.675,4.726665063028403,64.0,4.0,65.0,6.417804918074282,0.21569543132899427,1.40346316831277,0.328125,1.4
0.043478260869565216,0.14907119849998599,0.5111111111111111,0.989283950617284,0.08714300411522634,0.14714814814814814,ERing,4,20,6.2,4,21,none (raw-flat RF),0.675,5.538523181054305,,,,,,,,
0.39285714285714285,0.4944132324730442,0.6222222222222222,0.9538271604938271,0.08179341563786009,0.1005925925925926,ERing,4,20,6.2,4,21,none,0.675,5.538523181054305,64.0,4.0,65.0,,,,,
0.7837837837837838,0.8027729719194864,0.8222222222222222,0.9905185185185185,0.05663292181069959,0.14698765432098768,ERing,4,20,6.2,4,21,SMOTE-raw,0.675,5.538523181054305,64.0,4.0,65.0,4.47992726838698,0.2194650898843682,0.37574406572439717,,
0.5483870967741935,0.6146362971528592,0.6888888888888889,0.9738271604938272,0.06826518518518518,0.10165432098765433,ERing,4,20,6.2,4,21,chain-mean-GPF (PSSTO-style),0.675,5.538523181054305,64.0,4.0,65.0,7.50978750865222,0.3458635944980386,0.16324496220030402,,
0.6153846153846154,0.6666666666666666,0.7222222222222222,0.9771358024691358,0.06671181069958847,0.10909876543209877,ERing,4,20,6.2,4,21,KNNOR-GPF (M=1),0.675,5.538523181054305,64.0,4.0,65.0,7.38680155094173,0.32815740143967276,0.2598302267206285,1.0,1.0
0.8,0.816496580927726,0.8333333333333333,0.9848888888888889,0.05890399176954733,0.13828395061728396,ERing,4,20,6.2,4,21,KNNOR-GPF (M calibrated),0.675,5.538523181054305,64.0,4.0,65.0,6.2085014667864975,0.2595465280047887,0.4831528506832759,0.9130434782608695,1.5999999999999999
0.7323943661971831,0.7601169500660919,0.7888888888888889,0.9799506172839506,0.06362629629629629,0.13786419753086418,ERing,4,20,6.2,4,21,hybrid GPF-nbrs/raw-walk (M calibrated),0.675,5.538523181054305,64.0,4.0,65.0,7.46724424224772,0.20663187187277254,2.3511735695116647,0.328125,1.5999999999999999
0.5714285714285714,0.6324555320336759,0.7,0.9789135802469137,0.0671053497942387,0.11046913580246913,ERing,4,20,6.2,4,21,KNNOR-official-GPF (randmx=1),0.675,5.538523181054305,64.0,4.0,65.0,8.257590186924897,0.35154722665226057,0.2947021325015389,1.0,1.0
0.7323943661971831,0.7601169500660919,0.7888888888888889,0.9773827160493828,0.0630843621399177,0.11901234567901235,ERing,4,20,6.2,4,21,KNNOR-official-GPF (randmx=M*),0.675,5.538523181054305,64.0,4.0,65.0,7.232690116493533,0.26038524453627554,1.3815142876035287,1.0,1.5999999999999999
0.8,0.816496580927726,0.8333333333333333,0.9965432098765432,0.056497078189300415,0.16048148148148147,ERing,4,20,6.2,4,21,KNNOR-official-raw (randmx=1),0.675,5.538523181054305,64.0,4.0,65.0,7.4374452942279525,0.3408811177248652,0.20356926511812037,1.0,1.0
0.7837837837837838,0.8027729719194864,0.8222222222222222,0.9822716049382716,0.06200946502057613,0.14422222222222222,ERing,4,20,6.2,4,21,hybrid GPF-nbrs/raw-walk (M raw-calibrated),0.675,5.538523181054305,64.0,4.0,65.0,5.9458302565491365,0.20571594157935735,1.2067570418782283,0.328125,1.4
0.8076923076923077,0.8230548917531015,0.8387096774193548,0.9990484346750405,0.02092780780780781,0.058684684684684685,JapaneseVowels,0,5,8.0,30,210,none (raw-flat RF),0.85,1.1441592751073664,,,,,,,,
0.5098039215686274,0.6408553614135919,0.6993529355790276,0.9151203730136074,0.051490150150150155,0.04300900900900901,JapaneseVowels,0,5,8.0,30,210,none,0.85,1.1441592751073664,64.0,12.0,29.0,,,,,
0.5454545454545454,0.8750025488319796,0.8750118945665619,0.918070225520982,0.09108726726726726,0.166,JapaneseVowels,0,5,8.0,30,210,SMOTE-raw,0.85,1.1441592751073664,64.0,12.0,29.0,1.8208311617377468,0.07800531354316198,0.5483789941954831,,
0.5333333333333333,0.7045115140995963,0.7388904748310972,0.9088876201351223,0.062124474474474486,0.06698198198198198,JapaneseVowels,0,5,8.0,30,210,chain-mean-GPF (PSSTO-style),0.85,1.1441592751073664,64.0,12.0,29.0,1.566978291881437,0.09004823076959434,0.48448730420636443,,
0.509090909090909,0.6620354889855774,0.7110571890760301,0.9148824816823675,0.05825672672672673,0.05727027027027028,JapaneseVowels,0,5,8.0,30,210,KNNOR-GPF (M=1),0.85,1.1441592751073664,64.0,12.0,29.0,3.224677578602005,0.28925003384404396,0.17716429287311142,0.2112676056338028,1.0
0.5294117647058824,0.7403388596964945,0.7622989818251023,0.9135502902274241,0.06424636636636637,0.08019819819819819,JapaneseVowels,0,5,8.0,30,210,KNNOR-GPF (M calibrated),0.85,1.1441592751073664,64.0,12.0,29.0,1.9226618682184977,0.10900722830030463,0.46034735967278395,0.16990291262135923,2.0
0.5,0.7183549789105442,0.7446950233133505,0.9122656770387289,0.06260372372372372,0.06425225225225227,JapaneseVowels,0,5,8.0,30,210,hybrid GPF-nbrs/raw-walk (M calibrated),0.85,1.1441592751073664,64.0,12.0,29.0,8.844078896194155,0.18360026468394686,4.098987053139642,0.328125,2.0
0.5098039215686274,0.6408553614135919,0.6993529355790276,0.9291083832905128,0.05389819819819819,0.050900900900900894,JapaneseVowels,0,5,8.0,30,210,KNNOR-official-GPF (randmx=1),0.85,1.1441592751073664,64.0,12.0,29.0,3.6554910565783203,0.18460029305761927,0.39274017215086077,0.25210084033613445,1.0
0.576271186440678,0.728418029154585,0.7579693595965362,0.9277761918355695,0.055859099099099106,0.06677477477477478,JapaneseVowels,0,5,8.0,30,210,KNNOR-official-GPF (randmx=M*),0.85,1.1441592751073664,64.0,12.0,29.0,2.4194635807091913,0.11403209479930765,0.919749993749905,0.261519302615193,2.0
0.5526315789473685,0.7933854438170315,0.8033114473308592,0.9042249500428204,0.07650156156156156,0.13390990990990995,JapaneseVowels,0,5,8.0,30,210,KNNOR-official-raw (randmx=1),0.85,1.1441592751073664,64.0,12.0,29.0,5.238559373665723,0.2808647536348098,0.26167953255646653,1.0,1.0
0.5074626865671642,0.7194800461291472,0.7461699495670377,0.9054144066990198,0.06155573573573574,0.069981981981982,JapaneseVowels,0,5,8.0,30,210,hybrid GPF-nbrs/raw-walk (M raw-calibrated),0.85,1.1441592751073664,64.0,12.0,29.0,5.994294547039495,0.16921814445164884,1.591657936657661,0.13671875,1.6
0.7083333333333334,0.7405316311773545,0.7741935483870968,0.9968598344276335,0.0254378978978979,0.0529009009009009,JapaneseVowels,0,10,10.0,24,216,none (raw-flat RF),0.85,1.5167725659120812,,,,,,,,
0.44,0.588612720570814,0.6656199448092112,0.9093158245313542,0.053237867867867855,0.027162162162162162,JapaneseVowels,0,10,10.0,24,216,none,0.85,1.5167725659120812,64.0,12.0,29.0,,,,,
0.4854368932038835,0.8334522705113219,0.833904272528309,0.9056522980302598,0.10211666666666666,0.17278378378378378,JapaneseVowels,0,10,10.0,24,216,SMOTE-raw,0.85,1.5167725659120812,64.0,12.0,29.0,1.728700190890919,0.07246597916380626,0.5294063329741628,,
0.4262295081967213,0.6311301331960558,0.6846036730421543,0.9129317727662004,0.058794744744744755,0.051576576576576584,JapaneseVowels,0,10,10.0,24,216,chain-mean-GPF (PSSTO-style),0.85,1.5167725659120812,64.0,12.0,29.0,1.7697874076412212,0.09022489069424322,0.44973825369137393,,
0.509090909090909,0.6620354889855774,0.7110571890760301,0.905224093634028,0.05544912912912913,0.03785585585585585,JapaneseVowels,0,10,10.0,24,216,KNNOR-GPF (M=1),0.85,1.5167725659120812,64.0,12.0,29.0,5.101402739927785,0.3661911558322065,0.15224476798043232,0.11003565970453388,1.0
0.48484848484848486,0.6979981707564096,0.7300409173089732,0.9183556951184699,0.060284384384384375,0.0605045045045045,JapaneseVowels,0,10,10.0,24,216,KNNOR-GPF (M calibrated),0.85,1.5167725659120812,64.0,12.0,29.0,2.949648484307353,0.1314487563321689,0.495067662235488,0.17836498761354252,2.1999999999999997
0.4838709677419355,0.6789944034695029,0.7183366638119707,0.9077457417451709,0.05920402402402403,0.048504504504504505,JapaneseVowels,0,10,10.0,24,216,hybrid GPF-nbrs/raw-walk (M calibrated),0.85,1.5167725659120812,64.0,12.0,29.0,17.659361053608343,0.26613344997703725,7.230069103356724,0.421875,2.1999999999999997
0.4166666666666667,0.5620673339436952,0.6509658388048339,0.9142163859548957,0.053756456456456464,0.0394954954954955,JapaneseVowels,0,10,10.0,24,216,KNNOR-official-GPF (randmx=1),0.85,1.5167725659120812,64.0,12.0,29.0,7.0425101326370765,0.35255847375489213,0.26697365159733777,0.3,1.0
0.48148148148148145,0.6379533599607444,0.6949281568179656,0.9200685127033972,0.053570510510510504,0.03904504504504506,JapaneseVowels,0,10,10.0,24,216,KNNOR-official-GPF (randmx=M*),0.85,1.5167725659120812,64.0,12.0,29.0,4.210974321891474,0.12762157105268856,2.04570191262551,0.26150121065375304,2.1999999999999997
0.36363636363636365,0.6395176124764808,0.6786088114949091,0.8711580550004757,0.09731339339339339,0.1629009009009009,JapaneseVowels,0,10,10.0,24,216,KNNOR-official-raw (randmx=1),0.85,1.5167725659120812,64.0,12.0,29.0,4.06344958763021,0.21062014003453494,0.4062366283689544,1.0,1.0
0.4666666666666667,0.6569855640740181,0.7036825578075935,0.9125511466362166,0.0587372972972973,0.045711711711711726,JapaneseVowels,0,10,10.0,24,216,hybrid GPF-nbrs/raw-walk (M raw-calibrated),0.85,1.5167725659120812,64.0,12.0,29.0,6.611719497437864,0.2012441024670809,1.2795388308997417,0.17763157894736842,1.6
0.3684210526315789,0.47519096331149147,0.6129032258064516,0.9846797982681511,0.039959489489489484,0.05130630630630631,JapaneseVowels,0,20,20.0,12,228,none (raw-flat RF),0.85,2.917897533639991,,,,,,,,
0.21052631578947367,0.3576176445235395,0.5600913502711962,0.8961366447806641,0.05899225225225225,0.02241441441441442,JapaneseVowels,0,20,20.0,12,228,none,0.85,2.917897533639991,64.0,12.0,29.0,,,,,
0.43636363636363634,0.6110599262872102,0.6758492720525264,0.8998001712817585,0.0623782882882883,0.060531531531531534,JapaneseVowels,0,20,20.0,12,228,SMOTE-raw,0.85,2.917897533639991,64.0,12.0,29.0,2.170112490386824,0.08419363497862253,0.4808011514162245,,
0.23809523809523808,0.39803972993379255,0.5717956037681987,0.9172613949947664,0.05699687687687688,0.02733333333333335,JapaneseVowels,0,20,20.0,12,228,chain-mean-GPF (PSSTO-style),0.85,2.917897533639991,64.0,12.0,29.0,3.277080137694899,0.1819013616412556,0.34028853157550654,,
0.16216216216216217,0.30970596499893815,0.5439623180131316,0.907365115615187,0.05632444444444445,0.025747747747747744,JapaneseVowels,0,20,20.0,12,228,KNNOR-GPF (M=1),0.85,2.917897533639991,64.0,12.0,29.0,7.729788899265046,0.4621890454877603,0.15994455528331472,0.17619783616692428,1.0
0.16666666666666666,0.31016649456930606,0.5454372442668189,0.9116947378437529,0.05600357357357358,0.025144144144144138,JapaneseVowels,0,20,20.0,12,228,KNNOR-GPF (M calibrated),0.85,2.917897533639991,64.0,12.0,29.0,8.976815492027036,0.38778366683232424,0.29901871999220236,0.24126984126984127,2.0
0.375,0.5324202384446449,0.6333618802930822,0.9078408982776668,0.05581483483483484,0.03699099099099099,JapaneseVowels,0,20,20.0,12,228,hybrid GPF-nbrs/raw-walk (M calibrated),0.85,2.917897533639991,64.0,12.0,29.0,26.23314907466832,0.3495249309240973,5.4629996630324404,0.4453125,2.0
0.15789473684210525,0.30924474960528536,0.5424873917594443,0.9027024455228851,0.05714165165165166,0.026099099099099094,JapaneseVowels,0,20,20.0,12,228,KNNOR-official-GPF (randmx=1),0.85,2.917897533639991,64.0,12.0,29.0,10.605121925717825,0.5312927905443968,0.18049074570110615,0.2961038961038961,1.0
0.24390243902439024,0.39863693916676396,0.573270530021886,0.901275097535446,0.05702474474474474,0.028234234234234237,JapaneseVowels,0,20,20.0,12,228,KNNOR-official-GPF (randmx=M*),0.85,2.917897533639991,64.0,12.0,29.0,9.114639689571849,0.37881535880743217,0.752297268129294,0.25277161862527714,2.0
0.3829787234042553,0.5332238920921644,0.6348368065467694,0.8960890665144161,0.060404414414414416,0.04757657657657659,JapaneseVowels,0,20,20.0,12,228,KNNOR-official-raw (randmx=1),0.85,2.917897533639991,64.0,12.0,29.0,4.004176352754186,0.17201703010710423,0.4031994841898498,1.0,1.0
0.3181818181818182,0.4709669598263482,0.6040536682843277,0.9045104196403083,0.05584963963963964,0.019774774774774774,JapaneseVowels,0,20,20.0,12,228,hybrid GPF-nbrs/raw-walk (M raw-calibrated),0.85,2.917897533639991,64.0,12.0,29.0,16.605600298455876,0.3640303964328483,1.6528906730240451,0.27403846153846156,1.6
0.8076923076923077,0.8230548917531015,0.8387096774193548,0.9990008564087925,0.02150576576576577,0.06171171171171171,JapaneseVowels,1,5,8.0,30,210,none (raw-flat RF),0.85,1.14415927510737,,,,,,,,
0.56,0.6670471842014548,0.7184318203444666,0.9038919021790847,0.05282717717717717,0.05076576576576577,JapaneseVowels,1,5,8.0,30,210,none,0.85,1.14415927510737,64.0,12.0,29.0,,,,,
0.54,0.8735331900306192,0.8735369683128746,0.918212960319726,0.09620117117117118,0.17123423423423423,JapaneseVowels,1,5,8.0,30,210,SMOTE-raw,0.85,1.14415927510737,64.0,12.0,29.0,1.814840421889258,0.07894697490813674,0.5706657450757184,,
0.5245901639344263,0.7034301450598848,0.7374155485774099,0.9110762203825292,0.06270735735735736,0.06017117117117117,JapaneseVowels,1,5,8.0,30,210,chain-mean-GPF (PSSTO-style),0.85,1.14415927510737,64.0,12.0,29.0,1.567705197487669,0.08755051644856471,0.46617254991663465,,
0.49122807017543857,0.6600201555759384,0.7081073365686554,0.9085069940051386,0.058399309309309304,0.05132432432432432,JapaneseVowels,1,5,8.0,30,210,KNNOR-GPF (M=1),0.85,1.14415927510737,64.0,12.0,29.0,3.2430417236225075,0.292505117588461,0.18053684857162644,0.23755656108597284,1.0
0.5588235294117647,0.7618134231508623,0.7799029403368541,0.916024360072319,0.06468438438438438,0.084,JapaneseVowels,1,5,8.0,30,210,KNNOR-GPF (M calibrated),0.85,1.14415927510737,64.0,12.0,29.0,2.1070162871281255,0.1318569899160399,0.4130512556347172,0.20038167938931298,2.0
0.5070422535211268,0.7368603493348819,0.7578742030640404,0.9034636977828528,0.06644297297297297,0.076981981981982,JapaneseVowels,1,5,8.0,30,210,hybrid GPF-nbrs/raw-walk (M calibrated),0.85,1.14415927510737,64.0,12.0,29.0,9.584971332504232,0.1780256842940635,4.833116004340811,0.29829545454545453,2.0
0.5098039215686274,0.6408553614135919,0.6993529355790276,0.9215434389570843,0.05604897897897898,0.05599099099099099,JapaneseVowels,1,5,8.0,30,210,KNNOR-official-GPF (randmx=1),0.85,1.14415927510737,64.0,12.0,29.0,3.457285544733768,0.1795821932828191,0.38537608645478233,0.2517985611510791,1.0
0.5,0.6610285903207433,0.7095822628223427,0.9235417261394996,0.05417027027027027,0.05747747747747748,JapaneseVowels,1,5,8.0,30,210,KNNOR-official-GPF (randmx=M*),0.85,1.14415927510737,64.0,12.0,29.0,2.8162122404993255,0.13560811858449484,0.6985776340524485,0.25149700598802394,2.0
0.4864864864864865,0.733365339832162,0.7534494243029783,0.9073175373489389,0.07805006006006006,0.13703603603603604,JapaneseVowels,1,5,8.0,30,210,KNNOR-official-raw (randmx=1),0.85,1.14415927510737,64.0,12.0,29.0,5.442571894392735,0.29833624055903346,0.22889834370990472,1.0,1.0
0.48484848484848486,0.6979981707564096,0.7300409173089732,0.9097440289275858,0.06301087087087087,0.06515315315315316,JapaneseVowels,1,5,8.0,30,210,hybrid GPF-nbrs/raw-walk (M raw-calibrated),0.85,1.14415927510737,64.0,12.0,29.0,5.8002828329011855,0.16530579527872324,1.5204669680817637,0.13671875,1.6
0.76,0.7828813612588127,0.8064516129032258,0.9949567037777143,0.02617873873873874,0.053459459459459464,JapaneseVowels,1,10,10.0,24,216,none (raw-flat RF),0.85,1.4668149240436463,,,,,,,,
0.43478260869565216,0.563757765832536,0.6539156913122086,0.9150727947473594,0.0504972972972973,0.04021621621621622,JapaneseVowels,1,10,10.0,24,216,none,0.85,1.4668149240436463,64.0,12.0,29.0,,,,,
0.5070422535211268,0.7368603493348819,0.7578742030640404,0.9228756304120278,0.07016873873873875,0.10572072072072072,JapaneseVowels,1,10,10.0,24,216,SMOTE-raw,0.85,1.4668149240436463,64.0,12.0,29.0,2.152144604757705,0.10527523995560228,0.45695416664279714,,
0.4528301886792453,0.6129257624655972,0.678799124559901,0.9254448567894185,0.05588162162162163,0.043279279279279284,JapaneseVowels,1,10,10.0,24,216,chain-mean-GPF (PSSTO-style),0.85,1.4668149240436463,64.0,12.0,29.0,1.841772117020593,0.09684357247009712,0.4866464978180207,,
0.3829787234042553,0.5332238920921644,0.6348368065467694,0.9154058426110953,0.053700420420420426,0.035693693693693705,JapaneseVowels,1,10,10.0,24,216,KNNOR-GPF (M=1),0.85,1.4668149240436463,64.0,12.0,29.0,3.8257678751563766,0.3102953131143857,0.1808204684584501,0.08256880733944955,1.0
0.5901639344262295,0.7483925108331831,0.7726234656009134,0.9135978684936721,0.05767408408408409,0.0631981981981982,JapaneseVowels,1,10,10.0,24,216,KNNOR-GPF (M calibrated),0.85,1.4668149240436463,64.0,12.0,29.0,2.512540058668094,0.11513835039915254,0.5790674187519779,0.1603563474387528,2.1999999999999997
0.5806451612903226,0.7472473035657399,0.7711485393472262,0.9233989913407556,0.05635684684684684,0.05292792792792794,JapaneseVowels,1,10,10.0,24,216,hybrid GPF-nbrs/raw-walk (M calibrated),0.85,1.4668149240436463,64.0,12.0,29.0,14.573968296611287,0.22795540622427535,7.285445938237657,0.375,2.1999999999999997
0.3111111111111111,0.47025927053126915,0.6025787420306404,0.9291083832905129,0.05346627627627629,0.042135135135135136,JapaneseVowels,1,10,10.0,24,216,KNNOR-official-GPF (randmx=1),0.85,1.4668149240436463,64.0,12.0,29.0,7.527562259514756,0.41362508345598537,0.1659707124580483,0.28125,1.0
0.36363636363636365,0.5042402748979835,0.6216576267960796,0.9338662099153107,0.05219165165165165,0.038792792792792796,JapaneseVowels,1,10,10.0,24,216,KNNOR-official-GPF (randmx=M*),0.85,1.4668149240436463,64.0,12.0,29.0,4.35310233817513,0.167072357979535,0.7657338400169099,0.2926829268292683,2.1999999999999997
0.463768115942029,0.6947185997362443,0.7256161385479113,0.9002759539442382,0.06658897897897897,0.07901801801801801,JapaneseVowels,1,10,10.0,24,216,KNNOR-official-raw (randmx=1),0.85,1.4668149240436463,64.0,12.0,29.0,4.640467296872792,0.262823194794573,0.31457294650087936,1.0,1.0
0.5573770491803278,0.7261938467741152,0.7550195070891617,0.9227328956132839,0.05659816816816818,0.06188288288288288,JapaneseVowels,1,10,10.0,24,216,hybrid GPF-nbrs/raw-walk (M raw-calibrated),0.85,1.4668149240436463,64.0,12.0,29.0,8.335988788484823,0.18860765116031952,2.6837157276600974,0.2109375,1.7999999999999998
0.3684210526315789,0.47519096331149147,0.6129032258064516,0.9587020648967551,0.04462273273273274,0.03330630630630631,JapaneseVowels,1,20,20.0,12,228,none (raw-flat RF),0.85,3.324083231072894,,,,,,,,
0.17142857142857143,0.31062634136676054,0.5469121705205062,0.9113141117137693,0.05167894894894895,0.02613513513513513,JapaneseVowels,1,20,20.0,12,228,none,0.85,3.324083231072894,64.0,12.0,29.0,,,,,
0.5925925925925926,0.710965189456219,0.7477400323532211,0.8811970691787991,0.05657123123123123,0.05504504504504505,JapaneseVowels,1,20,20.0,12,228,SMOTE-raw,0.85,3.324083231072894,64.0,12.0,29.0,1.9307031111290378,0.06780374588963578,0.5442139995218425,,
0.3902439024390244,0.506499764668353,0.6260824055571415,0.9133599771624322,0.04967270270270271,0.024639639639639638,JapaneseVowels,1,20,20.0,12,228,chain-mean-GPF (PSSTO-style),0.85,3.324083231072894,64.0,12.0,29.0,2.7936869425017257,0.12347352138025647,0.40180595739288494,,
0.2702702702702703,0.4010168823356012,0.5791702350366352,0.9238271957369873,0.049646906906906915,0.03183783783783784,JapaneseVowels,1,20,20.0,12,228,KNNOR-GPF (M=1),0.85,3.324083231072894,64.0,12.0,29.0,13.708823461623954,0.6826681047109949,0.06177030493469196,0.04945770065075922,1.0
0.2702702702702703,0.4010168823356012,0.5791702350366352,0.9138357598249118,0.05118855855855855,0.034351351351351346,JapaneseVowels,1,20,20.0,12,228,KNNOR-GPF (M calibrated),0.85,3.324083231072894,64.0,12.0,29.0,11.964099680866273,0.4634440641202435,0.31557108957223023,0.15240641711229946,2.0
0.3333333333333333,0.47237915777796174,0.6070035207917023,0.9179274907222381,0.05016546546546548,0.02882882882882883,JapaneseVowels,1,20,20.0,12,228,hybrid GPF-nbrs/raw-walk (M calibrated),0.85,3.324083231072894,64.0,12.0,29.0,29.181185094609095,0.3888361115874458,4.637279933913433,0.35625,2.0
0.358974358974359,0.4744895740534575,0.6114282995527642,0.9110286421162812,0.04862396396396397,0.0336036036036036,JapaneseVowels,1,20,20.0,12,228,KNNOR-official-GPF (randmx=1),0.85,3.324083231072894,64.0,12.0,29.0,14.051901448001647,0.514366320017307,0.27479128867406394,0.24542518837459634,1.0
0.358974358974359,0.4744895740534575,0.6114282995527642,0.9187363212484536,0.04771330330330331,0.02536036036036036,JapaneseVowels,1,20,20.0,12,228,KNNOR-official-GPF (randmx=M*),0.85,3.324083231072894,64.0,12.0,29.0,13.796642948210444,0.43023248278381787,0.6623828943993608,0.2547486033519553,2.0
0.4583333333333333,0.5903883285877917,0.6685697973165858,0.8891426396422114,0.05417144144144144,0.05150450450450451,JapaneseVowels,1,20,20.0,12,228,KNNOR-official-raw (randmx=1),0.85,3.324083231072894,64.0,12.0,29.0,3.2699734962664557,0.15023356582545078,0.28773229458335103,1.0,1.0
0.2564102564102564,0.39982868155399487,0.5762203825292607,0.9119802074412409,0.050362282282282275,0.04250450450450451,JapaneseVowels,1,20,20.0,12,228,hybrid GPF-nbrs/raw-walk (M raw-calibrated),0.85,3.324083231072894,64.0,12.0,29.0,25.236927917024087,0.518837855979663,1.599563262352952,0.22265625,1.6
0.7843137254901961,0.8032193289024988,0.8225806451612903,0.9981444476163288,0.021678858858858858,0.053279279279279286,JapaneseVowels,2,5,8.0,30,210,none (raw-flat RF),0.85,1.1441592751073664,,,,,,,,
0.4528301886792453,0.6129257624655972,0.678799124559901,0.9118374726424969,0.05319933933933934,0.053297297297297305,JapaneseVowels,2,5,8.0,30,210,none,0.85,1.1441592751073664,64.0,12.0,29.0,,,,,
0.5252525252525253,0.8572040270167722,0.8574079360548101,0.9252069654581787,0.09078339339339338,0.16281981981981983,JapaneseVowels,2,5,8.0,30,210,SMOTE-raw,0.85,1.1441592751073664,64.0,12.0,29.0,1.8556608727298567,0.08303926863503852,0.4940802409700779,,
0.5483870967741935,0.7250791970813644,0.7535445808354744,0.9120753639737369,0.061224204204204206,0.06933333333333333,JapaneseVowels,2,5,8.0,30,210,chain-mean-GPF (PSSTO-style),0.85,1.1441592751073664,64.0,12.0,29.0,1.5094206689376755,0.0797740366724714,0.4927584151399194,,
0.509090909090909,0.6620354889855774,0.7110571890760301,0.9162622514035589,0.05857648648648649,0.06447747747747747,JapaneseVowels,2,5,8.0,30,210,KNNOR-GPF (M=1),0.85,1.1441592751073664,64.0,12.0,29.0,3.114342023266751,0.2766852193539787,0.18478145386197697,0.20854021847070506,1.0
0.5625,0.7449516074997184,0.7681986868398516,0.9194024169759254,0.06233141141141141,0.0805945945945946,JapaneseVowels,2,5,8.0,30,210,KNNOR-GPF (M calibrated),0.85,1.1441592751073664,64.0,12.0,29.0,1.9886148411399418,0.11570101686572898,0.42216152777200366,0.1855123674911661,2.0
0.5588235294117647,0.7618134231508623,0.7799029403368541,0.9161195166048148,0.06293846846846848,0.0675045045045045,JapaneseVowels,2,5,8.0,30,210,hybrid GPF-nbrs/raw-walk (M calibrated),0.85,1.1441592751073664,64.0,12.0,29.0,11.086141052155739,0.20328745925729097,4.986583147195848,0.328125,2.0
0.49056603773584906,0.6389221583320229,0.6964030830716529,0.9232562565420117,0.05483873873873875,0.049333333333333326,JapaneseVowels,2,5,8.0,30,210,KNNOR-official-GPF (randmx=1),0.85,1.1441592751073664,64.0,12.0,29.0,3.685190643852934,0.18666146683855434,0.3869519814149023,0.2539298669891173,1.0
0.5555555555555556,0.6873515722266305,0.7301360738414693,0.9265867351793701,0.056095225225225226,0.06229729729729729,JapaneseVowels,2,5,8.0,30,210,KNNOR-official-GPF (randmx=M*),0.85,1.1441592751073664,64.0,12.0,29.0,3.017220104227988,0.14819168154718387,0.7947792183398414,0.25301204819277107,2.0
0.5,0.7356971909943634,0.7563992768103531,0.9079360548101627,0.07759654654654655,0.13512612612612615,JapaneseVowels,2,5,8.0,30,210,KNNOR-official-raw (randmx=1),0.85,1.1441592751073664,64.0,12.0,29.0,5.01962182809331,0.2750122078454908,0.29622636581553313,1.0,1.0
0.5538461538461539,0.7438011024000216,0.7667237605861643,0.9103149681225616,0.06136792792792793,0.0665945945945946,JapaneseVowels,2,5,8.0,30,210,hybrid GPF-nbrs/raw-walk (M raw-calibrated),0.85,1.1441592751073664,64.0,12.0,29.0,5.727712455772846,0.16383735074818628,1.5433389377348135,0.14266304347826086,1.6
0.76,0.7828813612588127,0.8064516129032258,0.99576553430393,0.02509396396396396,0.04746846846846847,JapaneseVowels,2,10,10.0,24,216,none (raw-flat RF),0.85,1.3725198529596447,,,,,,,,
0.46808510638297873,0.5912741330298001,0.6700447235702731,0.909363402797602,0.05004321321321322,0.03179279279279279,JapaneseVowels,2,10,10.0,24,216,none,0.85,1.3725198529596447,64.0,12.0,29.0,,,,,
0.5681818181818182,0.854591356676664,0.8560281663336188,0.9149776382148634,0.08170324324324324,0.13616216216216215,JapaneseVowels,2,10,10.0,24,216,SMOTE-raw,0.85,1.3725198529596447,64.0,12.0,29.0,1.970662830061034,0.09170555288805338,0.46617297861801543,,
0.40816326530612246,0.5612202086183407,0.6494909125511467,0.9255875915881625,0.05269996996996997,0.04564864864864865,JapaneseVowels,2,10,10.0,24,216,chain-mean-GPF (PSSTO-style),0.85,1.3725198529596447,64.0,12.0,29.0,1.7211718686052642,0.09384531258857765,0.4886396881090882,,
0.4,0.5603718026780561,0.6480159862974593,0.919925777904653,0.05223960960960961,0.05083783783783784,JapaneseVowels,2,10,10.0,24,216,KNNOR-GPF (M=1),0.85,1.3725198529596447,64.0,12.0,29.0,3.9393724127448344,0.2598161612572562,0.2753314413932805,0.15450643776824036,1.0
0.5423728813559322,0.7055912258658273,0.7403654010847844,0.9142163859548958,0.05769567567567568,0.055981981981982,JapaneseVowels,2,10,10.0,24,216,KNNOR-GPF (M calibrated),0.85,1.3725198529596447,64.0,12.0,29.0,3.2314961567451235,0.14339582602249812,0.671820821574281,0.17748562037797863,2.0
0.53125,0.7228447412379048,0.7505947283280997,0.915976781806071,0.057563243243243245,0.057297297297297295,JapaneseVowels,2,10,10.0,24,216,hybrid GPF-nbrs/raw-walk (M calibrated),0.85,1.3725198529596447,64.0,12.0,29.0,12.428068947454374,0.2313031157253096,4.986088336811473,0.375,2.0
0.4166666666666667,0.5620673339436952,0.6509658388048339,0.9153582643448472,0.05202501501501502,0.03957657657657659,JapaneseVowels,2,10,10.0,24,216,KNNOR-official-GPF (randmx=1),0.85,1.3725198529596447,64.0,12.0,29.0,4.94748336974531,0.25181622931388115,0.3710935129599465,0.25471698113207547,1.0
0.47058823529411764,0.6147859359760408,0.6817489770672757,0.9146445903511276,0.05336987987987988,0.058369369369369366,JapaneseVowels,2,10,10.0,24,216,KNNOR-official-GPF (randmx=M*),0.85,1.3725198529596447,64.0,12.0,29.0,3.7755629064401184,0.17113142335215048,0.7893109758517439,0.25961538461538464,2.0
0.4657534246575342,0.7127030029847021,0.7373203920449138,0.8934246836045294,0.07396744744744745,0.1090810810810811,JapaneseVowels,2,10,10.0,24,216,KNNOR-official-raw (randmx=1),0.85,1.3725198529596447,64.0,12.0,29.0,5.0307528351611275,0.25650137536376577,0.24218805596790782,1.0,1.0
0.5396825396825397,0.7239628312197559,0.7520696545817871,0.9199733561709011,0.05709222222222221,0.05914414414414414,JapaneseVowels,2,10,10.0,24,216,hybrid GPF-nbrs/raw-walk (M raw-calibrated),0.85,1.3725198529596447,64.0,12.0,29.0,6.864390518674842,0.18629937320392287,1.9030338327194902,0.1875,1.6
0.32432432432432434,0.43994134506405985,0.5967741935483871,0.9790179845846417,0.04005648648648649,0.03573873873873874,JapaneseVowels,2,20,20.0,12,228,none (raw-flat RF),0.85,3.7378804828374506,,,,,,,,
0.17647058823529413,0.3110855084191276,0.5483870967741935,0.9039394804453326,0.0564051051051051,0.02632432432432432,JapaneseVowels,2,20,20.0,12,228,none,0.85,3.7378804828374506,64.0,12.0,29.0,,,,,
0.47058823529411764,0.695813507586209,0.7270910648015987,0.9013226758016938,0.07212258258258258,0.10158558558558559,JapaneseVowels,2,20,20.0,12,228,SMOTE-raw,0.85,3.7378804828374506,64.0,12.0,29.0,1.773931301860145,0.07324060652148934,0.4319332891596235,,
0.21621621621621623,0.3581494182663829,0.5615662765248834,0.907460272147683,0.0559487987987988,0.03831531531531532,JapaneseVowels,2,20,20.0,12,228,chain-mean-GPF (PSSTO-style),0.85,3.7378804828374506,64.0,12.0,29.0,3.1462013496092034,0.14013372628877585,0.3835132260552167,,
0.22857142857142856,0.3592106040535498,0.564516129032258,0.8941383575982491,0.05633495495495496,0.025045045045045053,JapaneseVowels,2,20,20.0,12,228,KNNOR-GPF (M=1),0.85,3.7378804828374506,64.0,12.0,29.0,7.333873201584389,0.5536723054213555,0.04249187815794039,0.04945770065075922,1.0
0.2564102564102564,0.39982868155399487,0.5762203825292607,0.8912836616233704,0.055532582582582576,0.019108108108108104,JapaneseVowels,2,20,20.0,12,228,KNNOR-GPF (M calibrated),0.85,3.7378804828374506,64.0,12.0,29.0,5.1900884265513305,0.24733166267874668,0.2910277803226995,0.0627062706270627,2.0
0.3333333333333333,0.47237915777796174,0.6070035207917023,0.9011323627367018,0.05459660660660661,0.02921621621621621,JapaneseVowels,2,20,20.0,12,228,hybrid GPF-nbrs/raw-walk (M calibrated),0.85,3.7378804828374506,64.0,12.0,29.0,27.781212412576213,0.3744524628991228,5.0639518475067495,0.3958333333333333,2.0
0.22857142857142856,0.3592106040535498,0.564516129032258,0.9041773717765724,0.05546816816816817,0.032486486486486485,JapaneseVowels,2,20,20.0,12,228,KNNOR-official-GPF (randmx=1),0.85,3.7378804828374506,64.0,12.0,29.0,7.095520689002903,0.5592707473427816,0.054854890199148895,0.33578792341678937,1.0
0.21621621621621623,0.3581494182663829,0.5615662765248834,0.9127890379674565,0.05476174174174173,0.027189189189189195,JapaneseVowels,2,20,20.0,12,228,KNNOR-official-GPF (randmx=M*),0.85,3.7378804828374506,64.0,12.0,29.0,6.898731378064017,0.11520354744742778,1.3162652111686473,0.3465045592705167,2.0
0.3404255319148936,0.5019706147268893,0.6172328480350175,0.868588828623085,0.06541696696696697,0.051792792792792794,JapaneseVowels,2,20,20.0,12,228,KNNOR-official-raw (randmx=1),0.85,3.7378804828374506,64.0,12.0,29.0,3.4348263867185764,0.19601855903652288,0.26808527007854727,1.0,1.0
0.38095238095238093,0.50574772302911,0.6246074793034542,0.9020839280616614,0.05381651651651652,0.01920720720720721,JapaneseVowels,2,20,20.0,12,228,hybrid GPF-nbrs/raw-walk (M raw-calibrated),0.85,3.7378804828374506,64.0,12.0,29.0,19.03688096807861,0.40828058616003804,1.6103887671417354,0.16193181818181818,1.6
0.8076923076923077,0.8230548917531015,0.8387096774193548,0.9975735084213531,0.02148831831831832,0.0552882882882883,JapaneseVowels,3,5,8.0,30,210,none (raw-flat RF),0.85,1.144159275107377,,,,,,,,
0.5,0.6398894899356435,0.6978780093253402,0.9094585593300979,0.05263735735735736,0.04504504504504506,JapaneseVowels,3,5,8.0,30,210,none,0.85,1.144159275107377,64.0,12.0,29.0,,,,,
0.56,0.8910589807337421,0.8911409268246264,0.9225901608145398,0.09282102102102104,0.1711531531531532,JapaneseVowels,3,5,8.0,30,210,SMOTE-raw,0.85,1.144159275107377,64.0,12.0,29.0,1.93388368167356,0.08690864789894315,0.47439016875453655,,
0.5333333333333333,0.7045115140995963,0.7388904748310972,0.9148349034161194,0.06228363363363364,0.07593693693693694,JapaneseVowels,3,5,8.0,30,210,chain-mean-GPF (PSSTO-style),0.85,1.144159275107377,64.0,12.0,29.0,1.4914986192414368,0.07861556909360956,0.5394696993742724,,
0.5614035087719298,0.7077457079055384,0.7433152535921591,0.920211247502141,0.05668414414414413,0.05317117117117118,JapaneseVowels,3,5,8.0,30,210,KNNOR-GPF (M=1),0.85,1.144159275107377,64.0,12.0,29.0,3.106597248601183,0.28289216686154256,0.182223159058686,0.20568070519098922,1.0
0.5,0.7001760174550143,0.7329907698163478,0.9184032733847177,0.06214708708708708,0.07872072072072071,JapaneseVowels,3,5,8.0,30,210,KNNOR-GPF (M calibrated),0.85,1.144159275107377,64.0,12.0,29.0,1.929028104362466,0.11399941936811087,0.44080943128600625,0.1907356948228883,2.0
0.5151515151515151,0.7206033567993082,0.747644875820725,0.9081739461414026,0.06477168168168167,0.07213513513513514,JapaneseVowels,3,5,8.0,30,210,hybrid GPF-nbrs/raw-walk (M calibrated),0.85,1.144159275107377,64.0,12.0,29.0,9.961077228584827,0.1802864927390836,5.332848777894757,0.3645833333333333,2.0
0.5,0.6398894899356435,0.6978780093253402,0.9188314777809496,0.05595654654654655,0.053054054054054056,JapaneseVowels,3,5,8.0,30,210,KNNOR-official-GPF (randmx=1),0.85,1.144159275107377,64.0,12.0,29.0,3.692530848078796,0.19038287123276898,0.3840695859011722,0.2527075812274368,1.0
0.5660377358490566,0.6883890846242844,0.7316110000951566,0.9220667998858122,0.05595396396396396,0.06031531531531533,JapaneseVowels,3,5,8.0,30,210,KNNOR-official-GPF (randmx=M*),0.85,1.144159275107377,64.0,12.0,29.0,3.388705135053783,0.17502170837885578,0.5634482787369427,0.2511961722488038,2.0
0.4931506849315068,0.7345321907527741,0.7549243505566657,0.9015605671329335,0.07912165165165165,0.14145045045045046,JapaneseVowels,3,5,8.0,30,210,KNNOR-official-raw (randmx=1),0.85,1.144159275107377,64.0,12.0,29.0,5.522273417063282,0.3054393812872269,0.22049416781479675,1.0,1.0
0.47761194029850745,0.6969066952321226,0.728565991055286,0.9109810638500332,0.06234525525525527,0.0626936936936937,JapaneseVowels,3,5,8.0,30,210,hybrid GPF-nbrs/raw-walk (M raw-calibrated),0.85,1.144159275107377,64.0,12.0,29.0,6.166272907450541,0.16699436091578534,1.7509881892816146,0.13125,1.6
0.76,0.7828813612588127,0.8064516129032258,0.9970501474926253,0.02491576576576577,0.05341441441441441,JapaneseVowels,3,10,10.0,24,216,none (raw-flat RF),0.85,1.4563378073924511,,,,,,,,
0.46808510638297873,0.5912741330298001,0.6700447235702731,0.9191169473784376,0.048954894894894886,0.027333333333333324,JapaneseVowels,3,10,10.0,24,216,none,0.85,1.4563378073924511,64.0,12.0,29.0,,,,,
0.5176470588235295,0.8016777535130221,0.8076410695594253,0.9076981634789228,0.07619741741741741,0.1185945945945946,JapaneseVowels,3,10,10.0,24,216,SMOTE-raw,0.85,1.4563378073924511,64.0,12.0,29.0,1.9101494183960206,0.09082805384904502,0.44806198215726745,,
0.3673469387755102,0.53161536989913,0.6318869540393948,0.9255400133219146,0.055616366366366375,0.03993693693693694,JapaneseVowels,3,10,10.0,24,216,chain-mean-GPF (PSSTO-style),0.85,1.4563378073924511,64.0,12.0,29.0,1.6988867903960418,0.09702079276968056,0.45915955511431444,,
0.34782608695652173,0.502728306652071,0.6187077742887049,0.9272528309068419,0.05408192192192192,0.03744144144144144,JapaneseVowels,3,10,10.0,24,216,KNNOR-GPF (M=1),0.85,1.4563378073924511,64.0,12.0,29.0,2.9728641760776604,0.23289817924992906,0.21546738823719755,0.1569767441860465,1.0
0.49056603773584906,0.6389221583320229,0.6964030830716529,0.9261585307831383,0.05576588588588589,0.05605405405405407,JapaneseVowels,3,10,10.0,24,216,KNNOR-GPF (M calibrated),0.85,1.4563378073924511,64.0,12.0,29.0,2.5085606788527315,0.14066368394808182,0.41781760676987706,0.11940298507462686,2.0
0.5245901639344263,0.7034301450598848,0.7374155485774099,0.9070796460176992,0.05589363363363364,0.04522522522522523,JapaneseVowels,3,10,10.0,24,216,hybrid GPF-nbrs/raw-walk (M calibrated),0.85,1.4563378073924511,64.0,12.0,29.0,14.305241687771062,0.271597132100873,4.700288983592291,0.3068181818181818,2.0
0.4186046511627907,0.5364264667853093,0.6407365115615187,0.9255875915881625,0.05050651651651652,0.043576576576576584,JapaneseVowels,3,10,10.0,24,216,KNNOR-official-GPF (randmx=1),0.85,1.4563378073924511,64.0,12.0,29.0,4.364589540190952,0.259551118649156,0.2518966094105612,0.29071332436069985,1.0
0.37209302325581395,0.5049945614451324,0.6231325530497669,0.9371966885526692,0.049599159159159155,0.041567567567567576,JapaneseVowels,3,10,10.0,24,216,KNNOR-official-GPF (randmx=M*),0.85,1.4563378073924511,64.0,12.0,29.0,4.171179302346136,0.2168382279460067,0.4910768763912893,0.2891566265060241,2.0
0.5,0.7183549789105442,0.7446950233133505,0.8874298220572843,0.07089327327327327,0.09005405405405403,JapaneseVowels,3,10,10.0,24,216,KNNOR-official-raw (randmx=1),0.85,1.4563378073924511,64.0,12.0,29.0,5.450841925401754,0.30981477417412173,0.2446035961446356,1.0,1.0
0.4642857142857143,0.6360113360941834,0.6919783043105909,0.9155009991435911,0.05568486486486487,0.048576576576576574,JapaneseVowels,3,10,10.0,24,216,hybrid GPF-nbrs/raw-walk (M raw-calibrated),0.85,1.4563378073924511,64.0,12.0,29.0,8.247510482365442,0.2282279570589354,1.8404558395858754,0.12053571428571429,1.6
0.4878048780487805,0.5679618342470648,0.6612903225806451,0.9889618422304691,0.036116186186186186,0.05015315315315314,JapaneseVowels,3,20,20.0,12,228,none (raw-flat RF),0.85,2.766372901376254,,,,,,,,
0.2222222222222222,0.35868040361097553,0.5630412027785707,0.9014178323341898,0.05629540540540542,0.02098198198198199,JapaneseVowels,3,20,20.0,12,228,none,0.85,2.766372901376254,64.0,12.0,29.0,,,,,
0.16666666666666666,0.31016649456930606,0.5454372442668189,0.8748215815015702,0.0649657957957958,0.05968468468468468,JapaneseVowels,3,20,20.0,12,228,SMOTE-raw,0.85,2.766372901376254,64.0,12.0,29.0,3.9922834045555433,0.17983323805826112,0.39157407646407055,,
0.17647058823529413,0.3110855084191276,0.5483870967741935,0.9184032733847177,0.056950900900900915,0.04063963963963964,JapaneseVowels,3,20,20.0,12,228,chain-mean-GPF (PSSTO-style),0.85,2.766372901376254,64.0,12.0,29.0,3.8507672109679874,0.2136751520165932,0.42899153563823467,,
0.11764705882352941,0.25362534567204864,0.5307831382624417,0.9341992577790466,0.05368423423423424,0.04155855855855857,JapaneseVowels,3,20,20.0,12,228,KNNOR-GPF (M=1),0.85,2.766372901376254,64.0,12.0,29.0,7.054834963375548,0.46511759078384063,0.10991840879446053,0.18673218673218672,1.0
0.2631578947368421,0.4004232226728185,0.577695308782948,0.9406223237225236,0.050611531531531535,0.05183783783783784,JapaneseVowels,3,20,20.0,12,228,KNNOR-GPF (M calibrated),0.85,2.766372901376254,64.0,12.0,29.0,6.819857517246902,0.3702930514737578,0.20775895103352635,0.20357142857142857,2.0
0.391304347826087,0.5340263363265708,0.6363117328004567,0.9142163859548958,0.055687567567567584,0.02976576576576577,JapaneseVowels,3,20,20.0,12,228,hybrid GPF-nbrs/raw-walk (M calibrated),0.85,2.766372901376254,64.0,12.0,29.0,19.893699491490203,0.2889781629917637,5.559667540973542,0.32386363636363635,2.0
0.11764705882352941,0.25362534567204864,0.5307831382624417,0.9233989913407555,0.05654633633633633,0.03793693693693694,JapaneseVowels,3,20,20.0,12,228,KNNOR-official-GPF (randmx=1),0.85,2.766372901376254,64.0,12.0,29.0,8.551307250119336,0.5016726543753285,0.15302413416474037,0.2602739726027397,1.0
0.17142857142857143,0.31062634136676054,0.5469121705205062,0.9143115424873918,0.05572828828828829,0.04241441441441442,JapaneseVowels,3,20,20.0,12,228,KNNOR-official-GPF (randmx=M*),0.85,2.766372901376254,64.0,12.0,29.0,8.126823864762493,0.44173166043679923,0.4295278703971739,0.2558922558922559,2.0
0.0625,0.1796053020267749,0.5161290322580645,0.8663050718431821,0.0634674174174174,0.027630630630630634,JapaneseVowels,3,20,20.0,12,228,KNNOR-official-raw (randmx=1),0.85,2.766372901376254,64.0,12.0,29.0,8.165860155887572,0.39262790662453406,0.15413859322863177,0.991304347826087,1.0
0.4090909090909091,0.5356276182902697,0.6392615853078314,0.9163098296698069,0.05300477477477478,0.031882882882882886,JapaneseVowels,3,20,20.0,12,228,hybrid GPF-nbrs/raw-walk (M raw-calibrated),0.85,2.766372901376254,64.0,12.0,29.0,10.756098121351272,0.24672034753359162,1.8727667884689374,0.16193181818181818,1.6
0.8301886792452831,0.842423539174232,0.8548387096774194,0.9984299172138167,0.0216490990990991,0.05878378378378379,JapaneseVowels,4,5,8.0,30,210,none (raw-flat RF),0.85,1.1441592751073664,,,,,,,,
0.5185185185185185,0.663040858568547,0.7125321153297174,0.9056522980302598,0.05333660660660661,0.045414414414414433,JapaneseVowels,4,5,8.0,30,210,none,0.85,1.1441592751073664,64.0,12.0,29.0,,,,,
0.5510204081632653,0.8764694443275541,0.8764868208202493,0.9239699305357313,0.08951852852852853,0.16476576576576576,JapaneseVowels,4,5,8.0,30,210,SMOTE-raw,0.85,1.1441592751073664,64.0,12.0,29.0,2.1037194841274314,0.09726169908803861,0.48384629768713194,,
0.5084745762711864,0.6821403403297771,0.7227614425730327,0.9126463031687125,0.061523753753753754,0.06227927927927928,JapaneseVowels,4,5,8.0,30,210,chain-mean-GPF (PSSTO-style),0.85,1.1441592751073664,64.0,12.0,29.0,1.6152641242120254,0.09466658278493578,0.45378643576465716,,
0.5357142857142857,0.6852718350169822,0.7271862213340946,0.909220667998858,0.05860054054054054,0.054342342342342344,JapaneseVowels,4,5,8.0,30,210,KNNOR-GPF (M=1),0.85,1.1441592751073664,64.0,12.0,29.0,3.151158606529421,0.28280071685569774,0.18683232808812097,0.2229299363057325,1.0
0.5753424657534246,0.7971545170216331,0.8077362260919212,0.9092206679988581,0.06946042042042042,0.0908828828828829,JapaneseVowels,4,5,8.0,30,210,KNNOR-GPF (M calibrated),0.85,1.1441592751073664,64.0,12.0,29.0,1.6186374143608262,0.08343633726249355,0.5375021639741709,0.22580645161290322,2.1999999999999997
0.5671641791044776,0.7629991256942945,0.7813778665905414,0.9075554286801788,0.06097435435435435,0.06190990990990991,JapaneseVowels,4,5,8.0,30,210,hybrid GPF-nbrs/raw-walk (M calibrated),0.85,1.1441592751073664,64.0,12.0,29.0,16.255093967821466,0.24088055002352826,9.80870212696759,0.41015625,2.1999999999999997
0.44,0.588612720570814,0.6656199448092112,0.9215434389570845,0.056221861861861865,0.04506306306306307,JapaneseVowels,4,5,8.0,30,210,KNNOR-official-GPF (randmx=1),0.85,1.1441592751073664,64.0,12.0,29.0,3.5806084550881536,0.18891016344701161,0.3705741548954819,0.25240384615384615,1.0
0.5263157894736842,0.6842295958814576,0.7257112950804072,0.9215434389570845,0.0558487987987988,0.06800900900900902,JapaneseVowels,4,5,8.0,30,210,KNNOR-official-GPF (randmx=M*),0.85,1.1441592751073664,64.0,12.0,29.0,2.8266510850715605,0.12149553149729486,1.6365462260762131,0.2557856272838002,2.1999999999999997
0.5263157894736842,0.7730349436310124,0.7857074888191073,0.9023218193929013,0.07701591591591592,0.13275675675675674,JapaneseVowels,4,5,8.0,30,210,KNNOR-official-raw (randmx=1),0.85,1.1441592751073664,64.0,12.0,29.0,5.086822961762337,0.2750973915742112,0.26424108519429124,1.0,1.0
0.5373134328358209,0.741494736840143,0.7637739080787896,0.9112665334475213,0.06309792792792794,0.06824324324324327,JapaneseVowels,4,5,8.0,30,210,hybrid GPF-nbrs/raw-walk (M raw-calibrated),0.85,1.1441592751073664,64.0,12.0,29.0,6.2604209359202585,0.17245236094439087,1.647352655162541,0.14266304347826086,1.6
0.7843137254901961,0.8032193289024988,0.8225806451612903,0.9962413169664097,0.024525825825825825,0.05100900900900901,JapaneseVowels,4,10,10.0,24,216,none (raw-flat RF),0.85,1.4311937226647835,,,,,,,,
0.4166666666666667,0.5620673339436952,0.6509658388048339,0.920211247502141,0.0511424024024024,0.038270270270270274,JapaneseVowels,4,10,10.0,24,216,none,0.85,1.4311937226647835,64.0,12.0,29.0,,,,,
0.5121951219512195,0.7857930639591174,0.7944618898087353,0.8969454753068797,0.08004030030030031,0.13299099099099101,JapaneseVowels,4,10,10.0,24,216,SMOTE-raw,0.85,1.4311937226647835,64.0,12.0,29.0,1.8680395077916607,0.07973460980073588,0.5040226557052694,,
0.3404255319148936,0.5019706147268893,0.6172328480350175,0.9190693691121895,0.05676642642642643,0.047333333333333324,JapaneseVowels,4,10,10.0,24,216,chain-mean-GPF (PSSTO-style),0.85,1.4311937226647835,64.0,12.0,29.0,1.913689636271119,0.10958788709301581,0.38807421244516704,,
0.375,0.5324202384446449,0.6333618802930822,0.9256827481206584,0.05491906906906907,0.05847747747747749,JapaneseVowels,4,10,10.0,24,216,KNNOR-GPF (M=1),0.85,1.4311937226647835,64.0,12.0,29.0,4.096174231832219,0.2863742564337451,0.23183691651946092,0.1937219730941704,1.0
0.45161290322580644,0.6549546919381286,0.7007327053002188,0.9135978684936721,0.06053039039039038,0.060936936936936935,JapaneseVowels,4,10,10.0,24,216,KNNOR-GPF (M calibrated),0.85,1.4311937226647835,64.0,12.0,29.0,3.046764356606719,0.13238488549195981,0.644383236110385,0.21492537313432836,2.1999999999999997
0.6153846153846154,0.78645881088822,0.8019316776096679,0.9167856123322866,0.059184294294294296,0.07145045045045047,JapaneseVowels,4,10,10.0,24,216,hybrid GPF-nbrs/raw-walk (M calibrated),0.85,1.4311937226647835,64.0,12.0,29.0,18.238068052422438,0.25847455237580763,8.05675490885562,0.421875,2.1999999999999997
0.4090909090909091,0.5356276182902697,0.6392615853078314,0.9173089732610143,0.05174129129129129,0.0335945945945946,JapaneseVowels,4,10,10.0,24,216,KNNOR-official-GPF (randmx=1),0.85,1.4311937226647835,64.0,12.0,29.0,5.700868142340681,0.40623085352316746,0.15338990617979575,0.2860927152317881,1.0
0.4090909090909091,0.5356276182902697,0.6392615853078314,0.9200685127033971,0.0534209009009009,0.04174774774774774,JapaneseVowels,4,10,10.0,24,216,KNNOR-official-GPF (randmx=M*),0.85,1.4311937226647835,64.0,12.0,29.0,3.726765280013506,0.14844294667270452,2.109033983052266,0.2926829268292683,2.1999999999999997
0.5230769230769231,0.7217249191228347,0.7491198020744123,0.8867161480635646,0.06966513513513513,0.09957657657657658,JapaneseVowels,4,10,10.0,24,216,KNNOR-official-raw (randmx=1),0.85,1.4311937226647835,64.0,12.0,29.0,5.266146917641507,0.27248089259738445,0.24582141272141095,1.0,1.0
0.4918032786885246,0.680044666128884,0.7198115900656581,0.9109810638500333,0.05799300300300299,0.055414414414414415,JapaneseVowels,4,10,10.0,24,216,hybrid GPF-nbrs/raw-walk (M raw-calibrated),0.85,1.4311937226647835,64.0,12.0,29.0,7.392828230065756,0.20805695839423133,1.5171416549064964,0.12053571428571429,1.6
0.32432432432432434,0.43994134506405985,0.5967741935483871,0.9791607193833857,0.04248885885885886,0.040261261261261255,JapaneseVowels,4,20,20.0,12,228,none (raw-flat RF),0.85,4.640266212912827,,,,,,,,
0.11764705882352941,0.25362534567204864,0.5307831382624417,0.8804358169188315,0.05986618618618619,0.03263063063063063,JapaneseVowels,4,20,20.0,12,228,none,0.85,4.640266212912827,64.0,12.0,29.0,,,,,
0.4482758620689655,0.6340633641801215,0.6890284518032163,0.8784375297364164,0.06967057057057058,0.07493693693693694,JapaneseVowels,4,20,20.0,12,228,SMOTE-raw,0.85,4.640266212912827,64.0,12.0,29.0,2.3405234026257133,0.07076187607293916,0.47112290336654206,,
0.2702702702702703,0.4010168823356012,0.5791702350366352,0.8877628699210202,0.05727360360360361,0.029918918918918923,JapaneseVowels,4,20,20.0,12,228,chain-mean-GPF (PSSTO-style),0.85,4.640266212912827,64.0,12.0,29.0,3.7184230484274146,0.15526375116999913,0.33518344621751767,,
0.11428571428571428,0.2532498823341765,0.5293082120087544,0.8759158816252737,0.060271291291291294,0.03933333333333334,JapaneseVowels,4,20,20.0,12,228,KNNOR-GPF (M=1),0.85,4.640266212912827,64.0,12.0,29.0,19.30596660995604,0.6714617693878163,0.05420218071887089,0.04945770065075922,1.0
0.2702702702702703,0.4010168823356012,0.5791702350366352,0.8888095917784755,0.057945855855855856,0.025324324324324327,JapaneseVowels,4,20,20.0,12,228,KNNOR-GPF (M calibrated),0.85,4.640266212912827,64.0,12.0,29.0,19.21192039983025,0.5674071603786144,0.42823481353667386,0.07390599675850891,2.0
0.21621621621621623,0.3581494182663829,0.5615662765248834,0.8941383575982492,0.05893468468468469,0.029162162162162164,JapaneseVowels,4,20,20.0,12,228,hybrid GPF-nbrs/raw-walk (M calibrated),0.85,4.640266212912827,64.0,12.0,29.0,35.34937821385758,0.43185706088613784,4.575335371273222,0.32386363636363635,2.0
0.22857142857142856,0.3592106040535498,0.564516129032258,0.8667332762394138,0.059983573573573576,0.042441441441441435,JapaneseVowels,4,20,20.0,12,228,KNNOR-official-GPF (randmx=1),0.85,4.640266212912827,64.0,12.0,29.0,3.8834749193492506,0.09139155568814028,0.7761267128098238,0.5876288659793815,1.0
0.11428571428571428,0.2532498823341765,0.5293082120087544,0.890094204967171,0.058710990990990995,0.03363963963963964,JapaneseVowels,4,20,20.0,12,228,KNNOR-official-GPF (randmx=M*),0.85,4.640266212912827,64.0,12.0,29.0,19.723236932168223,0.35463807470152264,2.7944079216743685,0.4393063583815029,2.0
0.19607843137254902,0.3926239710504804,0.5585212674850129,0.8393757731468265,0.07244117117117117,0.048549549549549556,JapaneseVowels,4,20,20.0,12,228,KNNOR-official-raw (randmx=1),0.85,4.640266212912827,64.0,12.0,29.0,2.996934562339373,0.1327088445308462,0.2966637588063664,1.0,1.0
0.21621621621621623,0.3581494182663829,0.5615662765248834,0.8892853744409553,0.058725285285285284,0.03212612612612612,JapaneseVowels,4,20,20.0,12,228,hybrid GPF-nbrs/raw-walk (M raw-calibrated),0.85,4.640266212912827,64.0,12.0,29.0,24.617659689570285,0.44230231432069245,1.7938863651856187,0.12723214285714285,1.6
0.5882352941176471,0.6454972243679028,0.7083333333333334,0.960813492063492,0.03263530864197531,0.032962962962962965,Libras,0,5,14.0,12,156,none (raw-flat RF),0.841,2.875659090402584,,,,,,,,
0.9090909090909091,0.9128709291752769,0.9166666666666667,0.9990079365079365,0.011720432098765433,0.03261111111111111,Libras,0,5,14.0,12,156,none,0.841,2.875659090402584,64.0,2.0,45.0,,,,,
1.0,1.0,1.0,1.0,0.011879197530864196,0.053203703703703704,Libras,0,5,14.0,12,156,SMOTE-raw,0.841,2.875659090402584,64.0,2.0,45.0,3.0654366470684966,0.1386567966255552,0.7178822223190813,,
1.0,1.0,1.0,1.0,0.005660617283950617,0.028259259259259255,Libras,0,5,14.0,12,156,chain-mean-GPF (PSSTO-style),0.841,2.875659090402584,64.0,2.0,45.0,3.6505824314768507,0.24949006312034377,0.40991585653874074,,
0.9090909090909091,0.9128709291752769,0.9166666666666667,1.0,0.008443641975308643,0.029870370370370367,Libras,0,5,14.0,12,156,KNNOR-GPF (M=1),0.841,2.875659090402584,64.0,2.0,45.0,4.995019981443159,0.37877150001223964,0.22416411658470575,0.7959183673469388,1.0
0.9565217391304348,0.9574271077563381,0.9583333333333333,1.0,0.0047369135802469145,0.026814814814814816,Libras,0,5,14.0,12,156,KNNOR-GPF (M calibrated),0.841,2.875659090402584,64.0,2.0,45.0,4.78816854041184,0.20033378579095173,0.8191099831079919,0.6842105263157895,2.0
0.9090909090909091,0.9128709291752769,0.9166666666666667,0.9995039682539683,0.008574135802469136,0.0317962962962963,Libras,0,5,14.0,12,156,hybrid GPF-nbrs/raw-walk (M calibrated),0.841,2.875659090402584,64.0,2.0,45.0,10.94042902364575,0.19748885866279753,5.264573037025729,0.609375,2.0
0.9090909090909091,0.9128709291752769,0.9166666666666667,1.0,0.008541358024691357,0.030481481481481484,Libras,0,5,14.0,12,156,KNNOR-official-GPF (randmx=1),0.841,2.875659090402584,64.0,2.0,45.0,5.217486216564021,0.405963459864235,0.20831702350909212,0.9230769230769231,1.0
0.9565217391304348,0.9574271077563381,0.9583333333333333,1.0,0.00669648148148148,0.03175925925925926,Libras,0,5,14.0,12,156,KNNOR-official-GPF (randmx=M*),0.841,2.875659090402584,64.0,2.0,45.0,5.086978933010878,0.20755928905024168,1.218245766535535,0.8297872340425532,2.0
0.9090909090909091,0.9128709291752769,0.9166666666666667,0.9997519841269842,0.00903074074074074,0.0332962962962963,Libras,0,5,14.0,12,156,KNNOR-official-raw (randmx=1),0.841,2.875659090402584,64.0,2.0,45.0,5.689037781287984,0.376946048959443,0.3338387290567504,0.7464114832535885,1.0
0.9090909090909091,0.9128709291752769,0.9166666666666667,0.9992559523809523,0.00948364197530864,0.033388888888888885,Libras,0,5,14.0,12,156,hybrid GPF-nbrs/raw-walk (M raw-calibrated),0.841,2.875659090402584,64.0,2.0,45.0,4.4521743825743645,0.17723088107722706,0.8574483841987258,0.609375,1.4
0.5882352941176471,0.6454972243679028,0.7083333333333334,0.9680059523809523,0.03297913580246913,0.0362962962962963,Libras,0,10,14.0,12,156,none (raw-flat RF),0.841,2.875659090402573,,,,,,,,
0.9090909090909091,0.9128709291752769,0.9166666666666667,0.9990079365079365,0.01168537037037037,0.026685185185185183,Libras,0,10,14.0,12,156,none,0.841,2.875659090402573,64.0,2.0,45.0,,,,,
0.96,0.9970193674385764,0.9970238095238095,1.0,0.010511234567901234,0.05000000000000001,Libras,0,10,14.0,12,156,SMOTE-raw,0.841,2.875659090402573,64.0,2.0,45.0,2.8751690471553406,0.13645425266790534,0.6565680682134757,,
0.96,0.9970193674385764,0.9970238095238095,1.0,0.006046543209876543,0.024333333333333346,Libras,0,10,14.0,12,156,chain-mean-GPF (PSSTO-style),0.841,2.875659090402573,64.0,2.0,45.0,3.2249611337073194,0.217402803431621,0.4238608558512862,,
0.9090909090909091,0.9128709291752769,0.9166666666666667,1.0,0.008150185185185187,0.0325,Libras,0,10,14.0,12,156,KNNOR-GPF (M=1),0.841,2.875659090402573,64.0,2.0,45.0,4.858752222885533,0.37708094556231575,0.22040346384706883,0.7839195979899497,1.0
0.9565217391304348,0.9574271077563381,0.9583333333333333,1.0,0.006046666666666667,0.030518518518518525,Libras,0,10,14.0,12,156,KNNOR-GPF (M calibrated),0.841,2.875659090402573,64.0,2.0,45.0,4.590086718380265,0.20969663498401436,0.6493194469049722,0.6933333333333334,1.7999999999999998
0.9090909090909091,0.9128709291752769,0.9166666666666667,0.9995039682539684,0.0085308024691358,0.03283333333333333,Libras,0,10,14.0,12,156,hybrid GPF-nbrs/raw-walk (M calibrated),0.841,2.875659090402573,64.0,2.0,45.0,7.516648214240545,0.17488028034230974,2.761577629591099,0.609375,1.7999999999999998
0.9090909090909091,0.9128709291752769,0.9166666666666667,1.0,0.008809691358024691,0.034314814814814826,Libras,0,10,14.0,12,156,KNNOR-official-GPF (randmx=1),0.841,2.875659090402573,64.0,2.0,45.0,5.933573653000538,0.4601975043987856,0.1762752498006772,0.9069767441860465,1.0
0.9090909090909091,0.9128709291752769,0.9166666666666667,1.0,0.008126172839506176,0.03266666666666666,Libras,0,10,14.0,12,156,KNNOR-official-GPF (randmx=M*),0.841,2.875659090402573,64.0,2.0,45.0,5.782428388906391,0.31107044434839465,0.6278123295624004,0.8387096774193549,1.7999999999999998
0.9090909090909091,0.9128709291752769,0.9166666666666667,1.0,0.0090029012345679,0.029314814814814814,Libras,0,10,14.0,12,156,KNNOR-official-raw (randmx=1),0.841,2.875659090402573,64.0,2.0,45.0,5.767250708512934,0.38446677803075596,0.31462192435361175,0.8210526315789474,1.0
0.9090909090909091,0.9128709291752769,0.9166666666666667,0.9995039682539684,0.009332592592592592,0.03188888888888889,Libras,0,10,14.0,12,156,hybrid GPF-nbrs/raw-walk (M raw-calibrated),0.841,2.875659090402573,64.0,2.0,45.0,4.351054533925579,0.1779792012783682,0.8484946719531229,0.609375,1.4
0.15384615384615385,0.28867513459481287,0.5416666666666666,0.9573412698412699,0.03768734567901235,0.030722222222222224,Libras,0,20,21.0,8,160,none (raw-flat RF),0.841,3.6598187697129347,,,,,,,,
0.8,0.816496580927726,0.8333333333333333,0.9990079365079365,0.014693333333333334,0.02988888888888889,Libras,0,20,21.0,8,160,none,0.841,3.6598187697129347,64.0,2.0,45.0,,,,,
0.8333333333333334,0.9074209047695003,0.9107142857142858,0.996031746031746,0.016037716049382717,0.045092592592592594,Libras,0,20,21.0,8,160,SMOTE-raw,0.841,3.6598187697129347,64.0,2.0,45.0,3.700299647096415,0.14637095344001394,0.6620316442996055,,
0.9090909090909091,0.9128709291752769,0.9166666666666667,0.9990079365079365,0.00795753086419753,0.024037037037037034,Libras,0,20,21.0,8,160,chain-mean-GPF (PSSTO-style),0.841,3.6598187697129347,64.0,2.0,45.0,4.184044254147146,0.28493762411691353,0.3477459964562257,,
0.9090909090909091,0.9128709291752769,0.9166666666666667,0.9997519841269842,0.008975679012345679,0.021925925925925925,Libras,0,20,21.0,8,160,KNNOR-GPF (M=1),0.841,3.6598187697129347,64.0,2.0,45.0,6.57912165357061,0.36009433114145784,0.29950839180633204,0.6779661016949152,1.0
0.9090909090909091,0.9128709291752769,0.9166666666666667,1.0,0.007640308641975308,0.02931481481481481,Libras,0,20,21.0,8,160,KNNOR-GPF (M calibrated),0.841,3.6598187697129347,64.0,2.0,45.0,7.516681431542203,0.2694942285522093,0.558392512640808,0.6060606060606061,1.5999999999999999
0.9090909090909091,0.9128709291752769,0.9166666666666667,1.0,0.008243271604938273,0.03490740740740741,Libras,0,20,21.0,8,160,hybrid GPF-nbrs/raw-walk (M calibrated),0.841,3.6598187697129347,64.0,2.0,45.0,8.834609560676427,0.2590228313468024,1.2754221412091455,0.5,1.5999999999999999
0.9090909090909091,0.9128709291752769,0.9166666666666667,0.9975198412698413,0.009645987654320988,0.021685185185185182,Libras,0,20,21.0,8,160,KNNOR-official-GPF (randmx=1),0.841,3.6598187697129347,64.0,2.0,45.0,5.625008367740605,0.43276450948490225,0.18904827473641678,0.7619047619047619,1.0
0.9090909090909091,0.9128709291752769,0.9166666666666667,0.9990079365079365,0.00855074074074074,0.021592592592592594,Libras,0,20,21.0,8,160,KNNOR-official-GPF (randmx=M*),0.841,3.6598187697129347,64.0,2.0,45.0,6.064277228596293,0.28323999707293734,0.578347215520718,0.7655502392344498,1.5999999999999999
0.9090909090909091,0.9128709291752769,0.9166666666666667,0.9995039682539683,0.009976296296296294,0.02966666666666667,Libras,0,20,21.0,8,160,KNNOR-official-raw (randmx=1),0.841,3.6598187697129347,64.0,2.0,45.0,5.459517741400234,0.21544837483748458,0.5663660209209601,0.54421768707483,1.0
0.9090909090909091,0.9128709291752769,0.9166666666666667,1.0,0.008908209876543212,0.03653703703703704,Libras,0,20,21.0,8,160,hybrid GPF-nbrs/raw-walk (M raw-calibrated),0.841,3.6598187697129347,64.0,2.0,45.0,8.36547264346612,0.2731604471994332,0.8711079915800404,0.4166666666666667,1.4
0.5,0.5773502691896257,0.6666666666666666,0.9640376984126984,0.03261925925925925,0.035629629629629636,Libras,1,5,14.0,12,156,none (raw-flat RF),0.841,2.875659090402584,,,,,,,,
0.8571428571428571,0.8660254037844386,0.875,0.9990079365079366,0.013373518518518519,0.038462962962962956,Libras,1,5,14.0,12,156,none,0.841,2.875659090402584,64.0,2.0,45.0,,,,,
0.96,0.9970193674385764,0.9970238095238095,1.0,0.010123024691358026,0.04438888888888888,Libras,1,5,14.0,12,156,SMOTE-raw,0.841,2.875659090402584,64.0,2.0,45.0,3.0534271980876984,0.14066928618063534,0.6402568613814626,,
1.0,1.0,1.0,1.0,0.006487283950617283,0.03151851851851852,Libras,1,5,14.0,12,156,chain-mean-GPF (PSSTO-style),0.841,2.875659090402584,64.0,2.0,45.0,3.6480560844198724,0.2376772066299298,0.41386786607509973,,
0.9090909090909091,0.9128709291752769,0.9166666666666667,1.0,0.008940802469135803,0.03553703703703704,Libras,1,5,14.0,12,156,KNNOR-GPF (M=1),0.841,2.875659090402584,64.0,2.0,45.0,5.250505076526556,0.4173515809260787,0.19192991247100252,0.8524590163934426,1.0
0.9565217391304348,0.9574271077563381,0.9583333333333333,1.0,0.005933086419753086,0.029814814814814815,Libras,1,5,14.0,12,156,KNNOR-GPF (M calibrated),0.841,2.875659090402584,64.0,2.0,45.0,5.890540370646557,0.26471445495031287,0.6479329657123725,0.7222222222222222,2.0
0.9565217391304348,0.9574271077563381,0.9583333333333333,1.0,0.007448703703703705,0.028796296296296306,Libras,1,5,14.0,12,156,hybrid GPF-nbrs/raw-walk (M calibrated),0.841,2.875659090402584,64.0,2.0,45.0,9.269699102000887,0.1987295552312135,3.934386281632133,0.609375,2.0
0.9090909090909091,0.9128709291752769,0.9166666666666667,1.0,0.008749444444444445,0.03498148148148148,Libras,1,5,14.0,12,156,KNNOR-official-GPF (randmx=1),0.841,2.875659090402584,64.0,2.0,45.0,5.335713547260811,0.43925224385386635,0.17680380745348462,0.9341317365269461,1.0
0.9565217391304348,0.9574271077563381,0.9583333333333333,1.0,0.006906666666666667,0.03333333333333333,Libras,1,5,14.0,12,156,KNNOR-official-GPF (randmx=M*),0.841,2.875659090402584,64.0,2.0,45.0,5.485760921454927,0.25491539567553,0.933745585256705,0.861878453038674,2.0
0.9090909090909091,0.9128709291752769,0.9166666666666667,1.0,0.009691234567901235,0.034481481481481474,Libras,1,5,14.0,12,156,KNNOR-official-raw (randmx=1),0.841,2.875659090402584,64.0,2.0,45.0,6.046803643312488,0.4161153368364363,0.29671657997438433,0.7464114832535885,1.0
0.9090909090909091,0.9128709291752769,0.9166666666666667,0.9995039682539683,0.008981975308641976,0.03277777777777779,Libras,1,5,14.0,12,156,hybrid GPF-nbrs/raw-walk (M raw-calibrated),0.841,2.875659090402584,64.0,2.0,45.0,5.347784265067039,0.1917717204160463,1.1901578967191702,0.609375,1.6
0.6666666666666666,0.7071067811865476,0.75,0.970486111111111,0.03198456790123457,0.038629629629629625,Libras,1,10,14.0,12,156,none (raw-flat RF),0.841,2.875659090402573,,,,,,,,
0.9090909090909091,0.9128709291752769,0.9166666666666667,0.9990079365079365,0.011402283950617282,0.03461111111111111,Libras,1,10,14.0,12,156,none,0.841,2.875659090402573,64.0,2.0,45.0,,,,,
1.0,1.0,1.0,1.0,0.011948148148148147,0.05537037037037036,Libras,1,10,14.0,12,156,SMOTE-raw,0.841,2.875659090402573,64.0,2.0,45.0,3.0319098446319916,0.1368222354074059,0.6914874164692068,,
0.96,0.9970193674385764,0.9970238095238095,1.0,0.005928765432098766,0.02466666666666667,Libras,1,10,14.0,12,156,chain-mean-GPF (PSSTO-style),0.841,2.875659090402573,64.0,2.0,45.0,3.5570074017214584,0.23601204944307513,0.4216829732815091,,
0.9090909090909091,0.9128709291752769,0.9166666666666667,1.0,0.008972777777777781,0.03483333333333334,Libras,1,10,14.0,12,156,KNNOR-GPF (M=1),0.841,2.875659090402573,64.0,2.0,45.0,5.0666119642901055,0.4063619613116096,0.20003080800900233,0.7761194029850746,1.0
0.9565217391304348,0.9574271077563381,0.9583333333333333,1.0,0.005608333333333334,0.028240740740740743,Libras,1,10,14.0,12,156,KNNOR-GPF (M calibrated),0.841,2.875659090402573,64.0,2.0,45.0,5.118049156772253,0.22512289576422517,0.6848259208333981,0.6782608695652174,2.0
0.9565217391304348,0.9574271077563381,0.9583333333333333,1.0,0.0071127160493827165,0.035,Libras,1,10,14.0,12,156,hybrid GPF-nbrs/raw-walk (M calibrated),0.841,2.875659090402573,64.0,2.0,45.0,9.66948387787029,0.20739501785337844,3.9159915245143484,0.609375,2.0
0.9090909090909091,0.9128709291752769,0.9166666666666667,1.0,0.009592962962962963,0.035777777777777776,Libras,1,10,14.0,12,156,KNNOR-official-GPF (randmx=1),0.841,2.875659090402573,64.0,2.0,45.0,6.725193946448579,0.5057365113620926,0.14471077327411244,0.9176470588235294,1.0
0.9565217391304348,0.9574271077563381,0.9583333333333333,1.0,0.008300185185185185,0.03524074074074074,Libras,1,10,14.0,12,156,KNNOR-official-GPF (randmx=M*),0.841,2.875659090402573,64.0,2.0,45.0,6.048991548837721,0.3203910171998799,0.816068862705328,0.8571428571428571,2.0
0.9090909090909091,0.9128709291752769,0.9166666666666667,1.0,0.00942469135802469,0.029370370370370373,Libras,1,10,14.0,12,156,KNNOR-official-raw (randmx=1),0.841,2.875659090402573,64.0,2.0,45.0,5.937336147086414,0.40518322285488195,0.3045898818540179,0.7464114832535885,1.0
0.9166666666666666,0.9545733693437699,0.9553571428571428,0.9995039682539683,0.009347037037037036,0.02388888888888889,Libras,1,10,14.0,12,156,hybrid GPF-nbrs/raw-walk (M raw-calibrated),0.841,2.875659090402573,64.0,2.0,45.0,5.270519394143472,0.1759532591919103,1.3299542014756045,0.609375,1.6
0.2857142857142857,0.408248290463863,0.5833333333333334,0.8816964285714286,0.0456908024691358,0.035388888888888886,Libras,1,20,21.0,8,160,none (raw-flat RF),0.841,5.3487802969777185,,,,,,,,
0.6666666666666666,0.7071067811865476,0.75,0.9905753968253969,0.022218209876543212,0.032018518518518516,Libras,1,20,21.0,8,160,none,0.841,5.3487802969777185,64.0,2.0,45.0,,,,,
0.7368421052631579,0.7637626158259734,0.7916666666666667,0.9935515873015873,0.018933703703703703,0.031,Libras,1,20,21.0,8,160,SMOTE-raw,0.841,5.3487802969777185,64.0,2.0,45.0,4.463142345222739,0.21047839104748878,0.684088888374084,,
0.9090909090909091,0.9128709291752769,0.9166666666666667,0.9970238095238095,0.012643827160493826,0.026555555555555558,Libras,1,20,21.0,8,160,chain-mean-GPF (PSSTO-style),0.841,5.3487802969777185,64.0,2.0,45.0,6.731469560487003,0.42264899344747975,0.32205102922022494,,
0.8,0.816496580927726,0.8333333333333333,0.9970238095238095,0.016743518518518515,0.032574074074074075,Libras,1,20,21.0,8,160,KNNOR-GPF (M=1),0.841,5.3487802969777185,64.0,2.0,45.0,7.973213664339564,0.5103664373070582,0.19711655290796545,0.9195402298850575,1.0
0.8,0.816496580927726,0.8333333333333333,0.996031746031746,0.01581425925925926,0.03105555555555555,Libras,1,20,21.0,8,160,KNNOR-GPF (M calibrated),0.841,5.3487802969777185,64.0,2.0,45.0,6.843917812717368,0.34653124005085345,0.5914010367658697,0.8938547486033519,1.7999999999999998
0.8,0.816496580927726,0.8333333333333333,0.9950396825396824,0.014478641975308642,0.022444444444444444,Libras,1,20,21.0,8,160,hybrid GPF-nbrs/raw-walk (M calibrated),0.841,5.3487802969777185,64.0,2.0,45.0,7.066037120044573,0.25781661755500196,1.6504188913825115,0.625,1.7999999999999998
0.8,0.816496580927726,0.8333333333333333,0.9962797619047619,0.017165185185185186,0.02148148148148148,Libras,1,20,21.0,8,160,KNNOR-official-GPF (randmx=1),0.841,5.3487802969777185,64.0,2.0,45.0,7.524530613859717,0.495880277397888,0.19936262376463804,0.9467455621301775,1.0
0.8,0.816496580927726,0.8333333333333333,0.9967757936507936,0.016186604938271607,0.018129629629629634,Libras,1,20,21.0,8,160,KNNOR-official-GPF (randmx=M*),0.841,5.3487802969777185,64.0,2.0,45.0,6.6677533833455875,0.3420490661412011,0.6702900489756805,0.8743169398907104,1.7999999999999998
0.7368421052631579,0.7637626158259734,0.7916666666666667,0.9903273809523809,0.019656296296296297,0.02651851851851852,Libras,1,20,21.0,8,160,KNNOR-official-raw (randmx=1),0.841,5.3487802969777185,64.0,2.0,45.0,8.987417385902024,0.49662707017236135,0.20456214726441263,0.4584527220630373,1.0
0.8571428571428571,0.8660254037844386,0.875,0.9982638888888888,0.013142901234567902,0.02594444444444445,Libras,1,20,21.0,8,160,hybrid GPF-nbrs/raw-walk (M raw-calibrated),0.841,5.3487802969777185,64.0,2.0,45.0,6.940429485218559,0.2890246622923135,1.0075173083615483,0.625,1.6
0.5882352941176471,0.6454972243679028,0.7083333333333334,0.9585813492063492,0.033780679012345674,0.03264814814814815,Libras,2,5,14.0,12,156,none (raw-flat RF),0.841,2.875659090402573,,,,,,,,
0.9090909090909091,0.9128709291752769,0.9166666666666667,0.9990079365079365,0.01134777777777778,0.038259259259259264,Libras,2,5,14.0,12,156,none,0.841,2.875659090402573,64.0,2.0,45.0,,,,,
0.96,0.9970193674385764,0.9970238095238095,1.0,0.011896543209876542,0.04922222222222222,Libras,2,5,14.0,12,156,SMOTE-raw,0.841,2.875659090402573,64.0,2.0,45.0,2.928297969848858,0.13592443992266123,0.6594946752898333,,
0.96,0.9970193674385764,0.9970238095238095,0.9999999999999999,0.005802345679012347,0.02214814814814815,Libras,2,5,14.0,12,156,chain-mean-GPF (PSSTO-style),0.841,2.875659090402573,64.0,2.0,45.0,3.415793773613645,0.22113062531491906,0.4200478325481515,,
0.9090909090909091,0.9128709291752769,0.9166666666666667,1.0,0.008908641975308643,0.03362962962962963,Libras,2,5,14.0,12,156,KNNOR-GPF (M=1),0.841,2.875659090402573,64.0,2.0,45.0,5.0139676616199775,0.38223503876397297,0.22215962162454017,0.7878787878787878,1.0
0.9565217391304348,0.9574271077563381,0.9583333333333333,1.0,0.005445617283950616,0.028500000000000004,Libras,2,5,14.0,12,156,KNNOR-GPF (M calibrated),0.841,2.875659090402573,64.0,2.0,45.0,4.387041252913354,0.18650364324313895,0.7425283710453855,0.7393364928909952,2.0
0.9090909090909091,0.9128709291752769,0.9166666666666667,1.0,0.007808765432098764,0.026111111111111106,Libras,2,5,14.0,12,156,hybrid GPF-nbrs/raw-walk (M calibrated),0.841,2.875659090402573,64.0,2.0,45.0,8.738452751159317,0.1924410636423466,3.402707170609429,0.609375,2.0
0.9090909090909091,0.9128709291752769,0.9166666666666667,1.0,0.008933888888888887,0.03383333333333333,Libras,2,5,14.0,12,156,KNNOR-official-GPF (randmx=1),0.841,2.875659090402573,64.0,2.0,45.0,5.795379988630861,0.4601643180568145,0.17409186662486884,0.9629629629629629,1.0
0.9565217391304348,0.9574271077563381,0.9583333333333333,1.0,0.007869320987654322,0.03364814814814815,Libras,2,5,14.0,12,156,KNNOR-official-GPF (randmx=M*),0.841,2.875659090402573,64.0,2.0,45.0,5.620714959759242,0.2813027563688447,0.8819434111944386,0.9017341040462428,2.0
0.9090909090909091,0.9128709291752769,0.9166666666666667,0.9995039682539681,0.009169444444444445,0.03168518518518519,Libras,2,5,14.0,12,156,KNNOR-official-raw (randmx=1),0.841,2.875659090402573,64.0,2.0,45.0,5.746155819159393,0.39886965813528963,0.29348504402833087,0.7647058823529411,1.0
0.9090909090909091,0.9128709291752769,0.9166666666666667,0.9990079365079365,0.009542777777777778,0.031685185185185184,Libras,2,5,14.0,12,156,hybrid GPF-nbrs/raw-walk (M raw-calibrated),0.841,2.875659090402573,64.0,2.0,45.0,4.3068330464961395,0.18255631442776876,0.7956509557697448,0.4875,1.4
0.5,0.5773502691896257,0.6666666666666666,0.964781746031746,0.03348277777777778,0.03620370370370371,Libras,2,10,14.0,12,156,none (raw-flat RF),0.841,2.875659090402573,,,,,,,,
0.9090909090909091,0.9128709291752769,0.9166666666666667,0.9990079365079365,0.011709876543209876,0.034370370370370364,Libras,2,10,14.0,12,156,none,0.841,2.875659090402573,64.0,2.0,45.0,,,,,
0.96,0.9970193674385764,0.9970238095238095,1.0,0.011034320987654321,0.051555555555555556,Libras,2,10,14.0,12,156,SMOTE-raw,0.841,2.875659090402573,64.0,2.0,45.0,2.956479579716648,0.13172107784626763,0.7024066002066164,,
0.96,0.9970193674385764,0.9970238095238095,0.9995039682539681,0.006315925925925926,0.022296296296296297,Libras,2,10,14.0,12,156,chain-mean-GPF (PSSTO-style),0.841,2.875659090402573,64.0,2.0,45.0,3.2372634868395114,0.20834217539769828,0.45089722905793544,,
0.9090909090909091,0.9128709291752769,0.9166666666666667,1.0,0.008430246913580247,0.03429629629629629,Libras,2,10,14.0,12,156,KNNOR-GPF (M=1),0.841,2.875659090402573,64.0,2.0,45.0,5.0922341672863585,0.3979413438618923,0.21005010492830803,0.8125,1.0
0.9565217391304348,0.9574271077563381,0.9583333333333333,1.0,0.005395493827160494,0.02916666666666667,Libras,2,10,14.0,12,156,KNNOR-GPF (M calibrated),0.841,2.875659090402573,64.0,2.0,45.0,5.0651803286213966,0.2357915611256869,0.601481867410433,0.7393364928909952,1.7999999999999998
0.9166666666666666,0.9545733693437699,0.9553571428571428,0.9995039682539683,0.009165185185185184,0.024629629629629637,Libras,2,10,14.0,12,156,hybrid GPF-nbrs/raw-walk (M calibrated),0.841,2.875659090402573,64.0,2.0,45.0,7.3323630978445475,0.18863508355018122,2.4192178454068984,0.609375,1.7999999999999998
0.9090909090909091,0.9128709291752769,0.9166666666666667,1.0,0.00874,0.03507407407407407,Libras,2,10,14.0,12,156,KNNOR-official-GPF (randmx=1),0.841,2.875659090402573,64.0,2.0,45.0,5.568104016467229,0.446417634697182,0.1771527821513746,0.9341317365269461,1.0
0.9090909090909091,0.9128709291752769,0.9166666666666667,1.0,0.00784327160493827,0.03272222222222222,Libras,2,10,14.0,12,156,KNNOR-official-GPF (randmx=M*),0.841,2.875659090402573,64.0,2.0,45.0,5.399583513369672,0.3080476563605687,0.5444023176885346,0.8297872340425532,1.7999999999999998
0.9090909090909091,0.9128709291752769,0.9166666666666667,0.9995039682539681,0.009804074074074074,0.03051851851851852,Libras,2,10,14.0,12,156,KNNOR-official-raw (randmx=1),0.841,2.875659090402573,64.0,2.0,45.0,5.5304354524566595,0.38673948028409844,0.29973172261818226,0.75,1.0
0.9090909090909091,0.9128709291752769,0.9166666666666667,0.9985119047619048,0.010106851851851853,0.02701851851851852,Libras,2,10,14.0,12,156,hybrid GPF-nbrs/raw-walk (M raw-calibrated),0.841,2.875659090402573,64.0,2.0,45.0,4.572181613069221,0.18537034457225898,0.8470788895586759,0.4875,1.4
0.15384615384615385,0.28867513459481287,0.5416666666666666,0.8893849206349207,0.03958037037037036,0.03166666666666666,Libras,2,20,21.0,8,160,none (raw-flat RF),0.841,5.257003640847923,,,,,,,,
0.8,0.816496580927726,0.8333333333333333,1.0,0.016662037037037038,0.03909259259259259,Libras,2,20,21.0,8,160,none,0.841,5.257003640847923,64.0,2.0,45.0,,,,,
0.9565217391304348,0.9574271077563381,0.9583333333333333,0.998015873015873,0.013653086419753086,0.05270370370370371,Libras,2,20,21.0,8,160,SMOTE-raw,0.841,5.257003640847923,64.0,2.0,45.0,5.487638270799817,0.22612139091820627,0.6841863239590776,,
1.0,1.0,1.0,1.0,0.0068697530864197534,0.032296296296296295,Libras,2,20,21.0,8,160,chain-mean-GPF (PSSTO-style),0.841,5.257003640847923,64.0,2.0,45.0,6.7928483144926375,0.36166603540436365,0.3795132682408698,,
0.9090909090909091,0.9128709291752769,0.9166666666666667,0.9995039682539684,0.011158024691358025,0.03303703703703704,Libras,2,20,21.0,8,160,KNNOR-GPF (M=1),0.841,5.257003640847923,64.0,2.0,45.0,7.012763638749508,0.4058660139748941,0.31009379524004804,0.9696969696969697,1.0
0.9090909090909091,0.9128709291752769,0.9166666666666667,1.0,0.008948518518518519,0.03403703703703704,Libras,2,20,21.0,8,160,KNNOR-GPF (M calibrated),0.841,5.257003640847923,64.0,2.0,45.0,6.785497348814435,0.2754490604813272,0.6771274351854816,0.9142857142857143,1.7999999999999998
0.9090909090909091,0.9128709291752769,0.9166666666666667,0.9990079365079365,0.010163888888888889,0.03587037037037037,Libras,2,20,21.0,8,160,hybrid GPF-nbrs/raw-walk (M calibrated),0.841,5.257003640847923,64.0,2.0,45.0,8.448763864060965,0.23399023214421766,1.8137462258528119,0.8333333333333334,1.7999999999999998
0.9090909090909091,0.9128709291752769,0.9166666666666667,0.9995039682539681,0.011634753086419754,0.03375925925925926,Libras,2,20,21.0,8,160,KNNOR-official-GPF (randmx=1),0.841,5.257003640847923,64.0,2.0,45.0,8.668282226146712,0.4858572768506739,0.2632830205956429,0.9696969696969697,1.0
0.9090909090909091,0.9128709291752769,0.9166666666666667,1.0,0.011589444444444446,0.03379629629629628,Libras,2,20,21.0,8,160,KNNOR-official-GPF (randmx=M*),0.841,5.257003640847923,64.0,2.0,45.0,9.032324255288795,0.35581574318433284,0.6706548217238243,0.9696969696969697,1.7999999999999998
0.9090909090909091,0.9128709291752769,0.9166666666666667,0.9987599206349207,0.011711913580246912,0.027574074074074074,Libras,2,20,21.0,8,160,KNNOR-official-raw (randmx=1),0.841,5.257003640847923,64.0,2.0,45.0,7.270811244969263,0.346315202127739,0.4042947058462257,0.35555555555555557,1.0
0.9090909090909091,0.9128709291752769,0.9166666666666667,0.9995039682539684,0.010130493827160494,0.030074074074074073,Libras,2,20,21.0,8,160,hybrid GPF-nbrs/raw-walk (M raw-calibrated),0.841,5.257003640847923,64.0,2.0,45.0,6.89364756908634,0.2537648760497896,0.8942439781978293,0.8333333333333334,1.4
0.5,0.5773502691896257,0.6666666666666666,0.9667658730158731,0.03354265432098765,0.030759259259259257,Libras,3,5,14.0,12,156,none (raw-flat RF),0.841,2.8756590904025803,,,,,,,,
0.8571428571428571,0.8660254037844386,0.875,0.9990079365079365,0.011861851851851853,0.03262962962962963,Libras,3,5,14.0,12,156,none,0.841,2.8756590904025803,64.0,2.0,45.0,,,,,
1.0,1.0,1.0,1.0,0.01183604938271605,0.05474074074074075,Libras,3,5,14.0,12,156,SMOTE-raw,0.841,2.8756590904025803,64.0,2.0,45.0,2.965445628004714,0.13963282795408127,0.6383565705399598,,
1.0,1.0,1.0,1.0,0.005354814814814815,0.02766666666666667,Libras,3,5,14.0,12,156,chain-mean-GPF (PSSTO-style),0.841,2.8756590904025803,64.0,2.0,45.0,3.2815777193687996,0.21844665183944134,0.43124747295395977,,
0.9090909090909091,0.9128709291752769,0.9166666666666667,1.0,0.008966851851851853,0.03398148148148148,Libras,3,5,14.0,12,156,KNNOR-GPF (M=1),0.841,2.8756590904025803,64.0,2.0,45.0,5.190864485739093,0.4059089627790638,0.20226102566600082,0.7918781725888325,1.0
0.9565217391304348,0.9574271077563381,0.9583333333333333,1.0,0.005545740740740741,0.02864814814814815,Libras,3,5,14.0,12,156,KNNOR-GPF (M calibrated),0.841,2.8756590904025803,64.0,2.0,45.0,4.8149601044081525,0.2067020409426722,0.695708351129308,0.7188940092165899,2.0
0.9565217391304348,0.9574271077563381,0.9583333333333333,0.9992559523809524,0.007994382716049383,0.03138888888888889,Libras,3,5,14.0,12,156,hybrid GPF-nbrs/raw-walk (M calibrated),0.841,2.8756590904025803,64.0,2.0,45.0,9.861225903636603,0.19540972750274632,4.461871137617116,0.609375,2.0
0.9090909090909091,0.9128709291752769,0.9166666666666667,0.9999999999999999,0.009409382716049382,0.035740740740740747,Libras,3,5,14.0,12,156,KNNOR-official-GPF (randmx=1),0.841,2.8756590904025803,64.0,2.0,45.0,5.762777963312212,0.4697942558748507,0.1547919020160119,0.896551724137931,1.0
0.9090909090909091,0.9128709291752769,0.9166666666666667,0.9995039682539683,0.008504135802469137,0.029722222222222223,Libras,3,5,14.0,12,156,KNNOR-official-GPF (randmx=M*),0.841,2.8756590904025803,64.0,2.0,45.0,5.034004440808667,0.2728226060188849,0.7152597652499205,0.8666666666666667,2.0
0.9090909090909091,0.9128709291752769,0.9166666666666667,1.0,0.009819382716049384,0.034481481481481474,Libras,3,5,14.0,12,156,KNNOR-official-raw (randmx=1),0.841,2.8756590904025803,64.0,2.0,45.0,6.107074782918181,0.42481314222608857,0.2824415984912698,0.7609756097560976,1.0
0.9565217391304348,0.9574271077563381,0.9583333333333333,0.9995039682539684,0.008122098765432099,0.03507407407407408,Libras,3,5,14.0,12,156,hybrid GPF-nbrs/raw-walk (M raw-calibrated),0.841,2.8756590904025803,64.0,2.0,45.0,5.246911407858645,0.1600122932075131,1.4500521187016946,0.609375,1.6
0.5,0.5773502691896257,0.6666666666666666,0.956845238095238,0.03408543209876543,0.03448148148148148,Libras,3,10,14.0,12,156,none (raw-flat RF),0.841,2.8756590904025803,,,,,,,,
0.9090909090909091,0.9128709291752769,0.9166666666666667,0.9990079365079365,0.011778209876543209,0.031870370370370375,Libras,3,10,14.0,12,156,none,0.841,2.8756590904025803,64.0,2.0,45.0,,,,,
1.0,1.0,1.0,1.0,0.011222098765432098,0.05496296296296298,Libras,3,10,14.0,12,156,SMOTE-raw,0.841,2.8756590904025803,64.0,2.0,45.0,3.1767571344141405,0.14623399343923504,0.6641364189173845,,
0.96,0.9970193674385764,0.9970238095238095,1.0,0.006765432098765433,0.025444444444444443,Libras,3,10,14.0,12,156,chain-mean-GPF (PSSTO-style),0.841,2.8756590904025803,64.0,2.0,45.0,3.5008701856321753,0.2387559313821616,0.4014504751198223,,
0.9090909090909091,0.9128709291752769,0.9166666666666667,1.0,0.008479629629629629,0.03048148148148148,Libras,3,10,14.0,12,156,KNNOR-GPF (M=1),0.841,2.8756590904025803,64.0,2.0,45.0,5.013971114193444,0.3898275196407548,0.21442139848183348,0.7918781725888325,1.0
0.9565217391304348,0.9574271077563381,0.9583333333333333,1.0,0.00494030864197531,0.02653703703703704,Libras,3,10,14.0,12,156,KNNOR-GPF (M calibrated),0.841,2.8756590904025803,64.0,2.0,45.0,4.6365302537560975,0.20267226491222068,0.6940195342145754,0.7222222222222222,2.0
0.9090909090909091,0.9128709291752769,0.9166666666666667,0.9995039682539684,0.007960864197530863,0.027962962962962967,Libras,3,10,14.0,12,156,hybrid GPF-nbrs/raw-walk (M calibrated),0.841,2.8756590904025803,64.0,2.0,45.0,10.46739985721027,0.20573467287905722,4.29829491598044,0.609375,2.0
0.9090909090909091,0.9128709291752769,0.9166666666666667,1.0,0.00901672839506173,0.031055555555555555,Libras,3,10,14.0,12,156,KNNOR-official-GPF (randmx=1),0.841,2.8756590904025803,64.0,2.0,45.0,5.870564190075784,0.46528220297764233,0.16194234984931224,0.9341317365269461,1.0
0.9565217391304348,0.9574271077563381,0.9583333333333333,1.0,0.006974382716049384,0.03146296296296296,Libras,3,10,14.0,12,156,KNNOR-official-GPF (randmx=M*),0.841,2.8756590904025803,64.0,2.0,45.0,5.473542535798389,0.27493966621231053,0.7961074111713342,0.8715083798882681,2.0
0.9090909090909091,0.9128709291752769,0.9166666666666667,0.9995039682539681,0.009533518518518518,0.03453703703703704,Libras,3,10,14.0,12,156,KNNOR-official-raw (randmx=1),0.841,2.8756590904025803,64.0,2.0,45.0,5.637677392503653,0.37174544158079503,0.3303897848911186,0.8041237113402062,1.0
0.9090909090909091,0.9128709291752769,0.9166666666666667,0.9995039682539683,0.008974753086419754,0.03146296296296297,Libras,3,10,14.0,12,156,hybrid GPF-nbrs/raw-walk (M raw-calibrated),0.841,2.8756590904025803,64.0,2.0,45.0,4.303265033511517,0.17798591049757229,0.805153827587142,0.4875,1.4
0.15384615384615385,0.28867513459481287,0.5416666666666666,0.9543650793650794,0.038205308641975314,0.018407407407407407,Libras,3,20,21.0,8,160,none (raw-flat RF),0.841,3.535208667375052,,,,,,,,
0.8,0.816496580927726,0.8333333333333333,0.9933035714285714,0.01743185185185185,0.030444444444444444,Libras,3,20,21.0,8,160,none,0.841,3.535208667375052,64.0,2.0,45.0,,,,,
0.7272727272727273,0.8116219309075863,0.8273809523809523,0.9920634920634921,0.019254753086419753,0.025166666666666664,Libras,3,20,21.0,8,160,SMOTE-raw,0.841,3.535208667375052,64.0,2.0,45.0,3.324764576943508,0.1385432809573669,0.665035456747576,,
0.9090909090909091,0.9128709291752769,0.9166666666666667,0.9985119047619048,0.0094820987654321,0.022962962962962963,Libras,3,20,21.0,8,160,chain-mean-GPF (PSSTO-style),0.841,3.535208667375052,64.0,2.0,45.0,4.26996659350003,0.3157855600315611,0.31069550068146135,,
0.9090909090909091,0.9128709291752769,0.9166666666666667,0.996031746031746,0.012628765432098765,0.01618518518518518,Libras,3,20,21.0,8,160,KNNOR-GPF (M=1),0.841,3.535208667375052,64.0,2.0,45.0,4.287172073160129,0.36003247065271915,0.26004290091783744,0.8695652173913043,1.0
0.9090909090909091,0.9128709291752769,0.9166666666666667,0.996031746031746,0.012245123456790127,0.02164814814814815,Libras,3,20,21.0,8,160,KNNOR-GPF (M calibrated),0.841,3.535208667375052,64.0,2.0,45.0,4.422142687765575,0.24838945766696835,0.4832767090978935,0.8247422680412371,1.5999999999999999
0.9090909090909091,0.9128709291752769,0.9166666666666667,0.998015873015873,0.011664012345679013,0.02424074074074074,Libras,3,20,21.0,8,160,hybrid GPF-nbrs/raw-walk (M calibrated),0.841,3.535208667375052,64.0,2.0,45.0,6.678584078117865,0.23865826438303617,0.8966782282341041,0.625,1.5999999999999999
0.9090909090909091,0.9128709291752769,0.9166666666666667,0.9975198412698412,0.01037111111111111,0.022888888888888886,Libras,3,20,21.0,8,160,KNNOR-official-GPF (randmx=1),0.841,3.535208667375052,64.0,2.0,45.0,5.985657897871427,0.43008502002889837,0.22049952033693998,0.9580838323353293,1.0
0.9090909090909091,0.9128709291752769,0.9166666666666667,0.9985119047619048,0.010809753086419753,0.031000000000000007,Libras,3,20,21.0,8,160,KNNOR-official-GPF (randmx=M*),0.841,3.535208667375052,64.0,2.0,45.0,7.569259429467234,0.34340045610814934,0.5241949731649722,0.9142857142857143,1.5999999999999999
0.8571428571428571,0.8660254037844386,0.875,0.9962797619047619,0.014546666666666666,0.02718518518518519,Libras,3,20,21.0,8,160,KNNOR-official-raw (randmx=1),0.841,3.535208667375052,64.0,2.0,45.0,6.697211725429369,0.3216466180944424,0.4645809605630736,0.37383177570093457,1.0
0.9090909090909091,0.9128709291752769,0.9166666666666667,0.9995039682539681,0.01101253086419753,0.02383333333333334,Libras,3,20,21.0,8,160,hybrid GPF-nbrs/raw-walk (M raw-calibrated),0.841,3.535208667375052,64.0,2.0,45.0,5.991396973645621,0.2535007148260945,0.6646653565750317,0.625,1.4
0.5882352941176471,0.6454972243679028,0.7083333333333334,0.9556051587301588,0.03321043209876543,0.03598148148148149,Libras,4,5,14.0,12,156,none (raw-flat RF),0.841,2.875659090402584,,,,,,,,
0.9090909090909091,0.9128709291752769,0.9166666666666667,0.9990079365079365,0.01156851851851852,0.027555555555555555,Libras,4,5,14.0,12,156,none,0.841,2.875659090402584,64.0,2.0,45.0,,,,,
1.0,1.0,1.0,1.0,0.012044629629629629,0.05731481481481482,Libras,4,5,14.0,12,156,SMOTE-raw,0.841,2.875659090402584,64.0,2.0,45.0,2.950898911613292,0.13264527289848704,0.6670298250513899,,
1.0,1.0,1.0,1.0,0.005877901234567901,0.02944444444444444,Libras,4,5,14.0,12,156,chain-mean-GPF (PSSTO-style),0.841,2.875659090402584,64.0,2.0,45.0,3.735814491812784,0.2622822858804808,0.35427124553464284,,
0.9090909090909091,0.9128709291752769,0.9166666666666667,0.9995039682539683,0.008854567901234569,0.029592592592592597,Libras,4,5,14.0,12,156,KNNOR-GPF (M=1),0.841,2.875659090402584,64.0,2.0,45.0,5.257928088955408,0.408162135141523,0.202337544484863,0.7959183673469388,1.0
0.9565217391304348,0.9574271077563381,0.9583333333333333,1.0,0.006747098765432098,0.030981481481481478,Libras,4,5,14.0,12,156,KNNOR-GPF (M calibrated),0.841,2.875659090402584,64.0,2.0,45.0,4.8085871075198146,0.2297291787638741,0.6058828575392814,0.7536231884057971,1.7999999999999998
0.9565217391304348,0.9574271077563381,0.9583333333333333,0.9995039682539683,0.008314012345679014,0.03668518518518519,Libras,4,5,14.0,12,156,hybrid GPF-nbrs/raw-walk (M calibrated),0.841,2.875659090402584,64.0,2.0,45.0,7.649365530656164,0.1941157376033258,2.2957920026254137,0.609375,1.7999999999999998
0.9090909090909091,0.9128709291752769,0.9166666666666667,0.9995039682539681,0.009842716049382716,0.02655555555555556,Libras,4,5,14.0,12,156,KNNOR-official-GPF (randmx=1),0.841,2.875659090402584,64.0,2.0,45.0,5.628644814912009,0.46383772537775514,0.16404353198445168,0.9069767441860465,1.0
0.9090909090909091,0.9128709291752769,0.9166666666666667,1.0,0.007830493827160494,0.033629629629629634,Libras,4,5,14.0,12,156,KNNOR-official-GPF (randmx=M*),0.841,2.875659090402584,64.0,2.0,45.0,5.532206593805716,0.3292494286931841,0.47880754872096887,0.8041237113402062,1.7999999999999998
0.9090909090909091,0.9128709291752769,0.9166666666666667,1.0,0.008761358024691357,0.028814814814814817,Libras,4,5,14.0,12,156,KNNOR-official-raw (randmx=1),0.841,2.875659090402584,64.0,2.0,45.0,5.949945049047587,0.4062874843144124,0.30612349379891785,0.7761194029850746,1.0
0.9565217391304348,0.9574271077563381,0.9583333333333333,0.9995039682539683,0.009037962962962961,0.0355740740740741,Libras,4,5,14.0,12,156,hybrid GPF-nbrs/raw-walk (M raw-calibrated),0.841,2.875659090402584,64.0,2.0,45.0,4.287676288085324,0.19030879182114147,0.7454913158800271,0.609375,1.4
0.6666666666666666,0.7071067811865476,0.75,0.9672619047619047,0.0322191975308642,0.03894444444444445,Libras,4,10,14.0,12,156,none (raw-flat RF),0.841,2.875659090402584,,,,,,,,
0.9090909090909091,0.9128709291752769,0.9166666666666667,0.9990079365079365,0.01225283950617284,0.0377037037037037,Libras,4,10,14.0,12,156,none,0.841,2.875659090402584,64.0,2.0,45.0,,,,,
1.0,1.0,1.0,1.0,0.009517345679012346,0.04927777777777778,Libras,4,10,14.0,12,156,SMOTE-raw,0.841,2.875659090402584,64.0,2.0,45.0,2.871978727582176,0.1330953803606545,0.6563794447447915,,
1.0,1.0,1.0,1.0,0.005406913580246914,0.0277037037037037,Libras,4,10,14.0,12,156,chain-mean-GPF (PSSTO-style),0.841,2.875659090402584,64.0,2.0,45.0,3.889979258330408,0.30515506321217073,0.30146756022671617,,
0.9090909090909091,0.9128709291752769,0.9166666666666667,1.0,0.008312283950617285,0.0335,Libras,4,10,14.0,12,156,KNNOR-GPF (M=1),0.841,2.875659090402584,64.0,2.0,45.0,4.841538174121203,0.37728022869492484,0.21948486916658685,0.8297872340425532,1.0
0.9565217391304348,0.9574271077563381,0.9583333333333333,1.0,0.005167098765432099,0.026833333333333338,Libras,4,10,14.0,12,156,KNNOR-GPF (M calibrated),0.841,2.875659090402584,64.0,2.0,45.0,4.54066010839175,0.19698616330672258,0.7277316271072626,0.7358490566037735,2.0
0.9090909090909091,0.9128709291752769,0.9166666666666667,0.9995039682539681,0.007805925925925927,0.029740740740740738,Libras,4,10,14.0,12,156,hybrid GPF-nbrs/raw-walk (M calibrated),0.841,2.875659090402584,64.0,2.0,45.0,10.750967554948135,0.21103530174720386,4.3585199577782445,0.609375,2.0
0.9090909090909091,0.9128709291752769,0.9166666666666667,1.0,0.009909814814814816,0.0360925925925926,Libras,4,10,14.0,12,156,KNNOR-official-GPF (randmx=1),0.841,2.875659090402584,64.0,2.0,45.0,5.396463157346302,0.4452440502832283,0.17346344592963484,0.9285714285714286,1.0
0.9090909090909091,0.9128709291752769,0.9166666666666667,1.0,0.008810185185185187,0.03524074074074075,Libras,4,10,14.0,12,156,KNNOR-official-GPF (randmx=M*),0.841,2.875659090402584,64.0,2.0,45.0,5.38751471072859,0.2637838636616311,0.987611832553181,0.8167539267015707,2.0
0.9090909090909091,0.9128709291752769,0.9166666666666667,0.9995039682539684,0.008950802469135802,0.03064814814814815,Libras,4,10,14.0,12,156,KNNOR-official-raw (randmx=1),0.841,2.875659090402584,64.0,2.0,45.0,5.691605213673634,0.39102657723686784,0.3265668436896085,0.7647058823529411,1.0
0.9565217391304348,0.9574271077563381,0.9583333333333333,0.9995039682539681,0.009241358024691358,0.036814814814814814,Libras,4,10,14.0,12,156,hybrid GPF-nbrs/raw-walk (M raw-calibrated),0.841,2.875659090402584,64.0,2.0,45.0,4.429894940916617,0.18366261790484018,0.8097928925776414,0.4875,1.4
0.15384615384615385,0.28867513459481287,0.5416666666666666,0.9578373015873015,0.038364506172839506,0.03142592592592593,Libras,4,20,21.0,8,160,none (raw-flat RF),0.841,3.0386357132123543,,,,,,,,
0.8,0.816496580927726,0.8333333333333333,0.9965277777777777,0.01684666666666667,0.03303703703703704,Libras,4,20,21.0,8,160,none,0.841,3.0386357132123543,64.0,2.0,45.0,,,,,
0.8695652173913043,0.9101499963594001,0.9136904761904763,0.9975198412698413,0.012771666666666667,0.03487037037037037,Libras,4,20,21.0,8,160,SMOTE-raw,0.841,3.0386357132123543,64.0,2.0,45.0,2.9370739596127287,0.12770962255455154,0.6009670855374643,,
0.9090909090909091,0.9128709291752769,0.9166666666666667,0.9990079365079365,0.008225555555555555,0.020333333333333335,Libras,4,20,21.0,8,160,chain-mean-GPF (PSSTO-style),0.841,3.0386357132123543,64.0,2.0,45.0,4.027459127639098,0.3190161223396169,0.30393180167883466,,
0.9090909090909091,0.9128709291752769,0.9166666666666667,0.9990079365079365,0.00980141975308642,0.018240740740740745,Libras,4,20,21.0,8,160,KNNOR-GPF (M=1),0.841,3.0386357132123543,64.0,2.0,45.0,4.789956491768741,0.4382693595529583,0.14815334120160764,0.7079646017699115,1.0
0.9090909090909091,0.9128709291752769,0.9166666666666667,1.0,0.007479074074074075,0.025722222222222223,Libras,4,20,21.0,8,160,KNNOR-GPF (M calibrated),0.841,3.0386357132123543,64.0,2.0,45.0,4.516304018219728,0.2734790685717271,0.41048749137606055,0.4507042253521127,2.0
0.9090909090909091,0.9128709291752769,0.9166666666666667,0.9995039682539683,0.007890925925925926,0.024129629629629636,Libras,4,20,21.0,8,160,hybrid GPF-nbrs/raw-walk (M calibrated),0.841,3.0386357132123543,64.0,2.0,45.0,8.977079721071426,0.21396752959677567,2.4813291584657517,0.4166666666666667,2.0
0.9090909090909091,0.9128709291752769,0.9166666666666667,0.9995039682539683,0.010012839506172839,0.026259259259259263,Libras,4,20,21.0,8,160,KNNOR-official-GPF (randmx=1),0.841,3.0386357132123543,64.0,2.0,45.0,5.444659436067781,0.5234553859639322,0.09928242830121033,0.8556149732620321,1.0
0.9090909090909091,0.9128709291752769,0.9166666666666667,1.0,0.009523827160493823,0.02607407407407408,Libras,4,20,21.0,8,160,KNNOR-official-GPF (randmx=M*),0.841,3.0386357132123543,64.0,2.0,45.0,5.641319507551874,0.5315125790594732,0.09638278135119865,0.6986899563318777,2.0
0.9565217391304348,0.9574271077563381,0.9583333333333333,1.0,0.006780061728395062,0.028981481481481483,Libras,4,20,21.0,8,160,KNNOR-official-raw (randmx=1),0.841,3.0386357132123543,64.0,2.0,45.0,4.558880105457085,0.23434375526536616,0.44594363679669535,0.53156146179402,1.0
0.9090909090909091,0.9128709291752769,0.9166666666666667,1.0,0.008884938271604938,0.0297037037037037,Libras,4,20,21.0,8,160,hybrid GPF-nbrs/raw-walk (M raw-calibrated),0.841,3.0386357132123543,64.0,2.0,45.0,6.599742569248008,0.2361626146233975,0.9292120821673366,0.4166666666666667,1.6
0.1702127659574468,0.30499714066520933,0.5465116279069767,0.8459569020695541,0.1596002192982456,0.10682017543859648,RacketSports,0,5,4.9,22,86,none (raw-flat RF),0.138,1.5284111391976722,,,,,,,,
0.27450980392156865,0.40161823294666765,0.5768081928739066,0.8216343076594836,0.16869554093567252,0.11085526315789473,RacketSports,0,5,4.9,22,86,none,0.138,1.5284111391976722,64.0,6.0,30.0,,,,,
0.3880597014925373,0.5213594348787626,0.6007040751013442,0.8228077661617239,0.15946973684210528,0.07662280701754384,RacketSports,0,5,4.9,22,86,SMOTE-raw,0.138,1.5284111391976722,64.0,6.0,30.0,1.1539701240196543,0.07429111254157628,0.39615229111285155,,
0.19230769230769232,0.3346818607888897,0.5397909110305099,0.8539577554939194,0.15761820175438596,0.1476535087719298,RacketSports,0,5,4.9,22,86,chain-mean-GPF (PSSTO-style),0.138,1.5284111391976722,64.0,6.0,30.0,1.5026786721081553,0.0968397726858865,0.4590197246611868,,
0.18867924528301888,0.3330843248856537,0.5352037550672072,0.833368892681886,0.16386834795321636,0.12160087719298246,RacketSports,0,5,4.9,22,86,KNNOR-GPF (M=1),0.138,1.5284111391976722,64.0,6.0,30.0,2.151598463415638,0.18605516349386264,0.20172082513644954,0.38738738738738737,1.0
0.3870967741935484,0.5110262769870864,0.607424791977811,0.8284617025816087,0.15450453216374269,0.06903508771929823,RacketSports,0,5,4.9,22,86,KNNOR-GPF (M calibrated),0.138,1.5284111391976722,64.0,6.0,30.0,1.5741912365529789,0.0984987908907129,0.4523945825202744,0.47513812154696133,2.1999999999999997
0.2692307692307692,0.3997545651971831,0.5722210369106038,0.7921911670578194,0.1658550438596491,0.0649780701754386,RacketSports,0,5,4.9,22,86,hybrid GPF-nbrs/raw-walk (M calibrated),0.138,1.5284111391976722,64.0,6.0,30.0,8.472941811160595,0.24860270213935187,4.049237990029628,0.4479166666666667,2.1999999999999997
0.1568627450980392,0.2993485566240315,0.5281630040537657,0.8525709409003627,0.16114035087719297,0.1337719298245614,RacketSports,0,5,4.9,22,86,KNNOR-official-GPF (randmx=1),0.138,1.5284111391976722,64.0,6.0,30.0,2.555700365507997,0.20302401449142682,0.2390306591661847,0.4,1.0
0.1568627450980392,0.2993485566240315,0.5281630040537657,0.8455301898869213,0.16303888888888887,0.1168421052631579,RacketSports,0,5,4.9,22,86,KNNOR-official-GPF (randmx=M*),0.138,1.5284111391976722,64.0,6.0,30.0,2.0244136601506533,0.15803667174998193,0.5267752241651132,0.40375586854460094,2.1999999999999997
0.2909090909090909,0.4233427886545157,0.5746746319607425,0.8259014294858118,0.1613218567251462,0.11467105263157894,RacketSports,0,5,4.9,22,86,KNNOR-official-raw (randmx=1),0.138,1.5284111391976722,64.0,6.0,30.0,2.097468368717651,0.23014866517100485,0.1599194809006649,1.0,1.0
0.3333333333333333,0.4665010323061839,0.5841689780243227,0.8341156390014935,0.15251198830409357,0.07399122807017544,RacketSports,0,5,4.9,22,86,hybrid GPF-nbrs/raw-walk (M raw-calibrated),0.138,1.5284111391976722,64.0,6.0,30.0,3.6829511154369605,0.16168343357023818,1.310114690033665,0.4479166666666667,1.7999999999999998
0.0,0.0,0.5,0.7162363985491786,0.20000350877192982,0.16105263157894734,RacketSports,0,10,9.8,11,97,none (raw-flat RF),0.138,2.6641264179829083,,,,,,,,
0.045454545454545456,0.15249857033260467,0.5116279069767442,0.794004693834009,0.19951805555555555,0.17506578947368423,RacketSports,0,10,9.8,11,97,none,0.138,2.6641264179829083,64.0,6.0,30.0,,,,,
0.3103448275862069,0.4447258668554252,0.5771282270108812,0.7622146362278642,0.17846096491228067,0.11232456140350877,RacketSports,0,10,9.8,11,97,SMOTE-raw,0.138,2.6641264179829083,64.0,6.0,30.0,1.9509500131661035,0.11655131252585849,0.49991090352951617,,
0.22641509433962265,0.3666256094837572,0.5514188180072541,0.7474930659270322,0.18854049707602338,0.12596491228070172,RacketSports,0,10,9.8,11,97,chain-mean-GPF (PSSTO-style),0.138,2.6641264179829083,64.0,6.0,30.0,2.6236073922887275,0.17121467921536393,0.42700912076323805,,
0.125,0.2617007934886073,0.5257094090036271,0.7323447834435672,0.1983735380116959,0.14486842105263156,RacketSports,0,10,9.8,11,97,KNNOR-GPF (M=1),0.138,2.6641264179829083,64.0,6.0,30.0,3.964348757026464,0.4312063663935051,0.09302370686118297,0.5388888888888889,1.0
0.19230769230769232,0.3346818607888897,0.5397909110305099,0.7430125880093876,0.19472938596491227,0.15245614035087718,RacketSports,0,10,9.8,11,97,KNNOR-GPF (M calibrated),0.138,2.6641264179829083,64.0,6.0,30.0,3.0963153641497954,0.259742815866849,0.22554436486225476,0.4349775784753363,2.0
0.21818181818181817,0.3631171497375738,0.5422445060806486,0.7055685939833582,0.20598786549707607,0.16144736842105262,RacketSports,0,10,9.8,11,97,hybrid GPF-nbrs/raw-walk (M calibrated),0.138,2.6641264179829083,64.0,6.0,30.0,7.935620845162354,0.23644819798513395,3.521026430252088,0.37890625,2.0
0.1276595744680851,0.26292085042178737,0.5302965649669298,0.7330915297631747,0.20512602339181285,0.1623684210526316,RacketSports,0,10,9.8,11,97,KNNOR-official-GPF (randmx=1),0.138,2.6641264179829083,64.0,6.0,30.0,5.877657771207538,0.32985937943892907,0.47390417032687415,0.2579787234042553,1.0
0.16666666666666666,0.30359484753316857,0.541924471943674,0.7443994026029442,0.19894385964912278,0.15657894736842104,RacketSports,0,10,9.8,11,97,KNNOR-official-GPF (randmx=M*),0.138,2.6641264179829083,64.0,6.0,30.0,4.533007476370717,0.2601842847975312,0.9950514267491956,0.26430517711171664,2.0
0.22641509433962265,0.3666256094837572,0.5514188180072541,0.747386387881374,0.1923763888888889,0.12905701754385965,RacketSports,0,10,9.8,11,97,KNNOR-official-raw (randmx=1),0.138,2.6641264179829083,64.0,6.0,30.0,2.545278055852517,0.2635186647396107,0.19624369493169558,0.9065420560747663,1.0
0.18181818181818182,0.3298660433742273,0.5260294431406017,0.7150629400469383,0.20396790935672512,0.15278508771929825,RacketSports,0,10,9.8,11,97,hybrid GPF-nbrs/raw-walk (M raw-calibrated),0.138,2.6641264179829083,64.0,6.0,30.0,5.6574453328460805,0.22794095585782803,2.246797055428138,0.303125,1.7999999999999998
0.0,0.0,0.5,0.7078088329421804,0.23309539473684207,0.20506578947368423,RacketSports,0,20,21.6,5,103,none (raw-flat RF),0.138,7.5167742212692,,,,,,,,
0.0,0.0,0.5,0.6558566247066354,0.2499795321637427,0.21517543859649127,RacketSports,0,20,21.6,5,103,none,0.138,7.5167742212692,64.0,6.0,30.0,,,,,
0.08333333333333333,0.21267696480596646,0.5094943460635801,0.6544698101130788,0.219615350877193,0.18008771929824566,RacketSports,0,20,21.6,5,103,SMOTE-raw,0.138,7.5167742212692,64.0,6.0,30.0,4.75298070249478,0.14839085381991568,0.3891994619105155,,
0.0,0.0,0.5,0.5884360998506507,0.2413614035087719,0.21473684210526314,RacketSports,0,20,21.6,5,103,chain-mean-GPF (PSSTO-style),0.138,7.5167742212692,64.0,6.0,30.0,9.318550323958034,0.445301126230507,0.2533210987654396,,
0.0,0.0,0.5,0.5933432899509281,0.2416530701754386,0.20153508771929823,RacketSports,0,20,21.6,5,103,KNNOR-GPF (M=1),0.138,7.5167742212692,64.0,6.0,30.0,7.94635106797193,0.4546428029776951,0.07282462545975817,0.7923076923076923,1.0
0.0,0.0,0.5,0.5903563046724982,0.24174883040935674,0.19517543859649125,RacketSports,0,20,21.6,5,103,KNNOR-GPF (M calibrated),0.138,7.5167742212692,64.0,6.0,30.0,7.664854613267009,0.4456143582488745,0.0709246978885355,0.6688311688311688,1.4
0.0,0.0,0.4954128440366973,0.6227864305525922,0.22716564327485383,0.20219298245614037,RacketSports,0,20,21.6,5,103,hybrid GPF-nbrs/raw-walk (M calibrated),0.138,7.5167742212692,64.0,6.0,30.0,17.4804995062319,0.4808732524228211,0.5010836375433674,0.17881944444444445,1.4
0.0,0.0,0.5,0.7128227010881161,0.23898209064327486,0.2231359649122807,RacketSports,0,20,21.6,5,103,KNNOR-official-GPF (randmx=1),0.138,7.5167742212692,64.0,6.0,30.0,14.007789143310346,0.8314633396696018,2.4439186482546408e-31,0.3814814814814815,1.0
0.045454545454545456,0.15249857033260467,0.5116279069767442,0.7009814380200554,0.24031235380116958,0.22243421052631576,RacketSports,0,20,21.6,5,103,KNNOR-official-GPF (randmx=M*),0.138,7.5167742212692,64.0,6.0,30.0,15.764380154235544,0.8923271660867795,2.9630670346454227e-31,0.3814814814814815,1.4
0.0,0.0,0.5,0.6669511414550885,0.2425908625730994,0.21660087719298243,RacketSports,0,20,21.6,5,103,KNNOR-official-raw (randmx=1),0.138,7.5167742212692,64.0,6.0,30.0,6.577054096511526,0.6051313514930098,1.1326176212163921e-33,0.3814814814814815,1.0
0.0,0.0,0.5,0.6260934499679965,0.22748596491228068,0.18289473684210528,RacketSports,0,20,21.6,5,103,hybrid GPF-nbrs/raw-walk (M raw-calibrated),0.138,7.5167742212692,64.0,6.0,30.0,19.969790745015708,0.5174329675682041,0.5276829034359292,0.201171875,1.2
0.08888888888888889,0.21566554640687682,0.5232558139534884,0.9005760614465543,0.15493450292397662,0.13513157894736844,RacketSports,1,5,4.9,22,86,none (raw-flat RF),0.138,1.1094685675742877,,,,,,,,
0.2962962962962963,0.4253539296119329,0.5792617879240453,0.8072327714956261,0.16831915204678363,0.12885964912280704,RacketSports,1,5,4.9,22,86,none,0.138,1.1094685675742877,64.0,6.0,30.0,,,,,
0.5074626865671642,0.6082429303679985,0.6655643268615319,0.8544911457222104,0.14462755847953215,0.07107456140350876,RacketSports,1,5,4.9,22,86,SMOTE-raw,0.138,1.1094685675742877,64.0,6.0,30.0,1.0295223427074927,0.09227483362961719,0.45232487023285484,,
0.40625,0.5292792721224235,0.6144655429912524,0.8361425218689994,0.15390555555555552,0.09324561403508771,RacketSports,1,5,4.9,22,86,chain-mean-GPF (PSSTO-style),0.138,1.1094685675742877,64.0,6.0,30.0,1.1824888560478275,0.10556501464905688,0.4355987664863826,,
0.27586206896551724,0.4172512079241811,0.5609131640708342,0.8566247066353745,0.15143706140350877,0.10081140350877192,RacketSports,1,5,4.9,22,86,KNNOR-GPF (M=1),0.138,1.1094685675742877,64.0,6.0,30.0,2.0735763747146247,0.3043428838664,0.14143280611993966,1.0,1.0
0.5,0.6052540035309728,0.6609771708982292,0.8550245359505014,0.14401293859649122,0.09958333333333333,RacketSports,1,5,4.9,22,86,KNNOR-GPF (M calibrated),0.138,1.1094685675742877,64.0,6.0,30.0,1.6642161478557238,0.17113289329219772,0.3155930431227423,0.9885057471264368,2.0
0.5,0.6052540035309728,0.6609771708982292,0.84798378493706,0.14912397660818713,0.061184210526315785,RacketSports,1,5,4.9,22,86,hybrid GPF-nbrs/raw-walk (M calibrated),0.138,1.1094685675742877,64.0,6.0,30.0,1.7115991106783852,0.12165986564858977,0.665460953363846,0.671875,2.0
0.32786885245901637,0.4642086300679589,0.5795818220610198,0.8457435459782376,0.15559312865497077,0.10618421052631577,RacketSports,1,5,4.9,22,86,KNNOR-official-GPF (randmx=1),0.138,1.1094685675742877,64.0,6.0,30.0,2.091273451108835,0.28557335592497013,0.16043618580332455,0.945054945054945,1.0
0.38095238095238093,0.508515076153584,0.6028376360145082,0.8520375506720715,0.15114115497076025,0.09331140350877191,RacketSports,1,5,4.9,22,86,KNNOR-official-GPF (randmx=M*),0.138,1.1094685675742877,64.0,6.0,30.0,2.047170680235654,0.17383477475065834,0.640065433966504,0.8269230769230769,2.0
0.25925925925925924,0.39600091807666205,0.5630467249839983,0.8320887561339876,0.16327595029239764,0.08932017543859651,RacketSports,1,5,4.9,22,86,KNNOR-official-raw (randmx=1),0.138,1.1094685675742877,64.0,6.0,30.0,2.166411224204163,0.26466227334365766,0.21139650108520852,0.9772727272727273,1.0
0.5217391304347826,0.6228012315444054,0.6726050778749734,0.8451034777042884,0.1482657894736842,0.0769736842105263,RacketSports,1,5,4.9,22,86,hybrid GPF-nbrs/raw-walk (M raw-calibrated),0.138,1.1094685675742877,64.0,6.0,30.0,1.6595606059089913,0.13543726484209018,0.5081450541926049,0.671875,1.7999999999999998
0.0,0.0,0.5,0.7254107104757841,0.198140716374269,0.16581140350877194,RacketSports,1,10,9.8,11,97,none (raw-flat RF),0.138,3.556758252911008,,,,,,,,
0.045454545454545456,0.15249857033260467,0.5116279069767442,0.7109024962662684,0.21832807017543862,0.1867543859649123,RacketSports,1,10,9.8,11,97,none,0.138,3.556758252911008,64.0,6.0,30.0,,,,,
0.25,0.3922113484323592,0.5538724130573928,0.7330915297631747,0.18595263157894734,0.1332017543859649,RacketSports,1,10,9.8,11,97,SMOTE-raw,0.138,3.556758252911008,64.0,6.0,30.0,1.4085642686474245,0.08368098573275862,0.4115979357712226,,
0.12,0.2592434546226157,0.5165350970770215,0.7175165350970769,0.19431359649122806,0.13894736842105262,RacketSports,1,10,9.8,11,97,chain-mean-GPF (PSSTO-style),0.138,3.556758252911008,64.0,6.0,30.0,2.8679411404730732,0.18317970118204874,0.3648835028908714,,
0.08695652173913043,0.21467397542399946,0.5186686579901857,0.7191167057819501,0.20307638888888888,0.149890350877193,RacketSports,1,10,9.8,11,97,KNNOR-GPF (M=1),0.138,3.556758252911008,64.0,6.0,30.0,4.6428878922290995,0.3696571434451546,0.134526449019797,0.23832923832923833,1.0
0.125,0.2617007934886073,0.5257094090036271,0.7183699594623425,0.19678004385964912,0.13668859649122808,RacketSports,1,10,9.8,11,97,KNNOR-GPF (M calibrated),0.138,3.556758252911008,64.0,6.0,30.0,5.904352897418834,0.3370271596704141,0.34664313796756296,0.3211920529801324,2.1999999999999997
0.08333333333333333,0.21267696480596646,0.5094943460635801,0.6868999359931727,0.21899298245614038,0.1790350877192982,RacketSports,1,10,9.8,11,97,hybrid GPF-nbrs/raw-walk (M calibrated),0.138,3.556758252911008,64.0,6.0,30.0,24.89181832710443,0.494959810109285,7.39005581271425,0.37890625,2.1999999999999997
0.125,0.2617007934886073,0.5257094090036271,0.7094090036270535,0.20224488304093566,0.18859649122807018,RacketSports,1,10,9.8,11,97,KNNOR-official-GPF (randmx=1),0.138,3.556758252911008,64.0,6.0,30.0,3.9951164688188427,0.3020844282235672,0.13507885990166077,0.3108974358974359,1.0
0.1568627450980392,0.2993485566240315,0.5281630040537657,0.681352677618946,0.20837573099415208,0.15491228070175436,RacketSports,1,10,9.8,11,97,KNNOR-official-GPF (randmx=M*),0.138,3.556758252911008,64.0,6.0,30.0,4.408803318464274,0.14671776442628537,2.4957959908568084,0.2755681818181818,2.1999999999999997
0.0425531914893617,0.1503853240164716,0.497866439086836,0.7235971836995946,0.20170197368421053,0.1657236842105263,RacketSports,1,10,9.8,11,97,KNNOR-official-raw (randmx=1),0.138,3.556758252911008,64.0,6.0,30.0,3.2222921210557818,0.1738892486125866,0.31884155688911026,0.2844574780058651,1.0
0.125,0.2617007934886073,0.5257094090036271,0.6840196287604011,0.21363969298245608,0.17677631578947364,RacketSports,1,10,9.8,11,97,hybrid GPF-nbrs/raw-walk (M raw-calibrated),0.138,3.556758252911008,64.0,6.0,30.0,16.408417456563804,0.5184177868330669,1.9787967366779187,0.303125,1.7999999999999998
0.0,0.0,0.5,0.7570940900362706,0.22547309941520466,0.2120175438596491,RacketSports,1,20,21.6,5,103,none (raw-flat RF),0.138,4.53900128964732,,,,,,,,
0.045454545454545456,0.15249857033260467,0.5116279069767442,0.7020482184766375,0.22923567251461988,0.21807017543859644,RacketSports,1,20,21.6,5,103,none,0.138,4.53900128964732,64.0,6.0,30.0,,,,,
0.13043478260869565,0.26413527189768715,0.5348837209302325,0.8140601664177513,0.20718194444444443,0.20160087719298245,RacketSports,1,20,21.6,5,103,SMOTE-raw,0.138,4.53900128964732,64.0,6.0,30.0,3.14019993561417,0.17869675411076424,0.39745835360531323,,
0.045454545454545456,0.15249857033260467,0.5116279069767442,0.7559206315340303,0.21307858187134507,0.19984649122807016,RacketSports,1,20,21.6,5,103,chain-mean-GPF (PSSTO-style),0.138,4.53900128964732,64.0,6.0,30.0,5.67287352825106,0.35272049209487044,0.2578237194728252,,
0.0,0.0,0.5,0.7461062513334755,0.21693961988304095,0.2073684210526316,RacketSports,1,20,21.6,5,103,KNNOR-GPF (M=1),0.138,4.53900128964732,64.0,6.0,30.0,8.474130970257786,0.5502965014106078,0.15463486911107607,0.7304964539007093,1.0
0.045454545454545456,0.15249857033260467,0.5116279069767442,0.7633880947301045,0.21327390350877193,0.20432017543859649,RacketSports,1,20,21.6,5,103,KNNOR-GPF (M calibrated),0.138,4.53900128964732,64.0,6.0,30.0,8.997660608444566,0.5051754466266889,0.2506099002478278,0.7686567164179104,1.5999999999999999
0.045454545454545456,0.15249857033260467,0.5116279069767442,0.7959248986558566,0.19618179824561402,0.18655701754385964,RacketSports,1,20,21.6,5,103,hybrid GPF-nbrs/raw-walk (M calibrated),0.138,4.53900128964732,64.0,6.0,30.0,8.432182041466895,0.3003976521801428,1.4757582324259622,0.5364583333333334,1.5999999999999999
0.045454545454545456,0.15249857033260467,0.5116279069767442,0.7498399829315127,0.22077763157894736,0.20780701754385963,RacketSports,1,20,21.6,5,103,KNNOR-official-GPF (randmx=1),0.138,4.53900128964732,64.0,6.0,30.0,8.767804910512513,0.5458054036709251,0.16640750179265956,0.6167664670658682,1.0
0.045454545454545456,0.15249857033260467,0.5116279069767442,0.7648815873693194,0.21980233918128655,0.19609649122807016,RacketSports,1,20,21.6,5,103,KNNOR-official-GPF (randmx=M*),0.138,4.53900128964732,64.0,6.0,30.0,8.697108800122685,0.49577593231281886,0.26872838744814004,0.5597826086956522,1.5999999999999999
0.045454545454545456,0.15249857033260467,0.5116279069767442,0.7586942607211435,0.22210840643274854,0.21146929824561406,RacketSports,1,20,21.6,5,103,KNNOR-official-raw (randmx=1),0.138,4.53900128964732,64.0,6.0,30.0,6.557398516688224,0.34838808678275124,0.3501005790156219,0.40551181102362205,1.0
0.045454545454545456,0.15249857033260467,0.5116279069767442,0.7712822701088116,0.2000997076023392,0.19122807017543855,RacketSports,1,20,21.6,5,103,hybrid GPF-nbrs/raw-walk (M raw-calibrated),0.138,4.53900128964732,64.0,6.0,30.0,7.929559021702261,0.31873112334056874,1.1070343525419237,0.5364583333333334,1.4
0.27450980392156865,0.40161823294666765,0.5768081928739066,0.8592916577768295,0.14997580409356726,0.08752192982456142,RacketSports,2,5,4.9,22,86,none (raw-flat RF),0.138,1.0654965340991378,,,,,,,,
0.4074074074074074,0.5057805388588732,0.627906976744186,0.9012161297205036,0.13473084795321638,0.09938596491228072,RacketSports,2,5,4.9,22,86,none,0.138,1.0654965340991378,64.0,6.0,30.0,,,,,
0.6486486486486487,0.7227002916441674,0.7469596756987412,0.9014294858118198,0.12056461988304093,0.09350877192982457,RacketSports,2,5,4.9,22,86,SMOTE-raw,0.138,1.0654965340991378,64.0,6.0,30.0,1.3937551369405146,0.08404093776101262,0.5021789456443215,,
0.6,0.679329982789946,0.7166631107318113,0.9005760614465543,0.12476666666666668,0.11807017543859646,RacketSports,2,5,4.9,22,86,chain-mean-GPF (PSSTO-style),0.138,1.0654965340991378,64.0,6.0,30.0,1.2528580064909232,0.0769446796988652,0.43690092389379964,,
0.6086956521739131,0.682619735603237,0.7212502666951142,0.9007894175378707,0.12727236842105263,0.11960526315789474,RacketSports,2,5,4.9,22,86,KNNOR-GPF (M=1),0.138,1.0654965340991378,64.0,6.0,30.0,1.785001004143032,0.16936294840729427,0.16660624670135485,0.7413793103448276,1.0
0.6197183098591549,0.6953164048999408,0.7282910177085555,0.8979091103050992,0.12613048245614034,0.11296052631578947,RacketSports,2,5,4.9,22,86,KNNOR-GPF (M calibrated),0.138,1.0654965340991378,64.0,6.0,30.0,1.1915035854148908,0.06838021182139087,0.37845403050866383,0.6466165413533834,2.1999999999999997
0.6388888888888888,0.7109434438326078,0.7399189246852997,0.8843609985065073,0.12670847953216374,0.12210526315789474,RacketSports,2,5,4.9,22,86,hybrid GPF-nbrs/raw-walk (M calibrated),0.138,1.0654965340991378,64.0,6.0,30.0,2.6216373288768313,0.0864846840455954,2.255914675823883,0.4479166666666667,2.1999999999999997
0.5671641791044776,0.6493008828280002,0.6979944527416257,0.9066567100490718,0.12353435672514619,0.11785087719298246,RacketSports,2,5,4.9,22,86,KNNOR-official-GPF (randmx=1),0.138,1.0654965340991378,64.0,6.0,30.0,1.9250909288882259,0.18709952845125388,0.15591807481007672,0.7350427350427351,1.0
0.5671641791044776,0.6493008828280002,0.6979944527416257,0.8940687006614039,0.1246251461988304,0.11078947368421053,RacketSports,2,5,4.9,22,86,KNNOR-official-GPF (randmx=M*),0.138,1.0654965340991378,64.0,6.0,30.0,1.7590162465308747,0.15775935571630606,0.21224838045077107,0.6142857142857143,2.1999999999999997
0.47619047619047616,0.5769189739067307,0.651482824834649,0.9005760614465542,0.13179261695906433,0.14524122807017545,RacketSports,2,5,4.9,22,86,KNNOR-official-raw (randmx=1),0.138,1.0654965340991378,64.0,6.0,30.0,2.6368051433507116,0.2613161762118224,0.171859594503276,0.8958333333333334,1.0
0.6301369863013698,0.7074838444998521,0.735331768721997,0.891508427565607,0.1245516081871345,0.09017543859649123,RacketSports,2,5,4.9,22,86,hybrid GPF-nbrs/raw-walk (M raw-calibrated),0.138,1.0654965340991378,64.0,6.0,30.0,1.9345275071055692,0.07010252557027974,0.8910513124030377,0.3359375,1.7999999999999998
0.0,0.0,0.5,0.7548538510774483,0.1953875730994152,0.15991228070175442,RacketSports,2,10,9.8,11,97,none (raw-flat RF),0.138,3.049676910923157,,,,,,,,
0.0,0.0,0.5,0.7584809046298272,0.21914627192982453,0.1904605263157895,RacketSports,2,10,9.8,11,97,none,0.138,3.049676910923157,64.0,6.0,30.0,,,,,
0.3448275862068966,0.4710523696671776,0.5933432899509281,0.7965649669298058,0.17000884502923974,0.10563596491228068,RacketSports,2,10,9.8,11,97,SMOTE-raw,0.138,3.049676910923157,64.0,6.0,30.0,1.5662452116194192,0.1069730252486848,0.31665936055251087,,
0.16326530612244897,0.3021860471355721,0.5373373159803713,0.794004693834009,0.18847755847953215,0.14230263157894738,RacketSports,2,10,9.8,11,97,chain-mean-GPF (PSSTO-style),0.138,3.049676910923157,64.0,6.0,30.0,2.552508673879341,0.16489792548394044,0.38598338638394086,,
0.125,0.2617007934886073,0.5257094090036271,0.7663750800085343,0.19985248538011696,0.1531140350877193,RacketSports,2,10,9.8,11,97,KNNOR-GPF (M=1),0.138,3.049676910923157,64.0,6.0,30.0,4.743523184328824,0.43141016617358613,0.09645580209238447,0.4349775784753363,1.0
0.2222222222222222,0.36487559658250374,0.5468316620439514,0.7689353531043311,0.19088260233918128,0.1370175438596491,RacketSports,2,10,9.8,11,97,KNNOR-GPF (M calibrated),0.138,3.049676910923157,64.0,6.0,30.0,4.48189406713856,0.3103689770834197,0.2167809686365442,0.2904191616766467,2.0
0.21052631578947367,0.3595744586837929,0.5330701941540431,0.7331982078088329,0.19876608187134504,0.1475,RacketSports,2,10,9.8,11,97,hybrid GPF-nbrs/raw-walk (M calibrated),0.138,3.049676910923157,64.0,6.0,30.0,12.124100347470536,0.30781906183635155,4.228158838269384,0.37890625,2.0
0.1276595744680851,0.26292085042178737,0.5302965649669298,0.7974183912950714,0.18834875730994152,0.14010964912280702,RacketSports,2,10,9.8,11,97,KNNOR-official-GPF (randmx=1),0.138,3.049676910923157,64.0,6.0,30.0,4.579350847796698,0.3055826040271852,0.25330064915093126,0.5159574468085106,1.0
0.1276595744680851,0.26292085042178737,0.5302965649669298,0.794004693834009,0.18610526315789477,0.1368421052631579,RacketSports,2,10,9.8,11,97,KNNOR-official-GPF (randmx=M*),0.138,3.049676910923157,64.0,6.0,30.0,3.211376929404196,0.20288865555956537,0.5226782185860175,0.5480225988700564,2.0
0.15384615384615385,0.2979196770735786,0.523575848090463,0.7611478557712823,0.1966018274853801,0.14989035087719296,RacketSports,2,10,9.8,11,97,KNNOR-official-raw (randmx=1),0.138,3.049676910923157,64.0,6.0,30.0,2.5097248764091997,0.22911899770713295,0.16695710055107482,0.9603960396039604,1.0
0.18867924528301888,0.3330843248856537,0.5352037550672072,0.7267975250693407,0.2017902046783626,0.15192982456140353,RacketSports,2,10,9.8,11,97,hybrid GPF-nbrs/raw-walk (M raw-calibrated),0.138,3.049676910923157,64.0,6.0,30.0,7.148407533098306,0.26519928563551254,0.9848030433005014,0.2526041666666667,1.6
0.0,0.0,0.5,0.7217836569234053,0.235946418128655,0.22085526315789472,RacketSports,2,20,21.6,5,103,none (raw-flat RF),0.138,5.578594650108736,,,,,,,,
0.0,0.0,0.5,0.7701088116065714,0.2349824561403509,0.20824561403508776,RacketSports,2,20,21.6,5,103,none,0.138,5.578594650108736,64.0,6.0,30.0,,,,,
0.16326530612244897,0.3021860471355721,0.5373373159803713,0.8357158096863665,0.18897551169590643,0.1619078947368421,RacketSports,2,20,21.6,5,103,SMOTE-raw,0.138,5.578594650108736,64.0,6.0,30.0,3.0869802395575423,0.17723675634670055,0.31436419475966115,,
0.045454545454545456,0.15249857033260467,0.5116279069767442,0.742159163644122,0.20264729532163744,0.1705043859649123,RacketSports,2,20,21.6,5,103,chain-mean-GPF (PSSTO-style),0.138,5.578594650108736,64.0,6.0,30.0,5.884102754844589,0.33548237299787276,0.2575692903113615,,
0.045454545454545456,0.15249857033260467,0.5116279069767442,0.7182632814166844,0.22478932748538014,0.19241228070175437,RacketSports,2,20,21.6,5,103,KNNOR-GPF (M=1),0.138,5.578594650108736,64.0,6.0,30.0,8.315467476423185,0.6467677810504393,0.04838163495221823,0.40234375,1.0
0.044444444444444446,0.15179742376658428,0.5070407510134415,0.7174098570514189,0.22291900584795324,0.18508771929824558,RacketSports,2,20,21.6,5,103,KNNOR-GPF (M calibrated),0.138,5.578594650108736,64.0,6.0,30.0,8.61207600249306,0.585385801930584,0.08714877046603714,0.3576388888888889,1.4
0.1276595744680851,0.26292085042178737,0.5302965649669298,0.7077021548965222,0.21307960526315792,0.15655701754385964,RacketSports,2,20,21.6,5,103,hybrid GPF-nbrs/raw-walk (M calibrated),0.138,5.578594650108736,64.0,6.0,30.0,10.76302325978598,0.48178526542569544,0.31417177617837194,0.13411458333333334,1.4
0.0,0.0,0.5,0.7307446127586943,0.22168552631578944,0.1891666666666667,RacketSports,2,20,21.6,5,103,KNNOR-official-GPF (randmx=1),0.138,5.578594650108736,64.0,6.0,30.0,7.5000086626690585,0.4096267032765347,0.19481324216322798,0.3159509202453988,1.0
0.045454545454545456,0.15249857033260467,0.5116279069767442,0.7075954768508641,0.2248752192982456,0.1902850877192982,RacketSports,2,20,21.6,5,103,KNNOR-official-GPF (randmx=M*),0.138,5.578594650108736,64.0,6.0,30.0,7.7411398409803045,0.4749645017881584,0.1503699661576116,0.25495049504950495,1.4
0.045454545454545456,0.15249857033260467,0.5116279069767442,0.7445060806486026,0.2056097222222222,0.17690789473684207,RacketSports,2,20,21.6,5,103,KNNOR-official-raw (randmx=1),0.138,5.578594650108736,64.0,6.0,30.0,4.098885196446782,0.2973320363097307,0.11399768322624942,0.7923076923076923,1.0
0.1276595744680851,0.26292085042178737,0.5302965649669298,0.7077021548965222,0.21307960526315792,0.15655701754385964,RacketSports,2,20,21.6,5,103,hybrid GPF-nbrs/raw-walk (M raw-calibrated),0.138,5.578594650108736,64.0,6.0,30.0,10.76302325978598,0.48178526542569544,0.31417177617837194,0.13411458333333334,1.4
0.13043478260869565,0.26413527189768715,0.5348837209302325,0.8665457648815874,0.15464466374269004,0.10796052631578945,RacketSports,3,5,4.9,22,86,none (raw-flat RF),0.138,1.288377931881321,,,,,,,,
0.3076923076923077,0.4293479508479989,0.5884360998506508,0.8031790057606144,0.16854013157894737,0.11138157894736841,RacketSports,3,5,4.9,22,86,none,0.138,1.288377931881321,64.0,6.0,30.0,,,,,
0.46875,0.5741386253195729,0.6468956688713463,0.8451034777042884,0.1433731725146199,0.059627192982456154,RacketSports,3,5,4.9,22,86,SMOTE-raw,0.138,1.288377931881321,64.0,6.0,30.0,1.100716428256444,0.09746124226950403,0.3287502202596026,,
0.3793103448275862,0.49641342192818494,0.609558352890975,0.8603584382334115,0.14703669590643278,0.11302631578947368,RacketSports,3,5,4.9,22,86,chain-mean-GPF (PSSTO-style),0.138,1.288377931881321,64.0,6.0,30.0,1.3392287899022808,0.09677986487001611,0.48851623806248623,,
0.3448275862068966,0.4710523696671776,0.5933432899509281,0.8463836142521869,0.15280877192982456,0.0806578947368421,RacketSports,3,5,4.9,22,86,KNNOR-GPF (M=1),0.138,1.288377931881321,64.0,6.0,30.0,2.413568936136917,0.2598345824242996,0.13998309490751404,0.8865979381443299,1.0
0.39344262295081966,0.5135251978891389,0.6120119479411137,0.8232344783443567,0.15364254385964912,0.08526315789473682,RacketSports,3,5,4.9,22,86,KNNOR-GPF (M calibrated),0.138,1.288377931881321,64.0,6.0,30.0,1.6663482123277973,0.12202840493002198,0.3437621220181166,0.8865979381443299,2.4
0.4126984126984127,0.5318930128188899,0.6190526989545552,0.8331555365905696,0.15088662280701753,0.10313596491228069,RacketSports,3,5,4.9,22,86,hybrid GPF-nbrs/raw-walk (M calibrated),0.138,1.288377931881321,64.0,6.0,30.0,5.9045819022565045,0.1479577682705434,5.321102989639405,0.671875,2.4
0.35714285714285715,0.47556015055447143,0.6025176018775337,0.8365692340516321,0.15603530701754387,0.0869078947368421,RacketSports,3,5,4.9,22,86,KNNOR-official-GPF (randmx=1),0.138,1.288377931881321,64.0,6.0,30.0,2.3915566446949104,0.2523561822559143,0.14609756239571584,0.8349514563106796,1.0
0.4067796610169492,0.5184869092452314,0.6211862598677192,0.8256880733944953,0.15465862573099418,0.06171052631578948,RacketSports,3,5,4.9,22,86,KNNOR-official-GPF (randmx=M*),0.138,1.288377931881321,64.0,6.0,30.0,2.053384351101707,0.13238356345260305,1.1706161024926678,0.7350427350427351,2.4
0.4406779661016949,0.5422219968186545,0.6374013228077662,0.865372306379347,0.1414859649122807,0.07232456140350878,RacketSports,3,5,4.9,22,86,KNNOR-official-raw (randmx=1),0.138,1.288377931881321,64.0,6.0,30.0,2.272529267290439,0.2512325373644172,0.1665533102934304,0.9772727272727273,1.0
0.41935483870967744,0.5344939721574689,0.6236398549178579,0.8309152976317473,0.15096176900584796,0.05914473684210525,RacketSports,3,5,4.9,22,86,hybrid GPF-nbrs/raw-walk (M raw-calibrated),0.138,1.288377931881321,64.0,6.0,30.0,3.4413873600481004,0.1188283830136121,1.5162859022755502,0.671875,2.0
0.045454545454545456,0.15249857033260467,0.5116279069767442,0.8136334542351185,0.19537119883040935,0.1660964912280702,RacketSports,3,10,9.8,11,97,none (raw-flat RF),0.138,2.1093582644668043,,,,,,,,
0.3137254901960784,0.43133109281375365,0.5930232558139534,0.7681886067847237,0.19692171052631577,0.19230263157894734,RacketSports,3,10,9.8,11,97,none,0.138,2.1093582644668043,64.0,6.0,30.0,,,,,
0.36363636363636365,0.4777980930357043,0.6071047578408364,0.8314486878600383,0.16574283625730993,0.11486842105263158,RacketSports,3,10,9.8,11,97,SMOTE-raw,0.138,2.1093582644668043,64.0,6.0,30.0,1.2652388142799857,0.09737716710036859,0.23018159034968252,,
0.2692307692307692,0.3997545651971831,0.5722210369106038,0.8307019415404309,0.1705497076023392,0.1162280701754386,RacketSports,3,10,9.8,11,97,chain-mean-GPF (PSSTO-style),0.138,2.1093582644668043,64.0,6.0,30.0,1.4546830939323296,0.1011529203153485,0.30737574168703385,,
0.34615384615384615,0.457495710997814,0.6046511627906976,0.8329421804992534,0.17118384502923978,0.12703947368421048,RacketSports,3,10,9.8,11,97,KNNOR-GPF (M=1),0.138,2.1093582644668043,64.0,6.0,30.0,2.5012356161259373,0.38910416550097676,0.024341078821686346,0.24069478908188585,1.0
0.4,0.5034550987763374,0.6233198207808833,0.8330488585449115,0.15594495614035087,0.10094298245614035,RacketSports,3,10,9.8,11,97,KNNOR-GPF (M calibrated),0.138,2.1093582644668043,64.0,6.0,30.0,1.9532365435758638,0.147770589049809,0.13233440527414506,0.2904191616766467,2.4
0.39285714285714285,0.501118867614672,0.6187326648175806,0.7925112011947941,0.16596937134502923,0.0969078947368421,RacketSports,3,10,9.8,11,97,hybrid GPF-nbrs/raw-walk (M calibrated),0.138,2.1093582644668043,64.0,6.0,30.0,7.553562659877096,0.1909372824655733,3.426079058188571,0.189453125,2.4
0.3333333333333333,0.45327907070335827,0.5954768508640922,0.8390228291017708,0.1713109649122807,0.12688596491228069,RacketSports,3,10,9.8,11,97,KNNOR-official-GPF (randmx=1),0.138,2.1093582644668043,64.0,6.0,30.0,2.5440496981610092,0.4076788233775142,0.020342808448245108,0.46634615384615385,1.0
0.3333333333333333,0.45327907070335827,0.5954768508640922,0.8293151269468744,0.1655379385964912,0.12993421052631576,RacketSports,3,10,9.8,11,97,KNNOR-official-GPF (randmx=M*),0.138,2.1093582644668043,64.0,6.0,30.0,1.8192061695037456,0.2427311379214172,0.37082301734685796,0.4532710280373832,2.4
0.23529411764705882,0.370100811435389,0.5605931299338596,0.8413697461062513,0.17092419590643276,0.12471491228070174,RacketSports,3,10,9.8,11,97,KNNOR-official-raw (randmx=1),0.138,2.1093582644668043,64.0,6.0,30.0,2.7778602342148044,0.13238936351741115,0.43562682875933334,0.97,1.0
0.4,0.5034550987763374,0.6233198207808833,0.8173671858331556,0.15975665204678363,0.10186403508771931,RacketSports,3,10,9.8,11,97,hybrid GPF-nbrs/raw-walk (M raw-calibrated),0.138,2.1093582644668043,64.0,6.0,30.0,4.611152905183884,0.14921953889557316,1.31102916383693,0.189453125,2.1999999999999997
0.0,0.0,0.5,0.7593343289950928,0.228171418128655,0.21335526315789471,RacketSports,3,20,21.6,5,103,none (raw-flat RF),0.138,6.383125136418986,,,,,,,,
0.0,0.0,0.5,0.7317047151696181,0.23741279239766086,0.2077850877192983,RacketSports,3,20,21.6,5,103,none,0.138,6.383125136418986,64.0,6.0,30.0,,,,,
0.08888888888888889,0.21566554640687682,0.5232558139534884,0.7470663537443994,0.20113019005847954,0.16309210526315787,RacketSports,3,20,21.6,5,103,SMOTE-raw,0.138,6.383125136418986,64.0,6.0,30.0,3.7631265560043765,0.18807877062266476,0.2883376193010218,,
0.08888888888888889,0.21566554640687682,0.5232558139534884,0.7115425645402177,0.21327412280701752,0.19763157894736846,RacketSports,3,20,21.6,5,103,chain-mean-GPF (PSSTO-style),0.138,6.383125136418986,64.0,6.0,30.0,6.6018338103155365,0.32772761673602113,0.3192943332795188,,
0.08888888888888889,0.21566554640687682,0.5232558139534884,0.7021548965222957,0.22278399122807016,0.2072149122807017,RacketSports,3,20,21.6,5,103,KNNOR-GPF (M=1),0.138,6.383125136418986,64.0,6.0,30.0,8.501737990467102,0.5580388314251482,0.0780331163720906,0.25495049504950495,1.0
0.045454545454545456,0.15249857033260467,0.5116279069767442,0.6938340089609558,0.22246023391812866,0.20407894736842103,RacketSports,3,20,21.6,5,103,KNNOR-GPF (M calibrated),0.138,6.383125136418986,64.0,6.0,30.0,8.885868969824475,0.5044465150699836,0.14057599694767792,0.23569794050343248,1.5999999999999999
0.13043478260869565,0.26413527189768715,0.5348837209302325,0.7319180712609344,0.21874605263157895,0.19530701754385965,RacketSports,3,20,21.6,5,103,hybrid GPF-nbrs/raw-walk (M calibrated),0.138,6.383125136418986,64.0,6.0,30.0,11.300207963625919,0.4412802129953787,0.4486796111543417,0.22991071428571427,1.5999999999999999
0.0,0.0,0.5,0.7588009387668018,0.2280719298245614,0.21364035087719294,RacketSports,3,20,21.6,5,103,KNNOR-official-GPF (randmx=1),0.138,6.383125136418986,64.0,6.0,30.0,12.453805137233747,0.7277985753577199,0.0033611069570472097,0.3828996282527881,1.0
0.0,0.0,0.5,0.710155749946661,0.22844027777777778,0.20936403508771928,RacketSports,3,20,21.6,5,103,KNNOR-official-GPF (randmx=M*),0.138,6.383125136418986,64.0,6.0,30.0,10.28373078818893,0.599711040163757,0.04503543486628355,0.3828996282527881,1.5999999999999999
0.08888888888888889,0.21566554640687682,0.5232558139534884,0.710689140174952,0.22063684210526316,0.19337719298245615,RacketSports,3,20,21.6,5,103,KNNOR-official-raw (randmx=1),0.138,6.383125136418986,64.0,6.0,30.0,5.29278580028253,0.43416578681745643,0.052781942770383554,0.6645161290322581,1.0
0.1276595744680851,0.26292085042178737,0.5302965649669298,0.7328781736718583,0.21847463450292395,0.20743421052631578,RacketSports,3,20,21.6,5,103,hybrid GPF-nbrs/raw-walk (M raw-calibrated),0.138,6.383125136418986,64.0,6.0,30.0,9.654808916683969,0.42396789607367424,0.3209187699407402,0.22991071428571427,1.4
0.08888888888888889,0.21566554640687682,0.5232558139534884,0.8399829315126948,0.1630734649122807,0.09537280701754386,RacketSports,4,5,4.9,22,86,none (raw-flat RF),0.138,1.4786894695693977,,,,,,,,
0.24,0.3718262324971596,0.5651802858971624,0.8513974823981225,0.16425021929824563,0.12581140350877193,RacketSports,4,5,4.9,22,86,none,0.138,1.4786894695693977,64.0,6.0,30.0,,,,,
0.39344262295081966,0.5135251978891389,0.6120119479411137,0.8419031363345424,0.15389195906432748,0.11416666666666667,RacketSports,4,5,4.9,22,86,SMOTE-raw,0.138,1.4786894695693977,64.0,6.0,30.0,0.9873328570545112,0.0666848889006636,0.5799955048683101,,
0.2545454545454545,0.39411068810468003,0.5584595690206956,0.8628120332835503,0.1517266812865497,0.1144078947368421,RacketSports,4,5,4.9,22,86,chain-mean-GPF (PSSTO-style),0.138,1.4786894695693977,64.0,6.0,30.0,1.643786179958834,0.1157510754560972,0.4439178610288852,,
0.2857142857142857,0.42132204781526766,0.5700874759974397,0.8439300192020481,0.15955964912280698,0.09254385964912282,RacketSports,4,5,4.9,22,86,KNNOR-GPF (M=1),0.138,1.4786894695693977,64.0,6.0,30.0,1.7051468091907118,0.15442634557927315,0.28836806424291694,0.7288135593220338,1.0
0.48484848484848486,0.590082317162933,0.6539364198847877,0.8328355024535951,0.15036440058479533,0.06462719298245614,RacketSports,4,5,4.9,22,86,KNNOR-GPF (M calibrated),0.138,1.4786894695693977,64.0,6.0,30.0,1.6471550622624829,0.10654352424931346,0.5221482389139589,0.671875,2.0
0.4126984126984127,0.5318930128188899,0.6190526989545552,0.818113932152763,0.1550030701754386,0.056096491228070186,RacketSports,4,5,4.9,22,86,hybrid GPF-nbrs/raw-walk (M calibrated),0.138,1.4786894695693977,64.0,6.0,30.0,3.721707957604675,0.13086050202331656,2.7713713782358735,0.671875,2.0
0.25925925925925924,0.39600091807666205,0.5630467249839983,0.8561979944527416,0.15273538011695903,0.09570175438596491,RacketSports,4,5,4.9,22,86,KNNOR-official-GPF (randmx=1),0.138,1.4786894695693977,64.0,6.0,30.0,1.9628527396380147,0.18552844106212096,0.2548290492428865,0.7543859649122807,1.0
0.2807017543859649,0.4192915682967157,0.565500320034137,0.8447834435673138,0.15661929824561402,0.09219298245614037,RacketSports,4,5,4.9,22,86,KNNOR-official-GPF (randmx=M*),0.138,1.4786894695693977,64.0,6.0,30.0,1.675141492322803,0.1063856541158752,0.7530679319249727,0.688,2.0
0.21428571428571427,0.3613501458220837,0.5376573501173458,0.8537443994026028,0.15473640350877194,0.11728070175438597,RacketSports,4,5,4.9,22,86,KNNOR-official-raw (randmx=1),0.138,1.4786894695693977,64.0,6.0,30.0,1.7620941203594285,0.1862510886408928,0.26936497175950536,0.8686868686868687,1.0
0.46153846153846156,0.5713447468158808,0.6423085129080436,0.8327288244079368,0.1503077485380117,0.07815789473684213,RacketSports,4,5,4.9,22,86,hybrid GPF-nbrs/raw-walk (M raw-calibrated),0.138,1.4786894695693977,64.0,6.0,30.0,1.9461743002600382,0.09221767525265157,1.0212978380964124,0.671875,1.6
0.0,0.0,0.5,0.7748026456155322,0.2012479532163743,0.16885964912280702,RacketSports,4,10,9.8,11,97,none (raw-flat RF),0.138,2.2137429041436913,,,,,,,,
0.045454545454545456,0.15249857033260467,0.5116279069767442,0.853851077448261,0.19578654970760234,0.1810964912280702,RacketSports,4,10,9.8,11,97,none,0.138,2.2137429041436913,64.0,6.0,30.0,,,,,
0.3050847457627119,0.4425617378721998,0.5725410710475785,0.8362491999146575,0.16304576023391812,0.10337719298245614,RacketSports,4,10,9.8,11,97,SMOTE-raw,0.138,2.2137429041436913,64.0,6.0,30.0,1.5311406341452614,0.10817190089517137,0.3823196370265229,,
0.16666666666666666,0.30359484753316857,0.541924471943674,0.8410497119692767,0.17658589181286546,0.1370833333333333,RacketSports,4,10,9.8,11,97,chain-mean-GPF (PSSTO-style),0.138,2.2137429041436913,64.0,6.0,30.0,2.308230968929079,0.17311871480124996,0.30770721365496423,,
0.23529411764705882,0.370100811435389,0.5605931299338596,0.8189673565180285,0.1818796783625731,0.14100877192982456,RacketSports,4,10,9.8,11,97,KNNOR-GPF (M=1),0.138,2.2137429041436913,64.0,6.0,30.0,3.766055699380395,0.2907433741579928,0.2134431100368371,0.485,1.0
0.2641509433962264,0.39788216818145306,0.567633880947301,0.8183272882440794,0.17731688596491227,0.13155701754385965,RacketSports,4,10,9.8,11,97,KNNOR-GPF (M calibrated),0.138,2.2137429041436913,64.0,6.0,30.0,3.7756391554326925,0.22502670458285456,0.41819606867923875,0.42358078602620086,1.7999999999999998
0.25925925925925924,0.39600091807666205,0.5630467249839983,0.8075528056326008,0.17223567251461988,0.11627192982456137,RacketSports,4,10,9.8,11,97,hybrid GPF-nbrs/raw-walk (M calibrated),0.138,2.2137429041436913,64.0,6.0,30.0,7.031972605809926,0.21921866999828632,2.5610546688635303,0.21651785714285715,1.7999999999999998
0.1276595744680851,0.26292085042178737,0.5302965649669298,0.8507574141241733,0.17973421052631577,0.1492105263157895,RacketSports,4,10,9.8,11,97,KNNOR-official-GPF (randmx=1),0.138,2.2137429041436913,64.0,6.0,30.0,3.7335553001887547,0.259261272887062,0.2536451925865819,0.48258706467661694,1.0
0.23529411764705882,0.370100811435389,0.5605931299338596,0.8426498826541498,0.17615555555555554,0.1350438596491228,RacketSports,4,10,9.8,11,97,KNNOR-official-GPF (randmx=M*),0.138,2.2137429041436913,64.0,6.0,30.0,3.272847764156003,0.22310633283542558,0.45245558348114256,0.48743718592964824,1.7999999999999998
0.1276595744680851,0.26292085042178737,0.5302965649669298,0.8309152976317474,0.18146505847953215,0.1551754385964912,RacketSports,4,10,9.8,11,97,KNNOR-official-raw (randmx=1),0.138,2.2137429041436913,64.0,6.0,30.0,2.9260459531205036,0.3221041586615713,0.11465864882132636,0.941747572815534,1.0
0.16,0.3007706480329432,0.5327501600170685,0.8010454448474503,0.18387865497076022,0.13429824561403508,RacketSports,4,10,9.8,11,97,hybrid GPF-nbrs/raw-walk (M raw-calibrated),0.138,2.2137429041436913,64.0,6.0,30.0,6.036221609646361,0.24593310443541871,1.200516366116658,0.21651785714285715,1.6
0.0,0.0,0.5,0.7257307446127587,0.2397686403508772,0.22567982456140348,RacketSports,4,20,21.6,5,103,none (raw-flat RF),0.138,8.757028180732835,,,,,,,,
0.0,0.0,0.5,0.6751653509707702,0.2525022660818714,0.21607456140350875,RacketSports,4,20,21.6,5,103,none,0.138,8.757028180732835,64.0,6.0,30.0,,,,,
0.0,0.0,0.5,0.8180072541071048,0.2035547514619883,0.19103070175438597,RacketSports,4,20,21.6,5,103,SMOTE-raw,0.138,8.757028180732835,64.0,6.0,30.0,4.903038722884574,0.23278931212920262,0.3417002435091605,,
0.0,0.0,0.5,0.676125453381694,0.23136644736842102,0.21028508771929827,RacketSports,4,20,21.6,5,103,chain-mean-GPF (PSSTO-style),0.138,8.757028180732835,64.0,6.0,30.0,8.613640044575185,0.4528082455444917,0.20733254031950887,,
0.045454545454545456,0.15249857033260467,0.5116279069767442,0.6726050778749733,0.2330080409356725,0.2118421052631579,RacketSports,4,20,21.6,5,103,KNNOR-GPF (M=1),0.138,8.757028180732835,64.0,6.0,30.0,9.994351115824372,0.7024922021270876,0.04514267432120406,0.22055674518201285,1.0
0.1702127659574468,0.30499714066520933,0.5465116279069767,0.6393215276296138,0.23330745614035087,0.19912280701754384,RacketSports,4,20,21.6,5,103,KNNOR-GPF (M calibrated),0.138,8.757028180732835,64.0,6.0,30.0,11.013791007852664,0.6545875106469545,0.10381752876776401,0.23462414578587698,1.5999999999999999
0.045454545454545456,0.15249857033260467,0.5116279069767442,0.7009814380200554,0.23515358187134505,0.19940789473684215,RacketSports,4,20,21.6,5,103,hybrid GPF-nbrs/raw-walk (M calibrated),0.138,8.757028180732835,64.0,6.0,30.0,7.953919996587356,0.44098634153018557,0.47908488149972994,0.04876893939393939,1.5999999999999999
0.045454545454545456,0.15249857033260467,0.5116279069767442,0.6542564540217624,0.23936191520467834,0.19927631578947372,RacketSports,4,20,21.6,5,103,KNNOR-official-GPF (randmx=1),0.138,8.757028180732835,64.0,6.0,30.0,17.31193140442788,1.1178413196189096,0.005453479296554426,0.23623853211009174,1.0
0.045454545454545456,0.15249857033260467,0.5116279069767442,0.6652442927245572,0.2394905701754386,0.2121271929824561,RacketSports,4,20,21.6,5,103,KNNOR-official-GPF (randmx=M*),0.138,8.757028180732835,64.0,6.0,30.0,17.472326029980522,1.1311565813768938,0.003714602215649316,0.23569794050343248,1.5999999999999999
0.0,0.0,0.5,0.7163430765948368,0.22930833333333334,0.2209649122807017,RacketSports,4,20,21.6,5,103,KNNOR-official-raw (randmx=1),0.138,8.757028180732835,64.0,6.0,30.0,4.394640926084939,0.30601007158083204,0.11185367090883609,0.544973544973545,1.0
0.045454545454545456,0.15249857033260467,0.5116279069767442,0.7051418818007253,0.23922119883040938,0.19644736842105262,RacketSports,4,20,21.6,5,103,hybrid GPF-nbrs/raw-walk (M raw-calibrated),0.138,8.757028180732835,64.0,6.0,30.0,9.484176589581558,0.6235916361221151,0.04157204895634967,0.04876893939393939,1.4
0.7017543859649122,0.7352146220938077,0.7702702702702703,0.9011238961734012,0.1182271336553945,0.10707729468599034,Epilepsy,0,5,5.0,20,80,none (raw-flat RF),0.045,0.10051718647683505,,,,,,,,
0.8857142857142857,0.9062267870482649,0.909017928819909,0.9909017928819909,0.038832286634460554,0.06910628019323675,Epilepsy,0,5,5.0,20,80,none,0.045,0.10051718647683505,64.0,3.0,206.0,,,,,
0.8533333333333334,0.901935005463705,0.9027294621354027,0.9866202836499866,0.04068727858293075,0.04859903381642513,Epilepsy,0,5,5.0,20,80,SMOTE-raw,0.045,0.10051718647683505,64.0,3.0,206.0,0.23805924816700208,0.08173127837544525,0.5851523048554492,,
0.8767123287671232,0.9113796086202668,0.9126304522344126,0.9914369815359915,0.036237842190016106,0.06294685990338164,Epilepsy,0,5,5.0,20,80,chain-mean-GPF (PSSTO-style),0.045,0.10051718647683505,64.0,3.0,206.0,0.19294803757757362,0.10602369331072758,0.3705584575573652,,
0.8732394366197183,0.9016382675035555,0.904067433770404,0.9879582552849879,0.04377423510466989,0.054396135265700495,Epilepsy,0,5,5.0,20,80,KNNOR-GPF (M=1),0.045,0.10051718647683505,64.0,3.0,206.0,0.3402799458004069,0.24882136245773157,0.1559093479787398,1.0,1.0
0.8648648648648649,0.906669604952555,0.9076799571849077,0.9900990099009901,0.035652254428341384,0.05408212560386472,Epilepsy,0,5,5.0,20,80,KNNOR-GPF (M calibrated),0.045,0.10051718647683505,64.0,3.0,206.0,0.19380025896136366,0.06640030736707514,0.6975806274859513,1.0,2.0
0.8888888888888888,0.9160653958494662,0.9175809472839176,0.9905004013914905,0.0341,0.046038647342995134,Epilepsy,0,5,5.0,20,80,hybrid GPF-nbrs/raw-walk (M calibrated),0.045,0.10051718647683505,64.0,3.0,206.0,0.23101021394742882,0.0740665410452841,1.431238282683787,0.625,2.0
0.8732394366197183,0.9016382675035555,0.904067433770404,0.9892962269199893,0.04236610305958133,0.056449275362318856,Epilepsy,0,5,5.0,20,80,KNNOR-official-GPF (randmx=1),0.045,0.10051718647683505,64.0,3.0,206.0,0.2985103290764515,0.20549416267126325,0.20514924561446365,1.0,1.0
0.8918918918918919,0.9255103677041422,0.9261439657479261,0.9914369815359915,0.03846851851851852,0.07292270531400966,Epilepsy,0,5,5.0,20,80,KNNOR-official-GPF (randmx=M*),0.045,0.10051718647683505,64.0,3.0,206.0,0.1964012139453113,0.06787231104105906,0.8423609440219257,1.0,2.0
0.8493150684931506,0.8923904510654496,0.8941664436713941,0.9826063687449825,0.04752302737520128,0.06371980676328502,Epilepsy,0,5,5.0,20,80,KNNOR-official-raw (randmx=1),0.045,0.10051718647683505,64.0,3.0,206.0,0.814678636730189,0.28217621835544304,0.5549554913377482,1.0,1.0
0.8767123287671232,0.9113796086202668,0.9126304522344126,0.9911693872089912,0.03261940418679549,0.05258454106280193,Epilepsy,0,5,5.0,20,80,hybrid GPF-nbrs/raw-walk (M raw-calibrated),0.045,0.10051718647683505,64.0,3.0,206.0,0.16086503752735526,0.06533503524877482,0.9909610222265285,0.625,1.6
0.0,0.0,0.49504950495049505,0.7666577468557667,0.17554355877616745,0.10446859903381642,Epilepsy,0,10,10.0,10,90,none (raw-flat RF),0.045,0.17310000441820406,,,,,,,,
0.8064516129032258,0.8219949365267865,0.8378378378378378,0.9761841048969762,0.0649073268921095,0.07992753623188405,Epilepsy,0,10,10.0,10,90,none,0.045,0.17310000441820406,64.0,3.0,206.0,,,,,
0.8656716417910447,0.8809219876361221,0.8869413968423869,0.9799304254749799,0.05297858293075684,0.04579710144927539,Epilepsy,0,10,10.0,10,90,SMOTE-raw,0.045,0.17310000441820406,64.0,3.0,206.0,0.24830455949542674,0.09410482139029086,0.6321906596774564,,
0.8656716417910447,0.8809219876361221,0.8869413968423869,0.991972170189992,0.042166505636070856,0.05396135265700481,Epilepsy,0,10,10.0,10,90,chain-mean-GPF (PSSTO-style),0.045,0.17310000441820406,64.0,3.0,206.0,0.1946480751852253,0.1375599232539162,0.39779662953409417,,
0.8484848484848485,0.8656004364605815,0.8734278833288734,0.974043350280974,0.05918421900161031,0.06222222222222223,Epilepsy,0,10,10.0,10,90,KNNOR-GPF (M=1),0.045,0.17310000441820406,64.0,3.0,206.0,0.34677885454822044,0.2531936457046237,0.19171746978685078,1.0,1.0
0.782608695652174,0.8328292115342097,0.8401123896173401,0.9788600481669788,0.05542294685990339,0.053599033816425105,Epilepsy,0,10,10.0,10,90,KNNOR-GPF (M calibrated),0.045,0.17310000441820406,64.0,3.0,206.0,0.2629429256152762,0.10841710336628729,0.7638198882752649,1.0,2.0
0.8405797101449275,0.8720682756153674,0.877040406743377,0.9882258496119882,0.04347818035426731,0.058816425120772974,Epilepsy,0,10,10.0,10,90,hybrid GPF-nbrs/raw-walk (M calibrated),0.045,0.17310000441820406,64.0,3.0,206.0,0.19965207631754622,0.07294352298274431,1.4678513774745832,0.703125,2.0
0.84375,0.8542421961772491,0.8648648648648649,0.9724377843189724,0.06305314009661835,0.0688888888888889,Epilepsy,0,10,10.0,10,90,KNNOR-official-GPF (randmx=1),0.045,0.17310000441820406,64.0,3.0,206.0,0.3729380603067638,0.28948810084255366,0.1624301246588492,1.0,1.0
0.8169014084507042,0.8631237491627403,0.8671394166443671,0.9773882793684774,0.057135909822866336,0.06420289855072464,Epilepsy,0,10,10.0,10,90,KNNOR-official-GPF (randmx=M*),0.045,0.17310000441820406,64.0,3.0,206.0,0.2824336974103352,0.1211632651357597,0.6522411431893742,0.9574468085106383,2.0
0.7058823529411765,0.7769767060295976,0.7896708589777897,0.9525020069574525,0.08757141706924315,0.07876811594202901,Epilepsy,0,10,10.0,10,90,KNNOR-official-raw (randmx=1),0.045,0.17310000441820406,64.0,3.0,206.0,1.5253746563890112,0.5840761553290422,0.2947725609494128,0.989010989010989,1.0
0.7878787878787878,0.8257301891033668,0.8364998662028365,0.9781910623494783,0.054449677938808366,0.05987922705314012,Epilepsy,0,10,10.0,10,90,hybrid GPF-nbrs/raw-walk (M raw-calibrated),0.045,0.17310000441820406,64.0,3.0,206.0,0.22006275170811063,0.09949241346141113,1.1499123664952675,0.703125,1.6
0.0,0.0,0.5,0.72986352689323,0.19994605475040259,0.1561352657004831,Epilepsy,0,20,20.0,5,95,none (raw-flat RF),0.045,0.4615317546333313,,,,,,,,
0.5660377358490566,0.6335546468146228,0.6977522076531978,0.9178485416109179,0.12248679549114332,0.11840579710144926,Epilepsy,0,20,20.0,5,95,none,0.045,0.4615317546333313,64.0,3.0,206.0,,,,,
0.6557377049180327,0.7205088440682177,0.7504682900722505,0.9413968423869414,0.10853615136876008,0.10427536231884059,Epilepsy,0,20,20.0,5,95,SMOTE-raw,0.045,0.4615317546333313,64.0,3.0,206.0,0.6492776996863996,0.24191798216214716,0.550023018071741,,
0.6666666666666666,0.7242132841370176,0.7554187851217554,0.9475515119079475,0.10146167471819645,0.10115942028985507,Epilepsy,0,20,20.0,5,95,chain-mean-GPF (PSSTO-style),0.045,0.4615317546333313,64.0,3.0,206.0,0.6174452531330643,0.3723892706222939,0.24676836022122697,,
0.6885245901639344,0.7420977866605928,0.7689322986352689,0.9444741771474445,0.10349685990338164,0.10094202898550726,Epilepsy,0,20,20.0,5,95,KNNOR-GPF (M=1),0.045,0.4615317546333313,64.0,3.0,206.0,0.9479043331642023,0.4931332843560972,0.27522135228491534,1.0,1.0
0.6885245901639344,0.7420977866605928,0.7689322986352689,0.9454107572919455,0.1026659420289855,0.09128019323671499,Epilepsy,0,20,20.0,5,95,KNNOR-GPF (M calibrated),0.045,0.4615317546333313,64.0,3.0,206.0,1.0731789008552037,0.48852265904882464,0.4536911772020087,1.0,1.5999999999999999
0.8450704225352113,0.8824395115648317,0.8856034252073857,0.9755151190794755,0.05625644122383253,0.03867149758454107,Epilepsy,0,20,20.0,5,95,hybrid GPF-nbrs/raw-walk (M calibrated),0.045,0.4615317546333313,64.0,3.0,206.0,1.1392007106587836,0.31754405256166884,2.0570855811734434,0.7421875,1.5999999999999999
0.7096774193548387,0.759561300365268,0.7824458121487825,0.9421996253679421,0.10104371980676329,0.10142512077294683,Epilepsy,0,20,20.0,5,95,KNNOR-official-GPF (randmx=1),0.045,0.4615317546333313,64.0,3.0,206.0,1.056183845568314,0.5134824086177385,0.29630068043605506,1.0,1.0
0.7213114754098361,0.7634267772396923,0.7873963071982875,0.9327000267594328,0.10148397745571658,0.09490338164251208,Epilepsy,0,20,20.0,5,95,KNNOR-official-GPF (randmx=M*),0.045,0.4615317546333313,64.0,3.0,206.0,1.5103612248883937,0.5072349270063651,0.6796363283256294,0.95,1.5999999999999999
0.6557377049180327,0.7205088440682177,0.7504682900722505,0.9392560877709393,0.11011892109500805,0.09973429951690821,Epilepsy,0,20,20.0,5,95,KNNOR-official-raw (randmx=1),0.045,0.4615317546333313,64.0,3.0,206.0,1.0429125544502162,0.3874803094546099,0.523526772639989,0.572289156626506,1.0
0.6984126984126984,0.7556760508435947,0.7774953170992775,0.9446079743109446,0.09427954911433173,0.07777777777777778,Epilepsy,0,20,20.0,5,95,hybrid GPF-nbrs/raw-walk (M raw-calibrated),0.045,0.4615317546333313,64.0,3.0,206.0,1.0123436058598068,0.3615641534024687,0.9661119133044731,0.7421875,1.2
0.7017543859649122,0.7352146220938077,0.7702702702702703,0.9071447685309071,0.1115475845410628,0.0926328502415459,Epilepsy,1,5,5.0,20,80,none (raw-flat RF),0.045,0.14941017709266635,,,,,,,,
0.8059701492537313,0.8414597965694547,0.85001337971635,0.9862188921594861,0.0471194041867955,0.07282608695652176,Epilepsy,1,5,5.0,20,80,none,0.045,0.14941017709266635,64.0,3.0,206.0,,,,,
0.8493150684931506,0.8923904510654496,0.8941664436713941,0.9828739630719828,0.04817246376811595,0.061014492753623195,Epilepsy,1,5,5.0,20,80,SMOTE-raw,0.045,0.14941017709266635,64.0,3.0,206.0,0.4457728379117265,0.1451678691703454,0.5178748109787022,,
0.8857142857142857,0.9062267870482649,0.909017928819909,0.9922397645169923,0.03632592592592592,0.049661835748792287,Epilepsy,1,5,5.0,20,80,chain-mean-GPF (PSSTO-style),0.045,0.14941017709266635,64.0,3.0,206.0,0.23357609849105776,0.11353027592918985,0.4554672674192363,,
0.8732394366197183,0.9016382675035555,0.904067433770404,0.9913031843724913,0.042022141706924324,0.0646135265700483,Epilepsy,1,5,5.0,20,80,KNNOR-GPF (M=1),0.045,0.14941017709266635,64.0,3.0,206.0,0.3450804539349641,0.22792724770137912,0.22994793049932039,1.0,1.0
0.8611111111111112,0.8970262768112229,0.899116938720899,0.9900990099009901,0.037798792270531394,0.057850241545893716,Epilepsy,1,5,5.0,20,80,KNNOR-GPF (M calibrated),0.045,0.14941017709266635,64.0,3.0,206.0,0.21212104126205888,0.07703572126528879,0.7089873638054155,1.0,2.0
0.918918918918919,0.9442585967651508,0.9446079743109446,0.9943805191329944,0.028265217391304345,0.043236714975845435,Epilepsy,1,5,5.0,20,80,hybrid GPF-nbrs/raw-walk (M calibrated),0.045,0.14941017709266635,64.0,3.0,206.0,0.13674279262068856,0.0508680633689208,1.160129226441062,0.625,2.0
0.8571428571428571,0.8869765055404719,0.8905539202568906,0.9898314155739898,0.04252962962962963,0.06096618357487922,Epilepsy,1,5,5.0,20,80,KNNOR-official-GPF (randmx=1),0.045,0.14941017709266635,64.0,3.0,206.0,0.37009127992814017,0.22771817220883606,0.2423448971213347,1.0,1.0
0.8648648648648649,0.906669604952555,0.9076799571849077,0.9918383730264919,0.033342834138486314,0.05695652173913046,Epilepsy,1,5,5.0,20,80,KNNOR-official-GPF (randmx=M*),0.045,0.14941017709266635,64.0,3.0,206.0,0.23968613875758127,0.08365582346728884,1.2655940710216074,0.9876543209876543,2.0
0.8169014084507042,0.8631237491627403,0.8671394166443671,0.9816697886004816,0.05513397745571658,0.09497584541062801,Epilepsy,1,5,5.0,20,80,KNNOR-official-raw (randmx=1),0.045,0.14941017709266635,64.0,3.0,206.0,0.8491157543808594,0.2941008089537753,0.43421371394743885,1.0,1.0
0.8533333333333334,0.901935005463705,0.9027294621354027,0.9902328070644902,0.03366384863123994,0.05987922705314008,Epilepsy,1,5,5.0,20,80,hybrid GPF-nbrs/raw-walk (M raw-calibrated),0.045,0.14941017709266635,64.0,3.0,206.0,0.2730897017239773,0.10392003872135347,0.8723438708051565,0.625,1.6
0.05263157894736842,0.1643989873053573,0.5135135135135135,0.7297297297297297,0.18627681159420292,0.1167632850241546,Epilepsy,1,10,10.0,10,90,none (raw-flat RF),0.045,0.23932109203966356,,,,,,,,
0.6885245901639344,0.7420977866605928,0.7689322986352689,0.9652127374899653,0.08357592592592593,0.09403381642512079,Epilepsy,1,10,10.0,10,90,none,0.045,0.23932109203966356,64.0,3.0,206.0,,,,,
0.7076923076923077,0.768666555807257,0.786058335563286,0.9641423601819642,0.07485523349436392,0.07942028985507246,Epilepsy,1,10,10.0,10,90,SMOTE-raw,0.045,0.23932109203966356,64.0,3.0,206.0,0.5337259892623913,0.19100491791812013,0.5014744602994282,,
0.7619047619047619,0.7973732632541901,0.8144233342253144,0.9768530907144768,0.06575,0.05644927536231882,Epilepsy,1,10,10.0,10,90,chain-mean-GPF (PSSTO-style),0.045,0.23932109203966356,64.0,3.0,206.0,0.3230556946698051,0.16431015705445906,0.4072280654361516,,
0.75,0.7933359043334857,0.8094728391758095,0.9668183034519668,0.07408590982286635,0.05929951690821258,Epilepsy,1,10,10.0,10,90,KNNOR-GPF (M=1),0.045,0.23932109203966356,64.0,3.0,206.0,0.43122957734135503,0.24360252695640017,0.2548244070970165,1.0,1.0
0.7384615384615385,0.7892778935562702,0.8045223441263045,0.9740433502809741,0.06681151368760065,0.07987922705314011,Epilepsy,1,10,10.0,10,90,KNNOR-GPF (M calibrated),0.045,0.23932109203966356,64.0,3.0,206.0,0.3259370527556291,0.13047769235775508,0.6294370897031831,1.0,1.5999999999999999
0.8333333333333334,0.8778790701234258,0.8806529301578807,0.9775220765319775,0.057039774557165863,0.05019323671497585,Epilepsy,1,10,10.0,10,90,hybrid GPF-nbrs/raw-walk (M calibrated),0.045,0.23932109203966356,64.0,3.0,206.0,0.3230614181090401,0.11429630668353385,1.0523661542109208,0.703125,1.5999999999999999
0.7096774193548387,0.759561300365268,0.7824458121487825,0.9662831147979662,0.07696932367149759,0.08021739130434781,Epilepsy,1,10,10.0,10,90,KNNOR-official-GPF (randmx=1),0.045,0.23932109203966356,64.0,3.0,206.0,0.5410075810552193,0.3091995172393509,0.20248265199368629,1.0,1.0
0.7878787878787878,0.8257301891033668,0.8364998662028365,0.9732405672999732,0.0660071658615137,0.06427536231884055,Epilepsy,1,10,10.0,10,90,KNNOR-official-GPF (randmx=M*),0.045,0.23932109203966356,64.0,3.0,206.0,0.42780381036960624,0.16992764657192938,0.6323992265010094,1.0,1.5999999999999999
0.6666666666666666,0.734486326103175,0.759031308536259,0.9632057800374633,0.07991392914653785,0.09780193236714978,Epilepsy,1,10,10.0,10,90,KNNOR-official-raw (randmx=1),0.045,0.23932109203966356,64.0,3.0,206.0,0.7991439438636683,0.3204392348284322,0.4905825047904338,1.0,1.0
0.7575757575757576,0.8055533768631653,0.818035857639818,0.9624029970564624,0.07112954911433171,0.05688405797101451,Epilepsy,1,10,10.0,10,90,hybrid GPF-nbrs/raw-walk (M raw-calibrated),0.045,0.23932109203966356,64.0,3.0,206.0,0.5112686111861946,0.18205223161364592,0.7272643054977656,0.703125,1.4
0.0,0.0,0.5,0.5986085094995985,0.22532028985507246,0.186231884057971,Epilepsy,1,20,20.0,5,95,none (raw-flat RF),0.045,1.300253902947032,,,,,,,,
0.391304347826087,0.4931969619160719,0.6216216216216216,0.9502274551779502,0.12751481481481483,0.1554106280193237,Epilepsy,1,20,20.0,5,95,none,0.045,1.300253902947032,64.0,3.0,206.0,,,,,
0.8253968253968254,0.8382736442849095,0.8513513513513513,0.9668183034519668,0.0627268115942029,0.06364734299516905,Epilepsy,1,20,20.0,5,95,SMOTE-raw,0.045,1.300253902947032,64.0,3.0,206.0,1.1695406568283935,0.2673245070933664,0.45167071875102094,,
0.7666666666666667,0.7884298457197201,0.8108108108108107,0.9648113459994648,0.08766570048309177,0.09400966183574878,Epilepsy,1,20,20.0,5,95,chain-mean-GPF (PSSTO-style),0.045,1.300253902947032,64.0,3.0,206.0,1.5993074124158446,0.44291620828150474,0.24155604011561604,,
0.7333333333333333,0.7672727803073616,0.7923468022477924,0.9530371956114531,0.09541795491143316,0.0978985507246377,Epilepsy,1,20,20.0,5,95,KNNOR-GPF (M=1),0.045,1.300253902947032,64.0,3.0,206.0,1.5620574048421374,0.490689260909575,0.15046396190785083,1.0,1.0
0.7666666666666667,0.7884298457197201,0.8108108108108107,0.9595932566229595,0.08591143317230274,0.08270531400966184,Epilepsy,1,20,20.0,5,95,KNNOR-GPF (M calibrated),0.045,1.300253902947032,64.0,3.0,206.0,1.4408210321983455,0.4139247830424735,0.2386274465344871,1.0,1.5999999999999999
0.8656716417910447,0.8809219876361221,0.8869413968423869,0.9836767460529836,0.04532922705314009,0.03842995169082128,Epilepsy,1,20,20.0,5,95,hybrid GPF-nbrs/raw-walk (M calibrated),0.045,1.300253902947032,64.0,3.0,206.0,1.5821893170784782,0.29209981755843306,1.1042825460086618,0.7421875,1.5999999999999999
0.7457627118644068,0.7710996009560598,0.7972972972972974,0.9602622424404602,0.08905,0.09171497584541062,Epilepsy,1,20,20.0,5,95,KNNOR-official-GPF (randmx=1),0.045,1.300253902947032,64.0,3.0,206.0,2.368142906700863,0.5002784957602646,0.4189651182750836,1.0,1.0
0.7666666666666667,0.7884298457197201,0.8108108108108107,0.9549103559004549,0.08935475040257648,0.08439613526570049,Epilepsy,1,20,20.0,5,95,KNNOR-official-GPF (randmx=M*),0.045,1.300253902947032,64.0,3.0,206.0,2.5944382086178615,0.4510675993554627,0.7761297930019072,0.9895833333333334,1.5999999999999999
0.8253968253968254,0.8382736442849095,0.8513513513513513,0.9658817233074659,0.06427230273752013,0.0708695652173913,Epilepsy,1,20,20.0,5,95,KNNOR-official-raw (randmx=1),0.045,1.300253902947032,64.0,3.0,206.0,1.3937571016153512,0.4081105372039894,0.2213560858361855,0.6506849315068494,1.0
0.8484848484848485,0.8656004364605815,0.8734278833288734,0.9654803318169655,0.05837439613526569,0.06154589371980678,Epilepsy,1,20,20.0,5,95,hybrid GPF-nbrs/raw-walk (M raw-calibrated),0.045,1.300253902947032,64.0,3.0,206.0,1.4754425718827013,0.29078871784079974,0.8815378260278512,0.7421875,1.4
0.6037735849056604,0.6575959492214292,0.7162162162162162,0.8881455713138883,0.12686666666666663,0.09130434782608696,Epilepsy,2,5,5.0,20,80,none (raw-flat RF),0.045,0.0888611065194127,,,,,,,,
0.8823529411764706,0.8959815740297358,0.9004549103559005,0.9941129248059941,0.03944202898550725,0.06734299516908213,Epilepsy,2,5,5.0,20,80,none,0.045,0.0888611065194127,64.0,3.0,206.0,,,,,
0.9090909090909091,0.9482177696715555,0.9482204977254483,0.9911693872089911,0.03529822866344605,0.04183574879227053,Epilepsy,2,5,5.0,20,80,SMOTE-raw,0.045,0.0888611065194127,64.0,3.0,206.0,0.33631075339190186,0.1290291495964626,0.5994463737611011,,
0.9459459459459459,0.9629196970962466,0.9630719828739631,0.9966550709124967,0.027499597423510467,0.051570048309178766,Epilepsy,2,5,5.0,20,80,chain-mean-GPF (PSSTO-style),0.045,0.0888611065194127,64.0,3.0,206.0,0.1480135043718127,0.07951746580340613,0.3946535599291301,,
0.8656716417910447,0.8809219876361221,0.8869413968423869,0.991035590045491,0.043529307568438,0.06705314009661836,Epilepsy,2,5,5.0,20,80,KNNOR-GPF (M=1),0.045,0.0888611065194127,64.0,3.0,206.0,0.3642287161735047,0.2557266129418038,0.1274951625959209,1.0,1.0
0.8611111111111112,0.8970262768112229,0.899116938720899,0.9883596467754884,0.03954468599033816,0.05413043478260872,Epilepsy,2,5,5.0,20,80,KNNOR-GPF (M calibrated),0.045,0.0888611065194127,64.0,3.0,206.0,0.2072904347078972,0.07942171538304976,0.5029644804590566,1.0,2.1999999999999997
0.9473684210526315,0.9716340801232448,0.9716350013379716,0.9914369815359914,0.030920370370370372,0.037850241545893726,Epilepsy,2,5,5.0,20,80,hybrid GPF-nbrs/raw-walk (M calibrated),0.045,0.0888611065194127,64.0,3.0,206.0,0.1927499877337122,0.07146451403813481,1.4874710041744303,0.625,2.1999999999999997
0.8985507246376812,0.9107921901843634,0.9139684238694139,0.9898314155739898,0.04422681159420291,0.059685990338164255,Epilepsy,2,5,5.0,20,80,KNNOR-official-GPF (randmx=1),0.045,0.0888611065194127,64.0,3.0,206.0,0.384712536666163,0.29526303065019166,0.10571840887925933,1.0,1.0
0.8888888888888888,0.9160653958494662,0.9175809472839176,0.9926411560074926,0.03498808373590982,0.05260869565217394,Epilepsy,2,5,5.0,20,80,KNNOR-official-GPF (randmx=M*),0.045,0.0888611065194127,64.0,3.0,206.0,0.23287774665943517,0.08905295002541358,0.5852963876945184,0.975609756097561,2.1999999999999997
0.9090909090909091,0.9482177696715555,0.9482204977254483,0.984880920524485,0.04121046698872786,0.07400966183574881,Epilepsy,2,5,5.0,20,80,KNNOR-official-raw (randmx=1),0.045,0.0888611065194127,64.0,3.0,206.0,0.7235599888169082,0.2787666361224088,0.5893232950882497,1.0,1.0
0.8831168831168831,0.9296933237422244,0.9297564891624297,0.9906341985549906,0.03521553945249597,0.04524154589371979,Epilepsy,2,5,5.0,20,80,hybrid GPF-nbrs/raw-walk (M raw-calibrated),0.045,0.0888611065194127,64.0,3.0,206.0,0.121716397028661,0.06238906918588194,0.9680315041032089,0.625,1.7999999999999998
0.0,0.0,0.49504950495049505,0.7647845865667647,0.17842407407407407,0.10461352657004831,Epilepsy,2,10,10.0,10,90,none (raw-flat RF),0.045,0.37047329652735983,,,,,,,,
0.7419354838709677,0.7805845774671758,0.8009098207118008,0.971902595664972,0.08257826086956521,0.08323671497584542,Epilepsy,2,10,10.0,10,90,none,0.045,0.37047329652735983,64.0,3.0,206.0,,,,,
0.75,0.7933359043334857,0.8094728391758095,0.9772544822049772,0.07228582930756844,0.07207729468599035,Epilepsy,2,10,10.0,10,90,SMOTE-raw,0.045,0.37047329652735983,64.0,3.0,206.0,0.4904496039208406,0.15386205792104168,0.5031761495560108,,
0.7619047619047619,0.7973732632541901,0.8144233342253144,0.9812683971099813,0.06815700483091787,0.0808695652173913,Epilepsy,2,10,10.0,10,90,chain-mean-GPF (PSSTO-style),0.045,0.37047329652735983,64.0,3.0,206.0,0.40186670169552596,0.15029232079616262,0.40072838726225596,,
0.75,0.7933359043334857,0.8094728391758095,0.9685576665774686,0.07668864734299516,0.07292270531400967,Epilepsy,2,10,10.0,10,90,KNNOR-GPF (M=1),0.045,0.37047329652735983,64.0,3.0,206.0,0.4495233993116814,0.2688648768469854,0.12040125653343278,1.0,1.0
0.8059701492537313,0.8414597965694547,0.85001337971635,0.9799304254749799,0.06549999999999999,0.07328502415458937,Epilepsy,2,10,10.0,10,90,KNNOR-GPF (M calibrated),0.045,0.37047329652735983,64.0,3.0,206.0,0.27044698328883077,0.09072173046107024,0.5200698307425687,1.0,2.1999999999999997
0.8285714285714286,0.8676075390703752,0.8720899116938721,0.9854161091784854,0.05075491143317231,0.05487922705314011,Epilepsy,2,10,10.0,10,90,hybrid GPF-nbrs/raw-walk (M calibrated),0.045,0.37047329652735983,64.0,3.0,206.0,0.23714534122226127,0.084334726399931,0.5994419045300219,0.46875,2.1999999999999997
0.75,0.7933359043334857,0.8094728391758095,0.9677548835964678,0.07855378421900161,0.07014492753623187,Epilepsy,2,10,10.0,10,90,KNNOR-official-GPF (randmx=1),0.045,0.37047329652735983,64.0,3.0,206.0,0.5919110815858251,0.3527875382338667,0.08792090286734938,1.0,1.0
0.7761194029850746,0.8215064775731685,0.8315493711533315,0.9724377843189724,0.07365032206119163,0.08466183574879224,Epilepsy,2,10,10.0,10,90,KNNOR-official-GPF (randmx=M*),0.045,0.37047329652735983,64.0,3.0,206.0,0.47020712359782757,0.12305659109931788,1.039866265989232,0.967741935483871,2.1999999999999997
0.7301587301587301,0.776632225096669,0.7959593256622959,0.9574525020069574,0.08752721417069242,0.07797101449275361,Epilepsy,2,10,10.0,10,90,KNNOR-official-raw (randmx=1),0.045,0.37047329652735983,64.0,3.0,206.0,1.5760874932487876,0.5399046018616217,0.20052620650064998,0.8256880733944955,1.0
0.8285714285714286,0.8676075390703752,0.8720899116938721,0.984078137543484,0.052746457326892114,0.06287439613526571,Epilepsy,2,10,10.0,10,90,hybrid GPF-nbrs/raw-walk (M raw-calibrated),0.045,0.37047329652735983,64.0,3.0,206.0,0.24724667267016032,0.08657995043351319,0.6293780406653454,0.703125,1.7999999999999998
0.0,0.0,0.5,0.722906074391223,0.20120628019323672,0.15487922705314006,Epilepsy,2,20,20.0,5,95,none (raw-flat RF),0.045,0.37493338433952084,,,,,,,,
0.49056603773584906,0.5838794161454409,0.6608241905271608,0.9404602622424404,0.11689186795491144,0.1339855072463768,Epilepsy,2,20,20.0,5,95,none,0.045,0.37493338433952084,64.0,3.0,206.0,,,,,
0.6206896551724138,0.6870490468870997,0.7283917580947283,0.9535723842654537,0.10819806763285024,0.10787439613526568,Epilepsy,2,20,20.0,5,95,SMOTE-raw,0.045,0.37493338433952084,64.0,3.0,206.0,0.6525092522664588,0.21823392403015984,0.5263127774712287,,
0.6206896551724138,0.6870490468870997,0.7283917580947283,0.9641423601819641,0.10257624798711754,0.11442028985507247,Epilepsy,2,20,20.0,5,95,chain-mean-GPF (PSSTO-style),0.045,0.37493338433952084,64.0,3.0,206.0,0.49158450235515416,0.3047025481956627,0.24689301230531502,,
0.6666666666666666,0.7242132841370176,0.7554187851217554,0.9575862991704576,0.10608462157809982,0.10567632850241546,Epilepsy,2,20,20.0,5,95,KNNOR-GPF (M=1),0.045,0.37493338433952084,64.0,3.0,206.0,0.6091759416590337,0.31194990489011976,0.29684775183582207,1.0,1.0
0.6885245901639344,0.7420977866605928,0.7689322986352689,0.9700294353759701,0.08980821256038649,0.09792270531400964,Epilepsy,2,20,20.0,5,95,KNNOR-GPF (M calibrated),0.045,0.37493338433952084,64.0,3.0,206.0,0.6238651068756742,0.24585829148026772,0.6057467375244873,1.0,1.5999999999999999
0.835820895522388,0.8612615598322857,0.8684773882793685,0.9878244581214878,0.044231320450885674,0.06330917874396134,Epilepsy,2,20,20.0,5,95,hybrid GPF-nbrs/raw-walk (M calibrated),0.045,0.37493338433952084,64.0,3.0,206.0,0.5317160504640486,0.17734214144588056,1.3475596751740506,0.7421875,1.5999999999999999
0.6440677966101694,0.7058757942262209,0.7419052716082419,0.9658817233074659,0.10025201288244766,0.10603864734299516,Epilepsy,2,20,20.0,5,95,KNNOR-official-GPF (randmx=1),0.045,0.37493338433952084,64.0,3.0,206.0,0.6228773101938045,0.3316279041025846,0.2771175672790152,1.0,1.0
0.7301587301587301,0.776632225096669,0.7959593256622959,0.9704308268664704,0.08845684380032207,0.08763285024154588,Epilepsy,2,20,20.0,5,95,KNNOR-official-GPF (randmx=M*),0.045,0.37493338433952084,64.0,3.0,206.0,0.5956536841495723,0.23236384344809036,0.8355159036189795,0.9405940594059405,1.5999999999999999
0.6557377049180327,0.7205088440682177,0.7504682900722505,0.9514316296494515,0.10217971014492754,0.10082125603864736,Epilepsy,2,20,20.0,5,95,KNNOR-official-raw (randmx=1),0.045,0.37493338433952084,64.0,3.0,206.0,0.6770359236163082,0.27816222335706053,0.3310304868552604,0.39915966386554624,1.0
0.8529411764705882,0.8765063107689347,0.881990901792882,0.9791276424939792,0.05846731078904992,0.054782608695652164,Epilepsy,2,20,20.0,5,95,hybrid GPF-nbrs/raw-walk (M raw-calibrated),0.045,0.37493338433952084,64.0,3.0,206.0,0.6979134510766773,0.23323336503625536,0.9522256295329189,0.7421875,1.4
0.7241379310344828,0.753370803500884,0.7837837837837838,0.8997859245383999,0.11729774557165863,0.11700483091787436,Epilepsy,3,5,5.0,20,80,none (raw-flat RF),0.045,0.08215466663021087,,,,,,,,
0.8656716417910447,0.8809219876361221,0.8869413968423869,0.9906341985549907,0.04123115942028986,0.06963768115942029,Epilepsy,3,5,5.0,20,80,none,0.045,0.08215466663021087,64.0,3.0,206.0,,,,,
0.8857142857142857,0.9062267870482649,0.909017928819909,0.9886272411024887,0.039076972624798714,0.03845410628019321,Epilepsy,3,5,5.0,20,80,SMOTE-raw,0.045,0.08215466663021087,64.0,3.0,206.0,0.28284752518792255,0.10734526665745725,0.5598047794667558,,
0.8985507246376812,0.9107921901843634,0.9139684238694139,0.9927749531709927,0.03415595813204509,0.041570048309178764,Epilepsy,3,5,5.0,20,80,chain-mean-GPF (PSSTO-style),0.045,0.08215466663021087,64.0,3.0,206.0,0.1150857484500678,0.061689405778780126,0.5399537480098496,,
0.8695652173913043,0.891490410038602,0.8955044153063956,0.9886272411024886,0.04293204508856683,0.05695652173913043,Epilepsy,3,5,5.0,20,80,KNNOR-GPF (M=1),0.045,0.08215466663021087,64.0,3.0,206.0,0.2492146204149448,0.18918986533967008,0.1834462426801308,1.0,1.0
0.8947368421052632,0.9345736371891054,0.9347069842119347,0.988894835429489,0.03986698872785829,0.04594202898550725,Epilepsy,3,5,5.0,20,80,KNNOR-GPF (M calibrated),0.045,0.08215466663021087,64.0,3.0,206.0,0.1452436120542333,0.059262992734035125,0.5480883847924563,1.0,2.0
0.9333333333333333,0.9580441229979535,0.9581214878244582,0.991972170189992,0.031266747181964566,0.029637681159420295,Epilepsy,3,5,5.0,20,80,hybrid GPF-nbrs/raw-walk (M calibrated),0.045,0.08215466663021087,64.0,3.0,206.0,0.11075266023554398,0.05024077379437486,1.3148556674917018,0.625,2.0
0.8695652173913043,0.891490410038602,0.8955044153063956,0.9911693872089912,0.041280032206119165,0.05922705314009663,Epilepsy,3,5,5.0,20,80,KNNOR-official-GPF (randmx=1),0.045,0.08215466663021087,64.0,3.0,206.0,0.25726456173747203,0.20693936634889315,0.1658505546250624,1.0,1.0
0.9066666666666666,0.9394285978438609,0.9396574792614396,0.993042547497993,0.032567310789049925,0.05521739130434784,Epilepsy,3,5,5.0,20,80,KNNOR-official-GPF (randmx=M*),0.045,0.08215466663021087,64.0,3.0,206.0,0.13672885217534536,0.05975711648173776,0.6200371232802663,1.0,2.0
0.8333333333333334,0.8778790701234258,0.8806529301578807,0.9797966283114798,0.05574983896940419,0.06475845410628019,Epilepsy,3,5,5.0,20,80,KNNOR-official-raw (randmx=1),0.045,0.08215466663021087,64.0,3.0,206.0,0.8724473881090546,0.3367469426189814,0.3346789025103669,1.0,1.0
0.8974358974358975,0.9432662070040937,0.9432700026759433,0.9895638212469896,0.03750458937198067,0.05195652173913043,Epilepsy,3,5,5.0,20,80,hybrid GPF-nbrs/raw-walk (M raw-calibrated),0.045,0.08215466663021087,64.0,3.0,206.0,0.14125118119705804,0.06975795562307385,0.8433524986981307,0.625,1.6
0.05263157894736842,0.1643989873053573,0.5135135135135135,0.7021675140487021,0.18756674718196456,0.11727053140096619,Epilepsy,3,10,10.0,10,90,none (raw-flat RF),0.045,0.16709984475608253,,,,,,,,
0.7666666666666667,0.7884298457197201,0.8108108108108107,0.9554455445544554,0.07979927536231884,0.077512077294686,Epilepsy,3,10,10.0,10,90,none,0.045,0.16709984475608253,64.0,3.0,206.0,,,,,
0.8059701492537313,0.8414597965694547,0.85001337971635,0.971902595664972,0.0651220611916264,0.04328502415458936,Epilepsy,3,10,10.0,10,90,SMOTE-raw,0.045,0.16709984475608253,64.0,3.0,206.0,0.3896296805005013,0.14778643785413648,0.5307325279021905,,
0.8307692307692308,0.8500027546430202,0.85991436981536,0.9834091517259834,0.054552898550724635,0.06084541062801932,Epilepsy,3,10,10.0,10,90,chain-mean-GPF (PSSTO-style),0.045,0.16709984475608253,64.0,3.0,206.0,0.2056762126979912,0.11916860227100945,0.416362287441606,,
0.84375,0.8542421961772491,0.8648648648648649,0.972972972972973,0.06146280193236715,0.059227053140096644,Epilepsy,3,10,10.0,10,90,KNNOR-GPF (M=1),0.045,0.16709984475608253,64.0,3.0,206.0,0.25500117309846737,0.15457355640608228,0.3437995161239704,1.0,1.0
0.8656716417910447,0.8809219876361221,0.8869413968423869,0.9868878779769868,0.04850040257648953,0.05727053140096619,Epilepsy,3,10,10.0,10,90,KNNOR-GPF (M calibrated),0.045,0.16709984475608253,64.0,3.0,206.0,0.20330235346797787,0.08184447978003506,0.8064558582231278,1.0,1.5999999999999999
0.9315068493150684,0.9490640150605758,0.9495584693604495,0.9925073588439924,0.0336695652173913,0.04072463768115941,Epilepsy,3,10,10.0,10,90,hybrid GPF-nbrs/raw-walk (M calibrated),0.045,0.16709984475608253,64.0,3.0,206.0,0.17657271702828048,0.07060559282336487,1.2437419641547682,0.703125,1.5999999999999999
0.8064516129032258,0.8219949365267865,0.8378378378378378,0.9633395772009633,0.0681999194847021,0.05355072463768116,Epilepsy,3,10,10.0,10,90,KNNOR-official-GPF (randmx=1),0.045,0.16709984475608253,64.0,3.0,206.0,0.299945094379823,0.19613031403032177,0.27307513827180413,1.0,1.0
0.8529411764705882,0.8765063107689347,0.881990901792882,0.9672196949424672,0.06132624798711755,0.05270531400966182,Epilepsy,3,10,10.0,10,90,KNNOR-official-GPF (randmx=M*),0.045,0.16709984475608253,64.0,3.0,206.0,0.2102173110034644,0.09406682251771614,0.7104100778978312,1.0,1.5999999999999999
0.7384615384615385,0.7892778935562702,0.8045223441263045,0.9562483275354562,0.07694420289855072,0.06099033816425119,Epilepsy,3,10,10.0,10,90,KNNOR-official-raw (randmx=1),0.045,0.16709984475608253,64.0,3.0,206.0,0.8592078564195214,0.38645757107623513,0.33618372013084524,1.0,1.0
0.8571428571428571,0.8869765055404719,0.8905539202568906,0.9864864864864866,0.043856521739130426,0.05082125603864735,Epilepsy,3,10,10.0,10,90,hybrid GPF-nbrs/raw-walk (M raw-calibrated),0.045,0.16709984475608253,64.0,3.0,206.0,0.25598081899120984,0.1035881198882671,1.0032511342745751,0.703125,1.4
0.0,0.0,0.5,0.6529301578806529,0.21008003220611915,0.1640096618357488,Epilepsy,3,20,20.0,5,95,none (raw-flat RF),0.045,0.29818976231955685,,,,,,,,
0.6666666666666666,0.7130422296754299,0.7518062617072518,0.9682900722504683,0.09529814814814816,0.10340579710144926,Epilepsy,3,20,20.0,5,95,none,0.045,0.29818976231955685,64.0,3.0,206.0,,,,,
0.7647058823529411,0.817260937640279,0.8265988761038265,0.9793952368209794,0.06408566827697264,0.0755072463768116,Epilepsy,3,20,20.0,5,95,SMOTE-raw,0.045,0.29818976231955685,64.0,3.0,206.0,0.4809149574114058,0.17353652254877538,0.44703970832394263,,
0.8253968253968254,0.8382736442849095,0.8513513513513513,0.9842119347069842,0.05316239935587761,0.07456521739130437,Epilepsy,3,20,20.0,5,95,chain-mean-GPF (PSSTO-style),0.045,0.29818976231955685,64.0,3.0,206.0,0.28928137263803433,0.1862690683067879,0.29325585101729296,,
0.8125,0.8341134516363441,0.8464008563018464,0.9831415573989831,0.05842310789049919,0.0770289855072464,Epilepsy,3,20,20.0,5,95,KNNOR-GPF (M=1),0.045,0.29818976231955685,64.0,3.0,206.0,0.3133306685221646,0.22718735805447454,0.2540345731718687,1.0,1.0
0.8307692307692308,0.8500027546430202,0.85991436981536,0.9854161091784853,0.053808293075684376,0.06847826086956522,Epilepsy,3,20,20.0,5,95,KNNOR-GPF (M calibrated),0.045,0.29818976231955685,64.0,3.0,206.0,0.3008379338238416,0.1751320204405883,0.48736374603005944,1.0,1.5999999999999999
0.8285714285714286,0.8676075390703752,0.8720899116938721,0.9858175006689858,0.04893003220611916,0.046111111111111124,Epilepsy,3,20,20.0,5,95,hybrid GPF-nbrs/raw-walk (M calibrated),0.045,0.29818976231955685,64.0,3.0,206.0,0.22231352620522427,0.09232277731007399,0.7937877424874842,0.7421875,1.5999999999999999
0.8253968253968254,0.8382736442849095,0.8513513513513513,0.9840781375434842,0.055597665056360705,0.07195652173913043,Epilepsy,3,20,20.0,5,95,KNNOR-official-GPF (randmx=1),0.045,0.29818976231955685,64.0,3.0,206.0,0.4942461620321208,0.3452090774926163,0.23531104336221553,1.0,1.0
0.9722222222222222,0.9725975251592747,0.972972972972973,0.9975916510569975,0.024275120772946857,0.06533816425120773,Epilepsy,3,20,20.0,5,95,KNNOR-official-GPF (randmx=M*),0.045,0.29818976231955685,64.0,3.0,206.0,0.7197759031925497,0.29532730514355876,0.5285487186696564,0.9405940594059405,1.5999999999999999
0.6440677966101694,0.7058757942262209,0.7419052716082419,0.95999464811346,0.09599557165861514,0.09292270531400967,Epilepsy,3,20,20.0,5,95,KNNOR-official-raw (randmx=1),0.045,0.29818976231955685,64.0,3.0,206.0,1.2892156199709064,0.5498343737360553,0.11019596427537771,0.3925619834710744,1.0
0.8405797101449275,0.8720682756153674,0.877040406743377,0.985014717687985,0.050016666666666654,0.05422705314009661,Epilepsy,3,20,20.0,5,95,hybrid GPF-nbrs/raw-walk (M raw-calibrated),0.045,0.29818976231955685,64.0,3.0,206.0,0.22963049655220336,0.09894307607839448,0.7415081553020739,0.7421875,1.4
0.5769230769230769,0.6367145399670133,0.7027027027027027,0.8882793684773882,0.12703703703703703,0.12362318840579711,Epilepsy,4,5,5.0,20,80,none (raw-flat RF),0.045,0.1240083894138877,,,,,,,,
0.8656716417910447,0.8809219876361221,0.8869413968423869,0.9862188921594861,0.05002093397745572,0.06454106280193236,Epilepsy,4,5,5.0,20,80,none,0.045,0.1240083894138877,64.0,3.0,206.0,,,,,
0.8857142857142857,0.9062267870482649,0.909017928819909,0.9871554723039871,0.042924879227053146,0.06577294685990338,Epilepsy,4,5,5.0,20,80,SMOTE-raw,0.045,0.1240083894138877,64.0,3.0,206.0,0.23242966917428376,0.08208933333396196,0.44225885702217227,,
0.8823529411764706,0.8959815740297358,0.9004549103559005,0.9927749531709928,0.03773993558776168,0.044396135265700486,Epilepsy,4,5,5.0,20,80,chain-mean-GPF (PSSTO-style),0.045,0.1240083894138877,64.0,3.0,206.0,0.17711136080668144,0.09007829500259212,0.5113218311674157,,
0.8115942028985508,0.8525175611872912,0.8585763981803586,0.9836767460529836,0.050586876006441225,0.0668840579710145,Epilepsy,4,5,5.0,20,80,KNNOR-GPF (M=1),0.045,0.1240083894138877,64.0,3.0,206.0,0.3928363566236901,0.23919516729246565,0.1608824621560099,1.0,1.0
0.868421052631579,0.9159193278590855,0.9162429756489162,0.9838105432164838,0.04366046698872785,0.050169082125603864,Epilepsy,4,5,5.0,20,80,KNNOR-GPF (M calibrated),0.045,0.1240083894138877,64.0,3.0,206.0,0.25329803660544536,0.08330463600043492,0.7071766445600334,1.0,2.4
0.9066666666666666,0.9394285978438609,0.9396574792614396,0.9887610382659887,0.03843856682769726,0.048236714975845404,Epilepsy,4,5,5.0,20,80,hybrid GPF-nbrs/raw-walk (M calibrated),0.045,0.1240083894138877,64.0,3.0,206.0,0.24865992123237124,0.07144801927524225,1.1663972056612109,0.625,2.4
0.835820895522388,0.8612615598322857,0.8684773882793685,0.9860850949959861,0.04817020933977455,0.060434782608695656,Epilepsy,4,5,5.0,20,80,KNNOR-official-GPF (randmx=1),0.045,0.1240083894138877,64.0,3.0,206.0,0.44539545428182725,0.28143951815212115,0.14131872434547144,1.0,1.0
0.8378378378378378,0.8877304168585124,0.8892159486218891,0.9814021942734814,0.0462256038647343,0.07835748792270532,Epilepsy,4,5,5.0,20,80,KNNOR-official-GPF (randmx=M*),0.045,0.1240083894138877,64.0,3.0,206.0,0.3759361147560889,0.08801827025414533,2.687704509532203,0.9411764705882353,2.4
0.8493150684931506,0.8923904510654496,0.8941664436713941,0.9859512978324859,0.046427697262479875,0.04893719806763289,Epilepsy,4,5,5.0,20,80,KNNOR-official-raw (randmx=1),0.045,0.1240083894138877,64.0,3.0,206.0,0.5783508649466884,0.21633559743723962,0.4343319390960543,1.0,1.0
0.8378378378378378,0.8877304168585124,0.8892159486218891,0.9808670056194808,0.04840942028985507,0.05649758454106279,Epilepsy,4,5,5.0,20,80,hybrid GPF-nbrs/raw-walk (M raw-calibrated),0.045,0.1240083894138877,64.0,3.0,206.0,0.25192855258942304,0.09232590297635646,0.8001875000939944,0.625,1.6
0.10256410256410256,0.23249527748763857,0.527027027027027,0.8584426010168584,0.1491529790660225,0.10903381642512078,Epilepsy,4,10,10.0,10,90,none (raw-flat RF),0.045,0.299276719431375,,,,,,,,
0.6885245901639344,0.7420977866605928,0.7689322986352689,0.9654803318169655,0.09104879227053139,0.09173913043478259,Epilepsy,4,10,10.0,10,90,none,0.045,0.299276719431375,64.0,3.0,206.0,,,,,
0.7096774193548387,0.759561300365268,0.7824458121487825,0.9665507091249665,0.08731054750402575,0.08364734299516911,Epilepsy,4,10,10.0,10,90,SMOTE-raw,0.045,0.299276719431375,64.0,3.0,206.0,0.6416380481871242,0.22903705282330195,0.5526320112190152,,
0.7096774193548387,0.759561300365268,0.7824458121487825,0.9735081616269735,0.08040869565217391,0.08816425120772947,Epilepsy,4,10,10.0,10,90,chain-mean-GPF (PSSTO-style),0.045,0.299276719431375,64.0,3.0,206.0,0.419549324940353,0.27591871832003045,0.3410550319149502,,
0.6885245901639344,0.7420977866605928,0.7689322986352689,0.9682900722504684,0.08648035426731078,0.09357487922705313,Epilepsy,4,10,10.0,10,90,KNNOR-GPF (M=1),0.045,0.299276719431375,64.0,3.0,206.0,0.512409430418322,0.3104416364685703,0.31231001674657227,1.0,1.0
0.7692307692307693,0.8096950667693706,0.822986352689323,0.978993845330479,0.06299017713365539,0.07579710144927537,Epilepsy,4,10,10.0,10,90,KNNOR-GPF (M calibrated),0.045,0.299276719431375,64.0,3.0,206.0,0.3984443966239033,0.14550449123414066,0.999793383848056,1.0,1.7999999999999998
0.8611111111111112,0.8970262768112229,0.899116938720899,0.9870216751404871,0.04965040257648953,0.05231884057971016,Epilepsy,4,10,10.0,10,90,hybrid GPF-nbrs/raw-walk (M calibrated),0.045,0.299276719431375,64.0,3.0,206.0,0.3041217850555873,0.09465874596033141,1.8885992081429257,0.703125,1.7999999999999998
0.7096774193548387,0.759561300365268,0.7824458121487825,0.9693604495584695,0.08489935587761675,0.09169082125603865,Epilepsy,4,10,10.0,10,90,KNNOR-official-GPF (randmx=1),0.045,0.299276719431375,64.0,3.0,206.0,0.5107477762562571,0.3290953724463137,0.268992683577172,1.0,1.0
0.8405797101449275,0.8720682756153674,0.877040406743377,0.9772544822049771,0.06042520128824477,0.06403381642512077,Epilepsy,4,10,10.0,10,90,KNNOR-official-GPF (randmx=M*),0.045,0.299276719431375,64.0,3.0,206.0,0.39785342295993353,0.1264953296356539,1.3510272427403798,1.0,1.7999999999999998
0.7096774193548387,0.759561300365268,0.7824458121487825,0.9601284452769602,0.09179283413848631,0.09200483091787441,Epilepsy,4,10,10.0,10,90,KNNOR-official-raw (randmx=1),0.045,0.299276719431375,64.0,3.0,206.0,1.1268835093063647,0.3966884327543645,0.49937596992772953,0.5202312138728323,1.0
0.8405797101449275,0.8720682756153674,0.877040406743377,0.9763179020604764,0.062340096618357495,0.056666666666666664,Epilepsy,4,10,10.0,10,90,hybrid GPF-nbrs/raw-walk (M raw-calibrated),0.045,0.299276719431375,64.0,3.0,206.0,0.40274960840045115,0.1304282377499364,1.1904850818057242,0.703125,1.4
0.0,0.0,0.5,0.6842386941396843,0.2056098228663446,0.17033816425120774,Epilepsy,4,20,20.0,5,95,none (raw-flat RF),0.045,0.5861692027274019,,,,,,,,
0.2727272727272727,0.4006951412235499,0.5761305860315762,0.9677548835964677,0.12871924315619968,0.14920289855072463,Epilepsy,4,20,20.0,5,95,none,0.045,0.5861692027274019,64.0,3.0,206.0,,,,,
0.8235294117647058,0.8569007137870375,0.8635268932298635,0.9836767460529836,0.05811884057971013,0.09106280193236714,Epilepsy,4,20,20.0,5,95,SMOTE-raw,0.045,0.5861692027274019,64.0,3.0,206.0,0.5543576785854967,0.1447814539618545,0.4047871599982804,,
0.7868852459016393,0.8053872662568292,0.8243243243243243,0.9878244581214878,0.07364798711755233,0.11690821256038646,Epilepsy,4,20,20.0,5,95,chain-mean-GPF (PSSTO-style),0.045,0.5861692027274019,64.0,3.0,206.0,0.8718374112227423,0.2960797650498864,0.26820970658341037,,
0.7741935483870968,0.8013902824470998,0.8193738292748194,0.9828739630719829,0.07911239935587763,0.09367149758454107,Epilepsy,4,20,20.0,5,95,KNNOR-GPF (M=1),0.045,0.5861692027274019,64.0,3.0,206.0,1.611371909435816,0.5701084438443977,0.13386505060590437,1.0,1.0
0.7936507936507936,0.8179155320084519,0.8328873427883329,0.9868878779769868,0.07543888888888889,0.11770531400966183,Epilepsy,4,20,20.0,5,95,KNNOR-GPF (M calibrated),0.045,0.5861692027274019,64.0,3.0,206.0,1.743340972095115,0.5148532326700995,0.22796101780248643,1.0,1.5999999999999999
0.8611111111111112,0.8970262768112229,0.899116938720899,0.9860850949959862,0.052899999999999996,0.07227053140096619,Epilepsy,4,20,20.0,5,95,hybrid GPF-nbrs/raw-walk (M calibrated),0.045,0.5861692027274019,64.0,3.0,206.0,2.8030531376351515,0.5686584152856242,0.6722760377518773,0.7421875,1.5999999999999999
0.78125,0.8138156789627872,0.8279368477388279,0.9834091517259833,0.07140563607085347,0.10647342995169082,Epilepsy,4,20,20.0,5,95,KNNOR-official-GPF (randmx=1),0.045,0.5861692027274019,64.0,3.0,206.0,1.4198688593378717,0.5326699657208871,0.1393311694530431,0.7480314960629921,1.0
0.7936507936507936,0.8179155320084519,0.8328873427883329,0.9832753545624833,0.06820692431561996,0.0978743961352657,Epilepsy,4,20,20.0,5,95,KNNOR-official-GPF (randmx=M*),0.045,0.5861692027274019,64.0,3.0,206.0,1.965013075664344,0.38897609728659155,0.8975757442571913,0.6737588652482269,1.5999999999999999
0.8059701492537313,0.8414597965694547,0.85001337971635,0.9828739630719829,0.0617012077294686,0.10929951690821255,Epilepsy,4,20,20.0,5,95,KNNOR-official-raw (randmx=1),0.045,0.5861692027274019,64.0,3.0,206.0,0.4288409637682884,0.19540603030952497,0.2325246125587899,0.33687943262411346,1.0
0.8611111111111112,0.8970262768112229,0.899116938720899,0.9860850949959861,0.052290660225442834,0.07188405797101449,Epilepsy,4,20,20.0,5,95,hybrid GPF-nbrs/raw-walk (M raw-calibrated),0.045,0.5861692027274019,64.0,3.0,206.0,3.0240002947807083,0.5939344275006366,0.7112282568226606,0.7421875,1.4
0.8,0.816496580927726,0.8333333333333333,0.9588888888888888,0.04707777777777778,0.054296296296296294,NATOPS,0,5,5.0,30,120,none (raw-flat RF),0.715,0.33502587814186224,,,,,,,,
0.9310344827586207,0.9455157322858251,0.9466666666666667,0.9908888888888889,0.02831611111111111,0.06209259259259259,NATOPS,0,5,5.0,30,120,none,0.715,0.33502587814186224,64.0,24.0,51.0,,,,,
0.8813559322033898,0.9215928240461366,0.9233333333333333,0.9846666666666667,0.03450913580246914,0.0414074074074074,NATOPS,0,5,5.0,30,120,SMOTE-raw,0.715,0.33502587814186224,64.0,24.0,51.0,0.6511561796644729,0.08881383341467453,0.6881414134025718,,
0.9122807017543859,0.927840982544363,0.9299999999999999,0.9945555555555556,0.0241116049382716,0.05137037037037037,NATOPS,0,5,5.0,30,120,chain-mean-GPF (PSSTO-style),0.715,0.33502587814186224,64.0,24.0,51.0,0.5761635904870772,0.09272868313173532,0.6743230122114808,,
0.9491525423728814,0.9628660919936433,0.9633333333333334,0.9962222222222222,0.0190070987654321,0.042722222222222224,NATOPS,0,5,5.0,30,120,KNNOR-GPF (M=1),0.715,0.33502587814186224,64.0,24.0,51.0,0.7902189463384355,0.18518235380114356,0.3219386359063816,0.9917355371900827,1.0
0.9,0.9391485505499118,0.94,0.9957777777777778,0.020790740740740738,0.04518518518518521,NATOPS,0,5,5.0,30,120,KNNOR-GPF (M calibrated),0.715,0.33502587814186224,64.0,24.0,51.0,0.5182339918765004,0.08411600355856108,0.6071485498835858,0.967741935483871,2.1999999999999997
0.8928571428571429,0.9098229375970788,0.9133333333333333,0.9956666666666667,0.019881296296296293,0.04775925925925925,NATOPS,0,5,5.0,30,120,hybrid GPF-nbrs/raw-walk (M calibrated),0.715,0.33502587814186224,64.0,24.0,51.0,3.342674500807642,0.08462301210060763,10.0947449224393,0.625,2.1999999999999997
0.9491525423728814,0.9628660919936433,0.9633333333333334,0.9962222222222222,0.02030592592592593,0.04777777777777778,NATOPS,0,5,5.0,30,120,KNNOR-official-GPF (randmx=1),0.715,0.33502587814186224,64.0,24.0,51.0,0.8410403431139359,0.20711296404264984,0.28805592019496606,1.0,1.0
0.9333333333333333,0.959629558157151,0.96,0.9958888888888889,0.019319074074074075,0.050796296296296305,NATOPS,0,5,5.0,30,120,KNNOR-official-GPF (randmx=M*),0.715,0.33502587814186224,64.0,24.0,51.0,0.4483872370693973,0.06941268852110027,1.484361007073253,0.9375,2.1999999999999997
0.9491525423728814,0.9628660919936433,0.9633333333333334,0.9951111111111111,0.023628024691358027,0.051,NATOPS,0,5,5.0,30,120,KNNOR-official-raw (randmx=1),0.715,0.33502587814186224,64.0,24.0,51.0,1.1305692026672416,0.23532969354543065,0.2871050336294728,0.916030534351145,1.0
0.9491525423728814,0.9628660919936433,0.9633333333333334,0.9971111111111112,0.01770925925925926,0.04244444444444446,NATOPS,0,5,5.0,30,120,hybrid GPF-nbrs/raw-walk (M raw-calibrated),0.715,0.33502587814186224,64.0,24.0,51.0,0.4668246738673245,0.08479477975937444,0.6539066171787339,0.625,1.4
0.75,0.7745966692414834,0.8,0.9403333333333332,0.06255833333333334,0.05616666666666667,NATOPS,0,10,10.0,15,135,none (raw-flat RF),0.715,0.801115080930975,,,,,,,,
0.6666666666666666,0.7071067811865476,0.75,0.9755555555555555,0.05245074074074075,0.060148148148148145,NATOPS,0,10,10.0,15,135,none,0.715,0.801115080930975,64.0,24.0,51.0,,,,,
0.8928571428571429,0.9098229375970788,0.9133333333333333,0.994,0.02898098765432099,0.04848148148148147,NATOPS,0,10,10.0,15,135,SMOTE-raw,0.715,0.801115080930975,64.0,24.0,51.0,0.8602940073794088,0.08518469593187428,0.6711206906446882,,
0.8928571428571429,0.9098229375970788,0.9133333333333333,0.9953333333333333,0.025136790123456793,0.042518518518518504,NATOPS,0,10,10.0,15,135,chain-mean-GPF (PSSTO-style),0.715,0.801115080930975,64.0,24.0,51.0,1.1156725045367555,0.1222076681034222,0.6004621409070701,,
0.9090909090909091,0.9128709291752769,0.9166666666666667,0.9948888888888889,0.023660925925925926,0.043759259259259255,NATOPS,0,10,10.0,15,135,KNNOR-GPF (M=1),0.715,0.801115080930975,64.0,24.0,51.0,2.0331224260952467,0.25829614304387477,0.29195077897046456,1.0,1.0
0.9090909090909091,0.9128709291752769,0.9166666666666667,0.9903333333333333,0.020347283950617287,0.03874074074074073,NATOPS,0,10,10.0,15,135,KNNOR-GPF (M calibrated),0.715,0.801115080930975,64.0,24.0,51.0,1.606385293833327,0.12462704790876711,0.6516449201876601,0.9782608695652174,2.1999999999999997
0.9285714285714286,0.9309493362512627,0.9333333333333333,0.9878888888888888,0.02422006172839506,0.04398148148148148,NATOPS,0,10,10.0,15,135,hybrid GPF-nbrs/raw-walk (M calibrated),0.715,0.801115080930975,64.0,24.0,51.0,5.911252957072833,0.1158836214554606,12.94684350293182,0.703125,2.1999999999999997
0.9090909090909091,0.9128709291752769,0.9166666666666667,0.991,0.026892222222222224,0.030037037037037022,NATOPS,0,10,10.0,15,135,KNNOR-official-GPF (randmx=1),0.715,0.801115080930975,64.0,24.0,51.0,2.4615133027025173,0.30361735994704836,0.19974948532827666,1.0,1.0
0.9090909090909091,0.9128709291752769,0.9166666666666667,0.9878888888888888,0.025825493827160494,0.030870370370370378,NATOPS,0,10,10.0,15,135,KNNOR-official-GPF (randmx=M*),0.715,0.801115080930975,64.0,24.0,51.0,2.794046377095448,0.11785388185085932,1.6620727311922316,0.9782608695652174,2.1999999999999997
0.8518518518518519,0.8726715049522102,0.88,0.9918888888888889,0.03454814814814814,0.05785185185185186,NATOPS,0,10,10.0,15,135,KNNOR-official-raw (randmx=1),0.715,0.801115080930975,64.0,24.0,51.0,2.0533664580609123,0.2255819573372163,0.39207027976084285,0.9782608695652174,1.0
0.9285714285714286,0.9309493362512627,0.9333333333333333,0.992111111111111,0.021327592592592592,0.03905555555555556,NATOPS,0,10,10.0,15,135,hybrid GPF-nbrs/raw-walk (M raw-calibrated),0.715,0.801115080930975,64.0,24.0,51.0,2.1325839292745012,0.1260259088913448,1.1855476145818984,0.703125,1.6
0.3333333333333333,0.4472135954999579,0.6,0.9073333333333333,0.09319234567901233,0.08092592592592592,NATOPS,0,20,18.8,8,142,none (raw-flat RF),0.715,1.46902361718465,,,,,,,,
0.5365853658536586,0.6055300708194983,0.6833333333333333,0.9822222222222223,0.06294987654320988,0.08596296296296295,NATOPS,0,20,18.8,8,142,none,0.715,1.46902361718465,64.0,24.0,51.0,,,,,
0.7547169811320755,0.8082903768654761,0.8233333333333333,0.9536666666666667,0.06158611111111111,0.046240740740740735,NATOPS,0,20,18.8,8,142,SMOTE-raw,0.715,1.46902361718465,64.0,24.0,51.0,2.748159675317309,0.25119201559425164,0.605259857008698,,
0.8518518518518519,0.8726715049522102,0.88,0.9935555555555556,0.035633765432098764,0.05327777777777777,NATOPS,0,20,18.8,8,142,chain-mean-GPF (PSSTO-style),0.715,1.46902361718465,64.0,24.0,51.0,2.07416225095948,0.3233230070064051,0.356925966378231,,
0.8076923076923077,0.8338664961091394,0.8466666666666667,0.9944444444444444,0.03557672839506173,0.05587037037037036,NATOPS,0,20,18.8,8,142,KNNOR-GPF (M=1),0.715,1.46902361718465,64.0,24.0,51.0,2.9089939124153616,0.4487453796476619,0.1624825234148973,0.5503875968992248,1.0
0.8727272727272727,0.8914407813571615,0.8966666666666667,0.995,0.030094691358024693,0.06466666666666665,NATOPS,0,20,18.8,8,142,KNNOR-GPF (M calibrated),0.715,1.46902361718465,64.0,24.0,51.0,2.4580379768541167,0.32298440276682566,0.29556265901114565,0.4423676012461059,1.7999999999999998
0.9310344827586207,0.9455157322858251,0.9466666666666667,0.9955555555555555,0.025527345679012346,0.05375925925925927,NATOPS,0,20,18.8,8,142,hybrid GPF-nbrs/raw-walk (M calibrated),0.715,1.46902361718465,64.0,24.0,51.0,2.116816413996993,0.15140007851354276,1.7996211961300879,0.5546875,1.7999999999999998
0.8076923076923077,0.8338664961091394,0.8466666666666667,0.9943333333333334,0.03864586419753086,0.060462962962962954,NATOPS,0,20,18.8,8,142,KNNOR-official-GPF (randmx=1),0.715,1.46902361718465,64.0,24.0,51.0,2.772541698426492,0.4148936365081226,0.2253465627244008,0.7593582887700535,1.0
0.8301886792452831,0.8534895690308373,0.8633333333333333,0.9954444444444445,0.03240246913580247,0.06596296296296296,NATOPS,0,20,18.8,8,142,KNNOR-official-GPF (randmx=M*),0.715,1.46902361718465,64.0,24.0,51.0,2.1673364342641595,0.26706089420726287,0.561373138313082,0.6995073891625616,1.7999999999999998
0.6222222222222222,0.6808491430232952,0.73,0.9716666666666667,0.06077067901234568,0.0689074074074074,NATOPS,0,20,18.8,8,142,KNNOR-official-raw (randmx=1),0.715,1.46902361718465,64.0,24.0,51.0,5.816253797619636,0.5054666611582058,0.3725667623165799,0.5867768595041323,1.0
0.8928571428571429,0.9098229375970788,0.9133333333333333,0.9946666666666666,0.02896672839506173,0.0567962962962963,NATOPS,0,20,18.8,8,142,hybrid GPF-nbrs/raw-walk (M raw-calibrated),0.715,1.46902361718465,64.0,24.0,51.0,2.038429987208657,0.1784919869130328,1.020377562351617,0.5546875,1.6
0.8,0.816496580927726,0.8333333333333333,0.9601111111111111,0.046784876543209876,0.05601851851851852,NATOPS,1,5,5.0,30,120,none (raw-flat RF),0.715,0.33502587814186224,,,,,,,,
0.8727272727272727,0.8914407813571615,0.8966666666666667,0.9905555555555556,0.02892160493827161,0.06581481481481483,NATOPS,1,5,5.0,30,120,none,0.715,0.33502587814186224,64.0,24.0,51.0,,,,,
0.8771929824561403,0.9067647005823629,0.91,0.9886666666666667,0.03135753086419753,0.03177777777777777,NATOPS,1,5,5.0,30,120,SMOTE-raw,0.715,0.33502587814186224,64.0,24.0,51.0,0.5949950493120859,0.09032701805860222,0.6596110019213178,,
0.9122807017543859,0.927840982544363,0.9299999999999999,0.9951111111111112,0.023973703703703702,0.04614814814814814,NATOPS,1,5,5.0,30,120,chain-mean-GPF (PSSTO-style),0.715,0.33502587814186224,64.0,24.0,51.0,0.5253713358058478,0.09533911243718496,0.6534607688764136,,
0.9491525423728814,0.9628660919936433,0.9633333333333334,0.9963333333333333,0.02051012345679012,0.049185185185185186,NATOPS,1,5,5.0,30,120,KNNOR-GPF (M=1),0.715,0.33502587814186224,64.0,24.0,51.0,0.9083510798918821,0.2132399020887934,0.2999680475370463,1.0,1.0
0.9491525423728814,0.9628660919936433,0.9633333333333334,0.9958888888888889,0.020956666666666665,0.05259259259259261,NATOPS,1,5,5.0,30,120,KNNOR-GPF (M calibrated),0.715,0.33502587814186224,64.0,24.0,51.0,0.61250075665982,0.10582092391790887,0.6261651885612275,0.96,2.1999999999999997
0.9666666666666667,0.9799092928543041,0.98,0.9968888888888889,0.017112716049382713,0.04507407407407409,NATOPS,1,5,5.0,30,120,hybrid GPF-nbrs/raw-walk (M calibrated),0.715,0.33502587814186224,64.0,24.0,51.0,1.3528842793956022,0.04039590310518304,6.116797756480887,0.625,2.1999999999999997
0.9491525423728814,0.9628660919936433,0.9633333333333334,0.9946666666666666,0.02248333333333333,0.04699999999999999,NATOPS,1,5,5.0,30,120,KNNOR-official-GPF (randmx=1),0.715,0.33502587814186224,64.0,24.0,51.0,0.903196183144579,0.2220746558322343,0.28336840681095543,1.0,1.0
0.9491525423728814,0.9628660919936433,0.9633333333333334,0.9964444444444445,0.019781358024691355,0.045000000000000005,NATOPS,1,5,5.0,30,120,KNNOR-official-GPF (randmx=M*),0.715,0.33502587814186224,64.0,24.0,51.0,0.5874815473393058,0.10590608913706312,0.7865105386675435,0.9302325581395349,2.1999999999999997
0.9122807017543859,0.927840982544363,0.9299999999999999,0.9925555555555555,0.027703024691358023,0.05483333333333333,NATOPS,1,5,5.0,30,120,KNNOR-official-raw (randmx=1),0.715,0.33502587814186224,64.0,24.0,51.0,1.085846060848982,0.21356450797713422,0.33946929118335606,0.9230769230769231,1.0
0.9491525423728814,0.9628660919936433,0.9633333333333334,0.9971111111111111,0.019022530864197532,0.052462962962962975,NATOPS,1,5,5.0,30,120,hybrid GPF-nbrs/raw-walk (M raw-calibrated),0.715,0.33502587814186224,64.0,24.0,51.0,0.6047851060369593,0.11736783299768438,0.5471235607997489,0.625,1.4
0.6956521739130435,0.7302967433402214,0.7666666666666666,0.9312222222222222,0.062231975308641975,0.05051851851851852,NATOPS,1,10,10.0,15,135,none (raw-flat RF),0.715,0.5114095334125155,,,,,,,,
0.8,0.816496580927726,0.8333333333333333,0.9837777777777778,0.04413524691358024,0.06642592592592593,NATOPS,1,10,10.0,15,135,none,0.715,0.5114095334125155,64.0,24.0,51.0,,,,,
0.8301886792452831,0.8534895690308373,0.8633333333333333,0.979,0.04611722222222222,0.0387962962962963,NATOPS,1,10,10.0,15,135,SMOTE-raw,0.715,0.5114095334125155,64.0,24.0,51.0,0.9226132976617887,0.1120375300322839,0.6319210057479304,,
0.8518518518518519,0.8726715049522102,0.88,0.9908888888888889,0.03219944444444445,0.05575925925925925,NATOPS,1,10,10.0,15,135,chain-mean-GPF (PSSTO-style),0.715,0.5114095334125155,64.0,24.0,51.0,0.6488111710760673,0.1191029118194804,0.545860263212914,,
0.9122807017543859,0.927840982544363,0.9299999999999999,0.9943333333333334,0.022571604938271605,0.047925925925925913,NATOPS,1,10,10.0,15,135,KNNOR-GPF (M=1),0.715,0.5114095334125155,64.0,24.0,51.0,0.7962897641607931,0.18732674574930602,0.3387987820858829,1.0,1.0
0.9122807017543859,0.927840982544363,0.9299999999999999,0.9973333333333334,0.020086851851851856,0.04509259259259261,NATOPS,1,10,10.0,15,135,KNNOR-GPF (M calibrated),0.715,0.5114095334125155,64.0,24.0,51.0,0.48088113630879903,0.07993579901238346,0.7472995974815007,1.0,2.0
0.9491525423728814,0.9628660919936433,0.9633333333333334,0.9967777777777778,0.01600253086419753,0.04401851851851854,NATOPS,1,10,10.0,15,135,hybrid GPF-nbrs/raw-walk (M calibrated),0.715,0.5114095334125155,64.0,24.0,51.0,1.0295327119131379,0.039975081994413686,5.536208827289454,0.703125,2.0
0.8928571428571429,0.9098229375970788,0.9133333333333333,0.9924444444444445,0.023528086419753087,0.043833333333333335,NATOPS,1,10,10.0,15,135,KNNOR-official-GPF (randmx=1),0.715,0.5114095334125155,64.0,24.0,51.0,0.8902133061148723,0.2089474606993127,0.30833945331340806,1.0,1.0
0.8928571428571429,0.9098229375970788,0.9133333333333333,0.9957777777777778,0.021608580246913575,0.04242592592592593,NATOPS,1,10,10.0,15,135,KNNOR-official-GPF (randmx=M*),0.715,0.5114095334125155,64.0,24.0,51.0,0.5430955422271664,0.09251443490150979,0.7285956597677404,0.9183673469387755,2.0
0.7843137254901961,0.8137703743822469,0.83,0.980111111111111,0.04729456790123457,0.0645925925925926,NATOPS,1,10,10.0,15,135,KNNOR-official-raw (randmx=1),0.715,0.5114095334125155,64.0,24.0,51.0,2.644633170382523,0.3080264303070856,0.41042263599745343,0.8181818181818182,1.0
0.9491525423728814,0.9628660919936433,0.9633333333333334,0.9971111111111112,0.01792271604938272,0.04266666666666666,NATOPS,1,10,10.0,15,135,hybrid GPF-nbrs/raw-walk (M raw-calibrated),0.715,0.5114095334125155,64.0,24.0,51.0,0.5256443966580582,0.0897882787453127,0.7681934884803012,0.703125,1.4
0.42105263157894735,0.5163977794943222,0.6333333333333333,0.9207777777777778,0.08493734567901234,0.08853703703703704,NATOPS,1,20,18.8,8,142,none (raw-flat RF),0.715,1.8393844368438135,,,,,,,,
0.3684210526315789,0.48143304599682163,0.6133333333333333,0.888888888888889,0.09374308641975308,0.05414814814814813,NATOPS,1,20,18.8,8,142,none,0.715,1.8393844368438135,64.0,24.0,51.0,,,,,
0.7450980392156863,0.7904991390816873,0.81,0.9196666666666666,0.06408993827160495,0.059092592592592606,NATOPS,1,20,18.8,8,142,SMOTE-raw,0.715,1.8393844368438135,64.0,24.0,51.0,1.4488901773883445,0.10920381429004611,0.611684745143189,,
0.6521739130434783,0.7047458170621992,0.7466666666666666,0.9603333333333335,0.05891111111111111,0.07511111111111113,NATOPS,1,20,18.8,8,142,chain-mean-GPF (PSSTO-style),0.715,1.8393844368438135,64.0,24.0,51.0,2.630188499171444,0.2241559180133993,0.3857673703012359,,
0.5238095238095238,0.603508261933689,0.6799999999999999,0.922888888888889,0.07615135802469135,0.045814814814814815,NATOPS,1,20,18.8,8,142,KNNOR-GPF (M=1),0.715,1.8393844368438135,64.0,24.0,51.0,4.797083909895877,0.5093611017204344,0.07872053077838952,0.5941422594142259,1.0
0.5909090909090909,0.6560826506199081,0.7133333333333334,0.9265555555555556,0.07425419753086421,0.043703703703703696,NATOPS,1,20,18.8,8,142,KNNOR-GPF (M calibrated),0.715,1.8393844368438135,64.0,24.0,51.0,4.260638093247762,0.4235513531875822,0.1305477086604482,0.42771084337349397,1.7999999999999998
0.6666666666666666,0.7254117604658903,0.76,0.9347777777777777,0.06379969135802468,0.05920370370370371,NATOPS,1,20,18.8,8,142,hybrid GPF-nbrs/raw-walk (M calibrated),0.715,1.8393844368438135,64.0,24.0,51.0,8.225720957739037,0.22380552827230638,2.357541154199023,0.3169642857142857,1.7999999999999998
0.5909090909090909,0.6560826506199081,0.7133333333333334,0.9318888888888889,0.07223685185185186,0.06557407407407408,NATOPS,1,20,18.8,8,142,KNNOR-official-GPF (randmx=1),0.715,1.8393844368438135,64.0,24.0,51.0,5.312574223399713,0.533542781394125,0.16020986937840914,0.6454545454545455,1.0
0.6521739130434783,0.7047458170621992,0.7466666666666666,0.9212222222222223,0.07595567901234568,0.037407407407407396,NATOPS,1,20,18.8,8,142,KNNOR-official-GPF (randmx=M*),0.715,1.8393844368438135,64.0,24.0,51.0,6.159845465444972,0.554597519366135,0.1549051681638005,0.568,1.7999999999999998
0.45,0.5458937625582472,0.6466666666666666,0.9121111111111111,0.08038691358024692,0.057037037037037046,NATOPS,1,20,18.8,8,142,KNNOR-official-raw (randmx=1),0.715,1.8393844368438135,64.0,24.0,51.0,2.9195644047531104,0.3033362827268406,0.26739399452232604,0.696078431372549,1.0
0.6530612244897959,0.7229568912920512,0.7566666666666666,0.937111111111111,0.06478018518518519,0.05324074074074074,NATOPS,1,20,18.8,8,142,hybrid GPF-nbrs/raw-walk (M raw-calibrated),0.715,1.8393844368438135,64.0,24.0,51.0,5.2658406988890025,0.194074694844382,1.0410461056805465,0.27734375,1.6
0.8,0.816496580927726,0.8333333333333333,0.966,0.04635586419753087,0.050240740740740746,NATOPS,2,5,5.0,30,120,none (raw-flat RF),0.715,0.33502587814186136,,,,,,,,
0.8928571428571429,0.9098229375970788,0.9133333333333333,0.9932222222222222,0.026657530864197535,0.05566666666666668,NATOPS,2,5,5.0,30,120,none,0.715,0.33502587814186136,64.0,24.0,51.0,,,,,
0.9122807017543859,0.927840982544363,0.9299999999999999,0.9885555555555556,0.03174061728395061,0.048481481481481487,NATOPS,2,5,5.0,30,120,SMOTE-raw,0.715,0.33502587814186136,64.0,24.0,51.0,0.6356626294255694,0.09900237703566572,0.6241761134780434,,
0.9122807017543859,0.927840982544363,0.9299999999999999,0.9962222222222221,0.02177154320987654,0.04027777777777775,NATOPS,2,5,5.0,30,120,chain-mean-GPF (PSSTO-style),0.715,0.33502587814186136,64.0,24.0,51.0,0.6069954708205163,0.10444476032279715,0.553090878599811,,
0.9310344827586207,0.9455157322858251,0.9466666666666667,0.9966666666666667,0.020325185185185182,0.04925925925925927,NATOPS,2,5,5.0,30,120,KNNOR-GPF (M=1),0.715,0.33502587814186136,64.0,24.0,51.0,0.7571114546695474,0.16926621270920583,0.3540874537246454,1.0,1.0
0.9491525423728814,0.9628660919936433,0.9633333333333334,0.9966666666666666,0.017757283950617285,0.04785185185185187,NATOPS,2,5,5.0,30,120,KNNOR-GPF (M calibrated),0.715,0.33502587814186136,64.0,24.0,51.0,0.5122673363475272,0.08286229845250093,0.647212282351869,0.96,2.1999999999999997
0.9122807017543859,0.927840982544363,0.9299999999999999,0.9951111111111112,0.018379814814814814,0.050648148148148164,NATOPS,2,5,5.0,30,120,hybrid GPF-nbrs/raw-walk (M calibrated),0.715,0.33502587814186136,64.0,24.0,51.0,3.9967276693782923,0.11825221282626075,14.841874140410168,0.625,2.1999999999999997
0.9310344827586207,0.9455157322858251,0.9466666666666667,0.9937777777777779,0.02062895061728395,0.046351851851851866,NATOPS,2,5,5.0,30,120,KNNOR-official-GPF (randmx=1),0.715,0.33502587814186136,64.0,24.0,51.0,0.8471170828735337,0.20698041433576603,0.29373071736605866,1.0,1.0
0.9333333333333333,0.959629558157151,0.96,0.9955555555555556,0.01917950617283951,0.04051851851851854,NATOPS,2,5,5.0,30,120,KNNOR-official-GPF (randmx=M*),0.715,0.33502587814186136,64.0,24.0,51.0,0.5416144297101484,0.09962410037185143,0.6458905204390264,0.9448818897637795,2.1999999999999997
0.9491525423728814,0.9628660919936433,0.9633333333333334,0.9951111111111111,0.023456666666666667,0.04992592592592592,NATOPS,2,5,5.0,30,120,KNNOR-official-raw (randmx=1),0.715,0.33502587814186136,64.0,24.0,51.0,1.103233772960646,0.22093113666864145,0.2996051652573562,0.916030534351145,1.0
0.9491525423728814,0.9628660919936433,0.9633333333333334,0.9968888888888889,0.018351049382716048,0.043944444444444467,NATOPS,2,5,5.0,30,120,hybrid GPF-nbrs/raw-walk (M raw-calibrated),0.715,0.33502587814186136,64.0,24.0,51.0,0.510789263299352,0.08954336407680785,0.6325724393096127,0.625,1.4
0.6666666666666666,0.7071067811865476,0.75,0.9471111111111111,0.06369592592592593,0.0567037037037037,NATOPS,2,10,10.0,15,135,none (raw-flat RF),0.715,0.8689673901917789,,,,,,,,
0.8,0.816496580927726,0.8333333333333333,0.9716666666666667,0.049737222222222224,0.045537037037037036,NATOPS,2,10,10.0,15,135,none,0.715,0.8689673901917789,64.0,24.0,51.0,,,,,
0.7777777777777778,0.8282511696339462,0.84,0.9875555555555555,0.04253382716049383,0.06274074074074074,NATOPS,2,10,10.0,15,135,SMOTE-raw,0.715,0.8689673901917789,64.0,24.0,51.0,1.1609789967833688,0.10435084064272349,0.5753585006565547,,
0.8928571428571429,0.9098229375970788,0.9133333333333333,0.996,0.025186481481481483,0.04001851851851851,NATOPS,2,10,10.0,15,135,chain-mean-GPF (PSSTO-style),0.715,0.8689673901917789,64.0,24.0,51.0,1.2312114019264584,0.10442734576580237,0.6486316280262614,,
0.8301886792452831,0.8534895690308373,0.8633333333333333,0.9951111111111112,0.03166876543209877,0.05962962962962963,NATOPS,2,10,10.0,15,135,KNNOR-GPF (M=1),0.715,0.8689673901917789,64.0,24.0,51.0,1.4792929657711458,0.13744592289614777,0.49008556027250244,0.8881578947368421,1.0
0.9122807017543859,0.927840982544363,0.9299999999999999,0.9964444444444444,0.021894444444444446,0.041666666666666664,NATOPS,2,10,10.0,15,135,KNNOR-GPF (M calibrated),0.715,0.8689673901917789,64.0,24.0,51.0,1.3886218811959452,0.12633706996694327,0.564158910734898,0.7458563535911602,2.1999999999999997
0.8928571428571429,0.9098229375970788,0.9133333333333333,0.9936666666666667,0.023003641975308645,0.041648148148148156,NATOPS,2,10,10.0,15,135,hybrid GPF-nbrs/raw-walk (M calibrated),0.715,0.8689673901917789,64.0,24.0,51.0,5.6406779431766925,0.1196699893246248,6.922518917977721,0.703125,2.1999999999999997
0.8076923076923077,0.8338664961091394,0.8466666666666667,0.9945555555555555,0.033122098765432095,0.05951851851851852,NATOPS,2,10,10.0,15,135,KNNOR-official-GPF (randmx=1),0.715,0.8689673901917789,64.0,24.0,51.0,1.3359378023248762,0.10041883470599633,0.4337410502870288,1.0,1.0
0.8928571428571429,0.9098229375970788,0.9133333333333333,0.9961111111111111,0.02764895061728395,0.04716666666666666,NATOPS,2,10,10.0,15,135,KNNOR-official-GPF (randmx=M*),0.715,0.8689673901917789,64.0,24.0,51.0,1.0172700284529945,0.06664591755515537,0.9703664357099728,0.8282208588957055,2.1999999999999997
0.76,0.7931652483001956,0.8133333333333332,0.9875555555555555,0.04627012345679012,0.06233333333333333,NATOPS,2,10,10.0,15,135,KNNOR-official-raw (randmx=1),0.715,0.8689673901917789,64.0,24.0,51.0,2.677067591541613,0.29404502036483193,0.19569845102261507,0.9507042253521126,1.0
0.9122807017543859,0.927840982544363,0.9299999999999999,0.9942222222222222,0.026069506172839506,0.04437037037037038,NATOPS,2,10,10.0,15,135,hybrid GPF-nbrs/raw-walk (M raw-calibrated),0.715,0.8689673901917789,64.0,24.0,51.0,0.9769094113425396,0.07000442057751954,0.804303791692408,0.52734375,1.4
0.42105263157894735,0.5163977794943222,0.6333333333333333,0.9177777777777778,0.08956728395061729,0.08799999999999998,NATOPS,2,20,18.8,8,142,none (raw-flat RF),0.715,2.5935130770410293,,,,,,,,
0.125,0.2581988897471611,0.5333333333333333,0.944,0.09028364197530865,0.08650000000000002,NATOPS,2,20,18.8,8,142,none,0.715,2.5935130770410293,64.0,24.0,51.0,,,,,
0.5416666666666666,0.6472162612982533,0.7,0.9161111111111111,0.08625444444444444,0.047,NATOPS,2,20,18.8,8,142,SMOTE-raw,0.715,2.5935130770410293,64.0,24.0,51.0,2.3866076584338174,0.14608813882502036,0.4477216864982796,,
0.5333333333333333,0.6260990336999411,0.69,0.9687777777777778,0.06005475308641975,0.058499999999999996,NATOPS,2,20,18.8,8,142,chain-mean-GPF (PSSTO-style),0.715,2.5935130770410293,64.0,24.0,51.0,1.8302873821119316,0.14797594837471206,0.3981697558051138,,
0.6956521739130435,0.7302967433402214,0.7666666666666666,0.974,0.06102882716049383,0.06853703703703704,NATOPS,2,20,18.8,8,142,KNNOR-GPF (M=1),0.715,2.5935130770410293,64.0,24.0,51.0,2.9061165848644084,0.5472421974242759,0.009327311078763095,0.14791666666666667,1.0
0.8461538461538461,0.8563488385776752,0.8666666666666667,0.9778888888888888,0.04639512345679013,0.04827777777777778,NATOPS,2,20,18.8,8,142,KNNOR-GPF (M calibrated),0.715,2.5935130770410293,64.0,24.0,51.0,2.611544586197633,0.42419122363670175,0.03127712381939233,0.07569296375266525,2.4
0.8518518518518519,0.8726715049522102,0.88,0.9634444444444444,0.04234617283950618,0.040925925925925935,NATOPS,2,20,18.8,8,142,hybrid GPF-nbrs/raw-walk (M calibrated),0.715,2.5935130770410293,64.0,24.0,51.0,8.741034697477454,0.2554141177288376,3.331649457917326,0.44375,2.4
0.75,0.7745966692414834,0.8,0.9672222222222222,0.055820925925925934,0.06942592592592593,NATOPS,2,20,18.8,8,142,KNNOR-official-GPF (randmx=1),0.715,2.5935130770410293,64.0,24.0,51.0,1.8652224454380377,0.28249732134478045,0.0378620642058214,0.5546875,1.0
0.75,0.7745966692414834,0.8,0.9695555555555556,0.05615339506172839,0.06720370370370371,NATOPS,2,20,18.8,8,142,KNNOR-official-GPF (randmx=M*),0.715,2.5935130770410293,64.0,24.0,51.0,1.7777028672813184,0.2836338967191345,0.0349086107385363,0.5358490566037736,2.4
0.16216216216216217,0.3119829055146024,0.5366666666666667,0.8808888888888889,0.10842882716049383,0.06949999999999999,NATOPS,2,20,18.8,8,142,KNNOR-official-raw (randmx=1),0.715,2.5935130770410293,64.0,24.0,51.0,3.762772409638904,0.3702106641672741,0.1599982591405471,0.5819672131147541,1.0
0.8518518518518519,0.8726715049522102,0.88,0.9596666666666667,0.04113555555555555,0.03877777777777778,NATOPS,2,20,18.8,8,142,hybrid GPF-nbrs/raw-walk (M raw-calibrated),0.715,2.5935130770410293,64.0,24.0,51.0,6.668782643848168,0.2846650502674537,0.9782088025713809,0.3169642857142857,2.1999999999999997
0.8,0.816496580927726,0.8333333333333333,0.9685555555555556,0.04572598765432099,0.060092592592592586,NATOPS,3,5,5.0,30,120,none (raw-flat RF),0.715,0.33502587814186224,,,,,,,,
0.8928571428571429,0.9098229375970788,0.9133333333333333,0.9908888888888889,0.026496851851851848,0.05583333333333334,NATOPS,3,5,5.0,30,120,none,0.715,0.33502587814186224,64.0,24.0,51.0,,,,,
0.8813559322033898,0.9215928240461366,0.9233333333333333,0.9863333333333333,0.03379074074074074,0.043555555555555556,NATOPS,3,5,5.0,30,120,SMOTE-raw,0.715,0.33502587814186224,64.0,24.0,51.0,0.6004360152220114,0.09702078836192396,0.5993819969222087,,
0.9122807017543859,0.927840982544363,0.9299999999999999,0.9944444444444445,0.024600123456790128,0.053222222222222206,NATOPS,3,5,5.0,30,120,chain-mean-GPF (PSSTO-style),0.715,0.33502587814186224,64.0,24.0,51.0,0.4806265560426528,0.07540935953346783,0.7407766325485164,,
0.9491525423728814,0.9628660919936433,0.9633333333333334,0.9964444444444445,0.02061265432098765,0.04205555555555556,NATOPS,3,5,5.0,30,120,KNNOR-GPF (M=1),0.715,0.33502587814186224,64.0,24.0,51.0,0.8185897071938593,0.1963827959063053,0.31011822154491964,1.0,1.0
0.9333333333333333,0.959629558157151,0.96,0.9964444444444445,0.01905438271604938,0.0402037037037037,NATOPS,3,5,5.0,30,120,KNNOR-GPF (M calibrated),0.715,0.33502587814186224,64.0,24.0,51.0,0.5439944791417215,0.08989831980509211,0.6087328883264699,0.9917355371900827,2.1999999999999997
0.9666666666666667,0.9799092928543041,0.98,0.9965555555555556,0.017595493827160493,0.05027777777777779,NATOPS,3,5,5.0,30,120,hybrid GPF-nbrs/raw-walk (M calibrated),0.715,0.33502587814186224,64.0,24.0,51.0,1.8412470966006689,0.03846876553630496,8.779925376396644,0.625,2.1999999999999997
0.9491525423728814,0.9628660919936433,0.9633333333333334,0.994,0.02309759259259259,0.046166666666666675,NATOPS,3,5,5.0,30,120,KNNOR-official-GPF (randmx=1),0.715,0.33502587814186224,64.0,24.0,51.0,0.9374214955562286,0.2271482718658862,0.28003057812631565,1.0,1.0
0.9333333333333333,0.959629558157151,0.96,0.996,0.020338641975308644,0.04222222222222222,NATOPS,3,5,5.0,30,120,KNNOR-official-GPF (randmx=M*),0.715,0.33502587814186224,64.0,24.0,51.0,0.5832819061234007,0.09671314788681717,0.7781332191072469,0.9230769230769231,2.1999999999999997
0.9122807017543859,0.927840982544363,0.9299999999999999,0.9944444444444445,0.025988148148148153,0.05455555555555555,NATOPS,3,5,5.0,30,120,KNNOR-official-raw (randmx=1),0.715,0.33502587814186224,64.0,24.0,51.0,1.2021074499665643,0.22649104198798864,0.32137707637317564,0.9448818897637795,1.0
0.9491525423728814,0.9628660919936433,0.9633333333333334,0.9968888888888889,0.019152839506172838,0.04433333333333332,NATOPS,3,5,5.0,30,120,hybrid GPF-nbrs/raw-walk (M raw-calibrated),0.715,0.33502587814186224,64.0,24.0,51.0,0.5810530641277047,0.10781168651941264,0.6106160771993632,0.625,1.4
0.6956521739130435,0.7302967433402214,0.7666666666666666,0.9465555555555555,0.06229876543209877,0.06088888888888889,NATOPS,3,10,10.0,15,135,none (raw-flat RF),0.715,0.7933496233612463,,,,,,,,
0.8076923076923077,0.8338664961091394,0.8466666666666667,0.9675555555555555,0.049454567901234564,0.05144444444444445,NATOPS,3,10,10.0,15,135,none,0.715,0.7933496233612463,64.0,24.0,51.0,,,,,
0.9333333333333333,0.959629558157151,0.96,0.9953333333333334,0.023822407407407407,0.05216666666666665,NATOPS,3,10,10.0,15,135,SMOTE-raw,0.715,0.7933496233612463,64.0,24.0,51.0,1.0260838107234562,0.07477592210388717,0.5350325464757801,,
0.8928571428571429,0.9098229375970788,0.9133333333333333,0.9951111111111112,0.020291481481481483,0.03374074074074073,NATOPS,3,10,10.0,15,135,chain-mean-GPF (PSSTO-style),0.715,0.7933496233612463,64.0,24.0,51.0,1.1914166111263178,0.0963368259678482,0.5190684612108484,,
0.8928571428571429,0.9098229375970788,0.9133333333333333,0.9945555555555555,0.02135814814814815,0.031555555555555566,NATOPS,3,10,10.0,15,135,KNNOR-GPF (M=1),0.715,0.7933496233612463,64.0,24.0,51.0,2.068404229031028,0.2339648007936393,0.2404611628509451,0.625,1.0
0.8928571428571429,0.9098229375970788,0.9133333333333333,0.9957777777777778,0.019235,0.033574074074074076,NATOPS,3,10,10.0,15,135,KNNOR-GPF (M calibrated),0.715,0.7933496233612463,64.0,24.0,51.0,1.4669115604819662,0.1418035151402407,0.3828376792436817,0.5212355212355212,2.1999999999999997
0.8928571428571429,0.9098229375970788,0.9133333333333333,0.9835555555555556,0.02730925925925926,0.01799999999999998,NATOPS,3,10,10.0,15,135,hybrid GPF-nbrs/raw-walk (M calibrated),0.715,0.7933496233612463,64.0,24.0,51.0,6.437560061853489,0.12058390133564878,6.805043635399731,0.52734375,2.1999999999999997
0.8928571428571429,0.9098229375970788,0.9133333333333333,0.9936666666666667,0.022015123456790124,0.041166666666666664,NATOPS,3,10,10.0,15,135,KNNOR-official-GPF (randmx=1),0.715,0.7933496233612463,64.0,24.0,51.0,1.8979780310319239,0.20218583116756406,0.2650133105884954,0.84375,1.0
0.9122807017543859,0.927840982544363,0.9299999999999999,0.9966666666666666,0.019156666666666662,0.039962962962962964,NATOPS,3,10,10.0,15,135,KNNOR-official-GPF (randmx=M*),0.715,0.7933496233612463,64.0,24.0,51.0,1.557601956529476,0.13045499370324842,0.8016419111033374,0.7377049180327869,2.1999999999999997
0.8363636363636363,0.8697381470560231,0.8766666666666667,0.9846666666666667,0.037922222222222225,0.0742962962962963,NATOPS,3,10,10.0,15,135,KNNOR-official-raw (randmx=1),0.715,0.7933496233612463,64.0,24.0,51.0,3.978814214342915,0.373451480752496,0.3061275340894747,0.8940397350993378,1.0
0.8928571428571429,0.9098229375970788,0.9133333333333333,0.9898888888888889,0.022504320987654324,0.04029629629629628,NATOPS,3,10,10.0,15,135,hybrid GPF-nbrs/raw-walk (M raw-calibrated),0.715,0.7933496233612463,64.0,24.0,51.0,2.4709370572559006,0.1382940583881117,0.8306290691249075,0.52734375,1.6
0.46153846153846156,0.5477225575051661,0.65,0.9278888888888889,0.08732814814814814,0.09303703703703702,NATOPS,3,20,18.8,8,142,none (raw-flat RF),0.715,1.6984444554502929,,,,,,,,
0.42105263157894735,0.5163977794943222,0.6333333333333333,0.9383333333333334,0.07865,0.06651851851851852,NATOPS,3,20,18.8,8,142,none,0.715,1.6984444554502929,64.0,24.0,51.0,,,,,
0.75,0.7745966692414834,0.8,0.9816666666666667,0.04690777777777778,0.07640740740740742,NATOPS,3,20,18.8,8,142,SMOTE-raw,0.715,1.6984444554502929,64.0,24.0,51.0,2.550701932092167,0.26783918607634344,0.45714289196597224,,
0.8679245283018868,0.8755950357709131,0.8833333333333333,0.9733333333333333,0.038692839506172846,0.04744444444444445,NATOPS,3,20,18.8,8,142,chain-mean-GPF (PSSTO-style),0.715,1.6984444554502929,64.0,24.0,51.0,2.7380495966488496,0.30794852488387187,0.4334285287354417,,
0.6363636363636364,0.6831300510639732,0.7333333333333334,0.959,0.052948456790123465,0.06483333333333333,NATOPS,3,20,18.8,8,142,KNNOR-GPF (M=1),0.715,1.6984444554502929,64.0,24.0,51.0,4.402978364389984,0.5264570597576619,0.14085553857404023,0.9726027397260274,1.0
0.723404255319149,0.752772652709081,0.7833333333333333,0.9615555555555555,0.04719018518518519,0.07542592592592591,NATOPS,3,20,18.8,8,142,KNNOR-GPF (M calibrated),0.715,1.6984444554502929,64.0,24.0,51.0,3.5230775163051433,0.37419312966151846,0.2969916038396847,0.9403973509933775,1.7999999999999998
0.75,0.7745966692414834,0.8,0.9604444444444444,0.04709407407407407,0.0487037037037037,NATOPS,3,20,18.8,8,142,hybrid GPF-nbrs/raw-walk (M calibrated),0.715,1.6984444554502929,64.0,24.0,51.0,4.431742988204075,0.109321867579524,3.72216161655523,0.5546875,1.7999999999999998
0.6363636363636364,0.6831300510639732,0.7333333333333334,0.9592222222222223,0.05924537037037037,0.05964814814814815,NATOPS,3,20,18.8,8,142,KNNOR-official-GPF (randmx=1),0.715,1.6984444554502929,64.0,24.0,51.0,4.847837063980542,0.5797379858476822,0.12269450143986485,0.9466666666666667,1.0
0.5714285714285714,0.6324555320336759,0.7,0.9486666666666667,0.06325611111111111,0.061981481481481485,NATOPS,3,20,18.8,8,142,KNNOR-official-GPF (randmx=M*),0.715,1.6984444554502929,64.0,24.0,51.0,4.4402734237512185,0.379371622707718,0.6498280241600812,0.8819875776397516,1.7999999999999998
0.6363636363636364,0.6831300510639732,0.7333333333333334,0.9721111111111111,0.06078969135802469,0.07212962962962963,NATOPS,3,20,18.8,8,142,KNNOR-official-raw (randmx=1),0.715,1.6984444554502929,64.0,24.0,51.0,4.5903764058006615,0.4958576908178105,0.1838494943679283,0.9861111111111112,1.0
0.6363636363636364,0.6831300510639732,0.7333333333333334,0.9616666666666668,0.0574462962962963,0.061000000000000006,NATOPS,3,20,18.8,8,142,hybrid GPF-nbrs/raw-walk (M raw-calibrated),0.715,1.6984444554502929,64.0,24.0,51.0,2.496235493190973,0.16023201569783774,0.8937082539979007,0.5546875,1.4
0.8,0.816496580927726,0.8333333333333333,0.962,0.0466029012345679,0.057018518518518524,NATOPS,4,5,5.0,30,120,none (raw-flat RF),0.715,0.33502587814186313,,,,,,,,
0.8928571428571429,0.9098229375970788,0.9133333333333333,0.9943333333333334,0.02568395061728395,0.05407407407407408,NATOPS,4,5,5.0,30,120,none,0.715,0.33502587814186313,64.0,24.0,51.0,,,,,
0.8813559322033898,0.9215928240461366,0.9233333333333333,0.9921111111111112,0.029914197530864196,0.043481481481481475,NATOPS,4,5,5.0,30,120,SMOTE-raw,0.715,0.33502587814186313,64.0,24.0,51.0,0.6644241546088709,0.1131363852545052,0.5325309604128768,,
0.9122807017543859,0.927840982544363,0.9299999999999999,0.9955555555555556,0.022086851851851847,0.04383333333333333,NATOPS,4,5,5.0,30,120,chain-mean-GPF (PSSTO-style),0.715,0.33502587814186313,64.0,24.0,51.0,0.5062216796559333,0.08763578354548385,0.6874722741437307,,
0.9491525423728814,0.9628660919936433,0.9633333333333334,0.9962222222222222,0.020099444444444444,0.04816666666666666,NATOPS,4,5,5.0,30,120,KNNOR-GPF (M=1),0.715,0.33502587814186313,64.0,24.0,51.0,0.7680509238824031,0.1835534923324033,0.3478299075192887,1.0,1.0
0.9491525423728814,0.9628660919936433,0.9633333333333334,0.9955555555555555,0.02053777777777778,0.04562962962962962,NATOPS,4,5,5.0,30,120,KNNOR-GPF (M calibrated),0.715,0.33502587814186313,64.0,24.0,51.0,0.4465570188223209,0.07234283220993343,0.6602985507652048,0.975609756097561,2.1999999999999997
0.9122807017543859,0.927840982544363,0.9299999999999999,0.9961111111111111,0.017009012345679014,0.04662962962962963,NATOPS,4,5,5.0,30,120,hybrid GPF-nbrs/raw-walk (M calibrated),0.715,0.33502587814186313,64.0,24.0,51.0,3.2462050256286092,0.07505468976768881,13.414971726690895,0.9375,2.1999999999999997
0.9491525423728814,0.9628660919936433,0.9633333333333334,0.9962222222222223,0.021402839506172836,0.05607407407407409,NATOPS,4,5,5.0,30,120,KNNOR-official-GPF (randmx=1),0.715,0.33502587814186313,64.0,24.0,51.0,0.9202185124250244,0.2285540517231584,0.26784887378735056,1.0,1.0
0.9333333333333333,0.959629558157151,0.96,0.996,0.01914314814814815,0.05061111111111112,NATOPS,4,5,5.0,30,120,KNNOR-official-GPF (randmx=M*),0.715,0.33502587814186313,64.0,24.0,51.0,0.5549282350421612,0.0994261202701654,1.0088472144482863,0.9375,2.1999999999999997
0.9122807017543859,0.927840982544363,0.9299999999999999,0.9951111111111112,0.024357592592592594,0.05842592592592592,NATOPS,4,5,5.0,30,120,KNNOR-official-raw (randmx=1),0.715,0.33502587814186313,64.0,24.0,51.0,1.2160398414684925,0.23540311275058212,0.29584667626959854,0.916030534351145,1.0
0.9491525423728814,0.9628660919936433,0.9633333333333334,0.9966666666666667,0.020064012345679012,0.04857407407407409,NATOPS,4,5,5.0,30,120,hybrid GPF-nbrs/raw-walk (M raw-calibrated),0.715,0.33502587814186313,64.0,24.0,51.0,0.47234071283407086,0.07968937000740672,0.7514258383250718,0.625,1.4
0.6666666666666666,0.7071067811865476,0.75,0.9255555555555556,0.06644944444444444,0.055018518518518515,NATOPS,4,10,10.0,15,135,none (raw-flat RF),0.715,0.5970275145550517,,,,,,,,
0.8235294117647058,0.8366600265340756,0.85,0.9702222222222222,0.0420203086419753,0.04675925925925925,NATOPS,4,10,10.0,15,135,none,0.715,0.5970275145550517,64.0,24.0,51.0,,,,,
0.9310344827586207,0.9455157322858251,0.9466666666666667,0.9955555555555555,0.02507030864197531,0.05516666666666666,NATOPS,4,10,10.0,15,135,SMOTE-raw,0.715,0.5970275145550517,64.0,24.0,51.0,0.8302008343475364,0.08936499397662478,0.5760326128346571,,
0.9122807017543859,0.927840982544363,0.9299999999999999,0.9955555555555555,0.01987141975308642,0.04950000000000001,NATOPS,4,10,10.0,15,135,chain-mean-GPF (PSSTO-style),0.715,0.5970275145550517,64.0,24.0,51.0,0.8433038344533657,0.11719161982160486,0.44564361907998007,,
0.8727272727272727,0.8914407813571615,0.8966666666666667,0.9776666666666667,0.03077654320987655,0.03725925925925926,NATOPS,4,10,10.0,15,135,KNNOR-GPF (M=1),0.715,0.5970275145550517,64.0,24.0,51.0,1.5923947492922395,0.2283727203581638,0.2777486588949435,0.9926470588235294,1.0
0.8928571428571429,0.9098229375970788,0.9133333333333333,0.981,0.02317783950617284,0.04224074074074073,NATOPS,4,10,10.0,15,135,KNNOR-GPF (M calibrated),0.715,0.5970275145550517,64.0,24.0,51.0,1.1190471405484423,0.0912951244270257,0.647866594186345,0.9574468085106383,2.0
0.8928571428571429,0.9098229375970788,0.9133333333333333,0.9802222222222223,0.02587296296296297,0.041148148148148135,NATOPS,4,10,10.0,15,135,hybrid GPF-nbrs/raw-walk (M calibrated),0.715,0.5970275145550517,64.0,24.0,51.0,6.0133607854993265,0.1347611654154569,8.41063288307878,0.703125,2.0
0.8301886792452831,0.8534895690308373,0.8633333333333333,0.9804444444444445,0.03176944444444444,0.04790740740740741,NATOPS,4,10,10.0,15,135,KNNOR-official-GPF (randmx=1),0.715,0.5970275145550517,64.0,24.0,51.0,2.2036521090558523,0.31560095524933257,0.23288491351245738,1.0,1.0
0.8928571428571429,0.9098229375970788,0.9133333333333333,0.988,0.02578944444444445,0.04812962962962963,NATOPS,4,10,10.0,15,135,KNNOR-official-GPF (randmx=M*),0.715,0.5970275145550517,64.0,24.0,51.0,1.2676802122589184,0.1105829318619519,0.9432239270379694,0.9712230215827338,2.0
0.9090909090909091,0.9128709291752769,0.9166666666666667,0.9914444444444444,0.028849197530864196,0.06446296296296296,NATOPS,4,10,10.0,15,135,KNNOR-official-raw (randmx=1),0.715,0.5970275145550517,64.0,24.0,51.0,1.778340927412179,0.23691118951379347,0.2672003440476363,0.9375,1.0
0.8928571428571429,0.9098229375970788,0.9133333333333333,0.979111111111111,0.028123456790123458,0.03437037037037037,NATOPS,4,10,10.0,15,135,hybrid GPF-nbrs/raw-walk (M raw-calibrated),0.715,0.5970275145550517,64.0,24.0,51.0,1.6733901719985766,0.11938908015179561,0.7637384384210849,0.703125,1.4
0.6046511627906976,0.6582805886043833,0.7166666666666667,0.9314444444444445,0.0736527160493827,0.06781481481481481,NATOPS,4,20,18.8,8,142,none (raw-flat RF),0.715,0.8725056550116967,,,,,,,,
0.6363636363636364,0.6831300510639732,0.7333333333333334,0.9655555555555556,0.05537530864197531,0.07607407407407407,NATOPS,4,20,18.8,8,142,none,0.715,0.8725056550116967,64.0,24.0,51.0,,,,,
0.7843137254901961,0.8137703743822469,0.83,0.9864444444444445,0.04508746913580247,0.04546296296296297,NATOPS,4,20,18.8,8,142,SMOTE-raw,0.715,0.8725056550116967,64.0,24.0,51.0,1.7035450492776238,0.13166961908000496,0.4494374851523572,,
0.8727272727272727,0.8914407813571615,0.8966666666666667,0.9931111111111112,0.026103209876543212,0.03892592592592593,NATOPS,4,20,18.8,8,142,chain-mean-GPF (PSSTO-style),0.715,0.8725056550116967,64.0,24.0,51.0,1.5585560823332436,0.19459981097906104,0.31471817401412816,,
0.9090909090909091,0.9128709291752769,0.9166666666666667,0.989111111111111,0.02549086419753086,0.04074074074074074,NATOPS,4,20,18.8,8,142,KNNOR-GPF (M=1),0.715,0.8725056550116967,64.0,24.0,51.0,2.915066583530132,0.43612941145898454,0.05305913901830745,0.3669250645994832,1.0
0.9090909090909091,0.9128709291752769,0.9166666666666667,0.9864444444444445,0.024051851851851852,0.03829629629629631,NATOPS,4,20,18.8,8,142,KNNOR-GPF (M calibrated),0.715,0.8725056550116967,64.0,24.0,51.0,2.2656748893778573,0.3020129317195135,0.13211056942382152,0.31910112359550563,2.1999999999999997
0.9122807017543859,0.927840982544363,0.9299999999999999,0.9913333333333333,0.019165617283950616,0.03483333333333333,NATOPS,4,20,18.8,8,142,hybrid GPF-nbrs/raw-walk (M calibrated),0.715,0.8725056550116967,64.0,24.0,51.0,1.6202048377709257,0.0757540681813258,1.273221293117293,0.3697916666666667,2.1999999999999997
0.8679245283018868,0.8755950357709131,0.8833333333333333,0.984111111111111,0.033086543209876536,0.04937037037037036,NATOPS,4,20,18.8,8,142,KNNOR-official-GPF (randmx=1),0.715,0.8725056550116967,64.0,24.0,51.0,2.378903574221889,0.28401280915931437,0.14740918648581097,0.5239852398523985,1.0
0.8888888888888888,0.8944271909999159,0.9,0.9712222222222222,0.03045604938271605,0.049814814814814826,NATOPS,4,20,18.8,8,142,KNNOR-official-GPF (randmx=M*),0.715,0.8725056550116967,64.0,24.0,51.0,1.889903889278413,0.19819198656042136,0.5973868804951548,0.49477351916376305,2.1999999999999997
0.6666666666666666,0.7071067811865476,0.75,0.991,0.048251604938271596,0.06196296296296297,NATOPS,4,20,18.8,8,142,KNNOR-official-raw (randmx=1),0.715,0.8725056550116967,64.0,24.0,51.0,3.9205218406291653,0.3986787448638694,0.36704400935742604,0.7171717171717171,1.0
0.9310344827586207,0.9455157322858251,0.9466666666666667,0.9777777777777777,0.021754259259259258,0.03175925925925925,NATOPS,4,20,18.8,8,142,hybrid GPF-nbrs/raw-walk (M raw-calibrated),0.715,0.8725056550116967,64.0,24.0,51.0,1.1543698881583104,0.07387419296760545,0.7912717065476214,0.3697916666666667,1.6
0.4,0.5,0.625,0.909970238095238,0.07209683195592287,0.06943526170798899,OSULeaf,0,5,5.0,33,133,none (raw-flat RF),0.647,0.6003026401928739,,,,,,,,
0.7419354838709677,0.8335416406315084,0.8427083333333334,0.9730654761904762,0.04057644628099174,0.030041322314049587,OSULeaf,0,5,5.0,33,133,none,0.647,0.6003026401928739,60.0,1.0,427.0,,,,,
0.735632183908046,0.9436504599035548,0.9452380952380952,0.984375,0.0692238751147842,0.123168044077135,OSULeaf,0,5,5.0,33,133,SMOTE-raw,0.647,0.6003026401928739,60.0,1.0,427.0,1.4240326390635687,0.09372154162299062,0.8716777037807479,,
0.7777777777777778,0.9082951062292475,0.9089285714285714,0.965327380952381,0.04960146923783288,0.04305785123966941,OSULeaf,0,5,5.0,33,133,chain-mean-GPF (PSSTO-style),0.647,0.6003026401928739,60.0,1.0,427.0,0.9263223295336651,0.08981096170064107,0.590663875374432,,
0.7605633802816901,0.8919280880686034,0.8933035714285714,0.9673363095238094,0.04958760330578513,0.041790633608815415,OSULeaf,0,5,5.0,33,133,KNNOR-GPF (M=1),0.647,0.6003026401928739,60.0,1.0,427.0,1.7786536138218647,0.17490597302348443,0.4499670190972874,0.83125,1.0
0.7323943661971831,0.8730420270252635,0.875297619047619,0.9640625,0.05398319559228651,0.05699724517906335,OSULeaf,0,5,5.0,33,133,KNNOR-GPF (M calibrated),0.647,0.6003026401928739,60.0,1.0,427.0,1.5572068466511215,0.12726978507199638,0.6186870462968519,0.8636363636363636,1.5999999999999999
0.7837837837837838,0.9220351454927354,0.922172619047619,0.9751488095238096,0.046713590449954094,0.0490633608815427,OSULeaf,0,5,5.0,33,133,hybrid GPF-nbrs/raw-walk (M calibrated),0.647,0.6003026401928739,60.0,1.0,427.0,2.1471110833348312,0.10852240685246972,1.5772535507374785,0.51953125,1.5999999999999999
0.7761194029850746,0.8818608571813195,0.8848214285714286,0.9694940476190477,0.044615381083562895,0.021831955922865017,OSULeaf,0,5,5.0,33,133,KNNOR-official-GPF (randmx=1),0.647,0.6003026401928739,60.0,1.0,427.0,2.1471511633779112,0.1967948767560328,0.4452775867744705,0.869281045751634,1.0
0.746268656716418,0.8625819491779427,0.8668154761904762,0.9705357142857143,0.045411799816345265,0.043264462809917345,OSULeaf,0,5,5.0,33,133,KNNOR-official-GPF (randmx=M*),0.647,0.6003026401928739,60.0,1.0,427.0,1.939535897577521,0.14740223391716967,0.7149610736239645,0.8209876543209876,1.5999999999999999
0.8484848484848485,0.9219544457292888,0.9232142857142858,0.9821428571428571,0.05124233241505969,0.10887052341597794,OSULeaf,0,5,5.0,33,133,KNNOR-official-raw (randmx=1),0.647,0.6003026401928739,60.0,1.0,427.0,4.93553230709032,0.30337883726290116,0.7530814124111835,0.9300699300699301,1.0
0.7837837837837838,0.9220351454927354,0.922172619047619,0.975297619047619,0.04807828282828283,0.056790633608815436,OSULeaf,0,5,5.0,33,133,hybrid GPF-nbrs/raw-walk (M raw-calibrated),0.647,0.6003026401928739,60.0,1.0,427.0,1.7258744442088823,0.11891437201160582,0.8100382395684352,0.3463541666666667,1.2
0.3076923076923077,0.43198048897738756,0.5913690476190476,0.8670386904761904,0.0854507805325987,0.03650137741046831,OSULeaf,0,10,9.8,17,149,none (raw-flat RF),0.647,0.7375261387175467,,,,,,,,
0.7368421052631579,0.8023403267940606,0.8186011904761905,0.973735119047619,0.03998714416896235,0.03757575757575759,OSULeaf,0,10,9.8,17,149,none,0.647,0.7375261387175467,60.0,1.0,427.0,,,,,
0.821917808219178,0.9425459443140463,0.9425595238095238,0.9851190476190476,0.05655665748393021,0.10013774104683194,OSULeaf,0,10,9.8,17,149,SMOTE-raw,0.647,0.7375261387175467,60.0,1.0,427.0,1.537323870215829,0.09834416069168606,0.7847173444125377,,
0.7761194029850746,0.8818608571813195,0.8848214285714286,0.9706101190476191,0.043274471992653815,0.03341597796143251,OSULeaf,0,10,9.8,17,149,chain-mean-GPF (PSSTO-style),0.647,0.7375261387175467,60.0,1.0,427.0,1.07197364253018,0.1115034431962586,0.5152247254579874,,
0.7868852459016393,0.8556534679079242,0.8630952380952381,0.9721726190476191,0.04002713498622589,0.032796143250688706,OSULeaf,0,10,9.8,17,149,KNNOR-GPF (M=1),0.647,0.7375261387175467,60.0,1.0,427.0,2.3344979624883724,0.30530867466526296,0.26776927907559644,0.8232044198895028,1.0
0.7741935483870968,0.8535639569308374,0.8607142857142858,0.9651785714285714,0.04211662075298439,0.028209366391184567,OSULeaf,0,10,9.8,17,149,KNNOR-GPF (M calibrated),0.647,0.7375261387175467,60.0,1.0,427.0,2.2025419848159284,0.19877148281441148,0.47317935622637275,0.7842105263157895,1.7999999999999998
0.7936507936507936,0.871165065546462,0.8763392857142858,0.9701636904761903,0.0413526170798898,0.02399449035812672,OSULeaf,0,10,9.8,17,149,hybrid GPF-nbrs/raw-walk (M calibrated),0.647,0.7375261387175467,60.0,1.0,427.0,7.651412503056472,0.2731142358434794,2.39590283892167,0.58203125,1.7999999999999998
0.7368421052631579,0.8023403267940606,0.8186011904761905,0.971279761904762,0.0390044536271809,0.04389807162534434,OSULeaf,0,10,9.8,17,149,KNNOR-official-GPF (randmx=1),0.647,0.7375261387175467,60.0,1.0,427.0,2.8022164376740246,0.3300669567232377,0.25966443712530457,0.9612903225806452,1.0
0.711864406779661,0.7984359711335656,0.8138392857142858,0.9706845238095239,0.03925633608815427,0.0431542699724518,OSULeaf,0,10,9.8,17,149,KNNOR-official-GPF (randmx=M*),0.647,0.7375261387175467,60.0,1.0,427.0,2.5595061829120667,0.18051039370217192,0.7377891526087726,0.9197530864197531,1.7999999999999998
0.8620689655172413,0.8817764806938104,0.8882440476190476,0.9825148809523809,0.03714944903581267,0.08012396694214877,OSULeaf,0,10,9.8,17,149,KNNOR-official-raw (randmx=1),0.647,0.7375261387175467,60.0,1.0,427.0,5.785190170461201,0.36245751181685687,0.49686498194281,0.9030303030303031,1.0
0.7868852459016393,0.8556534679079242,0.8630952380952381,0.9709077380952381,0.03932961432506887,0.03260330578512397,OSULeaf,0,10,9.8,17,149,hybrid GPF-nbrs/raw-walk (M raw-calibrated),0.647,0.7375261387175467,60.0,1.0,427.0,4.00389561795709,0.20945046341452944,1.0064554401424566,0.3325892857142857,1.4
0.06060606060606061,0.1767766952966369,0.515625,0.7806547619047619,0.10654802571166207,0.0821212121212121,OSULeaf,0,20,20.8,8,158,none (raw-flat RF),0.647,1.6918705061267918,,,,,,,,
0.7058823529411765,0.7482121547872826,0.7788690476190476,0.975297619047619,0.04821198347107438,0.045440771349862255,OSULeaf,0,20,20.8,8,158,none,0.647,1.6918705061267918,60.0,1.0,427.0,,,,,
0.4,0.5252550400927698,0.6311011904761905,0.9026041666666667,0.07809274563820018,0.025867768595041314,OSULeaf,0,20,20.8,8,158,SMOTE-raw,0.647,1.6918705061267918,60.0,1.0,427.0,3.8214738000991115,0.23003893813458615,0.7208005210574239,,
0.631578947368421,0.7373940601876312,0.7645833333333334,0.9613095238095238,0.05475238751147843,0.035330578512396696,OSULeaf,0,20,20.8,8,158,chain-mean-GPF (PSSTO-style),0.647,1.6918705061267918,60.0,1.0,427.0,2.472492626048414,0.30708214033254777,0.3405791186525776,,
0.5882352941176471,0.6781013409302687,0.7248511904761905,0.9673363095238096,0.056916804407713496,0.041735537190082654,OSULeaf,0,20,20.8,8,158,KNNOR-GPF (M=1),0.647,1.6918705061267918,60.0,1.0,427.0,3.135175513526397,0.42753528652852946,0.21403847822668665,0.6076923076923076,1.0
0.5714285714285714,0.6935073041809877,0.730952380952381,0.9599702380952381,0.05909127640036731,0.04983471074380165,OSULeaf,0,20,20.8,8,158,KNNOR-GPF (M calibrated),0.647,1.6918705061267918,60.0,1.0,427.0,2.5819004932606244,0.28938503422440737,0.37347076787786193,0.5808823529411765,1.5999999999999999
0.6785714285714286,0.7613232527895725,0.7849702380952381,0.9725446428571429,0.0469732782369146,0.02942148760330578,OSULeaf,0,20,20.8,8,158,hybrid GPF-nbrs/raw-walk (M calibrated),0.647,1.6918705061267918,60.0,1.0,427.0,6.039546635521182,0.24482551998055768,2.04066624962699,0.4114583333333333,1.5999999999999999
0.6274509803921569,0.7020378500174638,0.7428571428571429,0.9704613095238096,0.05042171717171718,0.040289256198347105,OSULeaf,0,20,20.8,8,158,KNNOR-official-GPF (randmx=1),0.647,1.6918705061267918,60.0,1.0,427.0,4.455270903162729,0.4206925713342688,0.3191773842776274,0.29867674858223064,1.0
0.6538461538461539,0.723644052200883,0.7584821428571429,0.9697916666666666,0.05002300275482094,0.04196969696969697,OSULeaf,0,20,20.8,8,158,KNNOR-official-GPF (randmx=M*),0.647,1.6918705061267918,60.0,1.0,427.0,3.6725799515690607,0.2968648704279816,0.6249757969579156,0.26825127334465193,1.5999999999999999
0.4,0.5,0.625,0.9494047619047619,0.06817952249770431,0.07044077134986226,OSULeaf,0,20,20.8,8,158,KNNOR-official-raw (randmx=1),0.647,1.6918705061267918,60.0,1.0,427.0,11.645346749271825,0.5408281528688074,0.3712576022358326,0.683982683982684,1.0
0.6909090909090909,0.7631778797832628,0.7873511904761905,0.9683035714285714,0.04913287419651056,0.038181818181818185,OSULeaf,0,20,20.8,8,158,hybrid GPF-nbrs/raw-walk (M raw-calibrated),0.647,1.6918705061267918,60.0,1.0,427.0,3.1735537108725076,0.19642485754296535,0.8678486842670434,0.16458333333333333,1.2
0.46511627906976744,0.5576844132319863,0.6538690476190476,0.9168898809523809,0.07182777777777777,0.06706611570247933,OSULeaf,1,5,5.0,33,133,none (raw-flat RF),0.647,0.6386807919323534,,,,,,,,
0.7419354838709677,0.8335416406315084,0.8427083333333334,0.971577380952381,0.0402653810835629,0.034600550964187335,OSULeaf,1,5,5.0,33,133,none,0.647,0.6386807919323534,60.0,1.0,427.0,,,,,
0.7294117647058823,0.9312689755177636,0.9319940476190476,0.9783482142857143,0.07141354453627181,0.1281955922865014,OSULeaf,1,5,5.0,33,133,SMOTE-raw,0.647,0.6386807919323534,60.0,1.0,427.0,1.6131483093899224,0.10521472931161235,0.8621650785556778,,
0.7605633802816901,0.8919280880686034,0.8933035714285714,0.9621279761904762,0.05173310376492195,0.05469696969696971,OSULeaf,1,5,5.0,33,133,chain-mean-GPF (PSSTO-style),0.647,0.6386807919323534,60.0,1.0,427.0,0.971306576537776,0.08853249093708704,0.6078753690906125,,
0.7777777777777778,0.9082951062292475,0.9089285714285714,0.9639880952380953,0.049948622589531685,0.050757575757575744,OSULeaf,1,5,5.0,33,133,KNNOR-GPF (M=1),0.647,0.6386807919323534,60.0,1.0,427.0,1.638316201289138,0.1709017049642465,0.43300322672670877,0.9047619047619048,1.0
0.75,0.8896728933393763,0.890922619047619,0.9658482142857143,0.05360371900826447,0.04260330578512397,OSULeaf,1,5,5.0,33,133,KNNOR-GPF (M calibrated),0.647,0.6386807919323534,60.0,1.0,427.0,1.5419070608471372,0.1270129934111245,0.5974044026415744,0.8012048192771084,1.7999999999999998
0.7671232876712328,0.9059985283284588,0.906547619047619,0.9678571428571429,0.04934788797061525,0.04263085399449037,OSULeaf,1,5,5.0,33,133,hybrid GPF-nbrs/raw-walk (M calibrated),0.647,0.6386807919323534,60.0,1.0,427.0,2.87584088951583,0.12320358439909318,1.9626165835215992,0.51953125,1.7999999999999998
0.7714285714285715,0.8941775950159853,0.8956845238095238,0.9657738095238095,0.0454473829201102,0.028429752066115706,OSULeaf,1,5,5.0,33,133,KNNOR-official-GPF (randmx=1),0.647,0.6386807919323534,60.0,1.0,427.0,2.1048839817864007,0.2011025540427479,0.41475674196086143,0.8471337579617835,1.0
0.7352941176470589,0.8604227919763521,0.8644345238095238,0.9624255952380952,0.049696326905417816,0.046942148760330586,OSULeaf,1,5,5.0,33,133,KNNOR-official-GPF (randmx=M*),0.647,0.6386807919323534,60.0,1.0,427.0,1.858480849932402,0.13666017020615595,0.740609742361631,0.7869822485207101,1.7999999999999998
0.8125,0.8884175337563495,0.8919642857142858,0.9807291666666667,0.05107148760330579,0.10045454545454546,OSULeaf,1,5,5.0,33,133,KNNOR-official-raw (randmx=1),0.647,0.6386807919323534,60.0,1.0,427.0,5.20916544298195,0.32607109397644385,0.6842990397896301,0.9637681159420289,1.0
0.7837837837837838,0.9220351454927354,0.922172619047619,0.9707589285714285,0.047256152433425166,0.051666666666666666,OSULeaf,1,5,5.0,33,133,hybrid GPF-nbrs/raw-walk (M raw-calibrated),0.647,0.6386807919323534,60.0,1.0,427.0,1.7197688510361662,0.10830165709852624,1.0291127093675974,0.415625,1.4
0.17142857142857143,0.30618621784789724,0.546875,0.8776041666666667,0.08699072543618,0.04589531680440771,OSULeaf,1,10,9.8,17,149,none (raw-flat RF),0.647,0.8965608375747944,,,,,,,,
0.7368421052631579,0.8023403267940606,0.8186011904761905,0.9773065476190476,0.04307685950413223,0.044269972451790644,OSULeaf,1,10,9.8,17,149,none,0.647,0.8965608375747944,60.0,1.0,427.0,,,,,
0.7714285714285715,0.8941775950159853,0.8956845238095238,0.9804315476190477,0.052775206611570244,0.09060606060606062,OSULeaf,1,10,9.8,17,149,SMOTE-raw,0.647,0.8965608375747944,60.0,1.0,427.0,1.6205057117236983,0.10170497291208946,0.809228862248615,,
0.7213114754098361,0.8152198067597065,0.8270833333333334,0.9685267857142857,0.04777304866850322,0.03384297520661157,OSULeaf,1,10,9.8,17,149,chain-mean-GPF (PSSTO-style),0.647,0.8965608375747944,60.0,1.0,427.0,1.2547305673440512,0.11726203948168923,0.5231871044129272,,
0.7333333333333333,0.8172252705693472,0.8294642857142858,0.9729910714285714,0.04606248852157943,0.027920110192837456,OSULeaf,1,10,9.8,17,149,KNNOR-GPF (M=1),0.647,0.8965608375747944,60.0,1.0,427.0,2.57803106959922,0.2906241864713058,0.28695909252226526,0.8324022346368715,1.0
0.7213114754098361,0.8152198067597065,0.8270833333333334,0.970014880952381,0.048394811753902665,0.03557851239669422,OSULeaf,1,10,9.8,17,149,KNNOR-GPF (M calibrated),0.647,0.8965608375747944,60.0,1.0,427.0,1.934734793904683,0.15270173049487823,0.5717715196182881,0.7760416666666666,1.7999999999999998
0.71875,0.8294253604583288,0.8379464285714286,0.9753720238095238,0.04537281910009183,0.04358126721763086,OSULeaf,1,10,9.8,17,149,hybrid GPF-nbrs/raw-walk (M calibrated),0.647,0.8965608375747944,60.0,1.0,427.0,4.486133554784438,0.17923391545985867,2.0735917015761274,0.58203125,1.7999999999999998
0.7213114754098361,0.8152198067597065,0.8270833333333334,0.9607142857142856,0.04571864095500459,0.02796143250688705,OSULeaf,1,10,9.8,17,149,KNNOR-official-GPF (randmx=1),0.647,0.8965608375747944,60.0,1.0,427.0,1.9888889845405249,0.22177192113351885,0.35460219898336565,0.7602040816326531,1.0
0.7096774193548387,0.8132093972707913,0.824702380952381,0.9691220238095238,0.047030945821854915,0.029917355371900826,OSULeaf,1,10,9.8,17,149,KNNOR-official-GPF (randmx=M*),0.647,0.8965608375747944,60.0,1.0,427.0,1.7088602889437432,0.1569809907884684,0.6007367268428773,0.680365296803653,1.7999999999999998
0.8214285714285714,0.8457702885254251,0.8569940476190476,0.9830357142857142,0.044154224058769516,0.08706611570247934,OSULeaf,1,10,9.8,17,149,KNNOR-official-raw (randmx=1),0.647,0.8965608375747944,60.0,1.0,427.0,6.195073999574209,0.3746266511861559,0.5528947885639367,0.9802631578947368,1.0
0.7164179104477612,0.8430387213611755,0.8488095238095238,0.9716517857142858,0.04710358126721763,0.029393939393939392,OSULeaf,1,10,9.8,17,149,hybrid GPF-nbrs/raw-walk (M raw-calibrated),0.647,0.8965608375747944,60.0,1.0,427.0,2.3602236724838797,0.12459967089774038,1.1240175514050958,0.3325892857142857,1.4
0.0,0.0,0.5,0.8274553571428572,0.10607869605142332,0.08818181818181818,OSULeaf,1,20,20.8,8,158,none (raw-flat RF),0.647,1.19371715862823,,,,,,,,
0.7407407407407407,0.7867957924694432,0.8077380952380953,0.9796875,0.04315913682277319,0.036942148760330584,OSULeaf,1,20,20.8,8,158,none,0.647,1.19371715862823,60.0,1.0,427.0,,,,,
0.7142857142857143,0.7830039834478737,0.8029761904761905,0.975297619047619,0.059145592286501375,0.12428374655647381,OSULeaf,1,20,20.8,8,158,SMOTE-raw,0.647,1.19371715862823,60.0,1.0,427.0,3.115461087160135,0.1768311851172525,0.7268969489067694,,
0.7333333333333333,0.8172252705693472,0.8294642857142858,0.9667410714285715,0.04546643709825527,0.030234159779614325,OSULeaf,1,20,20.8,8,158,chain-mean-GPF (PSSTO-style),0.647,1.19371715862823,60.0,1.0,427.0,1.6910241892059972,0.2051570915939856,0.3373613819769263,,
0.75,0.8042853971072706,0.8209821428571429,0.9747767857142857,0.041040266299357205,0.04183195592286502,OSULeaf,1,20,20.8,8,158,KNNOR-GPF (M=1),0.647,1.19371715862823,60.0,1.0,427.0,4.526039981643514,0.5482082727100911,0.13109241362653212,0.17007534983853606,1.0
0.7457627118644068,0.8192258250207646,0.8318452380952381,0.9750744047619048,0.04117561983471074,0.029573002754820936,OSULeaf,1,20,20.8,8,158,KNNOR-GPF (M calibrated),0.647,1.19371715862823,60.0,1.0,427.0,3.6073311111974107,0.37793261803934924,0.2505157728160625,0.22965116279069767,1.5999999999999999
0.7636363636363637,0.806225774829855,0.8233630952380953,0.9755208333333334,0.04180032139577595,0.03257575757575758,OSULeaf,1,20,20.8,8,158,hybrid GPF-nbrs/raw-walk (M calibrated),0.647,1.19371715862823,60.0,1.0,427.0,10.51473700436422,0.41037233822871044,1.918000400380614,0.20572916666666666,1.5999999999999999
0.75,0.8042853971072706,0.8209821428571429,0.9696428571428571,0.0428807621671258,0.034752066115702474,OSULeaf,1,20,20.8,8,158,KNNOR-official-GPF (randmx=1),0.647,1.19371715862823,60.0,1.0,427.0,3.8495571818829877,0.33165731579271107,0.37883318319889125,0.2942271880819367,1.0
0.7368421052631579,0.8023403267940606,0.8186011904761905,0.9755208333333333,0.04117906336088154,0.03652892561983472,OSULeaf,1,20,20.8,8,158,KNNOR-official-GPF (randmx=M*),0.647,1.19371715862823,60.0,1.0,427.0,2.8491158900620928,0.2158958160124569,0.5519056551189192,0.2687074829931973,1.5999999999999999
0.5777777777777777,0.6373774391990981,0.703125,0.9808779761904762,0.056673737373737376,0.10253443526170798,OSULeaf,1,20,20.8,8,158,KNNOR-official-raw (randmx=1),0.647,1.19371715862823,60.0,1.0,427.0,7.2307930345909295,0.39820273316843563,0.5318820579419565,0.29097605893186,1.0
0.7777777777777778,0.8081614937622307,0.8257440476190476,0.9763392857142856,0.04217846648301194,0.0465702479338843,OSULeaf,1,20,20.8,8,158,hybrid GPF-nbrs/raw-walk (M raw-calibrated),0.647,1.19371715862823,60.0,1.0,427.0,13.830884255017216,0.6043514797544227,0.051352376940290226,0.04840686274509804,1.2
0.35,0.46659225597231396,0.6069940476190476,0.9034970238095238,0.07345261707988979,0.0719283746556474,OSULeaf,2,5,5.0,33,133,none (raw-flat RF),0.647,0.6330839330849081,,,,,,,,
0.7619047619047619,0.85146931829632,0.8583333333333334,0.9696428571428571,0.03986409550045914,0.03035812672176308,OSULeaf,2,5,5.0,33,133,none,0.647,0.6330839330849081,60.0,1.0,427.0,,,,,
0.7045454545454546,0.9238087567498043,0.9248511904761905,0.9758928571428571,0.07102089072543617,0.13406336088154272,OSULeaf,2,5,5.0,33,133,SMOTE-raw,0.647,0.6330839330849081,60.0,1.0,427.0,1.4929810584044798,0.10111250061671495,0.8325658443763291,,
0.7777777777777778,0.9082951062292475,0.9089285714285714,0.963764880952381,0.050582093663911844,0.03961432506887053,OSULeaf,2,5,5.0,33,133,chain-mean-GPF (PSSTO-style),0.647,0.6330839330849081,60.0,1.0,427.0,0.8820261666472522,0.08123950482048747,0.6236074568508791,,
0.7605633802816901,0.8919280880686034,0.8933035714285714,0.9667410714285714,0.049503076216712585,0.04477961432506887,OSULeaf,2,5,5.0,33,133,KNNOR-GPF (M=1),0.647,0.6330839330849081,60.0,1.0,427.0,2.314890206633134,0.21844019359129596,0.4123967099211552,0.8807947019867549,1.0
0.7536231884057971,0.8774625212454811,0.8800595238095238,0.9671875,0.05045936639118456,0.047286501377410466,OSULeaf,2,5,5.0,33,133,KNNOR-GPF (M calibrated),0.647,0.6330839330849081,60.0,1.0,427.0,1.991007285250049,0.161798188192806,0.5842951314837614,0.8159509202453987,1.5999999999999999
0.7246376811594203,0.8582582029069941,0.8620535714285714,0.9693452380952381,0.04757869605142332,0.05173553719008265,OSULeaf,2,5,5.0,33,133,hybrid GPF-nbrs/raw-walk (M calibrated),0.647,0.6330839330849081,60.0,1.0,427.0,2.6149710868872624,0.13807118411648833,1.4774421684832941,0.51953125,1.5999999999999999
0.782608695652174,0.8964214570007952,0.8980654761904762,0.9648065476190476,0.04777640036730945,0.032341597796143255,OSULeaf,2,5,5.0,33,133,KNNOR-official-GPF (randmx=1),0.647,0.6330839330849081,60.0,1.0,427.0,2.290296144757555,0.21755417973050895,0.41068842829497115,0.875,1.0
0.7536231884057971,0.8774625212454811,0.8800595238095238,0.9618303571428571,0.04950128558310377,0.042451790633608814,OSULeaf,2,5,5.0,33,133,KNNOR-official-GPF (randmx=M*),0.647,0.6330839330849081,60.0,1.0,427.0,2.1576259298905587,0.1752906097568857,0.5730289228236659,0.8260869565217391,1.5999999999999999
0.7714285714285715,0.8941775950159853,0.8956845238095238,0.9750744047619048,0.05030068870523416,0.09577134986225895,OSULeaf,2,5,5.0,33,133,KNNOR-official-raw (randmx=1),0.647,0.6330839330849081,60.0,1.0,427.0,5.104263842484642,0.3185512386595222,0.6968189032777349,0.9236111111111112,1.0
0.7671232876712328,0.9059985283284588,0.906547619047619,0.9763392857142857,0.045570661157024794,0.05315426997245179,OSULeaf,2,5,5.0,33,133,hybrid GPF-nbrs/raw-walk (M raw-calibrated),0.647,0.6330839330849081,60.0,1.0,427.0,2.436862530101404,0.17579300508150175,0.7035305070685406,0.415625,1.2
0.11764705882352941,0.25,0.53125,0.8271577380952381,0.0876789256198347,0.04588154269972452,OSULeaf,2,10,9.8,17,149,none (raw-flat RF),0.647,0.79661871289629,,,,,,,,
0.75,0.8042853971072706,0.8209821428571429,0.9695684523809524,0.04107314049586777,0.024889807162534434,OSULeaf,2,10,9.8,17,149,none,0.647,0.79661871289629,60.0,1.0,427.0,,,,,
0.8985507246376812,0.9700883612184142,0.9700892857142858,0.9916666666666668,0.05758406795224977,0.14527548209366395,OSULeaf,2,10,9.8,17,149,SMOTE-raw,0.647,0.79661871289629,60.0,1.0,427.0,2.754189576369072,0.16903677987991517,0.6930584828884576,,
0.71875,0.8294253604583288,0.8379464285714286,0.9645089285714286,0.04606368227731864,0.03775482093663912,OSULeaf,2,10,9.8,17,149,chain-mean-GPF (PSSTO-style),0.647,0.79661871289629,60.0,1.0,427.0,1.2455396315989482,0.10799021173202383,0.5134235064855043,,
0.7586206896551724,0.8212215059926049,0.8342261904761905,0.9717261904761905,0.04321225895316804,0.029710743801652895,OSULeaf,2,10,9.8,17,149,KNNOR-GPF (M=1),0.647,0.79661871289629,60.0,1.0,427.0,3.5521286321105077,0.32410983553768385,0.31885508943779983,0.6592920353982301,1.0
0.7619047619047619,0.85146931829632,0.8583333333333334,0.9639136904761905,0.04645293847566574,0.022107438016528935,OSULeaf,2,10,9.8,17,149,KNNOR-GPF (M calibrated),0.647,0.79661871289629,60.0,1.0,427.0,2.8682111111835233,0.20911258545135814,0.590680668139768,0.6592920353982301,1.7999999999999998
0.7419354838709677,0.8335416406315084,0.8427083333333334,0.9736607142857143,0.042076675849403125,0.028705234159779627,OSULeaf,2,10,9.8,17,149,hybrid GPF-nbrs/raw-walk (M calibrated),0.647,0.79661871289629,60.0,1.0,427.0,5.126245514352695,0.20955923668180954,1.912524623220761,0.58203125,1.7999999999999998
0.7586206896551724,0.8212215059926049,0.8342261904761905,0.9560267857142857,0.04344967860422406,0.02118457300275482,OSULeaf,2,10,9.8,17,149,KNNOR-official-GPF (randmx=1),0.647,0.79661871289629,60.0,1.0,427.0,3.448979917211796,0.3471443464043313,0.2507516647378682,0.8370786516853933,1.0
0.7868852459016393,0.8556534679079242,0.8630952380952381,0.9735863095238095,0.04167001836547291,0.02130853994490358,OSULeaf,2,10,9.8,17,149,KNNOR-official-GPF (randmx=M*),0.647,0.79661871289629,60.0,1.0,427.0,3.4370590398875187,0.27973002835757094,0.5296033825034113,0.772020725388601,1.7999999999999998
0.7777777777777778,0.8081614937622307,0.8257440476190476,0.9855654761904763,0.04497534435261709,0.09552341597796143,OSULeaf,2,10,9.8,17,149,KNNOR-official-raw (randmx=1),0.647,0.79661871289629,60.0,1.0,427.0,9.860280639313322,0.5133329704615759,0.3921101462131212,0.772020725388601,1.0
0.7619047619047619,0.85146931829632,0.8583333333333334,0.9722470238095238,0.0414174012855831,0.026322314049586782,OSULeaf,2,10,9.8,17,149,hybrid GPF-nbrs/raw-walk (M raw-calibrated),0.647,0.79661871289629,60.0,1.0,427.0,3.57054745721622,0.24201000549189006,0.5291954262551402,0.3880208333333333,1.2
0.0,0.0,0.5,0.8141369047619047,0.10421253443526171,0.07957300275482095,OSULeaf,2,20,20.8,8,158,none (raw-flat RF),0.647,1.910457795740239,,,,,,,,
0.68,0.7271315136171984,0.7632440476190476,0.9658482142857141,0.05117892561983471,0.05389807162534435,OSULeaf,2,20,20.8,8,158,none,0.647,1.910457795740239,60.0,1.0,427.0,,,,,
0.43902439024390244,0.5303300858899106,0.640625,0.9508184523809524,0.06668471074380165,0.05761707988980715,OSULeaf,2,20,20.8,8,158,SMOTE-raw,0.647,1.910457795740239,60.0,1.0,427.0,3.0788621389941735,0.1848803500276024,0.6867560906659087,,
0.6415094339622641,0.7218940035635096,0.7561011904761905,0.9708333333333334,0.05032589531680441,0.037548209366391194,OSULeaf,2,20,20.8,8,158,chain-mean-GPF (PSSTO-style),0.647,1.910457795740239,60.0,1.0,427.0,2.563907553536364,0.2572535686257518,0.3357122152840522,,
0.7636363636363637,0.806225774829855,0.8233630952380953,0.9703125000000001,0.047723140495867775,0.0534435261707989,OSULeaf,2,20,20.8,8,158,KNNOR-GPF (M=1),0.647,1.910457795740239,60.0,1.0,427.0,3.6430451221240485,0.3750163596372055,0.21971869800822486,0.8359788359788359,1.0
0.75,0.8042853971072706,0.8209821428571429,0.9746279761904763,0.04471992653810836,0.04011019283746556,OSULeaf,2,20,20.8,8,158,KNNOR-GPF (M calibrated),0.647,1.910457795740239,60.0,1.0,427.0,3.389179569137724,0.27304594745476135,0.3786612167587918,0.7821782178217822,1.5999999999999999
0.6896551724137931,0.7791937224739796,0.7982142857142858,0.9696428571428571,0.04777786960514234,0.03333333333333334,OSULeaf,2,20,20.8,8,158,hybrid GPF-nbrs/raw-walk (M calibrated),0.647,1.910457795740239,60.0,1.0,427.0,5.848751909894663,0.2414825965824181,1.8107344562137722,0.49375,1.5999999999999999
0.7407407407407407,0.7867957924694432,0.8077380952380953,0.9708333333333334,0.04647075298438935,0.04326446280991735,OSULeaf,2,20,20.8,8,158,KNNOR-official-GPF (randmx=1),0.647,1.910457795740239,60.0,1.0,427.0,3.7220328021791858,0.3688780763769426,0.25239869519815494,0.9186046511627907,1.0
0.7368421052631579,0.8023403267940606,0.8186011904761905,0.9686755952380952,0.045169421487603306,0.04377410468319559,OSULeaf,2,20,20.8,8,158,KNNOR-official-GPF (randmx=M*),0.647,1.910457795740239,60.0,1.0,427.0,3.280557091567717,0.22392801627419634,0.6216602445776782,0.9349112426035503,1.5999999999999999
0.43902439024390244,0.5303300858899106,0.640625,0.9656994047619047,0.06494986225895316,0.08479338842975205,OSULeaf,2,20,20.8,8,158,KNNOR-official-raw (randmx=1),0.647,1.910457795740239,60.0,1.0,427.0,9.002131271004522,0.4782401375385122,0.4794404991869791,0.9186046511627907,1.0
0.7058823529411765,0.7482121547872826,0.7788690476190476,0.971279761904762,0.050783471074380165,0.038732782369146006,OSULeaf,2,20,20.8,8,158,hybrid GPF-nbrs/raw-walk (M raw-calibrated),0.647,1.910457795740239,60.0,1.0,427.0,3.832678121049268,0.20526412127212734,0.9777093389158278,0.30859375,1.2
0.3902439024390244,0.49880810319152175,0.6226190476190476,0.9219494047619047,0.07007543617998162,0.07395316804407714,OSULeaf,3,5,5.0,33,133,none (raw-flat RF),0.647,0.6318434502937524,,,,,,,,
0.7419354838709677,0.8335416406315084,0.8427083333333334,0.9692708333333333,0.04162061524334251,0.025220385674931137,OSULeaf,3,5,5.0,33,133,none,0.647,0.6318434502937524,60.0,1.0,427.0,,,,,
0.7045454545454546,0.9238087567498043,0.9248511904761905,0.9799107142857144,0.0725803489439853,0.13294765840220385,OSULeaf,3,5,5.0,33,133,SMOTE-raw,0.647,0.6318434502937524,60.0,1.0,427.0,1.7986063202525209,0.11736534501993123,0.8092083359296103,,
0.7777777777777778,0.9082951062292475,0.9089285714285714,0.9648809523809524,0.04840179063360881,0.0456611570247934,OSULeaf,3,5,5.0,33,133,chain-mean-GPF (PSSTO-style),0.647,0.6318434502937524,60.0,1.0,427.0,0.9034965950969802,0.08001852892337125,0.6279557692069165,,
0.75,0.8896728933393763,0.890922619047619,0.9652529761904762,0.05058181818181818,0.04848484848484848,OSULeaf,3,5,5.0,33,133,KNNOR-GPF (M=1),0.647,0.6318434502937524,60.0,1.0,427.0,1.7981042759876846,0.16983297877823356,0.463378223303328,0.8807947019867549,1.0
0.7945205479452054,0.9243723739458496,0.9245535714285714,0.9680059523809524,0.04891202938475665,0.034848484848484844,OSULeaf,3,5,5.0,33,133,KNNOR-GPF (M calibrated),0.647,0.6318434502937524,60.0,1.0,427.0,1.4705015223031772,0.1122200921369283,0.6870171021080583,0.8209876543209876,1.7999999999999998
0.7837837837837838,0.9220351454927354,0.922172619047619,0.9735119047619047,0.04782598714416896,0.0500275482093664,OSULeaf,3,5,5.0,33,133,hybrid GPF-nbrs/raw-walk (M calibrated),0.647,0.6318434502937524,60.0,1.0,427.0,3.459784036219883,0.1380112136659032,2.4375182820161645,0.51953125,1.7999999999999998
0.7692307692307693,0.8668841302262346,0.871577380952381,0.9712797619047618,0.042767217630854,0.0250137741046832,OSULeaf,3,5,5.0,33,133,KNNOR-official-GPF (randmx=1),0.647,0.6318434502937524,60.0,1.0,427.0,2.102636148297629,0.20536367228246633,0.4055099628851676,0.9236111111111112,1.0
0.7428571428571429,0.8752550648647677,0.8776785714285714,0.9678571428571429,0.048255234159779614,0.04028925619834711,OSULeaf,3,5,5.0,33,133,KNNOR-official-GPF (randmx=M*),0.647,0.6318434502937524,60.0,1.0,427.0,1.9763540209805601,0.14710654156879166,0.7374498930825526,0.8986486486486487,1.7999999999999998
0.7575757575757576,0.8647357152002322,0.8691964285714286,0.9779017857142858,0.054469329660238756,0.1052617079889807,OSULeaf,3,5,5.0,33,133,KNNOR-official-raw (randmx=1),0.647,0.6318434502937524,60.0,1.0,427.0,5.013677884516694,0.31007459706314955,0.6816699952041702,0.9925373134328358,1.0
0.7671232876712328,0.9059985283284588,0.906547619047619,0.9767857142857143,0.044826997245179065,0.046749311294765845,OSULeaf,3,5,5.0,33,133,hybrid GPF-nbrs/raw-walk (M raw-calibrated),0.647,0.6318434502937524,60.0,1.0,427.0,1.9530318702848586,0.1354843685214171,0.8208693080576641,0.3463541666666667,1.2
0.17142857142857143,0.30618621784789724,0.546875,0.8019345238095239,0.09445114784205694,0.058429752066115705,OSULeaf,3,10,9.8,17,149,none (raw-flat RF),0.647,1.1516751620355965,,,,,,,,
0.7457627118644068,0.8192258250207646,0.8318452380952381,0.9677827380952381,0.04165523415977961,0.03174931129476585,OSULeaf,3,10,9.8,17,149,none,0.647,1.1516751620355965,60.0,1.0,427.0,,,,,
0.6875,0.809173593712687,0.8199404761904762,0.9735863095238095,0.06463269054178146,0.11303030303030302,OSULeaf,3,10,9.8,17,149,SMOTE-raw,0.647,1.1516751620355965,60.0,1.0,427.0,2.845760524042129,0.17351465578276615,0.7956929984564223,,
0.696969696969697,0.8252885498273864,0.8331845238095238,0.9609375,0.05203122130394858,0.033526170798898074,OSULeaf,3,10,9.8,17,149,chain-mean-GPF (PSSTO-style),0.647,1.1516751620355965,60.0,1.0,427.0,1.59624739638447,0.13569999075043138,0.5661918300429389,,
0.6666666666666666,0.7905694150420949,0.8043154761904762,0.9577380952380953,0.053820202020202025,0.03217630853994491,OSULeaf,3,10,9.8,17,149,KNNOR-GPF (M=1),0.647,1.1516751620355965,60.0,1.0,427.0,2.408629906145949,0.24398727876611825,0.3911041340726737,0.7303921568627451,1.0
0.6764705882352942,0.8211308984449144,0.828422619047619,0.9583333333333333,0.05434256198347107,0.043236914600550964,OSULeaf,3,10,9.8,17,149,KNNOR-GPF (M calibrated),0.647,1.1516751620355965,60.0,1.0,427.0,2.270700748759525,0.19461613968713032,0.5511681527100212,0.6208333333333333,1.7999999999999998
0.7428571428571429,0.8752550648647677,0.8776785714285714,0.9709077380952381,0.04717295684113866,0.03301652892561983,OSULeaf,3,10,9.8,17,149,hybrid GPF-nbrs/raw-walk (M calibrated),0.647,1.1516751620355965,60.0,1.0,427.0,3.568652370807989,0.15481717674643958,2.0703618595776057,0.58203125,1.7999999999999998
0.6666666666666666,0.7753647375206563,0.793452380952381,0.9610119047619048,0.04938934802571166,0.04449035812672176,OSULeaf,3,10,9.8,17,149,KNNOR-official-GPF (randmx=1),0.647,1.1516751620355965,60.0,1.0,427.0,3.4779163580974455,0.3466083437374398,0.31055341007371734,0.7525252525252525,1.0
0.7076923076923077,0.8273595406616217,0.8355654761904762,0.9633184523809524,0.05109876033057851,0.03858126721763085,OSULeaf,3,10,9.8,17,149,KNNOR-official-GPF (randmx=M*),0.647,1.1516751620355965,60.0,1.0,427.0,3.062808836471689,0.2602483233188532,0.5381767474070833,0.7303921568627451,1.7999999999999998
0.7777777777777778,0.8081614937622307,0.8257440476190476,0.9820684523809524,0.047672405876951325,0.07464187327823692,OSULeaf,3,10,9.8,17,149,KNNOR-official-raw (randmx=1),0.647,1.1516751620355965,60.0,1.0,427.0,8.36146361523107,0.4500576370096724,0.6122802050300934,0.9490445859872612,1.0
0.6956521739130435,0.8387916478908386,0.844047619047619,0.9660714285714286,0.050102708907254365,0.03745179063360882,OSULeaf,3,10,9.8,17,149,hybrid GPF-nbrs/raw-walk (M raw-calibrated),0.647,1.1516751620355965,60.0,1.0,427.0,2.1499787509439177,0.14426258440048634,0.8009058267679213,0.291015625,1.2
0.0,0.0,0.5,0.7905505952380952,0.11317171717171715,0.09355371900826447,OSULeaf,3,20,20.8,8,158,none (raw-flat RF),0.647,1.5524182765450032,,,,,,,,
0.7058823529411765,0.7482121547872826,0.7788690476190476,0.9773065476190477,0.046802295684113863,0.04611570247933884,OSULeaf,3,20,20.8,8,158,none,0.647,1.5524182765450032,60.0,1.0,427.0,,,,,
0.4090909090909091,0.5265283875130978,0.6334821428571429,0.9286458333333333,0.07258415977961433,0.04574380165289257,OSULeaf,3,20,20.8,8,158,SMOTE-raw,0.647,1.5524182765450032,60.0,1.0,427.0,4.023316177043846,0.2471477752074941,0.6348967496016305,,
0.6440677966101694,0.7557320638830619,0.777827380952381,0.9627232142857143,0.05213347107438017,0.040702479338842974,OSULeaf,3,20,20.8,8,158,chain-mean-GPF (PSSTO-style),0.647,1.5524182765450032,60.0,1.0,427.0,2.0935191028512,0.24098391014666848,0.3652680978022155,,
0.7272727272727273,0.7849021777084254,0.8053571428571429,0.9618303571428571,0.04824710743801652,0.03815426997245179,OSULeaf,3,20,20.8,8,158,KNNOR-GPF (M=1),0.647,1.5524182765450032,60.0,1.0,427.0,2.5016082931569414,0.3230823295659574,0.2657149834163986,0.35990888382687924,1.0
0.7272727272727273,0.7849021777084254,0.8053571428571429,0.9625,0.04832070707070707,0.037396694214876035,OSULeaf,3,20,20.8,8,158,KNNOR-GPF (M calibrated),0.647,1.5524182765450032,60.0,1.0,427.0,2.017652573095777,0.17327865795927,0.5168328716645139,0.35033259423503327,1.5999999999999999
0.7547169811320755,0.7886848607167565,0.8101190476190476,0.9688244047619048,0.04649600550964188,0.043705234159779616,OSULeaf,3,20,20.8,8,158,hybrid GPF-nbrs/raw-walk (M calibrated),0.647,1.5524182765450032,60.0,1.0,427.0,8.882469414801797,0.3496825850594628,2.3249298717408533,0.30859375,1.5999999999999999
0.6923076923076923,0.7464200272921789,0.7764880952380953,0.9627232142857143,0.0480455463728191,0.035041322314049585,OSULeaf,3,20,20.8,8,158,KNNOR-official-GPF (randmx=1),0.647,1.5524182765450032,60.0,1.0,427.0,3.414631763102058,0.41872057220681086,0.27930051004663303,0.5146579804560261,1.0
0.7017543859649122,0.7811011763011547,0.8005952380952381,0.9700892857142857,0.04734141414141414,0.04137741046831956,OSULeaf,3,20,20.8,8,158,KNNOR-official-GPF (randmx=M*),0.647,1.5524182765450032,60.0,1.0,427.0,2.9474374258345772,0.3700103047723464,0.4414067381853737,0.5766423357664233,1.5999999999999999
0.358974358974359,0.46770717334674267,0.609375,0.9641369047619047,0.06349458218549128,0.07922865013774105,OSULeaf,3,20,20.8,8,158,KNNOR-official-raw (randmx=1),0.647,1.5524182765450032,60.0,1.0,427.0,12.470731294902155,0.5978847018498361,0.3247255242579344,0.8020304568527918,1.0
0.75,0.8042853971072706,0.8209821428571429,0.9582589285714286,0.04573948576675849,0.04115702479338843,OSULeaf,3,20,20.8,8,158,hybrid GPF-nbrs/raw-walk (M raw-calibrated),0.647,1.5524182765450032,60.0,1.0,427.0,4.845967755212396,0.26854358705003256,1.0944457482367647,0.08512931034482758,1.2
0.42857142857142855,0.5290658884162863,0.6382440476190476,0.9305059523809524,0.07095022956841139,0.07694214876033056,OSULeaf,4,5,5.0,33,133,none (raw-flat RF),0.647,0.6522308020310312,,,,,,,,
0.7419354838709677,0.8335416406315084,0.8427083333333334,0.9760416666666667,0.04058888888888889,0.029283746556473825,OSULeaf,4,5,5.0,33,133,none,0.647,0.6522308020310312,60.0,1.0,427.0,,,,,
0.7948717948717948,0.94844798034925,0.9486607142857143,0.9819196428571428,0.059212121212121216,0.1030853994490358,OSULeaf,4,5,5.0,33,133,SMOTE-raw,0.647,0.6522308020310312,60.0,1.0,427.0,1.8940359499264279,0.12539699961365924,0.8136836974183388,,
0.7714285714285715,0.8941775950159853,0.8956845238095238,0.9666666666666667,0.046652157943067034,0.03754820936639119,OSULeaf,4,5,5.0,33,133,chain-mean-GPF (PSSTO-style),0.647,0.6522308020310312,60.0,1.0,427.0,0.919872921116669,0.08846984820476256,0.5852027167999009,,
0.7714285714285715,0.8941775950159853,0.8956845238095238,0.9665922619047619,0.04849545454545455,0.0456611570247934,OSULeaf,4,5,5.0,33,133,KNNOR-GPF (M=1),0.647,0.6522308020310312,60.0,1.0,427.0,1.6838428321356016,0.16363192749147937,0.4620282671479613,0.9300699300699301,1.0
0.7605633802816901,0.8919280880686034,0.8933035714285714,0.9654761904761904,0.05112901744719926,0.037961432506887056,OSULeaf,4,5,5.0,33,133,KNNOR-GPF (M calibrated),0.647,0.6522308020310312,60.0,1.0,427.0,1.3886595244767364,0.10314934846408286,0.7069210438463637,0.8866666666666667,1.7999999999999998
0.7605633802816901,0.8919280880686034,0.8933035714285714,0.9703125,0.04649476584022038,0.03716253443526172,OSULeaf,4,5,5.0,33,133,hybrid GPF-nbrs/raw-walk (M calibrated),0.647,0.6522308020310312,60.0,1.0,427.0,4.305604590926693,0.17359216774339536,2.379070374230433,0.6927083333333334,1.7999999999999998
0.7575757575757576,0.8647357152002322,0.8691964285714286,0.96875,0.045614784205693294,0.03933884297520661,OSULeaf,4,5,5.0,33,133,KNNOR-official-GPF (randmx=1),0.647,0.6522308020310312,60.0,1.0,427.0,2.2086429584145435,0.2097695579373765,0.4175775738575808,0.9637681159420289,1.0
0.746268656716418,0.8625819491779427,0.8668154761904762,0.9675595238095238,0.04754811753902663,0.034986225895316796,OSULeaf,4,5,5.0,33,133,KNNOR-official-GPF (randmx=M*),0.647,0.6522308020310312,60.0,1.0,427.0,1.9525506697845714,0.13665027022055287,0.8562608542405505,0.8636363636363636,1.7999999999999998
0.8125,0.8884175337563495,0.8919642857142858,0.9807291666666667,0.04566239669421488,0.07480716253443527,OSULeaf,4,5,5.0,33,133,KNNOR-official-raw (randmx=1),0.647,0.6522308020310312,60.0,1.0,427.0,5.654096028065732,0.3682882061862937,0.5880565369478279,0.9708029197080292,1.0
0.7605633802816901,0.8919280880686034,0.8933035714285714,0.9741071428571428,0.04601547291092746,0.04172176308539946,OSULeaf,4,5,5.0,33,133,hybrid GPF-nbrs/raw-walk (M raw-calibrated),0.647,0.6522308020310312,60.0,1.0,427.0,1.9010265205306514,0.13183603411206168,0.7913043569231373,0.415625,1.2
0.0,0.0,0.5,0.7970982142857143,0.10097924701561065,0.06454545454545454,OSULeaf,4,10,9.8,17,149,none (raw-flat RF),0.647,1.346074321786201,,,,,,,,
0.7407407407407407,0.7867957924694432,0.8077380952380953,0.9642857142857143,0.04408962350780533,0.03895316804407714,OSULeaf,4,10,9.8,17,149,none,0.647,1.346074321786201,60.0,1.0,427.0,,,,,
0.6923076923076923,0.7464200272921789,0.7764880952380953,0.9730654761904762,0.051878007346189164,0.06128099173553721,OSULeaf,4,10,9.8,17,149,SMOTE-raw,0.647,1.346074321786201,60.0,1.0,427.0,3.2772615531727407,0.2023342751655517,0.7530933610005994,,
0.6333333333333333,0.7538591190856362,0.7754464285714286,0.9653273809523809,0.04882346189164371,0.04409090909090908,OSULeaf,4,10,9.8,17,149,chain-mean-GPF (PSSTO-style),0.647,1.346074321786201,60.0,1.0,427.0,2.1416590204246475,0.18408738263578972,0.49078433510718916,,
0.6666666666666666,0.7753647375206563,0.793452380952381,0.9622767857142858,0.04772865013774105,0.03716253443526172,OSULeaf,4,10,9.8,17,149,KNNOR-GPF (M=1),0.647,1.346074321786201,60.0,1.0,427.0,2.720257349329307,0.229221517068119,0.44760329651690356,0.9675324675324676,1.0
0.7419354838709677,0.8335416406315084,0.8427083333333334,0.966220238095238,0.04340064279155188,0.029366391184573012,OSULeaf,4,10,9.8,17,149,KNNOR-GPF (M calibrated),0.647,1.346074321786201,60.0,1.0,427.0,2.592337854710042,0.19163808327908405,0.6009205341543661,0.9612903225806452,1.5999999999999999
0.7575757575757576,0.8647357152002322,0.8691964285714286,0.9725446428571428,0.04289761248852158,0.03330578512396695,OSULeaf,4,10,9.8,17,149,hybrid GPF-nbrs/raw-walk (M calibrated),0.647,1.346074321786201,60.0,1.0,427.0,3.7603927242721777,0.18603585432027314,1.5105759220714499,0.58203125,1.5999999999999999
0.7213114754098361,0.8152198067597065,0.8270833333333334,0.9608630952380952,0.046638154269972455,0.023539944903581262,OSULeaf,4,10,9.8,17,149,KNNOR-official-GPF (randmx=1),0.647,1.346074321786201,60.0,1.0,427.0,2.954274383864764,0.24608065471075968,0.4358996632217144,0.9430379746835443,1.0
0.711864406779661,0.7984359711335656,0.8138392857142858,0.9581101190476191,0.04518269054178146,0.02552341597796143,OSULeaf,4,10,9.8,17,149,KNNOR-official-GPF (randmx=M*),0.647,1.346074321786201,60.0,1.0,427.0,2.7828730217065623,0.19797244780050383,0.6057490539242432,0.8662790697674418,1.5999999999999999
0.6086956521739131,0.6614378277661477,0.71875,0.979985119047619,0.05130808080808081,0.07333333333333332,OSULeaf,4,10,9.8,17,149,KNNOR-official-raw (randmx=1),0.647,1.346074321786201,60.0,1.0,427.0,7.926762896020257,0.44189035773281704,0.6683250093820249,0.9085365853658537,1.0
0.7619047619047619,0.85146931829632,0.8583333333333334,0.9725446428571427,0.044904132231404964,0.033553719008264454,OSULeaf,4,10,9.8,17,149,hybrid GPF-nbrs/raw-walk (M raw-calibrated),0.647,1.346074321786201,60.0,1.0,427.0,2.9603496272051757,0.19248725416010637,0.7509776042494577,0.3880208333333333,1.2
0.06060606060606061,0.1767766952966369,0.515625,0.7902529761904762,0.10871602387511477,0.09742424242424241,OSULeaf,4,20,20.8,8,158,none (raw-flat RF),0.647,2.2408954733939908,,,,,,,,
0.68,0.7271315136171984,0.7632440476190476,0.9767113095238095,0.051884848484848485,0.054380165289256197,OSULeaf,4,20,20.8,8,158,none,0.647,2.2408954733939908,60.0,1.0,427.0,,,,,
0.5116279069767442,0.5863019699779287,0.671875,0.9724702380952381,0.05389187327823691,0.05913223140495868,OSULeaf,4,20,20.8,8,158,SMOTE-raw,0.647,2.2408954733939908,60.0,1.0,427.0,3.346527399520655,0.2149512639852963,0.7015757397779289,,
0.6538461538461539,0.723644052200883,0.7584821428571429,0.9730654761904762,0.05063227731864096,0.043898071625344356,OSULeaf,4,20,20.8,8,158,chain-mean-GPF (PSSTO-style),0.647,2.2408954733939908,60.0,1.0,427.0,3.0679754124513483,0.34464528017123086,0.3119296417924713,,
0.6923076923076923,0.7464200272921789,0.7764880952380953,0.9750000000000001,0.04939288337924702,0.040041322314049575,OSULeaf,4,20,20.8,8,158,KNNOR-GPF (M=1),0.647,2.2408954733939908,60.0,1.0,427.0,3.428503691576527,0.428667056358863,0.19684535926359883,0.8681318681318682,1.0
0.6415094339622641,0.7218940035635096,0.7561011904761905,0.9711309523809524,0.051120064279155185,0.04194214876033057,OSULeaf,4,20,20.8,8,158,KNNOR-GPF (M calibrated),0.647,2.2408954733939908,60.0,1.0,427.0,2.815148025038596,0.2862935822534412,0.37739824255262544,0.8144329896907216,1.5999999999999999
0.7142857142857143,0.7830039834478737,0.8029761904761905,0.9710565476190476,0.04449628099173554,0.03450413223140496,OSULeaf,4,20,20.8,8,158,hybrid GPF-nbrs/raw-walk (M calibrated),0.647,2.2408954733939908,60.0,1.0,427.0,6.238842478100338,0.25998749670016497,2.2536670355494226,0.4114583333333333,1.5999999999999999
0.7037037037037037,0.765028010691672,0.7897321428571429,0.9726190476190477,0.051009274563820026,0.04170798898071626,OSULeaf,4,20,20.8,8,158,KNNOR-official-GPF (randmx=1),0.647,2.2408954733939908,60.0,1.0,427.0,4.053102961497366,0.5060767738272363,0.16751264578495323,0.8586956521739131,1.0
0.7037037037037037,0.765028010691672,0.7897321428571429,0.9739583333333333,0.04987134986225895,0.04184573002754821,OSULeaf,4,20,20.8,8,158,KNNOR-official-GPF (randmx=M*),0.647,2.2408954733939908,60.0,1.0,427.0,3.6338512936529845,0.3760931833463138,0.4812988953886797,0.7596153846153846,1.5999999999999999
0.5454545454545454,0.6123724356957945,0.6875,0.986904761904762,0.04864995408631772,0.07628099173553719,OSULeaf,4,20,20.8,8,158,KNNOR-official-raw (randmx=1),0.647,2.2408954733939908,60.0,1.0,427.0,9.948375281824983,0.5204603056482465,0.5071256613756204,0.9294117647058824,1.0
0.6666666666666666,0.7428228014040188,0.7717261904761905,0.9729166666666667,0.050125895316804406,0.031873278236914604,OSULeaf,4,20,20.8,8,158,hybrid GPF-nbrs/raw-walk (M raw-calibrated),0.647,2.2408954733939908,60.0,1.0,427.0,3.7215934698677486,0.2245736904446054,0.9030065690647225,0.22443181818181818,1.2
0.32653061224489793,0.5950721238142894,0.6618829428546728,0.8590098268061439,0.0519057908496732,0.042623529411764706,Handwriting,0,5,14.0,10,130,none (raw-flat RF),0.218,1.2593560073225483,,,,,,,,
0.0425531914893617,0.15221485181647873,0.5097691709172646,0.8390968559983861,0.042553986928104574,0.01268235294117647,Handwriting,0,5,14.0,10,130,none,0.218,1.2593560073225483,64.0,3.0,152.0,,,,,
0.19672131147540983,0.3707560054287876,0.5623324976225469,0.8862280625918562,0.044474797385620914,0.05058039215686274,Handwriting,0,5,14.0,10,130,SMOTE-raw,0.218,1.2593560073225483,64.0,3.0,152.0,1.3105499733367143,0.13312789159176752,0.5254716001120217,,
0.12,0.26347984837661104,0.5324054061842598,0.8802484078268639,0.04105518954248366,0.03558431372549019,Handwriting,0,5,14.0,10,130,chain-mean-GPF (PSSTO-style),0.218,1.2593560073225483,64.0,3.0,152.0,1.8867961486220963,0.23454007225419787,0.32707701095318736,,
0.08163265306122448,0.21513039534285858,0.5207774992075156,0.860652430765684,0.04135458823529412,0.0259921568627451,Handwriting,0,5,14.0,10,130,KNNOR-GPF (M=1),0.218,1.2593560073225483,64.0,3.0,152.0,3.15196442294039,0.4844042879209308,0.1272421041000664,0.41935483870967744,1.0
0.11320754716981132,0.262987208777603,0.5305466701247803,0.8674533875104464,0.04370678431372548,0.035705882352941164,Handwriting,0,5,14.0,10,130,KNNOR-GPF (M calibrated),0.218,1.2593560073225483,64.0,3.0,152.0,2.732297333665784,0.349382889545345,0.24155467781435894,0.4088050314465409,1.7999999999999998
0.2033898305084746,0.3712220722443836,0.5635716549955333,0.8357972392726434,0.04800397385620915,0.05392941176470587,Handwriting,0,5,14.0,10,130,hybrid GPF-nbrs/raw-walk (M calibrated),0.218,1.2593560073225483,64.0,3.0,152.0,8.208715735657975,0.36817639261478186,1.984084956932267,0.3385416666666667,1.7999999999999998
0.1276595744680851,0.2639715685836058,0.5342641422437393,0.8476412783493271,0.04177367320261438,0.03239215686274509,Handwriting,0,5,14.0,10,130,KNNOR-official-GPF (randmx=1),0.218,1.2593560073225483,64.0,3.0,152.0,3.806362067353561,0.5911277472823822,0.08100247637917053,0.35135135135135137,1.0
0.12,0.26347984837661104,0.5324054061842598,0.8604074810524193,0.04202367320261438,0.04000392156862744,Handwriting,0,5,14.0,10,130,KNNOR-official-GPF (randmx=M*),0.218,1.2593560073225483,64.0,3.0,152.0,3.145386464554335,0.3447039837083079,0.4842600025277415,0.30162412993039445,1.7999999999999998
0.20408163265306123,0.3407858296655181,0.5575199561972277,0.8633324688049335,0.04045867973856209,0.03273333333333333,Handwriting,0,5,14.0,10,130,KNNOR-official-raw (randmx=1),0.218,1.2593560073225483,64.0,3.0,152.0,3.614772992210046,0.38611363077965,0.2729315783269688,0.8666666666666667,1.0
0.1568627450980392,0.3042403227725563,0.544033313161004,0.8455664101899081,0.04366137254901961,0.04134509803921568,Handwriting,0,5,14.0,10,130,hybrid GPF-nbrs/raw-walk (M raw-calibrated),0.218,1.2593560073225483,64.0,3.0,152.0,6.132407494146825,0.44920084336188304,0.5351484954513582,0.203125,1.4
0.32653061224489793,0.5950721238142894,0.6618829428546728,0.8631307455116567,0.0517981045751634,0.03283529411764706,Handwriting,0,10,14.0,10,130,none (raw-flat RF),0.218,1.25935600732255,,,,,,,,
0.0,0.0,0.49814126394052044,0.8507247629751304,0.04204938562091504,0.01556078431372549,Handwriting,0,10,14.0,10,130,none,0.218,1.25935600732255,64.0,3.0,152.0,,,,,
0.2033898305084746,0.3712220722443836,0.5635716549955333,0.8801763637935506,0.04561849673202614,0.051635294117647064,Handwriting,0,10,14.0,10,130,SMOTE-raw,0.218,1.25935600732255,64.0,3.0,152.0,1.2986029747646715,0.12989256903734359,0.5115003653938538,,
0.19230769230769232,0.3401510216079566,0.5556612201377482,0.8849312699922192,0.04079653594771242,0.03355686274509804,Handwriting,0,10,14.0,10,130,chain-mean-GPF (PSSTO-style),0.218,1.25935600732255,64.0,3.0,152.0,1.9205291041861408,0.24119465111290356,0.337087223382902,,
0.12,0.26347984837661104,0.5324054061842598,0.8770352439410968,0.04081440522875818,0.029443137254901965,Handwriting,0,10,14.0,10,130,KNNOR-GPF (M=1),0.218,1.25935600732255,64.0,3.0,152.0,3.114815970187056,0.4750136850685259,0.13249860738214125,0.4276315789473684,1.0
0.2033898305084746,0.3712220722443836,0.5635716549955333,0.8787066655139621,0.04435630065359478,0.05347058823529413,Handwriting,0,10,14.0,10,130,KNNOR-GPF (M calibrated),0.218,1.25935600732255,64.0,3.0,152.0,2.6812313658804,0.3327792508804663,0.2575557736403291,0.41533546325878595,1.7999999999999998
0.2,0.3709891120254916,0.5629520763090401,0.828650471167978,0.047836300653594774,0.05354901960784314,Handwriting,0,10,14.0,10,130,hybrid GPF-nbrs/raw-walk (M calibrated),0.218,1.25935600732255,64.0,3.0,152.0,8.033032097558632,0.3588844457574203,2.100171359909423,0.3385416666666667,1.7999999999999998
0.08695652173913043,0.21553188321064293,0.5226362352669952,0.8669058528572663,0.040602784313725486,0.03041176470588235,Handwriting,0,10,14.0,10,130,KNNOR-official-GPF (randmx=1),0.218,1.25935600732255,64.0,3.0,152.0,3.339526627759854,0.5002369587962561,0.11550542392267026,0.289532293986637,1.0
0.15384615384615385,0.30405082395456223,0.5434137344745108,0.8584767009596266,0.041986366013071895,0.04165882352941176,Handwriting,0,10,14.0,10,130,KNNOR-official-GPF (randmx=M*),0.218,1.25935600732255,64.0,3.0,152.0,2.864128935949072,0.2943290625106535,0.8480881566819668,0.3217821782178218,1.7999999999999998
0.20833333333333334,0.34099716973523675,0.5581395348837209,0.8638079594248005,0.04082572549019608,0.03373333333333333,Handwriting,0,10,14.0,10,130,KNNOR-official-raw (randmx=1),0.218,1.25935600732255,64.0,3.0,152.0,3.574332175006724,0.38387924403095486,0.2832871859944869,0.8843537414965986,1.0
0.12,0.26347984837661104,0.5324054061842598,0.8503933604218898,0.04424,0.037011764705882355,Handwriting,0,10,14.0,10,130,hybrid GPF-nbrs/raw-walk (M raw-calibrated),0.218,1.25935600732255,64.0,3.0,152.0,7.006039605901989,0.5054677496453407,0.5035775902328354,0.22569444444444445,1.4
0.29545454545454547,0.5388297080266072,0.6313362727298926,0.8267052822685226,0.04966801307189543,0.04115686274509804,Handwriting,0,20,20.0,7,133,none (raw-flat RF),0.218,2.4486073176304046,,,,,,,,
0.0425531914893617,0.15221485181647873,0.5097691709172646,0.7507852799631136,0.04326935947712418,0.02051764705882353,Handwriting,0,20,20.0,7,133,none,0.218,2.4486073176304046,64.0,3.0,152.0,,,,,
0.2222222222222222,0.4002103132876757,0.5733408259127979,0.7468949021642028,0.04896147712418301,0.0325607843137255,Handwriting,0,20,20.0,7,133,SMOTE-raw,0.218,2.4486073176304046,64.0,3.0,152.0,2.294175401163768,0.2043917084591792,0.5288964552075497,,
0.08695652173913043,0.21553188321064293,0.5226362352669952,0.7648050488458544,0.04248484967320262,0.01903137254901961,Handwriting,0,20,20.0,7,133,chain-mean-GPF (PSSTO-style),0.218,2.4486073176304046,64.0,3.0,152.0,3.3406981818702572,0.3673373215210864,0.26903862243706017,,
0.0851063829787234,0.21539813707104266,0.522016656580502,0.7655254891789863,0.043962222222222215,0.01784313725490196,Handwriting,0,20,20.0,7,133,KNNOR-GPF (M=1),0.218,2.4486073176304046,64.0,3.0,152.0,4.186707802178146,0.4927191106853922,0.1506498788442495,0.23170731707317074,1.0
0.16326530612244897,0.3046189667557675,0.5452724705339904,0.7552952364485173,0.04403586928104575,0.01603921568627451,Handwriting,0,20,20.0,7,133,KNNOR-GPF (M calibrated),0.218,2.4486073176304046,64.0,3.0,152.0,4.055231975627111,0.4489915027901529,0.1889974014293165,0.32281553398058255,1.5999999999999999
0.16666666666666666,0.3048081123603052,0.5458920492204835,0.7821100256476758,0.04216832679738562,0.012913725490196077,Handwriting,0,20,20.0,7,133,hybrid GPF-nbrs/raw-walk (M calibrated),0.218,2.4486073176304046,64.0,3.0,152.0,7.605270964597478,0.5712660474450717,0.23919332611838223,0.09035326086956522,1.5999999999999999
0.044444444444444446,0.1524040561801526,0.511008328290251,0.7559148151350105,0.04429537254901961,0.009105882352941174,Handwriting,0,20,20.0,7,133,KNNOR-official-GPF (randmx=1),0.218,2.4486073176304046,64.0,3.0,152.0,5.053731546095689,0.7098737647831913,0.041697797164804644,0.40672782874617736,1.0
0.044444444444444446,0.1524040561801526,0.511008328290251,0.7645745079392524,0.043407241830065356,0.017301960784313723,Handwriting,0,20,20.0,7,133,KNNOR-official-GPF (randmx=M*),0.218,2.4486073176304046,64.0,3.0,152.0,4.115436083731531,0.3209631617091071,0.38980619491836915,0.3308457711442786,1.5999999999999999
0.08695652173913043,0.21553188321064293,0.5226362352669952,0.7722832195037606,0.041156117647058815,0.014113725490196082,Handwriting,0,20,20.0,7,133,KNNOR-official-raw (randmx=1),0.218,2.4486073176304046,64.0,3.0,152.0,5.169530886509438,0.5133710229040527,0.242308657007312,0.7307692307692307,1.0
0.1276595744680851,0.2639715685836058,0.5342641422437393,0.7695023198178725,0.04199457516339869,0.014678431372549018,Handwriting,0,20,20.0,7,133,hybrid GPF-nbrs/raw-walk (M raw-calibrated),0.218,2.4486073176304046,64.0,3.0,152.0,7.266614102341412,0.5941629927334374,0.11528646150041617,0.12224264705882353,1.2
0.3076923076923077,0.5927430654690307,0.6581654707357136,0.8583182040863375,0.053556222222222234,0.042882352941176476,Handwriting,1,5,14.0,10,130,none (raw-flat RF),0.218,1.2593560073225483,,,,,,,,
0.0425531914893617,0.15221485181647873,0.5097691709172646,0.8457681334831849,0.04244905882352941,0.019580392156862744,Handwriting,1,5,14.0,10,130,none,0.218,1.2593560073225483,64.0,3.0,152.0,,,,,
0.2153846153846154,0.3997059522639935,0.5721016685398116,0.8844845969856776,0.04650959477124183,0.054619607843137255,Handwriting,1,5,14.0,10,130,SMOTE-raw,0.218,1.2593560073225483,64.0,3.0,152.0,1.2490909964142283,0.1246130834394078,0.5506872061257249,,
0.16,0.30442970363295746,0.5446528918474972,0.8786490302873117,0.04081176470588236,0.03327058823529411,Handwriting,1,5,14.0,10,130,chain-mean-GPF (PSSTO-style),0.218,1.2593560073225483,64.0,3.0,152.0,1.8577140959817733,0.2277014086385193,0.35747196665722764,,
0.18518518518518517,0.3397271572419313,0.5544220627647618,0.8655802426443043,0.0409974248366013,0.030145098039215685,Handwriting,1,5,14.0,10,130,KNNOR-GPF (M=1),0.218,1.2593560073225483,64.0,3.0,152.0,2.88924733905581,0.447196920601862,0.1394972692233204,0.4659498207885305,1.0
0.21428571428571427,0.37192007738393085,0.5654303910550128,0.8736779919887036,0.044545568627450974,0.04589803921568627,Handwriting,1,5,14.0,10,130,KNNOR-GPF (M calibrated),0.218,1.2593560073225483,64.0,3.0,152.0,2.670248444382846,0.3403978977987759,0.24425453622738272,0.41935483870967744,1.7999999999999998
0.14285714285714285,0.3032916446825464,0.5409354197285381,0.8500907754819746,0.046503712418300654,0.052329411764705874,Handwriting,1,5,14.0,10,130,hybrid GPF-nbrs/raw-walk (M calibrated),0.218,1.2593560073225483,64.0,3.0,152.0,8.469372704415846,0.37878438953465554,2.010216325596414,0.3385416666666667,1.7999999999999998
0.16326530612244897,0.3046189667557675,0.5452724705339904,0.8708538658828276,0.04002512418300654,0.032650980392156866,Handwriting,1,5,14.0,10,130,KNNOR-official-GPF (randmx=1),0.218,1.2593560073225483,64.0,3.0,152.0,3.427232392109044,0.5206677468051708,0.10820978701316512,0.2826086956521739,1.0
0.1568627450980392,0.3042403227725563,0.544033313161004,0.859470908619348,0.042139725490196074,0.034843137254901964,Handwriting,1,5,14.0,10,130,KNNOR-official-GPF (randmx=M*),0.218,1.2593560073225483,64.0,3.0,152.0,2.9464027185645207,0.3117231727173396,0.5568221909449117,0.3140096618357488,1.7999999999999998
0.2,0.34057435845082235,0.5569003775107346,0.8509264862684072,0.041776209150326794,0.031662745098039215,Handwriting,1,5,14.0,10,130,KNNOR-official-raw (randmx=1),0.218,1.2593560073225483,64.0,3.0,152.0,4.147251668536104,0.45410344441176165,0.2203780399589983,0.8843537414965986,1.0
0.19607843137254902,0.3403627558467038,0.5562807988242414,0.844860378663439,0.04414882352941176,0.04552549019607841,Handwriting,1,5,14.0,10,130,hybrid GPF-nbrs/raw-walk (M raw-calibrated),0.218,1.2593560073225483,64.0,3.0,152.0,6.000815006140082,0.442515769158604,0.5290892273444983,0.203125,1.4
0.3076923076923077,0.5927430654690307,0.6581654707357136,0.8449756491167402,0.053676052287581696,0.041035294117647066,Handwriting,1,10,14.0,10,130,none (raw-flat RF),0.218,1.2593560073225536,,,,,,,,
0.0425531914893617,0.15221485181647873,0.5097691709172646,0.8248609550157056,0.042388797385620916,0.018898039215686273,Handwriting,1,10,14.0,10,130,none,0.218,1.2593560073225536,64.0,3.0,152.0,,,,,
0.2191780821917808,0.4254111090259168,0.5793925247111034,0.8738508976686551,0.048052,0.05807058823529411,Handwriting,1,10,14.0,10,130,SMOTE-raw,0.218,1.2593560073225536,64.0,3.0,152.0,1.1593544724233968,0.11385502856812102,0.5700624987252846,,
0.22641509433962265,0.37261677498621004,0.5672891271144923,0.8787931183539379,0.041175934640522875,0.033737254901960785,Handwriting,1,10,14.0,10,130,chain-mean-GPF (PSSTO-style),0.218,1.2593560073225536,64.0,3.0,152.0,1.7971373304486136,0.21576289796644454,0.3619640487485512,,
0.2222222222222222,0.372384687280737,0.5666695484279992,0.865003890377799,0.0408134248366013,0.0318705882352941,Handwriting,1,10,14.0,10,130,KNNOR-GPF (M=1),0.218,1.2593560073225536,64.0,3.0,152.0,2.9513919245846,0.4531994349104498,0.1389521381280701,0.4180064308681672,1.0
0.21052631578947367,0.3716875546494899,0.5648108123685196,0.8753926399815567,0.04394946405228758,0.04558431372549021,Handwriting,1,10,14.0,10,130,KNNOR-GPF (M calibrated),0.218,1.2593560073225536,64.0,3.0,152.0,2.607479730823524,0.33688140485853935,0.2401569887260766,0.45774647887323944,1.7999999999999998
0.14035087719298245,0.3031015527524445,0.5403158410420449,0.8329587043601049,0.047513895424836604,0.051368627450980385,Handwriting,1,10,14.0,10,130,hybrid GPF-nbrs/raw-walk (M calibrated),0.218,1.2593560073225536,64.0,3.0,152.0,8.20522988330059,0.3741892337246431,1.9651120952697112,0.3385416666666667,1.7999999999999998
0.1276595744680851,0.2639715685836058,0.5342641422437393,0.8721794760957897,0.04032585620915032,0.031192156862745103,Handwriting,1,10,14.0,10,130,KNNOR-official-GPF (randmx=1),0.218,1.2593560073225536,64.0,3.0,152.0,3.3727063579843186,0.5244796830510666,0.10622458505380132,0.2838427947598253,1.0
0.16,0.30442970363295746,0.5446528918474972,0.8638367770381257,0.041725803921568626,0.03564705882352941,Handwriting,1,10,14.0,10,130,KNNOR-official-GPF (randmx=M*),0.218,1.2593560073225536,64.0,3.0,152.0,3.2306459604511293,0.3024418583271917,0.578738310170367,0.2995391705069124,1.7999999999999998
0.16326530612244897,0.3046189667557675,0.5452724705339904,0.8497449641220715,0.04192671895424837,0.03310588235294117,Handwriting,1,10,14.0,10,130,KNNOR-official-raw (randmx=1),0.218,1.2593560073225536,64.0,3.0,152.0,4.327862107504449,0.48029964831821353,0.19774560274611364,0.8609271523178808,1.0
0.21428571428571427,0.37192007738393085,0.5654303910550128,0.8315898677271547,0.0469502091503268,0.05120392156862746,Handwriting,1,10,14.0,10,130,hybrid GPF-nbrs/raw-walk (M raw-calibrated),0.218,1.2593560073225536,64.0,3.0,152.0,6.899332355227106,0.40736945056099955,0.9435540671593609,0.29017857142857145,1.6
0.3076923076923077,0.5927430654690307,0.6581654707357136,0.8169361113512579,0.053542928104575165,0.0487607843137255,Handwriting,1,20,20.0,7,133,none (raw-flat RF),0.218,1.8595930349223764,,,,,,,,
0.0,0.0,0.4993804213135068,0.7769804904757788,0.042499620915032676,0.009815686274509803,Handwriting,1,20,20.0,7,133,none,0.218,1.8595930349223764,64.0,3.0,152.0,,,,,
0.26229508196721313,0.42865032667885117,0.5868274689490216,0.8509697126883952,0.04511585620915033,0.03961176470588235,Handwriting,1,20,20.0,7,133,SMOTE-raw,0.218,1.8595930349223764,64.0,3.0,152.0,1.8156383695364635,0.18339679898151284,0.48488751071810804,,
0.044444444444444446,0.1524040561801526,0.511008328290251,0.8431745482839111,0.04049711111111111,0.02441176470588234,Handwriting,1,20,20.0,7,133,chain-mean-GPF (PSSTO-style),0.218,1.8595930349223764,64.0,3.0,152.0,2.5290022638782315,0.3043250599162745,0.29000191970607536,,
0.125,0.26380776368506204,0.5336445635572462,0.8319500878937207,0.04228337254901961,0.01775686274509804,Handwriting,1,20,20.0,7,133,KNNOR-GPF (M=1),0.218,1.8595930349223764,64.0,3.0,152.0,3.735465794729409,0.5070362611277861,0.12391357487452728,0.2052469135802469,1.0
0.11764705882352941,0.263315737586241,0.5317858274977666,0.81661911760468,0.04318546405228758,0.01593725490196078,Handwriting,1,20,20.0,7,133,KNNOR-GPF (M calibrated),0.218,1.8595930349223764,64.0,3.0,152.0,3.522267890915611,0.41613596004432807,0.19801742850292547,0.4360655737704918,1.7999999999999998
0.0425531914893617,0.15221485181647873,0.5097691709172646,0.8622662171118988,0.04082518954248366,0.02293725490196078,Handwriting,1,20,20.0,7,133,hybrid GPF-nbrs/raw-walk (M calibrated),0.218,1.8595930349223764,64.0,3.0,152.0,4.499123330117396,0.23966040099221164,2.6858528429285085,0.2309027777777778,1.7999999999999998
0.0851063829787234,0.21539813707104266,0.522016656580502,0.831388144433878,0.04164985620915033,0.007678431372549019,Handwriting,1,20,20.0,7,133,KNNOR-official-GPF (randmx=1),0.218,1.8595930349223764,64.0,3.0,152.0,1.8718119736184136,0.11382999468828481,0.8861764981271928,0.5708154506437768,1.0
0.044444444444444446,0.1524040561801526,0.511008328290251,0.7809573211146652,0.04387945098039216,0.006384313725490196,Handwriting,1,20,20.0,7,133,KNNOR-official-GPF (randmx=M*),0.218,1.8595930349223764,64.0,3.0,152.0,9.648456105906105,0.4772048545985178,1.406150910687507,0.40797546012269936,1.7999999999999998
0.045454545454545456,0.15249857033260467,0.5116279069767442,0.8411573153511426,0.040492836601307196,0.026000000000000002,Handwriting,1,20,20.0,7,133,KNNOR-official-raw (randmx=1),0.218,1.8595930349223764,64.0,3.0,152.0,4.152243301295426,0.44958069223444,0.32354456319559316,0.8109756097560976,1.0
0.045454545454545456,0.15249857033260467,0.5116279069767442,0.8491830206622288,0.04084335947712418,0.014819607843137253,Handwriting,1,20,20.0,7,133,hybrid GPF-nbrs/raw-walk (M raw-calibrated),0.218,1.8595930349223764,64.0,3.0,152.0,4.207302424710152,0.2809681628089634,0.8998487189879497,0.2078125,1.4
0.3106796116504854,0.5931318769673637,0.6587850494222068,0.8638511858447884,0.05197098039215686,0.03904313725490196,Handwriting,2,5,14.0,10,130,none (raw-flat RF),0.218,1.2593560073225483,,,,,,,,
0.0425531914893617,0.15221485181647873,0.5097691709172646,0.8568629146134118,0.04186794771241831,0.021380392156862747,Handwriting,2,5,14.0,10,130,none,0.218,1.2593560073225483,64.0,3.0,152.0,,,,,
0.24242424242424243,0.4273036368074525,0.5837295755165557,0.8669778968905795,0.048278117647058826,0.05866666666666667,Handwriting,2,5,14.0,10,130,SMOTE-raw,0.218,1.2593560073225483,64.0,3.0,152.0,1.3612092007428505,0.13486211173462748,0.5150531477857743,,
0.19230769230769232,0.3401510216079566,0.5556612201377482,0.886703553211723,0.04009013071895425,0.03211372549019607,Handwriting,2,5,14.0,10,130,chain-mean-GPF (PSSTO-style),0.218,1.2593560073225483,64.0,3.0,152.0,1.7847308402708109,0.21527950057469725,0.386947762500376,,
0.11320754716981132,0.262987208777603,0.5305466701247803,0.8746577908417625,0.04123811764705882,0.030909803921568627,Handwriting,2,5,14.0,10,130,KNNOR-GPF (M=1),0.218,1.2593560073225483,64.0,3.0,152.0,3.098848946548472,0.46866720499010717,0.13630938769175432,0.48872180451127817,1.0
0.23728813559322035,0.40121713327689157,0.5758191406587706,0.8722803377424282,0.04473295424836602,0.04963529411764706,Handwriting,2,5,14.0,10,130,KNNOR-GPF (M calibrated),0.218,1.2593560073225483,64.0,3.0,152.0,2.6473515577185935,0.32916491607440146,0.25638660447657186,0.48507462686567165,1.7999999999999998
0.21052631578947367,0.3716875546494899,0.5648108123685196,0.8489957061756145,0.0465860522875817,0.049007843137254904,Handwriting,2,5,14.0,10,130,hybrid GPF-nbrs/raw-walk (M calibrated),0.218,1.2593560073225483,64.0,3.0,152.0,9.742437360477737,0.4165043506734828,2.3204314042846628,0.40625,1.7999999999999998
0.0,0.0,0.49876084262701365,0.8739661681219562,0.04170321568627451,0.028752941176470585,Handwriting,2,5,14.0,10,130,KNNOR-official-GPF (randmx=1),0.218,1.2593560073225483,64.0,3.0,152.0,3.4550943498479185,0.5451373216864318,0.0948216709716949,0.35911602209944754,1.0
0.11764705882352941,0.263315737586241,0.5317858274977666,0.859168323679433,0.0427777908496732,0.038937254901960774,Handwriting,2,5,14.0,10,130,KNNOR-official-GPF (randmx=M*),0.218,1.2593560073225483,64.0,3.0,152.0,3.0843729516404608,0.32981186496437415,0.4933145054085112,0.29345372460496616,1.7999999999999998
0.13043478260869565,0.26413527189768715,0.5348837209302325,0.859946399239215,0.04068287581699346,0.034282352941176465,Handwriting,2,5,14.0,10,130,KNNOR-official-raw (randmx=1),0.218,1.2593560073225483,64.0,3.0,152.0,3.725296325962688,0.4058574510722693,0.24520512751413695,0.896551724137931,1.0
0.12,0.26347984837661104,0.5324054061842598,0.8470937436961471,0.044422797385620924,0.04380392156862747,Handwriting,2,5,14.0,10,130,hybrid GPF-nbrs/raw-walk (M raw-calibrated),0.218,1.2593560073225483,64.0,3.0,152.0,6.554162803516203,0.47622094563048173,0.5330614513748786,0.22569444444444445,1.4
0.32,0.5942967852129444,0.6606437854816865,0.8515460649549005,0.05229266666666666,0.040058823529411765,Handwriting,2,10,14.0,10,130,none (raw-flat RF),0.218,1.2593560073225483,,,,,,,,
0.0425531914893617,0.15221485181647873,0.5097691709172646,0.8473098757960865,0.04282397385620915,0.019670588235294113,Handwriting,2,10,14.0,10,130,none,0.218,1.2593560073225483,64.0,3.0,152.0,,,,,
0.21875,0.39995821227791123,0.5727212472263047,0.8818910117864038,0.04620912418300654,0.05112941176470589,Handwriting,2,10,14.0,10,130,SMOTE-raw,0.218,1.2593560073225483,64.0,3.0,152.0,1.404498019824615,0.13853620287900625,0.5035971705181498,,
0.12244897959183673,0.263643857012709,0.533024984870753,0.8829716722861012,0.04071422222222223,0.03189803921568628,Handwriting,2,10,14.0,10,130,chain-mean-GPF (PSSTO-style),0.218,1.2593560073225483,64.0,3.0,152.0,1.813230972738575,0.22021808101061457,0.3606979452751179,,
0.12244897959183673,0.263643857012709,0.533024984870753,0.871660759055935,0.04159393464052288,0.026423529411764696,Handwriting,2,10,14.0,10,130,KNNOR-GPF (M=1),0.218,1.2593560073225483,64.0,3.0,152.0,3.0204050070273816,0.466263190050932,0.13345923272609286,0.4626334519572954,1.0
0.18181818181818182,0.33951502662040983,0.5538024840782687,0.8766894325811937,0.04369316339869281,0.04238823529411766,Handwriting,2,10,14.0,10,130,KNNOR-GPF (M calibrated),0.218,1.2593560073225483,64.0,3.0,152.0,2.6986663254264585,0.3485316641728353,0.23817561993661393,0.42071197411003236,1.7999999999999998
0.11764705882352941,0.263315737586241,0.5317858274977666,0.8395579378115904,0.04721532026143791,0.04952941176470587,Handwriting,2,10,14.0,10,130,hybrid GPF-nbrs/raw-walk (M calibrated),0.218,1.2593560073225483,64.0,3.0,152.0,9.033380199858541,0.4063029791293732,2.1948159649621353,0.3385416666666667,1.7999999999999998
0.045454545454545456,0.15249857033260467,0.5116279069767442,0.8796000115270453,0.04113321568627451,0.029109803921568634,Handwriting,2,10,14.0,10,130,KNNOR-official-GPF (randmx=1),0.218,1.2593560073225483,64.0,3.0,152.0,3.414568549982828,0.5216380083273311,0.10835209818831595,0.2838427947598253,1.0
0.12244897959183673,0.263643857012709,0.533024984870753,0.8602489841791303,0.04166534640522876,0.03716470588235295,Handwriting,2,10,14.0,10,130,KNNOR-official-GPF (randmx=M*),0.218,1.2593560073225483,64.0,3.0,152.0,3.1843526379331806,0.3543694410287448,0.3438486327296399,0.2914798206278027,1.7999999999999998
0.13043478260869565,0.26413527189768715,0.5348837209302325,0.8607821100256476,0.04118332026143791,0.03449411764705883,Handwriting,2,10,14.0,10,130,KNNOR-official-raw (randmx=1),0.218,1.2593560073225483,64.0,3.0,152.0,3.69297131466519,0.408118596263345,0.23475746811059015,0.9219858156028369,1.0
0.08163265306122448,0.21513039534285858,0.5207774992075156,0.8541972853808247,0.044586549019607846,0.046709803921568635,Handwriting,2,10,14.0,10,130,hybrid GPF-nbrs/raw-walk (M raw-calibrated),0.218,1.2593560073225483,64.0,3.0,152.0,6.507119417626479,0.47401267636463806,0.5188776834836125,0.22569444444444445,1.4
0.3106796116504854,0.5931318769673637,0.6587850494222068,0.8036944180282989,0.0535821568627451,0.04811372549019609,Handwriting,2,20,20.0,7,133,none (raw-flat RF),0.218,1.6799360211033925,,,,,,,,
0.0,0.0,0.4993804213135068,0.8720209792225008,0.039926366013071896,0.012137254901960784,Handwriting,2,20,20.0,7,133,none,0.218,1.6799360211033925,64.0,3.0,152.0,,,,,
0.24561403508771928,0.40171959700950693,0.577058298031757,0.8542981470274632,0.04325288888888888,0.02151372549019608,Handwriting,2,20,20.0,7,133,SMOTE-raw,0.218,1.6799360211033925,64.0,3.0,152.0,1.8552741308144736,0.19822441337819136,0.5119339881565222,,
0.19607843137254902,0.3403627558467038,0.5562807988242414,0.8621941730785856,0.041272823529411765,0.010137254901960786,Handwriting,2,20,20.0,7,133,chain-mean-GPF (PSSTO-style),0.218,1.6799360211033925,64.0,3.0,152.0,2.2748550217065713,0.2921295130079613,0.34712062116596415,,
0.20408163265306123,0.3407858296655181,0.5575199561972277,0.8601625313391544,0.0411258954248366,0.01931372549019608,Handwriting,2,20,20.0,7,133,KNNOR-GPF (M=1),0.218,1.6799360211033925,64.0,3.0,152.0,2.8415148708646054,0.42465339860227536,0.19487760959988673,0.5362903225806451,1.0
0.125,0.26380776368506204,0.5336445635572462,0.8586063802195902,0.041854797385620916,0.014399999999999994,Handwriting,2,20,20.0,7,133,KNNOR-GPF (M calibrated),0.218,1.6799360211033925,64.0,3.0,152.0,2.515432242746373,0.3266181718035467,0.2861567176930372,0.5473251028806584,1.4
0.24489795918367346,0.3735436838188142,0.5697674418604651,0.8695138468632028,0.03955300653594772,0.018694117647058826,Handwriting,2,20,20.0,7,133,hybrid GPF-nbrs/raw-walk (M calibrated),0.218,1.6799360211033925,64.0,3.0,152.0,2.8917635353368976,0.24111118292367406,0.5802381550581344,0.09895833333333333,1.4
0.20408163265306123,0.3407858296655181,0.5575199561972277,0.8618771793320077,0.040554549019607845,0.020490196078431368,Handwriting,2,20,20.0,7,133,KNNOR-official-GPF (randmx=1),0.218,1.6799360211033925,64.0,3.0,152.0,3.1059465374820032,0.5336982044550999,0.1229511087438562,0.5564853556485355,1.0
0.2,0.34057435845082235,0.5569003775107346,0.869974928676407,0.03998935947712419,0.016956862745098042,Handwriting,2,20,20.0,7,133,KNNOR-official-GPF (randmx=M*),0.218,1.6799360211033925,64.0,3.0,152.0,3.1023263422318816,0.5306320441920218,0.1196629494515733,0.46830985915492956,1.4
0.24489795918367346,0.3735436838188142,0.5697674418604651,0.8664735886573873,0.0398639477124183,0.015945098039215688,Handwriting,2,20,20.0,7,133,KNNOR-official-raw (randmx=1),0.218,1.6799360211033925,64.0,3.0,152.0,3.3285865777814063,0.36021165416715967,0.37653110978479487,0.869281045751634,1.0
0.24489795918367346,0.3735436838188142,0.5697674418604651,0.8695138468632028,0.03955300653594772,0.018694117647058826,Handwriting,2,20,20.0,7,133,hybrid GPF-nbrs/raw-walk (M raw-calibrated),0.218,1.6799360211033925,64.0,3.0,152.0,2.8917635353368976,0.24111118292367406,0.5802381550581344,0.09895833333333333,1.4
0.3076923076923077,0.5927430654690307,0.6581654707357136,0.84251174317743,0.05299145098039215,0.03632156862745098,Handwriting,3,5,14.0,10,130,none (raw-flat RF),0.218,1.2593560073225483,,,,,,,,
0.0425531914893617,0.15221485181647873,0.5097691709172646,0.8349183020662229,0.042680235294117644,0.01246274509803922,Handwriting,3,5,14.0,10,130,none,0.218,1.2593560073225483,64.0,3.0,152.0,,,,,
0.2153846153846154,0.3997059522639935,0.5721016685398116,0.8788363447739258,0.04667541176470589,0.0589921568627451,Handwriting,3,5,14.0,10,130,SMOTE-raw,0.218,1.2593560073225483,64.0,3.0,152.0,1.3864898486426327,0.14315902877320863,0.4998501820264221,,
0.12244897959183673,0.263643857012709,0.533024984870753,0.8833895276793176,0.040104039215686275,0.031023529411764696,Handwriting,3,5,14.0,10,130,chain-mean-GPF (PSSTO-style),0.218,1.2593560073225483,64.0,3.0,152.0,1.7301278839759924,0.19792003284417947,0.41980405013717265,,
0.1568627450980392,0.3042403227725563,0.544033313161004,0.8625255756318262,0.04137116339869281,0.028447058823529405,Handwriting,3,5,14.0,10,130,KNNOR-GPF (M=1),0.218,1.2593560073225483,64.0,3.0,152.0,3.108218340693348,0.4668001226574544,0.13693579940531556,0.4024767801857585,1.0
0.2033898305084746,0.3712220722443836,0.5635716549955333,0.8769199734877957,0.04496495424836602,0.04681176470588236,Handwriting,3,5,14.0,10,130,KNNOR-GPF (M calibrated),0.218,1.2593560073225483,64.0,3.0,152.0,2.5554914785612137,0.31821591130808324,0.26298906992809257,0.43478260869565216,1.7999999999999998
0.10714285714285714,0.2624936446101261,0.5286879340653007,0.844082303103657,0.04719332026143791,0.055964705882352944,Handwriting,3,5,14.0,10,130,hybrid GPF-nbrs/raw-walk (M calibrated),0.218,1.2593560073225483,64.0,3.0,152.0,8.30466497878994,0.35069023059106197,2.2592216198968536,0.3385416666666667,1.7999999999999998
0.0851063829787234,0.21539813707104266,0.522016656580502,0.8550329961672574,0.04194569934640523,0.03267450980392157,Handwriting,3,5,14.0,10,130,KNNOR-official-GPF (randmx=1),0.218,1.2593560073225483,64.0,3.0,152.0,3.657025227301771,0.5525220651208688,0.09362703630308447,0.3561643835616438,1.0
0.18518518518518517,0.3397271572419313,0.5544220627647618,0.8565171032535085,0.04217495424836601,0.04033725490196078,Handwriting,3,5,14.0,10,130,KNNOR-official-GPF (randmx=M*),0.218,1.2593560073225483,64.0,3.0,152.0,3.1288460762962576,0.33838256158900654,0.4165771278868979,0.3170731707317073,1.7999999999999998
0.1276595744680851,0.2639715685836058,0.5342641422437393,0.8595717702659865,0.041752300653594775,0.03429411764705883,Handwriting,3,5,14.0,10,130,KNNOR-official-raw (randmx=1),0.218,1.2593560073225483,64.0,3.0,152.0,4.0571835095576585,0.44621991866893296,0.20473295019013107,0.87248322147651,1.0
0.11764705882352941,0.263315737586241,0.5317858274977666,0.8412005417711305,0.04437371241830065,0.04294509803921569,Handwriting,3,5,14.0,10,130,hybrid GPF-nbrs/raw-walk (M raw-calibrated),0.218,1.2593560073225483,64.0,3.0,152.0,6.301962271903044,0.4508803153947954,0.6004367960148237,0.22569444444444445,1.4
0.32,0.5942967852129444,0.6606437854816865,0.8585199273796144,0.05140841830065359,0.03889411764705883,Handwriting,3,10,14.0,10,130,none (raw-flat RF),0.218,1.2593560073225483,,,,,,,,
0.0425531914893617,0.15221485181647873,0.5097691709172646,0.8451917812166796,0.04257503267973856,0.01785098039215687,Handwriting,3,10,14.0,10,130,none,0.218,1.2593560073225483,64.0,3.0,152.0,,,,,
0.21875,0.39995821227791123,0.5727212472263047,0.8795567851070575,0.047222261437908496,0.05431764705882354,Handwriting,3,10,14.0,10,130,SMOTE-raw,0.218,1.2593560073225483,64.0,3.0,152.0,1.354316353890992,0.13507508859222295,0.48898459196494043,,
0.2,0.34057435845082235,0.5569003775107346,0.8796576467536958,0.04076661437908496,0.03112941176470588,Handwriting,3,10,14.0,10,130,chain-mean-GPF (PSSTO-style),0.218,1.2593560073225483,64.0,3.0,152.0,1.716154687847208,0.20343250013051983,0.39506285590842743,,
0.1509433962264151,0.3038612069582874,0.5427941557880176,0.8637503241981499,0.04156806535947712,0.033705882352941176,Handwriting,3,10,14.0,10,130,KNNOR-GPF (M=1),0.218,1.2593560073225483,64.0,3.0,152.0,2.9696421798124195,0.4599816015673328,0.13631115349067555,0.41533546325878595,1.0
0.21052631578947367,0.3716875546494899,0.5648108123685196,0.8740814385752572,0.0435576339869281,0.041690196078431364,Handwriting,3,10,14.0,10,130,KNNOR-GPF (M calibrated),0.218,1.2593560073225483,64.0,3.0,152.0,2.3349124580362837,0.29928436243162976,0.26425570907811374,0.4406779661016949,1.7999999999999998
0.14035087719298245,0.3031015527524445,0.5403158410420449,0.8344572202530187,0.04792168627450981,0.05365098039215687,Handwriting,3,10,14.0,10,130,hybrid GPF-nbrs/raw-walk (M calibrated),0.218,1.2593560073225483,64.0,3.0,152.0,9.147176704702925,0.3876767334539979,2.094540098888809,0.29017857142857145,1.7999999999999998
0.125,0.26380776368506204,0.5336445635572462,0.8706953690095387,0.04110754248366013,0.033737254901960785,Handwriting,3,10,14.0,10,130,KNNOR-official-GPF (randmx=1),0.218,1.2593560073225483,64.0,3.0,152.0,3.4182984037943545,0.5474715860677399,0.09642072767747684,0.28634361233480177,1.0
0.19607843137254902,0.3403627558467038,0.5562807988242414,0.86265525489179,0.04198592156862745,0.044301960784313726,Handwriting,3,10,14.0,10,130,KNNOR-official-GPF (randmx=M*),0.218,1.2593560073225483,64.0,3.0,152.0,3.2542457056496534,0.2923274254936464,0.5823758616131044,0.2974828375286041,1.7999999999999998
0.1702127659574468,0.30499714066520933,0.5465116279069767,0.8626120284718019,0.04087955555555556,0.035490196078431374,Handwriting,3,10,14.0,10,130,KNNOR-official-raw (randmx=1),0.218,1.2593560073225483,64.0,3.0,152.0,3.954163330931383,0.4344965343274329,0.2254895386093419,0.896551724137931,1.0
0.16,0.30442970363295746,0.5446528918474972,0.8529149015878505,0.04443324183006536,0.04453725490196079,Handwriting,3,10,14.0,10,130,hybrid GPF-nbrs/raw-walk (M raw-calibrated),0.218,1.2593560073225483,64.0,3.0,152.0,6.799877222954905,0.49033704232326036,0.524609088878763,0.203125,1.4
0.2894736842105263,0.49883874254478083,0.614276245641336,0.8325552577735512,0.04786058823529412,0.027047058823529417,Handwriting,3,20,20.0,7,133,none (raw-flat RF),0.218,1.7879237015669194,,,,,,,,
0.043478260869565216,0.15230948337788375,0.5103887496037578,0.8093426702400507,0.04330760784313726,0.01003921568627451,Handwriting,3,20,20.0,7,133,none,0.218,1.7879237015669194,64.0,3.0,152.0,,,,,
0.2,0.3709891120254916,0.5629520763090401,0.8495000144088067,0.045447150326797386,0.04434901960784314,Handwriting,3,20,20.0,7,133,SMOTE-raw,0.218,1.7879237015669194,64.0,3.0,152.0,1.5325712207049325,0.15324704241880338,0.4870033548536378,,
0.043478260869565216,0.15230948337788375,0.5103887496037578,0.8341258176997781,0.042966993464052285,0.022160784313725486,Handwriting,3,20,20.0,7,133,chain-mean-GPF (PSSTO-style),0.218,1.7879237015669194,64.0,3.0,152.0,2.372636249828174,0.2628388129336263,0.3331343202879324,,
0.0,0.0,0.4993804213135068,0.832756981066828,0.042068274509803924,0.011094117647058825,Handwriting,3,20,20.0,7,133,KNNOR-GPF (M=1),0.218,1.7879237015669194,64.0,3.0,152.0,3.743014846999058,0.5160191107460803,0.116358353808033,0.1383975026014568,1.0
0.1509433962264151,0.3038612069582874,0.5427941557880176,0.8272384081150399,0.04457439215686274,0.027690196078431373,Handwriting,3,20,20.0,7,133,KNNOR-GPF (M calibrated),0.218,1.7879237015669194,64.0,3.0,152.0,3.552205104038652,0.41267525221846185,0.20391159617833063,0.296875,1.7999999999999998
0.0,0.0,0.49814126394052044,0.8187804386040748,0.043636888888888885,0.017466666666666665,Handwriting,3,20,20.0,7,133,hybrid GPF-nbrs/raw-walk (M calibrated),0.218,1.7879237015669194,64.0,3.0,152.0,11.28516500080819,0.3817453275626159,2.977026937830416,0.09035326086956522,1.7999999999999998
0.0,0.0,0.4993804213135068,0.8248897726290308,0.042460156862745096,0.008196078431372548,Handwriting,3,20,20.0,7,133,KNNOR-official-GPF (randmx=1),0.218,1.7879237015669194,64.0,3.0,152.0,5.509316790499081,0.7216512744687974,0.045269536405581394,0.4169278996865204,1.0
0.16326530612244897,0.3046189667557675,0.5452724705339904,0.8432898187372122,0.04072277124183007,0.01752941176470588,Handwriting,3,20,20.0,7,133,KNNOR-official-GPF (randmx=M*),0.218,1.7879237015669194,64.0,3.0,152.0,2.820406687704544,0.16882241091579708,1.3862685528638359,0.33585858585858586,1.7999999999999998
0.0,0.0,0.4993804213135068,0.857208725973315,0.04163065359477124,0.017454901960784315,Handwriting,3,20,20.0,7,133,KNNOR-official-raw (randmx=1),0.218,1.7879237015669194,64.0,3.0,152.0,4.2001505542811195,0.4000019234702676,0.36287581755729825,0.7556818181818182,1.0
0.043478260869565216,0.15230948337788375,0.5103887496037578,0.8363159563124981,0.04269898039215687,0.0076862745098039194,Handwriting,3,20,20.0,7,133,hybrid GPF-nbrs/raw-walk (M raw-calibrated),0.218,1.7879237015669194,64.0,3.0,152.0,7.570997625092593,0.5880729333686991,0.42309224569822207,0.06927083333333334,1.4
0.3076923076923077,0.5927430654690307,0.6581654707357136,0.8258839802887524,0.05436383006535948,0.04241176470588235,Handwriting,4,5,14.0,10,130,none (raw-flat RF),0.218,1.2593560073225483,,,,,,,,
0.0425531914893617,0.15221485181647873,0.5097691709172646,0.8214460678366617,0.043043699346405236,0.016913725490196076,Handwriting,4,5,14.0,10,130,none,0.218,1.2593560073225483,64.0,3.0,152.0,,,,,
0.2647058823529412,0.4529377322133334,0.5947379038068067,0.8770928791677474,0.047693084967320255,0.05797254901960784,Handwriting,4,5,14.0,10,130,SMOTE-raw,0.218,1.2593560073225483,64.0,3.0,152.0,1.4613782876924795,0.14448351659096526,0.4963121665018864,,
0.12244897959183673,0.263643857012709,0.533024984870753,0.8692112619232876,0.04251079738562092,0.037098039215686274,Handwriting,4,5,14.0,10,130,chain-mean-GPF (PSSTO-style),0.218,1.2593560073225483,64.0,3.0,152.0,1.9728046023645653,0.2488505820610062,0.3509777219376023,,
0.15384615384615385,0.30405082395456223,0.5434137344745108,0.8636926889714993,0.04247946405228758,0.032435294117647055,Handwriting,4,5,14.0,10,130,KNNOR-GPF (M=1),0.218,1.2593560073225483,64.0,3.0,152.0,3.029937161688533,0.4678566773225891,0.13228675656537092,0.39755351681957185,1.0
0.21052631578947367,0.3716875546494899,0.5648108123685196,0.8738220800553298,0.04494196078431372,0.050658823529411784,Handwriting,4,5,14.0,10,130,KNNOR-GPF (M calibrated),0.218,1.2593560073225483,64.0,3.0,152.0,2.4777794218217295,0.32148789120996446,0.24636625116434605,0.41139240506329117,1.7999999999999998
0.14545454545454545,0.3034816175446958,0.5415549984150313,0.8361430506325466,0.047474039215686284,0.05262745098039216,Handwriting,4,5,14.0,10,130,hybrid GPF-nbrs/raw-walk (M calibrated),0.218,1.2593560073225483,64.0,3.0,152.0,9.205966893541913,0.3862215313273605,2.3524329888591855,0.3385416666666667,1.7999999999999998
0.044444444444444446,0.1524040561801526,0.511008328290251,0.8769776087144463,0.04054613071895425,0.030819607843137253,Handwriting,4,5,14.0,10,130,KNNOR-official-GPF (randmx=1),0.218,1.2593560073225483,64.0,3.0,152.0,3.245810568381433,0.5103600061111848,0.11091840359556682,0.29017857142857145,1.0
0.19230769230769232,0.3401510216079566,0.5556612201377482,0.8505806749085041,0.04284975163398693,0.038847058823529415,Handwriting,4,5,14.0,10,130,KNNOR-official-GPF (randmx=M*),0.218,1.2593560073225483,64.0,3.0,152.0,3.0426202051609827,0.3436685261584348,0.4858424123863923,0.3170731707317073,1.7999999999999998
0.1276595744680851,0.2639715685836058,0.5342641422437393,0.870522463329587,0.041463294117647057,0.03664313725490196,Handwriting,4,5,14.0,10,130,KNNOR-official-raw (randmx=1),0.218,1.2593560073225483,64.0,3.0,152.0,4.07019941580325,0.4585780336375683,0.20495412295482252,0.8666666666666667,1.0
0.12244897959183673,0.263643857012709,0.533024984870753,0.8430592778306101,0.04430375163398693,0.044082352941176475,Handwriting,4,5,14.0,10,130,hybrid GPF-nbrs/raw-walk (M raw-calibrated),0.218,1.2593560073225483,64.0,3.0,152.0,7.1865097431063205,0.49537445397627805,0.5623520884481277,0.22569444444444445,1.4
0.3018867924528302,0.5919646763407552,0.6569263133627272,0.8388519062851215,0.05518091503267974,0.040203921568627454,Handwriting,4,10,14.0,10,130,none (raw-flat RF),0.218,1.25935600732255,,,,,,,,
0.0,0.0,0.49814126394052044,0.8337655975332123,0.04306865359477125,0.017749019607843138,Handwriting,4,10,14.0,10,130,none,0.218,1.25935600732255,64.0,3.0,152.0,,,,,
0.23529411764705882,0.4267637709736746,0.5824904181435693,0.8618627705253451,0.048298928104575166,0.0571764705882353,Handwriting,4,10,14.0,10,130,SMOTE-raw,0.218,1.25935600732255,64.0,3.0,152.0,1.295849707481139,0.1282261958373292,0.5465308553860123,,
0.16,0.30442970363295746,0.5446528918474972,0.8777845018875536,0.041410196078431376,0.03367058823529412,Handwriting,4,10,14.0,10,130,chain-mean-GPF (PSSTO-style),0.218,1.25935600732255,64.0,3.0,152.0,1.8379302370495232,0.22972844878489546,0.35925258947471733,,
0.18518518518518517,0.3397271572419313,0.5544220627647618,0.8695426644765281,0.04195098039215686,0.03065882352941176,Handwriting,4,10,14.0,10,130,KNNOR-GPF (M=1),0.218,1.25935600732255,64.0,3.0,152.0,2.9616235165938303,0.45133694120592815,0.1424286207896765,0.4482758620689655,1.0
0.17543859649122806,0.3390903672589432,0.5525633267052823,0.8716463502492724,0.045207934640522876,0.0457450980392157,Handwriting,4,10,14.0,10,130,KNNOR-GPF (M calibrated),0.218,1.25935600732255,64.0,3.0,152.0,2.552532993967805,0.32002654800183866,0.26067277114528176,0.4180064308681672,1.7999999999999998
0.03636363636363636,0.15145567076511351,0.5048125414253192,0.8379153338520504,0.04829992156862745,0.05404705882352941,Handwriting,4,10,14.0,10,130,hybrid GPF-nbrs/raw-walk (M calibrated),0.218,1.25935600732255,64.0,3.0,152.0,10.175144912049191,0.4637004653795045,1.7992976682142554,0.3385416666666667,1.7999999999999998
0.0851063829787234,0.21539813707104266,0.522016656580502,0.8600760784991788,0.04153309803921569,0.030564705882352928,Handwriting,4,10,14.0,10,130,KNNOR-official-GPF (randmx=1),0.218,1.25935600732255,64.0,3.0,152.0,3.4551114897170514,0.5618724183551496,0.08722750031153964,0.35714285714285715,1.0
0.16,0.30442970363295746,0.5446528918474972,0.8603930722457566,0.0422644183006536,0.040752941176470596,Handwriting,4,10,14.0,10,130,KNNOR-official-GPF (randmx=M*),0.218,1.25935600732255,64.0,3.0,152.0,2.9239085023296063,0.3413445004035923,0.49364257411766205,0.2631578947368421,1.7999999999999998
0.08888888888888889,0.21566554640687682,0.5232558139534884,0.8640385003314025,0.04178274509803921,0.035262745098039214,Handwriting,4,10,14.0,10,130,KNNOR-official-raw (randmx=1),0.218,1.25935600732255,64.0,3.0,152.0,4.020676590773249,0.444677545247665,0.20760563763536086,0.8783783783783784,1.0
0.0425531914893617,0.15221485181647873,0.5097691709172646,0.8479294544825797,0.04437315032679739,0.039968627450980385,Handwriting,4,10,14.0,10,130,hybrid GPF-nbrs/raw-walk (M raw-calibrated),0.218,1.25935600732255,64.0,3.0,152.0,7.238510424835539,0.5351387760979214,0.4106137636363337,0.22569444444444445,1.4
0.2777777777777778,0.47653204824343504,0.6045070747240714,0.8276562635082563,0.04723990849673203,0.0294,Handwriting,4,20,20.0,7,133,none (raw-flat RF),0.218,1.2337005300109638,,,,,,,,
0.0,0.0,0.4993804213135068,0.8634909656782225,0.040731856209150326,0.008780392156862745,Handwriting,4,20,20.0,7,133,none,0.218,1.2337005300109638,64.0,3.0,152.0,,,,,
0.3050847457627119,0.4555072073435323,0.6003141119852454,0.8997291144347426,0.03962028758169934,0.05388235294117646,Handwriting,4,20,20.0,7,133,SMOTE-raw,0.218,1.2337005300109638,64.0,3.0,152.0,1.3645410762788241,0.1405816342061409,0.4243419741279548,,
0.044444444444444446,0.1524040561801526,0.511008328290251,0.8847151378922797,0.03994784313725491,0.03686274509803922,Handwriting,4,20,20.0,7,133,chain-mean-GPF (PSSTO-style),0.218,1.2337005300109638,64.0,3.0,152.0,1.8716786183870138,0.25993747775322246,0.2900699786069435,,
0.13043478260869565,0.26413527189768715,0.5348837209302325,0.8750036022016656,0.03888888888888889,0.023058823529411757,Handwriting,4,20,20.0,7,133,KNNOR-GPF (M=1),0.218,1.2337005300109638,64.0,3.0,152.0,3.8542748147857964,0.6291326172488231,0.05157601147781727,0.051351351351351354,1.0
0.2,0.34057435845082235,0.5569003775107346,0.9032880896804127,0.0382258431372549,0.034662745098039224,Handwriting,4,20,20.0,7,133,KNNOR-GPF (M calibrated),0.218,1.2337005300109638,64.0,3.0,152.0,3.125606665737317,0.3932613279573633,0.1639143865633272,0.04907749077490775,1.7999999999999998
0.16,0.30442970363295746,0.5446528918474972,0.8591539148727703,0.04387120261437909,0.029454901960784315,Handwriting,4,20,20.0,7,133,hybrid GPF-nbrs/raw-walk (M calibrated),0.218,1.2337005300109638,64.0,3.0,152.0,9.608581779047485,0.27571497166475456,4.494821246526355,0.048328488372093026,1.7999999999999998
0.044444444444444446,0.1524040561801526,0.511008328290251,0.8718624823492119,0.04013290196078431,0.020639215686274505,Handwriting,4,20,20.0,7,133,KNNOR-official-GPF (randmx=1),0.218,1.2337005300109638,64.0,3.0,152.0,9.929390027138103,0.7903573853326024,0.008040163089112954,0.2823779193205945,1.0
0.044444444444444446,0.1524040561801526,0.511008328290251,0.8555373044004496,0.041006549019607846,0.01772156862745098,Handwriting,4,20,20.0,7,133,KNNOR-official-GPF (randmx=M*),0.218,1.2337005300109638,64.0,3.0,152.0,10.128943489098495,0.8045287283222773,0.0015502285669383884,0.2817796610169492,1.7999999999999998
0.1276595744680851,0.2639715685836058,0.5342641422437393,0.8921788997435232,0.03841049673202615,0.03448235294117647,Handwriting,4,20,20.0,7,133,KNNOR-official-raw (randmx=1),0.218,1.2337005300109638,64.0,3.0,152.0,3.868550875996858,0.38482129858865133,0.32001615005592615,0.7388888888888889,1.0
0.1702127659574468,0.30499714066520933,0.5465116279069767,0.8813434771332239,0.038651032679738566,0.025513725490196086,Handwriting,4,20,20.0,7,133,hybrid GPF-nbrs/raw-walk (M raw-calibrated),0.218,1.2337005300109638,64.0,3.0,152.0,5.511431353247973,0.3976940626469628,0.6745893858355494,0.048328488372093026,1.6
0.0,0.0,0.5,0.5314393939393939,0.28073573573573574,0.2001801801801802,HandMovementDirection,0,5,5.0,24,96,none (raw-flat RF),0.243,1.5056436341727455,,,,,,,,
0.0,0.0,0.5,0.42424242424242425,0.3079975975975976,0.24324324324324328,HandMovementDirection,0,5,5.0,24,96,none,0.243,1.5056436341727455,64.0,10.0,400.0,,,,,
0.17142857142857143,0.30895719032666236,0.5272727272727273,0.496969696969697,0.28133783783783783,0.18,HandMovementDirection,0,5,5.0,24,96,SMOTE-raw,0.243,1.5056436341727455,64.0,10.0,400.0,4.224201673833933,0.2850975857280761,0.5855520422997217,,
0.2857142857142857,0.408248290463863,0.5833333333333334,0.5193181818181819,0.27070750750750755,0.25387387387387383,HandMovementDirection,0,5,5.0,24,96,chain-mean-GPF (PSSTO-style),0.243,1.5056436341727455,64.0,10.0,400.0,2.1197362876425903,0.21138552016663886,0.4279957122264212,,
0.06451612903225806,0.18257418583505536,0.5166666666666667,0.5208333333333334,0.27615315315315314,0.1834234234234234,HandMovementDirection,0,5,5.0,24,96,KNNOR-GPF (M=1),0.243,1.5056436341727455,64.0,10.0,400.0,2.90605726903528,0.2947178902390807,0.33495482659097925,0.8421052631578947,1.0
0.23529411764705882,0.3651483716701107,0.5666666666666667,0.5458333333333333,0.2670552552552552,0.19441441441441443,HandMovementDirection,0,5,5.0,24,96,KNNOR-GPF (M calibrated),0.243,1.5056436341727455,64.0,10.0,400.0,2.5425359287103166,0.20202092759302304,0.5507171258354342,0.7933884297520661,1.5999999999999999
0.17142857142857143,0.30895719032666236,0.5272727272727273,0.44734848484848483,0.2859364864864865,0.18770270270270273,HandMovementDirection,0,5,5.0,24,96,hybrid GPF-nbrs/raw-walk (M calibrated),0.243,1.5056436341727455,64.0,10.0,400.0,5.325957695061591,0.34839160893280186,0.8630265889161025,0.5,1.5999999999999999
0.06451612903225806,0.18257418583505536,0.5166666666666667,0.5068181818181818,0.2751324324324324,0.17594594594594593,HandMovementDirection,0,5,5.0,24,96,KNNOR-official-GPF (randmx=1),0.243,1.5056436341727455,64.0,10.0,400.0,3.205320247739932,0.326678782984056,0.3060172160408808,0.7058823529411765,1.0
0.125,0.2581988897471611,0.5333333333333333,0.5136363636363637,0.2716722222222222,0.18085585585585587,HandMovementDirection,0,5,5.0,24,96,KNNOR-official-GPF (randmx=M*),0.243,1.5056436341727455,64.0,10.0,400.0,3.0150550367737114,0.26100685014214786,0.48042025575240394,0.6713286713286714,1.5999999999999999
0.11764705882352941,0.2522624895547565,0.5106060606060606,0.4446969696969697,0.2907782282282282,0.2314864864864865,HandMovementDirection,0,5,5.0,24,96,hybrid GPF-nbrs/raw-walk (M raw-calibrated),0.243,1.5056436341727455,64.0,10.0,400.0,6.396832343719209,0.39575647770945543,0.6671218058838613,0.75,1.2
0.0,0.0,0.5,0.5693181818181818,0.3177752252252253,0.2900450450450451,HandMovementDirection,0,10,10.0,12,108,none (raw-flat RF),0.243,3.0429980289958234,,,,,,,,
0.0,0.0,0.5,0.471969696969697,0.35258123123123125,0.35968468468468473,HandMovementDirection,0,10,10.0,12,108,none,0.243,3.0429980289958234,64.0,10.0,400.0,,,,,
0.05714285714285714,0.17407765595569782,0.4712121212121212,0.5950757575757576,0.29791936936936936,0.2682432432432432,HandMovementDirection,0,10,10.0,12,108,SMOTE-raw,0.243,3.0429980289958234,64.0,10.0,400.0,3.9678659005262187,0.25069903111612213,0.5629596267939421,,
0.0,0.0,0.48863636363636365,0.44583333333333336,0.33521411411411406,0.32549549549549556,HandMovementDirection,0,10,10.0,12,108,chain-mean-GPF (PSSTO-style),0.243,3.0429980289958234,64.0,10.0,400.0,3.294290255130612,0.23631620106440054,0.4229023071129564,,
0.0,0.0,0.5,0.5064393939393939,0.32684579579579576,0.3192342342342343,HandMovementDirection,0,10,10.0,12,108,KNNOR-GPF (M=1),0.243,3.0429980289958234,64.0,10.0,400.0,5.004078977687827,0.5237545825136377,0.09899186182458758,0.43548387096774194,1.0
0.0,0.0,0.48863636363636365,0.4909090909090909,0.3192524024024024,0.2811261261261261,HandMovementDirection,0,10,10.0,12,108,KNNOR-GPF (M calibrated),0.243,3.0429980289958234,64.0,10.0,400.0,4.044070901635536,0.2948448181366161,0.3972463521273206,0.3898916967509025,2.0
0.0,0.0,0.4659090909090909,0.4431818181818182,0.34398048048048047,0.32252252252252245,HandMovementDirection,0,10,10.0,12,108,hybrid GPF-nbrs/raw-walk (M calibrated),0.243,3.0429980289958234,64.0,10.0,400.0,20.440572178211042,0.4018152419139416,7.221147542162154,0.12980769230769232,2.0
0.0,0.0,0.5,0.4962121212121212,0.32583333333333336,0.29657657657657654,HandMovementDirection,0,10,10.0,12,108,KNNOR-official-GPF (randmx=1),0.243,3.0429980289958234,64.0,10.0,400.0,5.493117439437091,0.4634537450522047,0.17691584648787798,0.3985239852398524,1.0
0.0,0.0,0.5,0.47537878787878785,0.3283776276276276,0.2978828828828829,HandMovementDirection,0,10,10.0,12,108,KNNOR-official-GPF (randmx=M*),0.243,3.0429980289958234,64.0,10.0,400.0,6.022115587229168,0.42627765663481254,0.304585205840908,0.3302752293577982,2.0
0.0,0.0,0.48863636363636365,0.47348484848484845,0.3393878378378378,0.3607657657657657,HandMovementDirection,0,10,10.0,12,108,hybrid GPF-nbrs/raw-walk (M raw-calibrated),0.243,3.0429980289958234,64.0,10.0,400.0,5.92972282390871,0.3277986049134929,1.0969125866016283,0.07336956521739131,1.4
0.0,0.0,0.5,0.6132575757575758,0.34802417417417414,0.3398648648648649,HandMovementDirection,0,20,20.0,6,114,none (raw-flat RF),0.243,6.675627235999537,,,,,,,,
0.0,0.0,0.5,0.35833333333333334,0.37944744744744746,0.3177477477477478,HandMovementDirection,0,20,20.0,6,114,none,0.243,6.675627235999537,64.0,10.0,400.0,,,,,
0.0,0.0,0.5,0.4318181818181818,0.34931081081081083,0.324054054054054,HandMovementDirection,0,20,20.0,6,114,SMOTE-raw,0.243,6.675627235999537,64.0,10.0,400.0,4.18639734556027,0.26294222934652134,0.550173274795535,,
0.0,0.0,0.5,0.40265151515151515,0.35485810810810814,0.3210360360360361,HandMovementDirection,0,20,20.0,6,114,chain-mean-GPF (PSSTO-style),0.243,6.675627235999537,64.0,10.0,400.0,7.761983381578,0.5217243445040518,0.25503295311024493,,
0.0,0.0,0.5,0.39886363636363636,0.3613127627627628,0.3280630630630631,HandMovementDirection,0,20,20.0,6,114,KNNOR-GPF (M=1),0.243,6.675627235999537,64.0,10.0,400.0,9.760908912504776,0.6093366576494678,0.13203999211960954,0.4634146341463415,1.0
0.0,0.0,0.5,0.38863636363636367,0.35988963963963966,0.3228378378378378,HandMovementDirection,0,20,20.0,6,114,KNNOR-GPF (M calibrated),0.243,6.675627235999537,64.0,10.0,400.0,9.713270698339949,0.5970261900912822,0.27060681353730953,0.4691358024691358,1.5999999999999999
0.0,0.0,0.5,0.3670454545454545,0.37902732732732736,0.3462162162162162,HandMovementDirection,0,20,20.0,6,114,hybrid GPF-nbrs/raw-walk (M calibrated),0.243,6.675627235999537,64.0,10.0,400.0,26.17354565210671,0.6620917870773461,3.360891565648429,0.178125,1.5999999999999999
0.0,0.0,0.5,0.34734848484848485,0.37450645645645647,0.30382882882882883,HandMovementDirection,0,20,20.0,6,114,KNNOR-official-GPF (randmx=1),0.243,6.675627235999537,64.0,10.0,400.0,10.045289861815002,0.6462575303184912,0.18154311892939878,0.4351145038167939,1.0
0.0,0.0,0.5,0.3359848484848485,0.3719133633633634,0.3021171171171171,HandMovementDirection,0,20,20.0,6,114,KNNOR-official-GPF (randmx=M*),0.243,6.675627235999537,64.0,10.0,400.0,9.802198407776585,0.6184914321429429,0.2979538090901499,0.42696629213483145,1.5999999999999999
0.0,0.0,0.5,0.34015151515151515,0.3790948948948949,0.3108108108108108,HandMovementDirection,0,20,20.0,6,114,hybrid GPF-nbrs/raw-walk (M raw-calibrated),0.243,6.675627235999537,64.0,10.0,400.0,11.994250437526473,0.5645084242548865,1.0221943572916523,0.09375,1.2
0.0,0.0,0.5,0.468560606060606,0.29261816816816816,0.22427927927927932,HandMovementDirection,1,5,5.0,24,96,none (raw-flat RF),0.243,2.4756214025111536,,,,,,,,
0.058823529411764705,0.17624019422539816,0.48257575757575755,0.4818181818181818,0.3310521021021021,0.3056306306306306,HandMovementDirection,1,5,5.0,24,96,none,0.243,2.4756214025111536,64.0,10.0,400.0,,,,,
0.3333333333333333,0.4547726704829368,0.5598484848484848,0.5685606060606061,0.2545015015015015,0.15189189189189187,HandMovementDirection,1,5,5.0,24,96,SMOTE-raw,0.243,2.4756214025111536,64.0,10.0,400.0,1.2104621556944846,0.1016583776346488,0.5317067606913236,,
0.15789473684210525,0.29771859806932394,0.49318181818181817,0.5268939393939394,0.2926722222222222,0.21788288288288288,HandMovementDirection,1,5,5.0,24,96,chain-mean-GPF (PSSTO-style),0.243,2.4756214025111536,64.0,10.0,400.0,2.658611210111017,0.178956013361382,0.5032292982327351,,
0.16216216216216217,0.30151134457776363,0.5045454545454545,0.5083333333333333,0.297563963963964,0.2241441441441442,HandMovementDirection,1,5,5.0,24,96,KNNOR-GPF (M=1),0.243,2.4756214025111536,64.0,10.0,400.0,3.45324323862234,0.2857635192190089,0.30410959046755537,0.5853658536585366,1.0
0.15384615384615385,0.29387690682262935,0.4818181818181818,0.46931818181818175,0.3132501501501501,0.24666666666666667,HandMovementDirection,1,5,5.0,24,96,KNNOR-GPF (M calibrated),0.243,2.4756214025111536,64.0,10.0,400.0,3.6642153794294625,0.2667709892586093,0.42073052984624143,0.43243243243243246,1.5999999999999999
0.15384615384615385,0.29387690682262935,0.4818181818181818,0.4803030303030303,0.3118906906906907,0.2898198198198198,HandMovementDirection,1,5,5.0,24,96,hybrid GPF-nbrs/raw-walk (M calibrated),0.243,2.4756214025111536,64.0,10.0,400.0,7.38265805033072,0.28262642724477904,2.586815692519904,0.3,1.5999999999999999
0.11428571428571428,0.2492412729088265,0.4992424242424242,0.47878787878787876,0.31267342342342336,0.27689189189189195,HandMovementDirection,1,5,5.0,24,96,KNNOR-official-GPF (randmx=1),0.243,2.4756214025111536,64.0,10.0,400.0,4.762249793208886,0.33033626050305465,0.3925533079304828,0.37065637065637064,1.0
0.1111111111111111,0.24618298195866545,0.48787878787878786,0.48977272727272725,0.30994564564564564,0.25432432432432434,HandMovementDirection,1,5,5.0,24,96,KNNOR-official-GPF (randmx=M*),0.243,2.4756214025111536,64.0,10.0,400.0,5.012913879376258,0.33598341709730384,0.4742065230753608,0.34657039711191334,1.5999999999999999
0.15789473684210525,0.29771859806932394,0.49318181818181817,0.5022727272727272,0.3021854354354354,0.278963963963964,HandMovementDirection,1,5,5.0,24,96,hybrid GPF-nbrs/raw-walk (M raw-calibrated),0.243,2.4756214025111536,64.0,10.0,400.0,4.750556514436131,0.22645905692745172,1.4646421717592333,0.25,1.4
0.0,0.0,0.5,0.5890151515151516,0.3123258258258258,0.28630630630630627,HandMovementDirection,1,10,10.0,12,108,none (raw-flat RF),0.243,3.465311185328252,,,,,,,,
0.0,0.0,0.5,0.41098484848484845,0.35363093093093095,0.33072072072072073,HandMovementDirection,1,10,10.0,12,108,none,0.243,3.465311185328252,64.0,10.0,400.0,,,,,
0.0,0.0,0.5,0.4075757575757576,0.3311388888888889,0.2477927927927928,HandMovementDirection,1,10,10.0,12,108,SMOTE-raw,0.243,3.465311185328252,64.0,10.0,400.0,4.78587107614462,0.3266604685079451,0.5841024125113151,,
0.0,0.0,0.48863636363636365,0.45795454545454545,0.3264042042042042,0.26441441441441443,HandMovementDirection,1,10,10.0,12,108,chain-mean-GPF (PSSTO-style),0.243,3.465311185328252,64.0,10.0,400.0,4.322242641992556,0.35775637466339943,0.38406916626239473,,
0.0,0.0,0.5,0.4681818181818182,0.32563723723723725,0.2709009009009009,HandMovementDirection,1,10,10.0,12,108,KNNOR-GPF (M=1),0.243,3.465311185328252,64.0,10.0,400.0,5.160734185308808,0.487456648584056,0.1952942163562736,0.7448275862068966,1.0
0.0625,0.18048755518250442,0.5053030303030304,0.468939393939394,0.31611666666666666,0.24103603603603602,HandMovementDirection,1,10,10.0,12,108,KNNOR-GPF (M calibrated),0.243,3.465311185328252,64.0,10.0,400.0,4.597282090379297,0.35848510770495373,0.43185184239445473,0.6101694915254238,1.7999999999999998
0.058823529411764705,0.17624019422539816,0.48257575757575755,0.46931818181818186,0.32174519519519523,0.3028378378378379,HandMovementDirection,1,10,10.0,12,108,hybrid GPF-nbrs/raw-walk (M calibrated),0.243,3.465311185328252,64.0,10.0,400.0,4.852112717955533,0.2636551273928751,2.0960893898051323,0.3375,1.7999999999999998
0.0,0.0,0.5,0.4602272727272727,0.32790840840840846,0.2713513513513514,HandMovementDirection,1,10,10.0,12,108,KNNOR-official-GPF (randmx=1),0.243,3.465311185328252,64.0,10.0,400.0,5.422382281382273,0.5162891777750536,0.19032124371312342,0.7941176470588235,1.0
0.06451612903225806,0.18257418583505536,0.5166666666666667,0.4833333333333333,0.3212953453453453,0.2794144144144144,HandMovementDirection,1,10,10.0,12,108,KNNOR-official-GPF (randmx=M*),0.243,3.465311185328252,64.0,10.0,400.0,5.45345581313428,0.5152589649160264,0.2662735732778451,0.6585365853658537,1.7999999999999998
0.0625,0.18048755518250442,0.5053030303030304,0.4662878787878788,0.32576351351351346,0.27545045045045047,HandMovementDirection,1,10,10.0,12,108,hybrid GPF-nbrs/raw-walk (M raw-calibrated),0.243,3.465311185328252,64.0,10.0,400.0,5.292247182052126,0.3668056273422798,0.6479170661669186,0.3375,1.4
0.0,0.0,0.5,0.5166666666666667,0.3504475975975976,0.34121621621621623,HandMovementDirection,1,20,20.0,6,114,none (raw-flat RF),0.243,6.061121317148707,,,,,,,,
0.0,0.0,0.5,0.42840909090909085,0.3730187687687687,0.31463963963963965,HandMovementDirection,1,20,20.0,6,114,none,0.243,6.061121317148707,64.0,10.0,400.0,,,,,
0.0,0.0,0.48863636363636365,0.49166666666666664,0.35739789789789794,0.31621621621621626,HandMovementDirection,1,20,20.0,6,114,SMOTE-raw,0.243,6.061121317148707,64.0,10.0,400.0,8.237088011660717,0.4742205669521378,0.6172872658471487,,
0.0,0.0,0.5,0.49242424242424243,0.3649753753753754,0.3427027027027027,HandMovementDirection,1,20,20.0,6,114,chain-mean-GPF (PSSTO-style),0.243,6.061121317148707,64.0,10.0,400.0,7.25161539136699,0.5544720108847969,0.25543450968893766,,
0.0,0.0,0.5,0.4015151515151515,0.368722972972973,0.3513963963963964,HandMovementDirection,1,20,20.0,6,114,KNNOR-GPF (M=1),0.243,6.061121317148707,64.0,10.0,400.0,8.090827279757814,0.5945810974041011,0.16141269479398357,0.6951219512195121,1.0
0.0,0.0,0.5,0.4268939393939394,0.3634147147147147,0.34774774774774775,HandMovementDirection,1,20,20.0,6,114,KNNOR-GPF (M calibrated),0.243,6.061121317148707,64.0,10.0,400.0,7.469076977413163,0.5373340923581158,0.312900933590781,0.5066666666666667,1.5999999999999999
0.0,0.0,0.5,0.4772727272727273,0.35189024024024024,0.3244594594594594,HandMovementDirection,1,20,20.0,6,114,hybrid GPF-nbrs/raw-walk (M calibrated),0.243,6.061121317148707,64.0,10.0,400.0,7.353377492580158,0.3944292290579464,1.3073673297913826,0.12723214285714285,1.5999999999999999
0.0,0.0,0.5,0.4416666666666667,0.3651039039039039,0.3455855855855856,HandMovementDirection,1,20,20.0,6,114,KNNOR-official-GPF (randmx=1),0.243,6.061121317148707,64.0,10.0,400.0,8.576468645676378,0.6450415594379952,0.12689502713455827,0.6627906976744186,1.0
0.0,0.0,0.5,0.44696969696969696,0.3622960960960961,0.3558558558558559,HandMovementDirection,1,20,20.0,6,114,KNNOR-official-GPF (randmx=M*),0.243,6.061121317148707,64.0,10.0,400.0,8.60946248052485,0.6465394782678658,0.13075524261366592,0.5968586387434555,1.5999999999999999
0.0,0.0,0.5,0.4318181818181818,0.3559087087087087,0.32981981981981984,HandMovementDirection,1,20,20.0,6,114,hybrid GPF-nbrs/raw-walk (M raw-calibrated),0.243,6.061121317148707,64.0,10.0,400.0,9.057735547429083,0.5427472169382244,0.6090119906362508,0.06850961538461539,1.2
0.0,0.0,0.5,0.6193181818181819,0.27148678678678684,0.21027027027027023,HandMovementDirection,2,5,5.0,24,96,none (raw-flat RF),0.243,2.025915345949725,,,,,,,,
0.0,0.0,0.48863636363636365,0.4132575757575758,0.3226708708708708,0.260990990990991,HandMovementDirection,2,5,5.0,24,96,none,0.243,2.025915345949725,64.0,10.0,400.0,,,,,
0.22857142857142856,0.36097511036500884,0.5553030303030303,0.49053030303030304,0.27362732732732736,0.17756756756756756,HandMovementDirection,2,5,5.0,24,96,SMOTE-raw,0.243,2.025915345949725,64.0,10.0,400.0,2.002439744132941,0.1571501809537258,0.5560769895092424,,
0.06451612903225806,0.18257418583505536,0.5166666666666667,0.5007575757575757,0.2827545045045044,0.17184684684684687,HandMovementDirection,2,5,5.0,24,96,chain-mean-GPF (PSSTO-style),0.243,2.025915345949725,64.0,10.0,400.0,2.276875874607372,0.18663493125470876,0.4720996428852125,,
0.12121212121212122,0.25524794837866016,0.521969696969697,0.5022727272727272,0.28470540540540534,0.25585585585585585,HandMovementDirection,2,5,5.0,24,96,KNNOR-GPF (M=1),0.243,2.025915345949725,64.0,10.0,400.0,2.906482155393137,0.2589030761002928,0.3564009152858988,0.8067226890756303,1.0
0.11764705882352941,0.2522624895547565,0.5106060606060606,0.4984848484848484,0.27869219219219216,0.20108108108108108,HandMovementDirection,2,5,5.0,24,96,KNNOR-GPF (M calibrated),0.243,2.025915345949725,64.0,10.0,400.0,2.8495527883922147,0.20521231327111422,0.5611851370948341,0.6442953020134228,1.5999999999999999
0.2222222222222222,0.35675303400633784,0.543939393939394,0.4628787878787879,0.28795,0.27346846846846845,HandMovementDirection,2,5,5.0,24,96,hybrid GPF-nbrs/raw-walk (M calibrated),0.243,2.025915345949725,64.0,10.0,400.0,3.9262412966021945,0.1713284153041299,2.1185127035151354,0.5,1.5999999999999999
0.0625,0.18048755518250442,0.5053030303030304,0.49242424242424243,0.2870539039039039,0.22400900900900902,HandMovementDirection,2,5,5.0,24,96,KNNOR-official-GPF (randmx=1),0.243,2.025915345949725,64.0,10.0,400.0,2.8199783925863517,0.3012212184086301,0.266495585911557,0.6620689655172414,1.0
0.0625,0.18048755518250442,0.5053030303030304,0.46704545454545454,0.29346096096096097,0.21603603603603608,HandMovementDirection,2,5,5.0,24,96,KNNOR-official-GPF (randmx=M*),0.243,2.025915345949725,64.0,10.0,400.0,2.784633606372582,0.27148599704088067,0.3457907230178264,0.5748502994011976,1.5999999999999999
0.3076923076923077,0.43169854802122787,0.5659090909090909,0.4712121212121213,0.28147942942942944,0.23959459459459456,HandMovementDirection,2,5,5.0,24,96,hybrid GPF-nbrs/raw-walk (M raw-calibrated),0.243,2.025915345949725,64.0,10.0,400.0,2.5756176625204947,0.13937498207774435,1.306229306563404,0.375,1.4
0.0,0.0,0.5,0.5136363636363637,0.32645840840840834,0.2947297297297297,HandMovementDirection,2,10,10.0,12,108,none (raw-flat RF),0.243,3.4697581234442403,,,,,,,,
0.0,0.0,0.5,0.48522727272727273,0.35317837837837834,0.3322522522522523,HandMovementDirection,2,10,10.0,12,108,none,0.243,3.4697581234442403,64.0,10.0,400.0,,,,,
0.11764705882352941,0.2522624895547565,0.5106060606060606,0.5155303030303031,0.31434339339339334,0.26716216216216215,HandMovementDirection,2,10,10.0,12,108,SMOTE-raw,0.243,3.4697581234442403,64.0,10.0,400.0,2.5512019115680182,0.17970790622163169,0.609434456702092,,
0.0,0.0,0.48863636363636365,0.4193181818181818,0.34117237237237236,0.2957657657657658,HandMovementDirection,2,10,10.0,12,108,chain-mean-GPF (PSSTO-style),0.243,3.4697581234442403,64.0,10.0,400.0,4.087934374036182,0.31659168389389714,0.39719565744847374,,
0.06451612903225806,0.18257418583505536,0.5166666666666667,0.4613636363636363,0.33589039039039037,0.3167567567567568,HandMovementDirection,2,10,10.0,12,108,KNNOR-GPF (M=1),0.243,3.4697581234442403,64.0,10.0,400.0,6.7241546960957574,0.5151434836873419,0.24538069794370096,0.453781512605042,1.0
0.0625,0.18048755518250442,0.5053030303030304,0.43712121212121213,0.3358827327327328,0.3049099099099099,HandMovementDirection,2,10,10.0,12,108,KNNOR-GPF (M calibrated),0.243,3.4697581234442403,64.0,10.0,400.0,6.750460597285736,0.44667017974767736,0.4390168434682471,0.3564356435643564,1.5999999999999999
0.0625,0.18048755518250442,0.5053030303030304,0.48901515151515157,0.33795555555555556,0.31702702702702695,HandMovementDirection,2,10,10.0,12,108,hybrid GPF-nbrs/raw-walk (M calibrated),0.243,3.4697581234442403,64.0,10.0,400.0,15.791354636690697,0.47541483379524296,3.5443491891812666,0.28125,1.5999999999999999
0.06451612903225806,0.18257418583505536,0.5166666666666667,0.4727272727272727,0.3410072072072072,0.31882882882882885,HandMovementDirection,2,10,10.0,12,108,KNNOR-official-GPF (randmx=1),0.243,3.4697581234442403,64.0,10.0,400.0,6.899630286658022,0.5056890431772739,0.2839960655414568,0.4675324675324675,1.0
0.0625,0.18048755518250442,0.5053030303030304,0.46553030303030307,0.34154894894894894,0.30729729729729727,HandMovementDirection,2,10,10.0,12,108,KNNOR-official-GPF (randmx=M*),0.243,3.4697581234442403,64.0,10.0,400.0,6.90756507148715,0.4895523621026153,0.3433997645597241,0.4122137404580153,1.5999999999999999
0.06451612903225806,0.18257418583505536,0.5166666666666667,0.4723484848484849,0.3377687687687688,0.3125225225225225,HandMovementDirection,2,10,10.0,12,108,hybrid GPF-nbrs/raw-walk (M raw-calibrated),0.243,3.4697581234442403,64.0,10.0,400.0,8.169716847799966,0.4165338986592301,1.0910911907821428,0.12053571428571429,1.2
0.0,0.0,0.5,0.4314393939393939,0.36313738738738743,0.34067567567567575,HandMovementDirection,2,20,20.0,6,114,none (raw-flat RF),0.243,7.122077130384637,,,,,,,,
0.0,0.0,0.5,0.390530303030303,0.3873316816816817,0.27004504504504506,HandMovementDirection,2,20,20.0,6,114,none,0.243,7.122077130384637,64.0,10.0,400.0,,,,,
0.06451612903225806,0.18257418583505536,0.5166666666666667,0.43219696969696975,0.3420235735735736,0.31184684684684677,HandMovementDirection,2,20,20.0,6,114,SMOTE-raw,0.243,7.122077130384637,64.0,10.0,400.0,4.294998027539419,0.2897390536546227,0.52753259175794,,
0.0,0.0,0.5,0.38257575757575757,0.37176321321321326,0.325,HandMovementDirection,2,20,20.0,6,114,chain-mean-GPF (PSSTO-style),0.243,7.122077130384637,64.0,10.0,400.0,8.259650881148405,0.5831189744747118,0.26071322157530036,,
0.0,0.0,0.5,0.38522727272727275,0.370460960960961,0.3375675675675676,HandMovementDirection,2,20,20.0,6,114,KNNOR-GPF (M=1),0.243,7.122077130384637,64.0,10.0,400.0,10.703132178303685,0.6625999195801904,0.1735232303422468,0.926829268292683,1.0
0.0,0.0,0.5,0.3931818181818182,0.368496996996997,0.30486486486486486,HandMovementDirection,2,20,20.0,6,114,KNNOR-GPF (M calibrated),0.243,7.122077130384637,64.0,10.0,400.0,10.58832885849523,0.6513647269935106,0.2569772546763872,0.8976377952755905,1.4
0.0,0.0,0.5,0.35643939393939394,0.3764963963963964,0.27738738738738733,HandMovementDirection,2,20,20.0,6,114,hybrid GPF-nbrs/raw-walk (M calibrated),0.243,7.122077130384637,64.0,10.0,400.0,12.730272962582733,0.658848299006071,0.7486080529767171,0.111328125,1.4
0.0,0.0,0.5,0.3969696969696969,0.36846771771771775,0.3334684684684685,HandMovementDirection,2,20,20.0,6,114,KNNOR-official-GPF (randmx=1),0.243,7.122077130384637,64.0,10.0,400.0,11.13343724463533,0.6959464903726715,0.2318701701192578,0.926829268292683,1.0
0.0,0.0,0.5,0.39886363636363636,0.3710384384384385,0.32513513513513514,HandMovementDirection,2,20,20.0,6,114,KNNOR-official-GPF (randmx=M*),0.243,7.122077130384637,64.0,10.0,400.0,11.974384851044908,0.6755806559082913,0.36822860792225237,0.8702290076335878,1.4
0.0,0.0,0.5,0.3723484848484848,0.37710090090090087,0.2726126126126126,HandMovementDirection,2,20,20.0,6,114,hybrid GPF-nbrs/raw-walk (M raw-calibrated),0.243,7.122077130384637,64.0,10.0,400.0,13.785162535762188,0.7687416776701526,0.2810163060271782,0.0890625,1.2
0.0,0.0,0.5,0.5761363636363638,0.28071621621621623,0.20936936936936942,HandMovementDirection,3,5,5.0,24,96,none (raw-flat RF),0.243,2.6157614183963016,,,,,,,,
0.0625,0.18048755518250442,0.5053030303030304,0.45075757575757575,0.3241445945945946,0.273018018018018,HandMovementDirection,3,5,5.0,24,96,none,0.243,2.6157614183963016,64.0,10.0,400.0,,,,,
0.3,0.4264014327112209,0.5545454545454546,0.5079545454545454,0.2642418918918919,0.1567117117117117,HandMovementDirection,3,5,5.0,24,96,SMOTE-raw,0.243,2.6157614183963016,64.0,10.0,400.0,1.6002955269739019,0.10761920221131016,0.6364463392139897,,
0.17647058823529413,0.3126136157099891,0.5386363636363637,0.49204545454545456,0.3002794294294295,0.2824774774774775,HandMovementDirection,3,5,5.0,24,96,chain-mean-GPF (PSSTO-style),0.243,2.6157614183963016,64.0,10.0,400.0,3.379053711660122,0.24489257865544856,0.544252915434799,,
0.06060606060606061,0.17837651700316892,0.49393939393939396,0.48750000000000004,0.31013243243243244,0.2616216216216216,HandMovementDirection,3,5,5.0,24,96,KNNOR-GPF (M=1),0.243,2.6157614183963016,64.0,10.0,400.0,4.340180315551583,0.3827874719606631,0.29024691753908477,0.8067226890756303,1.0
0.17142857142857143,0.30895719032666236,0.5272727272727273,0.4575757575757576,0.3048896396396396,0.2486036036036036,HandMovementDirection,3,5,5.0,24,96,KNNOR-GPF (M calibrated),0.243,2.6157614183963016,64.0,10.0,400.0,3.8469534827375327,0.27235179010486343,0.5452962978537975,0.7384615384615385,1.7999999999999998
0.16216216216216217,0.30151134457776363,0.5045454545454545,0.4439393939393939,0.3111827327327327,0.28689189189189196,HandMovementDirection,3,5,5.0,24,96,hybrid GPF-nbrs/raw-walk (M calibrated),0.243,2.6157614183963016,64.0,10.0,400.0,16.393701469466876,0.3668853978069134,6.400768950367187,0.5,1.7999999999999998
0.0625,0.18048755518250442,0.5053030303030304,0.47954545454545455,0.30650210210210216,0.24954954954954958,HandMovementDirection,3,5,5.0,24,96,KNNOR-official-GPF (randmx=1),0.243,2.6157614183963016,64.0,10.0,400.0,4.858484354531569,0.45012406089172924,0.23130609455513693,0.6956521739130435,1.0
0.11428571428571428,0.2492412729088265,0.4992424242424242,0.4401515151515151,0.3140406906906907,0.24463963963963958,HandMovementDirection,3,5,5.0,24,96,KNNOR-official-GPF (randmx=M*),0.243,2.6157614183963016,64.0,10.0,400.0,4.657628411974782,0.39021104962039377,0.4568344906971576,0.6153846153846154,1.7999999999999998
0.11428571428571428,0.2492412729088265,0.4992424242424242,0.4636363636363636,0.304856006006006,0.23887387387387385,HandMovementDirection,3,5,5.0,24,96,hybrid GPF-nbrs/raw-walk (M raw-calibrated),0.243,2.6157614183963016,64.0,10.0,400.0,5.299629145224737,0.2689077503752224,1.0385793288963558,0.21428571428571427,1.2
0.0,0.0,0.5,0.5617424242424243,0.3139108108108108,0.27990990990990994,HandMovementDirection,3,10,10.0,12,108,none (raw-flat RF),0.243,3.513099396360648,,,,,,,,
0.0,0.0,0.5,0.4496212121212122,0.3475641141141141,0.3133783783783784,HandMovementDirection,3,10,10.0,12,108,none,0.243,3.513099396360648,64.0,10.0,400.0,,,,,
0.0,0.0,0.48863636363636365,0.47651515151515145,0.29975120120120113,0.21977477477477478,HandMovementDirection,3,10,10.0,12,108,SMOTE-raw,0.243,3.513099396360648,64.0,10.0,400.0,1.865781489969745,0.16787679101911934,0.4424621945341751,,
0.0625,0.18048755518250442,0.5053030303030304,0.4674242424242424,0.3278737237237237,0.28274774774774775,HandMovementDirection,3,10,10.0,12,108,chain-mean-GPF (PSSTO-style),0.243,3.513099396360648,64.0,10.0,400.0,3.555544322470455,0.24232977543695877,0.45427830485723514,,
0.0625,0.18048755518250442,0.5053030303030304,0.4409090909090909,0.3320992492492493,0.29166666666666663,HandMovementDirection,3,10,10.0,12,108,KNNOR-GPF (M=1),0.243,3.513099396360648,64.0,10.0,400.0,4.333880083703853,0.4174187048276712,0.20184817013391476,0.30857142857142855,1.0
0.12121212121212122,0.25524794837866016,0.521969696969697,0.46136363636363636,0.3251496996996997,0.2778828828828829,HandMovementDirection,3,10,10.0,12,108,KNNOR-GPF (M calibrated),0.243,3.513099396360648,64.0,10.0,400.0,3.7309428979288057,0.28871130284526464,0.36492769842565675,0.2363238512035011,1.5999999999999999
0.05714285714285714,0.17407765595569782,0.4712121212121212,0.46856060606060607,0.3306881381381382,0.28806306306306306,HandMovementDirection,3,10,10.0,12,108,hybrid GPF-nbrs/raw-walk (M calibrated),0.243,3.513099396360648,64.0,10.0,400.0,14.690468927183929,0.4496659337636172,3.555251867449892,0.16875,1.5999999999999999
0.0,0.0,0.5,0.4409090909090909,0.3420201201201201,0.2948648648648649,HandMovementDirection,3,10,10.0,12,108,KNNOR-official-GPF (randmx=1),0.243,3.513099396360648,64.0,10.0,400.0,6.168089354996763,0.5188213652930879,0.16930324560575702,0.4090909090909091,1.0
0.0,0.0,0.5,0.47651515151515156,0.34203498498498497,0.3005855855855856,HandMovementDirection,3,10,10.0,12,108,KNNOR-official-GPF (randmx=M*),0.243,3.513099396360648,64.0,10.0,400.0,17.751634187157062,0.8544979922050332,4.533291189639749e-30,0.4044943820224719,1.5999999999999999
0.058823529411764705,0.17624019422539816,0.48257575757575755,0.45151515151515154,0.32140555555555556,0.2964414414414415,HandMovementDirection,3,10,10.0,12,108,hybrid GPF-nbrs/raw-walk (M raw-calibrated),0.243,3.513099396360648,64.0,10.0,400.0,8.018147344446174,0.31438316659565124,1.9856769559149905,0.12053571428571429,1.4
0.0,0.0,0.5,0.5257575757575756,0.3502372372372372,0.3327027027027027,HandMovementDirection,3,20,20.0,6,114,none (raw-flat RF),0.243,5.474940102694381,,,,,,,,
0.0,0.0,0.5,0.42651515151515157,0.3736900900900901,0.34369369369369374,HandMovementDirection,3,20,20.0,6,114,none,0.243,5.474940102694381,64.0,10.0,400.0,,,,,
0.0,0.0,0.5,0.5034090909090909,0.33135810810810806,0.2976126126126126,HandMovementDirection,3,20,20.0,6,114,SMOTE-raw,0.243,5.474940102694381,64.0,10.0,400.0,4.412187714592937,0.2898397605241809,0.5220063373022514,,
0.0,0.0,0.5,0.4450757575757576,0.34863903903903903,0.31810810810810813,HandMovementDirection,3,20,20.0,6,114,chain-mean-GPF (PSSTO-style),0.243,5.474940102694381,64.0,10.0,400.0,5.8613105212051835,0.4183757250919708,0.3054640562360266,,
0.0,0.0,0.5,0.4784090909090909,0.34590660660660666,0.3286486486486486,HandMovementDirection,3,20,20.0,6,114,KNNOR-GPF (M=1),0.243,5.474940102694381,64.0,10.0,400.0,8.025449302403192,0.5894469527036216,0.152656967965534,0.2261904761904762,1.0
0.0,0.0,0.5,0.4742424242424243,0.3420594594594595,0.31981981981981983,HandMovementDirection,3,20,20.0,6,114,KNNOR-GPF (M calibrated),0.243,5.474940102694381,64.0,10.0,400.0,9.360665264809032,0.5841640491139422,0.3057832385016855,0.20689655172413793,1.5999999999999999
0.0,0.0,0.5,0.46590909090909094,0.36398648648648646,0.33558558558558566,HandMovementDirection,3,20,20.0,6,114,hybrid GPF-nbrs/raw-walk (M calibrated),0.243,5.474940102694381,64.0,10.0,400.0,28.995769155965544,0.8168909499504778,2.7008495513976283,0.06597222222222222,1.5999999999999999
0.0,0.0,0.5,0.5178030303030303,0.34172687687687686,0.3186036036036036,HandMovementDirection,3,20,20.0,6,114,KNNOR-official-GPF (randmx=1),0.243,5.474940102694381,64.0,10.0,400.0,7.996946653493325,0.595706307395234,0.1473230432444021,0.42696629213483145,1.0
0.0,0.0,0.5,0.49924242424242415,0.3425484984984985,0.3166216216216216,HandMovementDirection,3,20,20.0,6,114,KNNOR-official-GPF (randmx=M*),0.243,5.474940102694381,64.0,10.0,400.0,7.970756394431959,0.5954892334078618,0.1747978439557846,0.42696629213483145,1.5999999999999999
0.0,0.0,0.5,0.4045454545454546,0.37291381381381383,0.32738738738738743,HandMovementDirection,3,20,20.0,6,114,hybrid GPF-nbrs/raw-walk (M raw-calibrated),0.243,5.474940102694381,64.0,10.0,400.0,21.576950582764685,0.6869964161636712,0.026885662608227116,0.04814189189189189,1.2
0.0,0.0,0.5,0.6060606060606061,0.27689939939939934,0.20900900900900898,HandMovementDirection,4,5,5.0,24,96,none (raw-flat RF),0.243,1.6308724572613968,,,,,,,,
0.06060606060606061,0.17837651700316892,0.49393939393939396,0.4878787878787879,0.31333108108108104,0.2687837837837838,HandMovementDirection,4,5,5.0,24,96,none,0.243,1.6308724572613968,64.0,10.0,400.0,,,,,
0.21052631578947367,0.34815531191139565,0.5212121212121212,0.5371212121212121,0.274984984984985,0.18990990990990997,HandMovementDirection,4,5,5.0,24,96,SMOTE-raw,0.243,1.6308724572613968,64.0,10.0,400.0,2.1197992321559713,0.15828099724370392,0.542078834512713,,
0.0,0.0,0.4772727272727273,0.5037878787878788,0.28039354354354357,0.2104054054054054,HandMovementDirection,4,5,5.0,24,96,chain-mean-GPF (PSSTO-style),0.243,1.6308724572613968,64.0,10.0,400.0,2.019854068923843,0.1763368561260542,0.4271146603022296,,
0.06060606060606061,0.17837651700316892,0.49393939393939396,0.5390151515151516,0.2847399399399399,0.20522522522522527,HandMovementDirection,4,5,5.0,24,96,KNNOR-GPF (M=1),0.243,1.6308724572613968,64.0,10.0,400.0,2.892800458488102,0.28973342667833574,0.2819904887036496,0.732824427480916,1.0
0.16666666666666666,0.30525697073419666,0.5159090909090909,0.5246212121212122,0.29149669669669664,0.2537837837837838,HandMovementDirection,4,5,5.0,24,96,KNNOR-GPF (M calibrated),0.243,1.6308724572613968,64.0,10.0,400.0,2.666842090361902,0.19112784067834487,0.5852877438995232,0.6,1.7999999999999998
0.16216216216216217,0.30151134457776363,0.5045454545454545,0.5185606060606059,0.29298003003003004,0.24265765765765768,HandMovementDirection,4,5,5.0,24,96,hybrid GPF-nbrs/raw-walk (M calibrated),0.243,1.6308724572613968,64.0,10.0,400.0,14.011962029700287,0.37497117647515177,4.998252172453363,0.375,1.7999999999999998
0.0,0.0,0.48863636363636365,0.47916666666666663,0.2993641141141141,0.21310810810810812,HandMovementDirection,4,5,5.0,24,96,KNNOR-official-GPF (randmx=1),0.243,1.6308724572613968,64.0,10.0,400.0,3.44575623990716,0.29338772012408215,0.3441682269687899,0.3,1.0
0.06060606060606061,0.17837651700316892,0.49393939393939396,0.49886363636363634,0.2994504504504504,0.23270270270270269,HandMovementDirection,4,5,5.0,24,96,KNNOR-official-GPF (randmx=M*),0.243,1.6308724572613968,64.0,10.0,400.0,3.6328985654162658,0.27484308787189526,0.4933430199106488,0.27988338192419826,1.7999999999999998
0.058823529411764705,0.17624019422539816,0.48257575757575755,0.5318181818181817,0.2924777777777778,0.23135135135135132,HandMovementDirection,4,5,5.0,24,96,hybrid GPF-nbrs/raw-walk (M raw-calibrated),0.243,1.6308724572613968,64.0,10.0,400.0,3.030624121231593,0.18224721250050602,0.8452008680711245,0.15,1.2
0.0,0.0,0.5,0.5295454545454545,0.3203783783783784,0.2859459459459459,HandMovementDirection,4,10,10.0,12,108,none (raw-flat RF),0.243,4.3910624715427495,,,,,,,,
0.125,0.2581988897471611,0.5333333333333333,0.47159090909090906,0.3658885885885886,0.3198198198198198,HandMovementDirection,4,10,10.0,12,108,none,0.243,4.3910624715427495,64.0,10.0,400.0,,,,,
0.2631578947368421,0.39408505465575616,0.5492424242424242,0.5791666666666667,0.27545810810810806,0.1942792792792793,HandMovementDirection,4,10,10.0,12,108,SMOTE-raw,0.243,4.3910624715427495,64.0,10.0,400.0,1.74585159947544,0.1362530654380204,0.6238578282772517,,
0.11764705882352941,0.2522624895547565,0.5106060606060606,0.48030303030303034,0.345333033033033,0.287927927927928,HandMovementDirection,4,10,10.0,12,108,chain-mean-GPF (PSSTO-style),0.243,4.3910624715427495,64.0,10.0,400.0,5.51233031152665,0.424538081853402,0.3615705086425949,,
0.11764705882352941,0.2522624895547565,0.5106060606060606,0.4746212121212121,0.34990885885885886,0.27572072072072074,HandMovementDirection,4,10,10.0,12,108,KNNOR-GPF (M=1),0.243,4.3910624715427495,64.0,10.0,400.0,5.565246158889746,0.4237802006192261,0.39262733345623296,0.9557522123893806,1.0
0.11764705882352941,0.2522624895547565,0.5106060606060606,0.4624999999999999,0.3496611111111111,0.2583333333333333,HandMovementDirection,4,10,10.0,12,108,KNNOR-GPF (M calibrated),0.243,4.3910624715427495,64.0,10.0,400.0,5.51124705023927,0.37982706595770455,0.5821388230172853,0.8307692307692308,1.5999999999999999
0.1111111111111111,0.24618298195866545,0.48787878787878786,0.46098484848484844,0.3551166666666667,0.33049549549549556,HandMovementDirection,4,10,10.0,12,108,hybrid GPF-nbrs/raw-walk (M calibrated),0.243,4.3910624715427495,64.0,10.0,400.0,15.303843233783066,0.4592249690533662,4.265191963462575,0.421875,1.5999999999999999
0.0625,0.18048755518250442,0.5053030303030304,0.47045454545454546,0.3558708708708709,0.3038738738738739,HandMovementDirection,4,10,10.0,12,108,KNNOR-official-GPF (randmx=1),0.243,4.3910624715427495,64.0,10.0,400.0,6.225633131019155,0.48543969317069435,0.30924455674991214,0.6835443037974683,1.0
0.0625,0.18048755518250442,0.5053030303030304,0.45303030303030306,0.3568304804804805,0.2749099099099098,HandMovementDirection,4,10,10.0,12,108,KNNOR-official-GPF (randmx=M*),0.243,4.3910624715427495,64.0,10.0,400.0,6.196183396924976,0.4373013434248478,0.49797408213954686,0.6506024096385542,1.5999999999999999
0.12121212121212122,0.25524794837866016,0.521969696969697,0.4318181818181818,0.35323333333333334,0.27585585585585587,HandMovementDirection,4,10,10.0,12,108,hybrid GPF-nbrs/raw-walk (M raw-calibrated),0.243,4.3910624715427495,64.0,10.0,400.0,7.761010020865655,0.38827066633738605,1.2406347320397804,0.2109375,1.2
0.0,0.0,0.5,0.4526515151515152,0.3646079579579579,0.35229729729729725,HandMovementDirection,4,20,20.0,6,114,none (raw-flat RF),0.243,9.158191851671223,,,,,,,,
0.0,0.0,0.5,0.4132575757575757,0.385998948948949,0.25211711711711715,HandMovementDirection,4,20,20.0,6,114,none,0.243,9.158191851671223,64.0,10.0,400.0,,,,,
0.11764705882352941,0.2522624895547565,0.5106060606060606,0.5397727272727273,0.3570960960960961,0.3517117117117117,HandMovementDirection,4,20,20.0,6,114,SMOTE-raw,0.243,9.158191851671223,64.0,10.0,400.0,3.4592957671300084,0.22284543799473733,0.5244853655132147,,
0.0,0.0,0.48863636363636365,0.4325757575757576,0.3842825825825825,0.29801801801801797,HandMovementDirection,4,20,20.0,6,114,chain-mean-GPF (PSSTO-style),0.243,9.158191851671223,64.0,10.0,400.0,11.302842871160614,0.6970061661029392,0.20032959826649474,,
0.0,0.0,0.5,0.4011363636363636,0.38311231231231235,0.2989189189189189,HandMovementDirection,4,20,20.0,6,114,KNNOR-GPF (M=1),0.243,9.158191851671223,64.0,10.0,400.0,12.605133182156617,0.7137781180645824,0.16755668911993374,0.7307692307692307,1.0
0.0,0.0,0.5,0.4162878787878789,0.3841726726726727,0.26747747747747747,HandMovementDirection,4,20,20.0,6,114,KNNOR-GPF (M calibrated),0.243,9.158191851671223,64.0,10.0,400.0,11.638573157527869,0.6820358762542449,0.28218008999609206,0.6514285714285715,1.4
0.0,0.0,0.4772727272727273,0.4121212121212121,0.3829671171171171,0.23076576576576577,HandMovementDirection,4,20,20.0,6,114,hybrid GPF-nbrs/raw-walk (M calibrated),0.243,9.158191851671223,64.0,10.0,400.0,25.547614464050856,0.7777567435425242,2.023641024021926,0.2544642857142857,1.4
0.0,0.0,0.48863636363636365,0.42196969696969694,0.38019789789789793,0.27189189189189183,HandMovementDirection,4,20,20.0,6,114,KNNOR-official-GPF (randmx=1),0.243,9.158191851671223,64.0,10.0,400.0,13.11525462915888,0.7433746528599742,0.17361780343550068,0.5402843601895735,1.0
0.0,0.0,0.48863636363636365,0.4257575757575758,0.3792788288288288,0.2647297297297297,HandMovementDirection,4,20,20.0,6,114,KNNOR-official-GPF (randmx=M*),0.243,9.158191851671223,64.0,10.0,400.0,12.784590712993367,0.7335985375757448,0.26938344871247094,0.5352112676056338,1.4
0.0,0.0,0.48863636363636365,0.4113636363636364,0.38412657657657656,0.2854504504504504,HandMovementDirection,4,20,20.0,6,114,hybrid GPF-nbrs/raw-walk (M raw-calibrated),0.243,9.158191851671223,64.0,10.0,400.0,18.744470583446695,0.744260746485869,1.092214624323117,0.12723214285714285,1.2
0.7368421052631579,0.7637626158259734,0.7916666666666667,0.9997106481481481,0.010319925925925929,0.027466666666666667,ArticularyWordRecognition,0,5,24.0,11,253,none (raw-flat RF),0.53,1.7650446837513503,,,,,,,,
0.7368421052631579,0.7637626158259734,0.7916666666666667,0.9979745370370371,0.010944518518518518,0.021044444444444442,ArticularyWordRecognition,0,5,24.0,11,253,none,0.53,1.7650446837513503,64.0,9.0,144.0,,,,,
0.7368421052631579,0.7637626158259734,0.7916666666666667,0.9985532407407408,0.009361555555555557,0.01457777777777778,ArticularyWordRecognition,0,5,24.0,11,253,SMOTE-raw,0.53,1.7650446837513503,64.0,9.0,144.0,1.7871764123459375,0.20452131648395988,0.4648991426784426,,
0.7368421052631579,0.7637626158259734,0.7916666666666667,0.9984085648148149,0.009263444444444446,0.015011111111111112,ArticularyWordRecognition,0,5,24.0,11,253,chain-mean-GPF (PSSTO-style),0.53,1.7650446837513503,64.0,9.0,144.0,2.2520998593312527,0.3130954229027003,0.37428719250982284,,
0.7368421052631579,0.7637626158259734,0.7916666666666667,0.998263888888889,0.009152296296296296,0.015577777777777779,ArticularyWordRecognition,0,5,24.0,11,253,KNNOR-GPF (M=1),0.53,1.7650446837513503,64.0,9.0,144.0,2.3834371130262078,0.3529385046304022,0.2805073541774143,1.0,1.0
0.8571428571428571,0.8660254037844386,0.875,0.9984085648148149,0.007122296296296296,0.013133333333333337,ArticularyWordRecognition,0,5,24.0,11,253,KNNOR-GPF (M calibrated),0.53,1.7650446837513503,64.0,9.0,144.0,2.1416641040464466,0.17652992797000966,0.7923692000024541,1.0,1.7999999999999998
0.9090909090909091,0.9128709291752769,0.9166666666666667,0.9992766203703705,0.005776185185185185,0.013144444444444443,ArticularyWordRecognition,0,5,24.0,11,253,hybrid GPF-nbrs/raw-walk (M calibrated),0.53,1.7650446837513503,64.0,9.0,144.0,2.073136286896961,0.12225765286978285,1.3416141304677924,0.790625,1.7999999999999998
0.7368421052631579,0.7637626158259734,0.7916666666666667,0.9991319444444444,0.009884666666666668,0.016422222222222223,ArticularyWordRecognition,0,5,24.0,11,253,KNNOR-official-GPF (randmx=1),0.53,1.7650446837513503,64.0,9.0,144.0,2.796798520783284,0.46851824906615375,0.17923595804327877,1.0,1.0
0.7368421052631579,0.7637626158259734,0.7916666666666667,0.9971064814814814,0.008812814814814817,0.015111111111111112,ArticularyWordRecognition,0,5,24.0,11,253,KNNOR-official-GPF (randmx=M*),0.53,1.7650446837513503,64.0,9.0,144.0,2.8814010207274627,0.31430298448656935,0.5115061113088702,1.0,1.7999999999999998
0.7368421052631579,0.7637626158259734,0.7916666666666667,0.9982638888888888,0.009185666666666667,0.014499999999999999,ArticularyWordRecognition,0,5,24.0,11,253,KNNOR-official-raw (randmx=1),0.53,1.7650446837513503,64.0,9.0,144.0,2.7670539152353246,0.3833454652649003,0.23180851735016472,1.0,1.0
0.9090909090909091,0.9128709291752769,0.9166666666666667,0.9994212962962963,0.005528148148148148,0.012066666666666668,ArticularyWordRecognition,0,5,24.0,11,253,hybrid GPF-nbrs/raw-walk (M raw-calibrated),0.53,1.7650446837513503,64.0,9.0,144.0,1.8181022478927389,0.13252096694744686,0.9431619923040093,0.98828125,1.6
0.6666666666666666,0.7071067811865476,0.75,0.9997106481481483,0.010930222222222223,0.02782222222222222,ArticularyWordRecognition,0,10,24.0,11,253,none (raw-flat RF),0.53,1.7650446837513538,,,,,,,,
0.6666666666666666,0.7071067811865476,0.75,0.9943576388888888,0.010924962962962963,0.019866666666666668,ArticularyWordRecognition,0,10,24.0,11,253,none,0.53,1.7650446837513538,64.0,9.0,144.0,,,,,
0.7368421052631579,0.7637626158259734,0.7916666666666667,0.9985532407407407,0.009240518518518518,0.014733333333333334,ArticularyWordRecognition,0,10,24.0,11,253,SMOTE-raw,0.53,1.7650446837513538,64.0,9.0,144.0,1.762380498981674,0.2184662632682387,0.4067719542531976,,
0.7368421052631579,0.7637626158259734,0.7916666666666667,0.9985532407407407,0.009260999999999998,0.015855555555555557,ArticularyWordRecognition,0,10,24.0,11,253,chain-mean-GPF (PSSTO-style),0.53,1.7650446837513538,64.0,9.0,144.0,2.2472330061393,0.30408082156617117,0.408671261169882,,
0.7368421052631579,0.7637626158259734,0.7916666666666667,0.998119212962963,0.00975711111111111,0.016066666666666674,ArticularyWordRecognition,0,10,24.0,11,253,KNNOR-GPF (M=1),0.53,1.7650446837513538,64.0,9.0,144.0,2.518652133854875,0.36806771910863123,0.272853859447305,1.0,1.0
0.8571428571428571,0.8660254037844386,0.875,0.9991319444444444,0.006681296296296296,0.01778888888888889,ArticularyWordRecognition,0,10,24.0,11,253,KNNOR-GPF (M calibrated),0.53,1.7650446837513538,64.0,9.0,144.0,2.4492113425839115,0.19118466284954116,0.8467837993080021,0.9960629921259843,2.0
0.9565217391304348,0.9574271077563381,0.9583333333333333,0.9994212962962963,0.0048729259259259255,0.013788888888888889,ArticularyWordRecognition,0,10,24.0,11,253,hybrid GPF-nbrs/raw-walk (M calibrated),0.53,1.7650446837513538,64.0,9.0,144.0,2.5328677610903902,0.13851157603595388,1.8889523344946972,0.790625,2.0
0.7368421052631579,0.7637626158259734,0.7916666666666667,0.9988425925925926,0.01038488888888889,0.016844444444444447,ArticularyWordRecognition,0,10,24.0,11,253,KNNOR-official-GPF (randmx=1),0.53,1.7650446837513538,64.0,9.0,144.0,2.759108827694483,0.4523945215520152,0.21859888217387669,1.0,1.0
0.7368421052631579,0.7637626158259734,0.7916666666666667,0.9894386574074074,0.008894074074074075,0.0148,ArticularyWordRecognition,0,10,24.0,11,253,KNNOR-official-GPF (randmx=M*),0.53,1.7650446837513538,64.0,9.0,144.0,3.1676277650590805,0.25967146787439926,0.9582877061163678,1.0,2.0
0.7368421052631579,0.7637626158259734,0.7916666666666667,0.9985532407407407,0.009066,0.014511111111111114,ArticularyWordRecognition,0,10,24.0,11,253,KNNOR-official-raw (randmx=1),0.53,1.7650446837513538,64.0,9.0,144.0,2.661318791018072,0.37874118849600785,0.23614128611667864,1.0,1.0
0.9090909090909091,0.9128709291752769,0.9166666666666667,0.9997106481481481,0.005503185185185185,0.018222222222222226,ArticularyWordRecognition,0,10,24.0,11,253,hybrid GPF-nbrs/raw-walk (M raw-calibrated),0.53,1.7650446837513538,64.0,9.0,144.0,2.0159822318192937,0.15294121668877425,0.9220641669978905,0.98828125,1.6
0.6666666666666666,0.7071067811865476,0.75,0.9997106481481481,0.010260962962962967,0.02695555555555556,ArticularyWordRecognition,0,20,24.0,11,253,none (raw-flat RF),0.53,1.7650446837513503,,,,,,,,
0.8,0.816496580927726,0.8333333333333333,0.9950810185185186,0.011189407407407407,0.021177777777777778,ArticularyWordRecognition,0,20,24.0,11,253,none,0.53,1.7650446837513503,64.0,9.0,144.0,,,,,
0.7368421052631579,0.7637626158259734,0.7916666666666667,0.9985532407407407,0.009631925925925926,0.014488888888888888,ArticularyWordRecognition,0,20,24.0,11,253,SMOTE-raw,0.53,1.7650446837513503,64.0,9.0,144.0,1.6715264086689352,0.1981673383372426,0.45859244821956624,,
0.8,0.816496580927726,0.8333333333333333,0.9985532407407407,0.009307851851851852,0.015777777777777776,ArticularyWordRecognition,0,20,24.0,11,253,chain-mean-GPF (PSSTO-style),0.53,1.7650446837513503,64.0,9.0,144.0,2.127482392916601,0.2916910312137952,0.4010976836857776,,
0.7368421052631579,0.7637626158259734,0.7916666666666667,0.9985532407407407,0.009236037037037036,0.015722222222222224,ArticularyWordRecognition,0,20,24.0,11,253,KNNOR-GPF (M=1),0.53,1.7650446837513503,64.0,9.0,144.0,2.5851859378603237,0.37290851568641203,0.27158845532242626,1.0,1.0
0.8,0.816496580927726,0.8333333333333333,0.997974537037037,0.0078088148148148144,0.014311111111111115,ArticularyWordRecognition,0,20,24.0,11,253,KNNOR-GPF (M calibrated),0.53,1.7650446837513503,64.0,9.0,144.0,2.5333157720228066,0.20974899479946874,0.7751131987047448,1.0,1.7999999999999998
0.9565217391304348,0.9574271077563381,0.9583333333333333,0.9950810185185185,0.005659444444444444,0.01338888888888889,ArticularyWordRecognition,0,20,24.0,11,253,hybrid GPF-nbrs/raw-walk (M calibrated),0.53,1.7650446837513503,64.0,9.0,144.0,2.3770546926146405,0.14898821577195942,1.3132187424303914,0.790625,1.7999999999999998
0.7368421052631579,0.7637626158259734,0.7916666666666667,0.9988425925925926,0.009851148148148149,0.016300000000000002,ArticularyWordRecognition,0,20,24.0,11,253,KNNOR-official-GPF (randmx=1),0.53,1.7650446837513503,64.0,9.0,144.0,2.8575001921265866,0.4705309655454829,0.18385637505275626,1.0,1.0
0.7368421052631579,0.7637626158259734,0.7916666666666667,0.9956597222222223,0.008611814814814812,0.015700000000000002,ArticularyWordRecognition,0,20,24.0,11,253,KNNOR-official-GPF (randmx=M*),0.53,1.7650446837513503,64.0,9.0,144.0,2.9962890564891644,0.3228297227068348,0.522116120717577,1.0,1.7999999999999998
0.7368421052631579,0.7637626158259734,0.7916666666666667,0.9982638888888888,0.008958518518518517,0.015577777777777779,ArticularyWordRecognition,0,20,24.0,11,253,KNNOR-official-raw (randmx=1),0.53,1.7650446837513503,64.0,9.0,144.0,2.560363193841491,0.3560123469641222,0.24495463172257698,1.0,1.0
0.9565217391304348,0.9574271077563381,0.9583333333333333,0.9972511574074073,0.005938370370370371,0.013155555555555554,ArticularyWordRecognition,0,20,24.0,11,253,hybrid GPF-nbrs/raw-walk (M raw-calibrated),0.53,1.7650446837513503,64.0,9.0,144.0,2.142246808686057,0.16175255146599854,0.9180342085307908,0.98828125,1.6
0.6666666666666666,0.7071067811865476,0.75,0.9997106481481481,0.010157111111111113,0.025666666666666667,ArticularyWordRecognition,1,5,24.0,11,253,none (raw-flat RF),0.53,1.7650446837513503,,,,,,,,
0.7368421052631579,0.7637626158259734,0.7916666666666667,0.9918981481481481,0.011562555555555555,0.022477777777777774,ArticularyWordRecognition,1,5,24.0,11,253,none,0.53,1.7650446837513503,64.0,9.0,144.0,,,,,
0.7368421052631579,0.7637626158259734,0.7916666666666667,0.9986979166666667,0.010104962962962963,0.01657777777777778,ArticularyWordRecognition,1,5,24.0,11,253,SMOTE-raw,0.53,1.7650446837513503,64.0,9.0,144.0,1.6506265983184818,0.18854432360458961,0.510904548277905,,
0.7368421052631579,0.7637626158259734,0.7916666666666667,0.997974537037037,0.009791407407407408,0.016977777777777776,ArticularyWordRecognition,1,5,24.0,11,253,chain-mean-GPF (PSSTO-style),0.53,1.7650446837513503,64.0,9.0,144.0,2.0674591410965952,0.27339246391164096,0.43238253145254524,,
0.7368421052631579,0.7637626158259734,0.7916666666666667,0.9972511574074074,0.010022222222222222,0.01728888888888889,ArticularyWordRecognition,1,5,24.0,11,253,KNNOR-GPF (M=1),0.53,1.7650446837513503,64.0,9.0,144.0,2.566897161623146,0.40077870746195415,0.2345804361533343,1.0,1.0
0.9090909090909091,0.9128709291752769,0.9166666666666667,0.9985532407407408,0.006917333333333333,0.015533333333333336,ArticularyWordRecognition,1,5,24.0,11,253,KNNOR-GPF (M calibrated),0.53,1.7650446837513503,64.0,9.0,144.0,2.4011556828589704,0.20819614300698763,0.7258400637732346,0.9960629921259843,2.0
0.9090909090909091,0.9128709291752769,0.9166666666666667,0.9972511574074074,0.006218851851851852,0.01521111111111111,ArticularyWordRecognition,1,5,24.0,11,253,hybrid GPF-nbrs/raw-walk (M calibrated),0.53,1.7650446837513503,64.0,9.0,144.0,2.2319644313866043,0.13100258201626547,1.6019922566717648,0.790625,2.0
0.7368421052631579,0.7637626158259734,0.7916666666666667,0.994068287037037,0.010636148148148146,0.018555555555555554,ArticularyWordRecognition,1,5,24.0,11,253,KNNOR-official-GPF (randmx=1),0.53,1.7650446837513503,64.0,9.0,144.0,2.810913522572296,0.46577473873867614,0.18181603473818217,1.0,1.0
0.7368421052631579,0.7637626158259734,0.7916666666666667,0.994212962962963,0.009360370370370371,0.017844444444444447,ArticularyWordRecognition,1,5,24.0,11,253,KNNOR-official-GPF (randmx=M*),0.53,1.7650446837513503,64.0,9.0,144.0,2.815510334391824,0.27611406695398694,0.7633490553106705,1.0,2.0
0.7368421052631579,0.7637626158259734,0.7916666666666667,0.9982638888888888,0.009554407407407407,0.016144444444444444,ArticularyWordRecognition,1,5,24.0,11,253,KNNOR-official-raw (randmx=1),0.53,1.7650446837513503,64.0,9.0,144.0,2.9111465363381335,0.4008771368395327,0.23649750537643136,1.0,1.0
0.9565217391304348,0.9574271077563381,0.9583333333333333,0.9929108796296297,0.006465518518518519,0.014855555555555556,ArticularyWordRecognition,1,5,24.0,11,253,hybrid GPF-nbrs/raw-walk (M raw-calibrated),0.53,1.7650446837513503,64.0,9.0,144.0,2.051976512397454,0.1446716037320428,1.114729181779866,0.98828125,1.7999999999999998
0.7368421052631579,0.7637626158259734,0.7916666666666667,0.9997106481481481,0.009567555555555557,0.025111111111111112,ArticularyWordRecognition,1,10,24.0,11,253,none (raw-flat RF),0.53,1.7650446837513503,,,,,,,,
0.7368421052631579,0.7637626158259734,0.7916666666666667,0.9947916666666666,0.011320555555555558,0.021455555555555554,ArticularyWordRecognition,1,10,24.0,11,253,none,0.53,1.7650446837513503,64.0,9.0,144.0,,,,,
0.7368421052631579,0.7637626158259734,0.7916666666666667,0.998119212962963,0.010021296296296296,0.01578888888888889,ArticularyWordRecognition,1,10,24.0,11,253,SMOTE-raw,0.53,1.7650446837513503,64.0,9.0,144.0,1.717946689826789,0.20329507835629512,0.4541716942386324,,
0.7368421052631579,0.7637626158259734,0.7916666666666667,0.998119212962963,0.010070703703703705,0.017077777777777782,ArticularyWordRecognition,1,10,24.0,11,253,chain-mean-GPF (PSSTO-style),0.53,1.7650446837513503,64.0,9.0,144.0,2.063501893795772,0.26953471294544806,0.43812351391495347,,
0.7368421052631579,0.7637626158259734,0.7916666666666667,0.9972511574074074,0.009809,0.01692222222222222,ArticularyWordRecognition,1,10,24.0,11,253,KNNOR-GPF (M=1),0.53,1.7650446837513503,64.0,9.0,144.0,2.522835989378745,0.38778894844721556,0.23262360291583334,1.0,1.0
0.8571428571428571,0.8660254037844386,0.875,0.9982638888888888,0.006927407407407407,0.016288888888888894,ArticularyWordRecognition,1,10,24.0,11,253,KNNOR-GPF (M calibrated),0.53,1.7650446837513503,64.0,9.0,144.0,2.422751699167712,0.20594313054784952,0.7394735405568221,0.98828125,2.0
0.9565217391304348,0.9574271077563381,0.9583333333333333,0.9973958333333333,0.005654296296296296,0.013955555555555556,ArticularyWordRecognition,1,10,24.0,11,253,hybrid GPF-nbrs/raw-walk (M calibrated),0.53,1.7650446837513503,64.0,9.0,144.0,2.237783350693725,0.14061373412510703,1.4243965429319612,0.790625,2.0
0.7368421052631579,0.7637626158259734,0.7916666666666667,0.9971064814814815,0.01063051851851852,0.018755555555555553,ArticularyWordRecognition,1,10,24.0,11,253,KNNOR-official-GPF (randmx=1),0.53,1.7650446837513503,64.0,9.0,144.0,2.848507669896387,0.473891571531892,0.1748420600991466,1.0,1.0
0.7368421052631579,0.7637626158259734,0.7916666666666667,0.9946469907407407,0.009411518518518519,0.01785555555555556,ArticularyWordRecognition,1,10,24.0,11,253,KNNOR-official-GPF (randmx=M*),0.53,1.7650446837513503,64.0,9.0,144.0,2.833690064536164,0.2762703773447037,0.7775978839728294,1.0,2.0
0.7368421052631579,0.7637626158259734,0.7916666666666667,0.9972511574074074,0.009589148148148147,0.016033333333333333,ArticularyWordRecognition,1,10,24.0,11,253,KNNOR-official-raw (randmx=1),0.53,1.7650446837513503,64.0,9.0,144.0,2.897424125819308,0.3942331116894846,0.2300658801589402,1.0,1.0
0.9565217391304348,0.9574271077563381,0.9583333333333333,0.9956597222222222,0.005824962962962963,0.013155555555555554,ArticularyWordRecognition,1,10,24.0,11,253,hybrid GPF-nbrs/raw-walk (M raw-calibrated),0.53,1.7650446837513503,64.0,9.0,144.0,2.0580204689885964,0.15104302931443592,0.9919550965842735,0.790625,1.7999999999999998
0.7368421052631579,0.7637626158259734,0.7916666666666667,0.9997106481481481,0.010042037037037039,0.02498888888888889,ArticularyWordRecognition,1,20,24.0,11,253,none (raw-flat RF),0.53,1.7650446837513485,,,,,,,,
0.6666666666666666,0.7071067811865476,0.75,0.9929108796296297,0.011063259259259259,0.02084444444444444,ArticularyWordRecognition,1,20,24.0,11,253,none,0.53,1.7650446837513485,64.0,9.0,144.0,,,,,
0.7368421052631579,0.7637626158259734,0.7916666666666667,0.997974537037037,0.010028629629629627,0.01618888888888889,ArticularyWordRecognition,1,20,24.0,11,253,SMOTE-raw,0.53,1.7650446837513485,64.0,9.0,144.0,1.8172167790237044,0.20784633428032429,0.46185041048537573,,
0.7368421052631579,0.7637626158259734,0.7916666666666667,0.9979745370370371,0.009853222222222225,0.016944444444444446,ArticularyWordRecognition,1,20,24.0,11,253,chain-mean-GPF (PSSTO-style),0.53,1.7650446837513485,64.0,9.0,144.0,2.0519024095676492,0.27221528996790545,0.4300632816749937,,
0.7368421052631579,0.7637626158259734,0.7916666666666667,0.9968171296296297,0.009894333333333333,0.017588888888888883,ArticularyWordRecognition,1,20,24.0,11,253,KNNOR-GPF (M=1),0.53,1.7650446837513485,64.0,9.0,144.0,2.5183945361339735,0.39686605084081683,0.23279002676602084,1.0,1.0
0.9090909090909091,0.9128709291752769,0.9166666666666667,0.9973958333333335,0.006960888888888888,0.015755555555555554,ArticularyWordRecognition,1,20,24.0,11,253,KNNOR-GPF (M calibrated),0.53,1.7650446837513485,64.0,9.0,144.0,2.32012832654771,0.19972561185914084,0.740144647599067,0.9960629921259843,2.0
0.9090909090909091,0.9128709291752769,0.9166666666666667,0.9985532407407407,0.005967407407407407,0.015511111111111111,ArticularyWordRecognition,1,20,24.0,11,253,hybrid GPF-nbrs/raw-walk (M calibrated),0.53,1.7650446837513485,64.0,9.0,144.0,2.1566089722602637,0.12688435813846954,1.5560468652882207,0.790625,2.0
0.7368421052631579,0.7637626158259734,0.7916666666666667,0.9971064814814816,0.01052948148148148,0.01813333333333333,ArticularyWordRecognition,1,20,24.0,11,253,KNNOR-official-GPF (randmx=1),0.53,1.7650446837513485,64.0,9.0,144.0,2.819837681696642,0.4492422438524288,0.1946248381921995,1.0,1.0
0.7368421052631579,0.7637626158259734,0.7916666666666667,0.9924768518518519,0.009553370370370372,0.017411111111111117,ArticularyWordRecognition,1,20,24.0,11,253,KNNOR-official-GPF (randmx=M*),0.53,1.7650446837513485,64.0,9.0,144.0,2.9722564366673474,0.25956480199400755,0.7677921244900204,1.0,2.0
0.7368421052631579,0.7637626158259734,0.7916666666666667,0.9982638888888888,0.009561925925925927,0.015777777777777776,ArticularyWordRecognition,1,20,24.0,11,253,KNNOR-official-raw (randmx=1),0.53,1.7650446837513485,64.0,9.0,144.0,2.715644556860763,0.3766284900576062,0.23301764055874105,1.0,1.0
0.9090909090909091,0.9128709291752769,0.9166666666666667,0.9962384259259259,0.006473703703703704,0.014666666666666666,ArticularyWordRecognition,1,20,24.0,11,253,hybrid GPF-nbrs/raw-walk (M raw-calibrated),0.53,1.7650446837513485,64.0,9.0,144.0,1.964243225864351,0.13904225334107145,1.0779956285022403,0.790625,1.7999999999999998
0.7368421052631579,0.7637626158259734,0.7916666666666667,0.9997106481481481,0.010202296296296296,0.026133333333333335,ArticularyWordRecognition,2,5,24.0,11,253,none (raw-flat RF),0.53,1.765044683751352,,,,,,,,
0.6666666666666666,0.7071067811865476,0.75,0.994068287037037,0.011741703703703704,0.02157777777777778,ArticularyWordRecognition,2,5,24.0,11,253,none,0.53,1.765044683751352,64.0,9.0,144.0,,,,,
0.7368421052631579,0.7637626158259734,0.7916666666666667,0.9971064814814814,0.010088740740740742,0.015444444444444448,ArticularyWordRecognition,2,5,24.0,11,253,SMOTE-raw,0.53,1.765044683751352,64.0,9.0,144.0,1.757856016758879,0.20859130086072453,0.44373104210718556,,
0.7368421052631579,0.7637626158259734,0.7916666666666667,0.9972511574074074,0.009948296296296299,0.016177777777777777,ArticularyWordRecognition,2,5,24.0,11,253,chain-mean-GPF (PSSTO-style),0.53,1.765044683751352,64.0,9.0,144.0,2.080387039369622,0.29404904940483984,0.40160505486264325,,
0.7368421052631579,0.7637626158259734,0.7916666666666667,0.9976851851851852,0.010122814814814815,0.01688888888888889,ArticularyWordRecognition,2,5,24.0,11,253,KNNOR-GPF (M=1),0.53,1.765044683751352,64.0,9.0,144.0,2.5348052560718397,0.3811457720623443,0.25307420053315755,1.0,1.0
0.9090909090909091,0.9128709291752769,0.9166666666666667,0.9985532407407407,0.00643437037037037,0.014088888888888889,ArticularyWordRecognition,2,5,24.0,11,253,KNNOR-GPF (M calibrated),0.53,1.765044683751352,64.0,9.0,144.0,2.467337202198536,0.20493442826125463,0.7617679409919978,0.9844357976653697,2.0
0.9090909090909091,0.9128709291752769,0.9166666666666667,0.997974537037037,0.006145370370370371,0.014166666666666666,ArticularyWordRecognition,2,5,24.0,11,253,hybrid GPF-nbrs/raw-walk (M calibrated),0.53,1.765044683751352,64.0,9.0,144.0,2.4352077996868005,0.1414846389329788,1.6429772518132162,0.790625,2.0
0.7368421052631579,0.7637626158259734,0.7916666666666667,0.9976851851851851,0.010497370370370369,0.017300000000000003,ArticularyWordRecognition,2,5,24.0,11,253,KNNOR-official-GPF (randmx=1),0.53,1.765044683751352,64.0,9.0,144.0,2.807177123562722,0.4690180414988149,0.1777007122243577,1.0,1.0
0.7368421052631579,0.7637626158259734,0.7916666666666667,0.9936342592592593,0.009238111111111114,0.016300000000000002,ArticularyWordRecognition,2,5,24.0,11,253,KNNOR-official-GPF (randmx=M*),0.53,1.765044683751352,64.0,9.0,144.0,3.020280589173163,0.30691844346226704,0.7580445451688382,1.0,2.0
0.7368421052631579,0.7637626158259734,0.7916666666666667,0.997974537037037,0.008807185185185185,0.016333333333333335,ArticularyWordRecognition,2,5,24.0,11,253,KNNOR-official-raw (randmx=1),0.53,1.765044683751352,64.0,9.0,144.0,2.734043819531893,0.3804965988925988,0.22405946248137218,1.0,1.0
0.9090909090909091,0.9128709291752769,0.9166666666666667,0.9991319444444445,0.005949222222222222,0.013033333333333334,ArticularyWordRecognition,2,5,24.0,11,253,hybrid GPF-nbrs/raw-walk (M raw-calibrated),0.53,1.765044683751352,64.0,9.0,144.0,2.1940952594813687,0.14803618043247135,1.1506813673854197,0.790625,1.7999999999999998
0.6666666666666666,0.7071067811865476,0.75,0.9997106481481481,0.010014740740740744,0.026222222222222227,ArticularyWordRecognition,2,10,24.0,11,253,none (raw-flat RF),0.53,1.765044683751352,,,,,,,,
0.8,0.816496580927726,0.8333333333333333,0.9959490740740741,0.010276925925925927,0.019811111111111113,ArticularyWordRecognition,2,10,24.0,11,253,none,0.53,1.765044683751352,64.0,9.0,144.0,,,,,
0.7368421052631579,0.7637626158259734,0.7916666666666667,0.9963831018518517,0.009910629629629629,0.014966666666666672,ArticularyWordRecognition,2,10,24.0,11,253,SMOTE-raw,0.53,1.765044683751352,64.0,9.0,144.0,1.640679038457069,0.19280786628350005,0.490894651782182,,
0.7368421052631579,0.7637626158259734,0.7916666666666667,0.995949074074074,0.010053444444444443,0.015833333333333335,ArticularyWordRecognition,2,10,24.0,11,253,chain-mean-GPF (PSSTO-style),0.53,1.765044683751352,64.0,9.0,144.0,2.010845123587318,0.27899250560622724,0.41776460556190587,,
0.7368421052631579,0.7637626158259734,0.7916666666666667,0.9982638888888888,0.009405851851851853,0.01606666666666667,ArticularyWordRecognition,2,10,24.0,11,253,KNNOR-GPF (M=1),0.53,1.765044683751352,64.0,9.0,144.0,2.5829377345769213,0.3863818556892191,0.25742212955371957,1.0,1.0
0.8571428571428571,0.8660254037844386,0.875,0.9973958333333334,0.006721703703703703,0.013955555555555556,ArticularyWordRecognition,2,10,24.0,11,253,KNNOR-GPF (M calibrated),0.53,1.765044683751352,64.0,9.0,144.0,2.4939828825267956,0.2085177364105949,0.7595725318949513,0.98828125,2.0
0.9090909090909091,0.9128709291752769,0.9166666666666667,0.9984085648148148,0.005998777777777777,0.0137,ArticularyWordRecognition,2,10,24.0,11,253,hybrid GPF-nbrs/raw-walk (M calibrated),0.53,1.765044683751352,64.0,9.0,144.0,2.5926036038247844,0.1408610270385351,1.8941808151029857,0.790625,2.0
0.7368421052631579,0.7637626158259734,0.7916666666666667,0.9976851851851852,0.010871,0.01778888888888889,ArticularyWordRecognition,2,10,24.0,11,253,KNNOR-official-GPF (randmx=1),0.53,1.765044683751352,64.0,9.0,144.0,2.7603440656122284,0.4655554955393435,0.1823768880548978,1.0,1.0
0.7368421052631579,0.7637626158259734,0.7916666666666667,0.9933449074074076,0.009958777777777778,0.01698888888888889,ArticularyWordRecognition,2,10,24.0,11,253,KNNOR-official-GPF (randmx=M*),0.53,1.765044683751352,64.0,9.0,144.0,2.8290892850126337,0.29134069280238145,0.7539928999875015,1.0,2.0
0.7368421052631579,0.7637626158259734,0.7916666666666667,0.9978298611111112,0.009017518518518518,0.016411111111111112,ArticularyWordRecognition,2,10,24.0,11,253,KNNOR-official-raw (randmx=1),0.53,1.765044683751352,64.0,9.0,144.0,2.7595650314456392,0.3812118180468821,0.2328546975898307,1.0,1.0
0.9090909090909091,0.9128709291752769,0.9166666666666667,0.9976851851851852,0.006374740740740739,0.01322222222222222,ArticularyWordRecognition,2,10,24.0,11,253,hybrid GPF-nbrs/raw-walk (M raw-calibrated),0.53,1.765044683751352,64.0,9.0,144.0,2.0787818104501383,0.16517895573588492,0.8745386002154564,0.98828125,1.6
0.7368421052631579,0.7637626158259734,0.7916666666666667,0.9997106481481481,0.010609444444444444,0.025033333333333335,ArticularyWordRecognition,2,20,24.0,11,253,none (raw-flat RF),0.53,1.7650446837513538,,,,,,,,
0.6666666666666666,0.7071067811865476,0.75,0.9946469907407407,0.011190888888888889,0.020955555555555554,ArticularyWordRecognition,2,20,24.0,11,253,none,0.53,1.7650446837513538,64.0,9.0,144.0,,,,,
0.7368421052631579,0.7637626158259734,0.7916666666666667,0.9973958333333334,0.009583111111111112,0.014955555555555557,ArticularyWordRecognition,2,20,24.0,11,253,SMOTE-raw,0.53,1.7650446837513538,64.0,9.0,144.0,1.6665295566369203,0.19919108242786698,0.4615646671911738,,
0.7368421052631579,0.7637626158259734,0.7916666666666667,0.9972511574074074,0.009746296296296296,0.01635555555555555,ArticularyWordRecognition,2,20,24.0,11,253,chain-mean-GPF (PSSTO-style),0.53,1.7650446837513538,64.0,9.0,144.0,2.098954953015463,0.2776307387129099,0.43610509593749386,,
0.7368421052631579,0.7637626158259734,0.7916666666666667,0.9982638888888888,0.00939322222222222,0.01621111111111111,ArticularyWordRecognition,2,20,24.0,11,253,KNNOR-GPF (M=1),0.53,1.7650446837513538,64.0,9.0,144.0,2.5730291157126945,0.3918788512379913,0.2518262401817116,1.0,1.0
0.9090909090909091,0.9128709291752769,0.9166666666666667,0.9989872685185186,0.00657462962962963,0.01352222222222222,ArticularyWordRecognition,2,20,24.0,11,253,KNNOR-GPF (M calibrated),0.53,1.7650446837513538,64.0,9.0,144.0,2.355931820082734,0.19822139128264016,0.7813664883333749,0.98828125,2.0
0.9090909090909091,0.9128709291752769,0.9166666666666667,0.9994212962962963,0.0056169629629629625,0.013577777777777779,ArticularyWordRecognition,2,20,24.0,11,253,hybrid GPF-nbrs/raw-walk (M calibrated),0.53,1.7650446837513538,64.0,9.0,144.0,2.314569242907133,0.13067724022569593,1.7759252770200242,0.790625,2.0
0.7368421052631579,0.7637626158259734,0.7916666666666667,0.998263888888889,0.010110888888888888,0.017244444444444444,ArticularyWordRecognition,2,20,24.0,11,253,KNNOR-official-GPF (randmx=1),0.53,1.7650446837513538,64.0,9.0,144.0,2.778672627979091,0.4403446243764469,0.19848375821690292,1.0,1.0
0.7368421052631579,0.7637626158259734,0.7916666666666667,0.9946469907407407,0.009916000000000001,0.017444444444444446,ArticularyWordRecognition,2,20,24.0,11,253,KNNOR-official-GPF (randmx=M*),0.53,1.7650446837513538,64.0,9.0,144.0,2.728648030068488,0.2408171150586565,0.8067997514526154,1.0,2.0
0.7368421052631579,0.7637626158259734,0.7916666666666667,0.9971064814814815,0.009027629629629629,0.01568888888888889,ArticularyWordRecognition,2,20,24.0,11,253,KNNOR-official-raw (randmx=1),0.53,1.7650446837513538,64.0,9.0,144.0,2.8119099258480063,0.38269870429074526,0.24197107738845447,1.0,1.0
0.9565217391304348,0.9574271077563381,0.9583333333333333,0.9994212962962964,0.0051171481481481484,0.01801111111111111,ArticularyWordRecognition,2,20,24.0,11,253,hybrid GPF-nbrs/raw-walk (M raw-calibrated),0.53,1.7650446837513538,64.0,9.0,144.0,2.0796163963725913,0.13892981297512952,1.2510436491755117,0.790625,1.7999999999999998
0.7368421052631579,0.7637626158259734,0.7916666666666667,0.9997106481481481,0.01001888888888889,0.026822222222222223,ArticularyWordRecognition,3,5,24.0,11,253,none (raw-flat RF),0.53,1.765044683751352,,,,,,,,
0.7368421052631579,0.7637626158259734,0.7916666666666667,0.9955150462962963,0.011067481481481482,0.02128888888888888,ArticularyWordRecognition,3,5,24.0,11,253,none,0.53,1.765044683751352,64.0,9.0,144.0,,,,,
0.7368421052631579,0.7637626158259734,0.7916666666666667,0.9979745370370372,0.010652925925925927,0.01556666666666667,ArticularyWordRecognition,3,5,24.0,11,253,SMOTE-raw,0.53,1.765044683751352,64.0,9.0,144.0,1.7232161060188993,0.209594660329447,0.43813537158476656,,
0.7368421052631579,0.7637626158259734,0.7916666666666667,0.9982638888888888,0.01048262962962963,0.01636666666666667,ArticularyWordRecognition,3,5,24.0,11,253,chain-mean-GPF (PSSTO-style),0.53,1.765044683751352,64.0,9.0,144.0,1.9813810643497796,0.26421328993195625,0.442845867422485,,
0.7368421052631579,0.7637626158259734,0.7916666666666667,0.997829861111111,0.009169555555555558,0.01591111111111111,ArticularyWordRecognition,3,5,24.0,11,253,KNNOR-GPF (M=1),0.53,1.765044683751352,64.0,9.0,144.0,2.5321915351970397,0.3921926936956235,0.23406111568360294,1.0,1.0
0.9090909090909091,0.9128709291752769,0.9166666666666667,0.99609375,0.007028925925925925,0.014233333333333334,ArticularyWordRecognition,3,5,24.0,11,253,KNNOR-GPF (M calibrated),0.53,1.765044683751352,64.0,9.0,144.0,2.362793003823647,0.20680738870181326,0.7207861459570065,0.9806201550387597,2.0
0.9090909090909091,0.9128709291752769,0.9166666666666667,0.9969618055555556,0.0058621481481481484,0.014222222222222223,ArticularyWordRecognition,3,5,24.0,11,253,hybrid GPF-nbrs/raw-walk (M calibrated),0.53,1.765044683751352,64.0,9.0,144.0,2.241138601027398,0.13390277107810133,1.4480209764791112,0.790625,2.0
0.7368421052631579,0.7637626158259734,0.7916666666666667,0.997974537037037,0.010243222222222221,0.017233333333333333,ArticularyWordRecognition,3,5,24.0,11,253,KNNOR-official-GPF (randmx=1),0.53,1.765044683751352,64.0,9.0,144.0,2.9033564752003826,0.4632805201205502,0.19157603886881974,1.0,1.0
0.7368421052631579,0.7637626158259734,0.7916666666666667,0.9937789351851852,0.009889555555555556,0.017244444444444444,ArticularyWordRecognition,3,5,24.0,11,253,KNNOR-official-GPF (randmx=M*),0.53,1.765044683751352,64.0,9.0,144.0,2.874731022554162,0.2609936883816977,0.7551529422570717,1.0,2.0
0.7368421052631579,0.7637626158259734,0.7916666666666667,0.9982638888888888,0.009647888888888888,0.01725555555555556,ArticularyWordRecognition,3,5,24.0,11,253,KNNOR-official-raw (randmx=1),0.53,1.765044683751352,64.0,9.0,144.0,2.889377384639351,0.3934230601358417,0.22545869474896435,1.0,1.0
0.9565217391304348,0.9574271077563381,0.9583333333333333,0.9992766203703703,0.0058354814814814806,0.012511111111111112,ArticularyWordRecognition,3,5,24.0,11,253,hybrid GPF-nbrs/raw-walk (M raw-calibrated),0.53,1.765044683751352,64.0,9.0,144.0,2.0967466087825795,0.14862301193131167,1.0366252327350083,0.790625,1.7999999999999998
0.7368421052631579,0.7637626158259734,0.7916666666666667,0.9997106481481481,0.009924185185185185,0.026988888888888885,ArticularyWordRecognition,3,10,24.0,11,253,none (raw-flat RF),0.53,1.7650446837513503,,,,,,,,
0.7368421052631579,0.7637626158259734,0.7916666666666667,0.9895833333333334,0.011538370370370372,0.0208,ArticularyWordRecognition,3,10,24.0,11,253,none,0.53,1.7650446837513503,64.0,9.0,144.0,,,,,
0.7368421052631579,0.7637626158259734,0.7916666666666667,0.9973958333333334,0.010660185185185186,0.016344444444444443,ArticularyWordRecognition,3,10,24.0,11,253,SMOTE-raw,0.53,1.7650446837513503,64.0,9.0,144.0,1.753395951982732,0.21043145739206565,0.41847992148269714,,
0.7368421052631579,0.7637626158259734,0.7916666666666667,0.9976851851851852,0.010276925925925925,0.015811111111111113,ArticularyWordRecognition,3,10,24.0,11,253,chain-mean-GPF (PSSTO-style),0.53,1.7650446837513503,64.0,9.0,144.0,1.9957149478631493,0.282631569538364,0.3620644983919793,,
0.7368421052631579,0.7637626158259734,0.7916666666666667,0.9978298611111112,0.009149222222222222,0.016188888888888888,ArticularyWordRecognition,3,10,24.0,11,253,KNNOR-GPF (M=1),0.53,1.7650446837513503,64.0,9.0,144.0,2.501769027211333,0.3715889908057627,0.27265457911116286,1.0,1.0
0.9090909090909091,0.9128709291752769,0.9166666666666667,0.9946469907407408,0.007116814814814814,0.014399999999999996,ArticularyWordRecognition,3,10,24.0,11,253,KNNOR-GPF (M calibrated),0.53,1.7650446837513503,64.0,9.0,144.0,2.4216351101879887,0.19144676537185623,0.8147071211852479,0.9844357976653697,2.0
0.9565217391304348,0.9574271077563381,0.9583333333333333,0.9969618055555556,0.0057974444444444445,0.012433333333333334,ArticularyWordRecognition,3,10,24.0,11,253,hybrid GPF-nbrs/raw-walk (M calibrated),0.53,1.7650446837513503,64.0,9.0,144.0,2.3046527395597316,0.118819955879501,1.8429780404775473,0.790625,2.0
0.7368421052631579,0.7637626158259734,0.7916666666666667,0.9968171296296297,0.010073444444444444,0.01681111111111111,ArticularyWordRecognition,3,10,24.0,11,253,KNNOR-official-GPF (randmx=1),0.53,1.7650446837513503,64.0,9.0,144.0,2.8898763321184973,0.4818534475249375,0.16757415212912938,1.0,1.0
0.7368421052631579,0.7637626158259734,0.7916666666666667,0.9937789351851851,0.009553703703703703,0.0172,ArticularyWordRecognition,3,10,24.0,11,253,KNNOR-official-GPF (randmx=M*),0.53,1.7650446837513503,64.0,9.0,144.0,2.7630887982387886,0.3035771399050543,0.6963220799704666,1.0,2.0
0.7368421052631579,0.7637626158259734,0.7916666666666667,0.9976851851851852,0.009830481481481483,0.017455555555555557,ArticularyWordRecognition,3,10,24.0,11,253,KNNOR-official-raw (randmx=1),0.53,1.7650446837513503,64.0,9.0,144.0,3.161311624379074,0.4276362845301879,0.2087405631922723,1.0,1.0
0.9565217391304348,0.9574271077563381,0.9583333333333333,0.9982638888888888,0.0055535555555555555,0.010777777777777777,ArticularyWordRecognition,3,10,24.0,11,253,hybrid GPF-nbrs/raw-walk (M raw-calibrated),0.53,1.7650446837513503,64.0,9.0,144.0,1.9568216395659626,0.15117933432642827,0.9321922646576637,0.98828125,1.6
0.7368421052631579,0.7637626158259734,0.7916666666666667,0.9997106481481481,0.009974444444444446,0.026777777777777775,ArticularyWordRecognition,3,20,24.0,11,253,none (raw-flat RF),0.53,1.7650446837513485,,,,,,,,
0.7368421052631579,0.7637626158259734,0.7916666666666667,0.9958043981481481,0.01079825925925926,0.020566666666666667,ArticularyWordRecognition,3,20,24.0,11,253,none,0.53,1.7650446837513485,64.0,9.0,144.0,,,,,
0.7368421052631579,0.7637626158259734,0.7916666666666667,0.9975405092592593,0.01059362962962963,0.016133333333333333,ArticularyWordRecognition,3,20,24.0,11,253,SMOTE-raw,0.53,1.7650446837513485,64.0,9.0,144.0,1.7543300863996087,0.20579438498914843,0.4511846689641543,,
0.6666666666666666,0.7071067811865476,0.75,0.9978298611111112,0.010804555555555555,0.01625555555555556,ArticularyWordRecognition,3,20,24.0,11,253,chain-mean-GPF (PSSTO-style),0.53,1.7650446837513485,64.0,9.0,144.0,2.082260978091522,0.26343492695115067,0.4581882127549576,,
0.7368421052631579,0.7637626158259734,0.7916666666666667,0.9976851851851851,0.009754814814814817,0.01728888888888889,ArticularyWordRecognition,3,20,24.0,11,253,KNNOR-GPF (M=1),0.53,1.7650446837513485,64.0,9.0,144.0,2.5663902140927703,0.39618043431250727,0.24134991671498626,1.0,1.0
0.9090909090909091,0.9128709291752769,0.9166666666666667,0.9973958333333334,0.006792037037037038,0.013544444444444442,ArticularyWordRecognition,3,20,24.0,11,253,KNNOR-GPF (M calibrated),0.53,1.7650446837513485,64.0,9.0,144.0,2.4655986257316247,0.2119628008343757,0.742488876250673,0.98828125,2.0
0.9090909090909091,0.9128709291752769,0.9166666666666667,0.9969618055555556,0.0065015185185185185,0.013277777777777777,ArticularyWordRecognition,3,20,24.0,11,253,hybrid GPF-nbrs/raw-walk (M calibrated),0.53,1.7650446837513485,64.0,9.0,144.0,2.384108939384104,0.13889710104878028,1.613805148557495,0.790625,2.0
0.7368421052631579,0.7637626158259734,0.7916666666666667,0.9975405092592593,0.00998925925925926,0.017222222222222226,ArticularyWordRecognition,3,20,24.0,11,253,KNNOR-official-GPF (randmx=1),0.53,1.7650446837513485,64.0,9.0,144.0,2.869049312312642,0.4774886613125982,0.16350557838545735,1.0,1.0
0.7368421052631579,0.7637626158259734,0.7916666666666667,0.99609375,0.009231814814814816,0.0165,ArticularyWordRecognition,3,20,24.0,11,253,KNNOR-official-GPF (randmx=M*),0.53,1.7650446837513485,64.0,9.0,144.0,2.787425007565112,0.2910934385646094,0.6398767520619487,1.0,2.0
0.7368421052631579,0.7637626158259734,0.7916666666666667,0.9973958333333334,0.009556333333333333,0.017411111111111113,ArticularyWordRecognition,3,20,24.0,11,253,KNNOR-official-raw (randmx=1),0.53,1.7650446837513485,64.0,9.0,144.0,2.8974327057983196,0.3959492105767046,0.21300353130424005,1.0,1.0
0.9090909090909091,0.9128709291752769,0.9166666666666667,0.9992766203703703,0.005831185185185184,0.012044444444444446,ArticularyWordRecognition,3,20,24.0,11,253,hybrid GPF-nbrs/raw-walk (M raw-calibrated),0.53,1.7650446837513485,64.0,9.0,144.0,2.1699483608180703,0.1514027816276473,1.1185978077125844,0.790625,1.7999999999999998
0.7368421052631579,0.7637626158259734,0.7916666666666667,0.9997106481481481,0.010154037037037038,0.02638888888888889,ArticularyWordRecognition,4,5,24.0,11,253,none (raw-flat RF),0.53,1.7650446837513485,,,,,,,,
0.7368421052631579,0.7637626158259734,0.7916666666666667,0.9937789351851851,0.011474148148148148,0.021199999999999997,ArticularyWordRecognition,4,5,24.0,11,253,none,0.53,1.7650446837513485,64.0,9.0,144.0,,,,,
0.7368421052631579,0.7637626158259734,0.7916666666666667,0.997829861111111,0.009608074074074074,0.015444444444444446,ArticularyWordRecognition,4,5,24.0,11,253,SMOTE-raw,0.53,1.7650446837513485,64.0,9.0,144.0,1.7278304990805928,0.2086272148698352,0.433364310936973,,
0.7368421052631579,0.7637626158259734,0.7916666666666667,0.9973958333333333,0.010171481481481481,0.016955555555555557,ArticularyWordRecognition,4,5,24.0,11,253,chain-mean-GPF (PSSTO-style),0.53,1.7650446837513485,64.0,9.0,144.0,2.0785694582704117,0.3009227016727225,0.39331531549158955,,
0.7368421052631579,0.7637626158259734,0.7916666666666667,0.9991319444444444,0.009263888888888887,0.020544444444444445,ArticularyWordRecognition,4,5,24.0,11,253,KNNOR-GPF (M=1),0.53,1.7650446837513485,64.0,9.0,144.0,2.5900385298318778,0.39078422454566,0.24259484193692396,1.0,1.0
0.8571428571428571,0.8660254037844386,0.875,0.9988425925925926,0.006870185185185187,0.014033333333333332,ArticularyWordRecognition,4,5,24.0,11,253,KNNOR-GPF (M calibrated),0.53,1.7650446837513485,64.0,9.0,144.0,2.4901663039334796,0.20431685654674592,0.7884051431747658,0.9844357976653697,2.0
0.9565217391304348,0.9574271077563381,0.9583333333333333,0.9994212962962963,0.005577851851851851,0.014555555555555556,ArticularyWordRecognition,4,5,24.0,11,253,hybrid GPF-nbrs/raw-walk (M calibrated),0.53,1.7650446837513485,64.0,9.0,144.0,2.4829544926273925,0.13814064781338642,1.5867125749295101,0.790625,2.0
0.7368421052631579,0.7637626158259734,0.7916666666666667,0.9984085648148149,0.00939040740740741,0.01667777777777778,ArticularyWordRecognition,4,5,24.0,11,253,KNNOR-official-GPF (randmx=1),0.53,1.7650446837513485,64.0,9.0,144.0,2.7623286621611456,0.4419587881316416,0.19929849721250642,1.0,1.0
0.7368421052631579,0.7637626158259734,0.7916666666666667,0.9921875,0.008790555555555557,0.015344444444444447,ArticularyWordRecognition,4,5,24.0,11,253,KNNOR-official-GPF (randmx=M*),0.53,1.7650446837513485,64.0,9.0,144.0,2.871920948834532,0.23303354083195915,0.8694478690262292,1.0,2.0
0.7368421052631579,0.7637626158259734,0.7916666666666667,0.9979745370370372,0.009238296296296298,0.018333333333333333,ArticularyWordRecognition,4,5,24.0,11,253,KNNOR-official-raw (randmx=1),0.53,1.7650446837513485,64.0,9.0,144.0,2.8417763242384737,0.3903959676385975,0.21511457860087976,1.0,1.0
0.9565217391304348,0.9574271077563381,0.9583333333333333,0.9997106481481481,0.005386814814814816,0.01331111111111111,ArticularyWordRecognition,4,5,24.0,11,253,hybrid GPF-nbrs/raw-walk (M raw-calibrated),0.53,1.7650446837513485,64.0,9.0,144.0,2.1975335793923474,0.14598357424798325,1.1306954292871818,0.790625,1.7999999999999998
0.7368421052631579,0.7637626158259734,0.7916666666666667,0.9997106481481481,0.010267925925925927,0.025555555555555557,ArticularyWordRecognition,4,10,24.0,11,253,none (raw-flat RF),0.53,1.7650446837513485,,,,,,,,
0.7368421052631579,0.7637626158259734,0.7916666666666667,0.9950810185185184,0.01145248148148148,0.020344444444444443,ArticularyWordRecognition,4,10,24.0,11,253,none,0.53,1.7650446837513485,64.0,9.0,144.0,,,,,
0.7368421052631579,0.7637626158259734,0.7916666666666667,0.997829861111111,0.009631925925925926,0.015444444444444445,ArticularyWordRecognition,4,10,24.0,11,253,SMOTE-raw,0.53,1.7650446837513485,64.0,9.0,144.0,1.7476980829901834,0.21165843473952817,0.4187943129792964,,
0.7368421052631579,0.7637626158259734,0.7916666666666667,0.9976851851851851,0.009788592592592592,0.016466666666666664,ArticularyWordRecognition,4,10,24.0,11,253,chain-mean-GPF (PSSTO-style),0.53,1.7650446837513485,64.0,9.0,144.0,2.1196061886927815,0.3175511773051877,0.3747726606078816,,
0.7368421052631579,0.7637626158259734,0.7916666666666667,0.9988425925925926,0.009314518518518519,0.016711111111111114,ArticularyWordRecognition,4,10,24.0,11,253,KNNOR-GPF (M=1),0.53,1.7650446837513485,64.0,9.0,144.0,2.6687090419057053,0.39959652476741003,0.2501555604312073,1.0,1.0
0.8,0.816496580927726,0.8333333333333333,0.9963831018518519,0.007377703703703703,0.014111111111111114,ArticularyWordRecognition,4,10,24.0,11,253,KNNOR-GPF (M calibrated),0.53,1.7650446837513485,64.0,9.0,144.0,2.571396626764532,0.21558183764337452,0.7493460695486082,0.9921568627450981,2.0
0.9565217391304348,0.9574271077563381,0.9583333333333333,0.9953703703703703,0.005646111111111112,0.013655555555555556,ArticularyWordRecognition,4,10,24.0,11,253,hybrid GPF-nbrs/raw-walk (M calibrated),0.53,1.7650446837513485,64.0,9.0,144.0,2.488380932257561,0.13657512833995233,1.8099360388048948,0.98828125,2.0
0.7368421052631579,0.7637626158259734,0.7916666666666667,0.9991319444444445,0.009640666666666667,0.016555555555555556,ArticularyWordRecognition,4,10,24.0,11,253,KNNOR-official-GPF (randmx=1),0.53,1.7650446837513485,64.0,9.0,144.0,2.73951305558756,0.44039488841667107,0.20153275939984908,1.0,1.0
0.7368421052631579,0.7637626158259734,0.7916666666666667,0.9884259259259259,0.009277592592592592,0.015544444444444448,ArticularyWordRecognition,4,10,24.0,11,253,KNNOR-official-GPF (randmx=M*),0.53,1.7650446837513485,64.0,9.0,144.0,2.9129588567743436,0.22998090340849525,0.9511007167283044,1.0,2.0
0.7368421052631579,0.7637626158259734,0.7916666666666667,0.998263888888889,0.009335592592592592,0.015166666666666669,ArticularyWordRecognition,4,10,24.0,11,253,KNNOR-official-raw (randmx=1),0.53,1.7650446837513485,64.0,9.0,144.0,2.6795846458505572,0.3752981368763144,0.24856350542367975,1.0,1.0
0.9090909090909091,0.9128709291752769,0.9166666666666667,0.9986979166666667,0.006217074074074073,0.013499999999999998,ArticularyWordRecognition,4,10,24.0,11,253,hybrid GPF-nbrs/raw-walk (M raw-calibrated),0.53,1.7650446837513485,64.0,9.0,144.0,2.175710688433554,0.17496038215311027,0.8773758409831086,0.98828125,1.6
0.7368421052631579,0.7637626158259734,0.7916666666666667,0.9997106481481481,0.01011551851851852,0.02676666666666667,ArticularyWordRecognition,4,20,24.0,11,253,none (raw-flat RF),0.53,1.7650446837513574,,,,,,,,
0.7368421052631579,0.7637626158259734,0.7916666666666667,0.9950810185185186,0.01124125925925926,0.020511111111111112,ArticularyWordRecognition,4,20,24.0,11,253,none,0.53,1.7650446837513574,64.0,9.0,144.0,,,,,
0.7368421052631579,0.7637626158259734,0.7916666666666667,0.9978298611111112,0.009845296296296296,0.015655555555555555,ArticularyWordRecognition,4,20,24.0,11,253,SMOTE-raw,0.53,1.7650446837513574,64.0,9.0,144.0,1.6577710630982132,0.20166547434690008,0.46082547810774305,,
0.7368421052631579,0.7637626158259734,0.7916666666666667,0.9978298611111109,0.00931325925925926,0.016444444444444442,ArticularyWordRecognition,4,20,24.0,11,253,chain-mean-GPF (PSSTO-style),0.53,1.7650446837513574,64.0,9.0,144.0,2.1975045780736853,0.32589142594796083,0.3369787865479966,,
0.7368421052631579,0.7637626158259734,0.7916666666666667,0.9976851851851852,0.00923974074074074,0.01638888888888889,ArticularyWordRecognition,4,20,24.0,11,253,KNNOR-GPF (M=1),0.53,1.7650446837513574,64.0,9.0,144.0,2.699259366254335,0.39425465501587154,0.23848956837078958,1.0,1.0
0.9090909090909091,0.9128709291752769,0.9166666666666667,0.9972511574074074,0.006837814814814814,0.015633333333333336,ArticularyWordRecognition,4,20,24.0,11,253,KNNOR-GPF (M calibrated),0.53,1.7650446837513574,64.0,9.0,144.0,2.778169998610366,0.2266018022327756,0.7503493464659259,0.9844357976653697,2.0
0.9090909090909091,0.9128709291752769,0.9166666666666667,0.9946469907407407,0.006273037037037037,0.01537777777777778,ArticularyWordRecognition,4,20,24.0,11,253,hybrid GPF-nbrs/raw-walk (M calibrated),0.53,1.7650446837513574,64.0,9.0,144.0,2.6874170011578684,0.16008046034313517,1.4104715910782737,0.790625,2.0
0.7368421052631579,0.7637626158259734,0.7916666666666667,0.9969618055555556,0.010147222222222222,0.017300000000000003,ArticularyWordRecognition,4,20,24.0,11,253,KNNOR-official-GPF (randmx=1),0.53,1.7650446837513574,64.0,9.0,144.0,2.7280915231459595,0.4404205857097597,0.2117891104859109,1.0,1.0
0.7368421052631579,0.7637626158259734,0.7916666666666667,0.9913194444444444,0.009185111111111113,0.016022222222222226,ArticularyWordRecognition,4,20,24.0,11,253,KNNOR-official-GPF (randmx=M*),0.53,1.7650446837513574,64.0,9.0,144.0,2.6538575041258383,0.2181309817801953,0.9803136397583709,1.0,2.0
0.7368421052631579,0.7637626158259734,0.7916666666666667,0.998263888888889,0.00885674074074074,0.017422222222222224,ArticularyWordRecognition,4,20,24.0,11,253,KNNOR-official-raw (randmx=1),0.53,1.7650446837513574,64.0,9.0,144.0,2.938333758202308,0.4039708597353746,0.2181257250749507,1.0,1.0
0.9090909090909091,0.9128709291752769,0.9166666666666667,0.9986979166666667,0.006002222222222222,0.01417777777777778,ArticularyWordRecognition,4,20,24.0,11,253,hybrid GPF-nbrs/raw-walk (M raw-calibrated),0.53,1.7650446837513574,64.0,9.0,144.0,2.412716971839746,0.16665624775606502,1.0266863002786233,0.790625,1.7999999999999998
0.978021978021978,0.9782582722940951,0.978494623655914,0.9998118479731624,0.0025946146703806866,0.0058913649025069586,CharacterTrajectories,0,5,14.3,93,1236,none (raw-flat RF),0.828,0.1521028794887318,,,,,,,,
0.9723756906077348,0.9727469142278401,0.9731182795698925,0.9999199353077286,0.003036397400185701,0.0072330547818012965,CharacterTrajectories,0,5,14.3,93,1236,none,0.828,0.1521028794887318,64.0,3.0,182.0,,,,,
0.978021978021978,0.9782582722940951,0.978494623655914,0.9998758997269794,0.002247237697307335,0.005169452181987,CharacterTrajectories,0,5,14.3,93,1236,SMOTE-raw,0.828,0.1521028794887318,64.0,3.0,182.0,0.18423807143880655,0.02829596970545034,0.723382894735012,,
0.978021978021978,0.9782582722940951,0.978494623655914,0.999851880319298,0.0023701176106468587,0.005441039925719593,CharacterTrajectories,0,5,14.3,93,1236,chain-mean-GPF (PSSTO-style),0.828,0.1521028794887318,64.0,3.0,182.0,0.21661290135607825,0.03795736403182859,0.6800370469863822,,
0.9666666666666667,0.9672041516493516,0.967741935483871,0.9998438738500708,0.0028071649644073045,0.005947075208913656,CharacterTrajectories,0,5,14.3,93,1236,KNNOR-GPF (M=1),0.828,0.1521028794887318,64.0,3.0,182.0,0.4392953757256315,0.1053084060515383,0.4005647229858955,1.0,1.0
0.9836065573770492,0.9837387536759294,0.9838709677419355,0.9997798220962537,0.002197957288765088,0.005854224698235836,CharacterTrajectories,0,5,14.3,93,1236,KNNOR-GPF (M calibrated),0.828,0.1521028794887318,64.0,3.0,182.0,0.2224435508764513,0.03131727304687071,0.7745610062314496,1.0,1.7999999999999998
0.9891304347826086,0.9891888715790903,0.989247311827957,0.9998078447385487,0.0020795496750232127,0.005564066852367689,CharacterTrajectories,0,5,14.3,93,1236,hybrid GPF-nbrs/raw-walk (M calibrated),0.828,0.1521028794887318,64.0,3.0,182.0,0.2136995923237155,0.03024320423136828,0.8092291334593115,0.965625,1.7999999999999998
0.9723756906077348,0.9727469142278401,0.9731182795698925,0.9998678932577523,0.002668717115444135,0.00640436397400186,CharacterTrajectories,0,5,14.3,93,1236,KNNOR-official-GPF (randmx=1),0.828,0.1521028794887318,64.0,3.0,182.0,0.4890486063316466,0.11335736904829297,0.3872718518180614,1.0,1.0
0.9891304347826086,0.9891888715790903,0.989247311827957,0.9998438738500709,0.0020140513772825747,0.0062349117920148574,CharacterTrajectories,0,5,14.3,93,1236,KNNOR-official-GPF (randmx=M*),0.828,0.1521028794887318,64.0,3.0,182.0,0.29699990220872063,0.049409222224150784,0.6929377840822778,0.9983844911147012,1.7999999999999998
0.9723756906077348,0.9727469142278401,0.9731182795698925,0.9998438738500708,0.0026915506035283194,0.006796657381615591,CharacterTrajectories,0,5,14.3,93,1236,KNNOR-official-raw (randmx=1),0.828,0.1521028794887318,64.0,3.0,182.0,0.4885836497873921,0.10414628852052499,0.4065986609232096,1.0,1.0
0.9891304347826086,0.9891888715790903,0.989247311827957,0.9998078447385487,0.0020795496750232127,0.005564066852367689,CharacterTrajectories,0,5,14.3,93,1236,hybrid GPF-nbrs/raw-walk (M raw-calibrated),0.828,0.1521028794887318,64.0,3.0,182.0,0.2136995923237155,0.03024320423136828,0.8092291334593115,0.965625,1.7999999999999998
0.978021978021978,0.9782582722940951,0.978494623655914,0.9998558835539115,0.0026246285979572887,0.005749767873723307,CharacterTrajectories,0,10,14.3,93,1236,none (raw-flat RF),0.828,0.15210287948873003,,,,,,,,
0.9723756906077348,0.9727469142278401,0.9731182795698925,0.9999119288385014,0.0030445218198700097,0.007056638811513453,CharacterTrajectories,0,10,14.3,93,1236,none,0.828,0.15210287948873003,64.0,3.0,182.0,,,,,
0.978021978021978,0.9782582722940951,0.978494623655914,0.9998558835539115,0.002235051067780873,0.005752089136490249,CharacterTrajectories,0,10,14.3,93,1236,SMOTE-raw,0.828,0.15210287948873003,64.0,3.0,182.0,0.20453281557182024,0.03294775484116286,0.6840349334659339,,
0.9723756906077348,0.9727469142278401,0.9731182795698925,0.9998959159000471,0.0023931600123800684,0.005775301764159694,CharacterTrajectories,0,10,14.3,93,1236,chain-mean-GPF (PSSTO-style),0.828,0.15210287948873003,64.0,3.0,182.0,0.2443026605191756,0.04286314953252002,0.6455807178762669,,
0.9723756906077348,0.9727469142278401,0.9731182795698925,0.9998999191346608,0.002817889198390591,0.006216341689879295,CharacterTrajectories,0,10,14.3,93,1236,KNNOR-GPF (M=1),0.828,0.15210287948873003,64.0,3.0,182.0,0.40345969585362873,0.09348172756121009,0.424986763193284,1.0,1.0
0.9891304347826086,0.9891888715790903,0.989247311827957,0.9998158512077758,0.002182497678737233,0.00596100278551532,CharacterTrajectories,0,10,14.3,93,1236,KNNOR-GPF (M calibrated),0.828,0.15210287948873003,64.0,3.0,182.0,0.20071872585370176,0.02711377889463462,0.7992463617223856,1.0,1.7999999999999998
0.9836065573770492,0.9837387536759294,0.9838709677419355,0.9998198544423894,0.002185027855153203,0.005735840297121628,CharacterTrajectories,0,10,14.3,93,1236,hybrid GPF-nbrs/raw-walk (M calibrated),0.828,0.15210287948873003,64.0,3.0,182.0,0.1929596805624625,0.02562219259285159,0.850606055735988,0.965625,1.7999999999999998
0.9723756906077348,0.9727469142278401,0.9731182795698925,0.9998999191346608,0.0026533813060971834,0.005958681522748363,CharacterTrajectories,0,10,14.3,93,1236,KNNOR-official-GPF (randmx=1),0.828,0.15210287948873003,64.0,3.0,182.0,0.5027229182323794,0.11739361175743224,0.3792254324571128,1.0,1.0
0.9891304347826086,0.9891888715790903,0.989247311827957,0.999823857677003,0.002235917672547199,0.006810584958217275,CharacterTrajectories,0,10,14.3,93,1236,KNNOR-official-GPF (randmx=M*),0.828,0.15210287948873003,64.0,3.0,182.0,0.31483509188574654,0.05391092006531939,0.686046613885849,0.9983844911147012,1.7999999999999998
0.9723756906077348,0.9727469142278401,0.9731182795698925,0.9998478770846845,0.0026343392138656763,0.006313834726090993,CharacterTrajectories,0,10,14.3,93,1236,KNNOR-official-raw (randmx=1),0.828,0.15210287948873003,64.0,3.0,182.0,0.5111510168945195,0.11154643335767755,0.3910136990878604,1.0,1.0
0.9836065573770492,0.9837387536759294,0.9838709677419355,0.9998198544423894,0.002185027855153203,0.005735840297121628,CharacterTrajectories,0,10,14.3,93,1236,hybrid GPF-nbrs/raw-walk (M raw-calibrated),0.828,0.15210287948873003,64.0,3.0,182.0,0.1929596805624625,0.02562219259285159,0.850606055735988,0.965625,1.7999999999999998
0.9723756906077348,0.9727469142278401,0.9731182795698925,0.9998078447385488,0.002952770040235221,0.006857010213556182,CharacterTrajectories,0,20,20.1,66,1263,none (raw-flat RF),0.828,0.22043703479881227,,,,,,,,
0.9666666666666667,0.9672041516493516,0.967741935483871,0.9999039223692744,0.0034597802537913963,0.008314763231197767,CharacterTrajectories,0,20,20.1,66,1263,none,0.828,0.22043703479881227,64.0,3.0,182.0,,,,,
0.9666666666666667,0.9672041516493516,0.967741935483871,0.9998398706154574,0.002579766326214794,0.00597725162488394,CharacterTrajectories,0,20,20.1,66,1263,SMOTE-raw,0.828,0.22043703479881227,64.0,3.0,182.0,0.255933560650603,0.040074455180759805,0.6826200239300816,,
0.9723756906077348,0.9727469142278401,0.9731182795698925,0.9998478770846844,0.002672802537913958,0.006223305478180119,CharacterTrajectories,0,20,20.1,66,1263,chain-mean-GPF (PSSTO-style),0.828,0.22043703479881227,64.0,3.0,182.0,0.2988789185933278,0.051002969096575534,0.6226036511457965,,
0.9666666666666667,0.9672041516493516,0.967741935483871,0.9998638900231387,0.0031878675332714327,0.007274837511606313,CharacterTrajectories,0,20,20.1,66,1263,KNNOR-GPF (M=1),0.828,0.22043703479881227,64.0,3.0,182.0,0.550007162209253,0.12343381360867167,0.37930479444641246,1.0,1.0
0.9723756906077348,0.9727469142278401,0.9731182795698925,0.999823857677003,0.0025590606623336425,0.006009749303621166,CharacterTrajectories,0,20,20.1,66,1263,KNNOR-GPF (M calibrated),0.828,0.22043703479881227,64.0,3.0,182.0,0.34367571249078477,0.041967367372249376,0.827321449815898,0.9984189723320158,1.7999999999999998
0.9723756906077348,0.9727469142278401,0.9731182795698925,0.9997638091577995,0.002717216032188177,0.006292943361188494,CharacterTrajectories,0,20,20.1,66,1263,hybrid GPF-nbrs/raw-walk (M calibrated),0.828,0.22043703479881227,64.0,3.0,182.0,0.3622599805911584,0.03998819205631965,0.9104024585620796,0.98671875,1.7999999999999998
0.9666666666666667,0.9672041516493516,0.967741935483871,0.9998438738500709,0.0033459532652429596,0.007838904363973997,CharacterTrajectories,0,20,20.1,66,1263,KNNOR-official-GPF (randmx=1),0.828,0.22043703479881227,64.0,3.0,182.0,0.6122720387724296,0.13860244567645863,0.35744308250799006,1.0,1.0
0.978021978021978,0.9782582722940951,0.978494623655914,0.999851880319298,0.0026531414422779325,0.006615598885793862,CharacterTrajectories,0,20,20.1,66,1263,KNNOR-official-GPF (randmx=M*),0.828,0.22043703479881227,64.0,3.0,182.0,0.46903253059264216,0.06993991568375302,0.6792557099165003,0.9968429360694554,1.7999999999999998
0.9608938547486033,0.9616294415187686,0.9623655913978495,0.9998398706154573,0.003199102445063447,0.007274837511606313,CharacterTrajectories,0,20,20.1,66,1263,KNNOR-official-raw (randmx=1),0.828,0.22043703479881227,64.0,3.0,182.0,0.6304926020644697,0.13157322165486524,0.39312135998560177,1.0,1.0
0.9723756906077348,0.9727469142278401,0.9731182795698925,0.9997638091577995,0.002717216032188177,0.006292943361188494,CharacterTrajectories,0,20,20.1,66,1263,hybrid GPF-nbrs/raw-walk (M raw-calibrated),0.828,0.22043703479881227,64.0,3.0,182.0,0.3622599805911584,0.03998819205631965,0.9104024585620796,0.98671875,1.7999999999999998
0.9836065573770492,0.9837387536759294,0.9838709677419355,0.9998999191346607,0.002507598266790467,0.006411327762302691,CharacterTrajectories,1,5,14.3,93,1236,none (raw-flat RF),0.828,0.15210287948873003,,,,,,,,
0.978021978021978,0.9782582722940951,0.978494623655914,0.9998959159000472,0.0029146549056019806,0.007683379758588678,CharacterTrajectories,1,5,14.3,93,1236,none,0.828,0.15210287948873003,64.0,3.0,182.0,,,,,
0.9836065573770492,0.9837387536759294,0.9838709677419355,0.9998438738500708,0.002212480656143609,0.005164809656453109,CharacterTrajectories,1,5,14.3,93,1236,SMOTE-raw,0.828,0.15210287948873003,64.0,3.0,182.0,0.1984472287362955,0.03112713090858532,0.6994146024733368,,
0.9723756906077348,0.9727469142278401,0.9731182795698925,0.9998558835539115,0.0023006731662024143,0.005294800371402035,CharacterTrajectories,1,5,14.3,93,1236,chain-mean-GPF (PSSTO-style),0.828,0.15210287948873003,64.0,3.0,182.0,0.2472491884807546,0.04282602125189905,0.6581893343464528,,
0.9723756906077348,0.9727469142278401,0.9731182795698925,0.9998919126654336,0.002698537604456825,0.006464716805942432,CharacterTrajectories,1,5,14.3,93,1236,KNNOR-GPF (M=1),0.828,0.15210287948873003,64.0,3.0,182.0,0.4302848461057778,0.10160588510343538,0.40529959278067723,1.0,1.0
0.9891304347826086,0.9891888715790903,0.989247311827957,0.9997918318000945,0.0020153203342618384,0.006146703806870924,CharacterTrajectories,1,5,14.3,93,1236,KNNOR-GPF (M calibrated),0.828,0.15210287948873003,64.0,3.0,182.0,0.19056312715493817,0.02287623261591365,0.9265124360954655,1.0,2.0
0.9891304347826086,0.9891888715790903,0.989247311827957,0.999823857677003,0.0020422237697307337,0.006557567316620254,CharacterTrajectories,1,5,14.3,93,1236,hybrid GPF-nbrs/raw-walk (M calibrated),0.828,0.15210287948873003,64.0,3.0,182.0,0.1865842629771013,0.021813298075300858,1.0368162356060753,0.965625,2.0
0.9723756906077348,0.9727469142278401,0.9731182795698925,0.9998758997269794,0.002741140513772825,0.006288300835654604,CharacterTrajectories,1,5,14.3,93,1236,KNNOR-official-GPF (randmx=1),0.828,0.15210287948873003,64.0,3.0,182.0,0.5019325234288115,0.11574220778371513,0.38747147027627543,1.0,1.0
0.9891304347826086,0.9891888715790903,0.989247311827957,0.9997918318000945,0.002433132157226865,0.008370473537604443,CharacterTrajectories,1,5,14.3,93,1236,KNNOR-official-GPF (randmx=M*),0.828,0.15210287948873003,64.0,3.0,182.0,0.2662285220438516,0.04006160306079343,0.9429033641248902,0.9967741935483871,2.0
0.9723756906077348,0.9727469142278401,0.9731182795698925,0.9998879094308201,0.0025838130609718356,0.006118848653667614,CharacterTrajectories,1,5,14.3,93,1236,KNNOR-official-raw (randmx=1),0.828,0.15210287948873003,64.0,3.0,182.0,0.4898483218470826,0.10745942500463374,0.3976924984490462,1.0,1.0
0.9891304347826086,0.9891888715790903,0.989247311827957,0.999823857677003,0.002079580625193439,0.005800835654596102,CharacterTrajectories,1,5,14.3,93,1236,hybrid GPF-nbrs/raw-walk (M raw-calibrated),0.828,0.15210287948873003,64.0,3.0,182.0,0.22086742282011684,0.03158733283101456,0.7921089990986158,0.965625,1.7999999999999998
0.978021978021978,0.9782582722940951,0.978494623655914,0.9998678932577523,0.002587859795728877,0.006214020427112347,CharacterTrajectories,1,10,14.3,93,1236,none (raw-flat RF),0.828,0.15210287948873003,,,,,,,,
0.9723756906077348,0.9727469142278401,0.9731182795698925,0.999879902961593,0.0030040389972144843,0.007038068709377893,CharacterTrajectories,1,10,14.3,93,1236,none,0.828,0.15210287948873003,64.0,3.0,182.0,,,,,
0.9836065573770492,0.9837387536759294,0.9838709677419355,0.9998638900231387,0.0021837511606313835,0.005292479108635085,CharacterTrajectories,1,10,14.3,93,1236,SMOTE-raw,0.828,0.15210287948873003,64.0,3.0,182.0,0.19803725965466867,0.03064033861026272,0.7036516797739525,,
0.9836065573770492,0.9837387536759294,0.9838709677419355,0.9998558835539115,0.002239322191272052,0.005269266480965642,CharacterTrajectories,1,10,14.3,93,1236,chain-mean-GPF (PSSTO-style),0.828,0.15210287948873003,64.0,3.0,182.0,0.22407686309536778,0.03983736476166666,0.6624291540410459,,
0.978021978021978,0.9782582722940951,0.978494623655914,0.9998478770846845,0.002670759826679047,0.00730965645311048,CharacterTrajectories,1,10,14.3,93,1236,KNNOR-GPF (M=1),0.828,0.15210287948873003,64.0,3.0,182.0,0.43080583394727423,0.1013072477747155,0.4055514429269134,1.0,1.0
0.9891304347826086,0.9891888715790903,0.989247311827957,0.9997918318000945,0.0020616991643454038,0.006248839368616526,CharacterTrajectories,1,10,14.3,93,1236,KNNOR-GPF (M calibrated),0.828,0.15210287948873003,64.0,3.0,182.0,0.19837447859884083,0.02289996324255683,0.9286107638231912,1.0,2.0
0.9891304347826086,0.9891888715790903,0.989247311827957,0.999879902961593,0.0019932296502630765,0.006413649025069632,CharacterTrajectories,1,10,14.3,93,1236,hybrid GPF-nbrs/raw-walk (M calibrated),0.828,0.15210287948873003,64.0,3.0,182.0,0.1857634900561944,0.021339478027616043,1.0155754660540877,0.965625,2.0
0.9723756906077348,0.9727469142278401,0.9731182795698925,0.9998558835539115,0.0028296270504487775,0.006102599814298974,CharacterTrajectories,1,10,14.3,93,1236,KNNOR-official-GPF (randmx=1),0.828,0.15210287948873003,64.0,3.0,182.0,0.4961044336741045,0.11736029357683286,0.3803020906029463,1.0,1.0
0.9891304347826086,0.9891888715790903,0.989247311827957,0.9998318641462302,0.002269521819870009,0.007843546889507887,CharacterTrajectories,1,10,14.3,93,1236,KNNOR-official-GPF (randmx=M*),0.828,0.15210287948873003,64.0,3.0,182.0,0.2544892601018658,0.037758507943811415,0.9831410229805825,0.9991915925626516,2.0
0.9836065573770492,0.9837387536759294,0.9838709677419355,0.9998438738500708,0.0025943438563912104,0.006209377901578464,CharacterTrajectories,1,10,14.3,93,1236,KNNOR-official-raw (randmx=1),0.828,0.15210287948873003,64.0,3.0,182.0,0.4819450957554059,0.10917234868160053,0.38991774626698217,1.0,1.0
0.9891304347826086,0.9891888715790903,0.989247311827957,0.9998558835539115,0.001990034045187249,0.006350974930362122,CharacterTrajectories,1,10,14.3,93,1236,hybrid GPF-nbrs/raw-walk (M raw-calibrated),0.828,0.15210287948873003,64.0,3.0,182.0,0.22270082181329087,0.031287124056378346,0.784940261400029,0.965625,1.7999999999999998
0.9723756906077348,0.9727469142278401,0.9731182795698925,0.9998799029615929,0.002776330857319715,0.007110027855153213,CharacterTrajectories,1,20,20.1,66,1263,none (raw-flat RF),0.828,0.1791380900447903,,,,,,,,
0.9723756906077348,0.9727469142278401,0.9731182795698925,0.999879902961593,0.003207288765088208,0.008207985143918274,CharacterTrajectories,1,20,20.1,66,1263,none,0.828,0.1791380900447903,64.0,3.0,182.0,,,,,
0.9836065573770492,0.9837387536759294,0.9838709677419355,0.9999039223692743,0.002340475085112968,0.005749767873723301,CharacterTrajectories,1,20,20.1,66,1263,SMOTE-raw,0.828,0.1791380900447903,64.0,3.0,182.0,0.21630872281441338,0.033778236711073606,0.682950457527456,,
0.9836065573770492,0.9837387536759294,0.9838709677419355,0.9998718964923659,0.0023733519034354693,0.00557103064066853,CharacterTrajectories,1,20,20.1,66,1263,chain-mean-GPF (PSSTO-style),0.828,0.1791380900447903,64.0,3.0,182.0,0.2449970916201858,0.04291341248821967,0.6385874823097606,,
0.978021978021978,0.9782582722940951,0.978494623655914,0.9998398706154572,0.002687186629526462,0.007177344475394617,CharacterTrajectories,1,20,20.1,66,1263,KNNOR-GPF (M=1),0.828,0.1791380900447903,64.0,3.0,182.0,0.4557317979228248,0.1011802092818806,0.4262204450385342,1.0,1.0
0.9836065573770492,0.9837387536759294,0.9838709677419355,0.9998558835539115,0.001945721138966264,0.006079387186629533,CharacterTrajectories,1,20,20.1,66,1263,KNNOR-GPF (M calibrated),0.828,0.1791380900447903,64.0,3.0,182.0,0.2817328744738301,0.03802671591939044,0.8071419256697191,1.0,1.7999999999999998
0.9891304347826086,0.9891888715790903,0.989247311827957,0.9997878285654809,0.0019398715567935623,0.005851903435468895,CharacterTrajectories,1,20,20.1,66,1263,hybrid GPF-nbrs/raw-walk (M calibrated),0.828,0.1791380900447903,64.0,3.0,182.0,0.28462362110546824,0.036500625887767035,0.8714949522262229,0.98671875,1.7999999999999998
0.9723756906077348,0.9727469142278401,0.9731182795698925,0.9998678932577523,0.002699690498297741,0.006081708449396465,CharacterTrajectories,1,20,20.1,66,1263,KNNOR-official-GPF (randmx=1),0.828,0.1791380900447903,64.0,3.0,182.0,0.43043197095522334,0.09993119297470793,0.4236838312469551,1.0,1.0
0.9836065573770492,0.9837387536759294,0.9838709677419355,0.999787828565481,0.002238432373878056,0.0063672237697307375,CharacterTrajectories,1,20,20.1,66,1263,KNNOR-official-GPF (randmx=M*),0.828,0.1791380900447903,64.0,3.0,182.0,0.27894165217160793,0.044033935944079006,0.7383224498632286,1.0,1.7999999999999998
0.9723756906077348,0.9727469142278401,0.9731182795698925,0.9998919126654338,0.0028175023212627668,0.007028783658310131,CharacterTrajectories,1,20,20.1,66,1263,KNNOR-official-raw (randmx=1),0.828,0.1791380900447903,64.0,3.0,182.0,0.5405389783297441,0.12700155711398275,0.350294957072267,1.0,1.0
0.9891304347826086,0.9891888715790903,0.989247311827957,0.9997878285654809,0.0019398715567935623,0.005851903435468895,CharacterTrajectories,1,20,20.1,66,1263,hybrid GPF-nbrs/raw-walk (M raw-calibrated),0.828,0.1791380900447903,64.0,3.0,182.0,0.28462362110546824,0.036500625887767035,0.8714949522262229,0.98671875,1.7999999999999998
0.978021978021978,0.9782582722940951,0.978494623655914,0.9998558835539115,0.002559610027855154,0.006564531104921069,CharacterTrajectories,2,5,14.3,93,1236,none (raw-flat RF),0.828,0.15210287948872914,,,,,,,,
0.9723756906077348,0.9727469142278401,0.9731182795698925,0.9998678932577523,0.00323430826369545,0.007302692664809644,CharacterTrajectories,2,5,14.3,93,1236,none,0.828,0.15210287948872914,64.0,3.0,182.0,,,,,
0.978021978021978,0.9782582722940951,0.978494623655914,0.9998718964923657,0.002292835035592696,0.00528319405756731,CharacterTrajectories,2,5,14.3,93,1236,SMOTE-raw,0.828,0.15210287948872914,64.0,3.0,182.0,0.19718240499677098,0.03155247387023297,0.7022115045823631,,
0.9723756906077348,0.9727469142278401,0.9731182795698925,0.9998558835539115,0.0024983828536056948,0.005550139275766013,CharacterTrajectories,2,5,14.3,93,1236,chain-mean-GPF (PSSTO-style),0.828,0.15210287948872914,64.0,3.0,182.0,0.2446996447007761,0.043317795759927114,0.6590778113739465,,
0.9666666666666667,0.9672041516493516,0.967741935483871,0.9998238576770031,0.0029078303930671623,0.0063834726090993485,CharacterTrajectories,2,5,14.3,93,1236,KNNOR-GPF (M=1),0.828,0.15210287948872914,64.0,3.0,182.0,0.42283607179546134,0.09940725540595874,0.41228608162907276,1.0,1.0
0.9891304347826086,0.9891888715790903,0.989247311827957,0.999731783280891,0.0022325054162797894,0.005972609099350045,CharacterTrajectories,2,5,14.3,93,1236,KNNOR-GPF (M calibrated),0.828,0.15210287948872914,64.0,3.0,182.0,0.22129295792495451,0.030874401564645715,0.7809165110456153,1.0,1.7999999999999998
0.9836065573770492,0.9837387536759294,0.9838709677419355,0.9998078447385488,0.0022105926957598264,0.005810120705663886,CharacterTrajectories,2,5,14.3,93,1236,hybrid GPF-nbrs/raw-walk (M calibrated),0.828,0.15210287948872914,64.0,3.0,182.0,0.21672826345916896,0.029725632480792408,0.8313969683373167,0.965625,1.7999999999999998
0.9723756906077348,0.9727469142278401,0.9731182795698925,0.9998358673808437,0.002810507582791706,0.00701949860724233,CharacterTrajectories,2,5,14.3,93,1236,KNNOR-official-GPF (randmx=1),0.828,0.15210287948872914,64.0,3.0,182.0,0.5243499074243028,0.12122580828481261,0.37896621664843294,1.0,1.0
0.9836065573770492,0.9837387536759294,0.9838709677419355,0.9997838253308673,0.002338409161250387,0.006949860724233986,CharacterTrajectories,2,5,14.3,93,1236,KNNOR-official-GPF (randmx=M*),0.828,0.15210287948872914,64.0,3.0,182.0,0.347032642148414,0.06089176389541684,0.6648281380124552,0.9967741935483871,1.7999999999999998
0.9666666666666667,0.9672041516493516,0.967741935483871,0.9998758997269794,0.0027019885484370165,0.007151810584958222,CharacterTrajectories,2,5,14.3,93,1236,KNNOR-official-raw (randmx=1),0.828,0.15210287948872914,64.0,3.0,182.0,0.5270063168243997,0.11593998942145645,0.3821762315443808,1.0,1.0
0.9836065573770492,0.9837387536759294,0.9838709677419355,0.9998078447385488,0.0022105926957598264,0.005810120705663886,CharacterTrajectories,2,5,14.3,93,1236,hybrid GPF-nbrs/raw-walk (M raw-calibrated),0.828,0.15210287948872914,64.0,3.0,182.0,0.21672826345916896,0.029725632480792408,0.8313969683373167,0.965625,1.7999999999999998
0.978021978021978,0.9782582722940951,0.978494623655914,0.999879902961593,0.002568763540699474,0.006130454967502315,CharacterTrajectories,2,10,14.3,93,1236,none (raw-flat RF),0.828,0.15210287948872825,,,,,,,,
0.9723756906077348,0.9727469142278401,0.9731182795698925,0.9998558835539116,0.0031187248529866924,0.00653667595171773,CharacterTrajectories,2,10,14.3,93,1236,none,0.828,0.15210287948872825,64.0,3.0,182.0,,,,,
0.978021978021978,0.9782582722940951,0.978494623655914,0.9998358673808437,0.0023628056329309814,0.005443361188486531,CharacterTrajectories,2,10,14.3,93,1236,SMOTE-raw,0.828,0.15210287948872825,64.0,3.0,182.0,0.20524478632888776,0.0319607087017163,0.7174161399494096,,
0.9723756906077348,0.9727469142278401,0.9731182795698925,0.999879902961593,0.002452940266171464,0.005752089136490243,CharacterTrajectories,2,10,14.3,93,1236,chain-mean-GPF (PSSTO-style),0.828,0.15210287948872825,64.0,3.0,182.0,0.27984440026371615,0.04712574468113562,0.6501119833017377,,
0.9666666666666667,0.9672041516493516,0.967741935483871,0.9998558835539115,0.0029427886103373566,0.007414113277623023,CharacterTrajectories,2,10,14.3,93,1236,KNNOR-GPF (M=1),0.828,0.15210287948872825,64.0,3.0,182.0,0.42062848109597883,0.09876407857431324,0.4151772634594963,1.0,1.0
0.9891304347826086,0.9891888715790903,0.989247311827957,0.9996357056501652,0.0022227483751160633,0.006541318477251616,CharacterTrajectories,2,10,14.3,93,1236,KNNOR-GPF (M calibrated),0.828,0.15210287948872825,64.0,3.0,182.0,0.186747423783717,0.021077511185877085,0.9853298328907258,1.0,2.0
0.9891304347826086,0.9891888715790903,0.989247311827957,0.9998478770846844,0.0021104147322810276,0.006764159702878372,CharacterTrajectories,2,10,14.3,93,1236,hybrid GPF-nbrs/raw-walk (M calibrated),0.828,0.15210287948872825,64.0,3.0,182.0,0.18727568173021236,0.019937464816886075,1.1047213154674296,0.965625,2.0
0.9666666666666667,0.9672041516493516,0.967741935483871,0.9998198544423895,0.002946850820179511,0.006344011142061274,CharacterTrajectories,2,10,14.3,93,1236,KNNOR-official-GPF (randmx=1),0.828,0.15210287948872825,64.0,3.0,182.0,0.5146679792953108,0.11932045975962757,0.3786871547895554,1.0,1.0
0.9891304347826086,0.9891888715790903,0.989247311827957,0.9996957541693688,0.0024884246363355,0.0077298050139275746,CharacterTrajectories,2,10,14.3,93,1236,KNNOR-official-GPF (randmx=M*),0.828,0.15210287948872825,64.0,3.0,182.0,0.28241302104529087,0.04360392052122808,0.8843244070713525,0.9943684633950121,2.0
0.9666666666666667,0.9672041516493516,0.967741935483871,0.9998478770846845,0.002791535128443206,0.006118848653667588,CharacterTrajectories,2,10,14.3,93,1236,KNNOR-official-raw (randmx=1),0.828,0.15210287948872825,64.0,3.0,182.0,0.4963812338379139,0.10917707996403936,0.3882415790125921,1.0,1.0
0.9891304347826086,0.9891888715790903,0.989247311827957,0.9998278609116167,0.0021301686784277315,0.0060051067780872835,CharacterTrajectories,2,10,14.3,93,1236,hybrid GPF-nbrs/raw-walk (M raw-calibrated),0.828,0.15210287948872825,64.0,3.0,182.0,0.21285424435009848,0.02822514197443382,0.8360518382136426,0.965625,1.7999999999999998
0.9723756906077348,0.9727469142278401,0.9731182795698925,0.9998638900231387,0.0029601671309192204,0.007237697307335181,CharacterTrajectories,2,20,20.1,66,1263,none (raw-flat RF),0.828,0.1878669914611626,,,,,,,,
0.9666666666666667,0.9672041516493516,0.967741935483871,0.9998438738500709,0.003569893221912721,0.007732126276694521,CharacterTrajectories,2,20,20.1,66,1263,none,0.828,0.1878669914611626,64.0,3.0,182.0,,,,,
0.9723756906077348,0.9727469142278401,0.9731182795698925,0.9998278609116167,0.002560314144227793,0.005276230269266478,CharacterTrajectories,2,20,20.1,66,1263,SMOTE-raw,0.828,0.1878669914611626,64.0,3.0,182.0,0.23030172447058295,0.03770222907593235,0.6930793230305945,,
0.9666666666666667,0.9672041516493516,0.967741935483871,0.9997878285654809,0.002730710306406685,0.005703342618384401,CharacterTrajectories,2,20,20.1,66,1263,chain-mean-GPF (PSSTO-style),0.828,0.1878669914611626,64.0,3.0,182.0,0.27032455545712697,0.04912221571523989,0.630155654915918,,
0.9723756906077348,0.9727469142278401,0.9731182795698925,0.9998438738500709,0.0029986846177653976,0.006652739090064993,CharacterTrajectories,2,20,20.1,66,1263,KNNOR-GPF (M=1),0.828,0.1878669914611626,64.0,3.0,182.0,0.48689877250693137,0.10806937753126877,0.4175287965165007,1.0,1.0
0.9836065573770492,0.9837387536759294,0.9838709677419355,0.999795835034708,0.0020851593933766633,0.005974930362116986,CharacterTrajectories,2,20,20.1,66,1263,KNNOR-GPF (M calibrated),0.828,0.1878669914611626,64.0,3.0,182.0,0.2656395037011574,0.034507936039805065,0.8496060757657058,1.0,1.7999999999999998
0.9836065573770492,0.9837387536759294,0.9838709677419355,0.9998678932577523,0.0019792401733209532,0.005861188486536667,CharacterTrajectories,2,20,20.1,66,1263,hybrid GPF-nbrs/raw-walk (M calibrated),0.828,0.1878669914611626,64.0,3.0,182.0,0.2714563474527578,0.03299870282639261,0.909572953988634,0.98671875,1.7999999999999998
0.9608938547486033,0.9616294415187686,0.9623655913978495,0.9999119288385016,0.0030512689569792634,0.006680594243268339,CharacterTrajectories,2,20,20.1,66,1263,KNNOR-official-GPF (randmx=1),0.828,0.1878669914611626,64.0,3.0,182.0,0.6313433236653054,0.14403869489652205,0.3408958062682336,1.0,1.0
0.9891304347826086,0.9891888715790903,0.989247311827957,0.9998398706154573,0.002135956360259981,0.0062372330547818,CharacterTrajectories,2,20,20.1,66,1263,KNNOR-official-GPF (randmx=M*),0.828,0.1878669914611626,64.0,3.0,182.0,0.4195465959562803,0.06955750824734874,0.6448401288189842,1.0,1.7999999999999998
0.9723756906077348,0.9727469142278401,0.9731182795698925,0.9998278609116166,0.0030740328071804397,0.006666666666666664,CharacterTrajectories,2,20,20.1,66,1263,KNNOR-official-raw (randmx=1),0.828,0.1878669914611626,64.0,3.0,182.0,0.6349609549035264,0.14468361795061446,0.3356466954346706,1.0,1.0
0.9836065573770492,0.9837387536759294,0.9838709677419355,0.9998678932577523,0.0019792401733209532,0.005861188486536667,CharacterTrajectories,2,20,20.1,66,1263,hybrid GPF-nbrs/raw-walk (M raw-calibrated),0.828,0.1878669914611626,64.0,3.0,182.0,0.2714563474527578,0.03299870282639261,0.909572953988634,0.98671875,1.7999999999999998
0.978021978021978,0.9782582722940951,0.978494623655914,0.9998678932577523,0.0025467889198390594,0.005954038997214468,CharacterTrajectories,3,5,14.3,93,1236,none (raw-flat RF),0.828,0.15210287948873003,,,,,,,,
0.9723756906077348,0.9727469142278401,0.9731182795698925,0.999851880319298,0.003223398328690808,0.0071959145775301785,CharacterTrajectories,3,5,14.3,93,1236,none,0.828,0.15210287948873003,64.0,3.0,182.0,,,,,
0.978021978021978,0.9782582722940951,0.978494623655914,0.9997758188616401,0.0023871169916434543,0.0053551532033426115,CharacterTrajectories,3,5,14.3,93,1236,SMOTE-raw,0.828,0.15210287948873003,64.0,3.0,182.0,0.2017417903388985,0.031932138526804654,0.7009459174627003,,
0.9723756906077348,0.9727469142278401,0.9731182795698925,0.9998558835539116,0.0024959764778706285,0.006021355617455886,CharacterTrajectories,3,5,14.3,93,1236,chain-mean-GPF (PSSTO-style),0.828,0.15210287948873003,64.0,3.0,182.0,0.23629904036890093,0.040493702253751485,0.67409884016944,,
0.9666666666666667,0.9672041516493516,0.967741935483871,0.9998598867885251,0.0027913107397090687,0.006497214484679659,CharacterTrajectories,3,5,14.3,93,1236,KNNOR-GPF (M=1),0.828,0.15210287948873003,64.0,3.0,182.0,0.4218866821069529,0.09738175694013523,0.41979258137483244,1.0,1.0
0.9836065573770492,0.9837387536759294,0.9838709677419355,0.9997638091577994,0.002221007428040854,0.0066086350974930335,CharacterTrajectories,3,5,14.3,93,1236,KNNOR-GPF (M calibrated),0.828,0.15210287948873003,64.0,3.0,182.0,0.18794176026394993,0.022066996005658313,0.9904761491720439,1.0,2.0
0.9891304347826086,0.9891888715790903,0.989247311827957,0.9998198544423895,0.0021454038997214485,0.006782729805013931,CharacterTrajectories,3,5,14.3,93,1236,hybrid GPF-nbrs/raw-walk (M calibrated),0.828,0.15210287948873003,64.0,3.0,182.0,0.18237970126028813,0.020727646547359035,1.1054819388999026,0.965625,2.0
0.978021978021978,0.9782582722940951,0.978494623655914,0.9998718964923659,0.002671092541008976,0.006341689879294327,CharacterTrajectories,3,5,14.3,93,1236,KNNOR-official-GPF (randmx=1),0.828,0.15210287948873003,64.0,3.0,182.0,0.5206684983978063,0.12061417512370026,0.3753785631666589,1.0,1.0
0.9891304347826086,0.9891888715790903,0.989247311827957,0.9997838253308674,0.0023495434849891673,0.007815691736304546,CharacterTrajectories,3,5,14.3,93,1236,KNNOR-official-GPF (randmx=M*),0.828,0.15210287948873003,64.0,3.0,182.0,0.2852286877068879,0.043217821501420506,0.8932546299449745,0.9967741935483871,2.0
0.9723756906077348,0.9727469142278401,0.9731182795698925,0.9998959159000472,0.0025929588362735997,0.00629526462395543,CharacterTrajectories,3,5,14.3,93,1236,KNNOR-official-raw (randmx=1),0.828,0.15210287948873003,64.0,3.0,182.0,0.5233830160269104,0.11109198367930917,0.3912667152650836,1.0,1.0
0.9836065573770492,0.9837387536759294,0.9838709677419355,0.9997277800462774,0.002213231197771588,0.005710306406685231,CharacterTrajectories,3,5,14.3,93,1236,hybrid GPF-nbrs/raw-walk (M raw-calibrated),0.828,0.15210287948873003,64.0,3.0,182.0,0.21201212703311434,0.029176467486769053,0.841663445784686,0.965625,1.7999999999999998
0.978021978021978,0.9782582722940951,0.978494623655914,0.9998518803192981,0.002602352212937171,0.006299907149489315,CharacterTrajectories,3,10,14.3,93,1236,none (raw-flat RF),0.828,0.15210287948872914,,,,,,,,
0.9723756906077348,0.9727469142278401,0.9731182795698925,0.9998879094308201,0.003157992881460848,0.007291086350974933,CharacterTrajectories,3,10,14.3,93,1236,none,0.828,0.15210287948872914,64.0,3.0,182.0,,,,,
0.9836065573770492,0.9837387536759294,0.9838709677419355,0.9998198544423894,0.002420914577530177,0.005424791086350968,CharacterTrajectories,3,10,14.3,93,1236,SMOTE-raw,0.828,0.15210287948872914,64.0,3.0,182.0,0.21230693562061642,0.03457156875614653,0.6947266327535982,,
0.9723756906077348,0.9727469142278401,0.9731182795698925,0.9998438738500709,0.0024191039925719592,0.0057590529247910785,CharacterTrajectories,3,10,14.3,93,1236,chain-mean-GPF (PSSTO-style),0.828,0.15210287948872914,64.0,3.0,182.0,0.24743565189512395,0.04337521379119358,0.6547959700049472,,
0.978021978021978,0.9782582722940951,0.978494623655914,0.9998678932577522,0.0026694367069018884,0.006364902506963782,CharacterTrajectories,3,10,14.3,93,1236,KNNOR-GPF (M=1),0.828,0.15210287948872914,64.0,3.0,182.0,0.41457903375407756,0.09667614271974362,0.4164300434927037,1.0,1.0
0.9891304347826086,0.9891888715790903,0.989247311827957,0.9997598059231859,0.0022020194986072422,0.006274373259052925,CharacterTrajectories,3,10,14.3,93,1236,KNNOR-GPF (M calibrated),0.828,0.15210287948872914,64.0,3.0,182.0,0.2114065785124648,0.02864348180535503,0.7957854227656674,0.9991915925626516,1.7999999999999998
0.9891304347826086,0.9891888715790903,0.989247311827957,0.9998598867885251,0.002079874651810585,0.006288300835654591,CharacterTrajectories,3,10,14.3,93,1236,hybrid GPF-nbrs/raw-walk (M calibrated),0.828,0.15210287948872914,64.0,3.0,182.0,0.199454588239397,0.026726003621095007,0.8424587211483101,0.965625,1.7999999999999998
0.978021978021978,0.9782582722940951,0.978494623655914,0.9998158512077759,0.0026671386567626125,0.005930826369545034,CharacterTrajectories,3,10,14.3,93,1236,KNNOR-official-GPF (randmx=1),0.828,0.15210287948872914,64.0,3.0,182.0,0.5186572983056976,0.12093686803269837,0.37215446865239543,1.0,1.0
0.9891304347826086,0.9891888715790903,0.989247311827957,0.9997838253308673,0.0021927267099969045,0.006230269266480971,CharacterTrajectories,3,10,14.3,93,1236,KNNOR-official-GPF (randmx=M*),0.828,0.15210287948872914,64.0,3.0,182.0,0.33169768288713986,0.05875634072067448,0.6390362759284308,1.0,1.7999999999999998
0.9723756906077348,0.9727469142278401,0.9731182795698925,0.9998478770846844,0.00265649179820489,0.005912256267409468,CharacterTrajectories,3,10,14.3,93,1236,KNNOR-official-raw (randmx=1),0.828,0.15210287948872914,64.0,3.0,182.0,0.516473821119396,0.11478923946402914,0.37859164753516467,1.0,1.0
0.9891304347826086,0.9891888715790903,0.989247311827957,0.9998598867885251,0.002079874651810585,0.006288300835654591,CharacterTrajectories,3,10,14.3,93,1236,hybrid GPF-nbrs/raw-walk (M raw-calibrated),0.828,0.15210287948872914,64.0,3.0,182.0,0.199454588239397,0.026726003621095007,0.8424587211483101,0.965625,1.7999999999999998
0.978021978021978,0.9782582722940951,0.978494623655914,0.9998598867885251,0.002641132776230269,0.006309192200557106,CharacterTrajectories,3,20,20.1,66,1263,none (raw-flat RF),0.828,0.1663515343443036,,,,,,,,
0.9723756906077348,0.9727469142278401,0.9731182795698925,0.9999039223692744,0.003100611265861962,0.007082172701949859,CharacterTrajectories,3,20,20.1,66,1263,none,0.828,0.1663515343443036,64.0,3.0,182.0,,,,,
0.9836065573770492,0.9837387536759294,0.9838709677419355,0.9998438738500709,0.0021513540699473845,0.005239090064995348,CharacterTrajectories,3,20,20.1,66,1263,SMOTE-raw,0.828,0.1663515343443036,64.0,3.0,182.0,0.18633385469631403,0.02917308105086347,0.6994775553680871,,
0.9836065573770492,0.9837387536759294,0.9838709677419355,0.9998198544423893,0.002364608480346642,0.005793871866295264,CharacterTrajectories,3,20,20.1,66,1263,chain-mean-GPF (PSSTO-style),0.828,0.1663515343443036,64.0,3.0,182.0,0.2309182427373555,0.03797358914050786,0.6512049135576247,,
0.9723756906077348,0.9727469142278401,0.9731182795698925,0.9998438738500708,0.0025519266480965646,0.006130454967502328,CharacterTrajectories,3,20,20.1,66,1263,KNNOR-GPF (M=1),0.828,0.1663515343443036,64.0,3.0,182.0,0.38989689479463063,0.08247087937784392,0.442879078544413,1.0,1.0
0.9836065573770492,0.9837387536759294,0.9838709677419355,0.9997878285654809,0.0021534741566078615,0.0062883008356545925,CharacterTrajectories,3,20,20.1,66,1263,KNNOR-GPF (M calibrated),0.828,0.1663515343443036,64.0,3.0,182.0,0.19749025407992882,0.021515430328562513,0.9207312533957566,1.0,1.7999999999999998
0.9836065573770492,0.9837387536759294,0.9838709677419355,0.9997357865155045,0.00221540544722996,0.00641829155060352,CharacterTrajectories,3,20,20.1,66,1263,hybrid GPF-nbrs/raw-walk (M calibrated),0.828,0.1663515343443036,64.0,3.0,182.0,0.19962241599635888,0.020691520062926183,1.0252945895621584,0.98671875,1.7999999999999998
0.9723756906077348,0.9727469142278401,0.9731182795698925,0.9998598867885251,0.002581313834726091,0.006371866295264636,CharacterTrajectories,3,20,20.1,66,1263,KNNOR-official-GPF (randmx=1),0.828,0.1663515343443036,64.0,3.0,182.0,0.47804176640170226,0.10596627262246416,0.3888201595197168,1.0,1.0
0.9836065573770492,0.9837387536759294,0.9838709677419355,0.999851880319298,0.0021567935623645926,0.006898792943361189,CharacterTrajectories,3,20,20.1,66,1263,KNNOR-official-GPF (randmx=M*),0.828,0.1663515343443036,64.0,3.0,182.0,0.3196232915854713,0.04779917505128084,0.7065834399704998,1.0,1.7999999999999998
0.978021978021978,0.9782582722940951,0.978494623655914,0.9998678932577523,0.002543175487465181,0.006262766945218201,CharacterTrajectories,3,20,20.1,66,1263,KNNOR-official-raw (randmx=1),0.828,0.1663515343443036,64.0,3.0,182.0,0.4810304835153536,0.10536100354289302,0.38333815204376465,1.0,1.0
0.9836065573770492,0.9837387536759294,0.9838709677419355,0.9997357865155045,0.00221540544722996,0.00641829155060352,CharacterTrajectories,3,20,20.1,66,1263,hybrid GPF-nbrs/raw-walk (M raw-calibrated),0.828,0.1663515343443036,64.0,3.0,182.0,0.19962241599635888,0.020691520062926183,1.0252945895621584,0.98671875,1.7999999999999998
0.978021978021978,0.9782582722940951,0.978494623655914,0.9998718964923657,0.002622779325286289,0.006378830083565448,CharacterTrajectories,4,5,14.3,93,1236,none (raw-flat RF),0.828,0.1521028794887318,,,,,,,,
0.9723756906077348,0.9727469142278401,0.9731182795698925,0.9998398706154572,0.0032227329000309502,0.006801299907149483,CharacterTrajectories,4,5,14.3,93,1236,none,0.828,0.1521028794887318,64.0,3.0,182.0,,,,,
0.978021978021978,0.9782582722940951,0.978494623655914,0.9998078447385488,0.002328404518724853,0.005457288765088205,CharacterTrajectories,4,5,14.3,93,1236,SMOTE-raw,0.828,0.1521028794887318,64.0,3.0,182.0,0.20523801440085077,0.03338988584757763,0.6848919886616918,,
0.9723756906077348,0.9727469142278401,0.9731182795698925,0.9998718964923659,0.002425108325595791,0.005768337975858866,CharacterTrajectories,4,5,14.3,93,1236,chain-mean-GPF (PSSTO-style),0.828,0.1521028794887318,64.0,3.0,182.0,0.220160518463846,0.0388937960804171,0.6762021265392006,,
0.9666666666666667,0.9672041516493516,0.967741935483871,0.9998919126654336,0.002747384710615908,0.006745589600742805,CharacterTrajectories,4,5,14.3,93,1236,KNNOR-GPF (M=1),0.828,0.1521028794887318,64.0,3.0,182.0,0.4044294871821874,0.09270396260546959,0.4271138343885411,1.0,1.0
0.9836065573770492,0.9837387536759294,0.9838709677419355,0.999787828565481,0.002152522438873414,0.00617920148560816,CharacterTrajectories,4,5,14.3,93,1236,KNNOR-GPF (M calibrated),0.828,0.1521028794887318,64.0,3.0,182.0,0.2056139957133123,0.0270565810472585,0.8103028555851399,1.0,1.7999999999999998
0.9836065573770492,0.9837387536759294,0.9838709677419355,0.9998919126654336,0.0021135871247291863,0.006035283194057568,CharacterTrajectories,4,5,14.3,93,1236,hybrid GPF-nbrs/raw-walk (M calibrated),0.828,0.1521028794887318,64.0,3.0,182.0,0.1964719651950908,0.0256873740308855,0.8499614078760385,0.965625,1.7999999999999998
0.9666666666666667,0.9672041516493516,0.967741935483871,0.9998999191346608,0.002850023212627669,0.006803621169916428,CharacterTrajectories,4,5,14.3,93,1236,KNNOR-official-GPF (randmx=1),0.828,0.1521028794887318,64.0,3.0,182.0,0.5053201871495725,0.11669826772825265,0.38337486848340385,1.0,1.0
0.9891304347826086,0.9891888715790903,0.989247311827957,0.9998078447385489,0.00230239863819251,0.006833797585886716,CharacterTrajectories,4,5,14.3,93,1236,KNNOR-official-GPF (randmx=M*),0.828,0.1521028794887318,64.0,3.0,182.0,0.31702541078704716,0.0527862532743949,0.703808315384259,0.9991915925626516,1.7999999999999998
0.9723756906077348,0.9727469142278401,0.9731182795698925,0.9997998382693216,0.0028491024450634475,0.006337047353760441,CharacterTrajectories,4,5,14.3,93,1236,KNNOR-official-raw (randmx=1),0.828,0.1521028794887318,64.0,3.0,182.0,0.5038870492672878,0.11113234958862583,0.39398448444619644,1.0,1.0
0.9836065573770492,0.9837387536759294,0.9838709677419355,0.9998919126654336,0.0021135871247291863,0.006035283194057568,CharacterTrajectories,4,5,14.3,93,1236,hybrid GPF-nbrs/raw-walk (M raw-calibrated),0.828,0.1521028794887318,64.0,3.0,182.0,0.1964719651950908,0.0256873740308855,0.8499614078760385,0.965625,1.7999999999999998
0.978021978021978,0.9782582722940951,0.978494623655914,0.9998558835539116,0.0025424791086350977,0.006053853296193128,CharacterTrajectories,4,10,14.3,93,1236,none (raw-flat RF),0.828,0.1521028794887318,,,,,,,,
0.9723756906077348,0.9727469142278401,0.9731182795698925,0.9998758997269793,0.003136528938409161,0.007267873723305483,CharacterTrajectories,4,10,14.3,93,1236,none,0.828,0.1521028794887318,64.0,3.0,182.0,,,,,
0.9836065573770492,0.9837387536759294,0.9838709677419355,0.9998558835539115,0.0022789229340761377,0.005259981429897861,CharacterTrajectories,4,10,14.3,93,1236,SMOTE-raw,0.828,0.1521028794887318,64.0,3.0,182.0,0.1985055364516013,0.03176580423540798,0.7010949644660818,,
0.9723756906077348,0.9727469142278401,0.9731182795698925,0.9998478770846844,0.0024307567316620244,0.005856545961002776,CharacterTrajectories,4,10,14.3,93,1236,chain-mean-GPF (PSSTO-style),0.828,0.1521028794887318,64.0,3.0,182.0,0.24080451519174417,0.04316292748135897,0.6565012419248357,,
0.9666666666666667,0.9672041516493516,0.967741935483871,0.9998358673808437,0.0029586583101207055,0.006655060352831931,CharacterTrajectories,4,10,14.3,93,1236,KNNOR-GPF (M=1),0.828,0.1521028794887318,64.0,3.0,182.0,0.4255827067497968,0.09924882507843574,0.4149712189300648,1.0,1.0
0.9836065573770492,0.9837387536759294,0.9838709677419355,0.9997558026885723,0.002281282884555865,0.005889043639740008,CharacterTrajectories,4,10,14.3,93,1236,KNNOR-GPF (M calibrated),0.828,0.1521028794887318,64.0,3.0,182.0,0.2168519996788696,0.029349594122977773,0.794752326208708,1.0,1.7999999999999998
0.9891304347826086,0.9891888715790903,0.989247311827957,0.9998198544423894,0.002171626431445373,0.005745125348189424,CharacterTrajectories,4,10,14.3,93,1236,hybrid GPF-nbrs/raw-walk (M calibrated),0.828,0.1521028794887318,64.0,3.0,182.0,0.2086979425492128,0.028042125214726266,0.8477811033822837,0.965625,1.7999999999999998
0.9666666666666667,0.9672041516493516,0.967741935483871,0.9998638900231387,0.0028972531723924486,0.006404363974001858,CharacterTrajectories,4,10,14.3,93,1236,KNNOR-official-GPF (randmx=1),0.828,0.1521028794887318,64.0,3.0,182.0,0.5021569011198643,0.11946294008984837,0.37304622584636254,1.0,1.0
0.9836065573770492,0.9837387536759294,0.9838709677419355,0.9997397897501181,0.0023767564221603217,0.006197771587743735,CharacterTrajectories,4,10,14.3,93,1236,KNNOR-official-GPF (randmx=M*),0.828,0.1521028794887318,64.0,3.0,182.0,0.3108559785424756,0.05387802704009226,0.6739109496693862,0.9959709911361805,1.7999999999999998
0.9723756906077348,0.9727469142278401,0.9731182795698925,0.9998078447385488,0.002834385639121015,0.006439182915506026,CharacterTrajectories,4,10,14.3,93,1236,KNNOR-official-raw (randmx=1),0.828,0.1521028794887318,64.0,3.0,182.0,0.5051613292048636,0.10979848320456748,0.3933424321184229,1.0,1.0
0.9891304347826086,0.9891888715790903,0.989247311827957,0.9998198544423894,0.002171626431445373,0.005745125348189424,CharacterTrajectories,4,10,14.3,93,1236,hybrid GPF-nbrs/raw-walk (M raw-calibrated),0.828,0.1521028794887318,64.0,3.0,182.0,0.2086979425492128,0.028042125214726266,0.8477811033822837,0.965625,1.7999999999999998
0.9723756906077348,0.9727469142278401,0.9731182795698925,0.999759805923186,0.0031266945218198705,0.007065923862581251,CharacterTrajectories,4,20,20.1,66,1263,none (raw-flat RF),0.828,0.16786810690742282,,,,,,,,
0.9723756906077348,0.9727469142278401,0.9731182795698925,0.9998839061962065,0.0033098034664190653,0.007643918291550608,CharacterTrajectories,4,20,20.1,66,1263,none,0.828,0.16786810690742282,64.0,3.0,182.0,,,,,
0.9836065573770492,0.9837387536759294,0.9838709677419355,0.9998879094308201,0.0021723769730733517,0.00571959145775302,CharacterTrajectories,4,20,20.1,66,1263,SMOTE-raw,0.828,0.16786810690742282,64.0,3.0,182.0,0.20356693973548,0.03176817655070263,0.6831094222851883,,
0.978021978021978,0.9782582722940951,0.978494623655914,0.9999079256038879,0.0023229650263076446,0.005909935004642519,CharacterTrajectories,4,20,20.1,66,1263,chain-mean-GPF (PSSTO-style),0.828,0.16786810690742282,64.0,3.0,182.0,0.25129202259112127,0.0400078379197345,0.6623042727381757,,
0.9666666666666667,0.9672041516493516,0.967741935483871,0.9999439547154101,0.002503737233054782,0.006613277623026924,CharacterTrajectories,4,20,20.1,66,1263,KNNOR-GPF (M=1),0.828,0.16786810690742282,64.0,3.0,182.0,0.40827320996575267,0.08968871751616936,0.4379017381490124,1.0,1.0
0.9836065573770492,0.9837387536759294,0.9838709677419355,0.999907925603888,0.0020149102445063453,0.00683611884865366,CharacterTrajectories,4,20,20.1,66,1263,KNNOR-GPF (M calibrated),0.828,0.16786810690742282,64.0,3.0,182.0,0.2163163612351342,0.02411349484290426,0.9257748419473185,1.0,1.7999999999999998
0.9836065573770492,0.9837387536759294,0.9838709677419355,0.9998999191346609,0.0019660708758898176,0.006771123491179203,CharacterTrajectories,4,20,20.1,66,1263,hybrid GPF-nbrs/raw-walk (M calibrated),0.828,0.16786810690742282,64.0,3.0,182.0,0.2196975948844786,0.023104287370405263,0.9950251722797903,0.98671875,1.7999999999999998
0.9666666666666667,0.9672041516493516,0.967741935483871,0.9998879094308201,0.0028685159393376665,0.00806638811513463,CharacterTrajectories,4,20,20.1,66,1263,KNNOR-official-GPF (randmx=1),0.828,0.16786810690742282,64.0,3.0,182.0,0.5337041161376197,0.11530273320476048,0.40769522465017005,1.0,1.0
0.9836065573770492,0.9837387536759294,0.9838709677419355,0.9998078447385488,0.00220127669452182,0.006260445682451252,CharacterTrajectories,4,20,20.1,66,1263,KNNOR-official-GPF (randmx=M*),0.828,0.16786810690742282,64.0,3.0,182.0,0.36385004633428064,0.049174116551369274,0.771882131077142,1.0,1.7999999999999998
0.9723756906077348,0.9727469142278401,0.9731182795698925,0.9998839061962066,0.0027980037140204273,0.007506963788300849,CharacterTrajectories,4,20,20.1,66,1263,KNNOR-official-raw (randmx=1),0.828,0.16786810690742282,64.0,3.0,182.0,0.49070432184394264,0.1119901456504423,0.3832998429122451,1.0,1.0
0.9836065573770492,0.9837387536759294,0.9838709677419355,0.999915932073115,0.0020443206437635404,0.007168059424326831,CharacterTrajectories,4,20,20.1,66,1263,hybrid GPF-nbrs/raw-walk (M raw-calibrated),0.828,0.16786810690742282,64.0,3.0,182.0,0.2447804140858416,0.03166322131238608,0.7802211364739646,0.98671875,1.6
0.2857142857142857,0.408248290463863,0.5833333333333334,1.0,0.04134660493827161,0.1137962962962963,Cricket,0,5,11.0,9,90,none (raw-flat RF),0.421,2.5747348430370653,,,,,,,,
0.6666666666666666,0.7071067811865476,0.75,0.9898989898989898,0.02693765432098765,0.04277777777777778,Cricket,0,5,11.0,9,90,none,0.421,2.5747348430370653,64.0,6.0,1197.0,,,,,
0.8,0.816496580927726,0.8333333333333333,0.9848484848484849,0.02465,0.04027777777777777,Cricket,0,5,11.0,9,90,SMOTE-raw,0.421,2.5747348430370653,64.0,6.0,1197.0,3.006187897987786,0.2738351470249391,0.4786901916795888,,
0.6666666666666666,0.7071067811865476,0.75,0.9898989898989898,0.02506558641975308,0.053842592592592595,Cricket,0,5,11.0,9,90,chain-mean-GPF (PSSTO-style),0.421,2.5747348430370653,64.0,6.0,1197.0,2.868442539542613,0.3410376781242353,0.37096991927103756,,
0.6666666666666666,0.7071067811865476,0.75,0.9974747474747474,0.02287206790123457,0.05773148148148149,Cricket,0,5,11.0,9,90,KNNOR-GPF (M=1),0.421,2.5747348430370653,64.0,6.0,1197.0,3.0132548315713947,0.370726106871319,0.321657953019062,0.8411214953271028,1.0
0.8,0.816496580927726,0.8333333333333333,0.9949494949494949,0.020046296296296298,0.049444444444444444,Cricket,0,5,11.0,9,90,KNNOR-GPF (M calibrated),0.421,2.5747348430370653,64.0,6.0,1197.0,2.8288942598743443,0.2512460465290439,0.5626939857651684,0.782608695652174,1.5999999999999999
1.0,1.0,1.0,1.0,0.011220061728395061,0.06120370370370371,Cricket,0,5,11.0,9,90,hybrid GPF-nbrs/raw-walk (M calibrated),0.421,2.5747348430370653,64.0,6.0,1197.0,3.912853982525979,0.1719856611495182,2.572173665126584,0.46875,1.5999999999999999
0.6666666666666666,0.7071067811865476,0.75,0.9949494949494949,0.024010185185185186,0.053888888888888896,Cricket,0,5,11.0,9,90,KNNOR-official-GPF (randmx=1),0.421,2.5747348430370653,64.0,6.0,1197.0,3.45376664503328,0.4474932759192024,0.23321482506343516,0.8910891089108911,1.0
0.9090909090909091,0.9128709291752769,0.9166666666666667,0.9949494949494949,0.021381018518518518,0.05523148148148147,Cricket,0,5,11.0,9,90,KNNOR-official-GPF (randmx=M*),0.421,2.5747348430370653,64.0,6.0,1197.0,3.372171283832225,0.3103443559214869,0.5256229248199339,0.8910891089108911,1.5999999999999999
1.0,1.0,1.0,1.0,0.012553703703703702,0.06370370370370369,Cricket,0,5,11.0,9,90,hybrid GPF-nbrs/raw-walk (M raw-calibrated),0.421,2.5747348430370653,64.0,6.0,1197.0,2.9686473126333315,0.1616124856242479,1.537715494937574,0.46875,1.4
0.2857142857142857,0.408248290463863,0.5833333333333334,1.0,0.04169367283950617,0.08615740740740742,Cricket,0,10,11.0,9,90,none (raw-flat RF),0.421,2.574734843037067,,,,,,,,
0.6666666666666666,0.7071067811865476,0.75,0.9886363636363636,0.026913734567901235,0.04282407407407407,Cricket,0,10,11.0,9,90,none,0.421,2.574734843037067,64.0,6.0,1197.0,,,,,
0.8,0.816496580927726,0.8333333333333333,0.9835858585858587,0.025487037037037034,0.03907407407407408,Cricket,0,10,11.0,9,90,SMOTE-raw,0.421,2.574734843037067,64.0,6.0,1197.0,2.949083988660517,0.26425869706815436,0.5134985405955637,,
0.8,0.816496580927726,0.8333333333333333,0.9949494949494949,0.0226804012345679,0.07421296296296295,Cricket,0,10,11.0,9,90,chain-mean-GPF (PSSTO-style),0.421,2.574734843037067,64.0,6.0,1197.0,3.054801429026128,0.3600738598603247,0.3388343084421311,,
0.6666666666666666,0.7071067811865476,0.75,0.994949494949495,0.023404629629629633,0.04425925925925927,Cricket,0,10,11.0,9,90,KNNOR-GPF (M=1),0.421,2.574734843037067,64.0,6.0,1197.0,3.016868812455378,0.3568868383311553,0.35403690627659135,0.9278350515463918,1.0
0.8,0.816496580927726,0.8333333333333333,0.9974747474747475,0.019023765432098765,0.05749999999999999,Cricket,0,10,11.0,9,90,KNNOR-GPF (M calibrated),0.421,2.574734843037067,64.0,6.0,1197.0,2.8970982189405383,0.2522913887950369,0.6020017240683242,0.7964601769911505,1.5999999999999999
0.9230769230769231,0.9923953268977463,0.9924242424242424,1.0,0.012846296296296297,0.06296296296296296,Cricket,0,10,11.0,9,90,hybrid GPF-nbrs/raw-walk (M calibrated),0.421,2.574734843037067,64.0,6.0,1197.0,4.603469282940004,0.20212997383588427,2.6815191125024285,0.46875,1.5999999999999999
0.6666666666666666,0.7071067811865476,0.75,0.9924242424242423,0.023138734567901234,0.045879629629629624,Cricket,0,10,11.0,9,90,KNNOR-official-GPF (randmx=1),0.421,2.574734843037067,64.0,6.0,1197.0,3.421926453376873,0.4430463238393727,0.2536646218797149,0.8571428571428571,1.0
0.9090909090909091,0.9128709291752769,0.9166666666666667,0.9974747474747474,0.02088827160493827,0.05185185185185184,Cricket,0,10,11.0,9,90,KNNOR-official-GPF (randmx=M*),0.421,2.574734843037067,64.0,6.0,1197.0,3.4649784486815562,0.3245359075103321,0.5861934268111649,0.8411214953271028,1.5999999999999999
1.0,1.0,1.0,1.0,0.013223765432098767,0.06435185185185185,Cricket,0,10,11.0,9,90,hybrid GPF-nbrs/raw-walk (M raw-calibrated),0.421,2.574734843037067,64.0,6.0,1197.0,3.1858949316966836,0.17367083240888237,1.5403830613618206,0.46875,1.4
0.0,0.0,0.5,0.9545454545454546,0.05705030864197532,0.06129629629629629,Cricket,0,20,19.8,5,94,none (raw-flat RF),0.421,4.631695163212804,,,,,,,,
0.5,0.5773502691896257,0.6666666666666666,0.9772727272727273,0.03919490740740741,0.04810185185185186,Cricket,0,20,19.8,5,94,none,0.421,4.631695163212804,64.0,6.0,1197.0,,,,,
0.6666666666666666,0.7071067811865476,0.75,0.9684343434343434,0.03571466049382716,0.02393518518518518,Cricket,0,20,19.8,5,94,SMOTE-raw,0.421,4.631695163212804,64.0,6.0,1197.0,4.077583030843945,0.2799788192573085,0.4209074632677471,,
0.6666666666666666,0.7071067811865476,0.75,0.98989898989899,0.03255956790123457,0.05305555555555556,Cricket,0,20,19.8,5,94,chain-mean-GPF (PSSTO-style),0.421,4.631695163212804,64.0,6.0,1197.0,5.181570917494218,0.4720573425251679,0.2611564065787125,,
0.6666666666666666,0.7071067811865476,0.75,0.9974747474747474,0.03132129629629629,0.043055555555555555,Cricket,0,20,19.8,5,94,KNNOR-GPF (M=1),0.421,4.631695163212804,64.0,6.0,1197.0,6.480102933240625,0.5965252022807934,0.12374771487956307,0.5662650602409639,1.0
0.6666666666666666,0.7071067811865476,0.75,0.9810606060606061,0.033162500000000004,0.05328703703703703,Cricket,0,20,19.8,5,94,KNNOR-GPF (M calibrated),0.421,4.631695163212804,64.0,6.0,1197.0,5.9909127627112095,0.5241084878158764,0.21364479001277445,0.6025641025641025,1.5999999999999999
0.6666666666666666,0.7071067811865476,0.75,1.0,0.026971913580246906,0.06814814814814814,Cricket,0,20,19.8,5,94,hybrid GPF-nbrs/raw-walk (M calibrated),0.421,4.631695163212804,64.0,6.0,1197.0,9.490295908407584,0.3165645433464527,2.019473793026846,0.4895833333333333,1.5999999999999999
0.6666666666666666,0.7071067811865476,0.75,1.0,0.03190756172839506,0.04986111111111111,Cricket,0,20,19.8,5,94,KNNOR-official-GPF (randmx=1),0.421,4.631695163212804,64.0,6.0,1197.0,6.519312049221261,0.5114850832459867,0.28751984383430385,0.29936305732484075,1.0
0.6666666666666666,0.7071067811865476,0.75,1.0,0.03304104938271605,0.051666666666666666,Cricket,0,20,19.8,5,94,KNNOR-official-GPF (randmx=M*),0.421,4.631695163212804,64.0,6.0,1197.0,9.67781166729211,0.523031281396362,0.4715864654758617,0.6438356164383562,1.5999999999999999
0.6666666666666666,0.7071067811865476,0.75,1.0,0.02904938271604938,0.05268518518518518,Cricket,0,20,19.8,5,94,hybrid GPF-nbrs/raw-walk (M raw-calibrated),0.421,4.631695163212804,64.0,6.0,1197.0,7.452935399181888,0.3085596606866208,1.3221428468781014,0.4895833333333333,1.4
0.2857142857142857,0.408248290463863,0.5833333333333334,0.9987373737373737,0.03909567901234568,0.10453703703703703,Cricket,1,5,11.0,9,90,none (raw-flat RF),0.421,2.574734843037062,,,,,,,,
0.6666666666666666,0.7071067811865476,0.75,0.9924242424242424,0.025841358024691362,0.052314814814814814,Cricket,1,5,11.0,9,90,none,0.421,2.574734843037062,64.0,6.0,1197.0,,,,,
0.6666666666666666,0.7071067811865476,0.75,0.9835858585858587,0.02681805555555556,0.04319444444444444,Cricket,1,5,11.0,9,90,SMOTE-raw,0.421,2.574734843037062,64.0,6.0,1197.0,2.77667691899072,0.2804330981096808,0.41175311706673196,,
0.9090909090909091,0.9128709291752769,0.9166666666666667,0.9974747474747475,0.02034182098765432,0.07337962962962961,Cricket,1,5,11.0,9,90,chain-mean-GPF (PSSTO-style),0.421,2.574734843037062,64.0,6.0,1197.0,2.8183049740217303,0.3404324115224242,0.3458279256010354,,
0.6666666666666666,0.7071067811865476,0.75,0.9974747474747475,0.021870524691358022,0.06532407407407406,Cricket,1,5,11.0,9,90,KNNOR-GPF (M=1),0.421,2.574734843037062,64.0,6.0,1197.0,3.297168503728873,0.4234571811441239,0.23401416542300293,0.8571428571428571,1.0
0.9090909090909091,0.9128709291752769,0.9166666666666667,0.9974747474747475,0.018140895061728397,0.05347222222222222,Cricket,1,5,11.0,9,90,KNNOR-GPF (M calibrated),0.421,2.574734843037062,64.0,6.0,1197.0,3.1901014484433823,0.3048267725397955,0.4757225588770689,0.7258064516129032,1.7999999999999998
1.0,1.0,1.0,1.0,0.011904475308641976,0.06273148148148149,Cricket,1,5,11.0,9,90,hybrid GPF-nbrs/raw-walk (M calibrated),0.421,2.574734843037062,64.0,6.0,1197.0,4.317135899385233,0.1784854638186122,3.226016152042728,0.46875,1.7999999999999998
0.6666666666666666,0.7071067811865476,0.75,0.9974747474747475,0.022491512345679008,0.05958333333333332,Cricket,1,5,11.0,9,90,KNNOR-official-GPF (randmx=1),0.421,2.574734843037062,64.0,6.0,1197.0,3.1646903699756272,0.4142849051051327,0.27041770130834264,0.8653846153846154,1.0
0.9090909090909091,0.9128709291752769,0.9166666666666667,0.9974747474747475,0.02022561728395062,0.0712037037037037,Cricket,1,5,11.0,9,90,KNNOR-official-GPF (randmx=M*),0.421,2.574734843037062,64.0,6.0,1197.0,3.0856696462494035,0.2462800600087267,0.817807689176477,0.8333333333333334,1.7999999999999998
0.9090909090909091,0.9128709291752769,0.9166666666666667,1.0,0.01336604938271605,0.06638888888888889,Cricket,1,5,11.0,9,90,hybrid GPF-nbrs/raw-walk (M raw-calibrated),0.421,2.574734843037062,64.0,6.0,1197.0,2.823647420694307,0.1839559023681857,1.132626041867869,0.46875,1.4
0.2857142857142857,0.408248290463863,0.5833333333333334,1.0,0.039278395061728394,0.10666666666666667,Cricket,1,10,11.0,9,90,none (raw-flat RF),0.421,2.5747348430370653,,,,,,,,
0.6666666666666666,0.7071067811865476,0.75,0.9898989898989898,0.026379938271604935,0.05175925925925926,Cricket,1,10,11.0,9,90,none,0.421,2.5747348430370653,64.0,6.0,1197.0,,,,,
0.8,0.816496580927726,0.8333333333333333,0.9924242424242424,0.022535030864197534,0.04745370370370371,Cricket,1,10,11.0,9,90,SMOTE-raw,0.421,2.5747348430370653,64.0,6.0,1197.0,3.1965127793475254,0.28822440587679427,0.5004227719059648,,
0.9090909090909091,0.9128709291752769,0.9166666666666667,0.9974747474747475,0.021222993827160492,0.06347222222222221,Cricket,1,10,11.0,9,90,chain-mean-GPF (PSSTO-style),0.421,2.5747348430370653,64.0,6.0,1197.0,2.857402825506597,0.3433449895657042,0.3385956268348513,,
0.6666666666666666,0.7071067811865476,0.75,0.9962121212121212,0.023860185185185193,0.06129629629629629,Cricket,1,10,11.0,9,90,KNNOR-GPF (M=1),0.421,2.5747348430370653,64.0,6.0,1197.0,3.0762567965155263,0.39237628476099595,0.3048542322951897,0.8256880733944955,1.0
0.8,0.816496580927726,0.8333333333333333,0.9962121212121212,0.018837345679012345,0.05194444444444445,Cricket,1,10,11.0,9,90,KNNOR-GPF (M calibrated),0.421,2.5747348430370653,64.0,6.0,1197.0,3.20633114093021,0.2744351855766092,0.6007202574115638,0.7086614173228346,1.7999999999999998
1.0,1.0,1.0,1.0,0.013102314814814815,0.06634259259259259,Cricket,1,10,11.0,9,90,hybrid GPF-nbrs/raw-walk (M calibrated),0.421,2.5747348430370653,64.0,6.0,1197.0,4.89283850153608,0.18005978066048656,4.096273830117036,0.46875,1.7999999999999998
0.6666666666666666,0.7071067811865476,0.75,0.9974747474747474,0.023854320987654318,0.07166666666666666,Cricket,1,10,11.0,9,90,KNNOR-official-GPF (randmx=1),0.421,2.5747348430370653,64.0,6.0,1197.0,3.1268579632567786,0.42038801431933037,0.2675390193189134,0.8823529411764706,1.0
0.9090909090909091,0.9128709291752769,0.9166666666666667,0.9949494949494949,0.02074166666666667,0.056296296296296296,Cricket,1,10,11.0,9,90,KNNOR-official-GPF (randmx=M*),0.421,2.5747348430370653,64.0,6.0,1197.0,3.020399074484377,0.23743142037784826,0.8625560205505773,0.8653846153846154,1.7999999999999998
0.9090909090909091,0.9128709291752769,0.9166666666666667,1.0,0.013277623456790124,0.06263888888888888,Cricket,1,10,11.0,9,90,hybrid GPF-nbrs/raw-walk (M raw-calibrated),0.421,2.5747348430370653,64.0,6.0,1197.0,3.0731409416343016,0.17308325023892301,1.4292141311449473,0.3515625,1.4
0.0,0.0,0.5,0.8977272727272727,0.06725385802469136,0.03884259259259259,Cricket,1,20,19.8,5,94,none (raw-flat RF),0.421,4.8430608574697125,,,,,,,,
0.6666666666666666,0.7071067811865476,0.75,0.9898989898989898,0.03116666666666667,0.05768518518518518,Cricket,1,20,19.8,5,94,none,0.421,4.8430608574697125,64.0,6.0,1197.0,,,,,
0.2857142857142857,0.408248290463863,0.5833333333333334,1.0,0.036373919753086424,0.06921296296296296,Cricket,1,20,19.8,5,94,SMOTE-raw,0.421,4.8430608574697125,64.0,6.0,1197.0,5.211563644892395,0.4723314928313254,0.39128280076215566,,
0.2857142857142857,0.408248290463863,0.5833333333333334,1.0,0.032857407407407405,0.07722222222222222,Cricket,1,20,19.8,5,94,chain-mean-GPF (PSSTO-style),0.421,4.8430608574697125,64.0,6.0,1197.0,5.989714829219986,0.5705446503351934,0.24658406028081858,,
0.2857142857142857,0.408248290463863,0.5833333333333334,1.0,0.032636574074074075,0.07291666666666667,Cricket,1,20,19.8,5,94,KNNOR-GPF (M=1),0.421,4.8430608574697125,64.0,6.0,1197.0,6.802428029939891,0.6024254802676904,0.20358790681542854,0.9894736842105263,1.0
0.2857142857142857,0.408248290463863,0.5833333333333334,1.0,0.033832407407407415,0.07268518518518519,Cricket,1,20,19.8,5,94,KNNOR-GPF (M calibrated),0.421,4.8430608574697125,64.0,6.0,1197.0,6.431571141234679,0.5649314912472844,0.41457452300919395,0.9690721649484536,1.5999999999999999
0.2857142857142857,0.408248290463863,0.5833333333333334,0.9924242424242424,0.038609876543209874,0.048240740740740744,Cricket,1,20,19.8,5,94,hybrid GPF-nbrs/raw-walk (M calibrated),0.421,4.8430608574697125,64.0,6.0,1197.0,7.018657478917939,0.3653381029399131,1.8419001590898394,0.4895833333333333,1.5999999999999999
0.2857142857142857,0.408248290463863,0.5833333333333334,1.0,0.0336074074074074,0.06657407407407406,Cricket,1,20,19.8,5,94,KNNOR-official-GPF (randmx=1),0.421,4.8430608574697125,64.0,6.0,1197.0,6.917537281408238,0.6015902011528677,0.22412816818105893,0.8867924528301887,1.0
0.2857142857142857,0.408248290463863,0.5833333333333334,1.0,0.03387191358024691,0.07212962962962963,Cricket,1,20,19.8,5,94,KNNOR-official-GPF (randmx=M*),0.421,4.8430608574697125,64.0,6.0,1197.0,7.24736661762581,0.5579758808228279,0.5407576243439679,0.7704918032786885,1.5999999999999999
0.2857142857142857,0.408248290463863,0.5833333333333334,0.9974747474747474,0.03532438271604938,0.051574074074074085,Cricket,1,20,19.8,5,94,hybrid GPF-nbrs/raw-walk (M raw-calibrated),0.421,4.8430608574697125,64.0,6.0,1197.0,6.528792466734105,0.44000613523413057,1.0362204551173402,0.4895833333333333,1.4
0.2857142857142857,0.408248290463863,0.5833333333333334,0.9974747474747475,0.043008333333333336,0.0837037037037037,Cricket,2,5,11.0,9,90,none (raw-flat RF),0.421,2.5747348430370707,,,,,,,,
0.6666666666666666,0.7071067811865476,0.75,0.9924242424242424,0.025950462962962963,0.053564814814814815,Cricket,2,5,11.0,9,90,none,0.421,2.5747348430370707,64.0,6.0,1197.0,,,,,
0.8,0.816496580927726,0.8333333333333333,0.9861111111111112,0.026955401234567897,0.04449074074074074,Cricket,2,5,11.0,9,90,SMOTE-raw,0.421,2.5747348430370707,64.0,6.0,1197.0,3.1644027495354266,0.3015199403156027,0.4335277424662475,,
0.6666666666666666,0.7071067811865476,0.75,0.9974747474747475,0.023548148148148148,0.05749999999999999,Cricket,2,5,11.0,9,90,chain-mean-GPF (PSSTO-style),0.421,2.5747348430370707,64.0,6.0,1197.0,2.934762421787937,0.33284067159758374,0.37170130580892485,,
0.6666666666666666,0.7071067811865476,0.75,0.9924242424242424,0.025722993827160492,0.060416666666666674,Cricket,2,5,11.0,9,90,KNNOR-GPF (M=1),0.421,2.5747348430370707,64.0,6.0,1197.0,3.131962741586065,0.3698225522549953,0.35126418781226537,0.8653846153846154,1.0
0.8,0.816496580927726,0.8333333333333333,0.9949494949494949,0.01953256172839506,0.04976851851851851,Cricket,2,5,11.0,9,90,KNNOR-GPF (M calibrated),0.421,2.5747348430370707,64.0,6.0,1197.0,3.222413439526086,0.27053461650519994,0.5921675281808324,0.7894736842105263,1.5999999999999999
1.0,1.0,1.0,1.0,0.013465740740740742,0.06509259259259259,Cricket,2,5,11.0,9,90,hybrid GPF-nbrs/raw-walk (M calibrated),0.421,2.5747348430370707,64.0,6.0,1197.0,4.373298355552034,0.19800378493422965,2.3216299651271157,0.46875,1.5999999999999999
0.6666666666666666,0.7071067811865476,0.75,0.9974747474747475,0.023628703703703704,0.055833333333333325,Cricket,2,5,11.0,9,90,KNNOR-official-GPF (randmx=1),0.421,2.5747348430370707,64.0,6.0,1197.0,3.2719072358516144,0.42648503882919375,0.26672795874871824,0.9090909090909091,1.0
0.9090909090909091,0.9128709291752769,0.9166666666666667,0.994949494949495,0.021730864197530862,0.05712962962962963,Cricket,2,5,11.0,9,90,KNNOR-official-GPF (randmx=M*),0.421,2.5747348430370707,64.0,6.0,1197.0,3.1768201820134045,0.2976763044263771,0.629644962555237,0.9,1.5999999999999999
0.9090909090909091,0.9128709291752769,0.9166666666666667,1.0,0.014359722222222223,0.06458333333333335,Cricket,2,5,11.0,9,90,hybrid GPF-nbrs/raw-walk (M raw-calibrated),0.421,2.5747348430370707,64.0,6.0,1197.0,3.343984049721982,0.19416069113643075,1.3465602005387332,0.46875,1.4
0.2857142857142857,0.408248290463863,0.5833333333333334,1.0,0.04206929012345679,0.10930555555555554,Cricket,2,10,11.0,9,90,none (raw-flat RF),0.421,2.5747348430370707,,,,,,,,
0.6666666666666666,0.7071067811865476,0.75,0.9924242424242424,0.027301234567901234,0.04435185185185186,Cricket,2,10,11.0,9,90,none,0.421,2.5747348430370707,64.0,6.0,1197.0,,,,,
0.8,0.816496580927726,0.8333333333333333,0.9797979797979798,0.02652592592592593,0.04537037037037037,Cricket,2,10,11.0,9,90,SMOTE-raw,0.421,2.5747348430370707,64.0,6.0,1197.0,2.978898827860119,0.2751979460919097,0.49179187019792386,,
0.6666666666666666,0.7071067811865476,0.75,0.9974747474747475,0.021977314814814814,0.062083333333333324,Cricket,2,10,11.0,9,90,chain-mean-GPF (PSSTO-style),0.421,2.5747348430370707,64.0,6.0,1197.0,2.857523007818145,0.34382689450455134,0.34052618044170324,,
0.6666666666666666,0.7071067811865476,0.75,0.9924242424242424,0.025442592592592597,0.06629629629629628,Cricket,2,10,11.0,9,90,KNNOR-GPF (M=1),0.421,2.5747348430370707,64.0,6.0,1197.0,3.1448354223749906,0.3627407128501493,0.3472972087835565,0.8737864077669902,1.0
0.8,0.816496580927726,0.8333333333333333,0.994949494949495,0.01990447530864197,0.05532407407407407,Cricket,2,10,11.0,9,90,KNNOR-GPF (M calibrated),0.421,2.5747348430370707,64.0,6.0,1197.0,3.184518562551524,0.26993419003692054,0.579650034407112,0.75,1.5999999999999999
1.0,1.0,1.0,1.0,0.012077469135802467,0.06138888888888888,Cricket,2,10,11.0,9,90,hybrid GPF-nbrs/raw-walk (M calibrated),0.421,2.5747348430370707,64.0,6.0,1197.0,4.281431272179896,0.19260414118695335,2.626520701560864,0.46875,1.5999999999999999
0.6666666666666666,0.7071067811865476,0.75,0.9974747474747475,0.024488117283950617,0.05921296296296297,Cricket,2,10,11.0,9,90,KNNOR-official-GPF (randmx=1),0.421,2.5747348430370707,64.0,6.0,1197.0,3.366410900784661,0.4473930129721157,0.234912736141756,0.8910891089108911,1.0
0.6666666666666666,0.7071067811865476,0.75,0.9962121212121211,0.02363719135802469,0.04782407407407407,Cricket,2,10,11.0,9,90,KNNOR-official-GPF (randmx=M*),0.421,2.5747348430370707,64.0,6.0,1197.0,3.2730858743262736,0.34442202242980907,0.5131295302399151,0.8653846153846154,1.5999999999999999
1.0,1.0,1.0,0.9999999999999999,0.011962962962962962,0.06453703703703702,Cricket,2,10,11.0,9,90,hybrid GPF-nbrs/raw-walk (M raw-calibrated),0.421,2.5747348430370707,64.0,6.0,1197.0,3.3447693598522257,0.18440408581573597,1.509658233738646,0.46875,1.4
0.0,0.0,0.5,1.0,0.04608425925925926,0.08833333333333332,Cricket,2,20,19.8,5,94,none (raw-flat RF),0.421,3.6800384287165073,,,,,,,,
0.5,0.5773502691896257,0.6666666666666666,0.9545454545454545,0.044236882716049385,0.03754629629629629,Cricket,2,20,19.8,5,94,none,0.421,3.6800384287165073,64.0,6.0,1197.0,,,,,
0.6,0.701729465267237,0.7424242424242424,0.9785353535353535,0.033133950617283955,0.05092592592592594,Cricket,2,20,19.8,5,94,SMOTE-raw,0.421,3.6800384287165073,64.0,6.0,1197.0,3.500027002004815,0.27950675738642117,0.38449540462351595,,
0.6666666666666666,0.7071067811865476,0.75,0.9772727272727273,0.03530987654320987,0.044722222222222226,Cricket,2,20,19.8,5,94,chain-mean-GPF (PSSTO-style),0.421,3.6800384287165073,64.0,6.0,1197.0,4.103360370457471,0.42337133818429795,0.26676360306305863,,
0.6666666666666666,0.7071067811865476,0.75,0.9633838383838383,0.039051388888888885,0.05949074074074073,Cricket,2,20,19.8,5,94,KNNOR-GPF (M=1),0.421,3.6800384287165073,64.0,6.0,1197.0,5.229072260864269,0.5276030426872802,0.15511881803111452,0.5838509316770186,1.0
0.6666666666666666,0.7071067811865476,0.75,0.9633838383838385,0.03693595679012345,0.06458333333333334,Cricket,2,20,19.8,5,94,KNNOR-GPF (M calibrated),0.421,3.6800384287165073,64.0,6.0,1197.0,5.353896222907787,0.4455252701083522,0.24056879946928378,0.5081081081081081,1.4
0.5,0.5773502691896257,0.6666666666666666,0.9722222222222222,0.03597546296296296,0.03782407407407408,Cricket,2,20,19.8,5,94,hybrid GPF-nbrs/raw-walk (M calibrated),0.421,3.6800384287165073,64.0,6.0,1197.0,11.809483384213427,0.442801326990379,1.0786366082716878,0.3671875,1.4
0.6666666666666666,0.7071067811865476,0.75,0.9646464646464645,0.03934182098765432,0.0648611111111111,Cricket,2,20,19.8,5,94,KNNOR-official-GPF (randmx=1),0.421,3.6800384287165073,64.0,6.0,1197.0,6.79100024836327,0.5460464880352551,0.16908903539316084,0.746031746031746,1.0
0.6666666666666666,0.7071067811865476,0.75,0.9545454545454545,0.04006435185185184,0.060509259259259256,Cricket,2,20,19.8,5,94,KNNOR-official-GPF (randmx=M*),0.421,3.6800384287165073,64.0,6.0,1197.0,8.293212410693462,0.48920260013604583,0.29859963286998387,0.734375,1.4
0.5,0.5773502691896257,0.6666666666666666,0.9520202020202021,0.041868672839506176,0.01236111111111111,Cricket,2,20,19.8,5,94,hybrid GPF-nbrs/raw-walk (M raw-calibrated),0.421,3.6800384287165073,64.0,6.0,1197.0,10.208758753718831,0.5117072753309941,0.4321557636897598,0.29375,1.2
0.2857142857142857,0.408248290463863,0.5833333333333334,0.9974747474747475,0.038121141975308644,0.10162037037037037,Cricket,3,5,11.0,9,90,none (raw-flat RF),0.421,2.574734843037067,,,,,,,,
0.6666666666666666,0.7071067811865476,0.75,0.9886363636363636,0.028007561728395063,0.04791666666666667,Cricket,3,5,11.0,9,90,none,0.421,2.574734843037067,64.0,6.0,1197.0,,,,,
0.9090909090909091,0.9128709291752769,0.9166666666666667,0.9898989898989898,0.024977932098765435,0.056990740740740745,Cricket,3,5,11.0,9,90,SMOTE-raw,0.421,2.574734843037067,64.0,6.0,1197.0,3.1118737996263857,0.2953290826097691,0.4342799674030714,,
0.8,0.816496580927726,0.8333333333333333,0.9962121212121211,0.019704629629629627,0.058703703703703695,Cricket,3,5,11.0,9,90,chain-mean-GPF (PSSTO-style),0.421,2.574734843037067,64.0,6.0,1197.0,2.788193360356326,0.3279057605566998,0.36268430006493446,,
0.6666666666666666,0.7071067811865476,0.75,0.9974747474747475,0.020583333333333332,0.057592592592592584,Cricket,3,5,11.0,9,90,KNNOR-GPF (M=1),0.421,2.574734843037067,64.0,6.0,1197.0,3.117976435923044,0.38618385438112723,0.3064019611942119,0.8571428571428571,1.0
0.9090909090909091,0.9128709291752769,0.9166666666666667,0.9974747474747475,0.020194907407407408,0.062083333333333345,Cricket,3,5,11.0,9,90,KNNOR-GPF (M calibrated),0.421,2.574734843037067,64.0,6.0,1197.0,3.0755899712478545,0.26739190912910227,0.5816600928966827,0.7563025210084033,1.7999999999999998
1.0,1.0,1.0,1.0,0.012169444444444446,0.061944444444444434,Cricket,3,5,11.0,9,90,hybrid GPF-nbrs/raw-walk (M calibrated),0.421,2.574734843037067,64.0,6.0,1197.0,5.390921949248629,0.2035322850304503,3.660581966691908,0.46875,1.7999999999999998
0.6666666666666666,0.7071067811865476,0.75,0.994949494949495,0.02309135802469136,0.05833333333333333,Cricket,3,5,11.0,9,90,KNNOR-official-GPF (randmx=1),0.421,2.574734843037067,64.0,6.0,1197.0,3.254185529032341,0.4271515534128311,0.26965997081289167,0.8571428571428571,1.0
0.9090909090909091,0.9128709291752769,0.9166666666666667,0.994949494949495,0.021320679012345675,0.0661111111111111,Cricket,3,5,11.0,9,90,KNNOR-official-GPF (randmx=M*),0.421,2.574734843037067,64.0,6.0,1197.0,3.2212891985875647,0.2522061682877337,0.8547876429380794,0.8411214953271028,1.7999999999999998
1.0,1.0,1.0,0.9999999999999999,0.01363179012345679,0.06499999999999997,Cricket,3,5,11.0,9,90,hybrid GPF-nbrs/raw-walk (M raw-calibrated),0.421,2.574734843037067,64.0,6.0,1197.0,3.457405503090362,0.19841141297371923,1.33947849058794,0.3515625,1.4
0.2857142857142857,0.408248290463863,0.5833333333333334,0.9974747474747475,0.03975987654320987,0.10361111111111113,Cricket,3,10,11.0,9,90,none (raw-flat RF),0.421,2.5747348430370707,,,,,,,,
0.6666666666666666,0.7071067811865476,0.75,0.98989898989899,0.027400154320987653,0.041342592592592584,Cricket,3,10,11.0,9,90,none,0.421,2.5747348430370707,64.0,6.0,1197.0,,,,,
0.8,0.816496580927726,0.8333333333333333,0.9848484848484849,0.026824999999999998,0.045648148148148146,Cricket,3,10,11.0,9,90,SMOTE-raw,0.421,2.5747348430370707,64.0,6.0,1197.0,3.0908662434438234,0.2869816416868655,0.4598250499078031,,
0.6666666666666666,0.7071067811865476,0.75,0.9949494949494949,0.024070987654320992,0.04148148148148149,Cricket,3,10,11.0,9,90,chain-mean-GPF (PSSTO-style),0.421,2.5747348430370707,64.0,6.0,1197.0,2.834175593804563,0.3222938496732471,0.3741390881101882,,
0.6666666666666666,0.7071067811865476,0.75,0.9924242424242424,0.0239195987654321,0.051435185185185174,Cricket,3,10,11.0,9,90,KNNOR-GPF (M=1),0.421,2.5747348430370707,64.0,6.0,1197.0,3.0288320433057336,0.38184020117347706,0.28174161439509365,0.8256880733944955,1.0
0.8333333333333334,0.9059288441743484,0.9090909090909092,0.9974747474747475,0.018679783950617285,0.04773148148148147,Cricket,3,10,11.0,9,90,KNNOR-GPF (M calibrated),0.421,2.5747348430370707,64.0,6.0,1197.0,2.7247388300890627,0.24230265913656202,0.5779624011258585,0.6870229007633588,1.7999999999999998
0.9230769230769231,0.9923953268977463,0.9924242424242424,1.0,0.01378827160493827,0.06444444444444446,Cricket,3,10,11.0,9,90,hybrid GPF-nbrs/raw-walk (M calibrated),0.421,2.5747348430370707,64.0,6.0,1197.0,5.493005167541515,0.20263794863806606,4.027728063526808,0.46875,1.7999999999999998
0.9090909090909091,0.9128709291752769,0.9166666666666667,0.9974747474747475,0.02020324074074074,0.06115740740740741,Cricket,3,10,11.0,9,90,KNNOR-official-GPF (randmx=1),0.421,2.5747348430370707,64.0,6.0,1197.0,3.450504266032816,0.44864511410524105,0.22899736915879357,0.9183673469387755,1.0
0.9090909090909091,0.9128709291752769,0.9166666666666667,0.9974747474747475,0.019106790123456792,0.07101851851851851,Cricket,3,10,11.0,9,90,KNNOR-official-GPF (randmx=M*),0.421,2.5747348430370707,64.0,6.0,1197.0,3.482705973634154,0.2867577432424513,0.6987570743296633,0.9090909090909091,1.7999999999999998
1.0,1.0,1.0,1.0,0.013321913580246914,0.06203703703703703,Cricket,3,10,11.0,9,90,hybrid GPF-nbrs/raw-walk (M raw-calibrated),0.421,2.5747348430370707,64.0,6.0,1197.0,2.8943517066819506,0.16974148850870574,1.291565882769524,0.3515625,1.4
0.0,0.0,0.5,0.9002525252525252,0.06596635802469136,0.039722222222222214,Cricket,3,20,19.8,5,94,none (raw-flat RF),0.421,5.485497598803526,,,,,,,,
0.5,0.5773502691896257,0.6666666666666666,0.9835858585858586,0.03580895061728394,0.05083333333333333,Cricket,3,20,19.8,5,94,none,0.421,5.485497598803526,64.0,6.0,1197.0,,,,,
0.6666666666666666,0.7071067811865476,0.75,0.9646464646464646,0.0335479938271605,0.04208333333333334,Cricket,3,20,19.8,5,94,SMOTE-raw,0.421,5.485497598803526,64.0,6.0,1197.0,4.145082938133346,0.3023879385584963,0.3736434930608111,,
0.8,0.816496580927726,0.8333333333333333,0.9974747474747475,0.02252885802469136,0.06384259259259259,Cricket,3,20,19.8,5,94,chain-mean-GPF (PSSTO-style),0.421,5.485497598803526,64.0,6.0,1197.0,6.1210896775475625,0.49716812888370804,0.28582257154884183,,
0.6666666666666666,0.7071067811865476,0.75,0.9898989898989898,0.02647253086419753,0.06787037037037037,Cricket,3,20,19.8,5,94,KNNOR-GPF (M=1),0.421,5.485497598803526,64.0,6.0,1197.0,6.794288354694999,0.5959175507262807,0.16508383590369047,0.9038461538461539,1.0
0.8,0.816496580927726,0.8333333333333333,0.98989898989899,0.025347993827160496,0.0675462962962963,Cricket,3,20,19.8,5,94,KNNOR-GPF (M calibrated),0.421,5.485497598803526,64.0,6.0,1197.0,6.632768002591284,0.5431360712464219,0.27016871888808575,0.7899159663865546,1.5999999999999999
0.6666666666666666,0.7071067811865476,0.75,0.9949494949494949,0.024789197530864192,0.06092592592592591,Cricket,3,20,19.8,5,94,hybrid GPF-nbrs/raw-walk (M calibrated),0.421,5.485497598803526,64.0,6.0,1197.0,9.9526992303695,0.4435588468714188,1.6920506536109194,0.4895833333333333,1.5999999999999999
0.6666666666666666,0.7071067811865476,0.75,0.98989898989899,0.031036882716049388,0.05689814814814815,Cricket,3,20,19.8,5,94,KNNOR-official-GPF (randmx=1),0.421,5.485497598803526,64.0,6.0,1197.0,9.314271757468454,0.678224174864899,0.16411264942162898,0.4973544973544973,1.0
0.6666666666666666,0.7071067811865476,0.75,0.9949494949494949,0.028831635802469138,0.05384259259259259,Cricket,3,20,19.8,5,94,KNNOR-official-GPF (randmx=M*),0.421,5.485497598803526,64.0,6.0,1197.0,8.552118656047762,0.6379548395398889,0.214229815898182,0.5081081081081081,1.5999999999999999
0.6666666666666666,0.7071067811865476,0.75,0.9924242424242424,0.025175617283950617,0.05972222222222222,Cricket,3,20,19.8,5,94,hybrid GPF-nbrs/raw-walk (M raw-calibrated),0.421,5.485497598803526,64.0,6.0,1197.0,8.815145438283274,0.4527661974341959,1.1528746850790856,0.3671875,1.4
0.2857142857142857,0.408248290463863,0.5833333333333334,0.9974747474747474,0.03981466049382717,0.1061574074074074,Cricket,4,5,11.0,9,90,none (raw-flat RF),0.421,2.574734843037069,,,,,,,,
0.6666666666666666,0.7071067811865476,0.75,0.9848484848484849,0.02775354938271605,0.05078703703703703,Cricket,4,5,11.0,9,90,none,0.421,2.574734843037069,64.0,6.0,1197.0,,,,,
0.6666666666666666,0.7071067811865476,0.75,0.9684343434343435,0.03032206790123457,0.054953703703703706,Cricket,4,5,11.0,9,90,SMOTE-raw,0.421,2.574734843037069,64.0,6.0,1197.0,3.3531113335014506,0.3085658834565893,0.4402422957850846,,
0.9090909090909091,0.9128709291752769,0.9166666666666667,0.9974747474747474,0.019459876543209877,0.07055555555555557,Cricket,4,5,11.0,9,90,chain-mean-GPF (PSSTO-style),0.421,2.574734843037069,64.0,6.0,1197.0,2.9142186663589253,0.35588929976388645,0.3082494032372799,,
0.6666666666666666,0.7071067811865476,0.75,0.9924242424242424,0.024588888888888886,0.0438888888888889,Cricket,4,5,11.0,9,90,KNNOR-GPF (M=1),0.421,2.574734843037069,64.0,6.0,1197.0,3.162038826807308,0.3957033661124647,0.29512213904811774,0.8256880733944955,1.0
0.8,0.816496580927726,0.8333333333333333,0.9949494949494949,0.020918672839506176,0.050972222222222224,Cricket,4,5,11.0,9,90,KNNOR-GPF (M calibrated),0.421,2.574734843037069,64.0,6.0,1197.0,3.186326120259057,0.30365690220053115,0.49338913116888905,0.7317073170731707,1.5999999999999999
1.0,1.0,1.0,1.0,0.01196033950617284,0.06180555555555555,Cricket,4,5,11.0,9,90,hybrid GPF-nbrs/raw-walk (M calibrated),0.421,2.574734843037069,64.0,6.0,1197.0,4.090250768910357,0.19016805417681637,2.2897830503958754,0.46875,1.5999999999999999
0.6666666666666666,0.7071067811865476,0.75,0.9974747474747475,0.025254938271604938,0.05601851851851852,Cricket,4,5,11.0,9,90,KNNOR-official-GPF (randmx=1),0.421,2.574734843037069,64.0,6.0,1197.0,3.2996691366933213,0.4180969143339112,0.2961504219019786,0.9183673469387755,1.0
0.9090909090909091,0.9128709291752769,0.9166666666666667,0.9949494949494949,0.021862962962962963,0.05768518518518519,Cricket,4,5,11.0,9,90,KNNOR-official-GPF (randmx=M*),0.421,2.574734843037069,64.0,6.0,1197.0,3.3058322073300417,0.28379266391662744,0.7364352605310371,0.8823529411764706,1.5999999999999999
1.0,1.0,1.0,0.9999999999999999,0.013929166666666666,0.06708333333333333,Cricket,4,5,11.0,9,90,hybrid GPF-nbrs/raw-walk (M raw-calibrated),0.421,2.574734843037069,64.0,6.0,1197.0,3.0029877050533678,0.17129502890919746,1.3803886725161112,0.46875,1.4
0.2857142857142857,0.408248290463863,0.5833333333333334,1.0,0.03792546296296296,0.10245370370370371,Cricket,4,10,11.0,9,90,none (raw-flat RF),0.421,2.574734843037067,,,,,,,,
0.6666666666666666,0.7071067811865476,0.75,0.9898989898989898,0.02800324074074074,0.05347222222222222,Cricket,4,10,11.0,9,90,none,0.421,2.574734843037067,64.0,6.0,1197.0,,,,,
0.8,0.816496580927726,0.8333333333333333,0.9810606060606061,0.027061265432098764,0.04958333333333334,Cricket,4,10,11.0,9,90,SMOTE-raw,0.421,2.574734843037067,64.0,6.0,1197.0,3.252490279208205,0.3085809690797436,0.4442608052332154,,
0.6,0.701729465267237,0.7424242424242424,0.9823232323232324,0.029858333333333334,0.06796296296296298,Cricket,4,10,11.0,9,90,chain-mean-GPF (PSSTO-style),0.421,2.574734843037067,64.0,6.0,1197.0,2.8757856381620783,0.3483579442548668,0.32296161932218875,,
0.6666666666666666,0.7071067811865476,0.75,0.9974747474747475,0.02230694444444445,0.05810185185185186,Cricket,4,10,11.0,9,90,KNNOR-GPF (M=1),0.421,2.574734843037067,64.0,6.0,1197.0,2.995703934911699,0.37245525117397466,0.3229685696296711,0.8411214953271028,1.0
0.9090909090909091,0.9128709291752769,0.9166666666666667,0.9962121212121212,0.01931574074074074,0.04842592592592593,Cricket,4,10,11.0,9,90,KNNOR-GPF (M calibrated),0.421,2.574734843037067,64.0,6.0,1197.0,2.8947064076822606,0.247278711370441,0.600895592409262,0.7563025210084033,1.7999999999999998
1.0,1.0,1.0,1.0,0.012047067901234573,0.06402777777777778,Cricket,4,10,11.0,9,90,hybrid GPF-nbrs/raw-walk (M calibrated),0.421,2.574734843037067,64.0,6.0,1197.0,5.478214589330715,0.19871317855042203,4.331894536161836,0.46875,1.7999999999999998
0.6666666666666666,0.7071067811865476,0.75,0.9974747474747475,0.02386327160493827,0.05824074074074075,Cricket,4,10,11.0,9,90,KNNOR-official-GPF (randmx=1),0.421,2.574734843037067,64.0,6.0,1197.0,3.3360937172899447,0.41986086826511354,0.2928924168113645,0.9375,1.0
0.9090909090909091,0.9128709291752769,0.9166666666666667,0.9974747474747474,0.020631635802469135,0.051898148148148145,Cricket,4,10,11.0,9,90,KNNOR-official-GPF (randmx=M*),0.421,2.574734843037067,64.0,6.0,1197.0,3.582196612669488,0.24767230580678812,1.0940597050611751,0.9090909090909091,1.7999999999999998
0.9090909090909091,0.9128709291752769,0.9166666666666667,1.0,0.013741975308641977,0.05277777777777778,Cricket,4,10,11.0,9,90,hybrid GPF-nbrs/raw-walk (M raw-calibrated),0.421,2.574734843037067,64.0,6.0,1197.0,2.96669416550883,0.17656190269229666,1.3551874433531692,0.46875,1.4
0.0,0.0,0.5,0.9659090909090909,0.05532654320987654,0.06305555555555555,Cricket,4,20,19.8,5,94,none (raw-flat RF),0.421,3.760797559710104,,,,,,,,
0.5,0.5773502691896257,0.6666666666666666,0.9494949494949495,0.043306635802469136,0.03643518518518518,Cricket,4,20,19.8,5,94,none,0.421,3.760797559710104,64.0,6.0,1197.0,,,,,
0.6,0.701729465267237,0.7424242424242424,0.9823232323232323,0.0313033950617284,0.06074074074074074,Cricket,4,20,19.8,5,94,SMOTE-raw,0.421,3.760797559710104,64.0,6.0,1197.0,3.55097208543334,0.2967849339806335,0.3405010333143377,,
0.6,0.701729465267237,0.7424242424242424,0.9861111111111112,0.03190061728395062,0.06490740740740739,Cricket,4,20,19.8,5,94,chain-mean-GPF (PSSTO-style),0.421,3.760797559710104,64.0,6.0,1197.0,4.073997388304576,0.47281175915828955,0.1952809678691306,,
0.6666666666666666,0.7071067811865476,0.75,0.9873737373737373,0.028598456790123454,0.05333333333333333,Cricket,4,20,19.8,5,94,KNNOR-GPF (M=1),0.421,3.760797559710104,64.0,6.0,1197.0,4.793734388969018,0.5043178028941044,0.17623994921524663,0.8468468468468469,1.0
0.6666666666666666,0.7071067811865476,0.75,0.9848484848484849,0.02899660493827161,0.032685185185185185,Cricket,4,20,19.8,5,94,KNNOR-GPF (M calibrated),0.421,3.760797559710104,64.0,6.0,1197.0,4.719239317565304,0.40368383644834094,0.29390345025033227,0.9038461538461539,1.5999999999999999
0.6666666666666666,0.7071067811865476,0.75,0.9747474747474747,0.03354984567901234,0.057638888888888885,Cricket,4,20,19.8,5,94,hybrid GPF-nbrs/raw-walk (M calibrated),0.421,3.760797559710104,64.0,6.0,1197.0,11.582615736475077,0.3811704588878474,2.5447304231193644,0.4895833333333333,1.5999999999999999
0.5,0.5773502691896257,0.6666666666666666,0.9646464646464648,0.039942746913580254,0.03606481481481481,Cricket,4,20,19.8,5,94,KNNOR-official-GPF (randmx=1),0.421,3.760797559710104,64.0,6.0,1197.0,8.56325774974066,0.6250888073755534,0.11662555516552876,0.3949579831932773,1.0
0.5,0.5773502691896257,0.6666666666666666,0.9595959595959597,0.04127438271604938,0.03555555555555555,Cricket,4,20,19.8,5,94,KNNOR-official-GPF (randmx=M*),0.421,3.760797559710104,64.0,6.0,1197.0,8.523955024840557,0.5854863254470314,0.24631448676334403,0.4253393665158371,1.5999999999999999
0.5,0.5773502691896257,0.6666666666666666,0.9772727272727273,0.03843858024691358,0.06222222222222223,Cricket,4,20,19.8,5,94,hybrid GPF-nbrs/raw-walk (M raw-calibrated),0.421,3.760797559710104,64.0,6.0,1197.0,7.493024772117089,0.43008399256863616,0.8471160709209206,0.4895833333333333,1.2
0.5964912280701754,0.6519202405202649,0.7125,0.9839285714285715,0.0452609375,0.08405208333333333,UWaveGestureLibrary,0,5,7.0,15,90,none (raw-flat RF),0.757,0.9023365089225646,,,,,,,,
0.6206896551724138,0.6708203932499369,0.725,0.9839285714285715,0.05011666666666668,0.08383333333333334,UWaveGestureLibrary,0,5,7.0,15,90,none,0.757,0.9023365089225646,64.0,3.0,315.0,,,,,
0.8767123287671232,0.892828570971414,0.8982142857142857,0.9914732142857144,0.03189260416666666,0.08713541666666667,UWaveGestureLibrary,0,5,7.0,15,90,SMOTE-raw,0.757,0.9023365089225646,64.0,3.0,315.0,0.6778837463219087,0.048934535399130175,0.6059287225021687,,
0.9041095890410958,0.9082951062292475,0.9125,0.9921875,0.031078784722222218,0.09457291666666666,UWaveGestureLibrary,0,5,7.0,15,90,chain-mean-GPF (PSSTO-style),0.757,0.9023365089225646,64.0,3.0,315.0,0.877666601302753,0.07092621736789806,0.5242763840751326,,
0.8767123287671232,0.892828570971414,0.8982142857142857,0.9956696428571428,0.029281284722222224,0.08630208333333335,UWaveGestureLibrary,0,5,7.0,15,90,KNNOR-GPF (M=1),0.757,0.9023365089225646,64.0,3.0,315.0,1.2216209995169258,0.1839601953149511,0.17892687451083847,0.989010989010989,1.0
0.935064935064935,0.9469877054564723,0.9482142857142857,0.9954464285714285,0.02963975694444445,0.10228125000000002,UWaveGestureLibrary,0,5,7.0,15,90,KNNOR-GPF (M calibrated),0.757,0.9023365089225646,64.0,3.0,315.0,0.9532190566570051,0.09435016578602917,0.4144639358597202,0.9473684210526315,2.0
0.935064935064935,0.9469877054564723,0.9482142857142857,0.9980803571428571,0.0294740625,0.10626041666666668,UWaveGestureLibrary,0,5,7.0,15,90,hybrid GPF-nbrs/raw-walk (M calibrated),0.757,0.9023365089225646,64.0,3.0,315.0,1.094477503990877,0.07297320573316479,0.9852095851562113,0.703125,2.0
0.8571428571428571,0.8660254037844386,0.875,0.9966071428571429,0.03321565972222222,0.09430208333333334,UWaveGestureLibrary,0,5,7.0,15,90,KNNOR-official-GPF (randmx=1),0.757,0.9023365089225646,64.0,3.0,315.0,2.0264682215601972,0.31973789827826815,0.10331278228707205,0.9782608695652174,1.0
0.8611111111111112,0.8787673997464532,0.8857142857142857,0.9961160714285715,0.0360103125,0.10807291666666667,UWaveGestureLibrary,0,5,7.0,15,90,KNNOR-official-GPF (randmx=M*),0.757,0.9023365089225646,64.0,3.0,315.0,1.851088084884724,0.15283779199919212,0.5074294962509831,0.9782608695652174,2.0
0.8115942028985508,0.8351646544245033,0.8482142857142857,0.9947767857142857,0.03460600694444445,0.09594791666666667,UWaveGestureLibrary,0,5,7.0,15,90,KNNOR-official-raw (randmx=1),0.757,0.9023365089225646,64.0,3.0,315.0,1.3068080110788571,0.18764260143351752,0.2145687185386829,1.0,1.0
0.935064935064935,0.9469877054564723,0.9482142857142857,0.9980803571428571,0.0294740625,0.10626041666666668,UWaveGestureLibrary,0,5,7.0,15,90,hybrid GPF-nbrs/raw-walk (M raw-calibrated),0.757,0.9023365089225646,64.0,3.0,315.0,1.094477503990877,0.07297320573316479,0.9852095851562113,0.703125,2.0
0.2978723404255319,0.4183300132670378,0.5875,0.9827232142857143,0.05899753472222223,0.08848958333333333,UWaveGestureLibrary,0,10,10.5,10,95,none (raw-flat RF),0.757,1.2174649936682425,,,,,,,,
0.2553191489361702,0.38660611184290106,0.5732142857142857,0.9454910714285715,0.06876458333333334,0.054125,UWaveGestureLibrary,0,10,10.5,10,95,none,0.757,1.2174649936682425,64.0,3.0,315.0,,,,,
0.7692307692307693,0.7905694150420949,0.8125,0.9935267857142857,0.03651888888888889,0.08900000000000002,UWaveGestureLibrary,0,10,10.5,10,95,SMOTE-raw,0.757,1.2174649936682425,64.0,3.0,315.0,1.3859194576398135,0.14061987829568223,0.4440181814507723,,
0.6885245901639344,0.724568837309472,0.7625,0.9933482142857143,0.04161913194444444,0.09163541666666665,UWaveGestureLibrary,0,10,10.5,10,95,chain-mean-GPF (PSSTO-style),0.757,1.2174649936682425,64.0,3.0,315.0,1.7884677100809814,0.226192220964881,0.3287175217044114,,
0.43137254901960786,0.5244044240850758,0.6375,0.9858035714285714,0.05059857638888889,0.08632291666666665,UWaveGestureLibrary,0,10,10.5,10,95,KNNOR-GPF (M=1),0.757,1.2174649936682425,64.0,3.0,315.0,3.21428593947555,0.3806117125093835,0.18595672414898307,1.0,1.0
0.7692307692307693,0.7905694150420949,0.8125,0.9907589285714286,0.04204107638888889,0.09478125,UWaveGestureLibrary,0,10,10.5,10,95,KNNOR-GPF (M calibrated),0.757,1.2174649936682425,64.0,3.0,315.0,2.578574263714229,0.22255403752009906,0.489592289292728,1.0,2.0
0.6885245901639344,0.724568837309472,0.7625,0.9898660714285714,0.045845416666666666,0.09764583333333332,UWaveGestureLibrary,0,10,10.5,10,95,hybrid GPF-nbrs/raw-walk (M calibrated),0.757,1.2174649936682425,64.0,3.0,315.0,2.949343061243237,0.1940773673030891,1.2158847000694206,0.7421875,2.0
0.5185185185185185,0.5916079783099616,0.675,0.9904017857142857,0.050565625,0.09377083333333334,UWaveGestureLibrary,0,10,10.5,10,95,KNNOR-official-GPF (randmx=1),0.757,1.2174649936682425,64.0,3.0,315.0,3.2562753211687774,0.4101199608693783,0.16598246230235508,1.0,1.0
0.5454545454545454,0.6123724356957945,0.6875,0.9795982142857144,0.05353378472222222,0.09280208333333333,UWaveGestureLibrary,0,10,10.5,10,95,KNNOR-official-GPF (randmx=M*),0.757,1.2174649936682425,64.0,3.0,315.0,3.1423020969196838,0.22315002784754967,0.9082440025742562,1.0,2.0
0.6885245901639344,0.724568837309472,0.7625,0.9906696428571429,0.04223916666666667,0.08460416666666667,UWaveGestureLibrary,0,10,10.5,10,95,KNNOR-official-raw (randmx=1),0.757,1.2174649936682425,64.0,3.0,315.0,2.27290087386689,0.259327656938087,0.2866358000862591,1.0,1.0
0.6666666666666666,0.7071067811865476,0.75,0.9900446428571429,0.04624770833333334,0.10039583333333332,UWaveGestureLibrary,0,10,10.5,10,95,hybrid GPF-nbrs/raw-walk (M raw-calibrated),0.757,1.2174649936682425,64.0,3.0,315.0,2.9631981448519262,0.22309001615506718,0.8259180993785464,0.7421875,1.7999999999999998
0.0,0.0,0.5,0.9171428571428571,0.09272194444444445,0.07900000000000001,UWaveGestureLibrary,0,20,21.0,5,100,none (raw-flat RF),0.757,5.709669652718292,,,,,,,,
0.046511627906976744,0.15754817857223413,0.5089285714285714,0.8295089285714285,0.10378631944444446,0.08052083333333333,UWaveGestureLibrary,0,20,21.0,5,100,none,0.757,5.709669652718292,64.0,3.0,315.0,,,,,
0.5454545454545454,0.6123724356957945,0.6875,0.9869196428571428,0.047379548611111114,0.08369791666666665,UWaveGestureLibrary,0,20,21.0,5,100,SMOTE-raw,0.757,5.709669652718292,64.0,3.0,315.0,3.2923989160005025,0.2258638946589102,0.4482858145312116,,
0.2916666666666667,0.41758232721225164,0.5857142857142857,0.8595982142857143,0.08545791666666666,0.053354166666666675,UWaveGestureLibrary,0,20,21.0,5,100,chain-mean-GPF (PSSTO-style),0.757,5.709669652718292,64.0,3.0,315.0,6.691588737176694,0.4853260969090337,0.24627551974146294,,
0.2916666666666667,0.41758232721225164,0.5857142857142857,0.8290178571428571,0.09071378472222222,0.06259375,UWaveGestureLibrary,0,20,21.0,5,100,KNNOR-GPF (M=1),0.757,5.709669652718292,64.0,3.0,315.0,7.9934607222086385,0.6181235399126845,0.138217288331661,0.5434782608695652,1.0
0.2857142857142857,0.41683330001332664,0.5839285714285715,0.8422321428571429,0.0905248611111111,0.06256250000000001,UWaveGestureLibrary,0,20,21.0,5,100,KNNOR-GPF (M calibrated),0.757,5.709669652718292,64.0,3.0,315.0,9.297214030885222,0.6230709897224259,0.21465634758397062,0.5208333333333334,1.5999999999999999
0.2,0.35038244411336755,0.5535714285714286,0.8455803571428572,0.09259430555555556,0.054791666666666676,UWaveGestureLibrary,0,20,21.0,5,100,hybrid GPF-nbrs/raw-walk (M calibrated),0.757,5.709669652718292,64.0,3.0,315.0,18.088844814757927,0.7134804818209313,0.8971222467471675,0.5208333333333334,1.5999999999999999
0.125,0.2714050741709047,0.5285714285714286,0.831875,0.1031181597222222,0.08490625000000002,UWaveGestureLibrary,0,20,21.0,5,100,KNNOR-official-GPF (randmx=1),0.757,5.709669652718292,64.0,3.0,315.0,13.223546808983148,0.8153830825956953,0.14137521764121044,0.591715976331361,1.0
0.12244897959183673,0.27091116097875545,0.5267857142857143,0.8028125,0.1040645486111111,0.08588541666666666,UWaveGestureLibrary,0,20,21.0,5,100,KNNOR-official-GPF (randmx=M*),0.757,5.709669652718292,64.0,3.0,315.0,18.08618115021207,0.8784461546491875,0.2512071735604727,0.704225352112676,1.5999999999999999
0.2608695652173913,0.3872983346207417,0.575,0.9801339285714286,0.06110774305555555,0.08665625000000002,UWaveGestureLibrary,0,20,21.0,5,100,KNNOR-official-raw (randmx=1),0.757,5.709669652718292,64.0,3.0,315.0,2.548297727206485,0.27343060579891243,0.14787376178711847,0.8130081300813008,1.0
0.2,0.35038244411336755,0.5535714285714286,0.8743303571428571,0.08966461805555556,0.050072916666666675,UWaveGestureLibrary,0,20,21.0,5,100,hybrid GPF-nbrs/raw-walk (M raw-calibrated),0.757,5.709669652718292,64.0,3.0,315.0,15.574556795269665,0.7018404563608791,0.6461746294052375,0.5208333333333334,1.4
0.5964912280701754,0.6519202405202649,0.7125,0.9836607142857142,0.04695322916666667,0.08951041666666668,UWaveGestureLibrary,1,5,7.0,15,90,none (raw-flat RF),0.757,0.9023365089225663,,,,,,,,
0.576271186440678,0.6495877813769942,0.7089285714285715,0.9796428571428571,0.05271138888888889,0.0865625,UWaveGestureLibrary,1,5,7.0,15,90,none,0.757,0.9023365089225663,64.0,3.0,315.0,,,,,
0.8767123287671232,0.892828570971414,0.8982142857142857,0.9871875000000001,0.03310159722222222,0.08291666666666667,UWaveGestureLibrary,1,5,7.0,15,90,SMOTE-raw,0.757,0.9023365089225663,64.0,3.0,315.0,0.5145809206186325,0.044515277801309705,0.5113762828353312,,
0.918918918918919,0.9219544457292888,0.925,0.991875,0.03049760416666667,0.08721875000000001,UWaveGestureLibrary,1,5,7.0,15,90,chain-mean-GPF (PSSTO-style),0.757,0.9023365089225663,64.0,3.0,315.0,0.7172813617744662,0.0793276264800924,0.40778942920786343,,
0.8732394366197183,0.8803408430829505,0.8875,0.9955357142857142,0.030180833333333334,0.09614583333333333,UWaveGestureLibrary,1,5,7.0,15,90,KNNOR-GPF (M=1),0.757,0.9023365089225663,64.0,3.0,315.0,1.165771181578041,0.1919989959845403,0.17651371707787622,0.989010989010989,1.0
0.9333333333333333,0.9354143466934853,0.9375,0.9908482142857143,0.03126607638888888,0.10498958333333333,UWaveGestureLibrary,1,5,7.0,15,90,KNNOR-GPF (M calibrated),0.757,0.9023365089225663,64.0,3.0,315.0,1.1711299867429599,0.12374230386847429,0.42105445844593875,0.9473684210526315,2.1999999999999997
0.9743589743589743,0.9746794344808963,0.975,0.9958035714285715,0.029167916666666665,0.1135,UWaveGestureLibrary,1,5,7.0,15,90,hybrid GPF-nbrs/raw-walk (M calibrated),0.757,0.9023365089225663,64.0,3.0,315.0,1.2980083365697332,0.08975665892549944,1.2814255901720857,0.703125,2.1999999999999997
0.8405797101449275,0.85146931829632,0.8625,0.9926785714285714,0.03651472222222222,0.10035416666666666,UWaveGestureLibrary,1,5,7.0,15,90,KNNOR-official-GPF (randmx=1),0.757,0.9023365089225663,64.0,3.0,315.0,1.9538270595499299,0.3124598502154138,0.11197044945389967,1.0,1.0
0.9041095890410958,0.9082951062292475,0.9125,0.9926785714285714,0.037932430555555556,0.11622916666666663,UWaveGestureLibrary,1,5,7.0,15,90,KNNOR-official-GPF (randmx=M*),0.757,0.9023365089225663,64.0,3.0,315.0,1.8225825400549436,0.1533211793453676,0.6631059503548183,0.9,2.1999999999999997
0.8405797101449275,0.85146931829632,0.8625,0.9923660714285715,0.03571159722222222,0.08716666666666667,UWaveGestureLibrary,1,5,7.0,15,90,KNNOR-official-raw (randmx=1),0.757,0.9023365089225663,64.0,3.0,315.0,1.3500398801067934,0.19668449321080317,0.18610087703479053,1.0,1.0
0.9210526315789473,0.9337424698491549,0.9357142857142857,0.995625,0.029709027777777786,0.09954166666666665,UWaveGestureLibrary,1,5,7.0,15,90,hybrid GPF-nbrs/raw-walk (M raw-calibrated),0.757,0.9023365089225663,64.0,3.0,315.0,1.1487033213694264,0.09238975513305947,0.8185451276653227,0.703125,2.0
0.3333333333333333,0.4472135954999579,0.6,0.9694196428571429,0.06265072916666667,0.06413541666666667,UWaveGestureLibrary,1,10,10.5,10,95,none (raw-flat RF),0.757,0.9301131226107557,,,,,,,,
0.18181818181818182,0.31622776601683794,0.55,0.9862500000000001,0.05898868055555555,0.10022916666666666,UWaveGestureLibrary,1,10,10.5,10,95,none,0.757,0.9301131226107557,64.0,3.0,315.0,,,,,
0.7941176470588235,0.8201154099968405,0.8357142857142857,0.9938392857142857,0.03492451388888889,0.09333333333333337,UWaveGestureLibrary,1,10,10.5,10,95,SMOTE-raw,0.757,0.9301131226107557,64.0,3.0,315.0,0.8830670994038226,0.0847383213412305,0.45309412188251935,,
0.7761194029850746,0.8047847982091682,0.8232142857142857,0.9975446428571428,0.035791666666666666,0.10291666666666668,UWaveGestureLibrary,1,10,10.5,10,95,chain-mean-GPF (PSSTO-style),0.757,0.9301131226107557,64.0,3.0,315.0,1.1380410900073112,0.13931646956737231,0.32037005923023726,,
0.7301587301587301,0.758287544405155,0.7875,0.99625,0.03614111111111111,0.1025208333333333,UWaveGestureLibrary,1,10,10.5,10,95,KNNOR-GPF (M=1),0.757,0.9301131226107557,64.0,3.0,315.0,1.879543403012498,0.25149870496129023,0.2071174825042293,1.0,1.0
0.8235294117647058,0.8366600265340756,0.85,0.9965178571428571,0.03439697916666666,0.10342708333333334,UWaveGestureLibrary,1,10,10.5,10,95,KNNOR-GPF (M calibrated),0.757,0.9301131226107557,64.0,3.0,315.0,1.756214769910331,0.17198899873494955,0.42593846284985654,0.9895833333333334,1.7999999999999998
0.8888888888888888,0.8944271909999159,0.9,0.9962946428571429,0.030488923611111114,0.09201041666666665,UWaveGestureLibrary,1,10,10.5,10,95,hybrid GPF-nbrs/raw-walk (M calibrated),0.757,0.9301131226107557,64.0,3.0,315.0,1.5858921672705488,0.11370945843560698,0.9749596422258187,0.7421875,1.7999999999999998
0.6885245901639344,0.724568837309472,0.7625,0.9970089285714284,0.03815090277777777,0.09693750000000001,UWaveGestureLibrary,1,10,10.5,10,95,KNNOR-official-GPF (randmx=1),0.757,0.9301131226107557,64.0,3.0,315.0,2.3224355277866433,0.2852774388956676,0.21947485077823872,0.979381443298969,1.0
0.8405797101449275,0.85146931829632,0.8625,0.9961607142857143,0.03385809027777777,0.10567708333333331,UWaveGestureLibrary,1,10,10.5,10,95,KNNOR-official-GPF (randmx=M*),0.757,0.9301131226107557,64.0,3.0,315.0,1.9235323682552714,0.1665851621578529,0.6454178134376188,0.8878504672897196,1.7999999999999998
0.7301587301587301,0.758287544405155,0.7875,0.9932142857142857,0.039893125,0.09539583333333332,UWaveGestureLibrary,1,10,10.5,10,95,KNNOR-official-raw (randmx=1),0.757,0.9301131226107557,64.0,3.0,315.0,1.9579938955282241,0.23012966225579645,0.25666493286489667,1.0,1.0
0.8571428571428571,0.8660254037844386,0.875,0.9973214285714286,0.031073020833333336,0.09634375,UWaveGestureLibrary,1,10,10.5,10,95,hybrid GPF-nbrs/raw-walk (M raw-calibrated),0.757,0.9301131226107557,64.0,3.0,315.0,1.6053812894786468,0.12621928736859966,0.7438557669293483,0.7421875,1.6
0.04878048780487805,0.15811388300841897,0.5125,0.9229017857142857,0.08462874999999999,0.07287500000000002,UWaveGestureLibrary,1,20,21.0,5,100,none (raw-flat RF),0.757,3.165895946993963,,,,,,,,
0.09523809523809523,0.22360679774997896,0.525,0.9619642857142857,0.07910177083333333,0.08130208333333336,UWaveGestureLibrary,1,20,21.0,5,100,none,0.757,3.165895946993963,64.0,3.0,315.0,,,,,
0.2608695652173913,0.3872983346207417,0.575,0.9608035714285714,0.06845805555555556,0.06391666666666668,UWaveGestureLibrary,1,20,21.0,5,100,SMOTE-raw,0.757,3.165895946993963,64.0,3.0,315.0,1.8099644595470732,0.1315843273688414,0.4055698272509718,,
0.2978723404255319,0.4183300132670378,0.5875,0.9757142857142858,0.06368774305555555,0.07817708333333333,UWaveGestureLibrary,1,20,21.0,5,100,chain-mean-GPF (PSSTO-style),0.757,3.165895946993963,64.0,3.0,315.0,4.201082020600557,0.32600389594893053,0.2510798906919135,,
0.2978723404255319,0.4183300132670378,0.5875,0.9689285714285715,0.0649304513888889,0.07376041666666668,UWaveGestureLibrary,1,20,21.0,5,100,KNNOR-GPF (M=1),0.757,3.165895946993963,64.0,3.0,315.0,3.9124492584901045,0.4748550478708986,0.07868748321625434,1.0,1.0
0.2978723404255319,0.4183300132670378,0.5875,0.9710714285714287,0.06500496527777778,0.06978124999999999,UWaveGestureLibrary,1,20,21.0,5,100,KNNOR-GPF (M calibrated),0.757,3.165895946993963,64.0,3.0,315.0,3.494721278909905,0.41157803550047756,0.09405680605994628,1.0,1.4
0.49056603773584906,0.570087712549569,0.6625,0.9773214285714286,0.05513149305555557,0.06478124999999998,UWaveGestureLibrary,1,20,21.0,5,100,hybrid GPF-nbrs/raw-walk (M calibrated),0.757,3.165895946993963,64.0,3.0,315.0,4.071592580686891,0.17328895159908875,1.0219153617463623,0.78125,1.4
0.2978723404255319,0.4183300132670378,0.5875,0.9759821428571428,0.06341802083333332,0.07896875,UWaveGestureLibrary,1,20,21.0,5,100,KNNOR-official-GPF (randmx=1),0.757,3.165895946993963,64.0,3.0,315.0,7.302832959111186,0.40292070514507006,0.4881058230074598,0.9900990099009901,1.0
0.3333333333333333,0.4472135954999579,0.6,0.9678571428571427,0.06484875000000001,0.06193749999999999,UWaveGestureLibrary,1,20,21.0,5,100,KNNOR-official-GPF (randmx=M*),0.757,3.165895946993963,64.0,3.0,315.0,9.297229680421436,0.4616378227349428,0.7076878511445962,0.9900990099009901,1.4
0.2608695652173913,0.3872983346207417,0.575,0.9711160714285714,0.06455701388888888,0.07904166666666666,UWaveGestureLibrary,1,20,21.0,5,100,KNNOR-official-raw (randmx=1),0.757,3.165895946993963,64.0,3.0,315.0,3.860104587820496,0.29278720804385283,0.2639398022115763,1.0,1.0
0.49056603773584906,0.570087712549569,0.6625,0.9773214285714286,0.05513149305555557,0.06478124999999998,UWaveGestureLibrary,1,20,21.0,5,100,hybrid GPF-nbrs/raw-walk (M raw-calibrated),0.757,3.165895946993963,64.0,3.0,315.0,4.071592580686891,0.17328895159908875,1.0219153617463623,0.78125,1.4
0.5862068965517241,0.6507550559597235,0.7107142857142857,0.984017857142857,0.04748496527777778,0.09180208333333333,UWaveGestureLibrary,2,5,7.0,15,90,none (raw-flat RF),0.757,0.9023365089225646,,,,,,,,
0.5172413793103449,0.6090830344519069,0.6821428571428572,0.9760267857142857,0.05544149305555555,0.08409375,UWaveGestureLibrary,2,5,7.0,15,90,none,0.757,0.9023365089225646,64.0,3.0,315.0,,,,,
0.8611111111111112,0.8787673997464532,0.8857142857142857,0.9896875,0.03363965277777778,0.08633333333333335,UWaveGestureLibrary,2,5,7.0,15,90,SMOTE-raw,0.757,0.9023365089225646,64.0,3.0,315.0,0.6094609885629545,0.06707797237803381,0.4057992467534337,,
0.9041095890410958,0.9082951062292475,0.9125,0.9944196428571429,0.03207701388888889,0.09477083333333332,UWaveGestureLibrary,2,5,7.0,15,90,chain-mean-GPF (PSSTO-style),0.757,0.9023365089225646,64.0,3.0,315.0,0.7997959250101836,0.07870172384861873,0.4455218058954153,,
0.8571428571428571,0.8660254037844386,0.875,0.9940625,0.03295927083333333,0.09180208333333333,UWaveGestureLibrary,2,5,7.0,15,90,KNNOR-GPF (M=1),0.757,0.9023365089225646,64.0,3.0,315.0,1.4300261983996059,0.23418115737358175,0.14488620531714994,0.967741935483871,1.0
0.9066666666666666,0.9203066259211033,0.9232142857142858,0.9935267857142858,0.030521701388888888,0.10003125000000002,UWaveGestureLibrary,2,5,7.0,15,90,KNNOR-GPF (M calibrated),0.757,0.9023365089225646,64.0,3.0,315.0,1.0777816681909869,0.11447200342288377,0.35147804735798216,0.9574468085106383,2.0
0.9620253164556962,0.9729373786925564,0.9732142857142857,0.9967410714285715,0.02994309027777778,0.11542708333333335,UWaveGestureLibrary,2,5,7.0,15,90,hybrid GPF-nbrs/raw-walk (M calibrated),0.757,0.9023365089225646,64.0,3.0,315.0,1.117320267413218,0.08000334134559128,1.1131066176985303,0.703125,2.0
0.7878787878787878,0.806225774829855,0.825,0.9940178571428571,0.03754857638888889,0.08592708333333335,UWaveGestureLibrary,2,5,7.0,15,90,KNNOR-official-GPF (randmx=1),0.757,0.9023365089225646,64.0,3.0,315.0,1.916753847252508,0.3146483646724726,0.10211147420691918,0.989010989010989,1.0
0.8888888888888888,0.8944271909999159,0.9,0.9956696428571429,0.036801875,0.11012500000000001,UWaveGestureLibrary,2,5,7.0,15,90,KNNOR-official-GPF (randmx=M*),0.757,0.9023365089225646,64.0,3.0,315.0,1.707543992220593,0.15840158169841367,0.49504586720823424,0.989010989010989,2.0
0.8115942028985508,0.8351646544245033,0.8482142857142857,0.9936607142857143,0.03492215277777778,0.08783333333333335,UWaveGestureLibrary,2,5,7.0,15,90,KNNOR-official-raw (randmx=1),0.757,0.9023365089225646,64.0,3.0,315.0,1.1382891956379204,0.16439331693123782,0.3164300707016981,1.0,1.0
0.9210526315789473,0.9337424698491549,0.9357142857142857,0.9951785714285714,0.030813368055555557,0.10371874999999998,UWaveGestureLibrary,2,5,7.0,15,90,hybrid GPF-nbrs/raw-walk (M raw-calibrated),0.757,0.9023365089225646,64.0,3.0,315.0,0.9866671704506356,0.08223256658823641,0.7444978364067211,0.703125,1.7999999999999998
0.2608695652173913,0.3872983346207417,0.575,0.9679464285714287,0.06341670138888889,0.06236458333333333,UWaveGestureLibrary,2,10,10.5,10,95,none (raw-flat RF),0.757,1.5042595254524027,,,,,,,,
0.3137254901960784,0.4448113564840076,0.5946428571428571,0.9698660714285714,0.06423215277777779,0.08299999999999999,UWaveGestureLibrary,2,10,10.5,10,95,none,0.757,1.5042595254524027,64.0,3.0,315.0,,,,,
0.7301587301587301,0.758287544405155,0.7875,0.9772321428571429,0.03765826388888889,0.06431250000000001,UWaveGestureLibrary,2,10,10.5,10,95,SMOTE-raw,0.757,1.5042595254524027,64.0,3.0,315.0,1.1326464423796043,0.0950941961059456,0.5030252182270925,,
0.7301587301587301,0.758287544405155,0.7875,0.9834375,0.03704239583333334,0.07842708333333333,UWaveGestureLibrary,2,10,10.5,10,95,chain-mean-GPF (PSSTO-style),0.757,1.5042595254524027,64.0,3.0,315.0,1.5278940115902042,0.11323466272129656,0.514299746970144,,
0.7301587301587301,0.758287544405155,0.7875,0.9858035714285714,0.03739920138888888,0.07409375000000001,UWaveGestureLibrary,2,10,10.5,10,95,KNNOR-GPF (M=1),0.757,1.5042595254524027,64.0,3.0,315.0,1.8347487037547268,0.2541416434969649,0.17009853875228567,0.9313725490196079,1.0
0.7761194029850746,0.8047847982091682,0.8232142857142857,0.9830357142857142,0.0401715625,0.07867708333333333,UWaveGestureLibrary,2,10,10.5,10,95,KNNOR-GPF (M calibrated),0.757,1.5042595254524027,64.0,3.0,315.0,2.1948435834632924,0.21683031267152575,0.3937848681649696,0.95,2.0
0.8450704225352113,0.8644775465976132,0.8732142857142857,0.9891964285714286,0.03815982638888889,0.08969791666666667,UWaveGestureLibrary,2,10,10.5,10,95,hybrid GPF-nbrs/raw-walk (M calibrated),0.757,1.5042595254524027,64.0,3.0,315.0,3.1168786388301957,0.16770000978588673,1.2359004183083786,0.7421875,2.0
0.6666666666666666,0.7071067811865476,0.75,0.9895089285714286,0.041620763888888884,0.08362499999999999,UWaveGestureLibrary,2,10,10.5,10,95,KNNOR-official-GPF (randmx=1),0.757,1.5042595254524027,64.0,3.0,315.0,2.4365509652028425,0.37759169011428395,0.1027089216345282,0.9693877551020408,1.0
0.6885245901639344,0.724568837309472,0.7625,0.9853571428571428,0.044140659722222225,0.07530208333333333,UWaveGestureLibrary,2,10,10.5,10,95,KNNOR-official-GPF (randmx=M*),0.757,1.5042595254524027,64.0,3.0,315.0,3.071025657202897,0.2280999223873562,0.4825691799167589,0.95,2.0
0.7096774193548387,0.7416198487095663,0.775,0.991830357142857,0.03884569444444444,0.08,UWaveGestureLibrary,2,10,10.5,10,95,KNNOR-official-raw (randmx=1),0.757,1.5042595254524027,64.0,3.0,315.0,1.9105619450849503,0.28153051743289303,0.13729399488823765,1.0,1.0
0.8059701492537313,0.8215838362577492,0.8375,0.9892857142857144,0.03673864583333333,0.07313541666666667,UWaveGestureLibrary,2,10,10.5,10,95,hybrid GPF-nbrs/raw-walk (M raw-calibrated),0.757,1.5042595254524027,64.0,3.0,315.0,2.4435520953888865,0.16060412846937477,0.7471531306622458,0.7421875,1.7999999999999998
0.0,0.0,0.5,0.9595535714285715,0.08392708333333333,0.08229166666666665,UWaveGestureLibrary,2,20,21.0,5,100,none (raw-flat RF),0.757,2.987689411274939,,,,,,,,
0.0,0.0,0.5,0.9400892857142857,0.08249315972222224,0.08053125,UWaveGestureLibrary,2,20,21.0,5,100,none,0.757,2.987689411274939,64.0,3.0,315.0,,,,,
0.3333333333333333,0.4472135954999579,0.6,0.9866517857142857,0.056568506944444444,0.07461458333333333,UWaveGestureLibrary,2,20,21.0,5,100,SMOTE-raw,0.757,2.987689411274939,64.0,3.0,315.0,2.119383252029536,0.1830275059863925,0.33212809684042854,,
0.43137254901960786,0.5244044240850758,0.6375,0.9895089285714286,0.054922013888888885,0.08185416666666667,UWaveGestureLibrary,2,20,21.0,5,100,chain-mean-GPF (PSSTO-style),0.757,2.987689411274939,64.0,3.0,315.0,2.9560706544028506,0.2718933298737234,0.26288648615627364,,
0.3333333333333333,0.4472135954999579,0.6,0.9841517857142857,0.06003555555555555,0.08841666666666667,UWaveGestureLibrary,2,20,21.0,5,100,KNNOR-GPF (M=1),0.757,2.987689411274939,64.0,3.0,315.0,3.992506843368682,0.4031851994526453,0.12663387365656698,1.0,1.0
0.4,0.5,0.625,0.9779017857142857,0.05680819444444446,0.09079166666666665,UWaveGestureLibrary,2,20,21.0,5,100,KNNOR-GPF (M calibrated),0.757,2.987689411274939,64.0,3.0,315.0,4.223637822730865,0.366760501575872,0.17998702516503526,1.0,1.5999999999999999
0.5185185185185185,0.5916079783099616,0.675,0.9874999999999999,0.048053958333333334,0.08366666666666664,UWaveGestureLibrary,2,20,21.0,5,100,hybrid GPF-nbrs/raw-walk (M calibrated),0.757,2.987689411274939,64.0,3.0,315.0,5.981507752877633,0.23212064896439122,1.4730219877237878,0.78125,1.5999999999999999
0.2978723404255319,0.4183300132670378,0.5875,0.9754017857142857,0.0624915625,0.07651041666666666,UWaveGestureLibrary,2,20,21.0,5,100,KNNOR-official-GPF (randmx=1),0.757,2.987689411274939,64.0,3.0,315.0,7.050393580021659,0.44183860880459347,0.3587409677165788,0.8928571428571429,1.0
0.3333333333333333,0.4472135954999579,0.6,0.9722767857142858,0.06220906249999999,0.07628125,UWaveGestureLibrary,2,20,21.0,5,100,KNNOR-official-GPF (randmx=M*),0.757,2.987689411274939,64.0,3.0,315.0,7.5234484250314715,0.45050258587819997,0.3702103446534926,0.7142857142857143,1.5999999999999999
0.2978723404255319,0.4183300132670378,0.5875,0.9837946428571428,0.05973458333333333,0.08208333333333333,UWaveGestureLibrary,2,20,21.0,5,100,KNNOR-official-raw (randmx=1),0.757,2.987689411274939,64.0,3.0,315.0,3.175853160967101,0.2746603239287392,0.340791236553405,1.0,1.0
0.46153846153846156,0.5477225575051661,0.65,0.9852232142857142,0.05029229166666667,0.07568749999999999,UWaveGestureLibrary,2,20,21.0,5,100,hybrid GPF-nbrs/raw-walk (M raw-calibrated),0.757,2.987689411274939,64.0,3.0,315.0,5.559710448187387,0.2326186892299632,1.1338896409951242,0.78125,1.4
0.6206896551724138,0.6708203932499369,0.725,0.9847321428571428,0.04678555555555555,0.08754166666666667,UWaveGestureLibrary,3,5,7.0,15,90,none (raw-flat RF),0.757,0.9023365089225681,,,,,,,,
0.5263157894736842,0.610181471835575,0.6839285714285714,0.9754910714285714,0.05507118055555556,0.083875,UWaveGestureLibrary,3,5,7.0,15,90,none,0.757,0.9023365089225681,64.0,3.0,315.0,,,,,
0.8767123287671232,0.892828570971414,0.8982142857142857,0.9915178571428571,0.03180145833333333,0.0851041666666667,UWaveGestureLibrary,3,5,7.0,15,90,SMOTE-raw,0.757,0.9023365089225681,64.0,3.0,315.0,0.6497477179959077,0.05274701993323916,0.5518831851587515,,
0.918918918918919,0.9219544457292888,0.925,0.9937946428571429,0.02933552083333334,0.09069791666666666,UWaveGestureLibrary,3,5,7.0,15,90,chain-mean-GPF (PSSTO-style),0.757,0.9023365089225681,64.0,3.0,315.0,0.7169983836134719,0.08207228169733138,0.4213909839978374,,
0.8732394366197183,0.8803408430829505,0.8875,0.9954017857142857,0.03060680555555556,0.09406250000000003,UWaveGestureLibrary,3,5,7.0,15,90,KNNOR-GPF (M=1),0.757,0.9023365089225681,64.0,3.0,315.0,1.3955238010483377,0.22086766490512688,0.15617329759435666,0.9782608695652174,1.0
0.935064935064935,0.9469877054564723,0.9482142857142857,0.9957142857142857,0.029008506944444446,0.10036458333333331,UWaveGestureLibrary,3,5,7.0,15,90,KNNOR-GPF (M calibrated),0.757,0.9023365089225681,64.0,3.0,315.0,1.1048388260507913,0.11715245538506003,0.37985632665026825,0.9278350515463918,2.0
0.961038961038961,0.9617692030835673,0.9625,0.995,0.029700277777777777,0.113875,UWaveGestureLibrary,3,5,7.0,15,90,hybrid GPF-nbrs/raw-walk (M calibrated),0.757,0.9023365089225681,64.0,3.0,315.0,1.2319884742633995,0.09926299912019998,0.9760015405511386,0.703125,2.0
0.8235294117647058,0.8366600265340756,0.85,0.9945089285714286,0.03748024305555556,0.09307291666666667,UWaveGestureLibrary,3,5,7.0,15,90,KNNOR-official-GPF (randmx=1),0.757,0.9023365089225681,64.0,3.0,315.0,1.8472849312364552,0.3074601911963176,0.10443610533882437,1.0,1.0
0.8405797101449275,0.85146931829632,0.8625,0.9952232142857144,0.038654652777777784,0.11335416666666669,UWaveGestureLibrary,3,5,7.0,15,90,KNNOR-official-GPF (randmx=M*),0.757,0.9023365089225681,64.0,3.0,315.0,1.6189478157464308,0.1307955842728229,0.6015063032742003,0.989010989010989,2.0
0.8235294117647058,0.8366600265340756,0.85,0.9929464285714286,0.034523229166666655,0.08123958333333335,UWaveGestureLibrary,3,5,7.0,15,90,KNNOR-official-raw (randmx=1),0.757,0.9023365089225681,64.0,3.0,315.0,1.3353435225335808,0.1910267672685958,0.16341980861047137,1.0,1.0
0.961038961038961,0.9617692030835673,0.9625,0.995,0.029700277777777777,0.113875,UWaveGestureLibrary,3,5,7.0,15,90,hybrid GPF-nbrs/raw-walk (M raw-calibrated),0.757,0.9023365089225681,64.0,3.0,315.0,1.2319884742633995,0.09926299912019998,0.9760015405511386,0.703125,2.0
0.32653061224489793,0.446414285485707,0.5982142857142857,0.9734375,0.06127135416666667,0.07059374999999998,UWaveGestureLibrary,3,10,10.5,10,95,none (raw-flat RF),0.757,1.6406888187344641,,,,,,,,
0.2553191489361702,0.38660611184290106,0.5732142857142857,0.9672767857142857,0.0643360763888889,0.09257291666666667,UWaveGestureLibrary,3,10,10.5,10,95,none,0.757,1.6406888187344641,64.0,3.0,315.0,,,,,
0.8611111111111112,0.8787673997464532,0.8857142857142857,0.9915625,0.032079027777777776,0.07197916666666666,UWaveGestureLibrary,3,10,10.5,10,95,SMOTE-raw,0.757,1.6406888187344641,64.0,3.0,315.0,0.8025474713433045,0.06395678452516196,0.4886765967508894,,
0.8285714285714286,0.849947477368875,0.8607142857142858,0.9936160714285714,0.033943229166666665,0.07932291666666666,UWaveGestureLibrary,3,10,10.5,10,95,chain-mean-GPF (PSSTO-style),0.757,1.6406888187344641,64.0,3.0,315.0,1.1422462082520983,0.08940612085202138,0.4515893891948913,,
0.7941176470588235,0.8201154099968405,0.8357142857142857,0.9947321428571428,0.036692465277777774,0.08776041666666667,UWaveGestureLibrary,3,10,10.5,10,95,KNNOR-GPF (M=1),0.757,1.6406888187344641,64.0,3.0,315.0,1.2136271963585035,0.17318111291509952,0.19666519592954412,1.0,1.0
0.8767123287671232,0.892828570971414,0.8982142857142857,0.9958482142857142,0.03217552083333334,0.09288541666666665,UWaveGestureLibrary,3,10,10.5,10,95,KNNOR-GPF (M calibrated),0.757,1.6406888187344641,64.0,3.0,315.0,1.1692708882374827,0.1219071297314217,0.3955790219581293,0.9693877551020408,2.0
0.8918918918918919,0.9066716999160013,0.9107142857142857,0.9974107142857144,0.02928260416666667,0.09173958333333335,UWaveGestureLibrary,3,10,10.5,10,95,hybrid GPF-nbrs/raw-walk (M calibrated),0.757,1.6406888187344641,64.0,3.0,315.0,1.5801754835261992,0.08756979459134462,1.351388840950845,0.4947916666666667,2.0
0.6440677966101694,0.689202437604511,0.7375,0.9952232142857143,0.04273347222222222,0.09364583333333336,UWaveGestureLibrary,3,10,10.5,10,95,KNNOR-official-GPF (randmx=1),0.757,1.6406888187344641,64.0,3.0,315.0,1.337578885832265,0.17095008583001137,0.22448501985172248,0.979381443298969,1.0
0.7301587301587301,0.758287544405155,0.7875,0.9976339285714285,0.040298680555555556,0.11435416666666665,UWaveGestureLibrary,3,10,10.5,10,95,KNNOR-official-GPF (randmx=M*),0.757,1.6406888187344641,64.0,3.0,315.0,1.3263233894603683,0.12082522429920495,0.6830341922649787,0.8050847457627118,2.0
0.7761194029850746,0.8047847982091682,0.8232142857142857,0.9942410714285714,0.036622118055555555,0.08015624999999998,UWaveGestureLibrary,3,10,10.5,10,95,KNNOR-official-raw (randmx=1),0.757,1.6406888187344641,64.0,3.0,315.0,1.2016222659425306,0.12654556510879678,0.36184143533951235,1.0,1.0
0.8611111111111112,0.8787673997464532,0.8857142857142857,0.9934821428571429,0.031280138888888885,0.08033333333333335,UWaveGestureLibrary,3,10,10.5,10,95,hybrid GPF-nbrs/raw-walk (M raw-calibrated),0.757,1.6406888187344641,64.0,3.0,315.0,1.101696406505459,0.08282269852645663,0.8858439715501415,0.4947916666666667,1.7999999999999998
0.0,0.0,0.5,0.9087053571428572,0.09135729166666667,0.06629166666666665,UWaveGestureLibrary,3,20,21.0,5,100,none (raw-flat RF),0.757,2.8690425311015684,,,,,,,,
0.0,0.0,0.5,0.8903125000000001,0.09165128472222223,0.061614583333333334,UWaveGestureLibrary,3,20,21.0,5,100,none,0.757,2.8690425311015684,64.0,3.0,315.0,,,,,
0.5614035087719298,0.6313251369709815,0.6982142857142857,0.9784375,0.0505320486111111,0.05736458333333333,UWaveGestureLibrary,3,20,21.0,5,100,SMOTE-raw,0.757,2.8690425311015684,64.0,3.0,315.0,1.384924809391066,0.13290402887198904,0.2986614043868832,,
0.2978723404255319,0.4183300132670378,0.5875,0.986875,0.05945493055555555,0.0873125,UWaveGestureLibrary,3,20,21.0,5,100,chain-mean-GPF (PSSTO-style),0.757,2.8690425311015684,64.0,3.0,315.0,2.8220198077853844,0.2547416536721778,0.3296274104313598,,
0.2222222222222222,0.3535533905932738,0.5625,0.9795982142857143,0.06300510416666666,0.08076041666666667,UWaveGestureLibrary,3,20,21.0,5,100,KNNOR-GPF (M=1),0.757,2.8690425311015684,64.0,3.0,315.0,4.21223953253687,0.4763309253330511,0.10102929547974902,1.0,1.0
0.2608695652173913,0.3872983346207417,0.575,0.9725446428571429,0.06256611111111111,0.08337499999999999,UWaveGestureLibrary,3,20,21.0,5,100,KNNOR-GPF (M calibrated),0.757,2.8690425311015684,64.0,3.0,315.0,4.283392066184781,0.43392137221109295,0.1406353885590427,0.9433962264150944,1.4
0.5964912280701754,0.6519202405202649,0.7125,0.9799107142857142,0.049036111111111114,0.06775,UWaveGestureLibrary,3,20,21.0,5,100,hybrid GPF-nbrs/raw-walk (M calibrated),0.757,2.8690425311015684,64.0,3.0,315.0,3.2200530724943057,0.26845483275012716,0.24799988764855427,0.5208333333333334,1.4
0.13953488372093023,0.27386127875258304,0.5375,0.976875,0.06807340277777778,0.08664583333333334,UWaveGestureLibrary,3,20,21.0,5,100,KNNOR-official-GPF (randmx=1),0.757,2.8690425311015684,64.0,3.0,315.0,3.543851478330158,0.4618660623860847,0.07712814638134424,0.6410256410256411,1.0
0.18181818181818182,0.31622776601683794,0.55,0.9769642857142856,0.06559621527777779,0.08003125,UWaveGestureLibrary,3,20,21.0,5,100,KNNOR-official-GPF (randmx=M*),0.757,2.8690425311015684,64.0,3.0,315.0,3.5980655025588,0.45210956694844606,0.08710995373384625,0.6172839506172839,1.4
0.5454545454545454,0.6123724356957945,0.6875,0.980625,0.052685173611111115,0.06311458333333334,UWaveGestureLibrary,3,20,21.0,5,100,KNNOR-official-raw (randmx=1),0.757,2.8690425311015684,64.0,3.0,315.0,1.6903946984767373,0.15624812605413407,0.36480446227267405,1.0,1.0
0.46153846153846156,0.5477225575051661,0.65,0.9762053571428572,0.05169256944444445,0.06620833333333334,UWaveGestureLibrary,3,20,21.0,5,100,hybrid GPF-nbrs/raw-walk (M raw-calibrated),0.757,2.8690425311015684,64.0,3.0,315.0,2.902553676282132,0.2778525762072672,0.1771966758505789,0.5208333333333334,1.2
0.5714285714285714,0.6324555320336759,0.7,0.9860714285714285,0.047223506944444445,0.08492708333333333,UWaveGestureLibrary,4,5,7.0,15,90,none (raw-flat RF),0.757,0.9023365089225628,,,,,,,,
0.5614035087719298,0.6313251369709815,0.6982142857142857,0.9820535714285714,0.052014305555555564,0.09033333333333333,UWaveGestureLibrary,4,5,7.0,15,90,none,0.757,0.9023365089225628,64.0,3.0,315.0,,,,,
0.8767123287671232,0.892828570971414,0.8982142857142857,0.9910714285714286,0.032756423611111106,0.08755208333333334,UWaveGestureLibrary,4,5,7.0,15,90,SMOTE-raw,0.757,0.9023365089225628,64.0,3.0,315.0,0.5693926965531997,0.048184182333894765,0.5540280603794571,,
0.8732394366197183,0.8803408430829505,0.8875,0.9929910714285713,0.031977361111111116,0.08781249999999999,UWaveGestureLibrary,4,5,7.0,15,90,chain-mean-GPF (PSSTO-style),0.757,0.9023365089225628,64.0,3.0,315.0,0.7426762061601018,0.07122730975493152,0.4858128191382748,,
0.9041095890410958,0.9082951062292475,0.9125,0.9948660714285714,0.030122673611111112,0.09044791666666666,UWaveGestureLibrary,4,5,7.0,15,90,KNNOR-GPF (M=1),0.757,0.9023365089225628,64.0,3.0,315.0,1.1816382532470548,0.18147504673427794,0.19574229465884183,1.0,1.0
0.9210526315789473,0.9337424698491549,0.9357142857142857,0.9945982142857143,0.029490590277777774,0.09982291666666666,UWaveGestureLibrary,4,5,7.0,15,90,KNNOR-GPF (M calibrated),0.757,0.9023365089225628,64.0,3.0,315.0,1.0494330733352246,0.11238927968019052,0.43076822653835845,0.9473684210526315,2.0
0.961038961038961,0.9617692030835673,0.9625,0.9966517857142857,0.028680555555555553,0.10916666666666666,UWaveGestureLibrary,4,5,7.0,15,90,hybrid GPF-nbrs/raw-walk (M calibrated),0.757,0.9023365089225628,64.0,3.0,315.0,1.34397683107305,0.08676109585322145,1.131195288491757,0.703125,2.0
0.8405797101449275,0.85146931829632,0.8625,0.9956696428571428,0.036182881944444446,0.10438541666666667,UWaveGestureLibrary,4,5,7.0,15,90,KNNOR-official-GPF (randmx=1),0.757,0.9023365089225628,64.0,3.0,315.0,2.034936540967186,0.3283113127936701,0.09980846237544594,1.0,1.0
0.8918918918918919,0.9066716999160013,0.9107142857142857,0.9961607142857143,0.03677545138888889,0.10928125000000001,UWaveGestureLibrary,4,5,7.0,15,90,KNNOR-official-GPF (randmx=M*),0.757,0.9023365089225628,64.0,3.0,315.0,1.787250371250149,0.1400932818536268,0.6858678174569744,0.9574468085106383,2.0
0.8571428571428571,0.8660254037844386,0.875,0.9951339285714286,0.033657569444444445,0.08958333333333332,UWaveGestureLibrary,4,5,7.0,15,90,KNNOR-official-raw (randmx=1),0.757,0.9023365089225628,64.0,3.0,315.0,1.337398552625153,0.1874390666699215,0.18281374457255953,1.0,1.0
0.961038961038961,0.9617692030835673,0.9625,0.99625,0.028733229166666662,0.10763541666666668,UWaveGestureLibrary,4,5,7.0,15,90,hybrid GPF-nbrs/raw-walk (M raw-calibrated),0.757,0.9023365089225628,64.0,3.0,315.0,1.1873973137004636,0.09202145376762305,0.7446683662156585,0.703125,1.7999999999999998
0.13953488372093023,0.27386127875258304,0.5375,0.9772767857142858,0.06458315972222221,0.08034374999999999,UWaveGestureLibrary,4,10,10.5,10,95,none (raw-flat RF),0.757,1.9267722734089965,,,,,,,,
0.27450980392156865,0.4153311931459037,0.5803571428571429,0.9524107142857143,0.073608125,0.07839583333333332,UWaveGestureLibrary,4,10,10.5,10,95,none,0.757,1.9267722734089965,64.0,3.0,315.0,,,,,
0.8169014084507042,0.8484229066753375,0.8589285714285715,0.9870089285714285,0.035939027777777785,0.08216666666666667,UWaveGestureLibrary,4,10,10.5,10,95,SMOTE-raw,0.757,1.9267722734089965,64.0,3.0,315.0,0.9688960374757798,0.06499873490648689,0.5364094485583591,,
0.8285714285714286,0.849947477368875,0.8607142857142858,0.9886607142857143,0.03406298611111111,0.09670833333333334,UWaveGestureLibrary,4,10,10.5,10,95,chain-mean-GPF (PSSTO-style),0.757,1.9267722734089965,64.0,3.0,315.0,1.1341012591504107,0.09206099670788204,0.3963478582376567,,
0.75,0.7745966692414834,0.8,0.9921875,0.037676006944444444,0.10507291666666667,UWaveGestureLibrary,4,10,10.5,10,95,KNNOR-GPF (M=1),0.757,1.9267722734089965,64.0,3.0,315.0,1.581099297015525,0.16161649720023852,0.3551694673398035,0.6291390728476821,1.0
0.8285714285714286,0.849947477368875,0.8607142857142858,0.9898214285714286,0.03495732638888889,0.09388541666666667,UWaveGestureLibrary,4,10,10.5,10,95,KNNOR-GPF (M calibrated),0.757,1.9267722734089965,64.0,3.0,315.0,1.6635058281356603,0.13435851232235207,0.5737722225925183,0.5828220858895705,1.5999999999999999
0.7096774193548387,0.7416198487095663,0.775,0.9858035714285713,0.04357520833333332,0.10206249999999999,UWaveGestureLibrary,4,10,10.5,10,95,hybrid GPF-nbrs/raw-walk (M calibrated),0.757,1.9267722734089965,64.0,3.0,315.0,3.7613773861169264,0.16292966676064902,1.390427965200581,0.296875,1.5999999999999999
0.7692307692307693,0.7905694150420949,0.8125,0.9939732142857143,0.03460204861111111,0.10301041666666669,UWaveGestureLibrary,4,10,10.5,10,95,KNNOR-official-GPF (randmx=1),0.757,1.9267722734089965,64.0,3.0,315.0,1.3067160605170116,0.1780701452182306,0.19005249766026447,0.6418918918918919,1.0
0.8405797101449275,0.85146931829632,0.8625,0.9916517857142857,0.0361229861111111,0.10222916666666666,UWaveGestureLibrary,4,10,10.5,10,95,KNNOR-official-GPF (randmx=M*),0.757,1.9267722734089965,64.0,3.0,315.0,1.293340692081479,0.173127056165842,0.2146561822233365,0.6012658227848101,1.5999999999999999
0.8450704225352113,0.8644775465976132,0.8732142857142857,0.9902678571428571,0.035325555555555554,0.07856249999999998,UWaveGestureLibrary,4,10,10.5,10,95,KNNOR-official-raw (randmx=1),0.757,1.9267722734089965,64.0,3.0,315.0,0.9564648132744296,0.09173670335516937,0.36785594553601514,1.0,1.0
0.7096774193548387,0.7416198487095663,0.775,0.9858035714285713,0.04357520833333332,0.10206249999999999,UWaveGestureLibrary,4,10,10.5,10,95,hybrid GPF-nbrs/raw-walk (M raw-calibrated),0.757,1.9267722734089965,64.0,3.0,315.0,3.761377386116928,0.16292966676064913,1.3904279652005818,0.296875,1.6
0.0,0.0,0.5,0.9375892857142856,0.08440663194444445,0.06778125,UWaveGestureLibrary,4,20,21.0,5,100,none (raw-flat RF),0.757,2.07267699949511,,,,,,,,
0.09523809523809523,0.22360679774997896,0.525,0.9391071428571428,0.08346326388888889,0.06458333333333334,UWaveGestureLibrary,4,20,21.0,5,100,none,0.757,2.07267699949511,64.0,3.0,315.0,,,,,
0.46153846153846156,0.5477225575051661,0.65,0.9865178571428572,0.055171527777777764,0.064375,UWaveGestureLibrary,4,20,21.0,5,100,SMOTE-raw,0.757,2.07267699949511,64.0,3.0,315.0,1.7795978670728658,0.1452622138191494,0.4411176131516994,,
0.3333333333333333,0.4472135954999579,0.6,0.9845982142857144,0.06105631944444444,0.0838125,UWaveGestureLibrary,4,20,21.0,5,100,chain-mean-GPF (PSSTO-style),0.757,2.07267699949511,64.0,3.0,315.0,2.9285018850013245,0.3096927497562638,0.22748993592262576,,
0.2978723404255319,0.4183300132670378,0.5875,0.9811160714285715,0.06311510416666666,0.08582291666666668,UWaveGestureLibrary,4,20,21.0,5,100,KNNOR-GPF (M=1),0.757,2.07267699949511,64.0,3.0,315.0,4.466372133827591,0.42692211855352824,0.17162246392339334,1.0,1.0
0.46153846153846156,0.5477225575051661,0.65,0.9818749999999999,0.0582279513888889,0.07726041666666668,UWaveGestureLibrary,4,20,21.0,5,100,KNNOR-GPF (M calibrated),0.757,2.07267699949511,64.0,3.0,315.0,4.972613778371059,0.38783065275303163,0.2712049521495853,1.0,1.5999999999999999
0.4,0.5,0.625,0.9711607142857143,0.06045795138888889,0.07036458333333331,UWaveGestureLibrary,4,20,21.0,5,100,hybrid GPF-nbrs/raw-walk (M calibrated),0.757,2.07267699949511,64.0,3.0,315.0,10.132063765710758,0.5201247779068908,0.6769156996666871,0.78125,1.5999999999999999
0.2978723404255319,0.4183300132670378,0.5875,0.9806696428571429,0.061864513888888896,0.08083333333333333,UWaveGestureLibrary,4,20,21.0,5,100,KNNOR-official-GPF (randmx=1),0.757,2.07267699949511,64.0,3.0,315.0,5.097666458419331,0.5122478653893286,0.14262034580918267,0.8403361344537815,1.0
0.2978723404255319,0.4183300132670378,0.5875,0.9828571428571429,0.05985618055555555,0.08335416666666666,UWaveGestureLibrary,4,20,21.0,5,100,KNNOR-official-GPF (randmx=M*),0.757,2.07267699949511,64.0,3.0,315.0,5.540967669902756,0.5276799055835883,0.14536267874151892,0.704225352112676,1.5999999999999999
0.4,0.5,0.625,0.9879910714285715,0.05804559027777778,0.08276041666666666,UWaveGestureLibrary,4,20,21.0,5,100,KNNOR-official-raw (randmx=1),0.757,2.07267699949511,64.0,3.0,315.0,2.675428632323147,0.24281890776890847,0.3363105529055551,1.0,1.0
0.4,0.5,0.625,0.9711607142857143,0.06045795138888889,0.07036458333333331,UWaveGestureLibrary,4,20,21.0,5,100,hybrid GPF-nbrs/raw-walk (M raw-calibrated),0.757,2.07267699949511,64.0,3.0,315.0,10.132063765710758,0.5201247779068905,0.6769156996666873,0.78125,1.6
0.32954545454545453,0.44416090728994356,0.5986394557823129,0.898867766284596,0.24888987485779296,0.29381114903299205,SelfRegulationSCP1,0,5,4.9,27,106,none (raw-flat RF),0.351,2.021254629742529,,,,,,,,
0.7107438016528925,0.7409252816854903,0.7616950889945019,0.9251001770571242,0.16308816837315132,0.19034129692832766,SelfRegulationSCP1,0,5,4.9,27,106,none,0.351,2.021254629742529,64.0,6.0,896.0,,,,,
0.7401574803149606,0.763228628054741,0.7752073432112572,0.8913195415152363,0.1619349260523322,0.1576336746302617,SelfRegulationSCP1,0,5,4.9,27,106,SMOTE-raw,0.351,2.021254629742529,64.0,6.0,896.0,2.987934616429289,0.2817559947900893,0.612757897786655,,
0.744,0.7676722345967435,0.7820799552697791,0.9186236138290932,0.14953742889647326,0.1690102389078498,SelfRegulationSCP1,0,5,4.9,27,106,chain-mean-GPF (PSSTO-style),0.351,2.021254629742529,64.0,6.0,896.0,2.8852035528933975,0.29267372862827523,0.4914112148901164,,
0.7716535433070866,0.7909303232622377,0.8025114155251141,0.9172723884074178,0.14904736442927569,0.15616609783845276,SelfRegulationSCP1,0,5,4.9,27,106,KNNOR-GPF (M=1),0.351,2.021254629742529,64.0,6.0,896.0,3.2832120692026407,0.3660820823872415,0.2826426662498142,0.6666666666666666,1.0
0.7764705882352941,0.7949554399610227,0.8059127760693319,0.9202311061410866,0.1438041714069018,0.1541069397042093,SelfRegulationSCP1,0,5,4.9,27,106,KNNOR-GPF (M calibrated),0.351,2.021254629742529,64.0,6.0,896.0,3.0910266114094824,0.31871217649703454,0.4561863514127076,0.6022727272727273,1.7999999999999998
0.7686274509803922,0.7880384293992556,0.7990867579908676,0.9231432298946975,0.14358509670079633,0.14565415244596133,SelfRegulationSCP1,0,5,4.9,27,106,hybrid GPF-nbrs/raw-walk (M calibrated),0.351,2.021254629742529,64.0,6.0,896.0,2.7198358307116415,0.23299662201255789,1.3906068487044552,0.4140625,1.7999999999999998
0.75,0.773296282198165,0.7889292703382723,0.9184605348988911,0.15288577929465302,0.1641865756541524,SelfRegulationSCP1,0,5,4.9,27,106,KNNOR-official-GPF (randmx=1),0.351,2.021254629742529,64.0,6.0,896.0,3.3550743158681513,0.3695461933400559,0.28070401639879294,0.5380710659898477,1.0
0.76,0.7815670659370508,0.7957319914267077,0.9281520827509087,0.14499063329541145,0.15668941979522186,SelfRegulationSCP1,0,5,4.9,27,106,KNNOR-official-GPF (randmx=M*),0.351,2.021254629742529,64.0,6.0,896.0,3.15537493037208,0.3332413806093264,0.4433413935718952,0.5638297872340425,1.7999999999999998
0.7619047619047619,0.7828180029354697,0.7957086944366787,0.9285947255614575,0.1435398558968525,0.1524004550625711,SelfRegulationSCP1,0,5,4.9,27,106,hybrid GPF-nbrs/raw-walk (M raw-calibrated),0.351,2.021254629742529,64.0,6.0,896.0,3.1316794444972818,0.30007188842040433,0.6467847869102402,0.5520833333333334,1.4
0.013513513513513514,0.08247860988423225,0.5034013605442177,0.8711210511601901,0.3673871824042473,0.4056427758816838,SelfRegulationSCP1,0,10,10.2,13,120,none (raw-flat RF),0.351,2.0595872963591013,,,,,,,,
0.23668639053254437,0.3663204370034471,0.5611778958158605,0.9015003261578605,0.2519660978384528,0.2989533560864619,SelfRegulationSCP1,0,10,10.2,13,120,none,0.351,2.0595872963591013,64.0,6.0,896.0,,,,,
0.2777777777777778,0.4009354451770622,0.5576367533314696,0.8586804584847637,0.2630135381114903,0.2896359499431172,SelfRegulationSCP1,0,10,10.2,13,120,SMOTE-raw,0.351,2.0595872963591013,64.0,6.0,896.0,2.5872862119227786,0.2396141784824013,0.5981418429788867,,
0.2905027932960894,0.4118277399718317,0.5678874289441804,0.8631534805703104,0.26255066363291624,0.2883617747440273,SelfRegulationSCP1,0,10,10.2,13,120,chain-mean-GPF (PSSTO-style),0.351,2.0595872963591013,64.0,6.0,896.0,2.9228195431148585,0.3062493511286406,0.35758000045418475,,
0.2413793103448276,0.3701166050988026,0.550880626223092,0.8695135588481969,0.2525554797117937,0.28163822525597276,SelfRegulationSCP1,0,10,10.2,13,120,KNNOR-GPF (M=1),0.351,2.0595872963591013,64.0,6.0,896.0,3.268195727783567,0.35770154274341337,0.23450457165786392,0.5128205128205128,1.0
0.287292817679558,0.40887553172977004,0.5610381138756872,0.8588668344049949,0.2536341676147137,0.2750739476678043,SelfRegulationSCP1,0,10,10.2,13,120,KNNOR-GPF (M calibrated),0.351,2.0595872963591013,64.0,6.0,896.0,3.042403309004257,0.29951873024548137,0.4406818887491375,0.39867109634551495,1.5999999999999999
0.5566037735849056,0.620375914488332,0.6801323269033641,0.9108191221694156,0.19609025407660222,0.22844141069397042,SelfRegulationSCP1,0,10,10.2,13,120,hybrid GPF-nbrs/raw-walk (M calibrated),0.351,2.0595872963591013,64.0,6.0,896.0,2.8965302188541404,0.22721762853131255,1.068825117949339,0.3125,1.5999999999999999
0.18072289156626506,0.31503202618632925,0.537321778026279,0.8758969341161121,0.2736807356844899,0.30824800910125144,SelfRegulationSCP1,0,10,10.2,13,120,KNNOR-official-GPF (randmx=1),0.351,2.0595872963591013,64.0,6.0,896.0,3.7468740848408153,0.3636467047951999,0.31689450701111666,0.31746031746031744,1.0
0.19393939393939394,0.3276469594748548,0.5475724536389898,0.8747553816046967,0.2667251801289344,0.3017633674630262,SelfRegulationSCP1,0,10,10.2,13,120,KNNOR-official-GPF (randmx=M*),0.351,2.0595872963591013,64.0,6.0,896.0,4.082463821767433,0.368972213083533,0.39527028173912715,0.2745995423340961,1.5999999999999999
0.3422459893048128,0.4536066753643967,0.5814462771409934,0.8790420277700122,0.22705036025786876,0.2526052332195677,SelfRegulationSCP1,0,10,10.2,13,120,hybrid GPF-nbrs/raw-walk (M raw-calibrated),0.351,2.0595872963591013,64.0,6.0,896.0,3.3524408748599406,0.2975431797525766,0.59368632973694,0.3125,1.4
0.0,0.0,0.5,0.9247740191967199,0.39072957906712175,0.4202161547212742,SelfRegulationSCP1,0,20,19.0,7,126,none (raw-flat RF),0.351,3.090015152398717,,,,,,,,
0.0784313725490196,0.20203050891044214,0.5204081632653061,0.865739446463517,0.31811854379977245,0.35624573378839586,SelfRegulationSCP1,0,20,19.0,7,126,none,0.351,3.090015152398717,64.0,6.0,896.0,,,,,
0.19161676646706588,0.3253636775844352,0.5407231385704967,0.830071754729289,0.3204956389836936,0.3422980659840728,SelfRegulationSCP1,0,20,19.0,7,126,SMOTE-raw,0.351,3.090015152398717,64.0,6.0,896.0,5.990769853511628,0.39165342776395284,0.5823263194525371,,
0.1032258064516129,0.23328473740792172,0.5272108843537415,0.8664150591743547,0.3281740614334471,0.36443686006825937,SelfRegulationSCP1,0,20,19.0,7,126,chain-mean-GPF (PSSTO-style),0.351,3.090015152398717,64.0,6.0,896.0,3.8383548046006144,0.33025192894254873,0.31570985970333115,,
0.09032258064516129,0.21746928463266527,0.5203848662752772,0.8553256919206039,0.31547580583996965,0.3495904436860069,SelfRegulationSCP1,0,20,19.0,7,126,KNNOR-GPF (M=1),0.351,3.090015152398717,64.0,6.0,896.0,4.855641084863626,0.45042790965489266,0.12042310242023169,0.23247232472324722,1.0
0.10126582278481013,0.23087553613602363,0.5169369117510018,0.8612431273879415,0.3128712552142586,0.3465870307167235,SelfRegulationSCP1,0,20,19.0,7,126,KNNOR-GPF (M calibrated),0.351,3.090015152398717,64.0,6.0,896.0,4.470558031930009,0.4061581934242653,0.21160487467379327,0.1695827725437416,1.5999999999999999
0.21052631578947367,0.3426613922600515,0.5406765445904389,0.8680924424564347,0.28563204398938186,0.32604095563139934,SelfRegulationSCP1,0,20,19.0,7,126,hybrid GPF-nbrs/raw-walk (M calibrated),0.351,3.090015152398717,64.0,6.0,896.0,7.0765172372603065,0.4653350798286737,0.4601446182954592,0.328125,1.5999999999999999
0.10191082802547771,0.23168138687982376,0.5203615692852483,0.842372565464542,0.3290641259006447,0.3589874857792946,SelfRegulationSCP1,0,20,19.0,7,126,KNNOR-official-GPF (randmx=1),0.351,3.090015152398717,64.0,6.0,896.0,5.073859182425169,0.42990366814160996,0.18137329815552086,0.5478260869565217,1.0
0.10256410256410256,0.23248444435493051,0.5237862268194949,0.8481036250116485,0.31636389836935913,0.3477815699658703,SelfRegulationSCP1,0,20,19.0,7,126,KNNOR-official-GPF (randmx=M*),0.351,3.090015152398717,64.0,6.0,896.0,5.187805410287764,0.43268364776978574,0.18637325920290929,0.5271966527196653,1.5999999999999999
0.22093023255813954,0.35205111412078444,0.5440779051346566,0.8408349641226354,0.3131704209328782,0.3390216154721274,SelfRegulationSCP1,0,20,19.0,7,126,hybrid GPF-nbrs/raw-walk (M raw-calibrated),0.351,3.090015152398717,64.0,6.0,896.0,7.927916846821665,0.5143942278406284,0.4087828590475043,0.4921875,1.2
0.3463687150837989,0.45764608635899595,0.6020175193365017,0.9499347684279191,0.24035726204019722,0.3088623435722412,SelfRegulationSCP1,1,5,4.9,27,106,none (raw-flat RF),0.351,1.378825246465608,,,,,,,,
0.6696035242290749,0.7091136952446514,0.7448047712235579,0.9468828627341348,0.15804387561623057,0.21273037542662115,SelfRegulationSCP1,1,5,4.9,27,106,none,0.351,1.378825246465608,64.0,6.0,896.0,,,,,
0.8059701492537313,0.818092861202139,0.8228263908303047,0.9257524927779331,0.13840917709518394,0.1654379977246871,SelfRegulationSCP1,1,5,4.9,27,106,SMOTE-raw,0.351,1.378825246465608,64.0,6.0,896.0,2.482567260178433,0.20717643056473767,0.4920842866744344,,
0.8015267175572519,0.8156972693500015,0.8228962818003913,0.9368185630416549,0.12711020098596892,0.1415017064846416,SelfRegulationSCP1,1,5,4.9,27,106,chain-mean-GPF (PSSTO-style),0.351,1.378825246465608,64.0,6.0,896.0,1.7214433779187264,0.1627762311954314,0.4982781101487095,,
0.7295081967213115,0.7564834849946239,0.7753238281614016,0.9350013978194017,0.14369507015547972,0.17589306029579066,SelfRegulationSCP1,1,5,4.9,27,106,KNNOR-GPF (M=1),0.351,1.378825246465608,64.0,6.0,896.0,2.2975426185965144,0.2690652655891945,0.21890122726034245,0.8907563025210085,1.0
0.7389558232931727,0.763533809652788,0.7786785947255614,0.9303885937936818,0.1386623814941221,0.16037542662116042,SelfRegulationSCP1,1,5,4.9,27,106,KNNOR-GPF (M calibrated),0.351,1.378825246465608,64.0,6.0,896.0,1.8410766882494851,0.18587362674047858,0.4153706439839936,0.8907563025210085,2.0
0.8191881918819188,0.8293774337374721,0.8330304724629578,0.9357003075202683,0.12142988244216915,0.13679180887372014,SelfRegulationSCP1,1,5,4.9,27,106,hybrid GPF-nbrs/raw-walk (M calibrated),0.351,1.378825246465608,64.0,6.0,896.0,3.3857537807009717,0.15325298076110916,2.09812205640102,0.5520833333333334,2.0
0.6974789915966386,0.730539148562055,0.7549156648960954,0.932648401826484,0.1512767538869928,0.17542662116040955,SelfRegulationSCP1,1,5,4.9,27,106,KNNOR-official-GPF (randmx=1),0.351,1.378825246465608,64.0,6.0,896.0,2.2809648742150763,0.27105516357249615,0.20453868446193404,0.848,1.0
0.7024793388429752,0.7339117177616779,0.7548690709160376,0.9272900941198398,0.14812965491088356,0.16226393629124006,SelfRegulationSCP1,1,5,4.9,27,106,KNNOR-official-GPF (randmx=M*),0.351,1.378825246465608,64.0,6.0,896.0,2.045782305209494,0.21342262367997278,0.369721981193424,0.7571428571428571,2.0
0.8436363636363636,0.851032799613551,0.8534619327182928,0.939730686795266,0.11504656806977627,0.11554038680318544,SelfRegulationSCP1,1,5,4.9,27,106,hybrid GPF-nbrs/raw-walk (M raw-calibrated),0.351,1.378825246465608,64.0,6.0,896.0,1.9091998765761673,0.1316442491659372,1.0607563847283066,0.33125,1.4
0.026845637583892617,0.11664236870396086,0.5068027210884354,0.866158792284037,0.356461926431551,0.39307167235494883,SelfRegulationSCP1,1,10,10.2,13,120,none (raw-flat RF),0.351,3.518614829234803,,,,,,,,
0.28901734104046245,0.4109783178093948,0.5816093560711956,0.9069518218246203,0.2550943496397421,0.3069169510807736,SelfRegulationSCP1,1,10,10.2,13,120,none,0.351,3.518614829234803,64.0,6.0,896.0,,,,,
0.44329896907216493,0.5333880784501877,0.6325598732643742,0.8991706271549715,0.21963022373909746,0.2590102389078498,SelfRegulationSCP1,1,10,10.2,13,120,SMOTE-raw,0.351,3.518614829234803,64.0,6.0,896.0,3.8071563652023226,0.2913116941524303,0.5155060379670218,,
0.51,0.5849668277298388,0.6666200726866088,0.9109356071195601,0.2207312097080015,0.26589306029579063,SelfRegulationSCP1,1,10,10.2,13,120,chain-mean-GPF (PSSTO-style),0.351,3.518614829234803,64.0,6.0,896.0,4.257747205253347,0.3351412782732359,0.42758004429154695,,
0.40641711229946526,0.5049378762542509,0.622402385611779,0.9150358773646444,0.22177042093287824,0.26875995449374285,SelfRegulationSCP1,1,10,10.2,13,120,KNNOR-GPF (M=1),0.351,3.518614829234803,64.0,6.0,896.0,5.314932908304987,0.47479505570738256,0.19334423625532196,0.75,1.0
0.504950495049505,0.5808903541791838,0.6597707576181158,0.9176218432578511,0.19749529768676527,0.23741751990898752,SelfRegulationSCP1,1,10,10.2,13,120,KNNOR-GPF (M calibrated),0.351,3.518614829234803,64.0,6.0,896.0,5.0844488274820225,0.40687141619102984,0.3822192709823968,0.7453416149068323,2.0
0.46875,0.5532833351724882,0.653061224489796,0.9193924145000465,0.2157996587030717,0.26476678043230945,SelfRegulationSCP1,1,10,10.2,13,120,hybrid GPF-nbrs/raw-walk (M calibrated),0.351,3.518614829234803,64.0,6.0,896.0,7.407400279378509,0.4024946326653278,1.668679238280469,0.46875,2.0
0.42328042328042326,0.5180553301847138,0.6292051067002143,0.9021293448886404,0.23851323473644295,0.2836860068259386,SelfRegulationSCP1,1,10,10.2,13,120,KNNOR-official-GPF (randmx=1),0.351,3.518614829234803,64.0,6.0,896.0,5.654026106826175,0.5024671736276867,0.17110478035207638,0.7100591715976331,1.0
0.40217391304347827,0.5016977977548923,0.6258503401360545,0.9064392880439847,0.23882840348881304,0.28563139931740616,SelfRegulationSCP1,1,10,10.2,13,120,KNNOR-official-GPF (randmx=M*),0.351,3.518614829234803,64.0,6.0,896.0,5.473258176707327,0.42563636473032374,0.4491375833287233,0.6936416184971098,2.0
0.4583333333333333,0.5452243508580796,0.6462352064113317,0.9136147609728823,0.2131506636329162,0.2584869169510807,SelfRegulationSCP1,1,10,10.2,13,120,hybrid GPF-nbrs/raw-walk (M raw-calibrated),0.351,3.518614829234803,64.0,6.0,896.0,6.692333792121817,0.4656743365782263,0.6402139048483565,0.46875,1.6
0.0,0.0,0.5,0.5632513279284317,0.40264372392870684,0.3758703071672355,SelfRegulationSCP1,1,20,19.0,7,126,none (raw-flat RF),0.351,4.769431528467042,,,,,,,,
0.1375,0.2716705070697186,0.5305656509179014,0.8534852297083215,0.32552301858172167,0.3607281001137656,SelfRegulationSCP1,1,20,19.0,7,126,none,0.351,4.769431528467042,64.0,6.0,896.0,,,,,
0.2413793103448276,0.3701166050988026,0.550880626223092,0.8112710837759762,0.32433363670838067,0.3348122866894198,SelfRegulationSCP1,1,20,19.0,7,126,SMOTE-raw,0.351,4.769431528467042,64.0,6.0,896.0,10.036207685662081,0.5526328100955471,0.6203828650771173,,
0.20118343195266272,0.33419421030067287,0.5406998415804678,0.7978054235392787,0.3452165339400834,0.35349260523321946,SelfRegulationSCP1,1,20,19.0,7,126,chain-mean-GPF (PSSTO-style),0.351,4.769431528467042,64.0,6.0,896.0,5.8390587082955925,0.4302554515428848,0.3183442840091522,,
0.23255813953488372,0.3624845152043461,0.5509039232131209,0.8121563693970739,0.32579093667045883,0.336188850967008,SelfRegulationSCP1,1,20,19.0,7,126,KNNOR-GPF (M=1),0.351,4.769431528467042,64.0,6.0,896.0,6.917039545242652,0.5308561383113547,0.14685409463738935,0.6057692307692307,1.0
0.25142857142857145,0.3788264227557942,0.5542819867673097,0.7982946603298854,0.32344452028820625,0.3293287827076223,SelfRegulationSCP1,1,20,19.0,7,126,KNNOR-GPF (M calibrated),0.351,4.769431528467042,64.0,6.0,896.0,6.435566694377272,0.4387132250647605,0.3274743350753147,0.5575221238938053,1.7999999999999998
0.2696629213483146,0.39425564989324186,0.5576600503214985,0.83256453266238,0.2986414106939704,0.3179977246871445,SelfRegulationSCP1,1,20,19.0,7,126,hybrid GPF-nbrs/raw-walk (M calibrated),0.351,4.769431528467042,64.0,6.0,896.0,12.743832311037849,0.6841194999257463,0.503493820548451,0.39375,1.7999999999999998
0.24277456647398843,0.3714360980721668,0.5543052837573386,0.8287438262976423,0.3276586272279105,0.34464163822525595,SelfRegulationSCP1,1,20,19.0,7,126,KNNOR-official-GPF (randmx=1),0.351,4.769431528467042,64.0,6.0,896.0,8.720362300853068,0.6131028200654444,0.1682609968823912,0.4064516129032258,1.0
0.26436781609195403,0.3900973453750976,0.5645326623800205,0.7999953406019943,0.3251534698521047,0.33375426621160403,SelfRegulationSCP1,1,20,19.0,7,126,KNNOR-official-GPF (randmx=M*),0.351,4.769431528467042,64.0,6.0,896.0,7.662976792539176,0.479464071818096,0.5155353745484963,0.46153846153846156,1.7999999999999998
0.22093023255813954,0.35205111412078444,0.5440779051346566,0.8480104370515329,0.2921423587409935,0.3182252559726962,SelfRegulationSCP1,1,20,19.0,7,126,hybrid GPF-nbrs/raw-walk (M raw-calibrated),0.351,4.769431528467042,64.0,6.0,896.0,14.717472200193395,0.7646403533315096,0.4577388092711028,0.65625,1.2
0.21818181818181817,0.3499271061118826,0.5612244897959183,0.9373077998322616,0.2864246871444824,0.34868031854379977,SelfRegulationSCP1,2,5,4.9,27,106,none (raw-flat RF),0.351,2.866331495176869,,,,,,,,
0.6899563318777293,0.7255151223184129,0.7584335103904576,0.9256127108377599,0.17080815320439893,0.20208191126279865,SelfRegulationSCP1,2,5,4.9,27,106,none,0.351,2.866331495176869,64.0,6.0,896.0,,,,,
0.7480314960629921,0.7701567153089657,0.7820333612897215,0.9028049575994782,0.15422605233219566,0.1520022753128555,SelfRegulationSCP1,2,5,4.9,27,106,SMOTE-raw,0.351,2.866331495176869,64.0,6.0,896.0,2.7981157531028895,0.20738105676310026,0.576621163128114,,
0.7154471544715447,0.744000324654758,0.7616484950144442,0.9094445997577114,0.15493644292756922,0.15658703071672353,SelfRegulationSCP1,2,5,4.9,27,106,chain-mean-GPF (PSSTO-style),0.351,2.866331495176869,64.0,6.0,896.0,3.3916737153894196,0.2622166585719554,0.489002373062585,,
0.6779661016949152,0.7146117977148367,0.7412869257291959,0.9077439194856025,0.16824789533560863,0.1815130830489192,SelfRegulationSCP1,2,5,4.9,27,106,KNNOR-GPF (M=1),0.351,2.866331495176869,64.0,6.0,896.0,3.704226889988128,0.37242929563088123,0.17941803530788575,0.7910447761194029,1.0
0.7633587786259542,0.7812689285750922,0.7887661914080701,0.8976563228030937,0.15482737959802806,0.14432309442548352,SelfRegulationSCP1,2,5,4.9,27,106,KNNOR-GPF (M calibrated),0.351,2.866331495176869,64.0,6.0,896.0,2.890586746999004,0.2540271031565746,0.38847284682259836,0.726027397260274,2.1999999999999997
0.6695278969957081,0.7081931949277024,0.737908862175007,0.9223744292237444,0.16149795221843002,0.17967007963594994,SelfRegulationSCP1,2,5,4.9,27,106,hybrid GPF-nbrs/raw-walk (M calibrated),0.351,2.866331495176869,64.0,6.0,896.0,4.405357207542949,0.2115265940421489,2.520640789361317,0.4140625,2.1999999999999997
0.702928870292887,0.7349268105258819,0.7583170254403131,0.9051579535923958,0.1701671596511187,0.18343572241183162,SelfRegulationSCP1,2,5,4.9,27,106,KNNOR-official-GPF (randmx=1),0.351,2.866331495176869,64.0,6.0,896.0,3.949465060110823,0.38415333611560987,0.18610873743849823,0.7310344827586207,1.0
0.7053941908713693,0.7366049808226982,0.7582937284502842,0.9121004566210047,0.15967428896473262,0.16820250284414104,SelfRegulationSCP1,2,5,4.9,27,106,KNNOR-official-GPF (randmx=M*),0.351,2.866331495176869,64.0,6.0,896.0,3.3440189244970284,0.28429631219549434,0.7547083181384374,0.6838709677419355,2.1999999999999997
0.7131147540983607,0.7424957724079054,0.761671792004473,0.9114714378902246,0.1603623814941221,0.167485779294653,SelfRegulationSCP1,2,5,4.9,27,106,hybrid GPF-nbrs/raw-walk (M raw-calibrated),0.351,2.866331495176869,64.0,6.0,896.0,3.080542284056836,0.2236021729619413,1.029301335711951,0.5520833333333334,1.7999999999999998
0.04,0.14285714285714285,0.5102040816326531,0.8753844003354766,0.3426049298445203,0.3781569965870307,SelfRegulationSCP1,2,10,10.2,13,120,none (raw-flat RF),0.351,2.7624934801658068,,,,,,,,
0.2603550295857988,0.3868589716493314,0.5748299319727891,0.9200447302208554,0.25855464543041334,0.3142662116040956,SelfRegulationSCP1,2,10,10.2,13,120,none,0.351,2.7624934801658068,64.0,6.0,896.0,,,,,
0.4387755102040816,0.529618504159187,0.6257105581958811,0.8973068679526606,0.22308797876374672,0.26332195676905573,SelfRegulationSCP1,2,10,10.2,13,120,SMOTE-raw,0.351,2.7624934801658068,64.0,6.0,896.0,3.295935571556093,0.2671080779042371,0.5971977642234142,,
0.327683615819209,0.4426371947124985,0.5952147982480663,0.892600875966825,0.2416715206674251,0.2836860068259386,SelfRegulationSCP1,2,10,10.2,13,120,chain-mean-GPF (PSSTO-style),0.351,2.7624934801658068,64.0,6.0,896.0,3.43091961827405,0.3128565669950195,0.4249237019327675,,
0.26900584795321636,0.3941965543896658,0.5748066349827602,0.9035038673003448,0.24534417899127797,0.2913083048919226,SelfRegulationSCP1,2,10,10.2,13,120,KNNOR-GPF (M=1),0.351,2.7624934801658068,64.0,6.0,896.0,4.340358954306799,0.3967784527872773,0.3395040451912174,0.5911330049261084,1.0
0.3068181818181818,0.4256258855669321,0.5849874196253844,0.888011368931134,0.24323363670838075,0.2818543799772468,SelfRegulationSCP1,2,10,10.2,13,120,KNNOR-GPF (M calibrated),0.351,2.7624934801658068,64.0,6.0,896.0,3.7272949429369007,0.30695726364280096,0.6077502457254209,0.5454545454545454,1.5999999999999999
0.4536082474226804,0.5414511266250445,0.6393858913428385,0.9307846426241729,0.20763007205157377,0.2574175199089875,SelfRegulationSCP1,2,10,10.2,13,120,hybrid GPF-nbrs/raw-walk (M calibrated),0.351,2.7624934801658068,64.0,6.0,896.0,5.04235182112283,0.3396615399508557,1.2730935606981337,0.15625,1.5999999999999999
0.2988505747126437,0.4191172924347283,0.5850107166154133,0.9125896934116112,0.2360945013272658,0.2865529010238907,SelfRegulationSCP1,2,10,10.2,13,120,KNNOR-official-GPF (randmx=1),0.351,2.7624934801658068,64.0,6.0,896.0,4.907192579519961,0.4309354536653155,0.3177702184934863,0.4411764705882353,1.0
0.37158469945355194,0.4776234147975515,0.6087969434349082,0.9180178920883422,0.2285045127038301,0.2786348122866895,SelfRegulationSCP1,2,10,10.2,13,120,KNNOR-official-GPF (randmx=M*),0.351,2.7624934801658068,64.0,6.0,896.0,4.706850544672408,0.4073329242667737,0.3898827080823663,0.4332129963898917,1.5999999999999999
0.41935483870967744,0.5150787536377128,0.6326530612244898,0.9271969061597242,0.2245967387182404,0.2795449374288965,SelfRegulationSCP1,2,10,10.2,13,120,hybrid GPF-nbrs/raw-walk (M raw-calibrated),0.351,2.7624934801658068,64.0,6.0,896.0,5.72583554253047,0.3733242252118716,1.1937765503307567,0.15625,1.4
0.013513513513513514,0.08247860988423225,0.5034013605442177,0.8375500885285622,0.43920087220326126,0.34174061433447095,SelfRegulationSCP1,2,20,19.0,7,126,none (raw-flat RF),0.351,4.911183479315737,,,,,,,,
0.026845637583892617,0.11664236870396086,0.5068027210884354,0.865739446463517,0.3409443686006826,0.3587599544937429,SelfRegulationSCP1,2,20,19.0,7,126,none,0.351,4.911183479315737,64.0,6.0,896.0,,,,,
0.06451612903225806,0.18252313755058625,0.5067328301183487,0.8957925636007829,0.29719749715585897,0.34509670079635946,SelfRegulationSCP1,2,20,19.0,7,126,SMOTE-raw,0.351,4.911183479315737,64.0,6.0,896.0,4.782954118426046,0.37468830085272475,0.24472087295833062,,
0.11464968152866242,0.2465869906856369,0.5271875873637126,0.9038300251607493,0.299327910504361,0.35382252559726957,SelfRegulationSCP1,2,20,19.0,7,126,chain-mean-GPF (PSSTO-style),0.351,4.911183479315737,64.0,6.0,896.0,5.404834636292195,0.4168917002367939,0.30925356342859267,,
0.18404907975460122,0.318342436105625,0.5475957506290188,0.9100037275184046,0.2826879408418657,0.3419453924914676,SelfRegulationSCP1,2,20,19.0,7,126,KNNOR-GPF (M=1),0.351,4.911183479315737,64.0,6.0,896.0,6.148771426670981,0.5474486381748497,0.053469684562752605,0.490272373540856,1.0
0.2289156626506024,0.35951592548908334,0.564625850340136,0.8991939241450004,0.2739988244216914,0.3267007963594994,SelfRegulationSCP1,2,20,19.0,7,126,KNNOR-GPF (M calibrated),0.351,4.911183479315737,64.0,6.0,896.0,6.320893716365331,0.5036884856042371,0.12606224404798752,0.5943396226415094,2.1999999999999997
0.3103448275862069,0.4285714285714286,0.5918367346938775,0.9160376479358867,0.2715302616609784,0.3280887372013651,SelfRegulationSCP1,2,20,19.0,7,126,hybrid GPF-nbrs/raw-walk (M calibrated),0.351,4.911183479315737,64.0,6.0,896.0,8.089616459276085,0.582345750185904,0.16255167301357937,0.0984375,2.1999999999999997
0.12658227848101267,0.2599255106444459,0.5305889479079303,0.9025486907091604,0.2924491846795601,0.3457224118316269,SelfRegulationSCP1,2,20,19.0,7,126,KNNOR-official-GPF (randmx=1),0.351,4.911183479315737,64.0,6.0,896.0,5.591407042093271,0.5168438897406749,0.03732164397003079,0.28187919463087246,1.0
0.2275449101796407,0.3582825910634989,0.5612011928058894,0.9023623147889293,0.28889689040576416,0.3456996587030717,SelfRegulationSCP1,2,20,19.0,7,126,KNNOR-official-GPF (randmx=M*),0.351,4.911183479315737,64.0,6.0,896.0,5.915892435843189,0.2573252656803191,1.409591914750089,0.2806236080178174,2.1999999999999997
0.19631901840490798,0.329914439536929,0.5544217687074829,0.9119140807007734,0.2880761092150171,0.34711035267349255,SelfRegulationSCP1,2,20,19.0,7,126,hybrid GPF-nbrs/raw-walk (M raw-calibrated),0.351,4.911183479315737,64.0,6.0,896.0,8.79132646349609,0.639976296986961,0.12628982952565768,0.11580882352941177,1.6
0.19631901840490798,0.329914439536929,0.5544217687074829,0.9445997577113037,0.27937091391733027,0.3437883959044369,SelfRegulationSCP1,3,5,4.9,27,106,none (raw-flat RF),0.351,2.2928261591346466,,,,,,,,
0.7302904564315352,0.7576528455115884,0.778771782685677,0.9376106607026372,0.1524940462646947,0.1873947667804323,SelfRegulationSCP1,3,5,4.9,27,106,none,0.351,2.2928261591346466,64.0,6.0,896.0,,,,,
0.7859922178988327,0.8029451426214955,0.8127154971577673,0.9257291957879042,0.14380527114144862,0.15052332195676907,SelfRegulationSCP1,3,5,4.9,27,106,SMOTE-raw,0.351,2.2928261591346466,64.0,6.0,896.0,3.189485607906592,0.266977758263074,0.5656661452305003,,
0.7808764940239044,0.7995432486067867,0.8127853881278538,0.9415012580374615,0.1328110731892302,0.1521046643913538,SelfRegulationSCP1,3,5,4.9,27,106,chain-mean-GPF (PSSTO-style),0.351,2.2928261591346466,64.0,6.0,896.0,2.870211041108959,0.2485211204583384,0.5468730128834125,,
0.768,0.7885112997864837,0.8025580095051719,0.9377504426428106,0.13686617368221465,0.1631513083048919,SelfRegulationSCP1,3,5,4.9,27,106,KNNOR-GPF (M=1),0.351,2.2928261591346466,64.0,6.0,896.0,3.280643328564519,0.32194262907275295,0.3072618809008364,0.8217054263565892,1.0
0.7578125,0.7782214034521149,0.7888360823781567,0.9344655670487373,0.1318491846795601,0.1322070534698521,SelfRegulationSCP1,3,5,4.9,27,106,KNNOR-GPF (M calibrated),0.351,2.2928261591346466,64.0,6.0,896.0,2.8992933484283228,0.2562442305989028,0.5145097133895041,0.726027397260274,1.7999999999999998
0.8195488721804511,0.8310891410531601,0.8365017239772621,0.9383328673935327,0.12330208570345089,0.1353811149032992,SelfRegulationSCP1,3,5,4.9,27,106,hybrid GPF-nbrs/raw-walk (M calibrated),0.351,2.2928261591346466,64.0,6.0,896.0,3.6776338182629082,0.20853695456663057,1.8139489100220885,0.4140625,1.7999999999999998
0.7630522088353414,0.7843937191633671,0.7991566489609543,0.9353275556798062,0.14103697383390215,0.16103526734926055,SelfRegulationSCP1,3,5,4.9,27,106,KNNOR-official-GPF (randmx=1),0.351,2.2928261591346466,64.0,6.0,896.0,3.259173123330825,0.3293838240301592,0.26032371726633,0.7310344827586207,1.0
0.7469879518072289,0.7704893898790112,0.7855046128040257,0.9346053489889107,0.1377551384148654,0.16549488054607506,SelfRegulationSCP1,3,5,4.9,27,106,KNNOR-official-GPF (randmx=M*),0.351,2.2928261591346466,64.0,6.0,896.0,3.1374562610635444,0.2933114416202739,0.40662709285223514,0.7114093959731543,1.7999999999999998
0.7795275590551181,0.7978514620838537,0.8093374336035783,0.9361196533407884,0.1326601061812666,0.15106939704209327,SelfRegulationSCP1,3,5,4.9,27,106,hybrid GPF-nbrs/raw-walk (M raw-calibrated),0.351,2.2928261591346466,64.0,6.0,896.0,3.032960791657084,0.2209063376217505,0.9575466440313025,0.33125,1.4
0.06578947368421052,0.18442777839082938,0.5170068027210885,0.9432485322896282,0.34927607129313615,0.40075085324232085,SelfRegulationSCP1,3,10,10.2,13,120,none (raw-flat RF),0.351,2.8569037936654365,,,,,,,,
0.36666666666666664,0.47380354147934284,0.6122448979591837,0.9045988258317025,0.24251179370496778,0.2931058020477816,SelfRegulationSCP1,3,10,10.2,13,120,none,0.351,2.8569037936654365,64.0,6.0,896.0,,,,,
0.49504950495049505,0.5731383422938344,0.6529447395396515,0.9033640853601714,0.22382518012893438,0.2669397042093288,SelfRegulationSCP1,3,10,10.2,13,120,SMOTE-raw,0.351,2.8569037936654365,64.0,6.0,896.0,5.110236675371505,0.39683239965853423,0.5631039628359401,,
0.4824120603015075,0.5635464205137007,0.6495666759854627,0.9215124405926755,0.2087542662116041,0.2590443686006826,SelfRegulationSCP1,3,10,10.2,13,120,chain-mean-GPF (PSSTO-style),0.351,2.8569037936654365,64.0,6.0,896.0,3.5684159744455943,0.320978401127895,0.45165817449816287,,
0.47715736040609136,0.5596053430483988,0.6495899729754916,0.9291538533221507,0.20579708001516875,0.25944254835039815,SelfRegulationSCP1,3,10,10.2,13,120,KNNOR-GPF (M=1),0.351,2.8569037936654365,64.0,6.0,896.0,3.70877375227599,0.3640856532646325,0.27959653451107497,0.46153846153846156,1.0
0.49246231155778897,0.5713878002415174,0.656392694063927,0.91408070077346,0.20945199089874858,0.2555062571103527,SelfRegulationSCP1,3,10,10.2,13,120,KNNOR-GPF (M calibrated),0.351,2.8569037936654365,64.0,6.0,896.0,3.1613872273441714,0.2935240089078759,0.44447973411270925,0.3715170278637771,1.5999999999999999
0.5963302752293578,0.6511568309752778,0.7005404901686701,0.9126595843816978,0.19461778536215396,0.23207053469852107,SelfRegulationSCP1,3,10,10.2,13,120,hybrid GPF-nbrs/raw-walk (M calibrated),0.351,2.8569037936654365,64.0,6.0,896.0,4.866350765197499,0.37034557609669116,0.926801788494483,0.375,1.5999999999999999
0.48484848484848486,0.5655272576247569,0.6529913335197093,0.9155717081353087,0.21412988244216913,0.2637428896473265,SelfRegulationSCP1,3,10,10.2,13,120,KNNOR-official-GPF (randmx=1),0.351,2.8569037936654365,64.0,6.0,896.0,4.917920315273795,0.44329717979980077,0.24260316810144347,0.3,1.0
0.4375,0.5290023102284204,0.6325831702544031,0.9107725281893579,0.21604895714827455,0.26442548350398176,SelfRegulationSCP1,3,10,10.2,13,120,KNNOR-official-GPF (randmx=M*),0.351,2.8569037936654365,64.0,6.0,896.0,4.418117030021238,0.3899362266377101,0.3777435173137163,0.3053435114503817,1.5999999999999999
0.5428571428571428,0.6097704165184277,0.6733296058149287,0.9023157208088716,0.20637288585513838,0.2452901023890785,SelfRegulationSCP1,3,10,10.2,13,120,hybrid GPF-nbrs/raw-walk (M raw-calibrated),0.351,2.8569037936654365,64.0,6.0,896.0,5.753839788274101,0.43652401421190723,0.6558631580281251,0.46875,1.4
0.0,0.0,0.5,0.909071847917249,0.40775483503981796,0.4332764505119453,SelfRegulationSCP1,3,20,19.0,7,126,none (raw-flat RF),0.351,4.174896538409156,,,,,,,,
0.06535947712418301,0.18379509118006387,0.5135821451868419,0.7715730127667506,0.38425089116420175,0.3913083048919226,SelfRegulationSCP1,3,20,19.0,7,126,none,0.351,4.174896538409156,64.0,6.0,896.0,,,,,
0.10062893081761007,0.2300668627717476,0.5135122542167552,0.6893579349548038,0.38501808873720134,0.3830830489192264,SelfRegulationSCP1,3,20,19.0,7,126,SMOTE-raw,0.351,4.174896538409156,64.0,6.0,896.0,6.921420587886672,0.4720315875054345,0.5171799523489593,,
0.02666666666666667,0.11624222217746526,0.5033780635541888,0.6960208741030659,0.4088100113765643,0.4215244596131968,SelfRegulationSCP1,3,20,19.0,7,126,chain-mean-GPF (PSSTO-style),0.351,4.174896538409156,64.0,6.0,896.0,5.127154800258166,0.4114474967447661,0.3306979242436666,,
0.02666666666666667,0.11624222217746526,0.5033780635541888,0.7367440126735626,0.3942875995449375,0.41108077360637085,SelfRegulationSCP1,3,20,19.0,7,126,KNNOR-GPF (M=1),0.351,4.174896538409156,64.0,6.0,896.0,5.411830276794181,0.44821104136084267,0.2606055237019556,0.6428571428571429,1.0
0.02666666666666667,0.11624222217746526,0.5033780635541888,0.7425449631907557,0.39202711414486163,0.4102275312855518,SelfRegulationSCP1,3,20,19.0,7,126,KNNOR-GPF (M calibrated),0.351,4.174896538409156,64.0,6.0,896.0,5.22008837214927,0.401687532522529,0.4345218355613155,0.6086956521739131,1.5999999999999999
0.10191082802547771,0.23168138687982376,0.5203615692852483,0.79463703289535,0.33345874099355327,0.35257110352673493,SelfRegulationSCP1,3,20,19.0,7,126,hybrid GPF-nbrs/raw-walk (M calibrated),0.351,4.174896538409156,64.0,6.0,896.0,6.883234273919946,0.46694790255342655,0.5307702088993737,0.28125,1.5999999999999999
0.013333333333333334,0.0819117398687137,0.4965520454757245,0.730197558475445,0.38804160030337503,0.4054493742889647,SelfRegulationSCP1,3,20,19.0,7,126,KNNOR-official-GPF (randmx=1),0.351,4.174896538409156,64.0,6.0,896.0,5.973036799143106,0.47538609424397327,0.23241236016210412,0.44366197183098594,1.0
0.11320754716981132,0.24488048581779318,0.5203382722952195,0.7486487745783245,0.36733435722411834,0.38617747440273037,SelfRegulationSCP1,3,20,19.0,7,126,KNNOR-official-GPF (randmx=M*),0.351,4.174896538409156,64.0,6.0,896.0,5.898269808092465,0.439564149925628,0.39308939847767593,0.35097493036211697,1.5999999999999999
0.06493506493506493,0.18316021850172354,0.5101574876525953,0.7631627993663218,0.3490261281759576,0.3641979522184301,SelfRegulationSCP1,3,20,19.0,7,126,hybrid GPF-nbrs/raw-walk (M raw-calibrated),0.351,4.174896538409156,64.0,6.0,896.0,7.21744550098812,0.4840870021993877,0.5300112321511796,0.4921875,1.2
0.21686746987951808,0.34872666653239576,0.5577998322616717,0.9311108004845774,0.2678420174440653,0.3274175199089875,SelfRegulationSCP1,4,5,4.9,27,106,none (raw-flat RF),0.351,1.7371887371855852,,,,,,,,
0.6864406779661016,0.7216838013187119,0.74811294380766,0.9255661168577021,0.16555657944634056,0.19432309442548348,SelfRegulationSCP1,4,5,4.9,27,106,none,0.351,1.7371887371855852,64.0,6.0,896.0,,,,,
0.7744360902255639,0.7898692252351827,0.7955456155064766,0.9005218525766471,0.14813246113007206,0.13791808873720138,SelfRegulationSCP1,4,5,4.9,27,106,SMOTE-raw,0.351,1.7371887371855852,64.0,6.0,896.0,2.900949471836835,0.25977948428526443,0.5708859396162359,,
0.7351778656126482,0.7591580463478195,0.7718059826670394,0.9243779703662287,0.13894854000758436,0.1400113765642776,SelfRegulationSCP1,4,5,4.9,27,106,chain-mean-GPF (PSSTO-style),0.351,1.7371887371855852,64.0,6.0,896.0,2.1094012476311796,0.1991873682546168,0.5064206496678618,,
0.7421875,0.7643876699192091,0.7751840462212283,0.9135215730127667,0.1516739097459234,0.153230944254835,SelfRegulationSCP1,4,5,4.9,27,106,KNNOR-GPF (M=1),0.351,1.7371887371855852,64.0,6.0,896.0,2.5141904692939647,0.2656001914045082,0.33347994522973984,0.8346456692913385,1.0
0.7773584905660378,0.7929013639284389,0.7989702730407231,0.9063693970738981,0.14443682214637849,0.12786120591581343,SelfRegulationSCP1,4,5,4.9,27,106,KNNOR-GPF (M calibrated),0.351,1.7371887371855852,64.0,6.0,896.0,1.8384268221823632,0.1728840535485603,0.5770956721836676,0.7571428571428571,1.7999999999999998
0.7985074626865671,0.8112295447874392,0.8160003727518405,0.9265212934488865,0.12297641259006448,0.10027303754266212,SelfRegulationSCP1,4,5,4.9,27,106,hybrid GPF-nbrs/raw-walk (M calibrated),0.351,1.7371887371855852,64.0,6.0,896.0,3.290580067535089,0.18855304864582323,2.1699864069995596,0.5520833333333334,1.7999999999999998
0.7330677290836654,0.7578987967745227,0.7718292796570683,0.913265306122449,0.1571952218430034,0.1637997724687144,SelfRegulationSCP1,4,5,4.9,27,106,KNNOR-official-GPF (randmx=1),0.351,1.7371887371855852,64.0,6.0,896.0,2.5725375266602963,0.2755405583432551,0.2920811276318378,0.7681159420289855,1.0
0.7441860465116279,0.7654840907599567,0.7751607492311994,0.9173189823874756,0.1458120970800152,0.14101251422070535,SelfRegulationSCP1,4,5,4.9,27,106,KNNOR-official-GPF (randmx=M*),0.351,1.7371887371855852,64.0,6.0,896.0,2.262549541892735,0.2198020896069275,0.529565142979571,0.7162162162162162,1.7999999999999998
0.7876447876447876,0.8039600060708717,0.8126922001677384,0.9216289255428198,0.13640857034508913,0.12678043230944255,SelfRegulationSCP1,4,5,4.9,27,106,hybrid GPF-nbrs/raw-walk (M raw-calibrated),0.351,1.7371887371855852,64.0,6.0,896.0,1.6719490787490852,0.14579879721586375,0.963542791117018,0.4140625,1.4
0.013513513513513514,0.08247860988423225,0.5034013605442177,0.8847264933370608,0.3581238149412211,0.39803185437997735,SelfRegulationSCP1,4,10,10.2,13,120,none (raw-flat RF),0.351,3.0235429074214526,,,,,,,,
0.36464088397790057,0.47217813860497687,0.6088202404249371,0.9018264840182648,0.25169431171786116,0.299169510807736,SelfRegulationSCP1,4,10,10.2,13,120,none,0.351,3.0235429074214526,64.0,6.0,896.0,,,,,
0.6055045871559633,0.6584858224879777,0.7073665082471344,0.9205572640014911,0.18266985210466438,0.21328782707622304,SelfRegulationSCP1,4,10,10.2,13,120,SMOTE-raw,0.351,3.0235429074214526,64.0,6.0,896.0,2.187333100979563,0.17691028423778932,0.6245392526377417,,
0.5550239234449761,0.6194739863431293,0.6835802814276395,0.8612198303979126,0.2283839969662495,0.25770193401592717,SelfRegulationSCP1,4,10,10.2,13,120,chain-mean-GPF (PSSTO-style),0.351,3.0235429074214526,64.0,6.0,896.0,3.393090804735092,0.2598041434603958,0.4098902587850157,,
0.5480769230769231,0.6141104742533247,0.6801789208834219,0.8673702357655391,0.22900291998483124,0.2593970420932878,SelfRegulationSCP1,4,10,10.2,13,120,KNNOR-GPF (M=1),0.351,3.0235429074214526,64.0,6.0,896.0,3.9030897691544677,0.40166011254590395,0.15691209668641867,0.8333333333333334,1.0
0.6812227074235808,0.7183835487536814,0.7516074923119933,0.8681623334265213,0.20354865377322715,0.2244596131968146,SelfRegulationSCP1,4,10,10.2,13,120,KNNOR-GPF (M calibrated),0.351,3.0235429074214526,64.0,6.0,896.0,2.8569695078524298,0.27057183989543654,0.3056198935548692,0.5063291139240507,2.0
0.5263157894736842,0.5968341290021053,0.6631022271922468,0.8691408070077346,0.21754687144482368,0.23216154721274176,SelfRegulationSCP1,4,10,10.2,13,120,hybrid GPF-nbrs/raw-walk (M calibrated),0.351,3.0235429074214526,64.0,6.0,896.0,13.943614193230959,0.4746735707770365,2.5204575775313502,0.234375,2.0
0.5714285714285714,0.6322786955889963,0.6938076600503216,0.8487093467523996,0.23427432688661354,0.2628213879408419,SelfRegulationSCP1,4,10,10.2,13,120,KNNOR-official-GPF (randmx=1),0.351,3.0235429074214526,64.0,6.0,896.0,2.9885425194152013,0.3216615732764966,0.17443933558493632,0.6217616580310881,1.0
0.5074626865671642,0.5829321543381908,0.6631954151523624,0.8551626129904016,0.23795464543041336,0.2667576791808874,SelfRegulationSCP1,4,10,10.2,13,120,KNNOR-official-GPF (randmx=M*),0.351,3.0235429074214526,64.0,6.0,896.0,2.7128503898729175,0.25283659589023266,0.46617821626179506,0.6,2.0
0.5660377358490566,0.6278415972909007,0.6869583449818284,0.8856816699282453,0.21472973075464544,0.2419908987485779,SelfRegulationSCP1,4,10,10.2,13,120,hybrid GPF-nbrs/raw-walk (M raw-calibrated),0.351,3.0235429074214526,64.0,6.0,896.0,4.29968633304339,0.2849340575229953,0.5593915177887826,0.125,1.2
0.013513513513513514,0.08247860988423225,0.5034013605442177,0.686422514211164,0.44514857792946533,0.44593856655290104,SelfRegulationSCP1,4,20,19.0,7,126,none (raw-flat RF),0.351,2.650066510330989,,,,,,,,
0.0784313725490196,0.20203050891044214,0.5204081632653061,0.8984018264840183,0.29792609025407657,0.3461547212741752,SelfRegulationSCP1,4,20,19.0,7,126,none,0.351,2.650066510330989,64.0,6.0,896.0,,,,,
0.23391812865497075,0.3637676502440608,0.5543285807473675,0.8896887522132142,0.26298642396662875,0.30837315130830495,SelfRegulationSCP1,4,20,19.0,7,126,SMOTE-raw,0.351,2.650066510330989,64.0,6.0,896.0,2.165040936411218,0.16819958736285612,0.610115936884104,,
0.1509433962264151,0.2857142857142857,0.5408163265306123,0.9015003261578605,0.2930581721653394,0.3410921501706485,SelfRegulationSCP1,4,20,19.0,7,126,chain-mean-GPF (PSSTO-style),0.351,2.650066510330989,64.0,6.0,896.0,3.2940134319615453,0.3038180049753896,0.2808941688243947,,
0.13836477987421383,0.2726121754290398,0.533990308452148,0.904715310781847,0.2867697383390216,0.33952218430034137,SelfRegulationSCP1,4,20,19.0,7,126,KNNOR-GPF (M=1),0.351,2.650066510330989,64.0,6.0,896.0,5.136105532462425,0.46093871009752396,0.16765047078553563,0.40514469453376206,1.0
0.11464968152866242,0.2465869906856369,0.5271875873637126,0.8933696766377784,0.28996890405764125,0.33945392491467574,SelfRegulationSCP1,4,20,19.0,7,126,KNNOR-GPF (M calibrated),0.351,2.650066510330989,64.0,6.0,896.0,5.291139542334992,0.43169871591305164,0.2826449997875445,0.3783783783783784,1.5999999999999999
0.3891891891891892,0.4914704392122822,0.6155996645233436,0.8994268940452893,0.23695149791429657,0.282901023890785,SelfRegulationSCP1,4,20,19.0,7,126,hybrid GPF-nbrs/raw-walk (M calibrated),0.351,2.650066510330989,64.0,6.0,896.0,11.333507484859881,0.48305368686003597,1.695159250456881,0.24609375,1.5999999999999999
0.13836477987421383,0.2726121754290398,0.533990308452148,0.87447581772435,0.3020937428896473,0.3407281001137656,SelfRegulationSCP1,4,20,19.0,7,126,KNNOR-official-GPF (randmx=1),0.351,2.650066510330989,64.0,6.0,896.0,4.940362146944809,0.40634748968588286,0.2626217348422253,0.6057692307692307,1.0
0.12658227848101267,0.2599255106444459,0.5305889479079303,0.8731012953126456,0.3020891922639363,0.34769055745164956,SelfRegulationSCP1,4,20,19.0,7,126,KNNOR-official-GPF (randmx=M*),0.351,2.650066510330989,64.0,6.0,896.0,4.746203419268065,0.35724422368789743,0.505056921655443,0.5454545454545454,1.5999999999999999
0.33519553072625696,0.44864907650589747,0.5951915012580374,0.9034106793402292,0.2523317785362154,0.30192263936291236,SelfRegulationSCP1,4,20,19.0,7,126,hybrid GPF-nbrs/raw-walk (M raw-calibrated),0.351,2.650066510330989,64.0,6.0,896.0,8.210591340357324,0.41697353145319727,1.0957926541386533,0.1640625,1.2
0.021739130434782608,0.1048220125784067,0.5,0.5119753086419753,0.3652991975308642,0.3402037037037038,SelfRegulationSCP2,0,5,5.0,20,80,none (raw-flat RF),0.293,0.9319757822052104,,,,,,,,
0.08421052631578947,0.2096440251568134,0.5166666666666667,0.5781481481481481,0.3468610493827161,0.3158333333333333,SelfRegulationSCP2,0,5,5.0,20,80,none,0.293,0.9319757822052104,64.0,7.0,1152.0,,,,,
0.13861386138613863,0.2726187588085622,0.5166666666666667,0.5566049382716048,0.302457037037037,0.2298888888888889,SelfRegulationSCP2,0,5,5.0,20,80,SMOTE-raw,0.293,0.9319757822052104,64.0,7.0,1152.0,2.186359540199165,0.1284808473992155,0.5299480971524315,,
0.1188118811881188,0.2509242175696937,0.5055555555555555,0.548641975308642,0.30941067901234565,0.2356851851851852,SelfRegulationSCP2,0,5,5.0,20,80,chain-mean-GPF (PSSTO-style),0.293,0.9319757822052104,64.0,7.0,1152.0,1.1854815656234692,0.07934293639640722,0.5629874828465427,,
0.08247422680412371,0.20727509006864034,0.5055555555555555,0.543888888888889,0.3171144444444444,0.25862962962962954,SelfRegulationSCP2,0,5,5.0,20,80,KNNOR-GPF (M=1),0.293,0.9319757822052104,64.0,7.0,1152.0,2.1530386166945235,0.14694954638314572,0.4082457925513047,0.5755395683453237,1.0
0.10101010101010101,0.23040490392586355,0.5055555555555555,0.5601234567901234,0.3108979012345679,0.24288888888888888,SelfRegulationSCP2,0,5,5.0,20,80,KNNOR-GPF (M calibrated),0.293,0.9319757822052104,64.0,7.0,1152.0,1.6271959816534398,0.10699949007276377,0.5660626757789685,0.5673758865248227,1.5999999999999999
0.21818181818181817,0.34854193647462495,0.5222222222222223,0.5639506172839507,0.3082377777777778,0.2400740740740741,SelfRegulationSCP2,0,5,5.0,20,80,hybrid GPF-nbrs/raw-walk (M calibrated),0.293,0.9319757822052104,64.0,7.0,1152.0,5.05459314809695,0.1584935597616276,3.3264552728331127,0.25,1.5999999999999999
0.08247422680412371,0.20727509006864034,0.5055555555555555,0.5280246913580248,0.32519574074074076,0.26261111111111113,SelfRegulationSCP2,0,5,5.0,20,80,KNNOR-official-GPF (randmx=1),0.293,0.9319757822052104,64.0,7.0,1152.0,4.03022929562451,0.3104120376590902,0.14704937794015935,0.5594405594405595,1.0
0.08247422680412371,0.20727509006864034,0.5055555555555555,0.5398765432098765,0.32208246913580246,0.2577407407407407,SelfRegulationSCP2,0,5,5.0,20,80,KNNOR-official-GPF (randmx=M*),0.293,0.9319757822052104,64.0,7.0,1152.0,3.7430714472258355,0.27548134049444095,0.17429605586684788,0.5298013245033113,1.5999999999999999
0.10101010101010101,0.23040490392586355,0.5055555555555555,0.5604938271604938,0.32814895061728394,0.27764814814814814,SelfRegulationSCP2,0,5,5.0,20,80,hybrid GPF-nbrs/raw-walk (M raw-calibrated),0.293,0.9319757822052104,64.0,7.0,1152.0,2.326018149552791,0.1452273007244722,1.0893994592550558,0.125,1.2
0.0,0.0,0.5,0.5383333333333333,0.42312172839506174,0.40985185185185186,SelfRegulationSCP2,0,10,10.0,10,90,none (raw-flat RF),0.293,2.927076027048116,,,,,,,,
0.021739130434782608,0.1048220125784067,0.5,0.5108641975308642,0.42428154320987643,0.41072222222222227,SelfRegulationSCP2,0,10,10.0,10,90,none,0.293,2.927076027048116,64.0,7.0,1152.0,,,,,
0.06382978723404255,0.18155705153742435,0.5111111111111112,0.4753703703703704,0.40053216049382717,0.38105555555555554,SelfRegulationSCP2,0,10,10.0,10,90,SMOTE-raw,0.293,2.927076027048116,64.0,7.0,1152.0,1.9106912272769492,0.13107762046465232,0.577542855507376,,
0.06382978723404255,0.18155705153742435,0.5111111111111112,0.5024074074074074,0.3880814814814815,0.36266666666666664,SelfRegulationSCP2,0,10,10.0,10,90,chain-mean-GPF (PSSTO-style),0.293,2.927076027048116,64.0,7.0,1152.0,2.8701991254872254,0.16396412393350113,0.5137690482413153,,
0.0,0.0,0.4888888888888889,0.4971604938271605,0.4015372839506173,0.3834444444444445,SelfRegulationSCP2,0,10,10.0,10,90,KNNOR-GPF (M=1),0.293,2.927076027048116,64.0,7.0,1152.0,4.79692831010866,0.4441484353393509,0.05684727497856148,0.3543307086614173,1.0
0.0,0.0,0.48333333333333334,0.4946296296296296,0.3835099382716049,0.36435185185185187,SelfRegulationSCP2,0,10,10.0,10,90,KNNOR-GPF (M calibrated),0.293,2.927076027048116,64.0,7.0,1152.0,4.27953793303152,0.34878905301936913,0.15367475017235865,0.3474903474903475,2.1999999999999997
0.041666666666666664,0.1457208560956,0.48888888888888893,0.5131481481481482,0.402448950617284,0.39824074074074073,SelfRegulationSCP2,0,10,10.0,10,90,hybrid GPF-nbrs/raw-walk (M calibrated),0.293,2.927076027048116,64.0,7.0,1152.0,36.50878309366677,0.5117838845187604,12.95540143604833,0.46875,2.1999999999999997
0.0,0.0,0.4888888888888889,0.4998765432098766,0.40735006172839505,0.39368518518518514,SelfRegulationSCP2,0,10,10.0,10,90,KNNOR-official-GPF (randmx=1),0.293,2.927076027048116,64.0,7.0,1152.0,4.462824117660476,0.38814542102277605,0.09497537376413039,0.3249097472924188,1.0
0.0,0.0,0.48333333333333334,0.5014197530864197,0.399497037037037,0.3903333333333333,SelfRegulationSCP2,0,10,10.0,10,90,KNNOR-official-GPF (randmx=M*),0.293,2.927076027048116,64.0,7.0,1152.0,3.75154055863376,0.2732739228688401,0.3759813512688216,0.33088235294117646,2.1999999999999997
0.021052631578947368,0.10304020550550783,0.48333333333333334,0.5017901234567901,0.4068398765432099,0.40425925925925926,SelfRegulationSCP2,0,10,10.0,10,90,hybrid GPF-nbrs/raw-walk (M raw-calibrated),0.293,2.927076027048116,64.0,7.0,1152.0,9.262086287096858,0.30066564054052547,2.110143199757899,0.17578125,1.6
0.02197802197802198,0.10540925533894598,0.5055555555555555,0.49339506172839515,0.46020691358024696,0.446962962962963,SelfRegulationSCP2,0,20,20.0,5,95,none (raw-flat RF),0.293,2.868207456206836,,,,,,,,
0.021505376344086023,0.10423146132940955,0.4944444444444444,0.48104938271604936,0.41760246913580246,0.37666666666666665,SelfRegulationSCP2,0,20,20.0,5,95,none,0.293,2.868207456206836,64.0,7.0,1152.0,,,,,
0.0,0.0,0.5,0.45246913580246917,0.4178514814814815,0.39570370370370367,SelfRegulationSCP2,0,20,20.0,5,95,SMOTE-raw,0.293,2.868207456206836,64.0,7.0,1152.0,4.36799419734419,0.25212106455642624,0.7143674905429369,,
0.06382978723404255,0.18155705153742435,0.5111111111111112,0.4838271604938272,0.39515302469135805,0.3643888888888889,SelfRegulationSCP2,0,20,20.0,5,95,chain-mean-GPF (PSSTO-style),0.293,2.868207456206836,64.0,7.0,1152.0,3.984908141174751,0.3026636975301574,0.27282166178787176,,
0.021739130434782608,0.1048220125784067,0.5,0.46413580246913577,0.39549401234567905,0.3438703703703704,SelfRegulationSCP2,0,20,20.0,5,95,KNNOR-GPF (M=1),0.293,2.868207456206836,64.0,7.0,1152.0,5.556149117961828,0.47723227869233475,0.11636092297374202,0.6834532374100719,1.0
0.021739130434782608,0.1048220125784067,0.5,0.48240740740740745,0.390336975308642,0.3550555555555555,SelfRegulationSCP2,0,20,20.0,5,95,KNNOR-GPF (M calibrated),0.293,2.868207456206836,64.0,7.0,1152.0,5.595278067409614,0.44957262569604595,0.17085402150694082,0.6785714285714286,1.4
0.10101010101010101,0.23040490392586355,0.5055555555555555,0.47660493827160494,0.4024645061728394,0.36531481481481487,SelfRegulationSCP2,0,20,20.0,5,95,hybrid GPF-nbrs/raw-walk (M calibrated),0.293,2.868207456206836,64.0,7.0,1152.0,20.8270628267289,0.7768112428794407,1.189768939868925,0.37109375,1.4
0.043010752688172046,0.14824071182362594,0.5055555555555555,0.5078395061728395,0.40709462962962956,0.3520185185185185,SelfRegulationSCP2,0,20,20.0,5,95,KNNOR-official-GPF (randmx=1),0.293,2.868207456206836,64.0,7.0,1152.0,7.224357295565918,0.580798648429675,0.012744069592868367,0.376984126984127,1.0
0.0,0.0,0.5,0.48530864197530865,0.40455043209876546,0.3652777777777778,SelfRegulationSCP2,0,20,20.0,5,95,KNNOR-official-GPF (randmx=M*),0.293,2.868207456206836,64.0,7.0,1152.0,6.550650429987678,0.5586752615202459,0.01881913224413522,0.38,1.4
0.0,0.0,0.49444444444444446,0.4741975308641976,0.4160186419753087,0.3755925925925926,SelfRegulationSCP2,0,20,20.0,5,95,hybrid GPF-nbrs/raw-walk (M raw-calibrated),0.293,2.868207456206836,64.0,7.0,1152.0,17.189556520929422,0.936280756602018,0.1511323578909575,0.08731617647058823,1.0
0.021505376344086023,0.10423146132940955,0.4944444444444444,0.5280864197530865,0.3703061111111111,0.3439444444444445,SelfRegulationSCP2,1,5,5.0,20,80,none (raw-flat RF),0.293,1.1071107736398602,,,,,,,,
0.02197802197802198,0.10540925533894598,0.5055555555555555,0.4733950617283951,0.35991191358024693,0.3140185185185186,SelfRegulationSCP2,1,5,5.0,20,80,none,0.293,1.1071107736398602,64.0,7.0,1152.0,,,,,
0.0,0.0,0.4722222222222222,0.4470987654320988,0.34010456790123456,0.27737037037037027,SelfRegulationSCP2,1,5,5.0,20,80,SMOTE-raw,0.293,1.1071107736398602,64.0,7.0,1152.0,2.3675003820570097,0.16297274934018424,0.604118954573292,,
0.06060606060606061,0.17638342073763938,0.48333333333333334,0.44753086419753085,0.33830777777777776,0.2605925925925926,SelfRegulationSCP2,1,5,5.0,20,80,chain-mean-GPF (PSSTO-style),0.293,1.1071107736398602,64.0,7.0,1152.0,1.6157121647348802,0.13137015173981081,0.46929187766444275,,
0.0,0.0,0.49444444444444446,0.4435802469135802,0.34200462962962963,0.2740555555555556,SelfRegulationSCP2,1,5,5.0,20,80,KNNOR-GPF (M=1),0.293,1.1071107736398602,64.0,7.0,1152.0,2.6463099729542847,0.2540269531372177,0.1847534913044902,0.47619047619047616,1.0
0.04081632653061224,0.14401645996461912,0.4777777777777778,0.4385802469135802,0.33067043209876545,0.24620370370370365,SelfRegulationSCP2,1,5,5.0,20,80,KNNOR-GPF (M calibrated),0.293,1.1071107736398602,64.0,7.0,1152.0,2.254565746351613,0.1846687526653522,0.35523635798302383,0.3902439024390244,2.0
0.19642857142857142,0.3275422882885261,0.5,0.49580246913580245,0.32118098765432096,0.23262962962962966,SelfRegulationSCP2,1,5,5.0,20,80,hybrid GPF-nbrs/raw-walk (M calibrated),0.293,1.1071107736398602,64.0,7.0,1152.0,6.914922679248448,0.14830754086738906,5.461512947045366,0.11363636363636363,2.0
0.02127659574468085,0.10363754503432017,0.4888888888888889,0.43969135802469134,0.35321012345679015,0.31485185185185177,SelfRegulationSCP2,1,5,5.0,20,80,KNNOR-official-GPF (randmx=1),0.293,1.1071107736398602,64.0,7.0,1152.0,2.9159312900497127,0.26147321130353185,0.19313782263688575,0.37037037037037035,1.0
0.08080808080808081,0.20487876571761973,0.4944444444444444,0.4623456790123457,0.33720141975308643,0.2670925925925926,SelfRegulationSCP2,1,5,5.0,20,80,KNNOR-official-GPF (randmx=M*),0.293,1.1071107736398602,64.0,7.0,1152.0,2.3964715165926638,0.17659128817847336,0.8142766003078263,0.47619047619047616,2.0
0.19130434782608696,0.3212629398844658,0.48333333333333334,0.4882716049382716,0.32593944444444445,0.2532037037037037,SelfRegulationSCP2,1,5,5.0,20,80,hybrid GPF-nbrs/raw-walk (M raw-calibrated),0.293,1.1071107736398602,64.0,7.0,1152.0,1.954738704515254,0.09187590118469624,1.604078905417264,0.125,1.6
0.02197802197802198,0.10540925533894598,0.5055555555555555,0.495679012345679,0.4182108641975309,0.37348148148148147,SelfRegulationSCP2,1,10,10.0,10,90,none (raw-flat RF),0.293,3.3211770671342293,,,,,,,,
0.0,0.0,0.5,0.5148765432098765,0.41974,0.4044444444444444,SelfRegulationSCP2,1,10,10.0,10,90,none,0.293,3.3211770671342293,64.0,7.0,1152.0,,,,,
0.02197802197802198,0.10540925533894598,0.5055555555555555,0.4988888888888889,0.4040255555555556,0.38466666666666666,SelfRegulationSCP2,1,10,10.0,10,90,SMOTE-raw,0.293,3.3211770671342293,64.0,7.0,1152.0,4.750651977648133,0.31289849401219794,0.5231636762766245,,
0.0,0.0,0.49444444444444446,0.5402469135802469,0.3951100617283951,0.38072222222222224,SelfRegulationSCP2,1,10,10.0,10,90,chain-mean-GPF (PSSTO-style),0.293,3.3211770671342293,64.0,7.0,1152.0,4.3679946065922515,0.3245598908335813,0.3394354632594916,,
0.0,0.0,0.49444444444444446,0.5195061728395062,0.390994074074074,0.37448148148148147,SelfRegulationSCP2,1,10,10.0,10,90,KNNOR-GPF (M=1),0.293,3.3211770671342293,64.0,7.0,1152.0,4.959995248277139,0.3913047069005863,0.20426559166799285,0.9473684210526315,1.0
0.02197802197802198,0.10540925533894598,0.5055555555555555,0.5082716049382716,0.39025358024691365,0.3638888888888889,SelfRegulationSCP2,1,10,10.0,10,90,KNNOR-GPF (M calibrated),0.293,3.3211770671342293,64.0,7.0,1152.0,4.211198861736211,0.29645912609321123,0.4372937766706064,0.7377049180327869,1.7999999999999998
0.0,0.0,0.5,0.5401851851851852,0.3915396913580248,0.36398148148148146,SelfRegulationSCP2,1,10,10.0,10,90,hybrid GPF-nbrs/raw-walk (M calibrated),0.293,3.3211770671342293,64.0,7.0,1152.0,5.607391712311422,0.37031548375896106,0.4569654108597448,0.3515625,1.7999999999999998
0.0,0.0,0.5,0.544074074074074,0.4000338888888889,0.3837592592592592,SelfRegulationSCP2,1,10,10.0,10,90,KNNOR-official-GPF (randmx=1),0.293,3.3211770671342293,64.0,7.0,1152.0,5.091039372827993,0.4036516793352253,0.1846146611166396,0.7317073170731707,1.0
0.02197802197802198,0.10540925533894598,0.5055555555555555,0.5478395061728395,0.39465123456790124,0.3791481481481482,SelfRegulationSCP2,1,10,10.0,10,90,KNNOR-official-GPF (randmx=M*),0.293,3.3211770671342293,64.0,7.0,1152.0,4.962241018453735,0.3571297122370063,0.4399445478932941,0.6122448979591837,1.7999999999999998
0.0,0.0,0.5,0.5209259259259259,0.40754006172839513,0.3852777777777778,SelfRegulationSCP2,1,10,10.0,10,90,hybrid GPF-nbrs/raw-walk (M raw-calibrated),0.293,3.3211770671342293,64.0,7.0,1152.0,6.3595900844361495,0.4281992605903606,0.3492188343353164,0.46875,1.6
0.021739130434782608,0.1048220125784067,0.5,0.5485185185185185,0.4527507407407408,0.38196296296296295,SelfRegulationSCP2,1,20,20.0,5,95,none (raw-flat RF),0.293,4.090630597918183,,,,,,,,
0.0,0.0,0.5,0.5890123456790124,0.4301606172839506,0.4204074074074074,SelfRegulationSCP2,1,20,20.0,5,95,none,0.293,4.090630597918183,64.0,7.0,1152.0,,,,,
0.0,0.0,0.49444444444444446,0.49944444444444447,0.43080154320987657,0.39072222222222236,SelfRegulationSCP2,1,20,20.0,5,95,SMOTE-raw,0.293,4.090630597918183,64.0,7.0,1152.0,4.603459689515644,0.3198444282080428,0.5585701435974567,,
0.02197802197802198,0.10540925533894598,0.5055555555555555,0.54,0.4139966049382717,0.3992407407407408,SelfRegulationSCP2,1,20,20.0,5,95,chain-mean-GPF (PSSTO-style),0.293,4.090630597918183,64.0,7.0,1152.0,5.273299355973412,0.42932602164656863,0.235154602975286,,
0.02197802197802198,0.10540925533894598,0.5055555555555555,0.556358024691358,0.4082914814814814,0.4011481481481482,SelfRegulationSCP2,1,20,20.0,5,95,KNNOR-GPF (M=1),0.293,4.090630597918183,64.0,7.0,1152.0,5.914941785500536,0.46792110325054626,0.2191771018354037,0.95,1.0
0.043478260869565216,0.14907119849998599,0.5111111111111111,0.5466666666666667,0.39977796296296303,0.3867222222222222,SelfRegulationSCP2,1,20,20.0,5,95,KNNOR-GPF (M calibrated),0.293,4.090630597918183,64.0,7.0,1152.0,5.906487877162055,0.41572918715390417,0.40891639546009295,0.9134615384615384,1.5999999999999999
0.0,0.0,0.49444444444444446,0.5575925925925925,0.39630006172839505,0.38461111111111107,SelfRegulationSCP2,1,20,20.0,5,95,hybrid GPF-nbrs/raw-walk (M calibrated),0.293,4.090630597918183,64.0,7.0,1152.0,8.42129209358468,0.38825358193422743,1.8400563066293323,0.4947916666666667,1.5999999999999999
0.02197802197802198,0.10540925533894598,0.5055555555555555,0.5649382716049383,0.41276302469135795,0.40475925925925926,SelfRegulationSCP2,1,20,20.0,5,95,KNNOR-official-GPF (randmx=1),0.293,4.090630597918183,64.0,7.0,1152.0,7.323304133487225,0.5260987477845561,0.23611567916643772,0.95,1.0
0.0,0.0,0.5,0.570925925925926,0.41170395061728404,0.40696296296296297,SelfRegulationSCP2,1,20,20.0,5,95,KNNOR-official-GPF (randmx=M*),0.293,4.090630597918183,64.0,7.0,1152.0,7.568697303583852,0.4546239798967565,0.5562550138708919,0.8878504672897196,1.5999999999999999
0.02197802197802198,0.10540925533894598,0.5055555555555555,0.5396296296296296,0.4085997530864197,0.3938888888888889,SelfRegulationSCP2,1,20,20.0,5,95,hybrid GPF-nbrs/raw-walk (M raw-calibrated),0.293,4.090630597918183,64.0,7.0,1152.0,7.7113224473432265,0.4599496025732607,0.6939852298696908,0.37109375,1.2
0.043010752688172046,0.14824071182362594,0.5055555555555555,0.494320987654321,0.3773685185185185,0.34329629629629627,SelfRegulationSCP2,2,5,5.0,20,80,none (raw-flat RF),0.293,1.831138270254229,,,,,,,,
0.02197802197802198,0.10540925533894598,0.5055555555555555,0.49296296296296294,0.36677345679012346,0.32803703703703707,SelfRegulationSCP2,2,5,5.0,20,80,none,0.293,1.831138270254229,64.0,7.0,1152.0,,,,,
0.12,0.2523959264800122,0.5111111111111112,0.48203703703703704,0.3516927160493826,0.2920740740740741,SelfRegulationSCP2,2,5,5.0,20,80,SMOTE-raw,0.293,1.831138270254229,64.0,7.0,1152.0,6.00180238245183,0.37023872738490915,0.5663588728601375,,
0.12121212121212122,0.2538591035287969,0.5166666666666667,0.5070987654320988,0.3355255555555555,0.27407407407407397,SelfRegulationSCP2,2,5,5.0,20,80,chain-mean-GPF (PSSTO-style),0.293,1.831138270254229,64.0,7.0,1152.0,2.6007153615181977,0.19841563765173975,0.45516496378563503,,
0.10204081632653061,0.23174059571793565,0.5111111111111111,0.5277777777777778,0.33475049382716054,0.283,SelfRegulationSCP2,2,5,5.0,20,80,KNNOR-GPF (M=1),0.293,1.831138270254229,64.0,7.0,1152.0,3.689104504570258,0.30907058777507035,0.23302752806288268,0.5882352941176471,1.0
0.0625,0.17950549357115014,0.5,0.5304320987654321,0.3303279012345679,0.2791111111111111,SelfRegulationSCP2,2,5,5.0,20,80,KNNOR-GPF (M calibrated),0.293,1.831138270254229,64.0,7.0,1152.0,3.378294678720005,0.23982327297983508,0.4713150347588157,0.37735849056603776,1.7999999999999998
0.12244897959183673,0.25531389540169014,0.5222222222222223,0.47919753086419753,0.34593037037037033,0.3118888888888889,SelfRegulationSCP2,2,5,5.0,20,80,hybrid GPF-nbrs/raw-walk (M calibrated),0.293,1.831138270254229,64.0,7.0,1152.0,7.750347890756624,0.47587819484572647,0.4676600593806942,0.25,1.7999999999999998
0.06315789473684211,0.180534186769688,0.5055555555555555,0.5298148148148148,0.3409733950617284,0.2921666666666667,SelfRegulationSCP2,2,5,5.0,20,80,KNNOR-official-GPF (randmx=1),0.293,1.831138270254229,64.0,7.0,1152.0,3.5721015679207593,0.3035848902891777,0.22288779761451738,0.5797101449275363,1.0
0.10309278350515463,0.23306863292670033,0.5166666666666666,0.5358641975308642,0.32933043209876545,0.275537037037037,SelfRegulationSCP2,2,5,5.0,20,80,KNNOR-official-GPF (randmx=M*),0.293,1.831138270254229,64.0,7.0,1152.0,3.475658418226674,0.2627212525091961,0.36490805043843805,0.5714285714285714,1.7999999999999998
0.1,0.2290614236454256,0.5,0.47858024691358025,0.3601041358024691,0.31087037037037035,SelfRegulationSCP2,2,5,5.0,20,80,hybrid GPF-nbrs/raw-walk (M raw-calibrated),0.293,1.831138270254229,64.0,7.0,1152.0,8.820149675630967,0.5374916124877078,0.34695864638548757,0.4166666666666667,1.4
0.043478260869565216,0.14907119849998599,0.5111111111111111,0.567037037037037,0.40123611111111107,0.37975925925925924,SelfRegulationSCP2,2,10,10.0,10,90,none (raw-flat RF),0.293,1.643953648618524,,,,,,,,
0.02197802197802198,0.10540925533894598,0.5055555555555555,0.5660493827160494,0.3958751234567902,0.386574074074074,SelfRegulationSCP2,2,10,10.0,10,90,none,0.293,1.643953648618524,64.0,7.0,1152.0,,,,,
0.042105263157894736,0.146565621758588,0.49444444444444446,0.46043209876543206,0.37942845679012344,0.3416481481481481,SelfRegulationSCP2,2,10,10.0,10,90,SMOTE-raw,0.293,1.643953648618524,64.0,7.0,1152.0,3.3930680220265828,0.2104937450104467,0.5457477932151267,,
0.06451612903225806,0.18257418583505536,0.5166666666666667,0.5633950617283952,0.34895123456790117,0.31825925925925924,SelfRegulationSCP2,2,10,10.0,10,90,chain-mean-GPF (PSSTO-style),0.293,1.643953648618524,64.0,7.0,1152.0,2.006465717362003,0.1620920884727427,0.421472267966309,,
0.02197802197802198,0.10540925533894598,0.5055555555555555,0.5708641975308644,0.3813322839506173,0.36801851851851847,SelfRegulationSCP2,2,10,10.0,10,90,KNNOR-GPF (M=1),0.293,1.643953648618524,64.0,7.0,1152.0,5.118140850221122,0.45298781966290735,0.07386497433993658,0.04864864864864865,1.0
0.0,0.0,0.5,0.5525308641975308,0.3746805555555555,0.3554259259259259,SelfRegulationSCP2,2,10,10.0,10,90,KNNOR-GPF (M calibrated),0.293,1.643953648618524,64.0,7.0,1152.0,3.1220222929087402,0.25026887955862487,0.31575787421251,0.04864864864864865,1.7999999999999998
0.02197802197802198,0.10540925533894598,0.5055555555555555,0.5682098765432098,0.3870775925925926,0.37490740740740736,SelfRegulationSCP2,2,10,10.0,10,90,hybrid GPF-nbrs/raw-walk (M calibrated),0.293,1.643953648618524,64.0,7.0,1152.0,11.649401601516347,0.5379452653019603,1.0723499240587537,0.04849137931034483,1.7999999999999998
0.02197802197802198,0.10540925533894598,0.5055555555555555,0.5962345679012346,0.37013148148148156,0.35711111111111105,SelfRegulationSCP2,2,10,10.0,10,90,KNNOR-official-GPF (randmx=1),0.293,1.643953648618524,64.0,7.0,1152.0,1.9135066241464873,0.09282562150077645,1.0167840981008396,0.5625,1.0
0.02197802197802198,0.10540925533894598,0.5055555555555555,0.5625925925925925,0.3884631481481481,0.37357407407407406,SelfRegulationSCP2,2,10,10.0,10,90,KNNOR-official-GPF (randmx=M*),0.293,1.643953648618524,64.0,7.0,1152.0,17.324702227446082,0.6618792173223357,1.2351431710310024,0.39823008849557523,1.7999999999999998
0.02197802197802198,0.10540925533894598,0.5055555555555555,0.5678395061728396,0.3902563580246914,0.3830185185185186,SelfRegulationSCP2,2,10,10.0,10,90,hybrid GPF-nbrs/raw-walk (M raw-calibrated),0.293,1.643953648618524,64.0,7.0,1152.0,13.066982765610936,0.6891971978727072,0.2835505495760994,0.04849137931034483,1.4
0.0,0.0,0.5,0.5222839506172839,0.4368040123456789,0.4212777777777778,SelfRegulationSCP2,2,20,20.0,5,95,none (raw-flat RF),0.293,4.59711085580267,,,,,,,,
0.0,0.0,0.5,0.510246913580247,0.4556322222222222,0.4263333333333334,SelfRegulationSCP2,2,20,20.0,5,95,none,0.293,4.59711085580267,64.0,7.0,1152.0,,,,,
0.0,0.0,0.5,0.5237037037037037,0.4342242592592593,0.42475925925925917,SelfRegulationSCP2,2,20,20.0,5,95,SMOTE-raw,0.293,4.59711085580267,64.0,7.0,1152.0,4.9587175284839144,0.2901901229399114,0.4432092639453658,,
0.0,0.0,0.5,0.5124691358024691,0.4223096296296296,0.4127777777777778,SelfRegulationSCP2,2,20,20.0,5,95,chain-mean-GPF (PSSTO-style),0.293,4.59711085580267,64.0,7.0,1152.0,5.375158578593522,0.31437520980143485,0.2832384883694422,,
0.0,0.0,0.5,0.56679012345679,0.4114701234567901,0.4065925925925926,SelfRegulationSCP2,2,20,20.0,5,95,KNNOR-GPF (M=1),0.293,4.59711085580267,64.0,7.0,1152.0,6.2391148408138815,0.36187013818165725,0.21149769962665008,0.49222797927461137,1.0
0.0,0.0,0.5,0.5848148148148148,0.40329302469135797,0.39731481481481484,SelfRegulationSCP2,2,20,20.0,5,95,KNNOR-GPF (M calibrated),0.293,4.59711085580267,64.0,7.0,1152.0,7.151353034129555,0.34545373501171506,0.3215652775513707,0.405982905982906,1.5999999999999999
0.0,0.0,0.5,0.5059876543209876,0.4173237654320988,0.39198148148148154,SelfRegulationSCP2,2,20,20.0,5,95,hybrid GPF-nbrs/raw-walk (M calibrated),0.293,4.59711085580267,64.0,7.0,1152.0,5.318748701770675,0.29720801402228225,0.7766332283540797,0.296875,1.5999999999999999
0.0,0.0,0.5,0.5278395061728395,0.42727438271604934,0.41812962962962963,SelfRegulationSCP2,2,20,20.0,5,95,KNNOR-official-GPF (randmx=1),0.293,4.59711085580267,64.0,7.0,1152.0,7.786038010060027,0.4945652945973007,0.18602718313449557,0.2334152334152334,1.0
0.0,0.0,0.5,0.5357407407407407,0.4224118518518518,0.4127407407407407,SelfRegulationSCP2,2,20,20.0,5,95,KNNOR-official-GPF (randmx=M*),0.293,4.59711085580267,64.0,7.0,1152.0,9.63058288273365,0.6250881077488993,0.026873252281334158,0.23058252427184467,1.5999999999999999
0.0,0.0,0.5,0.5092592592592593,0.42850166666666667,0.4177962962962963,SelfRegulationSCP2,2,20,20.0,5,95,hybrid GPF-nbrs/raw-walk (M raw-calibrated),0.293,4.59711085580267,64.0,7.0,1152.0,6.567275170232138,0.3906385904569487,0.36382241028377005,0.37109375,1.2
0.0,0.0,0.49444444444444446,0.49345679012345683,0.37572592592592596,0.3368148148148148,SelfRegulationSCP2,3,5,5.0,20,80,none (raw-flat RF),0.293,2.6318021511865233,,,,,,,,
0.0,0.0,0.49444444444444446,0.5621604938271605,0.3743801234567901,0.3615185185185186,SelfRegulationSCP2,3,5,5.0,20,80,none,0.293,2.6318021511865233,64.0,7.0,1152.0,,,,,
0.042105263157894736,0.146565621758588,0.49444444444444446,0.575679012345679,0.3652193209876543,0.34205555555555556,SelfRegulationSCP2,3,5,5.0,20,80,SMOTE-raw,0.293,2.6318021511865233,64.0,7.0,1152.0,6.843702994027634,0.40172243346898373,0.5367886638626382,,
0.09900990099009901,0.2277100170213244,0.49444444444444446,0.5611728395061729,0.37470006172839493,0.3424999999999999,SelfRegulationSCP2,3,5,5.0,20,80,chain-mean-GPF (PSSTO-style),0.293,2.6318021511865233,64.0,7.0,1152.0,3.018045737222783,0.20740273700458445,0.47986719241039055,,
0.08,0.20367003088692623,0.4888888888888889,0.563888888888889,0.37083814814814814,0.3514074074074074,SelfRegulationSCP2,3,5,5.0,20,80,KNNOR-GPF (M=1),0.293,2.6318021511865233,64.0,7.0,1152.0,3.5176034893205355,0.2815821652132171,0.2523942300303864,0.5882352941176471,1.0
0.13592233009708737,0.2694301256218254,0.5055555555555555,0.5267283950617285,0.3553553703703703,0.3113518518518519,SelfRegulationSCP2,3,5,5.0,20,80,KNNOR-GPF (M calibrated),0.293,2.6318021511865233,64.0,7.0,1152.0,3.0277402938610596,0.20949845054852279,0.4557581623518314,0.4371584699453552,1.7999999999999998
0.043010752688172046,0.14824071182362594,0.5055555555555555,0.5724691358024692,0.3495893209876544,0.3173888888888889,SelfRegulationSCP2,3,5,5.0,20,80,hybrid GPF-nbrs/raw-walk (M calibrated),0.293,2.6318021511865233,64.0,7.0,1152.0,6.809701202727716,0.4068205928252069,0.5632529578622961,0.3125,1.7999999999999998
0.061855670103092786,0.1784708711578779,0.49444444444444446,0.5601851851851852,0.37112074074074075,0.3461851851851852,SelfRegulationSCP2,3,5,5.0,20,80,KNNOR-official-GPF (randmx=1),0.293,2.6318021511865233,64.0,7.0,1152.0,3.396404689769131,0.2703572847857416,0.2523306092752315,0.4819277108433735,1.0
0.061224489795918366,0.17743021580745905,0.4888888888888889,0.5538888888888889,0.3624933333333333,0.34225925925925926,SelfRegulationSCP2,3,5,5.0,20,80,KNNOR-official-GPF (randmx=M*),0.293,2.6318021511865233,64.0,7.0,1152.0,3.2836819329845923,0.23827545395592065,0.4256511275407018,0.47058823529411764,1.7999999999999998
0.0625,0.17950549357115014,0.5,0.5892592592592594,0.3539427777777778,0.3275,SelfRegulationSCP2,3,5,5.0,20,80,hybrid GPF-nbrs/raw-walk (M raw-calibrated),0.293,2.6318021511865233,64.0,7.0,1152.0,8.294360830240397,0.4935265956491891,0.392186521979877,0.4166666666666667,1.4
0.0,0.0,0.5,0.4285802469135802,0.44186006172839504,0.4101296296296297,SelfRegulationSCP2,3,10,10.0,10,90,none (raw-flat RF),0.293,3.2825297743515147,,,,,,,,
0.0,0.0,0.5,0.5342592592592592,0.4152270370370371,0.38151851851851853,SelfRegulationSCP2,3,10,10.0,10,90,none,0.293,3.2825297743515147,64.0,7.0,1152.0,,,,,
0.041666666666666664,0.1457208560956,0.48888888888888893,0.5230246913580248,0.3920794444444444,0.3831666666666667,SelfRegulationSCP2,3,10,10.0,10,90,SMOTE-raw,0.293,3.2825297743515147,64.0,7.0,1152.0,8.44547594973615,0.46820403495688445,0.5358401871132522,,
0.021052631578947368,0.10304020550550783,0.48333333333333334,0.5216666666666666,0.3857043827160494,0.35846296296296304,SelfRegulationSCP2,3,10,10.0,10,90,chain-mean-GPF (PSSTO-style),0.293,3.2825297743515147,64.0,7.0,1152.0,4.106611909103709,0.28018938423245154,0.43297930345146174,,
0.0,0.0,0.49444444444444446,0.523641975308642,0.3851798765432099,0.3617037037037037,SelfRegulationSCP2,3,10,10.0,10,90,KNNOR-GPF (M=1),0.293,3.2825297743515147,64.0,7.0,1152.0,6.1502460811572846,0.4331339912659631,0.2397297894418203,0.5172413793103449,1.0
0.021052631578947368,0.10304020550550783,0.48333333333333334,0.5220987654320989,0.3673023456790123,0.3372962962962962,SelfRegulationSCP2,3,10,10.0,10,90,KNNOR-GPF (M calibrated),0.293,3.2825297743515147,64.0,7.0,1152.0,5.538510652465529,0.3600247648719256,0.4360741607361011,0.41284403669724773,1.7999999999999998
0.020833333333333332,0.10243938285880987,0.47777777777777775,0.5007407407407407,0.4084711111111111,0.3872962962962963,SelfRegulationSCP2,3,10,10.0,10,90,hybrid GPF-nbrs/raw-walk (M calibrated),0.293,3.2825297743515147,64.0,7.0,1152.0,12.42780408868564,0.6590432016323196,0.3836482757981525,0.28125,1.7999999999999998
0.02197802197802198,0.10540925533894598,0.5055555555555555,0.5241975308641975,0.3990824074074074,0.37027777777777776,SelfRegulationSCP2,3,10,10.0,10,90,KNNOR-official-GPF (randmx=1),0.293,3.2825297743515147,64.0,7.0,1152.0,9.04755401386614,0.5805420022697927,0.1528865746873602,0.25280898876404495,1.0
0.021505376344086023,0.10423146132940955,0.4944444444444444,0.515,0.4016233950617285,0.38579629629629625,SelfRegulationSCP2,3,10,10.0,10,90,KNNOR-official-GPF (randmx=M*),0.293,3.2825297743515147,64.0,7.0,1152.0,7.84440243840632,0.5003365817061045,0.246970625770138,0.3829787234042553,1.7999999999999998
0.021052631578947368,0.10304020550550783,0.48333333333333334,0.5162345679012346,0.4088585802469136,0.3820185185185186,SelfRegulationSCP2,3,10,10.0,10,90,hybrid GPF-nbrs/raw-walk (M raw-calibrated),0.293,3.2825297743515147,64.0,7.0,1152.0,14.38575046503184,0.7308928827439967,0.38382699803987286,0.46875,1.2
0.02197802197802198,0.10540925533894598,0.5055555555555555,0.5570370370370371,0.44132098765432104,0.42381481481481476,SelfRegulationSCP2,3,20,20.0,5,95,none (raw-flat RF),0.293,5.313259387602942,,,,,,,,
0.043010752688172046,0.14824071182362594,0.5055555555555555,0.5258024691358024,0.4440762345679013,0.3967222222222222,SelfRegulationSCP2,3,20,20.0,5,95,none,0.293,5.313259387602942,64.0,7.0,1152.0,,,,,
0.02197802197802198,0.10540925533894598,0.5055555555555555,0.5698765432098766,0.38305469135802467,0.3742962962962963,SelfRegulationSCP2,3,20,20.0,5,95,SMOTE-raw,0.293,5.313259387602942,64.0,7.0,1152.0,2.3909669188268374,0.16207264500300467,0.44121526708342795,,
0.0,0.0,0.49444444444444446,0.5409876543209876,0.398199012345679,0.35433333333333333,SelfRegulationSCP2,3,20,20.0,5,95,chain-mean-GPF (PSSTO-style),0.293,5.313259387602942,64.0,7.0,1152.0,4.999990111361017,0.30283387483988644,0.281297504600396,,
0.08247422680412371,0.20727509006864034,0.5055555555555555,0.5170987654320988,0.4138808024691357,0.357425925925926,SelfRegulationSCP2,3,20,20.0,5,95,KNNOR-GPF (M=1),0.293,5.313259387602942,64.0,7.0,1152.0,7.023282989875238,0.39384864712625434,0.24489962848085217,0.04871794871794872,1.0
0.06451612903225806,0.18257418583505536,0.5166666666666667,0.5230864197530865,0.411173950617284,0.35574074074074075,SelfRegulationSCP2,3,20,20.0,5,95,KNNOR-GPF (M calibrated),0.293,5.313259387602942,64.0,7.0,1152.0,5.983437859188868,0.42647128960632863,0.13517421875978863,0.04871794871794872,1.5999999999999999
0.08333333333333333,0.2084629226588191,0.5111111111111111,0.5281481481481481,0.44175586419753077,0.38227777777777777,SelfRegulationSCP2,3,20,20.0,5,95,hybrid GPF-nbrs/raw-walk (M calibrated),0.293,5.313259387602942,64.0,7.0,1152.0,36.00259682674779,0.895492579723745,1.2594582937106091,0.296875,1.5999999999999999
0.06382978723404255,0.18155705153742435,0.5111111111111112,0.5361111111111111,0.44521462962962954,0.3871296296296297,SelfRegulationSCP2,3,20,20.0,5,95,KNNOR-official-GPF (randmx=1),0.293,5.313259387602942,64.0,7.0,1152.0,29.6655193064345,1.27062933002883,0.005425398218179932,0.23002421307506055,1.0
0.06382978723404255,0.18155705153742435,0.5111111111111112,0.5303703703703704,0.4453675308641975,0.3834444444444443,SelfRegulationSCP2,3,20,20.0,5,95,KNNOR-official-GPF (randmx=M*),0.293,5.313259387602942,64.0,7.0,1152.0,30.633713108723978,1.283318505560717,0.0015727335705193097,0.22511848341232227,1.5999999999999999
0.08421052631578947,0.2096440251568134,0.5166666666666667,0.5313580246913581,0.443125,0.3803148148148148,SelfRegulationSCP2,3,20,20.0,5,95,hybrid GPF-nbrs/raw-walk (M raw-calibrated),0.293,5.313259387602942,64.0,7.0,1152.0,27.298061691103467,1.0747071674910744,0.1927955233508252,0.1484375,1.2
0.02197802197802198,0.10540925533894598,0.5055555555555555,0.5260493827160494,0.35317061728395066,0.31574074074074077,SelfRegulationSCP2,4,5,5.0,20,80,none (raw-flat RF),0.293,1.3390291869660196,,,,,,,,
0.061224489795918366,0.17743021580745905,0.4888888888888889,0.5541358024691359,0.35637432098765426,0.32848148148148154,SelfRegulationSCP2,4,5,5.0,20,80,none,0.293,1.3390291869660196,64.0,7.0,1152.0,,,,,
0.15789473684210525,0.28867513459481287,0.4666666666666667,0.4901234567901235,0.3371138271604938,0.291,SelfRegulationSCP2,4,5,5.0,20,80,SMOTE-raw,0.293,1.3390291869660196,64.0,7.0,1152.0,3.7834017687948016,0.24163664776467775,0.5308164684303511,,
0.1834862385321101,0.31622776601683794,0.5055555555555555,0.5403703703703704,0.3199514197530864,0.25205555555555553,SelfRegulationSCP2,4,5,5.0,20,80,chain-mean-GPF (PSSTO-style),0.293,1.3390291869660196,64.0,7.0,1152.0,1.8741448281976112,0.14579759885052324,0.5062573535304388,,
0.19298245614035087,0.3233696046856722,0.4888888888888889,0.5150617283950618,0.3293793827160494,0.267,SelfRegulationSCP2,4,5,5.0,20,80,KNNOR-GPF (M=1),0.293,1.3390291869660196,64.0,7.0,1152.0,2.557088505890585,0.2282689373337492,0.2767335653052855,0.7692307692307693,1.0
0.25210084033613445,0.3751542892474251,0.5055555555555555,0.5220370370370371,0.3167991358024691,0.2511481481481481,SelfRegulationSCP2,4,5,5.0,20,80,KNNOR-GPF (M calibrated),0.293,1.3390291869660196,64.0,7.0,1152.0,2.477018067777461,0.17589169720230347,0.4832264198799338,0.5714285714285714,1.7999999999999998
0.2903225806451613,0.4055175020198813,0.5111111111111111,0.5424691358024692,0.3087499999999999,0.22377777777777777,SelfRegulationSCP2,4,5,5.0,20,80,hybrid GPF-nbrs/raw-walk (M calibrated),0.293,1.3390291869660196,64.0,7.0,1152.0,5.410229410024677,0.18510013243874035,4.132950459272127,0.3125,1.7999999999999998
0.2037037037037037,0.33573210954973615,0.5222222222222223,0.5075925925925926,0.33162098765432096,0.24485185185185185,SelfRegulationSCP2,4,5,5.0,20,80,KNNOR-official-GPF (randmx=1),0.293,1.3390291869660196,64.0,7.0,1152.0,2.079971108641029,0.18760037567961918,0.31182091806263734,0.8421052631578947,1.0
0.25210084033613445,0.3751542892474251,0.5055555555555555,0.5210493827160494,0.3199041358024691,0.23887037037037037,SelfRegulationSCP2,4,5,5.0,20,80,KNNOR-official-GPF (randmx=M*),0.293,1.3390291869660196,64.0,7.0,1152.0,1.9508502813053923,0.1419757957736042,0.6260668772555946,0.7619047619047619,1.7999999999999998
0.2413793103448276,0.36717136981907345,0.5111111111111111,0.5525925925925926,0.3110337037037037,0.23562962962962966,SelfRegulationSCP2,4,5,5.0,20,80,hybrid GPF-nbrs/raw-walk (M raw-calibrated),0.293,1.3390291869660196,64.0,7.0,1152.0,2.8260761442401794,0.17803711345274187,1.02936557056946,0.20833333333333334,1.4
0.0,0.0,0.49444444444444446,0.5317901234567901,0.42254339506172844,0.39772222222222225,SelfRegulationSCP2,4,10,10.0,10,90,none (raw-flat RF),0.293,2.875110787760578,,,,,,,,
0.0,0.0,0.5,0.45160493827160497,0.42541382716049375,0.40555555555555556,SelfRegulationSCP2,4,10,10.0,10,90,none,0.293,2.875110787760578,64.0,7.0,1152.0,,,,,
0.0,0.0,0.5,0.5296296296296296,0.4144011728395063,0.40453703703703703,SelfRegulationSCP2,4,10,10.0,10,90,SMOTE-raw,0.293,2.875110787760578,64.0,7.0,1152.0,3.0280970406698735,0.21170059267823216,0.40762978314770687,,
0.0,0.0,0.5,0.5111111111111111,0.40747043209876543,0.39142592592592595,SelfRegulationSCP2,4,10,10.0,10,90,chain-mean-GPF (PSSTO-style),0.293,2.875110787760578,64.0,7.0,1152.0,3.0315427546188083,0.2204099943851201,0.3186726702950248,,
0.02197802197802198,0.10540925533894598,0.5055555555555555,0.49456790123456795,0.40836111111111106,0.3904074074074074,SelfRegulationSCP2,4,10,10.0,10,90,KNNOR-GPF (M=1),0.293,2.875110787760578,64.0,7.0,1152.0,4.017018579697103,0.3408482649256206,0.1360266465725745,0.46632124352331605,1.0
0.0,0.0,0.5,0.4994444444444444,0.39627734567901235,0.37857407407407406,SelfRegulationSCP2,4,10,10.0,10,90,KNNOR-GPF (M calibrated),0.293,2.875110787760578,64.0,7.0,1152.0,3.7138498991001647,0.2543879637780667,0.32942135151265844,0.44554455445544555,2.0
0.08333333333333333,0.2084629226588191,0.5111111111111111,0.5014814814814814,0.3915243209876544,0.3655925925925926,SelfRegulationSCP2,4,10,10.0,10,90,hybrid GPF-nbrs/raw-walk (M calibrated),0.293,2.875110787760578,64.0,7.0,1152.0,13.159728291666381,0.3314194681337047,4.38541033553015,0.15625,2.0
0.0,0.0,0.5,0.5052469135802469,0.41065845679012336,0.3973888888888889,SelfRegulationSCP2,4,10,10.0,10,90,KNNOR-official-GPF (randmx=1),0.293,2.875110787760578,64.0,7.0,1152.0,4.214290500789533,0.36549899592002333,0.11123463622382737,0.3383458646616541,1.0
0.0,0.0,0.5,0.5067901234567902,0.3885080864197531,0.3627592592592592,SelfRegulationSCP2,4,10,10.0,10,90,KNNOR-official-GPF (randmx=M*),0.293,2.875110787760578,64.0,7.0,1152.0,3.484742420945789,0.24642387320629977,0.6608218261292498,0.430622009569378,2.0
0.021739130434782608,0.1048220125784067,0.5,0.48506172839506173,0.40113475308641977,0.38961111111111113,SelfRegulationSCP2,4,10,10.0,10,90,hybrid GPF-nbrs/raw-walk (M raw-calibrated),0.293,2.875110787760578,64.0,7.0,1152.0,7.558364574695231,0.3809037777072276,0.6431513630144289,0.07401315789473684,1.4
0.021739130434782608,0.1048220125784067,0.5,0.5567901234567902,0.4570391358024692,0.327,SelfRegulationSCP2,4,20,20.0,5,95,none (raw-flat RF),0.293,8.495854477426485,,,,,,,,
0.0,0.0,0.49444444444444446,0.6184567901234568,0.4471899382716049,0.33320370370370367,SelfRegulationSCP2,4,20,20.0,5,95,none,0.293,8.495854477426485,64.0,7.0,1152.0,,,,,
0.23636363636363636,0.3649792823479298,0.5333333333333333,0.5364814814814814,0.31793277777777773,0.24187037037037032,SelfRegulationSCP2,4,20,20.0,5,95,SMOTE-raw,0.293,8.495854477426485,64.0,7.0,1152.0,1.5712453361840737,0.09205624706544524,0.4266821545408988,,
0.0,0.0,0.49444444444444446,0.5915432098765433,0.4227783333333333,0.33757407407407397,SelfRegulationSCP2,4,20,20.0,5,95,chain-mean-GPF (PSSTO-style),0.293,8.495854477426485,64.0,7.0,1152.0,9.454866848077662,0.5008809066356972,0.23670896865884844,,
0.043010752688172046,0.14824071182362594,0.5055555555555555,0.6248765432098765,0.4338473456790124,0.32842592592592595,SelfRegulationSCP2,4,20,20.0,5,95,KNNOR-GPF (M=1),0.293,8.495854477426485,64.0,7.0,1152.0,22.920378560861586,1.092365401771201,0.028808899422825975,0.0916988416988417,1.0
0.021739130434782608,0.1048220125784067,0.5,0.6051851851851853,0.4330866666666667,0.3154074074074074,SelfRegulationSCP2,4,20,20.0,5,95,KNNOR-GPF (M calibrated),0.293,8.495854477426485,64.0,7.0,1152.0,25.284491966895082,1.1316961520193498,0.04145261774602538,0.14660493827160495,1.5999999999999999
0.0425531914893617,0.14740554623801777,0.5,0.6086419753086418,0.41967197530864203,0.3111111111111111,SelfRegulationSCP2,4,20,20.0,5,95,hybrid GPF-nbrs/raw-walk (M calibrated),0.293,8.495854477426485,64.0,7.0,1152.0,35.23425199957794,0.6979495584292478,2.985828201346498,0.4947916666666667,1.5999999999999999
0.0,0.0,0.49444444444444446,0.6224074074074075,0.4324669135802469,0.3157407407407407,SelfRegulationSCP2,4,20,20.0,5,95,KNNOR-official-GPF (randmx=1),0.293,8.495854477426485,64.0,7.0,1152.0,20.486074111429048,0.8225092088632207,0.4068687179207529,0.4460093896713615,1.0
0.043010752688172046,0.14824071182362594,0.5055555555555555,0.618641975308642,0.42593802469135794,0.2824074074074074,SelfRegulationSCP2,4,20,20.0,5,95,KNNOR-official-GPF (randmx=M*),0.293,8.495854477426485,64.0,7.0,1152.0,22.065788389621567,0.8078258380136176,0.48601411306788295,0.3467153284671533,1.5999999999999999
0.0425531914893617,0.14740554623801777,0.5,0.5837654320987654,0.4240708024691358,0.31105555555555553,SelfRegulationSCP2,4,20,20.0,5,95,hybrid GPF-nbrs/raw-walk (M raw-calibrated),0.293,8.495854477426485,64.0,7.0,1152.0,24.9828685034551,0.8290394424972155,0.8563583344403073,0.24739583333333334,1.2
0.0821917808219178,0.21102514191787253,0.5125749884633134,0.5766035994462391,0.20014267004647232,0.1296958174904943,EthanolConcentration,0,5,5.0,39,156,none (raw-flat RF),0.883,0.2082245292737568,,,,,,,,
0.0,0.0,0.4949238578680203,0.5123057991078296,0.2031719476130123,0.09277566539923954,EthanolConcentration,0,5,5.0,39,156,none,0.883,0.2082245292737568,64.0,3.0,1751.0,,,,,
0.2830188679245283,0.4454559581078153,0.5501845869866174,0.5687971081372096,0.20638103084072665,0.11413181242078581,EthanolConcentration,0,5,5.0,39,156,SMOTE-raw,0.883,0.2082245292737568,64.0,3.0,1751.0,0.4760759347627168,0.0612174814782912,0.7382001993536916,,
0.16,0.3243679737149504,0.4946162128903246,0.5136132902630365,0.2139231939163498,0.122382762991128,EthanolConcentration,0,5,5.0,39,156,chain-mean-GPF (PSSTO-style),0.883,0.2082245292737568,64.0,3.0,1751.0,0.4116518253392796,0.06339701833235456,0.6105498835960071,,
0.17777777777777778,0.33371766798576546,0.5199969235502231,0.5026534379326257,0.21001550485847062,0.1526108998732573,EthanolConcentration,0,5,5.0,39,156,KNNOR-GPF (M=1),0.883,0.2082245292737568,64.0,3.0,1751.0,1.5656195836445672,0.3798084276087943,0.11062066856507831,0.49523809523809526,1.0
0.22,0.3836771062070438,0.5249576988155669,0.5034610059990771,0.21872682720743558,0.15340937896070977,EthanolConcentration,0,5,5.0,39,156,KNNOR-GPF (M calibrated),0.883,0.2082245292737568,64.0,3.0,1751.0,1.2140801949307,0.2583093670324701,0.20336260281669502,0.5182724252491694,2.0
0.16494845360824742,0.32720093557035745,0.5022304260882942,0.5081910475311491,0.21994850021123785,0.15017743979721168,EthanolConcentration,0,5,5.0,39,156,hybrid GPF-nbrs/raw-walk (M calibrated),0.883,0.2082245292737568,64.0,3.0,1751.0,1.2245437577522083,0.2532434312945627,0.22664823555916394,0.24375,2.0
0.16091954022988506,0.31388422086345863,0.5174973081064451,0.48142593447161974,0.21333172792564425,0.1456020278833967,EthanolConcentration,0,5,5.0,39,156,KNNOR-official-GPF (randmx=1),0.883,0.2082245292737568,64.0,3.0,1751.0,1.4682792329378156,0.34637116202275803,0.12603682841214817,0.5473684210526316,1.0
0.1348314606741573,0.2882085078165625,0.502307337332718,0.4940009229349331,0.21588812843261518,0.16106463878326996,EthanolConcentration,0,5,5.0,39,156,KNNOR-official-GPF (randmx=M*),0.883,0.2082245292737568,64.0,3.0,1751.0,1.3988387341028794,0.3238690824848857,0.17541439818678156,0.5,2.0
0.16,0.3243679737149504,0.4946162128903246,0.4975003845562221,0.22242826362484155,0.15544993662864384,EthanolConcentration,0,5,5.0,39,156,hybrid GPF-nbrs/raw-walk (M raw-calibrated),0.883,0.2082245292737568,64.0,3.0,1751.0,1.2928583720917413,0.27281824519111947,0.20604209525219935,0.2708333333333333,1.7999999999999998
0.05714285714285714,0.17319175882626334,0.5100753730195354,0.5699123211813568,0.20777591888466412,0.13929024081115338,EthanolConcentration,0,10,9.8,20,175,none (raw-flat RF),0.883,0.5708678746352236,,,,,,,,
0.0,0.0,0.4949238578680203,0.5375711429010921,0.21408027038445288,0.1442585551330798,EthanolConcentration,0,10,9.8,20,175,none,0.883,0.5708678746352236,64.0,3.0,1751.0,,,,,
0.1956521739130435,0.3529818918397576,0.5250346100599907,0.5522996462082757,0.2092125897760879,0.11954372623574144,EthanolConcentration,0,10,9.8,20,175,SMOTE-raw,0.883,0.5708678746352236,64.0,3.0,1751.0,0.9108522815289009,0.08082662489703862,0.70114897350968,,
0.16279069767441862,0.31474065961999254,0.520035379172435,0.5607983387171205,0.2059222222222222,0.11271229404309253,EthanolConcentration,0,10,9.8,20,175,chain-mean-GPF (PSSTO-style),0.883,0.5708678746352236,64.0,3.0,1751.0,0.7473098211899307,0.07258110481723057,0.6661241810957019,,
0.0547945205479452,0.1718543507124302,0.5024611598215659,0.5273419473927088,0.21171432192648923,0.11858048162230672,EthanolConcentration,0,10,9.8,20,175,KNNOR-GPF (M=1),0.883,0.5708678746352236,64.0,3.0,1751.0,2.7669636527822954,0.6452819579751372,0.04205745999630657,0.2615844544095665,1.0
0.07692307692307693,0.20827371858950233,0.49988463313336406,0.5446854330103061,0.21247545416138575,0.12385297845373891,EthanolConcentration,0,10,9.8,20,175,KNNOR-GPF (M calibrated),0.883,0.5708678746352236,64.0,3.0,1751.0,1.9984508233116296,0.4014768352020081,0.12205433500205654,0.24964336661911554,2.1999999999999997
0.12658227848101267,0.2695943730507341,0.5175742193508691,0.5449930779880019,0.21456400506970852,0.14022813688212926,EthanolConcentration,0,10,9.8,20,175,hybrid GPF-nbrs/raw-walk (M calibrated),0.883,0.5708678746352236,64.0,3.0,1751.0,1.9631041169493413,0.325579720848244,0.2982958858979409,0.06076388888888889,2.1999999999999997
0.1,0.23985331106554109,0.5049223196431318,0.5379172435009998,0.21232120828052387,0.1324588086185044,EthanolConcentration,0,10,9.8,20,175,KNNOR-official-GPF (randmx=1),0.883,0.5708678746352236,64.0,3.0,1751.0,1.5427015169707525,0.26799039860938,0.24448224691521267,0.25584795321637427,1.0
0.07692307692307693,0.20827371858950233,0.49988463313336406,0.5479541608983234,0.21110033798056613,0.13727503168567806,EthanolConcentration,0,10,9.8,20,175,KNNOR-official-GPF (randmx=M*),0.883,0.5708678746352236,64.0,3.0,1751.0,1.4118468436063578,0.2301395081322316,0.4539475040158333,0.2562225475841874,2.1999999999999997
0.1728395061728395,0.3189883640085728,0.5327257345023843,0.5516843562528843,0.21196079425433037,0.14240811153358682,EthanolConcentration,0,10,9.8,20,175,hybrid GPF-nbrs/raw-walk (M raw-calibrated),0.883,0.5708678746352236,64.0,3.0,1751.0,2.100282340553858,0.36921671628323743,0.15008945692882728,0.109375,1.6
0.028985507246376812,0.1224650671116759,0.5024996154437779,0.5560682971850485,0.22310481622306716,0.178745247148289,EthanolConcentration,0,20,19.5,10,185,none (raw-flat RF),0.883,0.9688654463948723,,,,,,,,
0.0,0.0,0.5,0.5262267343485617,0.22639759188846642,0.18389100126742716,EthanolConcentration,0,20,19.5,10,185,none,0.883,0.9688654463948723,64.0,3.0,1751.0,,,,,
0.08571428571428572,0.21265890933904852,0.5201892016612829,0.5876788186432856,0.20145373891001267,0.12207858048162228,EthanolConcentration,0,20,19.5,10,185,SMOTE-raw,0.883,0.9688654463948723,64.0,3.0,1751.0,1.2793711376158772,0.14616171069560868,0.5496988725631218,,
0.0,0.0,0.49746192893401014,0.5451469004768497,0.21193945923109422,0.14809885931558933,EthanolConcentration,0,20,19.5,10,185,chain-mean-GPF (PSSTO-style),0.883,0.9688654463948723,64.0,3.0,1751.0,1.3232804039267876,0.20111012976466836,0.33417604565045406,,
0.0,0.0,0.5,0.5217658821719735,0.2213597380650613,0.16845373891001267,EthanolConcentration,0,20,19.5,10,185,KNNOR-GPF (M=1),0.883,0.9688654463948723,64.0,3.0,1751.0,3.1077167595478095,0.6406372931843605,0.04951431990408991,0.04933333333333333,1.0
0.0,0.0,0.5,0.511805876019074,0.22251368821292777,0.1829277566539924,EthanolConcentration,0,20,19.5,10,185,KNNOR-GPF (M calibrated),0.883,0.9688654463948723,64.0,3.0,1751.0,3.0282165144991104,0.43587539771600187,0.17841515121931417,0.04933333333333333,1.7999999999999998
0.029850746268656716,0.12309149097933274,0.5075757575757576,0.499961544377788,0.22491457541191381,0.1703929024081115,EthanolConcentration,0,20,19.5,10,185,hybrid GPF-nbrs/raw-walk (M calibrated),0.883,0.9688654463948723,64.0,3.0,1751.0,3.787807995479058,0.5087436217002468,0.1500720733134513,0.04899364406779661,1.7999999999999998
0.0,0.0,0.5,0.53068758652515,0.2244167722855936,0.17844106463878326,EthanolConcentration,0,20,19.5,10,185,KNNOR-official-GPF (randmx=1),0.883,0.9688654463948723,64.0,3.0,1751.0,7.582502743806881,0.8211580165194067,0.01974536360725693,0.2453580901856764,1.0
0.0,0.0,0.5,0.5103445623750192,0.22841161808196028,0.19050697084917617,EthanolConcentration,0,20,19.5,10,185,KNNOR-official-GPF (randmx=M*),0.883,0.9688654463948723,64.0,3.0,1751.0,6.3059175419468225,0.5574818667532319,0.5388586202848727,0.28637770897832815,1.7999999999999998
0.0,0.0,0.5,0.5049607752653438,0.2255996197718631,0.17337135614702157,EthanolConcentration,0,20,19.5,10,185,hybrid GPF-nbrs/raw-walk (M raw-calibrated),0.883,0.9688654463948723,64.0,3.0,1751.0,4.564641228989766,0.597261976646424,0.10467846719132648,0.04899364406779661,1.6
0.17721518987341772,0.32067169160186376,0.537801876634364,0.6602061221350561,0.18081073088297422,0.08641318124207857,EthanolConcentration,1,5,5.0,39,156,none (raw-flat RF),0.883,0.16990902990523793,,,,,,,,
0.0547945205479452,0.1718543507124302,0.5024611598215659,0.590793724042455,0.18974136037177866,0.09591888466413181,EthanolConcentration,1,5,5.0,39,156,none,0.883,0.16990902990523793,64.0,3.0,1751.0,,,,,
0.3238095238095238,0.4783418779086836,0.5729503153361022,0.60632979541609,0.19625568229826784,0.11039290240811155,EthanolConcentration,1,5,5.0,39,156,SMOTE-raw,0.883,0.16990902990523793,64.0,3.0,1751.0,0.823718729516818,0.07942908881044086,0.6976266269936428,,
0.2127659574468085,0.37104060090351737,0.5300722965697585,0.6240962928780188,0.18997224334600762,0.08234474017743978,EthanolConcentration,1,5,5.0,39,156,chain-mean-GPF (PSSTO-style),0.883,0.16990902990523793,64.0,3.0,1751.0,0.23086866390519134,0.02126232275122708,0.7141329700890043,,
0.17582417582417584,0.33279451914126545,0.5174588524842332,0.6170973696354407,0.19325124630333756,0.08158428390367553,EthanolConcentration,1,5,5.0,39,156,KNNOR-GPF (M=1),0.883,0.16990902990523793,64.0,3.0,1751.0,1.012886650093634,0.1837421109233499,0.208742278591538,0.3804878048780488,1.0
0.25225225225225223,0.42277858512609695,0.5273804030149207,0.5945623750192278,0.20487921419518373,0.12609632446134347,EthanolConcentration,1,5,5.0,39,156,KNNOR-GPF (M calibrated),0.883,0.16990902990523793,64.0,3.0,1751.0,0.5193183086778141,0.08025606672736563,0.3933914624080128,0.416,2.1999999999999997
0.3220338983050847,0.48954615474435176,0.560183048761729,0.5946777418858638,0.2073826784959865,0.1425348542458809,EthanolConcentration,1,5,5.0,39,156,hybrid GPF-nbrs/raw-walk (M calibrated),0.883,0.16990902990523793,64.0,3.0,1751.0,0.6723034912417134,0.040985421599673,2.020118123220866,0.13541666666666666,2.1999999999999997
0.2,0.3549374851525338,0.5301107521919705,0.600292262728811,0.19780278833967047,0.10565272496831435,EthanolConcentration,1,5,5.0,39,156,KNNOR-official-GPF (randmx=1),0.883,0.16990902990523793,64.0,3.0,1751.0,1.1482870620300432,0.18521316864182602,0.23481395279468623,0.3151515151515151,1.0
0.23404255319148937,0.39023616434076286,0.5401861252115059,0.5984848484848485,0.19720067596113225,0.10070975918884663,EthanolConcentration,1,5,5.0,39,156,KNNOR-official-GPF (randmx=M*),0.883,0.16990902990523793,64.0,3.0,1751.0,0.9897202809557868,0.1586463780750652,0.31251043409579987,0.31643002028397565,2.1999999999999997
0.2905982905982906,0.4616503636939142,0.5424934625442239,0.6044070143054915,0.20401820870299958,0.11740177439797211,EthanolConcentration,1,5,5.0,39,156,hybrid GPF-nbrs/raw-walk (M raw-calibrated),0.883,0.16990902990523793,64.0,3.0,1751.0,0.47099725192016173,0.0683554061338163,0.654753784529582,0.17410714285714285,1.7999999999999998
0.05714285714285714,0.17319175882626334,0.5100753730195354,0.5756037532687279,0.2030453316434305,0.11965779467680608,EthanolConcentration,1,10,9.8,20,175,none (raw-flat RF),0.883,0.5137519610446972,,,,,,,,
0.0,0.0,0.49746192893401014,0.5319566220581449,0.21062196873679762,0.1453231939163498,EthanolConcentration,1,10,9.8,20,175,none,0.883,0.5137519610446972,64.0,3.0,1751.0,,,,,
0.13043478260869565,0.28579667873895725,0.49469312413474853,0.5573757883402554,0.21340760456273766,0.1362484157160963,EthanolConcentration,1,10,9.8,20,175,SMOTE-raw,0.883,0.5137519610446972,64.0,3.0,1751.0,0.7696368116552446,0.10577496584233326,0.5943728167764433,,
0.12048192771084337,0.26672626622089485,0.5074219350869097,0.5419550838332564,0.21291216730038026,0.14057034220532322,EthanolConcentration,1,10,9.8,20,175,chain-mean-GPF (PSSTO-style),0.883,0.5137519610446972,64.0,3.0,1751.0,0.6562671348757583,0.10095171764832567,0.5146530566196912,,
0.08,0.20992889999929648,0.5074988463313337,0.5046146746654362,0.21346037177862273,0.14520912547528517,EthanolConcentration,1,10,9.8,20,175,KNNOR-GPF (M=1),0.883,0.5137519610446972,64.0,3.0,1751.0,1.4892611161320213,0.40059164988760537,0.13510589219149366,0.3645833333333333,1.0
0.14285714285714285,0.29218398537662466,0.5149976926626673,0.5119981541301338,0.21759894381073086,0.15539923954372625,EthanolConcentration,1,10,9.8,20,175,KNNOR-GPF (M calibrated),0.883,0.5137519610446972,64.0,3.0,1751.0,1.1343368546400745,0.25701200792665624,0.2793679383452709,0.32710280373831774,2.0
0.09195402298850575,0.2353212612265051,0.4871558221812029,0.5233425626826642,0.21637841149133924,0.1449049429657795,EthanolConcentration,1,10,9.8,20,175,hybrid GPF-nbrs/raw-walk (M calibrated),0.883,0.5137519610446972,64.0,3.0,1751.0,1.7112944832474932,0.11369606900741891,1.9818786445705532,0.08820564516129033,2.0
0.05405405405405406,0.1714062290873441,0.49992308875557606,0.5086909706199046,0.2124284748626954,0.15145754119138147,EthanolConcentration,1,10,9.8,20,175,KNNOR-official-GPF (randmx=1),0.883,0.5137519610446972,64.0,3.0,1751.0,1.749389296352157,0.4253277673534006,0.11598803732616562,0.3147482014388489,1.0
0.08333333333333333,0.21157113284834025,0.5151130595293032,0.5159590832179665,0.20999514152936208,0.1371989860583017,EthanolConcentration,1,10,9.8,20,175,KNNOR-official-GPF (randmx=M*),0.883,0.5137519610446972,64.0,3.0,1751.0,1.7736942368293223,0.4026422326546182,0.21177611277383296,0.2596439169139466,2.0
0.16091954022988506,0.31388422086345863,0.5174973081064451,0.5192662667281955,0.21653460076045628,0.14365019011406846,EthanolConcentration,1,10,9.8,20,175,hybrid GPF-nbrs/raw-walk (M raw-calibrated),0.883,0.5137519610446972,64.0,3.0,1751.0,1.2662928368487707,0.1378963597915247,1.1769207319364037,0.09765625,1.6
0.058823529411764705,0.17407765595569785,0.5151515151515151,0.5755652976465159,0.2156984368398817,0.15723700887198988,EthanolConcentration,1,20,19.5,10,185,none (raw-flat RF),0.883,0.9167884314330692,,,,,,,,
0.0,0.0,0.5,0.5879480079987693,0.2177275031685678,0.1717617237008872,EthanolConcentration,1,20,19.5,10,185,none,0.883,0.9167884314330692,64.0,3.0,1751.0,,,,,
0.07792207792207792,0.20882690341134455,0.502422704199354,0.5606060606060607,0.20887008871989862,0.13017743979721166,EthanolConcentration,1,20,19.5,10,185,SMOTE-raw,0.883,0.9167884314330692,64.0,3.0,1751.0,1.1402414572191795,0.11546179537468249,0.5921397230816885,,
0.0547945205479452,0.1718543507124302,0.5024611598215659,0.5751038301799724,0.21143100971694126,0.14661596958174905,EthanolConcentration,1,20,19.5,10,185,chain-mean-GPF (PSSTO-style),0.883,0.9167884314330692,64.0,3.0,1751.0,1.0189995616775427,0.1278533050126902,0.4573072622171084,,
0.0,0.0,0.49746192893401014,0.5715274573142594,0.2211589776087875,0.1577566539923954,EthanolConcentration,1,20,19.5,10,185,KNNOR-GPF (M=1),0.883,0.9167884314330692,64.0,3.0,1751.0,0.9497770844869677,0.057163370882545306,0.9214115900620712,0.04933333333333333,1.0
0.0,0.0,0.5,0.5906399015536071,0.2144705956907478,0.15453738910012677,EthanolConcentration,1,20,19.5,10,185,KNNOR-GPF (M calibrated),0.883,0.9167884314330692,64.0,3.0,1751.0,5.279260324797605,0.7298388630434123,0.005575988112103026,0.04933333333333333,1.7999999999999998
0.0,0.0,0.5,0.5865636055991387,0.21352002534854242,0.1508365019011407,EthanolConcentration,1,20,19.5,10,185,hybrid GPF-nbrs/raw-walk (M calibrated),0.883,0.9167884314330692,64.0,3.0,1751.0,5.687110681121741,0.5418635108746641,1.726278490323108e-32,0.04899364406779661,1.7999999999999998
0.0,0.0,0.5,0.5709121673588679,0.21352809463455852,0.1583523447401774,EthanolConcentration,1,20,19.5,10,185,KNNOR-official-GPF (randmx=1),0.883,0.9167884314330692,64.0,3.0,1751.0,6.592984036217548,0.7861622065193972,0.10705761752706766,0.2824427480916031,1.0
0.0,0.0,0.5,0.5688740193816336,0.22025771018166454,0.15546261089987323,EthanolConcentration,1,20,19.5,10,185,KNNOR-official-GPF (randmx=M*),0.883,0.9167884314330692,64.0,3.0,1751.0,0.9426130194082383,0.060584066431039196,0.8615911222728696,0.5817610062893082,1.7999999999999998
0.0,0.0,0.4949238578680203,0.5698738655591447,0.22184638783269958,0.16783269961977187,EthanolConcentration,1,20,19.5,10,185,hybrid GPF-nbrs/raw-walk (M raw-calibrated),0.883,0.9167884314330692,64.0,3.0,1751.0,0.8395082808844361,0.0489151022326515,0.9263164874545812,0.04899364406779661,1.6
0.10526315789473684,0.24240501385055171,0.5150746039070913,0.6207506537455777,0.18796370933671316,0.09228136882129276,EthanolConcentration,2,5,5.0,39,156,none (raw-flat RF),0.883,0.2209992698121459,,,,,,,,
0.10810810810810811,0.24367084498412536,0.520150746039071,0.5189201661282881,0.20152416561047737,0.11352344740177442,EthanolConcentration,2,5,5.0,39,156,none,0.883,0.2209992698121459,64.0,3.0,1751.0,,,,,
0.18181818181818182,0.34605029629819195,0.5072681125980618,0.5865251499769266,0.1988995352767216,0.08119138149556397,EthanolConcentration,2,5,5.0,39,156,SMOTE-raw,0.883,0.2209992698121459,64.0,3.0,1751.0,0.6687839241574496,0.06598824068309161,0.7163662052160249,,
0.22916666666666666,0.3880621297963308,0.5351099830795263,0.5560298415628364,0.20400523869877482,0.10816223067173635,EthanolConcentration,2,5,5.0,39,156,chain-mean-GPF (PSSTO-style),0.883,0.2209992698121459,64.0,3.0,1751.0,0.2993769840116203,0.03271360325726369,0.6548996062128579,,
0.21052631578947367,0.3700027230637687,0.5275342255037687,0.5542993385632979,0.20404102239121252,0.13461343472750317,EthanolConcentration,2,5,5.0,39,156,KNNOR-GPF (M=1),0.883,0.2209992698121459,64.0,3.0,1751.0,1.2095645022192807,0.20436813959121058,0.23070196739351526,0.30174081237911027,1.0
0.20952380952380953,0.37812432265604756,0.5122673434856176,0.5332256575911399,0.21460185889311365,0.14136882129277567,EthanolConcentration,2,5,5.0,39,156,KNNOR-GPF (M calibrated),0.883,0.2209992698121459,64.0,3.0,1751.0,0.9393791468835078,0.12466037134061914,0.38621038494595816,0.2982791586998088,2.1999999999999997
0.17204301075268819,0.3309404962522464,0.5123827103522536,0.4987309644670051,0.2170351499788762,0.14043092522179973,EthanolConcentration,2,5,5.0,39,156,hybrid GPF-nbrs/raw-walk (M calibrated),0.883,0.2209992698121459,64.0,3.0,1751.0,8.00552329941491,0.3581974419401631,2.813289887370738,0.2708333333333333,2.1999999999999997
0.07792207792207792,0.20882690341134455,0.502422704199354,0.5416474388555608,0.1993666244190959,0.10615969581749049,EthanolConcentration,2,5,5.0,39,156,KNNOR-official-GPF (randmx=1),0.883,0.2209992698121459,64.0,3.0,1751.0,1.3930893863790397,0.1534043895984416,0.4249831071174318,0.2937853107344633,1.0
0.19047619047619047,0.339203805488981,0.5352253499461621,0.5434933087217351,0.20075716096324464,0.10205323193916349,EthanolConcentration,2,5,5.0,39,156,KNNOR-official-GPF (randmx=M*),0.883,0.2209992698121459,64.0,3.0,1751.0,1.2372559159851209,0.12532181126656583,0.5872100895488469,0.2932330827067669,2.1999999999999997
0.16666666666666666,0.3281398211029998,0.504768497154284,0.5177664974619289,0.21896024503591044,0.15724968314321927,EthanolConcentration,2,5,5.0,39,156,hybrid GPF-nbrs/raw-walk (M raw-calibrated),0.883,0.2209992698121459,64.0,3.0,1751.0,1.1979164641899382,0.13733879428804563,1.1384562985107332,0.1625,1.6
0.05714285714285714,0.17319175882626334,0.5100753730195354,0.5842178126442086,0.20182813688212928,0.12937896070975918,EthanolConcentration,2,10,9.8,20,175,none (raw-flat RF),0.883,0.5721640203233065,,,,,,,,
0.0,0.0,0.49746192893401014,0.5199200123057992,0.21166130122517954,0.13750316856780737,EthanolConcentration,2,10,9.8,20,175,none,0.883,0.5721640203233065,64.0,3.0,1751.0,,,,,
0.20952380952380953,0.37812432265604756,0.5122673434856176,0.5453776342101214,0.22054516265314744,0.1447908745247148,EthanolConcentration,2,10,9.8,20,175,SMOTE-raw,0.883,0.5721640203233065,64.0,3.0,1751.0,1.0687378297459418,0.1407262984995049,0.6091677745470581,,
0.17391304347826086,0.3318688024130539,0.5149207814182433,0.5159975388401785,0.21907921419518378,0.13747782002534856,EthanolConcentration,2,10,9.8,20,175,chain-mean-GPF (PSSTO-style),0.883,0.5721640203233065,64.0,3.0,1751.0,0.8123452494580263,0.12842281338171402,0.5974696291728506,,
0.05555555555555555,0.17230130686573106,0.5049992308875558,0.5095754499307799,0.21344900718208706,0.1432192648922687,EthanolConcentration,2,10,9.8,20,175,KNNOR-GPF (M=1),0.883,0.5721640203233065,64.0,3.0,1751.0,1.632705691749246,0.38303361245371265,0.1820087089391132,0.1891891891891892,1.0
0.1038961038961039,0.24176961298349806,0.5125365328411013,0.5108444854637748,0.21554186734262784,0.1745247148288973,EthanolConcentration,2,10,9.8,20,175,KNNOR-GPF (M calibrated),0.883,0.5721640203233065,64.0,3.0,1751.0,1.4394196015294938,0.3138509289478559,0.2554658898587883,0.19751693002257337,1.7999999999999998
0.13953488372093023,0.29060032067683683,0.5099215505306876,0.5168820181510536,0.22343789607097592,0.16743979721166036,EthanolConcentration,2,10,9.8,20,175,hybrid GPF-nbrs/raw-walk (M calibrated),0.883,0.5721640203233065,64.0,3.0,1751.0,1.2372922828128399,0.20154620748896612,0.5772718499038738,0.08820564516129033,1.7999999999999998
0.05714285714285714,0.17319175882626334,0.5100753730195354,0.5166512844177819,0.21051778622729195,0.12719898605830166,EthanolConcentration,2,10,9.8,20,175,KNNOR-official-GPF (randmx=1),0.883,0.5721640203233065,64.0,3.0,1751.0,2.9504906915845375,0.5867768405907305,0.10845645200025067,0.2961082910321489,1.0
0.08,0.20992889999929648,0.5074988463313337,0.5116135979080142,0.21349167722855933,0.14035487959442333,EthanolConcentration,2,10,9.8,20,175,KNNOR-official-GPF (randmx=M*),0.883,0.5721640203233065,64.0,3.0,1751.0,2.989737731748235,0.5229119861182643,0.17622048900078108,0.2936241610738255,1.7999999999999998
0.1411764705882353,0.29139322889186015,0.5124596215966775,0.5220735271496693,0.21914085340092943,0.13779467680608368,EthanolConcentration,2,10,9.8,20,175,hybrid GPF-nbrs/raw-walk (M raw-calibrated),0.883,0.5721640203233065,64.0,3.0,1751.0,1.3614444425388896,0.2293970006875672,0.528068929272761,0.10127314814814815,1.6
0.0,0.0,0.5,0.5341485925242271,0.22148986058301648,0.17669201520912547,EthanolConcentration,2,20,19.5,10,185,none (raw-flat RF),0.883,0.7977218021044639,,,,,,,,
0.0,0.0,0.5,0.5656052914936163,0.22470980143641742,0.18807351077313053,EthanolConcentration,2,20,19.5,10,185,none,0.883,0.7977218021044639,64.0,3.0,1751.0,,,,,
0.08695652173913043,0.21320071635561044,0.5227272727272727,0.5741808952468851,0.20461330798479085,0.15813688212927757,EthanolConcentration,2,20,19.5,10,185,SMOTE-raw,0.883,0.7977218021044639,64.0,3.0,1751.0,1.449162642428611,0.1626928807653446,0.5227187376135255,,
0.0,0.0,0.4847715736040609,0.5606445162282725,0.21205242923531895,0.14518377693282636,EthanolConcentration,2,20,19.5,10,185,chain-mean-GPF (PSSTO-style),0.883,0.7977218021044639,64.0,3.0,1751.0,0.9620606824710229,0.13292264080193184,0.419187358740853,,
0.0,0.0,0.5,0.5395708352561145,0.2215950992817913,0.1717363751584284,EthanolConcentration,2,20,19.5,10,185,KNNOR-GPF (M=1),0.883,0.7977218021044639,64.0,3.0,1751.0,2.6060579415918994,0.6614374403336777,0.032102260733324624,0.04933333333333333,1.0
0.0,0.0,0.49746192893401014,0.5241116751269035,0.2233399662019434,0.16845373891001267,EthanolConcentration,2,20,19.5,10,185,KNNOR-GPF (M calibrated),0.883,0.7977218021044639,64.0,3.0,1751.0,2.8334991153105005,0.6382217531338561,0.055242414323151495,0.04933333333333333,1.7999999999999998
0.029411764705882353,0.12277867855247188,0.5050376865097678,0.5521073680972158,0.21981943388255176,0.17784537389100127,EthanolConcentration,2,20,19.5,10,185,hybrid GPF-nbrs/raw-walk (M calibrated),0.883,0.7977218021044639,64.0,3.0,1751.0,3.0904135250214964,0.48306516713477093,0.12132957453939901,0.04899364406779661,1.7999999999999998
0.0,0.0,0.5,0.5409552376557453,0.22120261934938742,0.178808618504436,EthanolConcentration,2,20,19.5,10,185,KNNOR-official-GPF (randmx=1),0.883,0.7977218021044639,64.0,3.0,1751.0,2.8759391653094113,0.6094949453060268,0.05823245001970858,0.33575317604355714,1.0
0.0,0.0,0.49746192893401014,0.5324180895246886,0.22449818335445712,0.18405576679340935,EthanolConcentration,2,20,19.5,10,185,KNNOR-official-GPF (randmx=M*),0.883,0.7977218021044639,64.0,3.0,1751.0,2.7438129131287603,0.43427045625743366,0.21473540240142966,0.3345388788426763,1.7999999999999998
0.0,0.0,0.4949238578680203,0.5662590370712197,0.22053096746937054,0.1809125475285171,EthanolConcentration,2,20,19.5,10,185,hybrid GPF-nbrs/raw-walk (M raw-calibrated),0.883,0.7977218021044639,64.0,3.0,1751.0,3.3917032834942624,0.5228515711528767,0.10796181321523234,0.04899364406779661,1.4
0.13157894736842105,0.2717255870303299,0.5251884325488386,0.6350561452084295,0.1867655682298268,0.08670468948035488,EthanolConcentration,3,5,5.0,39,156,none (raw-flat RF),0.883,0.22135572420408067,,,,,,,,
0.056338028169014086,0.17274710659367554,0.5075373019535456,0.5815643747115828,0.19349780312632023,0.06812420785804817,EthanolConcentration,3,5,5.0,39,156,none,0.883,0.22135572420408067,64.0,3.0,1751.0,,,,,
0.24778761061946902,0.42022400835429935,0.5223042608829411,0.5936009844639286,0.21226379383185465,0.11759188846641322,EthanolConcentration,3,5,5.0,39,156,SMOTE-raw,0.883,0.22135572420408067,64.0,3.0,1751.0,0.5523574310953547,0.05617452687901214,0.741991340282037,,
0.16161616161616163,0.32531503550763563,0.4971542839563144,0.567335794493155,0.20607025771018167,0.11217997465145753,EthanolConcentration,3,5,5.0,39,156,chain-mean-GPF (PSSTO-style),0.883,0.22135572420408067,64.0,3.0,1751.0,0.30181167508288276,0.033504737111964444,0.7927377134553779,,
0.2,0.3647690404261403,0.5148438701738194,0.5808721735117675,0.20744089564850024,0.12615969581749048,EthanolConcentration,3,5,5.0,39,156,KNNOR-GPF (M=1),0.883,0.22135572420408067,64.0,3.0,1751.0,0.9036914144755404,0.1815647515222406,0.2881613580269714,0.30409356725146197,1.0
0.22608695652173913,0.40121719128085165,0.5071142901092139,0.5809875403784034,0.211912927756654,0.14361216730038023,EthanolConcentration,3,5,5.0,39,156,KNNOR-GPF (M calibrated),0.883,0.22135572420408067,64.0,3.0,1751.0,0.7456487588421634,0.13696797418582118,0.3727450853006806,0.2857142857142857,1.7999999999999998
0.2542372881355932,0.42963587678107545,0.5197277341947393,0.583679433933241,0.21230211237853824,0.15096324461343472,EthanolConcentration,3,5,5.0,39,156,hybrid GPF-nbrs/raw-walk (M calibrated),0.883,0.22135572420408067,64.0,3.0,1751.0,0.8281985808821393,0.13912850234742602,0.41984391452888803,0.17410714285714285,1.7999999999999998
0.12048192771084337,0.26672626622089485,0.5074219350869097,0.5787571142901093,0.20013396704689482,0.09494296577946766,EthanolConcentration,3,5,5.0,39,156,KNNOR-official-GPF (randmx=1),0.883,0.22135572420408067,64.0,3.0,1751.0,1.3490947436022314,0.2686085743433945,0.20724049143686413,0.23889739663093415,1.0
0.14583333333333334,0.30606844938404315,0.49465466851253653,0.5631056760498385,0.2051485424588086,0.09280101394169835,EthanolConcentration,3,5,5.0,39,156,KNNOR-official-GPF (randmx=M*),0.883,0.22135572420408067,64.0,3.0,1751.0,1.3359677858674335,0.26101655301965987,0.34416681397814236,0.23493975903614459,1.7999999999999998
0.24528301886792453,0.41227885002373804,0.5299569297031226,0.5858714043993232,0.2071890156316012,0.14025348542458807,EthanolConcentration,3,5,5.0,39,156,hybrid GPF-nbrs/raw-walk (M raw-calibrated),0.883,0.22135572420408067,64.0,3.0,1751.0,0.9976900132397244,0.166819670952971,0.37038451752759155,0.203125,1.6
0.0,0.0,0.49746192893401014,0.49942316566682043,0.22141140684410646,0.16958174904942966,EthanolConcentration,3,10,9.8,20,175,none (raw-flat RF),0.883,0.31565836428657246,,,,,,,,
0.0,0.0,0.49746192893401014,0.4985386863559452,0.21131174482467258,0.13879594423320657,EthanolConcentration,3,10,9.8,20,175,none,0.883,0.31565836428657246,64.0,3.0,1751.0,,,,,
0.07792207792207792,0.20882690341134455,0.502422704199354,0.5450699892324258,0.20061998310097168,0.08394169835234476,EthanolConcentration,3,10,9.8,20,175,SMOTE-raw,0.883,0.31565836428657246,64.0,3.0,1751.0,0.7467257738281043,0.1017061053067485,0.5337791283856161,,
0.05333333333333334,0.17095693282547864,0.4973850176895862,0.5315720658360252,0.20295796366708913,0.10891001267427121,EthanolConcentration,3,10,9.8,20,175,chain-mean-GPF (PSSTO-style),0.883,0.31565836428657246,64.0,3.0,1751.0,0.4875642044054329,0.0635404785743715,0.5844722132013731,,
0.0,0.0,0.48984771573604063,0.4783879403168743,0.2147886776510351,0.14157160963244614,EthanolConcentration,3,10,9.8,20,175,KNNOR-GPF (M=1),0.883,0.31565836428657246,64.0,3.0,1751.0,2.907222917847105,0.42530437840502827,0.15723336362538395,0.04929577464788732,1.0
0.08,0.20992889999929648,0.5074988463313337,0.49930779880018455,0.21113582594000846,0.13544993662864382,EthanolConcentration,3,10,9.8,20,175,KNNOR-GPF (M calibrated),0.883,0.31565836428657246,64.0,3.0,1751.0,2.2555378007232596,0.2913738704110139,0.3116729590339857,0.06040731791508457,2.0
0.056338028169014086,0.17274710659367554,0.5075373019535456,0.514190124596216,0.2067348542458808,0.13422053231939163,EthanolConcentration,3,10,9.8,20,175,hybrid GPF-nbrs/raw-walk (M calibrated),0.883,0.31565836428657246,64.0,3.0,1751.0,3.6053939828708357,0.3615405254563219,0.3574880979894899,0.048828125,2.0
0.0,0.0,0.49746192893401014,0.4953468697123519,0.20995471060414025,0.13703422053231942,EthanolConcentration,3,10,9.8,20,175,KNNOR-official-GPF (randmx=1),0.883,0.31565836428657246,64.0,3.0,1751.0,4.832315637005601,0.5367828050771524,1.198819553654797e-30,0.42892156862745096,1.0
0.0,0.0,0.49746192893401014,0.5009613905552992,0.2093961132234896,0.13814955640050697,EthanolConcentration,3,10,9.8,20,175,KNNOR-official-GPF (randmx=M*),0.883,0.31565836428657246,64.0,3.0,1751.0,4.503433794499084,0.5213636481011341,1.5090993097453707e-30,0.42892156862745096,2.0
0.057971014492753624,0.17363527237915238,0.5126134440855253,0.5346869712351947,0.20514617659484582,0.1438529784537389,EthanolConcentration,3,10,9.8,20,175,hybrid GPF-nbrs/raw-walk (M raw-calibrated),0.883,0.31565836428657246,64.0,3.0,1751.0,2.9491040583974657,0.28511417403830974,0.474385808189994,0.048828125,1.7999999999999998
0.029850746268656716,0.12309149097933274,0.5075757575757576,0.6189816951238272,0.20877363751584282,0.13667934093789605,EthanolConcentration,3,20,19.5,10,185,none (raw-flat RF),0.883,2.420144037676531,,,,,,,,
0.029850746268656716,0.12309149097933274,0.5075757575757576,0.45104599292416553,0.22566138572032104,0.1581368821292776,EthanolConcentration,3,20,19.5,10,185,none,0.883,2.420144037676531,64.0,3.0,1751.0,,,,,
0.15584415584415584,0.29766046693568976,0.5327641901245962,0.5263421012151976,0.21942940430925217,0.15013941698352348,EthanolConcentration,3,20,19.5,10,185,SMOTE-raw,0.883,2.420144037676531,64.0,3.0,1751.0,1.8061650837505425,0.18488254319256603,0.6086221101681722,,
0.08571428571428572,0.21265890933904852,0.5201892016612829,0.5107675742193509,0.21830152091254756,0.1576045627376426,EthanolConcentration,3,20,19.5,10,185,chain-mean-GPF (PSSTO-style),0.883,2.420144037676531,64.0,3.0,1751.0,3.0361482879522175,0.3186748093897125,0.39750135416244003,,
0.058823529411764705,0.17407765595569785,0.5151515151515151,0.5096908167974158,0.2181020278833967,0.15970849176172372,EthanolConcentration,3,20,19.5,10,185,KNNOR-GPF (M=1),0.883,2.420144037676531,64.0,3.0,1751.0,5.10941504107803,0.5770693371553506,0.19065990943717226,0.04933333333333333,1.0
0.05714285714285714,0.17319175882626334,0.5100753730195354,0.49315489924626976,0.21973920574566963,0.1472877059569075,EthanolConcentration,3,20,19.5,10,185,KNNOR-GPF (M calibrated),0.883,2.420144037676531,64.0,3.0,1751.0,5.760799214773215,0.5103900382445143,0.42137302991313436,0.0730647709320695,1.7999999999999998
0.08571428571428572,0.21265890933904852,0.5201892016612829,0.47846485156129825,0.21794782425010562,0.15192648922686944,EthanolConcentration,3,20,19.5,10,185,hybrid GPF-nbrs/raw-walk (M calibrated),0.883,2.420144037676531,64.0,3.0,1751.0,15.479158628786834,0.7158798427547688,1.9741068616500284,0.06882440476190477,1.7999999999999998
0.08695652173913043,0.21320071635561044,0.5227272727272727,0.48223350253807107,0.2224462610899873,0.1640177439797212,EthanolConcentration,3,20,19.5,10,185,KNNOR-official-GPF (randmx=1),0.883,2.420144037676531,64.0,3.0,1751.0,8.600758135343465,0.7990357916675841,0.017879894238097268,0.2881619937694704,1.0
0.08695652173913043,0.21320071635561044,0.5227272727272727,0.48980926011382864,0.22079311364596535,0.19111533586818757,EthanolConcentration,3,20,19.5,10,185,KNNOR-official-GPF (randmx=M*),0.883,2.420144037676531,64.0,3.0,1751.0,8.865337566242587,0.8371052889892917,0.022607694996734984,0.24310118265440211,1.7999999999999998
0.08695652173913043,0.21320071635561044,0.5227272727272727,0.4780033840947547,0.21972420785804814,0.1543726235741445,EthanolConcentration,3,20,19.5,10,185,hybrid GPF-nbrs/raw-walk (M raw-calibrated),0.883,2.420144037676531,64.0,3.0,1751.0,12.477027262487972,0.8130625267660969,0.5477692658908063,0.04899364406779661,1.4
0.23076923076923078,0.36645195150822996,0.5605676049838486,0.6540532225811414,0.17943041825095055,0.08073510773130545,EthanolConcentration,4,5,5.0,39,156,none (raw-flat RF),0.883,0.24272747124090532,,,,,,,,
0.02857142857142857,0.12215065050274332,0.499961544377788,0.5351868943239502,0.19814757076468104,0.09605830164765526,EthanolConcentration,4,5,5.0,39,156,none,0.883,0.24272747124090532,64.0,3.0,1751.0,,,,,
0.2803738317757009,0.44415914033980286,0.5476465159206276,0.5785648361790494,0.20669311364596535,0.10425855513307987,EthanolConcentration,4,5,5.0,39,156,SMOTE-raw,0.883,0.24272747124090532,64.0,3.0,1751.0,0.5158971337153613,0.04298320411711687,0.8024997884143362,,
0.21505376344086022,0.37207558366961224,0.5326103676357483,0.54710813720966,0.20468124207858052,0.1374017743979721,EthanolConcentration,4,5,5.0,39,156,chain-mean-GPF (PSSTO-style),0.883,0.24272747124090532,64.0,3.0,1751.0,0.31587118965234406,0.041960243601245284,0.6453072912235847,,
0.12345679012345678,0.2681641540854762,0.5124980772188894,0.5409167820335333,0.20244245880861853,0.12051964512040556,EthanolConcentration,4,5,5.0,39,156,KNNOR-GPF (M=1),0.883,0.24272747124090532,64.0,3.0,1751.0,1.4851160654287172,0.31198075503548034,0.24816049432890916,0.23214285714285715,1.0
0.17204301075268819,0.3309404962522464,0.5123827103522536,0.5285340716812799,0.2113113223489649,0.15479087452471485,EthanolConcentration,4,5,5.0,39,156,KNNOR-GPF (M calibrated),0.883,0.24272747124090532,64.0,3.0,1751.0,1.0062926554792613,0.1842482150477227,0.3468421318483702,0.23179791976225855,2.0
0.17475728155339806,0.34202631882474305,0.49711582833410245,0.5,0.2228673426277989,0.16392902408111532,EthanolConcentration,4,5,5.0,39,156,hybrid GPF-nbrs/raw-walk (M calibrated),0.883,0.24272747124090532,64.0,3.0,1751.0,1.4521610776731277,0.09759951394499233,1.5068928025774917,0.17410714285714285,2.0
0.0759493670886076,0.2077190605645698,0.4973465620673742,0.5438394093216429,0.2028415716096324,0.102382762991128,EthanolConcentration,4,5,5.0,39,156,KNNOR-official-GPF (randmx=1),0.883,0.24272747124090532,64.0,3.0,1751.0,1.230793976707262,0.14514840688526343,0.4232171612715907,0.2374429223744292,1.0
0.05,0.16869250261009192,0.484694662359637,0.5534917704968467,0.20288119983100972,0.10212927756653994,EthanolConcentration,4,5,5.0,39,156,KNNOR-official-GPF (randmx=M*),0.883,0.24272747124090532,64.0,3.0,1751.0,1.3943859896378727,0.15982152875809386,0.4156108169013845,0.23318385650224216,2.0
0.18181818181818182,0.34605029629819195,0.5072681125980618,0.5139593908629441,0.22128910012674274,0.15347275031685678,EthanolConcentration,4,5,5.0,39,156,hybrid GPF-nbrs/raw-walk (M raw-calibrated),0.883,0.24272747124090532,64.0,3.0,1751.0,0.6596192246167876,0.06416287184567682,0.9783765280773943,0.14338235294117646,1.6
0.057971014492753624,0.17363527237915238,0.5126134440855253,0.5506460544531611,0.20715728770595693,0.13022813688212928,EthanolConcentration,4,10,9.8,20,175,none (raw-flat RF),0.883,0.2896301828659871,,,,,,,,
0.029411764705882353,0.12277867855247188,0.5050376865097678,0.5133441009075527,0.21004309252217998,0.13006337135614704,EthanolConcentration,4,10,9.8,20,175,none,0.883,0.2896301828659871,64.0,3.0,1751.0,,,,,
0.20618556701030927,0.36791818409277516,0.522458083371789,0.5704506998923242,0.20718956485002113,0.10637515842839035,EthanolConcentration,4,10,9.8,20,175,SMOTE-raw,0.883,0.2896301828659871,64.0,3.0,1751.0,0.5909060946820146,0.05507031316845301,0.7088865099767575,,
0.17777777777777778,0.33371766798576546,0.5199969235502231,0.5586832794954623,0.20220194338825517,0.10020278833967046,EthanolConcentration,4,10,9.8,20,175,chain-mean-GPF (PSSTO-style),0.883,0.2896301828659871,64.0,3.0,1751.0,0.4251039351479937,0.05206357305855891,0.6150724482231092,,
0.12987012987012986,0.2710170445283059,0.5226503614828488,0.5208429472388862,0.20899573299535273,0.12670468948035488,EthanolConcentration,4,10,9.8,20,175,KNNOR-GPF (M=1),0.883,0.2896301828659871,64.0,3.0,1751.0,2.1253599629223503,0.49868448402900145,0.05996520910575202,0.05363162733680662,1.0
0.17073170731707318,0.31814336023544193,0.5301876634363943,0.5441085986771267,0.2079006337135615,0.12879594423320662,EthanolConcentration,4,10,9.8,20,175,KNNOR-GPF (M calibrated),0.883,0.2896301828659871,64.0,3.0,1751.0,1.8916582078680753,0.3766924377240704,0.12149012481088367,0.049589118730518564,2.1999999999999997
0.11764705882352941,0.26528058475489746,0.50234579295493,0.5093831718197201,0.2176941275876637,0.12443599493029152,EthanolConcentration,4,10,9.8,20,175,hybrid GPF-nbrs/raw-walk (M calibrated),0.883,0.2896301828659871,64.0,3.0,1751.0,1.3543391741977802,0.21800173613622476,0.2830724208215522,0.048828125,2.1999999999999997
0.029411764705882353,0.12277867855247188,0.5050376865097678,0.5116520535302262,0.20889547950992818,0.13135614702154627,EthanolConcentration,4,10,9.8,20,175,KNNOR-official-GPF (randmx=1),0.883,0.2896301828659871,64.0,3.0,1751.0,2.7415994520893614,0.6586958364156964,0.02771986352374833,0.43316831683168316,1.0
0.0,0.0,0.49746192893401014,0.4814643900938318,0.2135431770173215,0.14807351077313052,EthanolConcentration,4,10,9.8,20,175,KNNOR-official-GPF (randmx=M*),0.883,0.2896301828659871,64.0,3.0,1751.0,2.9638591452461425,0.5096074452314385,0.07572579691170116,0.42997542997543,2.1999999999999997
0.13636363636363635,0.2890079781673737,0.5048454083987078,0.5101138286417474,0.21972429235318966,0.14659062103929021,EthanolConcentration,4,10,9.8,20,175,hybrid GPF-nbrs/raw-walk (M raw-calibrated),0.883,0.2896301828659871,64.0,3.0,1751.0,1.4581039952742385,0.2370550464108605,0.24608856811068178,0.048828125,2.0
0.0,0.0,0.5,0.6123673281033688,0.2062822982678496,0.1540684410646388,EthanolConcentration,4,20,19.5,10,185,none (raw-flat RF),0.883,1.4009273402138867,,,,,,,,
0.0,0.0,0.5,0.4990386094447008,0.2264901563160118,0.1915082382762991,EthanolConcentration,4,20,19.5,10,185,none,0.883,1.4009273402138867,64.0,3.0,1751.0,,,,,
0.11267605633802817,0.24555735710494375,0.5277649592370405,0.5853330256883557,0.19613350232361637,0.10301647655259821,EthanolConcentration,4,20,19.5,10,185,SMOTE-raw,0.883,1.4009273402138867,64.0,3.0,1751.0,0.9820111898719652,0.09246903756321778,0.6135539708720047,,
0.028985507246376812,0.1224650671116759,0.5024996154437779,0.5658360252268881,0.2107774397972117,0.15541191381495564,EthanolConcentration,4,20,19.5,10,185,chain-mean-GPF (PSSTO-style),0.883,1.4009273402138867,64.0,3.0,1751.0,1.7159099862419644,0.19939601749261304,0.36619171569074566,,
0.0,0.0,0.5,0.5258037225042301,0.22077934093789608,0.17010139416983522,EthanolConcentration,4,20,19.5,10,185,KNNOR-GPF (M=1),0.883,1.4009273402138867,64.0,3.0,1751.0,5.945903523710889,0.844101725158467,0.01986485704319476,0.04933333333333333,1.0
0.0,0.0,0.5,0.5236886632825719,0.21609898605830166,0.15633713561470217,EthanolConcentration,4,20,19.5,10,185,KNNOR-GPF (M calibrated),0.883,1.4009273402138867,64.0,3.0,1751.0,5.851551680594049,0.6716002949415674,0.10496416793404942,0.06983767459418648,1.7999999999999998
0.029850746268656716,0.12309149097933274,0.5075757575757576,0.48938624826949706,0.22084423320659063,0.16391634980988593,EthanolConcentration,4,20,19.5,10,185,hybrid GPF-nbrs/raw-walk (M calibrated),0.883,1.4009273402138867,64.0,3.0,1751.0,8.857192137268132,0.49481906687553023,1.218271448247211,0.04899364406779661,1.7999999999999998
0.0,0.0,0.5,0.5241116751269035,0.21871715251373047,0.15550063371356146,EthanolConcentration,4,20,19.5,10,185,KNNOR-official-GPF (randmx=1),0.883,1.4009273402138867,64.0,3.0,1751.0,8.873577830091957,0.8899960744872848,0.021219999876780127,0.2854938271604938,1.0
0.0,0.0,0.5,0.5422242731887402,0.21864790874524714,0.16598225602027886,EthanolConcentration,4,20,19.5,10,185,KNNOR-official-GPF (randmx=M*),0.883,1.4009273402138867,64.0,3.0,1751.0,8.292320740603095,0.8052780293730137,0.09969467234992732,0.24406332453825857,1.7999999999999998
0.0,0.0,0.5,0.5099984617751115,0.22187384875369667,0.16435994930291503,EthanolConcentration,4,20,19.5,10,185,hybrid GPF-nbrs/raw-walk (M raw-calibrated),0.883,1.4009273402138867,64.0,3.0,1751.0,8.39465288365706,0.8768569287724164,0.024992084893499602,0.04899364406779661,1.4
