f1,gmean,bacc,auc,brier,ece,dataset,seed,IR,IR_actual,n_min,n_syn,method,H,ref_energy,n_feat,n_channels,length,energy_syn,mmd_syn,disp_ratio,accept,M
0.8,0.816496580927726,0.8333333333333333,0.9981884057971014,0.010611496913580246,0.021180555555555557,ArticularyWordRecognition,0,5,25.1,11,265,none (raw-flat RF),0.53,1.6392665266086333,,,,,,,,
0.9090909090909091,0.9128709291752769,0.9166666666666667,0.9879227053140096,0.008557523148148151,0.020868055555555553,ArticularyWordRecognition,0,5,25.1,11,265,none,0.53,1.6392665266086333,64.0,9.0,144.0,,,,,
0.8571428571428571,0.8660254037844386,0.875,0.9972826086956521,0.007542206790123458,0.015856481481481482,ArticularyWordRecognition,0,5,25.1,11,265,SMOTE-raw,0.53,1.6392665266086333,64.0,9.0,144.0,1.7229183404283681,0.13735298286981357,0.5765583792043218,,
0.9090909090909091,0.9128709291752769,0.9166666666666667,0.9944142512077294,0.007266126543209876,0.01719907407407407,ArticularyWordRecognition,0,5,25.1,11,265,KNNOR-raw (M=1),0.53,1.6392665266086333,64.0,9.0,144.0,2.730977756025922,0.2241895907273488,0.4478770569156623,1.0,
0.8571428571428571,0.8660254037844386,0.875,0.9963768115942029,0.007580941358024691,0.0180787037037037,ArticularyWordRecognition,0,5,25.1,11,265,chain-mean-GPF (PSSTO-style),0.53,1.6392665266086333,64.0,9.0,144.0,2.1191373027254787,0.2473967339768614,0.39460731227320855,,
0.9090909090909091,0.9128709291752769,0.9166666666666667,0.9969806763285025,0.007819367283950615,0.018055555555555554,ArticularyWordRecognition,0,5,25.1,11,265,KNNOR-GPF (M=1),0.53,1.6392665266086333,64.0,9.0,144.0,2.395156601329683,0.2885819655630338,0.3298591264738552,1.0,1.0
0.9565217391304348,0.9574271077563381,0.9583333333333333,0.9932065217391305,0.006657368827160494,0.017789351851851855,ArticularyWordRecognition,0,5,25.1,11,265,KNNOR-GPF (M=3/2),0.53,1.6392665266086333,64.0,9.0,144.0,1.8494051033511703,0.1532284963509577,0.7175284182009216,0.9962406015037594,1.5
0.9565217391304348,0.9574271077563381,0.9583333333333333,0.9959239130434783,0.006179282407407408,0.017627314814814814,ArticularyWordRecognition,0,5,25.1,11,265,KNNOR-GPF (M calibrated),0.53,1.6392665266086333,64.0,9.0,144.0,1.7872254615371528,0.13846450228090357,0.7965989646311128,0.9962406015037594,1.5999999999999999
0.9166666666666666,0.9556910644282592,0.9565217391304348,0.9954710144927535,0.0071802469135802465,0.01884259259259259,ArticularyWordRecognition,0,5,25.1,11,265,hybrid GPF-nbrs/raw-walk (M calibrated),0.53,1.6392665266086333,64.0,9.0,144.0,1.589676347777246,0.10098258748174282,1.1901247029427762,0.828125,1.5999999999999999
0.9090909090909091,0.9128709291752769,0.9166666666666667,0.9963768115942029,0.0075385416666666665,0.017465277777777774,ArticularyWordRecognition,0,5,25.1,11,265,hybrid GPF-nbrs/raw-walk (M=1),0.53,1.6392665266086333,64.0,9.0,144.0,2.503216754721688,0.24593333330925815,0.36791013171897774,0.828125,1.0
0.8,0.816496580927726,0.8333333333333333,0.9984903381642513,0.010101929012345679,0.02060185185185185,ArticularyWordRecognition,0,10,25.1,11,265,none (raw-flat RF),0.53,1.6392665266086368,,,,,,,,
0.9090909090909091,0.9128709291752769,0.9166666666666667,0.9924516908212561,0.008887152777777777,0.02186342592592593,ArticularyWordRecognition,0,10,25.1,11,265,none,0.53,1.6392665266086368,64.0,9.0,144.0,,,,,
0.8571428571428571,0.8660254037844386,0.875,0.9960748792270531,0.007939506172839506,0.01615740740740741,ArticularyWordRecognition,0,10,25.1,11,265,SMOTE-raw,0.53,1.6392665266086368,64.0,9.0,144.0,1.731569139797525,0.1398606352861409,0.5683462801289574,,
0.9090909090909091,0.9128709291752769,0.9166666666666667,0.9921497584541061,0.0075198302469135815,0.017245370370370376,ArticularyWordRecognition,0,10,25.1,11,265,KNNOR-raw (M=1),0.53,1.6392665266086368,64.0,9.0,144.0,2.6640449624513103,0.22092869146736688,0.43395762920543945,1.0,
0.8571428571428571,0.8660254037844386,0.875,0.9972826086956521,0.007582831790123457,0.018136574074074072,ArticularyWordRecognition,0,10,25.1,11,265,chain-mean-GPF (PSSTO-style),0.53,1.6392665266086368,64.0,9.0,144.0,2.0923945834848556,0.2501823931023279,0.38632001175976566,,
0.9090909090909091,0.9128709291752769,0.9166666666666667,0.9960748792270531,0.007420871913580247,0.018275462962962966,ArticularyWordRecognition,0,10,25.1,11,265,KNNOR-GPF (M=1),0.53,1.6392665266086368,64.0,9.0,144.0,2.3858827685266135,0.29684806998477054,0.30024150447516657,1.0,1.0
0.9565217391304348,0.9574271077563381,0.9583333333333333,0.9977355072463767,0.0062147762345679015,0.0177662037037037,ArticularyWordRecognition,0,10,25.1,11,265,KNNOR-GPF (M=3/2),0.53,1.6392665266086368,64.0,9.0,144.0,1.8116706371392297,0.15617377246091668,0.6499605832875287,0.9925093632958801,1.5
0.9565217391304348,0.9574271077563381,0.9583333333333333,0.9971316425120773,0.006087461419753085,0.016840277777777773,ArticularyWordRecognition,0,10,25.1,11,265,KNNOR-GPF (M calibrated),0.53,1.6392665266086368,64.0,9.0,144.0,1.7465212196104787,0.1407802060905311,0.7233034273587688,0.9888059701492538,1.5999999999999999
0.9166666666666666,0.9556910644282592,0.9565217391304348,0.9954710144927537,0.00745644290123457,0.021354166666666664,ArticularyWordRecognition,0,10,25.1,11,265,hybrid GPF-nbrs/raw-walk (M calibrated),0.53,1.6392665266086368,64.0,9.0,144.0,1.545264945167645,0.09887354017574546,1.1357805062194672,0.828125,1.5999999999999999
0.9090909090909091,0.9128709291752769,0.9166666666666667,0.995018115942029,0.007774382716049383,0.018171296296296297,ArticularyWordRecognition,0,10,25.1,11,265,hybrid GPF-nbrs/raw-walk (M=1),0.53,1.6392665266086368,64.0,9.0,144.0,2.493879049119414,0.2486188097291428,0.3468517511109997,0.828125,1.0
0.8,0.816496580927726,0.8333333333333333,0.9978864734299516,0.010443711419753088,0.02332175925925926,ArticularyWordRecognition,0,20,25.1,11,265,none (raw-flat RF),0.53,1.6392665266086368,,,,,,,,
0.8571428571428571,0.8660254037844386,0.875,0.9904891304347825,0.0090789737654321,0.021608796296296296,ArticularyWordRecognition,0,20,25.1,11,265,none,0.53,1.6392665266086368,64.0,9.0,144.0,,,,,
0.8571428571428571,0.8660254037844386,0.875,0.9975845410628019,0.007623456790123457,0.015949074074074074,ArticularyWordRecognition,0,20,25.1,11,265,SMOTE-raw,0.53,1.6392665266086368,64.0,9.0,144.0,1.79744881438873,0.14627801931760687,0.5500100066696983,,
0.8571428571428571,0.8660254037844386,0.875,0.9898852657004831,0.007511689814814815,0.01702546296296296,ArticularyWordRecognition,0,20,25.1,11,265,KNNOR-raw (M=1),0.53,1.6392665266086368,64.0,9.0,144.0,2.8256696874320966,0.2376166641667385,0.4317923098885693,1.0,
0.9090909090909091,0.9128709291752769,0.9166666666666667,0.9968297101449275,0.007432716049382716,0.018148148148148146,ArticularyWordRecognition,0,20,25.1,11,265,chain-mean-GPF (PSSTO-style),0.53,1.6392665266086368,64.0,9.0,144.0,2.253800046897915,0.26937880703343325,0.3732502146058089,,
0.9090909090909091,0.9128709291752769,0.9166666666666667,0.9953200483091788,0.0075962962962962954,0.016574074074074074,ArticularyWordRecognition,0,20,25.1,11,265,KNNOR-GPF (M=1),0.53,1.6392665266086368,64.0,9.0,144.0,2.430862064020122,0.29307743849341567,0.31765005514282874,1.0,1.0
0.9565217391304348,0.9574271077563381,0.9583333333333333,0.992602657004831,0.00678792438271605,0.017696759259259263,ArticularyWordRecognition,0,20,25.1,11,265,KNNOR-GPF (M=3/2),0.53,1.6392665266086368,64.0,9.0,144.0,1.8886094873191848,0.15601652211092765,0.6943597672109781,0.9814814814814815,1.5
0.9565217391304348,0.9574271077563381,0.9583333333333333,0.9941123188405797,0.006617824074074074,0.017638888888888885,ArticularyWordRecognition,0,20,25.1,11,265,KNNOR-GPF (M calibrated),0.53,1.6392665266086368,64.0,9.0,144.0,1.8306801917632178,0.14044685686774883,0.7785534448753485,0.977859778597786,1.5999999999999999
0.9166666666666666,0.9556910644282592,0.9565217391304348,0.9941123188405797,0.007129629629629629,0.019421296296296298,ArticularyWordRecognition,0,20,25.1,11,265,hybrid GPF-nbrs/raw-walk (M calibrated),0.53,1.6392665266086368,64.0,9.0,144.0,1.6516288612450811,0.10975804002601375,1.0696782879001876,0.828125,1.5999999999999999
0.9090909090909091,0.9128709291752769,0.9166666666666667,0.9945652173913043,0.007377700617283951,0.015995370370370368,ArticularyWordRecognition,0,20,25.1,11,265,hybrid GPF-nbrs/raw-walk (M=1),0.53,1.6392665266086368,64.0,9.0,144.0,2.664184367277647,0.2633116370554892,0.3440419863829934,0.828125,1.0
0.9090909090909091,0.9128709291752769,0.9166666666666667,1.0,0.007285532407407407,0.030081018518518517,ArticularyWordRecognition,1,5,25.1,11,265,none (raw-flat RF),0.53,1.1108242920819986,,,,,,,,
0.8571428571428571,0.8660254037844386,0.875,0.9951690821256038,0.006988888888888888,0.01509259259259259,ArticularyWordRecognition,1,5,25.1,11,265,none,0.53,1.1108242920819986,64.0,9.0,144.0,,,,,
0.8571428571428571,0.8660254037844386,0.875,0.9971316425120773,0.005925038580246913,0.009942129629629629,ArticularyWordRecognition,1,5,25.1,11,265,SMOTE-raw,0.53,1.1108242920819986,64.0,9.0,144.0,1.7521882069261832,0.22267340329752294,0.4117382950755085,,
0.9090909090909091,0.9128709291752769,0.9166666666666667,0.997433574879227,0.006201311728395061,0.011412037037037037,ArticularyWordRecognition,1,5,25.1,11,265,KNNOR-raw (M=1),0.53,1.1108242920819986,64.0,9.0,144.0,3.2650800718598454,0.3817898590391414,0.1982097984413238,0.9925093632958801,
0.9090909090909091,0.9128709291752769,0.9166666666666667,0.9972826086956521,0.00625798611111111,0.008391203703703701,ArticularyWordRecognition,1,5,25.1,11,265,chain-mean-GPF (PSSTO-style),0.53,1.1108242920819986,64.0,9.0,144.0,1.3142126461365482,0.21164833753855233,0.4131115915572804,,
0.9090909090909091,0.9128709291752769,0.9166666666666667,0.9978864734299517,0.005826234567901234,0.011412037037037038,ArticularyWordRecognition,1,5,25.1,11,265,KNNOR-GPF (M=1),0.53,1.1108242920819986,64.0,9.0,144.0,1.8080518415413263,0.327390277333346,0.21711999020036432,1.0,1.0
0.9565217391304348,0.9574271077563381,0.9583333333333333,0.9972826086956523,0.004932677469135802,0.01142361111111111,ArticularyWordRecognition,1,5,25.1,11,265,KNNOR-GPF (M=3/2),0.53,1.1108242920819986,64.0,9.0,144.0,1.3778703786519078,0.19293455574890417,0.44972983517024967,1.0,1.5
0.9565217391304348,0.9574271077563381,0.9583333333333333,0.9968297101449276,0.004855555555555555,0.013425925925925926,ArticularyWordRecognition,1,5,25.1,11,265,KNNOR-GPF (M calibrated),0.53,1.1108242920819986,64.0,9.0,144.0,1.1946316954816627,0.12896531642097098,0.682315953353326,1.0,2.0
0.9166666666666666,0.9556910644282592,0.9565217391304348,0.997584541062802,0.005999305555555556,0.014537037037037036,ArticularyWordRecognition,1,5,25.1,11,265,hybrid GPF-nbrs/raw-walk (M calibrated),0.53,1.1108242920819986,64.0,9.0,144.0,1.2275352886720423,0.10167900024321774,1.1928789668888717,0.828125,2.0
0.9090909090909091,0.9128709291752769,0.9166666666666667,0.9960748792270532,0.005933641975308642,0.01125,ArticularyWordRecognition,1,5,25.1,11,265,hybrid GPF-nbrs/raw-walk (M=1),0.53,1.1108242920819986,64.0,9.0,144.0,2.5476753178570792,0.32832179508950043,0.24297608922977676,0.828125,1.0
0.9565217391304348,0.9574271077563381,0.9583333333333333,1.0,0.006607253086419753,0.028888888888888888,ArticularyWordRecognition,1,10,25.1,11,265,none (raw-flat RF),0.53,1.1108242920819986,,,,,,,,
0.8571428571428571,0.8660254037844386,0.875,0.9974335748792271,0.007299459876543211,0.015671296296296298,ArticularyWordRecognition,1,10,25.1,11,265,none,0.53,1.1108242920819986,64.0,9.0,144.0,,,,,
0.8571428571428571,0.8660254037844386,0.875,0.9975845410628019,0.006067939814814814,0.010127314814814816,ArticularyWordRecognition,1,10,25.1,11,265,SMOTE-raw,0.53,1.1108242920819986,64.0,9.0,144.0,1.6070523214778927,0.21148735508913247,0.46080837509766004,,
0.8571428571428571,0.8660254037844386,0.875,0.9965277777777778,0.006196219135802469,0.01048611111111111,ArticularyWordRecognition,1,10,25.1,11,265,KNNOR-raw (M=1),0.53,1.1108242920819986,64.0,9.0,144.0,3.1987785520992027,0.3825130315459524,0.2116537060256192,1.0,
0.9090909090909091,0.9128709291752769,0.9166666666666667,0.9969806763285024,0.006209066358024691,0.008761574074074073,ArticularyWordRecognition,1,10,25.1,11,265,chain-mean-GPF (PSSTO-style),0.53,1.1108242920819986,64.0,9.0,144.0,1.3897281391352134,0.22651543457521417,0.4118938959116505,,
0.9090909090909091,0.9128709291752769,0.9166666666666667,0.998792270531401,0.005715779320987654,0.014965277777777777,ArticularyWordRecognition,1,10,25.1,11,265,KNNOR-GPF (M=1),0.53,1.1108242920819986,64.0,9.0,144.0,1.7830017972987307,0.32529539570962795,0.22440351387609492,1.0,1.0
0.9565217391304348,0.9574271077563381,0.9583333333333333,0.9951690821256038,0.005089390432098765,0.011886574074074075,ArticularyWordRecognition,1,10,25.1,11,265,KNNOR-GPF (M=3/2),0.53,1.1108242920819986,64.0,9.0,144.0,1.3536571911480397,0.1895324109190471,0.45481799836169146,1.0,1.5
0.9565217391304348,0.9574271077563381,0.9583333333333333,0.9947161835748793,0.005075308641975309,0.014074074074074076,ArticularyWordRecognition,1,10,25.1,11,265,KNNOR-GPF (M calibrated),0.53,1.1108242920819986,64.0,9.0,144.0,1.1841285254999878,0.1298098492892803,0.672208750154119,1.0,2.0
0.9166666666666666,0.9556910644282592,0.9565217391304348,0.9950181159420289,0.006485416666666666,0.01456018518518519,ArticularyWordRecognition,1,10,25.1,11,265,hybrid GPF-nbrs/raw-walk (M calibrated),0.53,1.1108242920819986,64.0,9.0,144.0,1.2179445592839802,0.09839129125224344,1.280436155717009,0.828125,2.0
0.9090909090909091,0.9128709291752769,0.9166666666666667,0.9966787439613527,0.005827507716049383,0.011145833333333332,ArticularyWordRecognition,1,10,25.1,11,265,hybrid GPF-nbrs/raw-walk (M=1),0.53,1.1108242920819986,64.0,9.0,144.0,2.4799997418329554,0.3263289873457628,0.2488469527753266,0.828125,1.0
0.9565217391304348,0.9574271077563381,0.9583333333333333,1.0,0.006938657407407408,0.02696759259259259,ArticularyWordRecognition,1,20,25.1,11,265,none (raw-flat RF),0.53,1.1108242920820004,,,,,,,,
0.8571428571428571,0.8660254037844386,0.875,0.9941123188405797,0.007246566358024691,0.015243055555555558,ArticularyWordRecognition,1,20,25.1,11,265,none,0.53,1.1108242920820004,64.0,9.0,144.0,,,,,
0.8571428571428571,0.8660254037844386,0.875,0.9974335748792269,0.005955864197530865,0.010370370370370368,ArticularyWordRecognition,1,20,25.1,11,265,SMOTE-raw,0.53,1.1108242920820004,64.0,9.0,144.0,1.7317202933388138,0.21650532391429,0.43469837670196815,,
0.9090909090909091,0.9128709291752769,0.9166666666666667,0.9971316425120773,0.006088927469135802,0.010937499999999998,ArticularyWordRecognition,1,20,25.1,11,265,KNNOR-raw (M=1),0.53,1.1108242920820004,64.0,9.0,144.0,3.199513858800511,0.3813039250486148,0.20552719674606157,0.9925093632958801,
0.9090909090909091,0.9128709291752769,0.9166666666666667,0.9978864734299517,0.006311728395061728,0.008634259259259263,ArticularyWordRecognition,1,20,25.1,11,265,chain-mean-GPF (PSSTO-style),0.53,1.1108242920820004,64.0,9.0,144.0,1.3212122470283987,0.2102400861623871,0.41298705178991685,,
0.9090909090909091,0.9128709291752769,0.9166666666666667,0.9984903381642511,0.0056362268518518515,0.014780092592592593,ArticularyWordRecognition,1,20,25.1,11,265,KNNOR-GPF (M=1),0.53,1.1108242920820004,64.0,9.0,144.0,1.872675239248963,0.33462111200571604,0.2053877920470919,1.0,1.0
0.9565217391304348,0.9574271077563381,0.9583333333333333,0.9959239130434783,0.005149961419753086,0.012326388888888887,ArticularyWordRecognition,1,20,25.1,11,265,KNNOR-GPF (M=3/2),0.53,1.1108242920820004,64.0,9.0,144.0,1.378205608907308,0.1904776995017321,0.4403174235732902,1.0,1.5
0.9565217391304348,0.9574271077563381,0.9583333333333333,0.9947161835748792,0.005016975308641976,0.013194444444444446,ArticularyWordRecognition,1,20,25.1,11,265,KNNOR-GPF (M calibrated),0.53,1.1108242920820004,64.0,9.0,144.0,1.1598699522443674,0.12322025245880952,0.6872595996612826,1.0,2.0
0.9166666666666666,0.9556910644282592,0.9565217391304348,0.997433574879227,0.006018557098765432,0.013136574074074073,ArticularyWordRecognition,1,20,25.1,11,265,hybrid GPF-nbrs/raw-walk (M calibrated),0.53,1.1108242920820004,64.0,9.0,144.0,1.2146032504257587,0.10389278166272153,1.0820164128394174,0.828125,2.0
0.9090909090909091,0.9128709291752769,0.9166666666666667,0.9966787439613527,0.005990123456790124,0.011180555555555555,ArticularyWordRecognition,1,20,25.1,11,265,hybrid GPF-nbrs/raw-walk (M=1),0.53,1.1108242920820004,64.0,9.0,144.0,2.6243757965195513,0.3378999165856734,0.2285150943634032,0.828125,1.0
0.8571428571428571,0.8660254037844386,0.875,0.9993961352657005,0.008945640432098764,0.02471064814814814,ArticularyWordRecognition,2,5,25.1,11,265,none (raw-flat RF),0.53,1.5909249207089715,,,,,,,,
0.9090909090909091,0.9128709291752769,0.9166666666666667,0.9891304347826088,0.009483834876543211,0.01915509259259259,ArticularyWordRecognition,2,5,25.1,11,265,none,0.53,1.5909249207089715,64.0,9.0,144.0,,,,,
0.9565217391304348,0.9574271077563381,0.9583333333333333,0.9962258454106281,0.00702962962962963,0.014953703703703702,ArticularyWordRecognition,2,5,25.1,11,265,SMOTE-raw,0.53,1.5909249207089715,64.0,9.0,144.0,1.8415064048975527,0.22237161165315883,0.5230259649974484,,
0.9090909090909091,0.9128709291752769,0.9166666666666667,0.9966787439613527,0.00786531635802469,0.017256944444444446,ArticularyWordRecognition,2,5,25.1,11,265,KNNOR-raw (M=1),0.53,1.5909249207089715,64.0,9.0,144.0,2.7351511794603773,0.3507517471109951,0.3556111241886645,1.0,
0.9565217391304348,0.9574271077563381,0.9583333333333333,0.996225845410628,0.007945408950617284,0.01721064814814815,ArticularyWordRecognition,2,5,25.1,11,265,chain-mean-GPF (PSSTO-style),0.53,1.5909249207089715,64.0,9.0,144.0,1.9302448807685,0.28541423058814475,0.4232363610536836,,
0.9090909090909091,0.9128709291752769,0.9166666666666667,0.995169082125604,0.007930555555555557,0.016527777777777777,ArticularyWordRecognition,2,5,25.1,11,265,KNNOR-GPF (M=1),0.53,1.5909249207089715,64.0,9.0,144.0,2.075579986999486,0.37147157484118015,0.2321719928091229,1.0,1.0
0.9565217391304348,0.9574271077563381,0.9583333333333333,0.9947161835748792,0.00669471450617284,0.01508101851851852,ArticularyWordRecognition,2,5,25.1,11,265,KNNOR-GPF (M=3/2),0.53,1.5909249207089715,64.0,9.0,144.0,1.6026590801447878,0.22451136083494666,0.47114669121718183,1.0,1.5
0.9565217391304348,0.9574271077563381,0.9583333333333333,0.9963768115942029,0.006009104938271604,0.015300925925925926,ArticularyWordRecognition,2,5,25.1,11,265,KNNOR-GPF (M calibrated),0.53,1.5909249207089715,64.0,9.0,144.0,1.434703991442717,0.1800191967263608,0.6121819965953906,1.0,1.7999999999999998
0.9565217391304348,0.9574271077563381,0.9583333333333333,0.9918478260869565,0.006587075617283951,0.01603009259259259,ArticularyWordRecognition,2,5,25.1,11,265,hybrid GPF-nbrs/raw-walk (M calibrated),0.53,1.5909249207089715,64.0,9.0,144.0,1.1754833948344547,0.10326580878401714,1.22553032076693,0.828125,1.7999999999999998
0.9090909090909091,0.9128709291752769,0.9166666666666667,0.9954710144927535,0.007480902777777778,0.01707175925925926,ArticularyWordRecognition,2,5,25.1,11,265,hybrid GPF-nbrs/raw-walk (M=1),0.53,1.5909249207089715,64.0,9.0,144.0,2.8005764076609942,0.3657168041297839,0.28270257607205634,0.828125,1.0
0.8571428571428571,0.8660254037844386,0.875,0.9990942028985507,0.00911304012345679,0.026226851851851855,ArticularyWordRecognition,2,10,25.1,11,265,none (raw-flat RF),0.53,1.5909249207089768,,,,,,,,
0.9090909090909091,0.9128709291752769,0.9166666666666667,0.9912439613526569,0.009209645061728396,0.01902777777777778,ArticularyWordRecognition,2,10,25.1,11,265,none,0.53,1.5909249207089768,64.0,9.0,144.0,,,,,
0.9565217391304348,0.9574271077563381,0.9583333333333333,0.9959239130434783,0.0068733410493827165,0.014872685185185185,ArticularyWordRecognition,2,10,25.1,11,265,SMOTE-raw,0.53,1.5909249207089768,64.0,9.0,144.0,1.9512507552078198,0.23596025204675453,0.49687975930010125,,
0.9090909090909091,0.9128709291752769,0.9166666666666667,0.9954710144927537,0.007736766975308642,0.015636574074074074,ArticularyWordRecognition,2,10,25.1,11,265,KNNOR-raw (M=1),0.53,1.5909249207089768,64.0,9.0,144.0,2.71629167320679,0.352543071785164,0.3481031103995452,1.0,
0.9090909090909091,0.9128709291752769,0.9166666666666667,0.9962258454106281,0.007943634259259258,0.016840277777777773,ArticularyWordRecognition,2,10,25.1,11,265,chain-mean-GPF (PSSTO-style),0.53,1.5909249207089768,64.0,9.0,144.0,1.9123494211955823,0.28003399480202645,0.42807990762415166,,
0.9090909090909091,0.9128709291752769,0.9166666666666667,0.9969806763285025,0.007884259259259258,0.01675925925925926,ArticularyWordRecognition,2,10,25.1,11,265,KNNOR-GPF (M=1),0.53,1.5909249207089768,64.0,9.0,144.0,2.109208995930068,0.37834929008000295,0.2302434194760565,1.0,1.0
0.9565217391304348,0.9574271077563381,0.9583333333333333,0.9966787439613527,0.006250154320987653,0.014722222222222218,ArticularyWordRecognition,2,10,25.1,11,265,KNNOR-GPF (M=3/2),0.53,1.5909249207089768,64.0,9.0,144.0,1.6592079318690232,0.2342298828828958,0.47100332572062686,1.0,1.5
0.9565217391304348,0.9574271077563381,0.9583333333333333,0.9963768115942029,0.006037037037037036,0.015300925925925926,ArticularyWordRecognition,2,10,25.1,11,265,KNNOR-GPF (M calibrated),0.53,1.5909249207089768,64.0,9.0,144.0,1.511400836068045,0.19136772994452111,0.6099378667323737,1.0,1.7999999999999998
0.9565217391304348,0.9574271077563381,0.9583333333333333,0.9939613526570048,0.006390123456790122,0.015393518518518518,ArticularyWordRecognition,2,10,25.1,11,265,hybrid GPF-nbrs/raw-walk (M calibrated),0.53,1.5909249207089768,64.0,9.0,144.0,1.2741100452887668,0.1180346389285366,1.065864511912765,0.828125,1.7999999999999998
0.9090909090909091,0.9128709291752769,0.9166666666666667,0.9962258454106281,0.00801026234567901,0.01766203703703704,ArticularyWordRecognition,2,10,25.1,11,265,hybrid GPF-nbrs/raw-walk (M=1),0.53,1.5909249207089768,64.0,9.0,144.0,2.817632500136103,0.3715651681178846,0.2785788052843318,0.828125,1.0
0.8571428571428571,0.8660254037844386,0.875,0.9993961352657005,0.00893545524691358,0.02878472222222222,ArticularyWordRecognition,2,20,25.1,11,265,none (raw-flat RF),0.53,1.5909249207089733,,,,,,,,
0.8571428571428571,0.8660254037844386,0.875,0.9895833333333334,0.010017438271604938,0.01986111111111111,ArticularyWordRecognition,2,20,25.1,11,265,none,0.53,1.5909249207089733,64.0,9.0,144.0,,,,,
0.9090909090909091,0.9128709291752769,0.9166666666666667,0.9969806763285024,0.006876157407407407,0.014166666666666666,ArticularyWordRecognition,2,20,25.1,11,265,SMOTE-raw,0.53,1.5909249207089733,64.0,9.0,144.0,1.8606552129974983,0.22203888585931048,0.5129974545466903,,
0.9090909090909091,0.9128709291752769,0.9166666666666667,0.9962258454106281,0.008086072530864196,0.01681712962962963,ArticularyWordRecognition,2,20,25.1,11,265,KNNOR-raw (M=1),0.53,1.5909249207089733,64.0,9.0,144.0,2.7525528861847555,0.35852226340280324,0.33671464490825587,1.0,
0.9090909090909091,0.9128709291752769,0.9166666666666667,0.9962258454106281,0.00807403549382716,0.01646990740740741,ArticularyWordRecognition,2,20,25.1,11,265,chain-mean-GPF (PSSTO-style),0.53,1.5909249207089733,64.0,9.0,144.0,1.938463765208457,0.2864397147063069,0.41617752827728516,,
0.9090909090909091,0.9128709291752769,0.9166666666666667,0.9975845410628019,0.007875462962962963,0.016458333333333335,ArticularyWordRecognition,2,20,25.1,11,265,KNNOR-GPF (M=1),0.53,1.5909249207089733,64.0,9.0,144.0,2.0298454810371904,0.36774390738310403,0.23495156090291486,1.0,1.0
0.9565217391304348,0.9574271077563381,0.9583333333333333,0.9965277777777777,0.00656658950617284,0.014652777777777777,ArticularyWordRecognition,2,20,25.1,11,265,KNNOR-GPF (M=3/2),0.53,1.5909249207089733,64.0,9.0,144.0,1.5578506317200507,0.21671840264021813,0.46955605008290774,1.0,1.5
0.9565217391304348,0.9574271077563381,0.9583333333333333,0.9968297101449275,0.00589375,0.014791666666666665,ArticularyWordRecognition,2,20,25.1,11,265,KNNOR-GPF (M calibrated),0.53,1.5909249207089733,64.0,9.0,144.0,1.4026161265975823,0.1708622656636058,0.6157532652331271,1.0,1.7999999999999998
0.9565217391304348,0.9574271077563381,0.9583333333333333,0.9910929951690821,0.006485609567901234,0.015983796296296295,ArticularyWordRecognition,2,20,25.1,11,265,hybrid GPF-nbrs/raw-walk (M calibrated),0.53,1.5909249207089733,64.0,9.0,144.0,1.1578867109847923,0.106248261692648,1.2073769705529749,0.828125,1.7999999999999998
0.9090909090909091,0.9128709291752769,0.9166666666666667,0.9971316425120773,0.007669405864197531,0.017164351851851854,ArticularyWordRecognition,2,20,25.1,11,265,hybrid GPF-nbrs/raw-walk (M=1),0.53,1.5909249207089733,64.0,9.0,144.0,2.7414185591019695,0.364643802067493,0.2892682367302915,0.828125,1.0
0.7368421052631579,0.7637626158259734,0.7916666666666667,1.0,0.009748958333333333,0.0284375,ArticularyWordRecognition,3,5,25.1,11,265,none (raw-flat RF),0.53,1.5515504256526391,,,,,,,,
0.7368421052631579,0.7637626158259734,0.7916666666666667,0.9978864734299517,0.009927469135802468,0.0206712962962963,ArticularyWordRecognition,3,5,25.1,11,265,none,0.53,1.5515504256526391,64.0,9.0,144.0,,,,,
0.9565217391304348,0.9574271077563381,0.9583333333333333,0.998792270531401,0.005973225308641975,0.012847222222222218,ArticularyWordRecognition,3,5,25.1,11,265,SMOTE-raw,0.53,1.5515504256526391,64.0,9.0,144.0,1.650236464867497,0.18470630980643604,0.5339304192172503,,
0.9090909090909091,0.9128709291752769,0.9166666666666667,0.9996980676328502,0.006695640432098766,0.01978009259259259,ArticularyWordRecognition,3,5,25.1,11,265,KNNOR-raw (M=1),0.53,1.5515504256526391,64.0,9.0,144.0,3.1337372297770827,0.3240569684121518,0.3899089918380462,1.0,
0.9090909090909091,0.9128709291752769,0.9166666666666667,0.9995471014492754,0.0070979166666666664,0.018287037037037036,ArticularyWordRecognition,3,5,25.1,11,265,chain-mean-GPF (PSSTO-style),0.53,1.5515504256526391,64.0,9.0,144.0,1.9564911643217613,0.2713268828088641,0.4215257088429111,,
0.9565217391304348,0.9574271077563381,0.9583333333333333,1.0,0.006972453703703704,0.020254629629629626,ArticularyWordRecognition,3,5,25.1,11,265,KNNOR-GPF (M=1),0.53,1.5515504256526391,64.0,9.0,144.0,2.1582697964682165,0.35780495727271766,0.24695822235673243,1.0,1.0
0.9565217391304348,0.9574271077563381,0.9583333333333333,0.9996980676328502,0.004992052469135801,0.01599537037037037,ArticularyWordRecognition,3,5,25.1,11,265,KNNOR-GPF (M=3/2),0.53,1.5515504256526391,64.0,9.0,144.0,1.6147325576682459,0.21048728085034396,0.539783200008409,1.0,1.5
0.9565217391304348,0.9574271077563381,0.9583333333333333,0.9996980676328502,0.0044555555555555555,0.014814814814814815,ArticularyWordRecognition,3,5,25.1,11,265,KNNOR-GPF (M calibrated),0.53,1.5515504256526391,64.0,9.0,144.0,1.4154228909378226,0.15551605626130327,0.7599359222618739,1.0,1.7999999999999998
0.9166666666666666,0.9556910644282592,0.9565217391304348,0.9984903381642511,0.0054663580246913585,0.01583333333333333,ArticularyWordRecognition,3,5,25.1,11,265,hybrid GPF-nbrs/raw-walk (M calibrated),0.53,1.5515504256526391,64.0,9.0,144.0,1.1882610643362383,0.09893962238206744,1.2021797050850784,0.828125,1.7999999999999998
0.9565217391304348,0.9574271077563381,0.9583333333333333,0.9990942028985508,0.005988078703703704,0.017604166666666667,ArticularyWordRecognition,3,5,25.1,11,265,hybrid GPF-nbrs/raw-walk (M=1),0.53,1.5515504256526391,64.0,9.0,144.0,2.2350064764205477,0.28827576125787957,0.30084377973958154,0.828125,1.0
0.7368421052631579,0.7637626158259734,0.7916666666666667,0.9996980676328503,0.009996797839506173,0.02667824074074074,ArticularyWordRecognition,3,10,25.1,11,265,none (raw-flat RF),0.53,1.5515504256526391,,,,,,,,
0.6666666666666666,0.7071067811865476,0.75,0.9977355072463769,0.010749112654320986,0.021886574074074072,ArticularyWordRecognition,3,10,25.1,11,265,none,0.53,1.5515504256526391,64.0,9.0,144.0,,,,,
0.9565217391304348,0.9574271077563381,0.9583333333333333,0.9978864734299517,0.005908912037037036,0.012256944444444442,ArticularyWordRecognition,3,10,25.1,11,265,SMOTE-raw,0.53,1.5515504256526391,64.0,9.0,144.0,1.6114769377231433,0.17456281191207856,0.5646386303073578,,
0.9090909090909091,0.9128709291752769,0.9166666666666667,0.998792270531401,0.006850694444444444,0.015231481481481481,ArticularyWordRecognition,3,10,25.1,11,265,KNNOR-raw (M=1),0.53,1.5515504256526391,64.0,9.0,144.0,3.1113199107994127,0.31852014835442755,0.39254791257180727,1.0,
0.9565217391304348,0.9574271077563381,0.9583333333333333,0.9995471014492754,0.007339043209876544,0.019282407407407404,ArticularyWordRecognition,3,10,25.1,11,265,chain-mean-GPF (PSSTO-style),0.53,1.5515504256526391,64.0,9.0,144.0,2.0069142373173676,0.28748815832774516,0.3950143228087361,,
0.9565217391304348,0.9574271077563381,0.9583333333333333,0.9990942028985508,0.007587037037037037,0.019097222222222224,ArticularyWordRecognition,3,10,25.1,11,265,KNNOR-GPF (M=1),0.53,1.5515504256526391,64.0,9.0,144.0,2.115199019010614,0.3452026498502385,0.2675406032870703,1.0,1.0
0.9565217391304348,0.9574271077563381,0.9583333333333333,0.9995471014492754,0.005004938271604937,0.01638888888888889,ArticularyWordRecognition,3,10,25.1,11,265,KNNOR-GPF (M=3/2),0.53,1.5515504256526391,64.0,9.0,144.0,1.5579447067968673,0.19782489407568604,0.56914180594662,1.0,1.5
0.9565217391304348,0.9574271077563381,0.9583333333333333,1.0,0.004452430555555557,0.015775462962962963,ArticularyWordRecognition,3,10,25.1,11,265,KNNOR-GPF (M calibrated),0.53,1.5515504256526391,64.0,9.0,144.0,1.3684009613495967,0.14554704688289688,0.7969665379435737,0.9962406015037594,1.7999999999999998
0.9565217391304348,0.9574271077563381,0.9583333333333333,0.9993961352657005,0.005089467592592592,0.016284722222222218,ArticularyWordRecognition,3,10,25.1,11,265,hybrid GPF-nbrs/raw-walk (M calibrated),0.53,1.5515504256526391,64.0,9.0,144.0,1.158432904950244,0.09531929696090591,1.145170052704034,0.828125,1.7999999999999998
0.9565217391304348,0.9574271077563381,0.9583333333333333,0.9986413043478262,0.006527276234567902,0.01582175925925926,ArticularyWordRecognition,3,10,25.1,11,265,hybrid GPF-nbrs/raw-walk (M=1),0.53,1.5515504256526391,64.0,9.0,144.0,2.1729158896064753,0.2779275617059137,0.32277430169364907,0.828125,1.0
0.8,0.816496580927726,0.8333333333333333,1.0,0.009396489197530864,0.024386574074074074,ArticularyWordRecognition,3,20,25.1,11,265,none (raw-flat RF),0.53,1.5515504256526356,,,,,,,,
0.7368421052631579,0.7637626158259734,0.7916666666666667,0.9984903381642511,0.009919907407407407,0.020833333333333332,ArticularyWordRecognition,3,20,25.1,11,265,none,0.53,1.5515504256526356,64.0,9.0,144.0,,,,,
0.9565217391304348,0.9574271077563381,0.9583333333333333,0.9984903381642511,0.005711728395061729,0.012106481481481478,ArticularyWordRecognition,3,20,25.1,11,265,SMOTE-raw,0.53,1.5515504256526356,64.0,9.0,144.0,1.634094935819057,0.18658800629355093,0.5066194965849035,,
0.9565217391304348,0.9574271077563381,0.9583333333333333,0.9990942028985507,0.006841666666666667,0.018333333333333333,ArticularyWordRecognition,3,20,25.1,11,265,KNNOR-raw (M=1),0.53,1.5515504256526356,64.0,9.0,144.0,3.3101277463271366,0.33818545963971475,0.3813596438133336,1.0,
0.9565217391304348,0.9574271077563381,0.9583333333333333,0.9993961352657004,0.0069984182098765425,0.0190625,ArticularyWordRecognition,3,20,25.1,11,265,chain-mean-GPF (PSSTO-style),0.53,1.5515504256526356,64.0,9.0,144.0,1.924209185722912,0.275813622727562,0.4354901490020431,,
0.9565217391304348,0.9574271077563381,0.9583333333333333,0.9996980676328503,0.007083256172839506,0.018541666666666665,ArticularyWordRecognition,3,20,25.1,11,265,KNNOR-GPF (M=1),0.53,1.5515504256526356,64.0,9.0,144.0,2.1963596493775324,0.36149745752571527,0.2500676218547495,1.0,1.0
0.9565217391304348,0.9574271077563381,0.9583333333333333,0.9993961352657005,0.004714236111111111,0.017187499999999998,ArticularyWordRecognition,3,20,25.1,11,265,KNNOR-GPF (M=3/2),0.53,1.5515504256526356,64.0,9.0,144.0,1.64964298037183,0.21609537535403683,0.5452976228131913,1.0,1.5
0.9565217391304348,0.9574271077563381,0.9583333333333333,0.9993961352657005,0.004560262345679012,0.015532407407407408,ArticularyWordRecognition,3,20,25.1,11,265,KNNOR-GPF (M calibrated),0.53,1.5515504256526356,64.0,9.0,144.0,1.4507212083918795,0.15929460340412938,0.7653050532395719,1.0,1.7999999999999998
0.9166666666666666,0.9556910644282592,0.9565217391304348,0.9986413043478262,0.0057594135802469144,0.018379629629629628,ArticularyWordRecognition,3,20,25.1,11,265,hybrid GPF-nbrs/raw-walk (M calibrated),0.53,1.5515504256526356,64.0,9.0,144.0,1.194994538703419,0.10138762668831525,1.194105147830209,0.828125,1.7999999999999998
0.9565217391304348,0.9574271077563381,0.9583333333333333,0.9990942028985508,0.006449884259259259,0.017858796296296293,ArticularyWordRecognition,3,20,25.1,11,265,hybrid GPF-nbrs/raw-walk (M=1),0.53,1.5515504256526356,64.0,9.0,144.0,2.246116242415411,0.2875262990922334,0.2994679945389886,0.828125,1.0
0.9565217391304348,0.9574271077563381,0.9583333333333333,1.0,0.006054706790123458,0.027800925925925927,ArticularyWordRecognition,4,5,25.1,11,265,none (raw-flat RF),0.53,1.5923112821324557,,,,,,,,
0.8571428571428571,0.8660254037844386,0.875,0.9996980676328503,0.007253240740740741,0.02113425925925926,ArticularyWordRecognition,4,5,25.1,11,265,none,0.53,1.5923112821324557,64.0,9.0,144.0,,,,,
1.0,1.0,1.0,1.0,0.003383024691358025,0.020578703703703703,ArticularyWordRecognition,4,5,25.1,11,265,SMOTE-raw,0.53,1.5923112821324557,64.0,9.0,144.0,2.2400325728965607,0.24453072207223675,0.4442511677209564,,
0.9565217391304348,0.9574271077563381,0.9583333333333333,1.0,0.004088310185185186,0.021979166666666668,ArticularyWordRecognition,4,5,25.1,11,265,KNNOR-raw (M=1),0.53,1.5923112821324557,64.0,9.0,144.0,3.7860611811254676,0.4234160496867028,0.24845384135005202,1.0,
1.0,1.0,1.0,1.0,0.003911458333333334,0.022141203703703708,ArticularyWordRecognition,4,5,25.1,11,265,chain-mean-GPF (PSSTO-style),0.53,1.5923112821324557,64.0,9.0,144.0,2.1596580146589632,0.300497303871677,0.33789559194223595,,
0.9565217391304348,0.9574271077563381,0.9583333333333333,1.0,0.004737962962962962,0.02282407407407407,ArticularyWordRecognition,4,5,25.1,11,265,KNNOR-GPF (M=1),0.53,1.5923112821324557,64.0,9.0,144.0,2.144170392856185,0.3505020138187404,0.24291837168470468,1.0,1.0
1.0,1.0,1.0,1.0,0.0037950617283950628,0.022430555555555554,ArticularyWordRecognition,4,5,25.1,11,265,KNNOR-GPF (M=3/2),0.53,1.5923112821324557,64.0,9.0,144.0,1.5411488221634686,0.19271935865674195,0.49993422666279824,1.0,1.5
1.0,1.0,1.0,1.0,0.0031700617283950618,0.02236111111111111,ArticularyWordRecognition,4,5,25.1,11,265,KNNOR-GPF (M calibrated),0.53,1.5923112821324557,64.0,9.0,144.0,1.2330868378284885,0.1196755150180644,0.7872622254498397,1.0,2.0
1.0,1.0,1.0,1.0,0.004776774691358025,0.028171296296296295,ArticularyWordRecognition,4,5,25.1,11,265,hybrid GPF-nbrs/raw-walk (M calibrated),0.53,1.5923112821324557,64.0,9.0,144.0,1.2953121199889006,0.10306459186360661,1.456693948793864,0.828125,2.0
0.9565217391304348,0.9574271077563381,0.9583333333333333,1.0,0.004350733024691358,0.02267361111111111,ArticularyWordRecognition,4,5,25.1,11,265,hybrid GPF-nbrs/raw-walk (M=1),0.53,1.5923112821324557,64.0,9.0,144.0,3.0064954257177208,0.37751387769203004,0.26339529539324347,0.828125,1.0
0.9565217391304348,0.9574271077563381,0.9583333333333333,0.9996980676328503,0.006463387345679011,0.02350694444444444,ArticularyWordRecognition,4,10,25.1,11,265,none (raw-flat RF),0.53,1.5923112821324557,,,,,,,,
0.8571428571428571,0.8660254037844386,0.875,0.9993961352657005,0.007602160493827161,0.022060185185185186,ArticularyWordRecognition,4,10,25.1,11,265,none,0.53,1.5923112821324557,64.0,9.0,144.0,,,,,
1.0,1.0,1.0,1.0,0.003190007716049383,0.020659722222222218,ArticularyWordRecognition,4,10,25.1,11,265,SMOTE-raw,0.53,1.5923112821324557,64.0,9.0,144.0,2.2051877388898253,0.2503940897226534,0.43569249479722444,,
0.9565217391304348,0.9574271077563381,0.9583333333333333,1.0,0.0044255015432098765,0.02209490740740741,ArticularyWordRecognition,4,10,25.1,11,265,KNNOR-raw (M=1),0.53,1.5923112821324557,64.0,9.0,144.0,4.017552147076606,0.4356885458037796,0.21706678969467197,1.0,
1.0,1.0,1.0,1.0,0.003606134259259259,0.020474537037037038,ArticularyWordRecognition,4,10,25.1,11,265,chain-mean-GPF (PSSTO-style),0.53,1.5923112821324557,64.0,9.0,144.0,2.1869051416228276,0.2776828673771484,0.4207271055362309,,
0.9565217391304348,0.9574271077563381,0.9583333333333333,1.0,0.005144483024691358,0.023877314814814813,ArticularyWordRecognition,4,10,25.1,11,265,KNNOR-GPF (M=1),0.53,1.5923112821324557,64.0,9.0,144.0,2.297574323356902,0.3767896081123569,0.23213411333587483,1.0,1.0
1.0,1.0,1.0,1.0,0.004162731481481481,0.02275462962962963,ArticularyWordRecognition,4,10,25.1,11,265,KNNOR-GPF (M=3/2),0.53,1.5923112821324557,64.0,9.0,144.0,1.6773749614462519,0.21206531360632658,0.4913248145389077,1.0,1.5
1.0,1.0,1.0,1.0,0.003308101851851852,0.021805555555555554,ArticularyWordRecognition,4,10,25.1,11,265,KNNOR-GPF (M calibrated),0.53,1.5923112821324557,64.0,9.0,144.0,1.3106841651426206,0.13021664806061284,0.7723609701099073,1.0,2.0
1.0,1.0,1.0,1.0,0.004778163580246914,0.027314814814814816,ArticularyWordRecognition,4,10,25.1,11,265,hybrid GPF-nbrs/raw-walk (M calibrated),0.53,1.5923112821324557,64.0,9.0,144.0,1.328865558126231,0.11177644323154268,1.2910298132035367,0.828125,2.0
0.9565217391304348,0.9574271077563381,0.9583333333333333,1.0,0.004525617283950617,0.022824074074074076,ArticularyWordRecognition,4,10,25.1,11,265,hybrid GPF-nbrs/raw-walk (M=1),0.53,1.5923112821324557,64.0,9.0,144.0,3.2531560971430524,0.4001807532663494,0.25174865530017215,0.828125,1.0
0.9565217391304348,0.9574271077563381,0.9583333333333333,1.0,0.005918016975308641,0.02836805555555555,ArticularyWordRecognition,4,20,25.1,11,265,none (raw-flat RF),0.53,1.5923112821324557,,,,,,,,
0.8571428571428571,0.8660254037844386,0.875,1.0,0.007231867283950618,0.022569444444444444,ArticularyWordRecognition,4,20,25.1,11,265,none,0.53,1.5923112821324557,64.0,9.0,144.0,,,,,
1.0,1.0,1.0,1.0,0.0032764660493827167,0.020925925925925924,ArticularyWordRecognition,4,20,25.1,11,265,SMOTE-raw,0.53,1.5923112821324557,64.0,9.0,144.0,2.1520863817607543,0.24389055244997299,0.42169637976585705,,
0.9565217391304348,0.9574271077563381,0.9583333333333333,1.0,0.004437461419753087,0.02241898148148148,ArticularyWordRecognition,4,20,25.1,11,265,KNNOR-raw (M=1),0.53,1.5923112821324557,64.0,9.0,144.0,3.6858879143158196,0.4212218489337842,0.2373838796059926,1.0,
1.0,1.0,1.0,1.0,0.003714737654320988,0.021412037037037042,ArticularyWordRecognition,4,20,25.1,11,265,chain-mean-GPF (PSSTO-style),0.53,1.5923112821324557,64.0,9.0,144.0,2.015309245345997,0.25909108730739233,0.43256392135697674,,
0.9565217391304348,0.9574271077563381,0.9583333333333333,1.0,0.004936766975308641,0.023414351851851846,ArticularyWordRecognition,4,20,25.1,11,265,KNNOR-GPF (M=1),0.53,1.5923112821324557,64.0,9.0,144.0,2.2236239637425053,0.36671501514144655,0.22968875104521844,1.0,1.0
1.0,1.0,1.0,1.0,0.003429668209876543,0.02091435185185185,ArticularyWordRecognition,4,20,25.1,11,265,KNNOR-GPF (M=3/2),0.53,1.5923112821324557,64.0,9.0,144.0,1.5724014912652757,0.19912285980268457,0.48216552862048645,1.0,1.5
1.0,1.0,1.0,1.0,0.0032522762345679013,0.021493055555555553,ArticularyWordRecognition,4,20,25.1,11,265,KNNOR-GPF (M calibrated),0.53,1.5923112821324557,64.0,9.0,144.0,1.2239102929753907,0.11823714185142842,0.764744924016152,1.0,2.0
1.0,1.0,1.0,1.0,0.00530258487654321,0.0296412037037037,ArticularyWordRecognition,4,20,25.1,11,265,hybrid GPF-nbrs/raw-walk (M calibrated),0.53,1.5923112821324557,64.0,9.0,144.0,1.329162926381188,0.10379284290836988,1.4642901572496614,0.828125,2.0
0.9565217391304348,0.9574271077563381,0.9583333333333333,1.0,0.004389699074074074,0.022858796296296297,ArticularyWordRecognition,4,20,25.1,11,265,hybrid GPF-nbrs/raw-walk (M=1),0.53,1.5923112821324557,64.0,9.0,144.0,3.1054038338781966,0.39022490990218395,0.24616831880544676,0.828125,1.0
0.75,0.7745966692414834,0.8,0.8416666666666667,0.12540194444444444,0.18608333333333335,BasicMotions,0,5,5.0,6,24,none (raw-flat RF),0.04,0.4414206395876332,,,,,,,,
0.8888888888888888,0.8944271909999159,0.9,1.0,0.035938888888888895,0.12050000000000001,BasicMotions,0,5,5.0,6,24,none,0.04,0.4414206395876332,64.0,6.0,100.0,,,,,
0.8888888888888888,0.8944271909999159,0.9,1.0,0.023286111111111108,0.08883333333333335,BasicMotions,0,5,5.0,6,24,SMOTE-raw,0.04,0.4414206395876332,64.0,6.0,100.0,0.6097096959703714,0.26670100847958345,0.5120231961322763,,
0.8888888888888888,0.8944271909999159,0.9,1.0,0.028360833333333328,0.09724999999999999,BasicMotions,0,5,5.0,6,24,KNNOR-raw (M=1),0.04,0.4414206395876332,64.0,6.0,100.0,1.309496719769024,0.7295806080320129,0.08909518871479526,0.12307692307692308,
0.8888888888888888,0.8944271909999159,0.9,1.0,0.024234722222222223,0.09341666666666666,BasicMotions,0,5,5.0,6,24,chain-mean-GPF (PSSTO-style),0.04,0.4414206395876332,64.0,6.0,100.0,0.5973524394566956,0.4111306068590131,0.2838497591339604,,
0.8888888888888888,0.8944271909999159,0.9,1.0,0.024900277777777778,0.09625000000000002,BasicMotions,0,5,5.0,6,24,KNNOR-GPF (M=1),0.04,0.4414206395876332,64.0,6.0,100.0,0.5043146336754385,0.29880922036265034,0.49553482599385434,1.0,1.0
1.0,1.0,1.0,1.0,0.014911111111111111,0.08516666666666665,BasicMotions,0,5,5.0,6,24,KNNOR-GPF (M=3/2),0.04,0.4414206395876332,64.0,6.0,100.0,0.3643140758134662,0.153920962122419,1.0994925502950939,1.0,1.5
1.0,1.0,1.0,1.0,0.019977777777777775,0.09199999999999997,BasicMotions,0,5,5.0,6,24,KNNOR-GPF (M calibrated),0.04,0.4414206395876332,64.0,6.0,100.0,0.3928216836659699,0.1627811938854925,1.0126347588943707,0.8888888888888888,1.5999999999999999
1.0,1.0,1.0,1.0,0.014214444444444446,0.08350000000000002,BasicMotions,0,5,5.0,6,24,hybrid GPF-nbrs/raw-walk (M calibrated),0.04,0.4414206395876332,64.0,6.0,100.0,0.36521211771182327,0.10312320105368833,2.332182733623616,0.375,1.5999999999999999
0.9473684210526315,0.9486832980505138,0.95,1.0,0.02450777777777778,0.09283333333333334,BasicMotions,0,5,5.0,6,24,hybrid GPF-nbrs/raw-walk (M=1),0.04,0.4414206395876332,64.0,6.0,100.0,0.6428876945032098,0.2772485577062541,0.5978511838369215,0.375,1.0
0.5714285714285714,0.6324555320336759,0.7,0.8133333333333334,0.13121722222222224,0.1623333333333333,BasicMotions,0,10,7.5,4,26,none (raw-flat RF),0.04,0.7872565980200066,,,,,,,,
0.8235294117647058,0.8366600265340756,0.85,1.0,0.05131861111111111,0.12258333333333334,BasicMotions,0,10,7.5,4,26,none,0.04,0.7872565980200066,64.0,6.0,100.0,,,,,
0.8888888888888888,0.8944271909999159,0.9,1.0,0.02814138888888889,0.09708333333333334,BasicMotions,0,10,7.5,4,26,SMOTE-raw,0.04,0.7872565980200066,64.0,6.0,100.0,0.9536662502780353,0.4338612775974277,0.45827816188687936,,
0.8888888888888888,0.8944271909999159,0.9,1.0,0.031413055555555555,0.10691666666666665,BasicMotions,0,10,7.5,4,26,KNNOR-raw (M=1),0.04,0.7872565980200066,64.0,6.0,100.0,1.4382171554666416,0.6516380130764576,0.22476727984726866,0.6046511627906976,
0.9473684210526315,0.9486832980505138,0.95,1.0,0.034341944444444446,0.11708333333333333,BasicMotions,0,10,7.5,4,26,chain-mean-GPF (PSSTO-style),0.04,0.7872565980200066,64.0,6.0,100.0,0.9762945308276629,0.5374432424414615,0.25931124843227127,,
0.9473684210526315,0.9486832980505138,0.95,1.0,0.035921666666666664,0.11983333333333333,BasicMotions,0,10,7.5,4,26,KNNOR-GPF (M=1),0.04,0.7872565980200066,64.0,6.0,100.0,0.9539032244747276,0.4391606311307846,0.4195785827889989,1.0,1.0
0.9473684210526315,0.9486832980505138,0.95,1.0,0.029378333333333333,0.11016666666666666,BasicMotions,0,10,7.5,4,26,KNNOR-GPF (M=3/2),0.04,0.7872565980200066,64.0,6.0,100.0,0.8584769614326935,0.30951302147194193,0.9774268209112089,1.0,1.5
0.9473684210526315,0.9486832980505138,0.95,1.0,0.02734638888888889,0.10791666666666669,BasicMotions,0,10,7.5,4,26,KNNOR-GPF (M calibrated),0.04,0.7872565980200066,64.0,6.0,100.0,0.8465844855265146,0.2889998652957242,1.1115488246613952,1.0,1.5999999999999999
0.9473684210526315,0.9486832980505138,0.95,1.0,0.025048333333333332,0.10233333333333335,BasicMotions,0,10,7.5,4,26,hybrid GPF-nbrs/raw-walk (M calibrated),0.04,0.7872565980200066,64.0,6.0,100.0,0.7788587920913383,0.20915105031905568,2.508063475625758,0.40625,1.5999999999999999
0.8888888888888888,0.8944271909999159,0.9,1.0,0.030776944444444447,0.10891666666666666,BasicMotions,0,10,7.5,4,26,hybrid GPF-nbrs/raw-walk (M=1),0.04,0.7872565980200066,64.0,6.0,100.0,1.0652516519063866,0.4191877345236137,0.5643352385063414,0.40625,1.0
0.5714285714285714,0.6324555320336759,0.7,0.795,0.1375288888888889,0.10833333333333335,BasicMotions,0,20,7.5,4,26,none (raw-flat RF),0.04,0.7050516551373969,,,,,,,,
0.75,0.7745966692414834,0.8,0.9933333333333333,0.0706872222222222,0.14083333333333334,BasicMotions,0,20,7.5,4,26,none,0.04,0.7050516551373969,64.0,6.0,100.0,,,,,
0.8235294117647058,0.8366600265340756,0.85,1.0,0.03718916666666667,0.11808333333333333,BasicMotions,0,20,7.5,4,26,SMOTE-raw,0.04,0.7050516551373969,64.0,6.0,100.0,0.7615819450276122,0.27777382533041683,0.47026527787337047,,
0.8235294117647058,0.8366600265340756,0.85,1.0,0.04635666666666667,0.1205,BasicMotions,0,20,7.5,4,26,KNNOR-raw (M=1),0.04,0.7050516551373969,64.0,6.0,100.0,1.4317804143681236,0.6078079035809825,0.1567706288196216,0.48148148148148145,
0.8888888888888888,0.8944271909999159,0.9,1.0,0.037060277777777775,0.1189166666666667,BasicMotions,0,20,7.5,4,26,chain-mean-GPF (PSSTO-style),0.04,0.7050516551373969,64.0,6.0,100.0,0.8387503490993282,0.4215252407081979,0.22336234132512836,,
0.8888888888888888,0.8944271909999159,0.9,1.0,0.039163333333333335,0.12350000000000001,BasicMotions,0,20,7.5,4,26,KNNOR-GPF (M=1),0.04,0.7050516551373969,64.0,6.0,100.0,0.7647043626657797,0.331486481676137,0.32153454987946084,1.0,1.0
0.9473684210526315,0.9486832980505138,0.95,1.0,0.02938694444444444,0.11225,BasicMotions,0,20,7.5,4,26,KNNOR-GPF (M=3/2),0.04,0.7050516551373969,64.0,6.0,100.0,0.6850191421259293,0.21147806638644773,0.7562598548908811,0.9629629629629629,1.5
0.8888888888888888,0.8944271909999159,0.9,1.0,0.03298444444444444,0.1155,BasicMotions,0,20,7.5,4,26,KNNOR-GPF (M calibrated),0.04,0.7050516551373969,64.0,6.0,100.0,0.7442653809739843,0.2099806603050054,0.8323854933255183,0.9285714285714286,1.5999999999999999
0.9473684210526315,0.9486832980505138,0.95,1.0,0.024694999999999998,0.10666666666666666,BasicMotions,0,20,7.5,4,26,hybrid GPF-nbrs/raw-walk (M calibrated),0.04,0.7050516551373969,64.0,6.0,100.0,0.5960219540809346,0.1305557861523443,1.827072286677521,0.40625,1.5999999999999999
0.8888888888888888,0.8944271909999159,0.9,1.0,0.0382425,0.12008333333333333,BasicMotions,0,20,7.5,4,26,hybrid GPF-nbrs/raw-walk (M=1),0.04,0.7050516551373969,64.0,6.0,100.0,0.9551580638146362,0.3320903847037939,0.4466759314420501,0.40625,1.0
0.46153846153846156,0.5477225575051661,0.65,0.8733333333333333,0.11972055555555557,0.10449999999999998,BasicMotions,1,5,5.0,6,24,none (raw-flat RF),0.04,0.24944176027516862,,,,,,,,
1.0,1.0,1.0,1.0,0.01803027777777778,0.08741666666666664,BasicMotions,1,5,5.0,6,24,none,0.04,0.24944176027516862,64.0,6.0,100.0,,,,,
1.0,1.0,1.0,1.0,0.008596666666666666,0.062,BasicMotions,1,5,5.0,6,24,SMOTE-raw,0.04,0.24944176027516862,64.0,6.0,100.0,0.5042592274968642,0.32788727015415275,0.5054501388136776,,
1.0,1.0,1.0,1.0,0.009510000000000001,0.06516666666666668,BasicMotions,1,5,5.0,6,24,KNNOR-raw (M=1),0.04,0.24944176027516862,64.0,6.0,100.0,1.167047406754961,0.7199120897715648,0.2306219912422859,1.0,
1.0,1.0,1.0,1.0,0.008876111111111109,0.061833333333333344,BasicMotions,1,5,5.0,6,24,chain-mean-GPF (PSSTO-style),0.04,0.24944176027516862,64.0,6.0,100.0,0.3357428659110009,0.37603016093253333,0.2598043534707417,,
1.0,1.0,1.0,1.0,0.010382222222222223,0.06616666666666667,BasicMotions,1,5,5.0,6,24,KNNOR-GPF (M=1),0.04,0.24944176027516862,64.0,6.0,100.0,0.3724210184795329,0.3825359034657401,0.29749077117820777,1.0,1.0
1.0,1.0,1.0,1.0,0.008991388888888887,0.06158333333333334,BasicMotions,1,5,5.0,6,24,KNNOR-GPF (M=3/2),0.04,0.24944176027516862,64.0,6.0,100.0,0.34698939324954226,0.2576974246784278,0.6709858668959118,1.0,1.5
1.0,1.0,1.0,1.0,0.009062222222222222,0.06183333333333333,BasicMotions,1,5,5.0,6,24,KNNOR-GPF (M calibrated),0.04,0.24944176027516862,64.0,6.0,100.0,0.34555373883058627,0.24624367813947334,0.7645712427532484,1.0,1.5999999999999999
1.0,1.0,1.0,1.0,0.009492777777777777,0.06583333333333334,BasicMotions,1,5,5.0,6,24,hybrid GPF-nbrs/raw-walk (M calibrated),0.04,0.24944176027516862,64.0,6.0,100.0,0.3567279662009135,0.21426715935523133,1.5009054143398022,0.375,1.5999999999999999
1.0,1.0,1.0,1.0,0.009954166666666667,0.06575000000000002,BasicMotions,1,5,5.0,6,24,hybrid GPF-nbrs/raw-walk (M=1),0.04,0.24944176027516862,64.0,6.0,100.0,0.8071626643491374,0.4765684246782002,0.5458686322869726,0.375,1.0
0.18181818181818182,0.31622776601683794,0.55,0.87,0.13534833333333335,0.11816666666666667,BasicMotions,1,10,7.5,4,26,none (raw-flat RF),0.04,0.39778571770962623,,,,,,,,
1.0,1.0,1.0,1.0,0.017622777777777782,0.08833333333333333,BasicMotions,1,10,7.5,4,26,none,0.04,0.39778571770962623,64.0,6.0,100.0,,,,,
1.0,1.0,1.0,1.0,0.008556944444444445,0.061083333333333344,BasicMotions,1,10,7.5,4,26,SMOTE-raw,0.04,0.39778571770962623,64.0,6.0,100.0,0.6764417957158066,0.3830579779535462,0.639979784031362,,
1.0,1.0,1.0,1.0,0.011658888888888889,0.07566666666666666,BasicMotions,1,10,7.5,4,26,KNNOR-raw (M=1),0.04,0.39778571770962623,64.0,6.0,100.0,1.220890840770683,0.7123783940061648,0.2328959350383351,0.9629629629629629,
1.0,1.0,1.0,1.0,0.007685277777777777,0.05858333333333334,BasicMotions,1,10,7.5,4,26,chain-mean-GPF (PSSTO-style),0.04,0.39778571770962623,64.0,6.0,100.0,0.47061189809548876,0.4458911104668016,0.24340669101134846,,
1.0,1.0,1.0,1.0,0.007579722222222224,0.05824999999999998,BasicMotions,1,10,7.5,4,26,KNNOR-GPF (M=1),0.04,0.39778571770962623,64.0,6.0,100.0,0.46973481035025655,0.4249870405594838,0.3017278031156065,1.0,1.0
1.0,1.0,1.0,1.0,0.0069766666666666675,0.05533333333333331,BasicMotions,1,10,7.5,4,26,KNNOR-GPF (M=3/2),0.04,0.39778571770962623,64.0,6.0,100.0,0.4353992191979543,0.2869844260087311,0.7599837574888646,0.9629629629629629,1.5
1.0,1.0,1.0,1.0,0.0068691666666666675,0.05391666666666665,BasicMotions,1,10,7.5,4,26,KNNOR-GPF (M calibrated),0.04,0.39778571770962623,64.0,6.0,100.0,0.4485651303148517,0.29718605389348174,0.8006924029768258,0.9285714285714286,1.5999999999999999
1.0,1.0,1.0,0.9999999999999999,0.0075,0.05450000000000002,BasicMotions,1,10,7.5,4,26,hybrid GPF-nbrs/raw-walk (M calibrated),0.04,0.39778571770962623,64.0,6.0,100.0,0.2945036948724624,0.16851965444278683,2.203213343981064,0.40625,1.5999999999999999
1.0,1.0,1.0,1.0,0.009738888888888887,0.06833333333333333,BasicMotions,1,10,7.5,4,26,hybrid GPF-nbrs/raw-walk (M=1),0.04,0.39778571770962623,64.0,6.0,100.0,0.9756053932726059,0.5694012258053026,0.43772966968546645,0.40625,1.0
0.0,0.0,0.5,0.8600000000000001,0.14147138888888888,0.09725000000000003,BasicMotions,1,20,7.5,4,26,none (raw-flat RF),0.04,0.3382595857760182,,,,,,,,
1.0,1.0,1.0,1.0,0.018361666666666665,0.09283333333333332,BasicMotions,1,20,7.5,4,26,none,0.04,0.3382595857760182,64.0,6.0,100.0,,,,,
1.0,1.0,1.0,1.0,0.007419722222222222,0.058416666666666665,BasicMotions,1,20,7.5,4,26,SMOTE-raw,0.04,0.3382595857760182,64.0,6.0,100.0,0.5829343073045319,0.31696253053612455,0.5616200991682926,,
1.0,1.0,1.0,1.0,0.008851944444444444,0.06708333333333331,BasicMotions,1,20,7.5,4,26,KNNOR-raw (M=1),0.04,0.3382595857760182,64.0,6.0,100.0,1.3293866449871365,0.7528569928576088,0.10725964195733309,0.8125,
1.0,1.0,1.0,1.0,0.006996666666666665,0.05633333333333335,BasicMotions,1,20,7.5,4,26,chain-mean-GPF (PSSTO-style),0.04,0.3382595857760182,64.0,6.0,100.0,0.4086962058777601,0.40533443805149544,0.21964269739096864,,
1.0,1.0,1.0,1.0,0.006954166666666667,0.05691666666666668,BasicMotions,1,20,7.5,4,26,KNNOR-GPF (M=1),0.04,0.3382595857760182,64.0,6.0,100.0,0.38899026334367504,0.33272785684978845,0.28540954199882235,1.0,1.0
1.0,1.0,1.0,1.0,0.006974444444444445,0.05616666666666668,BasicMotions,1,20,7.5,4,26,KNNOR-GPF (M=3/2),0.04,0.3382595857760182,64.0,6.0,100.0,0.3813622971127866,0.2889297559954096,0.42242743132033594,0.8666666666666667,1.5
1.0,1.0,1.0,1.0,0.0063325,0.05308333333333335,BasicMotions,1,20,7.5,4,26,KNNOR-GPF (M calibrated),0.04,0.3382595857760182,64.0,6.0,100.0,0.38334196957873345,0.2917399984355036,0.4424905192429836,0.8387096774193549,1.5999999999999999
1.0,1.0,1.0,1.0,0.007950555555555556,0.059833333333333336,BasicMotions,1,20,7.5,4,26,hybrid GPF-nbrs/raw-walk (M calibrated),0.04,0.3382595857760182,64.0,6.0,100.0,0.26030653505506285,0.1549559675994504,1.879510801083367,0.40625,1.5999999999999999
1.0,1.0,1.0,1.0,0.00756138888888889,0.05808333333333334,BasicMotions,1,20,7.5,4,26,hybrid GPF-nbrs/raw-walk (M=1),0.04,0.3382595857760182,64.0,6.0,100.0,0.6403386065216319,0.40891814799120596,0.357333098925229,0.40625,1.0
0.46153846153846156,0.5477225575051661,0.65,0.9316666666666666,0.11367972222222222,0.14308333333333334,BasicMotions,2,5,5.0,6,24,none (raw-flat RF),0.04,0.3221106200890833,,,,,,,,
0.9473684210526315,0.9486832980505138,0.95,1.0,0.039592777777777775,0.12033333333333335,BasicMotions,2,5,5.0,6,24,none,0.04,0.3221106200890833,64.0,6.0,100.0,,,,,
0.9473684210526315,0.9486832980505138,0.95,1.0,0.02205861111111111,0.09208333333333332,BasicMotions,2,5,5.0,6,24,SMOTE-raw,0.04,0.3221106200890833,64.0,6.0,100.0,0.48828029852137944,0.2558238192793073,0.5483020656688246,,
0.9473684210526315,0.9486832980505138,0.95,1.0,0.03388361111111111,0.12175,BasicMotions,2,5,5.0,6,24,KNNOR-raw (M=1),0.04,0.3221106200890833,64.0,6.0,100.0,0.9870766142713083,0.5586341239002621,0.22975649029406192,0.19047619047619047,
0.9473684210526315,0.9486832980505138,0.95,1.0,0.029630833333333335,0.10941666666666668,BasicMotions,2,5,5.0,6,24,chain-mean-GPF (PSSTO-style),0.04,0.3221106200890833,64.0,6.0,100.0,0.44327629615085473,0.4207080035540093,0.2404661963003242,,
0.9473684210526315,0.9486832980505138,0.95,1.0,0.02622027777777778,0.09758333333333334,BasicMotions,2,5,5.0,6,24,KNNOR-GPF (M=1),0.04,0.3221106200890833,64.0,6.0,100.0,0.34478838198900386,0.2605397250355519,0.4210548449029149,1.0,1.0
1.0,1.0,1.0,1.0,0.018853888888888892,0.08816666666666667,BasicMotions,2,5,5.0,6,24,KNNOR-GPF (M=3/2),0.04,0.3221106200890833,64.0,6.0,100.0,0.2968511413418018,0.15950892077574963,0.8291519977529453,0.8888888888888888,1.5
1.0,1.0,1.0,1.0,0.018013055555555556,0.08708333333333333,BasicMotions,2,5,5.0,6,24,KNNOR-GPF (M calibrated),0.04,0.3221106200890833,64.0,6.0,100.0,0.295157870395087,0.1559179741942882,0.894221319607903,0.8571428571428571,1.5999999999999999
1.0,1.0,1.0,1.0,0.007316944444444445,0.058249999999999996,BasicMotions,2,5,5.0,6,24,hybrid GPF-nbrs/raw-walk (M calibrated),0.04,0.3221106200890833,64.0,6.0,100.0,0.30695261706052235,0.12360143863650686,2.429578787987849,0.375,1.5999999999999999
0.9473684210526315,0.9486832980505138,0.95,1.0,0.02268277777777778,0.09233333333333334,BasicMotions,2,5,5.0,6,24,hybrid GPF-nbrs/raw-walk (M=1),0.04,0.3221106200890833,64.0,6.0,100.0,0.5145062628884662,0.2628714708189044,0.5675002399476526,0.375,1.0
0.46153846153846156,0.5477225575051661,0.65,0.9183333333333333,0.11609499999999999,0.122,BasicMotions,2,10,7.5,4,26,none (raw-flat RF),0.04,0.3410389672319798,,,,,,,,
0.9473684210526315,0.9486832980505138,0.95,1.0,0.034595,0.10366666666666666,BasicMotions,2,10,7.5,4,26,none,0.04,0.3410389672319798,64.0,6.0,100.0,,,,,
1.0,1.0,1.0,1.0,0.017125555555555554,0.07966666666666668,BasicMotions,2,10,7.5,4,26,SMOTE-raw,0.04,0.3410389672319798,64.0,6.0,100.0,0.47651651379528426,0.29262380442987024,0.49509146098946005,,
1.0,1.0,1.0,1.0,0.022616944444444446,0.09175,BasicMotions,2,10,7.5,4,26,KNNOR-raw (M=1),0.04,0.3410389672319798,64.0,6.0,100.0,0.8512214154824611,0.5353672023891026,0.24054599022465772,0.8387096774193549,
1.0,1.0,1.0,1.0,0.021506111111111115,0.09016666666666667,BasicMotions,2,10,7.5,4,26,chain-mean-GPF (PSSTO-style),0.04,0.3410389672319798,64.0,6.0,100.0,0.44350823795847893,0.5223237658225478,0.19262521057065668,,
1.0,1.0,1.0,1.0,0.022128055555555557,0.08958333333333333,BasicMotions,2,10,7.5,4,26,KNNOR-GPF (M=1),0.04,0.3410389672319798,64.0,6.0,100.0,0.4411162809514342,0.4614242032579586,0.2596464272219799,1.0,1.0
1.0,1.0,1.0,1.0,0.014925555555555556,0.07633333333333335,BasicMotions,2,10,7.5,4,26,KNNOR-GPF (M=3/2),0.04,0.3410389672319798,64.0,6.0,100.0,0.4419649851066034,0.3135368408820717,0.7046956981639179,1.0,1.5
1.0,1.0,1.0,1.0,0.014114166666666667,0.07791666666666666,BasicMotions,2,10,7.5,4,26,KNNOR-GPF (M calibrated),0.04,0.3410389672319798,64.0,6.0,100.0,0.45103336674925876,0.2975098064353934,0.8275234637402287,1.0,1.5999999999999999
1.0,1.0,1.0,1.0,0.009210277777777779,0.05975000000000001,BasicMotions,2,10,7.5,4,26,hybrid GPF-nbrs/raw-walk (M calibrated),0.04,0.3410389672319798,64.0,6.0,100.0,0.31332299844429357,0.15943577368688344,1.6368033650901785,0.40625,1.5999999999999999
1.0,1.0,1.0,1.0,0.02032472222222222,0.08741666666666667,BasicMotions,2,10,7.5,4,26,hybrid GPF-nbrs/raw-walk (M=1),0.04,0.3410389672319798,64.0,6.0,100.0,0.7259768400127427,0.42349471560908325,0.3827829566070701,0.40625,1.0
0.46153846153846156,0.5477225575051661,0.65,0.9283333333333335,0.11628361111111112,0.11875000000000001,BasicMotions,2,20,7.5,4,26,none (raw-flat RF),0.04,0.32178200006415003,,,,,,,,
0.9473684210526315,0.9486832980505138,0.95,1.0,0.03289305555555555,0.09858333333333334,BasicMotions,2,20,7.5,4,26,none,0.04,0.32178200006415003,64.0,6.0,100.0,,,,,
1.0,1.0,1.0,1.0,0.012814166666666665,0.06658333333333334,BasicMotions,2,20,7.5,4,26,SMOTE-raw,0.04,0.32178200006415003,64.0,6.0,100.0,0.44809037438901544,0.2563512062049721,0.4860209049787577,,
1.0,1.0,1.0,1.0,0.014904722222222222,0.07141666666666666,BasicMotions,2,20,7.5,4,26,KNNOR-raw (M=1),0.04,0.32178200006415003,64.0,6.0,100.0,0.6437725390224416,0.3867987405989476,0.38952951542413095,1.0,
1.0,1.0,1.0,1.0,0.015903055555555556,0.07058333333333332,BasicMotions,2,20,7.5,4,26,chain-mean-GPF (PSSTO-style),0.04,0.32178200006415003,64.0,6.0,100.0,0.40980219695968567,0.4525172198201284,0.23485864840577036,,
1.0,1.0,1.0,1.0,0.017878055555555557,0.07558333333333334,BasicMotions,2,20,7.5,4,26,KNNOR-GPF (M=1),0.04,0.32178200006415003,64.0,6.0,100.0,0.35132999666506004,0.3154844915353082,0.38704201123137943,1.0,1.0
1.0,1.0,1.0,1.0,0.013579166666666665,0.06808333333333334,BasicMotions,2,20,7.5,4,26,KNNOR-GPF (M=3/2),0.04,0.32178200006415003,64.0,6.0,100.0,0.33706825214861214,0.21263971222092493,0.9195350805286784,1.0,1.5
1.0,1.0,1.0,1.0,0.013442222222222222,0.06766666666666668,BasicMotions,2,20,7.5,4,26,KNNOR-GPF (M calibrated),0.04,0.32178200006415003,64.0,6.0,100.0,0.34247194804765035,0.2089560048329302,1.0208026384085165,1.0,1.5999999999999999
1.0,1.0,1.0,1.0,0.008453611111111111,0.05524999999999999,BasicMotions,2,20,7.5,4,26,hybrid GPF-nbrs/raw-walk (M calibrated),0.04,0.32178200006415003,64.0,6.0,100.0,0.26361900580359476,0.12138752865663793,2.4618037460031954,0.40625,1.5999999999999999
1.0,1.0,1.0,1.0,0.015131388888888892,0.07441666666666666,BasicMotions,2,20,7.5,4,26,hybrid GPF-nbrs/raw-walk (M=1),0.04,0.32178200006415003,64.0,6.0,100.0,0.5496172555455121,0.3030758790443939,0.5838945231717642,0.40625,1.0
0.46153846153846156,0.5477225575051661,0.65,0.8200000000000001,0.13550638888888888,0.09858333333333334,BasicMotions,3,5,5.0,6,24,none (raw-flat RF),0.04,0.3290180622647778,,,,,,,,
1.0,1.0,1.0,1.0,0.014273333333333332,0.06833333333333333,BasicMotions,3,5,5.0,6,24,none,0.04,0.3290180622647778,64.0,6.0,100.0,,,,,
1.0,1.0,1.0,1.0,0.0064491666666666655,0.04658333333333333,BasicMotions,3,5,5.0,6,24,SMOTE-raw,0.04,0.3290180622647778,64.0,6.0,100.0,0.5061255207350879,0.25141928103781497,0.5542218101203763,,
1.0,1.0,1.0,1.0,0.008509444444444443,0.05550000000000001,BasicMotions,3,5,5.0,6,24,KNNOR-raw (M=1),0.04,0.3290180622647778,64.0,6.0,100.0,1.0473838458764417,0.5654299700459599,0.22531699401361538,0.25263157894736843,
1.0,1.0,1.0,1.0,0.009251666666666667,0.05566666666666668,BasicMotions,3,5,5.0,6,24,chain-mean-GPF (PSSTO-style),0.04,0.3290180622647778,64.0,6.0,100.0,0.4583690017081148,0.38577823902760655,0.3003941964575151,,
1.0,1.0,1.0,1.0,0.00945,0.05516666666666668,BasicMotions,3,5,5.0,6,24,KNNOR-GPF (M=1),0.04,0.3290180622647778,64.0,6.0,100.0,0.6171315948298837,0.408514851781983,0.4261004785042682,1.0,1.0
1.0,1.0,1.0,1.0,0.0062677777777777775,0.0485,BasicMotions,3,5,5.0,6,24,KNNOR-GPF (M=3/2),0.04,0.3290180622647778,64.0,6.0,100.0,0.6972345450253488,0.35774284213907226,0.7785065944957396,1.0,1.5
1.0,1.0,1.0,1.0,0.006188611111111109,0.048749999999999995,BasicMotions,3,5,5.0,6,24,KNNOR-GPF (M calibrated),0.04,0.3290180622647778,64.0,6.0,100.0,0.7124626284230478,0.35567635151524646,0.8289939043906501,1.0,1.5999999999999999
1.0,1.0,1.0,1.0,0.003768055555555555,0.03958333333333335,BasicMotions,3,5,5.0,6,24,hybrid GPF-nbrs/raw-walk (M calibrated),0.04,0.3290180622647778,64.0,6.0,100.0,0.6364982133237786,0.2338839524538795,2.0435007925424333,0.375,1.5999999999999999
1.0,1.0,1.0,1.0,0.007987222222222224,0.05316666666666667,BasicMotions,3,5,5.0,6,24,hybrid GPF-nbrs/raw-walk (M=1),0.04,0.3290180622647778,64.0,6.0,100.0,0.7548686325950169,0.34848402690261915,0.6830384285476101,0.375,1.0
0.0,0.0,0.5,0.7366666666666666,0.16348944444444444,0.10533333333333335,BasicMotions,3,10,7.5,4,26,none (raw-flat RF),0.04,0.442824738345341,,,,,,,,
0.9473684210526315,0.9486832980505138,0.95,1.0,0.03305166666666667,0.09966666666666667,BasicMotions,3,10,7.5,4,26,none,0.04,0.442824738345341,64.0,6.0,100.0,,,,,
1.0,1.0,1.0,1.0,0.010836944444444444,0.06058333333333335,BasicMotions,3,10,7.5,4,26,SMOTE-raw,0.04,0.442824738345341,64.0,6.0,100.0,0.7659577419615928,0.4051470140995788,0.660327933029884,,
1.0,1.0,1.0,1.0,0.01523861111111111,0.07741666666666666,BasicMotions,3,10,7.5,4,26,KNNOR-raw (M=1),0.04,0.442824738345341,64.0,6.0,100.0,1.476229386574666,0.7917935331089061,0.11689931155375195,0.1092436974789916,
1.0,1.0,1.0,1.0,0.01257277777777778,0.06716666666666664,BasicMotions,3,10,7.5,4,26,chain-mean-GPF (PSSTO-style),0.04,0.442824738345341,64.0,6.0,100.0,0.5372170334034505,0.49826086917814705,0.32657955341949874,,
1.0,1.0,1.0,1.0,0.01438611111111111,0.07116666666666666,BasicMotions,3,10,7.5,4,26,KNNOR-GPF (M=1),0.04,0.442824738345341,64.0,6.0,100.0,0.5402234218436794,0.5058130026045491,0.3301380235825006,1.0,1.0
1.0,1.0,1.0,1.0,0.013338055555555556,0.06791666666666667,BasicMotions,3,10,7.5,4,26,KNNOR-GPF (M=3/2),0.04,0.442824738345341,64.0,6.0,100.0,0.5084756560993839,0.33879011681059235,0.8434949089867939,1.0,1.5
1.0,1.0,1.0,1.0,0.012191111111111111,0.06666666666666667,BasicMotions,3,10,7.5,4,26,KNNOR-GPF (M calibrated),0.04,0.442824738345341,64.0,6.0,100.0,0.5101554208926313,0.3264802564424597,0.9484308494880526,1.0,1.5999999999999999
1.0,1.0,1.0,1.0,0.004422500000000001,0.045250000000000005,BasicMotions,3,10,7.5,4,26,hybrid GPF-nbrs/raw-walk (M calibrated),0.04,0.442824738345341,64.0,6.0,100.0,0.3238858585950155,0.17598101197650617,2.3022793119396106,0.40625,1.5999999999999999
1.0,1.0,1.0,1.0,0.015221388888888887,0.07291666666666664,BasicMotions,3,10,7.5,4,26,hybrid GPF-nbrs/raw-walk (M=1),0.04,0.442824738345341,64.0,6.0,100.0,1.0370223802331373,0.5648115484320162,0.452667422417569,0.40625,1.0
0.3333333333333333,0.4472135954999579,0.6,0.73,0.1547258333333333,0.10891666666666665,BasicMotions,3,20,7.5,4,26,none (raw-flat RF),0.04,0.45858102659466815,,,,,,,,
0.9473684210526315,0.9486832980505138,0.95,1.0,0.0287375,0.09341666666666666,BasicMotions,3,20,7.5,4,26,none,0.04,0.45858102659466815,64.0,6.0,100.0,,,,,
1.0,1.0,1.0,1.0,0.00973611111111111,0.05583333333333333,BasicMotions,3,20,7.5,4,26,SMOTE-raw,0.04,0.45858102659466815,64.0,6.0,100.0,0.8764122558258813,0.42494466167103,0.6403528066680964,,
1.0,1.0,1.0,1.0,0.014831944444444444,0.07074999999999998,BasicMotions,3,20,7.5,4,26,KNNOR-raw (M=1),0.04,0.45858102659466815,64.0,6.0,100.0,1.3234408111366218,0.7052175883471146,0.19787153025664228,0.2826086956521739,
1.0,1.0,1.0,1.0,0.008937222222222221,0.05333333333333334,BasicMotions,3,20,7.5,4,26,chain-mean-GPF (PSSTO-style),0.04,0.45858102659466815,64.0,6.0,100.0,0.5377558226310264,0.5076138691535523,0.3214070558832632,,
1.0,1.0,1.0,1.0,0.012044166666666667,0.06408333333333333,BasicMotions,3,20,7.5,4,26,KNNOR-GPF (M=1),0.04,0.45858102659466815,64.0,6.0,100.0,0.619574788579526,0.5412380679493007,0.2926578800633836,1.0,1.0
1.0,1.0,1.0,1.0,0.009971666666666663,0.06016666666666668,BasicMotions,3,20,7.5,4,26,KNNOR-GPF (M=3/2),0.04,0.45858102659466815,64.0,6.0,100.0,0.6517770281695932,0.41185334494567294,0.7139936474270242,1.0,1.5
1.0,1.0,1.0,1.0,0.008673333333333333,0.05716666666666666,BasicMotions,3,20,7.5,4,26,KNNOR-GPF (M calibrated),0.04,0.45858102659466815,64.0,6.0,100.0,0.6858652171749291,0.37951413656631783,1.0694273180825762,1.0,1.7999999999999998
1.0,1.0,1.0,1.0,0.003142777777777778,0.03716666666666669,BasicMotions,3,20,7.5,4,26,hybrid GPF-nbrs/raw-walk (M calibrated),0.04,0.45858102659466815,64.0,6.0,100.0,0.2674214431558819,0.13751959091306176,3.6362937995804994,0.40625,1.7999999999999998
1.0,1.0,1.0,1.0,0.011334444444444444,0.06266666666666668,BasicMotions,3,20,7.5,4,26,hybrid GPF-nbrs/raw-walk (M=1),0.04,0.45858102659466815,64.0,6.0,100.0,1.0351499986012087,0.5062170216039856,0.49107724272055187,0.40625,1.0
0.18181818181818182,0.31622776601683794,0.55,0.9183333333333333,0.13013111111111111,0.18516666666666667,BasicMotions,4,5,5.0,6,24,none (raw-flat RF),0.04,0.24969627117271953,,,,,,,,
1.0,1.0,1.0,1.0,0.016786111111111113,0.08699999999999998,BasicMotions,4,5,5.0,6,24,none,0.04,0.24969627117271953,64.0,6.0,100.0,,,,,
1.0,1.0,1.0,1.0,0.007610833333333333,0.06625,BasicMotions,4,5,5.0,6,24,SMOTE-raw,0.04,0.24969627117271953,64.0,6.0,100.0,0.5341475257197299,0.27359187149986586,0.8315398128810016,,
1.0,1.0,1.0,1.0,0.007695833333333335,0.06375,BasicMotions,4,5,5.0,6,24,KNNOR-raw (M=1),0.04,0.24969627117271953,64.0,6.0,100.0,0.2513047377864617,0.1401900080043691,0.842348232693463,0.045283018867924525,
1.0,1.0,1.0,1.0,0.008997222222222222,0.06850000000000002,BasicMotions,4,5,5.0,6,24,chain-mean-GPF (PSSTO-style),0.04,0.24969627117271953,64.0,6.0,100.0,0.3819690051514222,0.4506195482625212,0.19978192918971227,,
1.0,1.0,1.0,1.0,0.008251944444444444,0.0655833333333333,BasicMotions,4,5,5.0,6,24,KNNOR-GPF (M=1),0.04,0.24969627117271953,64.0,6.0,100.0,0.35747815677183414,0.2932141876946228,0.5031724654012741,1.0,1.0
1.0,1.0,1.0,1.0,0.008437499999999999,0.06808333333333333,BasicMotions,4,5,5.0,6,24,KNNOR-GPF (M=3/2),0.04,0.24969627117271953,64.0,6.0,100.0,0.3857954064544642,0.2449162951178404,0.932135615394889,1.0,1.5
1.0,1.0,1.0,1.0,0.007946666666666666,0.06616666666666665,BasicMotions,4,5,5.0,6,24,KNNOR-GPF (M calibrated),0.04,0.24969627117271953,64.0,6.0,100.0,0.4002845150634897,0.24816763217487592,0.9571944801890083,0.96,1.5999999999999999
1.0,1.0,1.0,1.0,0.006506666666666666,0.057,BasicMotions,4,5,5.0,6,24,hybrid GPF-nbrs/raw-walk (M calibrated),0.04,0.24969627117271953,64.0,6.0,100.0,0.423978955925153,0.18551847318332093,3.3751750358126604,0.375,1.5999999999999999
1.0,1.0,1.0,1.0,0.008991944444444445,0.07008333333333334,BasicMotions,4,5,5.0,6,24,hybrid GPF-nbrs/raw-walk (M=1),0.04,0.24969627117271953,64.0,6.0,100.0,0.5795107859359638,0.34023589001183163,0.7298529755622296,0.375,1.0
0.0,0.0,0.5,0.8550000000000001,0.14494194444444447,0.11674999999999999,BasicMotions,4,10,7.5,4,26,none (raw-flat RF),0.04,0.28332149267797746,,,,,,,,
1.0,1.0,1.0,1.0,0.02678083333333333,0.10674999999999997,BasicMotions,4,10,7.5,4,26,none,0.04,0.28332149267797746,64.0,6.0,100.0,,,,,
1.0,1.0,1.0,1.0,0.004956111111111111,0.04816666666666666,BasicMotions,4,10,7.5,4,26,SMOTE-raw,0.04,0.28332149267797746,64.0,6.0,100.0,0.5695450206533978,0.31461288061567727,0.6373591692364506,,
1.0,1.0,1.0,1.0,0.013291944444444448,0.07775000000000001,BasicMotions,4,10,7.5,4,26,KNNOR-raw (M=1),0.04,0.28332149267797746,64.0,6.0,100.0,1.26541636168185,0.8089419658193407,0.06732302654392412,0.0456140350877193,
1.0,1.0,1.0,1.0,0.009072222222222221,0.06066666666666666,BasicMotions,4,10,7.5,4,26,chain-mean-GPF (PSSTO-style),0.04,0.28332149267797746,64.0,6.0,100.0,0.34844319983334526,0.44875144896813496,0.13638667729049742,,
1.0,1.0,1.0,1.0,0.011786111111111112,0.072,BasicMotions,4,10,7.5,4,26,KNNOR-GPF (M=1),0.04,0.28332149267797746,64.0,6.0,100.0,0.37410531151898585,0.37119814397221684,0.3385743936293286,1.0,1.0
1.0,1.0,1.0,1.0,0.007537222222222223,0.060333333333333336,BasicMotions,4,10,7.5,4,26,KNNOR-GPF (M=3/2),0.04,0.28332149267797746,64.0,6.0,100.0,0.4090095167126182,0.2963203371042,0.8987743944976508,1.0,1.5
1.0,1.0,1.0,1.0,0.007505555555555555,0.06016666666666668,BasicMotions,4,10,7.5,4,26,KNNOR-GPF (M calibrated),0.04,0.28332149267797746,64.0,6.0,100.0,0.4227295800444075,0.28894034365643084,1.0564793596258077,1.0,1.5999999999999999
1.0,1.0,1.0,1.0,0.00664,0.057166666666666664,BasicMotions,4,10,7.5,4,26,hybrid GPF-nbrs/raw-walk (M calibrated),0.04,0.28332149267797746,64.0,6.0,100.0,0.5925913858646279,0.23234055848199298,3.2526982576189214,0.40625,1.5999999999999999
1.0,1.0,1.0,1.0,0.005439444444444444,0.05100000000000002,BasicMotions,4,10,7.5,4,26,hybrid GPF-nbrs/raw-walk (M=1),0.04,0.28332149267797746,64.0,6.0,100.0,0.6025033795946095,0.3682200289700811,0.6060329448028394,0.40625,1.0
0.0,0.0,0.5,0.9650000000000001,0.1334611111111111,0.1856666666666667,BasicMotions,4,20,7.5,4,26,none (raw-flat RF),0.04,0.347981923517223,,,,,,,,
1.0,1.0,1.0,1.0,0.025448055555555554,0.09691666666666668,BasicMotions,4,20,7.5,4,26,none,0.04,0.347981923517223,64.0,6.0,100.0,,,,,
1.0,1.0,1.0,1.0,0.008126666666666667,0.0665,BasicMotions,4,20,7.5,4,26,SMOTE-raw,0.04,0.347981923517223,64.0,6.0,100.0,0.3507499867848509,0.21193287680745987,0.674104506333228,,
1.0,1.0,1.0,1.0,0.007091666666666665,0.06116666666666668,BasicMotions,4,20,7.5,4,26,KNNOR-raw (M=1),0.04,0.347981923517223,64.0,6.0,100.0,0.7580284649866627,0.5212043037293048,0.22790870811463637,0.13333333333333333,
1.0,1.0,1.0,1.0,0.01294972222222222,0.07458333333333332,BasicMotions,4,20,7.5,4,26,chain-mean-GPF (PSSTO-style),0.04,0.347981923517223,64.0,6.0,100.0,0.4608141088831361,0.5428932403221176,0.15413271488865737,,
1.0,1.0,1.0,1.0,0.011606666666666666,0.07216666666666666,BasicMotions,4,20,7.5,4,26,KNNOR-GPF (M=1),0.04,0.347981923517223,64.0,6.0,100.0,0.3679230146480623,0.3888826570546663,0.25540031154921444,1.0,1.0
1.0,1.0,1.0,1.0,0.005581666666666667,0.05616666666666667,BasicMotions,4,20,7.5,4,26,KNNOR-GPF (M=3/2),0.04,0.347981923517223,64.0,6.0,100.0,0.3476558332589301,0.2983055228410899,0.4198793977112775,0.7647058823529411,1.5
1.0,1.0,1.0,1.0,0.005394166666666666,0.055249999999999994,BasicMotions,4,20,7.5,4,26,KNNOR-GPF (M calibrated),0.04,0.347981923517223,64.0,6.0,100.0,0.3243825785642591,0.26582443206462725,0.4764766087500948,0.6666666666666666,1.5999999999999999
1.0,1.0,1.0,1.0,0.004308333333333333,0.04533333333333334,BasicMotions,4,20,7.5,4,26,hybrid GPF-nbrs/raw-walk (M calibrated),0.04,0.347981923517223,64.0,6.0,100.0,0.3034204760601984,0.15698979662653978,1.4938571347473608,0.40625,1.5999999999999999
1.0,1.0,1.0,1.0,0.005872777777777777,0.05683333333333334,BasicMotions,4,20,7.5,4,26,hybrid GPF-nbrs/raw-walk (M=1),0.04,0.347981923517223,64.0,6.0,100.0,0.5553345795847218,0.3809978915892303,0.3588857382412183,0.203125,1.0
0.9723756906077348,0.9727469142278401,0.9731182795698925,0.9998430558238361,0.0023459295544669932,0.006036855609983672,CharacterTrajectories,0,5,14.4,93,1243,none (raw-flat RF),0.828,0.1636215771463263,,,,,,,,
0.978021978021978,0.9782582722940951,0.978494623655914,0.9999275642263858,0.0020854288157997045,0.0053860508514112365,CharacterTrajectories,0,5,14.4,93,1243,none,0.828,0.1636215771463263,64.0,3.0,182.0,,,,,
0.9836065573770492,0.9837387536759294,0.9838709677419355,0.9999034189685146,0.001914392348961978,0.004576627011896437,CharacterTrajectories,0,5,14.4,93,1243,SMOTE-raw,0.828,0.1636215771463263,64.0,3.0,182.0,0.27178436836495123,0.04665218272487415,0.7125163863498571,,
0.9836065573770492,0.9837387536759294,0.9838709677419355,0.9998873221299336,0.0020788274628722493,0.005253090739444816,CharacterTrajectories,0,5,14.4,93,1243,KNNOR-raw (M=1),0.828,0.1636215771463263,64.0,3.0,182.0,0.5869159541694229,0.12673185122360558,0.44172238349623383,1.0,
0.9836065573770492,0.9837387536759294,0.9838709677419355,0.9999114673878051,0.001935907005676075,0.004065780265920223,CharacterTrajectories,0,5,14.4,93,1243,chain-mean-GPF (PSSTO-style),0.828,0.1636215771463263,64.0,3.0,182.0,0.2980289284631059,0.058624949244290736,0.631885818975589,,
0.978021978021978,0.9782582722940951,0.978494623655914,0.9998953705492242,0.0021745820698234977,0.0045183111733146705,CharacterTrajectories,0,5,14.4,93,1243,KNNOR-GPF (M=1),0.828,0.1636215771463263,64.0,3.0,182.0,0.5686529109314638,0.12281349980032019,0.4387254233195237,1.0,1.0
0.9891304347826086,0.9891888715790903,0.989247311827957,0.9998309831949005,0.002099370188943317,0.004935852577560073,CharacterTrajectories,0,5,14.4,93,1243,KNNOR-GPF (M=3/2),0.828,0.1636215771463263,64.0,3.0,182.0,0.4153936988359552,0.06786334124067983,0.6434129129150322,1.0,1.5
0.9891304347826086,0.9891888715790903,0.989247311827957,0.9998068379370293,0.001934452997434103,0.00529974341031024,CharacterTrajectories,0,5,14.4,93,1243,KNNOR-GPF (M calibrated),0.828,0.1636215771463263,64.0,3.0,182.0,0.3355885216268648,0.04269505981733468,0.8616685091167001,1.0,1.7999999999999998
0.9891304347826086,0.9891888715790903,0.989247311827957,0.99982293477561,0.0019410699012518467,0.005633310006997903,CharacterTrajectories,0,5,14.4,93,1243,hybrid GPF-nbrs/raw-walk (M calibrated),0.828,0.1636215771463263,64.0,3.0,182.0,0.30580932594360366,0.03995126075794264,0.9134708832767328,0.97109375,1.7999999999999998
0.978021978021978,0.9782582722940951,0.978494623655914,0.9999195158070955,0.002159046730425317,0.005292745509680427,CharacterTrajectories,0,5,14.4,93,1243,hybrid GPF-nbrs/raw-walk (M=1),0.828,0.1636215771463263,64.0,3.0,182.0,0.6075515335692208,0.12666791547546308,0.4354701492338331,0.97109375,1.0
0.9723756906077348,0.9727469142278401,0.9731182795698925,0.9998913463395789,0.0023342974885312185,0.005262421273617907,CharacterTrajectories,0,10,14.4,93,1243,none (raw-flat RF),0.828,0.16362157714632541,,,,,,,,
0.9836065573770492,0.9837387536759294,0.9838709677419355,0.9998953705492242,0.0021366145711842,0.005635642640541165,CharacterTrajectories,0,10,14.4,93,1243,none,0.828,0.16362157714632541,64.0,3.0,182.0,,,,,
0.9836065573770492,0.9837387536759294,0.9838709677419355,0.9999034189685145,0.0019560220822642097,0.003666899930020986,CharacterTrajectories,0,10,14.4,93,1243,SMOTE-raw,0.828,0.16362157714632541,64.0,3.0,182.0,0.28200600582297675,0.047315881827036166,0.7194636693437426,,
0.9891304347826086,0.9891888715790903,0.989247311827957,0.9998511042431266,0.0020772101702822483,0.005173781198973642,CharacterTrajectories,0,10,14.4,93,1243,KNNOR-raw (M=1),0.828,0.16362157714632541,64.0,3.0,182.0,0.5681596848043622,0.12191205585457976,0.4521059173342569,1.0,
0.9836065573770492,0.9837387536759294,0.9838709677419355,0.9999436610649668,0.0018404400901951634,0.0047469092605551535,CharacterTrajectories,0,10,14.4,93,1243,chain-mean-GPF (PSSTO-style),0.828,0.16362157714632541,64.0,3.0,182.0,0.28809315616057507,0.05598563628697395,0.6484322460092541,,
0.978021978021978,0.9782582722940951,0.978494623655914,0.9998953705492242,0.002119671876214913,0.0051947749008630665,CharacterTrajectories,0,10,14.4,93,1243,KNNOR-GPF (M=1),0.828,0.16362157714632541,64.0,3.0,182.0,0.5737900828931055,0.12476017155336266,0.4301362678310831,1.0,1.0
0.9891304347826086,0.9891888715790903,0.989247311827957,0.9998068379370292,0.0019625145789596457,0.004793561931420572,CharacterTrajectories,0,10,14.4,93,1243,KNNOR-GPF (M=3/2),0.828,0.16362157714632541,64.0,3.0,182.0,0.42232527526604446,0.06983591040450055,0.6257389272457358,1.0,1.5
0.9891304347826086,0.9891888715790903,0.989247311827957,0.9998350074045458,0.001851939973563487,0.004744576627011892,CharacterTrajectories,0,10,14.4,93,1243,KNNOR-GPF (M calibrated),0.828,0.16362157714632541,64.0,3.0,182.0,0.3416160633690133,0.044235140838814746,0.8349351546277644,1.0,1.7999999999999998
0.9891304347826086,0.9891888715790903,0.989247311827957,0.9999034189685145,0.0018139102713630357,0.005605318404478662,CharacterTrajectories,0,10,14.4,93,1243,hybrid GPF-nbrs/raw-walk (M calibrated),0.828,0.16362157714632541,64.0,3.0,182.0,0.30600634953694605,0.04084192632554773,0.8828445724774919,0.97109375,1.7999999999999998
0.978021978021978,0.9782582722940951,0.978494623655914,0.9999034189685145,0.0021022859808724056,0.005110800093305338,CharacterTrajectories,0,10,14.4,93,1243,hybrid GPF-nbrs/raw-walk (M=1),0.828,0.16362157714632541,64.0,3.0,182.0,0.6138540356592985,0.1289078858646563,0.4264883270545688,0.97109375,1.0
0.9666666666666667,0.9672041516493516,0.967741935483871,0.9997987895177387,0.0029895420262810043,0.005969209237228829,CharacterTrajectories,0,20,19.9,67,1269,none (raw-flat RF),0.828,0.18317788824336034,,,,,,,,
0.978021978021978,0.9782582722940951,0.978494623655914,0.9997987895177387,0.0030305030713008324,0.005101469559132254,CharacterTrajectories,0,20,19.9,67,1269,none,0.828,0.18317788824336034,64.0,3.0,182.0,,,,,
0.978021978021978,0.9782582722940951,0.978494623655914,0.9997062326958985,0.002471254179301765,0.00435269419174248,CharacterTrajectories,0,20,19.9,67,1269,SMOTE-raw,0.828,0.18317788824336034,64.0,3.0,182.0,0.2849607823943714,0.05034090425618909,0.7081433812513257,,
0.978021978021978,0.9782582722940951,0.978494623655914,0.9997826926791579,0.002565959101158541,0.004483321670165622,CharacterTrajectories,0,20,19.9,67,1269,KNNOR-raw (M=1),0.828,0.18317788824336034,64.0,3.0,182.0,0.5654743049816444,0.1242659263235304,0.45086148656344066,1.0,
0.978021978021978,0.9782582722940951,0.978494623655914,0.9997585474212864,0.0025113599253557264,0.003984138091905757,CharacterTrajectories,0,20,19.9,67,1269,chain-mean-GPF (PSSTO-style),0.828,0.18317788824336034,64.0,3.0,182.0,0.32939504740984926,0.06666212145284112,0.6183704682228479,,
0.978021978021978,0.9782582722940951,0.978494623655914,0.9998148863563197,0.002615014384573517,0.0046069512479589335,CharacterTrajectories,0,20,19.9,67,1269,KNNOR-GPF (M=1),0.828,0.18317788824336034,64.0,3.0,182.0,0.5368565355459269,0.13003781515706597,0.40479998932794986,1.0,1.0
0.978021978021978,0.9782582722940951,0.978494623655914,0.9997344021634151,0.002368229531140658,0.004478656403079085,CharacterTrajectories,0,20,19.9,67,1269,KNNOR-GPF (M=3/2),0.828,0.18317788824336034,64.0,3.0,182.0,0.3555693293403328,0.06575694725682146,0.6128843177882772,1.0,1.5
0.9891304347826086,0.9891888715790903,0.989247311827957,0.9995935548258321,0.0021458673509058396,0.0045253090739444755,CharacterTrajectories,0,20,19.9,67,1269,KNNOR-GPF (M calibrated),0.828,0.18317788824336034,64.0,3.0,182.0,0.2598902558439429,0.03617416521079908,0.8407598159321722,1.0,1.7999999999999998
0.9891304347826086,0.9891888715790903,0.989247311827957,0.9997022084862532,0.002030254257056216,0.004471658502449263,CharacterTrajectories,0,20,19.9,67,1269,hybrid GPF-nbrs/raw-walk (M calibrated),0.828,0.18317788824336034,64.0,3.0,182.0,0.2324203381847223,0.03288254431159532,0.9027627965503681,0.99140625,1.7999999999999998
0.978021978021978,0.9782582722940951,0.978494623655914,0.9998148863563197,0.002643612471814011,0.004737578726382083,CharacterTrajectories,0,20,19.9,67,1269,hybrid GPF-nbrs/raw-walk (M=1),0.828,0.18317788824336034,64.0,3.0,182.0,0.5667193359229339,0.13194195688270777,0.4052408714041618,0.99140625,1.0
0.9723756906077348,0.9727469142278401,0.9731182795698925,0.9997746442598673,0.0027069201461783687,0.006146489386517381,CharacterTrajectories,1,5,14.4,93,1243,none (raw-flat RF),0.828,0.15206719947188052,,,,,,,,
0.9613259668508287,0.9668421062869947,0.967367683986865,0.9996297727126392,0.003791415908560765,0.005113132726848619,CharacterTrajectories,1,5,14.4,93,1243,none,0.828,0.15206719947188052,64.0,3.0,182.0,,,,,
0.9666666666666667,0.9672041516493516,0.967741935483871,0.9996056274547679,0.003271876214913304,0.0034522976440401225,CharacterTrajectories,1,5,14.4,93,1243,SMOTE-raw,0.828,0.15206719947188052,64.0,3.0,182.0,0.24212722860964764,0.04160955327089633,0.7063034782502875,,
0.9723756906077348,0.9727469142278401,0.9731182795698925,0.9995412401004442,0.003369294767125418,0.005917891299276887,CharacterTrajectories,1,5,14.4,93,1243,KNNOR-raw (M=1),0.828,0.15206719947188052,64.0,3.0,182.0,0.5696870246474441,0.12130832918450052,0.4191051773240712,1.0,
0.9666666666666667,0.9672041516493516,0.967741935483871,0.9995694095679608,0.003438768369489153,0.0043573594588290215,CharacterTrajectories,1,5,14.4,93,1243,chain-mean-GPF (PSSTO-style),0.828,0.15206719947188052,64.0,3.0,182.0,0.26492037345716835,0.05017721658359531,0.6742259895135728,,
0.9723756906077348,0.9727469142278401,0.9731182795698925,0.999537215890799,0.0035937252157686025,0.0066036855609983664,CharacterTrajectories,1,5,14.4,93,1243,KNNOR-GPF (M=1),0.828,0.15206719947188052,64.0,3.0,182.0,0.5204087129652217,0.11141575007623439,0.44887008357473873,1.0,1.0
0.9726775956284153,0.977892089136106,0.978120372158908,0.9997384263730604,0.0029338542881579975,0.004466993235362723,CharacterTrajectories,1,5,14.4,93,1243,KNNOR-GPF (M=3/2),0.828,0.15206719947188052,64.0,3.0,182.0,0.3844994765959511,0.06364765530441574,0.6267783326175299,1.0,1.5
0.9782608695652174,0.9833705190556256,0.9834967162449295,0.9997987895177387,0.0024110644584402455,0.005516678329834383,CharacterTrajectories,1,5,14.4,93,1243,KNNOR-GPF (M calibrated),0.828,0.15206719947188052,64.0,3.0,182.0,0.2627195748602409,0.028872247756072,0.9860416647689403,1.0,2.0
0.978494623655914,0.9884481834396034,0.988498808833945,0.9997344021634151,0.002630044320037322,0.006666666666666661,CharacterTrajectories,1,5,14.4,93,1243,hybrid GPF-nbrs/raw-walk (M calibrated),0.828,0.15206719947188052,64.0,3.0,182.0,0.25704579469198396,0.027490733327921735,1.0905095023322224,0.97109375,2.0
0.9723756906077348,0.9727469142278401,0.9731182795698925,0.9995412401004442,0.003621421351372366,0.006221133659902031,CharacterTrajectories,1,5,14.4,93,1243,hybrid GPF-nbrs/raw-walk (M=1),0.828,0.15206719947188052,64.0,3.0,182.0,0.5326468527860193,0.11115958667360354,0.44938695901255765,0.97109375,1.0
0.9723756906077348,0.9727469142278401,0.9731182795698925,0.9997504990019961,0.002842383951481222,0.0065990202939118295,CharacterTrajectories,1,10,14.4,93,1243,none (raw-flat RF),0.828,0.15206719947187963,,,,,,,,
0.9666666666666667,0.9672041516493516,0.967741935483871,0.9996096516644132,0.0038863152165461473,0.005637975274084436,CharacterTrajectories,1,10,14.4,93,1243,none,0.828,0.15206719947187963,64.0,3.0,182.0,,,,,
0.9666666666666667,0.9672041516493516,0.967741935483871,0.9994808769557658,0.003384130316460617,0.0038511779799393553,CharacterTrajectories,1,10,14.4,93,1243,SMOTE-raw,0.828,0.15206719947187963,64.0,3.0,182.0,0.2644782040747442,0.043497647046403354,0.7076042941811524,,
0.9723756906077348,0.9727469142278401,0.9731182795698925,0.9995492885197347,0.0033521421351372363,0.005927221833449968,CharacterTrajectories,1,10,14.4,93,1243,KNNOR-raw (M=1),0.828,0.15206719947187963,64.0,3.0,182.0,0.5313604081205057,0.11423621073510654,0.4356885953063141,1.0,
0.9723756906077348,0.9727469142278401,0.9731182795698925,0.99955331272938,0.0033691237073322443,0.005101469559132253,CharacterTrajectories,1,10,14.4,93,1243,chain-mean-GPF (PSSTO-style),0.828,0.15206719947187963,64.0,3.0,182.0,0.28592500887883254,0.052445956530990046,0.6509434966461974,,
0.9723756906077348,0.9727469142278401,0.9731182795698925,0.9995211190522182,0.003600241038799471,0.006706321436902264,CharacterTrajectories,1,10,14.4,93,1243,KNNOR-GPF (M=1),0.828,0.15206719947187963,64.0,3.0,182.0,0.5222260682626283,0.10978771593944758,0.4534542915908107,1.0,1.0
0.9726775956284153,0.977892089136106,0.978120372158908,0.9996659905994463,0.0029022393282015398,0.0046396081175647304,CharacterTrajectories,1,10,14.4,93,1243,KNNOR-GPF (M=3/2),0.828,0.15206719947187963,64.0,3.0,182.0,0.3892718309211629,0.062399485317477854,0.635129847962996,1.0,1.5
0.978494623655914,0.9884481834396034,0.988498808833945,0.9997062326958985,0.0024149366301220746,0.005833916491719151,CharacterTrajectories,1,10,14.4,93,1243,KNNOR-GPF (M calibrated),0.828,0.15206719947187963,64.0,3.0,182.0,0.2739410997153229,0.029096937218221708,0.9997231615734284,1.0,2.0
0.978494623655914,0.9884481834396034,0.988498808833945,0.9998350074045458,0.0023728559210014774,0.006561698157219502,CharacterTrajectories,1,10,14.4,93,1243,hybrid GPF-nbrs/raw-walk (M calibrated),0.828,0.15206719947187963,64.0,3.0,182.0,0.2598086176551515,0.02724722274784408,1.1012115172566956,0.97109375,2.0
0.9723756906077348,0.9727469142278401,0.9731182795698925,0.9995492885197347,0.0036030090972708185,0.006496384418007928,CharacterTrajectories,1,10,14.4,93,1243,hybrid GPF-nbrs/raw-walk (M=1),0.828,0.15206719947187963,64.0,3.0,182.0,0.5381693072795564,0.11053552685919932,0.45194637104479685,0.97109375,1.0
0.9613259668508287,0.9668421062869947,0.967367683986865,0.9996901358573176,0.003261107223388539,0.00719617448098904,CharacterTrajectories,1,20,19.9,67,1269,none (raw-flat RF),0.828,0.1593664130491934,,,,,,,,
0.9666666666666667,0.9672041516493516,0.967741935483871,0.9996177000837035,0.004119345307518856,0.005689293212036382,CharacterTrajectories,1,20,19.9,67,1269,none,0.828,0.1593664130491934,64.0,3.0,182.0,,,,,
0.9666666666666667,0.9672041516493516,0.967741935483871,0.9994567316978945,0.003369730192053495,0.004308374154420331,CharacterTrajectories,1,20,19.9,67,1269,SMOTE-raw,0.828,0.1593664130491934,64.0,3.0,182.0,0.2502815861637542,0.04170926661236163,0.6697280911150192,,
0.9723756906077348,0.9727469142278401,0.9731182795698925,0.9997062326958985,0.003338364046341653,0.006099836715651969,CharacterTrajectories,1,20,19.9,67,1269,KNNOR-raw (M=1),0.828,0.1593664130491934,64.0,3.0,182.0,0.5600224892657097,0.12016138524297121,0.41044058595514615,1.0,
0.9666666666666667,0.9672041516493516,0.967741935483871,0.9996337969222844,0.0033890132960111966,0.004938185211103337,CharacterTrajectories,1,20,19.9,67,1269,chain-mean-GPF (PSSTO-style),0.828,0.1593664130491934,64.0,3.0,182.0,0.2988565414861313,0.05413427680409422,0.6243302304983813,,
0.9666666666666667,0.9672041516493516,0.967741935483871,0.9996297727126393,0.003908957312806158,0.005637975274084448,CharacterTrajectories,1,20,19.9,67,1269,KNNOR-GPF (M=1),0.828,0.1593664130491934,64.0,3.0,182.0,0.6155717469300548,0.12925132481630686,0.3986650993544905,1.0,1.0
0.9723756906077348,0.9727469142278401,0.9731182795698925,0.9995170948425729,0.0031361324935852575,0.004236062514578964,CharacterTrajectories,1,20,19.9,67,1269,KNNOR-GPF (M=3/2),0.828,0.1593664130491934,64.0,3.0,182.0,0.4773423554971332,0.07654317383584686,0.5733815921206779,1.0,1.5
0.9782608695652174,0.9833705190556256,0.9834967162449295,0.9997344021634151,0.002426281004587513,0.006372754840214606,CharacterTrajectories,1,20,19.9,67,1269,KNNOR-GPF (M calibrated),0.828,0.1593664130491934,64.0,3.0,182.0,0.35049178316180996,0.03716087664540535,0.9381354156546275,1.0,2.0
0.972972972972973,0.9830021464938873,0.9831224647479235,0.9997263537441248,0.0025306197029779953,0.005693958479122926,CharacterTrajectories,1,20,19.9,67,1269,hybrid GPF-nbrs/raw-walk (M calibrated),0.828,0.1593664130491934,64.0,3.0,182.0,0.326963439581335,0.03341254060408272,1.0533387985298535,0.99140625,2.0
0.9666666666666667,0.9672041516493516,0.967741935483871,0.9995975790354774,0.003929181245626312,0.005565663634243071,CharacterTrajectories,1,20,19.9,67,1269,hybrid GPF-nbrs/raw-walk (M=1),0.828,0.1593664130491934,64.0,3.0,182.0,0.6353500341932232,0.1298647447826083,0.39950417610386324,0.99140625,1.0
0.9891304347826086,0.9891888715790903,0.989247311827957,0.9998470800334814,0.0018522354404789676,0.004739911359925356,CharacterTrajectories,2,5,14.4,93,1243,none (raw-flat RF),0.828,0.09648277417724582,,,,,,,,
0.9723756906077348,0.9727469142278401,0.9731182795698925,0.9998309831949006,0.0026165539227120753,0.004191742477256816,CharacterTrajectories,2,5,14.4,93,1243,none,0.828,0.09648277417724582,64.0,3.0,182.0,,,,,
0.9891304347826086,0.9891888715790903,0.989247311827957,0.9998148863563197,0.0018383407200062204,0.005269419174247722,CharacterTrajectories,2,5,14.4,93,1243,SMOTE-raw,0.828,0.09648277417724582,64.0,3.0,182.0,0.14888500253931536,0.024229608608797082,0.6931287346557639,,
0.9891304347826086,0.9891888715790903,0.989247311827957,0.9997585474212864,0.0021172925900007776,0.0058432470258922235,CharacterTrajectories,2,5,14.4,93,1243,KNNOR-raw (M=1),0.828,0.09648277417724582,64.0,3.0,182.0,0.3637559260324714,0.0850838911481292,0.413118814882432,1.0,
0.9836065573770492,0.9837387536759294,0.9838709677419355,0.9997826926791578,0.0020735634865096026,0.004434336365756947,CharacterTrajectories,2,5,14.4,93,1243,chain-mean-GPF (PSSTO-style),0.828,0.09648277417724582,64.0,3.0,182.0,0.1717803668161224,0.030876973787356987,0.6527949237886751,,
0.9836065573770492,0.9837387536759294,0.9838709677419355,0.9997947653080935,0.002078446466060182,0.0054420340564497295,CharacterTrajectories,2,5,14.4,93,1243,KNNOR-GPF (M=1),0.828,0.09648277417724582,64.0,3.0,182.0,0.38872082911498396,0.08740894921981285,0.41305415358268815,1.0,1.0
0.9891304347826086,0.9891888715790903,0.989247311827957,0.999714281115189,0.0019806080398102792,0.004791229297877298,CharacterTrajectories,2,5,14.4,93,1243,KNNOR-GPF (M=3/2),0.828,0.09648277417724582,64.0,3.0,182.0,0.2670271130703359,0.04324307826927343,0.5878826826058448,1.0,1.5
0.9891304347826086,0.9891888715790903,0.989247311827957,0.9997907410984482,0.0019468159552134357,0.00521576860275251,CharacterTrajectories,2,5,14.4,93,1243,KNNOR-GPF (M calibrated),0.828,0.09648277417724582,64.0,3.0,182.0,0.20669688489529303,0.02505340256980748,0.7709295844576631,0.9967923015236567,1.7999999999999998
0.9891304347826086,0.9891888715790903,0.989247311827957,0.9997263537441246,0.0020375242982660757,0.005449031957079548,CharacterTrajectories,2,5,14.4,93,1243,hybrid GPF-nbrs/raw-walk (M calibrated),0.828,0.09648277417724582,64.0,3.0,182.0,0.18807869822119638,0.02340993748518083,0.8041120496119363,0.97109375,1.7999999999999998
0.9836065573770492,0.9837387536759294,0.9838709677419355,0.9997303779537698,0.002092193453075189,0.005386050851411244,CharacterTrajectories,2,5,14.4,93,1243,hybrid GPF-nbrs/raw-walk (M=1),0.828,0.09648277417724582,64.0,3.0,182.0,0.42006493797229805,0.09092984667486609,0.4098805410605933,0.97109375,1.0
0.9891304347826086,0.9891888715790903,0.989247311827957,0.9998350074045458,0.0017521576860275252,0.005442034056449734,CharacterTrajectories,2,10,14.4,93,1243,none (raw-flat RF),0.828,0.09648277417724493,,,,,,,,
0.9723756906077348,0.9727469142278401,0.9731182795698925,0.9998551284527719,0.0024530985148899774,0.005913226032190339,CharacterTrajectories,2,10,14.4,93,1243,none,0.828,0.09648277417724493,64.0,3.0,182.0,,,,,
0.9891304347826086,0.9891888715790903,0.989247311827957,0.9998551284527719,0.0018286991680273696,0.004550968042920459,CharacterTrajectories,2,10,14.4,93,1243,SMOTE-raw,0.828,0.09648277417724493,64.0,3.0,182.0,0.15987963550730733,0.02574059655053873,0.6749404613821897,,
0.9836065573770492,0.9837387536759294,0.9838709677419355,0.9998551284527719,0.00204184744576627,0.004959178912992773,CharacterTrajectories,2,10,14.4,93,1243,KNNOR-raw (M=1),0.828,0.09648277417724493,64.0,3.0,182.0,0.38323099441544706,0.08685053879105997,0.4126363802741121,1.0,
0.9836065573770492,0.9837387536759294,0.9838709677419355,0.9998068379370292,0.001986672887022782,0.004413342663867512,CharacterTrajectories,2,10,14.4,93,1243,chain-mean-GPF (PSSTO-style),0.828,0.09648277417724493,64.0,3.0,182.0,0.1825745882203753,0.03250985146929164,0.6342691010636731,,
0.9836065573770492,0.9837387536759294,0.9838709677419355,0.9998269589852553,0.002070982038721717,0.005334732913459294,CharacterTrajectories,2,10,14.4,93,1243,KNNOR-GPF (M=1),0.828,0.09648277417724493,64.0,3.0,182.0,0.40530150053019476,0.09558787584970385,0.3988886871118891,1.0,1.0
0.9891304347826086,0.9891888715790903,0.989247311827957,0.9997746442598674,0.0019972941450898066,0.0043666899930020955,CharacterTrajectories,2,10,14.4,93,1243,KNNOR-GPF (M=3/2),0.828,0.09648277417724493,64.0,3.0,182.0,0.27945574447903887,0.04846009865668188,0.57184560842668,1.0,1.5
0.9891304347826086,0.9891888715790903,0.989247311827957,0.9997504990019959,0.001962693414197963,0.0049918357825985546,CharacterTrajectories,2,10,14.4,93,1243,KNNOR-GPF (M calibrated),0.828,0.09648277417724493,64.0,3.0,182.0,0.21522683595887848,0.027980781049670722,0.7584937772974374,1.0,1.7999999999999998
0.9891304347826086,0.9891888715790903,0.989247311827957,0.9996780632283819,0.0020677241272062824,0.004861208304175413,CharacterTrajectories,2,10,14.4,93,1243,hybrid GPF-nbrs/raw-walk (M calibrated),0.828,0.09648277417724493,64.0,3.0,182.0,0.1939036538217893,0.026046300178806714,0.7957428962831137,0.97109375,1.7999999999999998
0.9836065573770492,0.9837387536759294,0.9838709677419355,0.9998269589852553,0.0020792939895809036,0.005225099136925587,CharacterTrajectories,2,10,14.4,93,1243,hybrid GPF-nbrs/raw-walk (M=1),0.828,0.09648277417724493,64.0,3.0,182.0,0.4313934065964098,0.0988448381673217,0.39527480670714193,0.97109375,1.0
0.9891304347826086,0.9891888715790903,0.989247311827957,0.9999235400167407,0.001734383018427805,0.005138791695824586,CharacterTrajectories,2,20,19.9,67,1269,none (raw-flat RF),0.828,0.11563324271485431,,,,,,,,
0.978021978021978,0.9782582722940951,0.978494623655914,0.9998631768720623,0.0026042065158230305,0.0054793561931420435,CharacterTrajectories,2,20,19.9,67,1269,none,0.828,0.11563324271485431,64.0,3.0,182.0,,,,,
0.9891304347826086,0.9891888715790903,0.989247311827957,0.99982293477561,0.001761635953658347,0.003960811756473059,CharacterTrajectories,2,20,19.9,67,1269,SMOTE-raw,0.828,0.11563324271485431,64.0,3.0,182.0,0.14728892107000302,0.02302355689690505,0.7049752108918521,,
0.9836065573770492,0.9837387536759294,0.9838709677419355,0.9998350074045458,0.0019833061192753285,0.004527641707487755,CharacterTrajectories,2,20,19.9,67,1269,KNNOR-raw (M=1),0.828,0.11563324271485431,64.0,3.0,182.0,0.4075589826205146,0.09723076497157274,0.40238962418645097,1.0,
0.9891304347826086,0.9891888715790903,0.989247311827957,0.999802813727384,0.0017977684472436047,0.003935152787497082,CharacterTrajectories,2,20,19.9,67,1269,chain-mean-GPF (PSSTO-style),0.828,0.11563324271485431,64.0,3.0,182.0,0.1936799413191368,0.03356864973999363,0.6287918328813104,,
0.9891304347826086,0.9891888715790903,0.989247311827957,0.9997907410984482,0.0018655703289013293,0.0044156752974107705,CharacterTrajectories,2,20,19.9,67,1269,KNNOR-GPF (M=1),0.828,0.11563324271485431,64.0,3.0,182.0,0.43959361965276944,0.09587283906829874,0.41737178378499257,1.0,1.0
0.9891304347826086,0.9891888715790903,0.989247311827957,0.9997062326958985,0.0018266542259544355,0.005444366689993004,CharacterTrajectories,2,20,19.9,67,1269,KNNOR-GPF (M=3/2),0.828,0.11563324271485431,64.0,3.0,182.0,0.3032824408144581,0.04504730342677821,0.6365203886895151,1.0,1.5
0.9891304347826086,0.9891888715790903,0.989247311827957,0.9997022084862532,0.0019523520721561312,0.005803592255656639,CharacterTrajectories,2,20,19.9,67,1269,KNNOR-GPF (M calibrated),0.828,0.11563324271485431,64.0,3.0,182.0,0.24667454060768623,0.02744368368360184,0.8654161248737471,1.0,1.7999999999999998
0.9891304347826086,0.9891888715790903,0.989247311827957,0.9997303779537698,0.0019401757250602598,0.005854910193608583,CharacterTrajectories,2,20,19.9,67,1269,hybrid GPF-nbrs/raw-walk (M calibrated),0.828,0.11563324271485431,64.0,3.0,182.0,0.23131088937049427,0.026286556569798503,0.9001558493502686,0.99140625,1.7999999999999998
0.9891304347826086,0.9891888715790903,0.989247311827957,0.9997786684695126,0.0018958945649638441,0.004345696291112679,CharacterTrajectories,2,20,19.9,67,1269,hybrid GPF-nbrs/raw-walk (M=1),0.828,0.11563324271485431,64.0,3.0,182.0,0.46471903709917584,0.09754034166154235,0.41754498092565456,0.99140625,1.0
0.9945945945945946,0.9946091251481444,0.9946236559139785,1.0,0.001734211958634632,0.008978306508047575,CharacterTrajectories,3,5,14.4,93,1243,none (raw-flat RF),0.828,0.11922108744479498,,,,,,,,
0.9723756906077348,0.9727469142278401,0.9731182795698925,0.9999195158070955,0.002955368944872094,0.007553067413109407,CharacterTrajectories,3,5,14.4,93,1243,none,0.828,0.11922108744479498,64.0,3.0,182.0,,,,,
0.989247311827957,0.994236821513484,0.9942494044169725,0.9999678063228382,0.0015317471425239095,0.00709587123862842,CharacterTrajectories,3,5,14.4,93,1243,SMOTE-raw,0.828,0.11922108744479498,64.0,3.0,182.0,0.18082613359318866,0.0331787389667515,0.5987090530743057,,
0.9723756906077348,0.9727469142278401,0.9731182795698925,0.9999597579035477,0.0024201150765881343,0.007182178679729404,CharacterTrajectories,3,5,14.4,93,1243,KNNOR-raw (M=1),0.828,0.11922108744479498,64.0,3.0,182.0,0.5392755033575911,0.13703294069831368,0.29230681048747403,1.0,
0.9837837837837838,0.9888185968621762,0.988873060330951,0.999911467387805,0.001978228753596143,0.006382085374387667,CharacterTrajectories,3,5,14.4,93,1243,chain-mean-GPF (PSSTO-style),0.828,0.11922108744479498,64.0,3.0,182.0,0.19803898860404967,0.034207719061809416,0.642918644551777,,
0.9723756906077348,0.9727469142278401,0.9731182795698925,0.9999597579035476,0.002525480133737656,0.007651038021926749,CharacterTrajectories,3,5,14.4,93,1243,KNNOR-GPF (M=1),0.828,0.11922108744479498,64.0,3.0,182.0,0.4815637131214947,0.12065092675223316,0.31426824344110743,1.0,1.0
0.9945945945945946,0.9946091251481444,0.9946236559139785,0.999983903161419,0.0015932664645050927,0.0070958712386284175,CharacterTrajectories,3,5,14.4,93,1243,KNNOR-GPF (M=3/2),0.828,0.11922108744479498,64.0,3.0,182.0,0.32532577763645687,0.058214493961971425,0.48041683169878713,1.0,1.5
0.9945945945945946,0.9946091251481444,0.9946236559139785,1.0,0.0012903195707954281,0.007581059015628649,CharacterTrajectories,3,5,14.4,93,1243,KNNOR-GPF (M calibrated),0.828,0.11922108744479498,64.0,3.0,182.0,0.22353693009673403,0.02404058844786361,0.8293884786918797,0.9991961414790996,2.0
1.0,1.0,1.0,1.0,0.001280810201384029,0.00839981338931653,CharacterTrajectories,3,5,14.4,93,1243,hybrid GPF-nbrs/raw-walk (M calibrated),0.828,0.11922108744479498,64.0,3.0,182.0,0.21934307286002763,0.0232301403413947,0.9277729905424693,0.97109375,2.0
0.9723756906077348,0.9727469142278401,0.9731182795698925,0.9999517094842573,0.002545680740222378,0.007375787263820846,CharacterTrajectories,3,5,14.4,93,1243,hybrid GPF-nbrs/raw-walk (M=1),0.828,0.11922108744479498,64.0,3.0,182.0,0.49678436461022457,0.12287669821155955,0.3118810530761592,0.97109375,1.0
0.9891304347826086,0.9891888715790903,0.989247311827957,0.9999919515807095,0.0017044942072933676,0.00839981338931653,CharacterTrajectories,3,10,14.4,93,1243,none (raw-flat RF),0.828,0.11922108744479587,,,,,,,,
0.978021978021978,0.9782582722940951,0.978494623655914,0.999927564226386,0.0029490786097504085,0.007937951947749006,CharacterTrajectories,3,10,14.4,93,1243,none,0.828,0.11922108744479587,64.0,3.0,182.0,,,,,
0.989247311827957,0.994236821513484,0.9942494044169725,0.9999678063228382,0.0014543425861130552,0.006874271052017704,CharacterTrajectories,3,10,14.4,93,1243,SMOTE-raw,0.828,0.11922108744479587,64.0,3.0,182.0,0.1758363575643198,0.03199585361277402,0.6188693746770608,,
0.978021978021978,0.9782582722940951,0.978494623655914,0.9999678063228382,0.002428808024259389,0.007298810356892922,CharacterTrajectories,3,10,14.4,93,1243,KNNOR-raw (M=1),0.828,0.11922108744479587,64.0,3.0,182.0,0.5044039525552968,0.1308512224759285,0.29633068857971046,1.0,
0.9837837837837838,0.9888185968621762,0.988873060330951,0.9999356126456764,0.0019511157763781979,0.006333100069979,CharacterTrajectories,3,10,14.4,93,1243,chain-mean-GPF (PSSTO-style),0.828,0.11922108744479587,64.0,3.0,182.0,0.21849777779744262,0.04242000320356587,0.5847194575243488,,
0.9723756906077348,0.9727469142278401,0.9731182795698925,0.999963782113193,0.0025559132260321903,0.007445766270118965,CharacterTrajectories,3,10,14.4,93,1243,KNNOR-GPF (M=1),0.828,0.11922108744479587,64.0,3.0,182.0,0.45658882836715886,0.1146491656618871,0.32607458062327566,1.0,1.0
0.9891304347826086,0.9891888715790903,0.989247311827957,0.9999919515807096,0.0015756162040276806,0.006419407511080008,CharacterTrajectories,3,10,14.4,93,1243,KNNOR-GPF (M=3/2),0.828,0.11922108744479587,64.0,3.0,182.0,0.3045660977676805,0.054585506476693135,0.49778767892851633,1.0,1.5
0.9945945945945946,0.9946091251481444,0.9946236559139785,0.9999919515807095,0.0012433792084596842,0.007205505015162124,CharacterTrajectories,3,10,14.4,93,1243,KNNOR-GPF (M calibrated),0.828,0.11922108744479587,64.0,3.0,182.0,0.20548004625178606,0.022514860837839712,0.8435522265509477,0.9983935742971888,2.0
0.9946524064171123,0.9996256784446806,0.999625748502994,0.9999919515807095,0.0012751263509835939,0.007268486120830416,CharacterTrajectories,3,10,14.4,93,1243,hybrid GPF-nbrs/raw-walk (M calibrated),0.828,0.11922108744479587,64.0,3.0,182.0,0.20159665369451663,0.02178279604565614,0.9524886721063496,0.97109375,2.0
0.9723756906077348,0.9727469142278401,0.9731182795698925,0.9999597579035477,0.002555921001477335,0.007480755773268015,CharacterTrajectories,3,10,14.4,93,1243,hybrid GPF-nbrs/raw-walk (M=1),0.828,0.11922108744479587,64.0,3.0,182.0,0.4728690163718303,0.11706336547024587,0.32362855659517237,0.97109375,1.0
0.9836065573770492,0.9837387536759294,0.9838709677419355,0.9999597579035477,0.0024739289324313815,0.009190576160485183,CharacterTrajectories,3,20,19.9,67,1269,none (raw-flat RF),0.828,0.16539812749595306,,,,,,,,
0.9666666666666667,0.9672041516493516,0.967741935483871,0.999927564226386,0.0034511391027136303,0.008423139724749243,CharacterTrajectories,3,20,19.9,67,1269,none,0.828,0.16539812749595306,64.0,3.0,182.0,,,,,
0.989247311827957,0.994236821513484,0.9942494044169725,0.9999517094842573,0.0016774667599720084,0.006958245859575463,CharacterTrajectories,3,20,19.9,67,1269,SMOTE-raw,0.828,0.16539812749595306,64.0,3.0,182.0,0.233519758694416,0.04322947734109894,0.6247257174867189,,
0.9723756906077348,0.9727469142278401,0.9731182795698925,0.9999597579035477,0.0026732213669232565,0.00741077676696991,CharacterTrajectories,3,20,19.9,67,1269,KNNOR-raw (M=1),0.828,0.16539812749595306,64.0,3.0,182.0,0.4985528747871584,0.12025717002250397,0.3284580508039989,1.0,
0.9837837837837838,0.9888185968621762,0.988873060330951,0.9999275642263858,0.0021160329678874116,0.007513412642873807,CharacterTrajectories,3,20,19.9,67,1269,chain-mean-GPF (PSSTO-style),0.828,0.16539812749595306,64.0,3.0,182.0,0.2684454643421894,0.05187346866837561,0.5948779169373086,,
0.9608938547486033,0.9616294415187687,0.9623655913978495,0.9999597579035477,0.002914361247181401,0.007529741077676686,CharacterTrajectories,3,20,19.9,67,1269,KNNOR-GPF (M=1),0.828,0.16539812749595306,64.0,3.0,182.0,0.6395650405438973,0.14023937618094928,0.30678277100321555,1.0,1.0
0.978021978021978,0.9782582722940951,0.978494623655914,0.9999678063228382,0.001830798538216313,0.006692325635642638,CharacterTrajectories,3,20,19.9,67,1269,KNNOR-GPF (M=3/2),0.828,0.16539812749595306,64.0,3.0,182.0,0.4901125726490294,0.08163209278981132,0.4554526827703575,1.0,1.5
0.9945945945945946,0.9946091251481444,0.9946236559139785,0.9999919515807095,0.0014246792628878004,0.008075577326801952,CharacterTrajectories,3,20,19.9,67,1269,KNNOR-GPF (M calibrated),0.828,0.16539812749595306,64.0,3.0,182.0,0.33887817619208604,0.03658638163312444,0.9544941727320074,1.0,2.1999999999999997
1.0,1.0,1.0,1.0,0.0015728714718917659,0.009514812222999764,CharacterTrajectories,3,20,19.9,67,1269,hybrid GPF-nbrs/raw-walk (M calibrated),0.828,0.16539812749595306,64.0,3.0,182.0,0.32634999168151957,0.0343898058278026,1.214741970806065,0.99140625,2.1999999999999997
0.9608938547486033,0.9616294415187687,0.9623655913978495,0.9999597579035477,0.0028975351838892776,0.007571728481455557,CharacterTrajectories,3,20,19.9,67,1269,hybrid GPF-nbrs/raw-walk (M=1),0.828,0.16539812749595306,64.0,3.0,182.0,0.6619822109432771,0.1425031076274908,0.30615757419128375,0.99140625,1.0
0.9945945945945946,0.9946091251481444,0.9946236559139785,0.9999919515807095,0.0015255190109633773,0.007630044320037326,CharacterTrajectories,4,5,14.4,93,1243,none (raw-flat RF),0.828,0.12584039803145597,,,,,,,,
0.9891304347826086,0.9891888715790903,0.989247311827957,0.9999436610649668,0.0018620247259155589,0.005507347795661297,CharacterTrajectories,4,5,14.4,93,1243,none,0.828,0.12584039803145597,64.0,3.0,182.0,,,,,
0.9945945945945946,0.9946091251481444,0.9946236559139785,1.0,0.0008456340875515124,0.006183811523209687,CharacterTrajectories,4,5,14.4,93,1243,SMOTE-raw,0.828,0.12584039803145597,64.0,3.0,182.0,0.13146118086859904,0.020363378354789963,0.6303325975565136,,
0.9891304347826086,0.9891888715790903,0.989247311827957,0.9999436610649668,0.0014877536738978308,0.004497317471425238,CharacterTrajectories,4,5,14.4,93,1243,KNNOR-raw (M=1),0.828,0.12584039803145597,64.0,3.0,182.0,0.33777606074612265,0.08096567874105015,0.36083002739211606,1.0,
0.9891304347826086,0.9891888715790903,0.989247311827957,1.0,0.0010093305341730815,0.005840914392348953,CharacterTrajectories,4,5,14.4,93,1243,chain-mean-GPF (PSSTO-style),0.828,0.12584039803145597,64.0,3.0,182.0,0.151069779738366,0.024251088513604135,0.637513541654944,,
0.9891304347826086,0.9891888715790903,0.989247311827957,0.9999517094842574,0.0014593344218956535,0.004602285980872398,CharacterTrajectories,4,5,14.4,93,1243,KNNOR-GPF (M=1),0.828,0.12584039803145597,64.0,3.0,182.0,0.3469708241441909,0.08374702859452104,0.36955086047073205,1.0,1.0
0.9891304347826086,0.9891888715790903,0.989247311827957,0.9999517094842574,0.0012624212736179145,0.00513179379519476,CharacterTrajectories,4,5,14.4,93,1243,KNNOR-GPF (M=3/2),0.828,0.12584039803145597,64.0,3.0,182.0,0.2325248688814634,0.03955207459803123,0.5465602182010786,1.0,1.5
0.9945945945945946,0.9946091251481444,0.9946236559139785,0.9999758547421286,0.001335774823108623,0.006769302542570566,CharacterTrajectories,4,5,14.4,93,1243,KNNOR-GPF (M calibrated),0.828,0.12584039803145597,64.0,3.0,182.0,0.17446425699982449,0.020692782453702874,0.8879816040262285,1.0,2.0
0.9945945945945946,0.9946091251481444,0.9946236559139785,0.999983903161419,0.0013796516600575383,0.007289479822719856,CharacterTrajectories,4,5,14.4,93,1243,hybrid GPF-nbrs/raw-walk (M calibrated),0.828,0.12584039803145597,64.0,3.0,182.0,0.16986859366886264,0.01960274930707029,1.0364406317916124,0.97109375,2.0
0.9891304347826086,0.9891888715790903,0.989247311827957,0.9999517094842574,0.0014644351139102714,0.004541637508747366,CharacterTrajectories,4,5,14.4,93,1243,hybrid GPF-nbrs/raw-walk (M=1),0.828,0.12584039803145597,64.0,3.0,182.0,0.3710007764555563,0.08728124157310985,0.36604956513206105,0.97109375,1.0
0.9945945945945946,0.9946091251481444,0.9946236559139785,0.9999919515807095,0.0015422362180234823,0.008026592022393279,CharacterTrajectories,4,10,14.4,93,1243,none (raw-flat RF),0.828,0.1258403980314542,,,,,,,,
0.9891304347826086,0.9891888715790903,0.989247311827957,0.9999436610649669,0.0019292590000777544,0.006787963610916714,CharacterTrajectories,4,10,14.4,93,1243,none,0.828,0.1258403980314542,64.0,3.0,182.0,,,,,
0.9891304347826086,0.9891888715790903,0.989247311827957,1.0,0.0009560454085996424,0.006585024492652197,CharacterTrajectories,4,10,14.4,93,1243,SMOTE-raw,0.828,0.1258403980314542,64.0,3.0,182.0,0.12465985705525373,0.019631809203010775,0.6264253420763269,,
0.9891304347826086,0.9891888715790903,0.989247311827957,0.9999678063228381,0.0013602985770935388,0.005080475857242836,CharacterTrajectories,4,10,14.4,93,1243,KNNOR-raw (M=1),0.828,0.1258403980314542,64.0,3.0,182.0,0.3420124466401555,0.0808101055533047,0.3622689238705705,1.0,
0.9891304347826086,0.9891888715790903,0.989247311827957,1.0,0.0010376487053883835,0.005672964777233488,CharacterTrajectories,4,10,14.4,93,1243,chain-mean-GPF (PSSTO-style),0.828,0.1258403980314542,64.0,3.0,182.0,0.16779017345327407,0.028184599616088102,0.5960728919519818,,
0.9891304347826086,0.9891888715790903,0.989247311827957,0.9999476852746121,0.0014656869605784934,0.004184744576627011,CharacterTrajectories,4,10,14.4,93,1243,KNNOR-GPF (M=1),0.828,0.1258403980314542,64.0,3.0,182.0,0.35314310992621234,0.08808537615073708,0.3552323011888633,1.0,1.0
0.9891304347826086,0.9891888715790903,0.989247311827957,0.9999436610649668,0.0013420884845657417,0.004702589223233033,CharacterTrajectories,4,10,14.4,93,1243,KNNOR-GPF (M=3/2),0.828,0.1258403980314542,64.0,3.0,182.0,0.2355512741579453,0.041050035792643214,0.5277278900506518,1.0,1.5
0.9945945945945946,0.9946091251481444,0.9946236559139785,0.9999597579035477,0.0014416064069667988,0.006617681362257995,CharacterTrajectories,4,10,14.4,93,1243,KNNOR-GPF (M calibrated),0.828,0.1258403980314542,64.0,3.0,182.0,0.17340762557313738,0.020029377025955974,0.8642517842270063,0.9991961414790996,2.0
0.9945945945945946,0.9946091251481444,0.9946236559139785,0.999983903161419,0.0012967420884845658,0.006797294145089803,CharacterTrajectories,4,10,14.4,93,1243,hybrid GPF-nbrs/raw-walk (M calibrated),0.828,0.1258403980314542,64.0,3.0,182.0,0.17706400943955813,0.019539081972545724,1.0244618474896214,0.97109375,2.0
0.9891304347826086,0.9891888715790903,0.989247311827957,0.9999476852746121,0.0014613871394137314,0.0041544203405644966,CharacterTrajectories,4,10,14.4,93,1243,hybrid GPF-nbrs/raw-walk (M=1),0.828,0.1258403980314542,64.0,3.0,182.0,0.37298066837204313,0.0909958997038367,0.35190750592718895,0.97109375,1.0
0.9891304347826086,0.9891888715790903,0.989247311827957,0.9999959757903547,0.001601625068035145,0.008409143923489614,CharacterTrajectories,4,20,19.9,67,1269,none (raw-flat RF),0.828,0.17873133643349526,,,,,,,,
0.9836065573770492,0.9837387536759294,0.9838709677419355,0.9999436610649668,0.002117269263665345,0.007618381152320963,CharacterTrajectories,4,20,19.9,67,1269,none,0.828,0.17873133643349526,64.0,3.0,182.0,,,,,
0.9945945945945946,0.9946091251481444,0.9946236559139785,1.0,0.0008628022704299821,0.006211803125728945,CharacterTrajectories,4,20,19.9,67,1269,SMOTE-raw,0.828,0.17873133643349526,64.0,3.0,182.0,0.17949258837522652,0.025124107869627488,0.6237805643164345,,
0.9891304347826086,0.9891888715790903,0.989247311827957,0.9999517094842573,0.0015051317937951948,0.005073477956613032,CharacterTrajectories,4,20,19.9,67,1269,KNNOR-raw (M=1),0.828,0.17873133643349526,64.0,3.0,182.0,0.4605337971661525,0.09940799825143137,0.31575028797234145,1.0,
0.9891304347826086,0.9891888715790903,0.989247311827957,1.0,0.0009993546380530286,0.005801259622113361,CharacterTrajectories,4,20,19.9,67,1269,chain-mean-GPF (PSSTO-style),0.828,0.17873133643349526,64.0,3.0,182.0,0.2210559666092271,0.032313267075505414,0.5840920733386956,,
0.9891304347826086,0.9891888715790903,0.989247311827957,0.9999678063228382,0.0014642562786719544,0.005337065547002567,CharacterTrajectories,4,20,19.9,67,1269,KNNOR-GPF (M=1),0.828,0.17873133643349526,64.0,3.0,182.0,0.45466771679170837,0.11338970210094879,0.290899206836204,1.0,1.0
0.9891304347826086,0.9891888715790903,0.989247311827957,0.9999678063228381,0.001295925666744421,0.005101469559132247,CharacterTrajectories,4,20,19.9,67,1269,KNNOR-GPF (M=3/2),0.828,0.17873133643349526,64.0,3.0,182.0,0.30145018762255127,0.052489337029803074,0.4511484598344256,1.0,1.5
0.9945945945945946,0.9946091251481444,0.9946236559139785,0.9999798789517739,0.0013789596454397014,0.006871938418474457,CharacterTrajectories,4,20,19.9,67,1269,KNNOR-GPF (M calibrated),0.828,0.17873133643349526,64.0,3.0,182.0,0.21133463797825947,0.024118312659814345,0.7588160523775379,0.9952941176470588,2.0
0.9945945945945946,0.9946091251481444,0.9946236559139785,0.9999839031614192,0.0014406966798849233,0.007623046419407495,CharacterTrajectories,4,20,19.9,67,1269,hybrid GPF-nbrs/raw-walk (M calibrated),0.828,0.17873133643349526,64.0,3.0,182.0,0.21683978521509228,0.023647775982401198,0.8436643427261493,0.99140625,2.0
0.9891304347826086,0.9891888715790903,0.989247311827957,0.9999678063228382,0.0014881657724904753,0.005381385584324712,CharacterTrajectories,4,20,19.9,67,1269,hybrid GPF-nbrs/raw-walk (M=1),0.828,0.17873133643349526,64.0,3.0,182.0,0.4678498478415696,0.1151007232060256,0.2898218239590643,0.99140625,1.0
0.2222222222222222,0.37568067885010226,0.5654044750430293,0.8098106712564543,0.06405654320987654,0.04866666666666668,Cricket,0,5,10.2,8,74,none (raw-flat RF),0.421,2.7310308490423036,,,,,,,,
0.4444444444444444,0.5345224838248488,0.6428571428571428,0.955249569707401,0.0412683950617284,0.04881481481481481,Cricket,0,5,10.2,8,74,none,0.421,2.7310308490423036,64.0,6.0,1197.0,,,,,
0.7272727272727273,0.7559289460184544,0.7857142857142857,0.9913941480206541,0.026762345679012346,0.05381481481481482,Cricket,0,5,10.2,8,74,SMOTE-raw,0.421,2.7310308490423036,64.0,6.0,1197.0,2.2278816651734292,0.21591107070122062,0.49779871726447544,,
0.8333333333333334,0.8451542547285166,0.8571428571428572,1.0,0.020072962962962963,0.0587037037037037,Cricket,0,5,10.2,8,74,KNNOR-raw (M=1),0.421,2.7310308490423036,64.0,6.0,1197.0,3.050069114375523,0.357738293530649,0.21583629225490306,1.0,
0.6,0.6546536707079771,0.7142857142857143,0.9500860585197934,0.037014567901234564,0.05362962962962963,Cricket,0,5,10.2,8,74,chain-mean-GPF (PSSTO-style),0.421,2.7310308490423036,64.0,6.0,1197.0,3.261965319996298,0.402670091660052,0.31350286783388004,,
0.6,0.6546536707079771,0.7142857142857143,0.9612736660929433,0.03615395061728395,0.03588888888888889,Cricket,0,5,10.2,8,74,KNNOR-GPF (M=1),0.421,2.7310308490423036,64.0,6.0,1197.0,3.288547141294835,0.42123576158527776,0.31120662784042896,1.0,1.0
0.6,0.6546536707079771,0.7142857142857143,0.9500860585197934,0.03783123456790123,0.051518518518518526,Cricket,0,5,10.2,8,74,KNNOR-GPF (M=3/2),0.421,2.7310308490423036,64.0,6.0,1197.0,2.9985648154448743,0.3112183746608656,0.5096751815854951,0.925,1.5
0.6,0.6546536707079771,0.7142857142857143,0.9518072289156626,0.03742888888888889,0.03696296296296296,Cricket,0,5,10.2,8,74,KNNOR-GPF (M calibrated),0.421,2.7310308490423036,64.0,6.0,1197.0,2.9465933294240436,0.2987319725649929,0.5403350803855258,0.9135802469135802,1.5999999999999999
0.6,0.6546536707079771,0.7142857142857143,0.9621342512908778,0.03264691358024692,0.0468888888888889,Cricket,0,5,10.2,8,74,hybrid GPF-nbrs/raw-walk (M calibrated),0.421,2.7310308490423036,64.0,6.0,1197.0,4.147635705843022,0.19804742679326048,1.9865975717608724,0.578125,1.5999999999999999
0.8333333333333334,0.8451542547285166,0.8571428571428572,0.9870912220309812,0.02459074074074074,0.05744444444444446,Cricket,0,5,10.2,8,74,hybrid GPF-nbrs/raw-walk (M=1),0.421,2.7310308490423036,64.0,6.0,1197.0,2.6369043064681765,0.3130383169962176,0.36008987202236514,0.578125,1.0
0.2222222222222222,0.37568067885010226,0.5654044750430293,0.7831325301204819,0.0657477777777778,0.04499999999999999,Cricket,0,10,10.2,8,74,none (raw-flat RF),0.421,2.7310308490423036,,,,,,,,
0.4444444444444444,0.5345224838248488,0.6428571428571428,0.9397590361445782,0.04119197530864197,0.04151851851851851,Cricket,0,10,10.2,8,74,none,0.421,2.7310308490423036,64.0,6.0,1197.0,,,,,
0.7272727272727273,0.7559289460184544,0.7857142857142857,0.9784853700516352,0.02769555555555556,0.04518518518518519,Cricket,0,10,10.2,8,74,SMOTE-raw,0.421,2.7310308490423036,64.0,6.0,1197.0,2.172466418764561,0.20728988520094438,0.5310041582372113,,
0.8333333333333334,0.8451542547285166,0.8571428571428572,0.9931153184165233,0.022714567901234568,0.06674074074074074,Cricket,0,10,10.2,8,74,KNNOR-raw (M=1),0.421,2.7310308490423036,64.0,6.0,1197.0,2.9196079236542385,0.3337239589739411,0.23421627097026892,1.0,
0.6,0.6546536707079771,0.7142857142857143,0.9535283993115318,0.037668395061728394,0.047703703703703706,Cricket,0,10,10.2,8,74,chain-mean-GPF (PSSTO-style),0.421,2.7310308490423036,64.0,6.0,1197.0,3.52023704298165,0.46891463478856515,0.2861243083746058,,
0.6,0.6546536707079771,0.7142857142857143,0.9483648881239243,0.03741888888888889,0.04485185185185185,Cricket,0,10,10.2,8,74,KNNOR-GPF (M=1),0.421,2.7310308490423036,64.0,6.0,1197.0,3.240353813692394,0.36924316644741795,0.3675354809143605,1.0,1.0
0.6,0.6546536707079771,0.7142857142857143,0.9698795180722891,0.03347148148148148,0.05825925925925926,Cricket,0,10,10.2,8,74,KNNOR-GPF (M=3/2),0.421,2.7310308490423036,64.0,6.0,1197.0,3.110157261373745,0.29038912980847675,0.5725343299932607,0.9487179487179487,1.5
0.7272727272727273,0.7559289460184544,0.7857142857142857,0.9664371772805508,0.03269543209876543,0.055592592592592596,Cricket,0,10,10.2,8,74,KNNOR-GPF (M calibrated),0.421,2.7310308490423036,64.0,6.0,1197.0,3.0705685550163064,0.27730670900534127,0.6100638806431335,0.9487179487179487,1.5999999999999999
0.7272727272727273,0.7559289460184544,0.7857142857142857,0.9612736660929432,0.032443209876543214,0.044444444444444446,Cricket,0,10,10.2,8,74,hybrid GPF-nbrs/raw-walk (M calibrated),0.421,2.7310308490423036,64.0,6.0,1197.0,4.521027839292628,0.20085466433945287,2.2361624903485295,0.578125,1.5999999999999999
0.8333333333333334,0.8451542547285166,0.8571428571428572,0.9759036144578314,0.025657283950617282,0.057999999999999996,Cricket,0,10,10.2,8,74,hybrid GPF-nbrs/raw-walk (M=1),0.421,2.7310308490423036,64.0,6.0,1197.0,2.605663223349394,0.30096070848060485,0.4056297217276265,0.578125,1.0
0.25,0.3779644730092272,0.5714285714285714,0.6858864027538727,0.06590506172839507,0.07188888888888888,Cricket,0,20,20.5,4,78,none (raw-flat RF),0.421,4.655928657618672,,,,,,,,
0.4444444444444444,0.5345224838248488,0.6428571428571428,0.7641996557659209,0.055958518518518525,0.021555555555555553,Cricket,0,20,20.5,4,78,none,0.421,4.655928657618672,64.0,6.0,1197.0,,,,,
0.6,0.6546536707079771,0.7142857142857143,0.9191049913941479,0.04151172839506174,0.04055555555555555,Cricket,0,20,20.5,4,78,SMOTE-raw,0.421,4.655928657618672,64.0,6.0,1197.0,3.1375559078221453,0.3076328771449095,0.3978151726490824,,
0.6,0.6546536707079771,0.7142857142857143,0.888984509466437,0.04298876543209877,0.04085185185185185,Cricket,0,20,20.5,4,78,KNNOR-raw (M=1),0.421,4.655928657618672,64.0,6.0,1197.0,3.17214730101278,0.41331026988667485,0.3073934719020151,1.0,
0.4444444444444444,0.5345224838248488,0.6428571428571428,0.846815834767642,0.0526446913580247,0.03014814814814815,Cricket,0,20,20.5,4,78,chain-mean-GPF (PSSTO-style),0.421,4.655928657618672,64.0,6.0,1197.0,5.971729734948086,0.5806179955940995,0.23399481877865946,,
0.25,0.3779644730092272,0.5714285714285714,0.8588640275387263,0.054069876543209876,0.030222222222222223,Cricket,0,20,20.5,4,78,KNNOR-GPF (M=1),0.421,4.655928657618672,64.0,6.0,1197.0,6.274675475344845,0.5693668067870192,0.214355670708515,1.0,1.0
0.4444444444444444,0.5345224838248488,0.6428571428571428,0.8769363166953529,0.052416049382716046,0.03666666666666667,Cricket,0,20,20.5,4,78,KNNOR-GPF (M=3/2),0.421,4.655928657618672,64.0,6.0,1197.0,6.252215478237881,0.4968928808453229,0.3379959059251665,0.9397590361445783,1.5
0.25,0.3779644730092272,0.5714285714285714,0.9018932874354562,0.052425185185185186,0.03903703703703704,Cricket,0,20,20.5,4,78,KNNOR-GPF (M calibrated),0.421,4.655928657618672,64.0,6.0,1197.0,6.263408170689475,0.4816413329140468,0.3669872889967854,0.9285714285714286,1.5999999999999999
0.5,0.6467181814331598,0.7022375215146299,0.8838209982788297,0.05336864197530865,0.04274074074074075,Cricket,0,20,20.5,4,78,hybrid GPF-nbrs/raw-walk (M calibrated),0.421,4.655928657618672,64.0,6.0,1197.0,10.539821545289145,0.33092598847725474,2.63646437878045,0.609375,1.5999999999999999
0.4444444444444444,0.5345224838248488,0.6428571428571428,0.923407917383821,0.046232839506172844,0.03911111111111112,Cricket,0,20,20.5,4,78,hybrid GPF-nbrs/raw-walk (M=1),0.421,4.655928657618672,64.0,6.0,1197.0,4.321437457713044,0.377565202347205,0.42119090046811675,0.609375,1.0
0.5454545454545454,0.6123724356957945,0.6875,0.989329268292683,0.04254456790123457,0.09618518518518519,Cricket,1,5,11.9,7,76,none (raw-flat RF),0.421,4.032219680080878,,,,,,,,
0.6666666666666666,0.7071067811865476,0.75,0.9466463414634146,0.03963765432098766,0.045592592592592594,Cricket,1,5,11.9,7,76,none,0.421,4.032219680080878,64.0,6.0,1197.0,,,,,
0.6666666666666666,0.7071067811865476,0.75,0.9839939024390244,0.030234444444444442,0.04025925925925926,Cricket,1,5,11.9,7,76,SMOTE-raw,0.421,4.032219680080878,64.0,6.0,1197.0,2.1429049661979036,0.1681831276484098,0.38076022556143396,,
0.6666666666666666,0.7071067811865476,0.75,0.9809451219512195,0.034875432098765424,0.014555555555555552,Cricket,1,5,11.9,7,76,KNNOR-raw (M=1),0.421,4.032219680080878,64.0,6.0,1197.0,3.1350726622719147,0.38970941881162235,0.13923963364002417,1.0,
0.6666666666666666,0.7071067811865476,0.75,0.9908536585365854,0.029514444444444444,0.04833333333333334,Cricket,1,5,11.9,7,76,chain-mean-GPF (PSSTO-style),0.421,4.032219680080878,64.0,6.0,1197.0,4.620166075145265,0.3826954886250847,0.3049052029096737,,
0.6666666666666666,0.7071067811865476,0.75,0.9954268292682926,0.030080617283950613,0.04640740740740742,Cricket,1,5,11.9,7,76,KNNOR-GPF (M=1),0.421,4.032219680080878,64.0,6.0,1197.0,6.555968616454967,0.5490092788348994,0.17020719844209015,0.562962962962963,1.0
0.6666666666666666,0.7071067811865476,0.75,0.989329268292683,0.032890864197530865,0.05111111111111112,Cricket,1,5,11.9,7,76,KNNOR-GPF (M=3/2),0.421,4.032219680080878,64.0,6.0,1197.0,7.5166400249565335,0.5570785526434388,0.29352901534352455,0.5547445255474452,1.5
0.6666666666666666,0.7071067811865476,0.75,0.9954268292682927,0.031123580246913578,0.05685185185185185,Cricket,1,5,11.9,7,76,KNNOR-GPF (M calibrated),0.421,4.032219680080878,64.0,6.0,1197.0,7.749623739267852,0.5619040435606846,0.32068503737550036,0.5352112676056338,1.5999999999999999
0.6666666666666666,0.7071067811865476,0.75,0.9885670731707317,0.02942987654320988,0.056,Cricket,1,5,11.9,7,76,hybrid GPF-nbrs/raw-walk (M calibrated),0.421,4.032219680080878,64.0,6.0,1197.0,15.784354379463602,0.548625919321741,2.345783290556306,0.3958333333333333,1.5999999999999999
0.6666666666666666,0.7071067811865476,0.75,0.9611280487804877,0.036362839506172834,0.032629629629629626,Cricket,1,5,11.9,7,76,hybrid GPF-nbrs/raw-walk (M=1),0.421,4.032219680080878,64.0,6.0,1197.0,10.543219516660658,0.6290384329905988,0.09006383526551806,0.09134615384615384,1.0
0.4,0.5,0.625,0.9939024390243903,0.04137012345679013,0.10518518518518519,Cricket,1,10,11.9,7,76,none (raw-flat RF),0.421,4.032219680080878,,,,,,,,
0.6666666666666666,0.7071067811865476,0.75,0.9336890243902438,0.03981172839506173,0.021592592592592594,Cricket,1,10,11.9,7,76,none,0.421,4.032219680080878,64.0,6.0,1197.0,,,,,
0.6666666666666666,0.7071067811865476,0.75,0.9725609756097561,0.033897283950617293,0.0405925925925926,Cricket,1,10,11.9,7,76,SMOTE-raw,0.421,4.032219680080878,64.0,6.0,1197.0,2.030263470332571,0.1608088848143644,0.3721983027874614,,
0.6666666666666666,0.7071067811865476,0.75,0.9824695121951219,0.034609259259259256,0.029962962962962955,Cricket,1,10,11.9,7,76,KNNOR-raw (M=1),0.421,4.032219680080878,64.0,6.0,1197.0,3.2224768324222097,0.396320788291872,0.13825408056316243,1.0,
0.6666666666666666,0.7071067811865476,0.75,0.989329268292683,0.02963753086419753,0.04851851851851852,Cricket,1,10,11.9,7,76,chain-mean-GPF (PSSTO-style),0.421,4.032219680080878,64.0,6.0,1197.0,4.385741156325622,0.37272146882884993,0.28678488822451287,,
0.6666666666666666,0.7071067811865476,0.75,0.9908536585365852,0.03271358024691358,0.052074074074074064,Cricket,1,10,11.9,7,76,KNNOR-GPF (M=1),0.421,4.032219680080878,64.0,6.0,1197.0,7.063350520685201,0.5623342378827736,0.16469060092495524,0.5314685314685315,1.0
0.6666666666666666,0.7071067811865476,0.75,0.9908536585365854,0.03226246913580247,0.04888888888888888,Cricket,1,10,11.9,7,76,KNNOR-GPF (M=3/2),0.421,4.032219680080878,64.0,6.0,1197.0,7.667709616658062,0.5605986587658078,0.2633120638154017,0.5314685314685315,1.5
0.6666666666666666,0.7071067811865476,0.75,0.9862804878048781,0.034041234567901237,0.0562962962962963,Cricket,1,10,11.9,7,76,KNNOR-GPF (M calibrated),0.421,4.032219680080878,64.0,6.0,1197.0,7.720960394600462,0.5553680508961913,0.29907565068697134,0.5428571428571428,1.5999999999999999
0.6666666666666666,0.7071067811865476,0.75,0.9908536585365854,0.029404814814814814,0.06174074074074074,Cricket,1,10,11.9,7,76,hybrid GPF-nbrs/raw-walk (M calibrated),0.421,4.032219680080878,64.0,6.0,1197.0,14.874002773683955,0.5100231930828324,2.4304639800471772,0.3958333333333333,1.5999999999999999
0.6666666666666666,0.7071067811865476,0.75,0.9626524390243901,0.036949012345679,0.03255555555555555,Cricket,1,10,11.9,7,76,hybrid GPF-nbrs/raw-walk (M=1),0.421,4.032219680080878,64.0,6.0,1197.0,10.135766641433793,0.6353856994771391,0.12444993038401063,0.09134615384615384,1.0
0.0,0.0,0.5,0.9977134146341463,0.05814580246913581,0.08411111111111111,Cricket,1,20,20.8,4,79,none (raw-flat RF),0.421,7.272208505352637,,,,,,,,
0.6666666666666666,0.7071067811865476,0.75,0.8849085365853657,0.04802679012345679,0.05440740740740742,Cricket,1,20,20.8,4,79,none,0.421,7.272208505352637,64.0,6.0,1197.0,,,,,
0.6666666666666666,0.7071067811865476,0.75,0.9207317073170732,0.038225308641975306,0.025222222222222222,Cricket,1,20,20.8,4,79,SMOTE-raw,0.421,7.272208505352637,64.0,6.0,1197.0,3.847777757852917,0.27084625392267925,0.3514737691938327,,
0.6666666666666666,0.7071067811865476,0.75,0.8940548780487805,0.040592716049382714,0.025148148148148156,Cricket,1,20,20.8,4,79,KNNOR-raw (M=1),0.421,7.272208505352637,64.0,6.0,1197.0,4.463634346239562,0.4570579269530751,0.11742928757437632,0.9753086419753086,
0.6666666666666666,0.7071067811865476,0.75,0.9801829268292682,0.04146679012345679,0.051,Cricket,1,20,20.8,4,79,chain-mean-GPF (PSSTO-style),0.421,7.272208505352637,64.0,6.0,1197.0,8.165639497793759,0.5935804669979271,0.2236871118987765,,
0.6666666666666666,0.7071067811865476,0.75,0.9900914634146342,0.03983234567901234,0.05340740740740741,Cricket,1,20,20.8,4,79,KNNOR-GPF (M=1),0.421,7.272208505352637,64.0,6.0,1197.0,8.655702179646068,0.6349752825432349,0.19451606552800924,0.8144329896907216,1.0
0.6666666666666666,0.7071067811865476,0.75,0.9832317073170732,0.0413979012345679,0.039296296296296294,Cricket,1,20,20.8,4,79,KNNOR-GPF (M=3/2),0.421,7.272208505352637,64.0,6.0,1197.0,8.822936400986384,0.6035479570015616,0.3180400875605401,0.6991150442477876,1.5
0.6666666666666666,0.7071067811865476,0.75,0.9794207317073171,0.040568148148148145,0.044,Cricket,1,20,20.8,4,79,KNNOR-GPF (M calibrated),0.421,7.272208505352637,64.0,6.0,1197.0,8.886765537151387,0.58193107839173,0.4148028993762456,0.6929824561403509,1.7999999999999998
0.5454545454545454,0.6123724356957945,0.6875,0.9885670731707318,0.04112975308641976,0.048259259259259266,Cricket,1,20,20.8,4,79,hybrid GPF-nbrs/raw-walk (M calibrated),0.421,7.272208505352637,64.0,6.0,1197.0,20.947197794544774,0.5547276751068844,3.7818948796410594,0.4114583333333333,1.7999999999999998
0.6666666666666666,0.7071067811865476,0.75,0.919969512195122,0.043330123456790125,0.046518518518518515,Cricket,1,20,20.8,4,79,hybrid GPF-nbrs/raw-walk (M=1),0.421,7.272208505352637,64.0,6.0,1197.0,12.37619889120186,0.7277209808242817,0.12038343627623932,0.154296875,1.0
0.25,0.3779644730092272,0.5714285714285714,0.9982788296041307,0.040012839506172834,0.11096296296296297,Cricket,2,5,10.2,8,74,none (raw-flat RF),0.421,2.560278021654586,,,,,,,,
0.6,0.6546536707079771,0.7142857142857143,0.9156626506024097,0.042598024691358025,0.040740740740740744,Cricket,2,5,10.2,8,74,none,0.421,2.560278021654586,64.0,6.0,1197.0,,,,,
0.8333333333333334,0.8451542547285166,0.8571428571428572,0.9948364888123924,0.023803209876543205,0.06525925925925925,Cricket,2,5,10.2,8,74,SMOTE-raw,0.421,2.560278021654586,64.0,6.0,1197.0,2.0892746064488037,0.21583698078544822,0.5334544302403602,,
0.7272727272727273,0.7559289460184544,0.7857142857142857,0.9535283993115319,0.031546913580246916,0.04162962962962963,Cricket,2,5,10.2,8,74,KNNOR-raw (M=1),0.421,2.560278021654586,64.0,6.0,1197.0,2.5661995776345528,0.3311348295095522,0.3402419250895483,0.925,
0.8333333333333334,0.8451542547285166,0.8571428571428572,0.9862306368330466,0.023169629629629623,0.06177777777777778,Cricket,2,5,10.2,8,74,chain-mean-GPF (PSSTO-style),0.421,2.560278021654586,64.0,6.0,1197.0,2.835933661230623,0.33993884935510954,0.394753480169125,,
0.8333333333333334,0.8451542547285166,0.8571428571428572,0.9888123924268503,0.023699629629629633,0.06374074074074074,Cricket,2,5,10.2,8,74,KNNOR-GPF (M=1),0.421,2.560278021654586,64.0,6.0,1197.0,3.088682402418655,0.3949566343585546,0.3134123888282486,1.0,1.0
0.8333333333333334,0.8451542547285166,0.8571428571428572,0.9948364888123924,0.02300827160493827,0.06959259259259258,Cricket,2,5,10.2,8,74,KNNOR-GPF (M=3/2),0.421,2.560278021654586,64.0,6.0,1197.0,2.8943486366759537,0.2973836987570922,0.5572073516344009,0.9866666666666667,1.5
0.9230769230769231,0.9258200997725514,0.9285714285714286,0.9965576592082617,0.021613703703703704,0.06885185185185184,Cricket,2,5,10.2,8,74,KNNOR-GPF (M calibrated),0.421,2.560278021654586,64.0,6.0,1197.0,2.9144244591080817,0.2896182914948132,0.5983876306936586,0.9736842105263158,1.5999999999999999
0.9230769230769231,0.9258200997725514,0.9285714285714286,0.9750430292598967,0.02382617283950617,0.05755555555555555,Cricket,2,5,10.2,8,74,hybrid GPF-nbrs/raw-walk (M calibrated),0.421,2.560278021654586,64.0,6.0,1197.0,5.056189586035607,0.24259543115081594,2.358641410053021,0.578125,1.5999999999999999
0.7272727272727273,0.7559289460184544,0.7857142857142857,0.9698795180722891,0.029409259259259253,0.051592592592592586,Cricket,2,5,10.2,8,74,hybrid GPF-nbrs/raw-walk (M=1),0.421,2.560278021654586,64.0,6.0,1197.0,3.160092679564521,0.4036901275282187,0.33451314647203273,0.3854166666666667,1.0
0.25,0.3779644730092272,0.5714285714285714,0.9956970740103271,0.040803827160493834,0.10085185185185186,Cricket,2,10,10.2,8,74,none (raw-flat RF),0.421,2.560278021654586,,,,,,,,
0.6,0.6546536707079771,0.7142857142857143,0.8984509466437177,0.04216728395061728,0.03292592592592592,Cricket,2,10,10.2,8,74,none,0.421,2.560278021654586,64.0,6.0,1197.0,,,,,
0.8333333333333334,0.8451542547285166,0.8571428571428572,0.9999999999999999,0.023740740740740736,0.07562962962962963,Cricket,2,10,10.2,8,74,SMOTE-raw,0.421,2.560278021654586,64.0,6.0,1197.0,2.0577498273137778,0.21218893400837058,0.540701378413717,,
0.7272727272727273,0.7559289460184544,0.7857142857142857,0.9543889845094664,0.03037518518518519,0.050925925925925916,Cricket,2,10,10.2,8,74,KNNOR-raw (M=1),0.421,2.560278021654586,64.0,6.0,1197.0,2.7068407744946548,0.3208528406421237,0.3592072262347884,0.9736842105263158,
0.8333333333333334,0.8451542547285166,0.8571428571428572,0.9879518072289156,0.02207925925925926,0.060074074074074085,Cricket,2,10,10.2,8,74,chain-mean-GPF (PSSTO-style),0.421,2.560278021654586,64.0,6.0,1197.0,2.8049763416047977,0.3472156220584249,0.3798931288869376,,
0.8333333333333334,0.8451542547285166,0.8571428571428572,0.9845094664371773,0.0244479012345679,0.06296296296296296,Cricket,2,10,10.2,8,74,KNNOR-GPF (M=1),0.421,2.560278021654586,64.0,6.0,1197.0,3.1757884829577314,0.4051935037387749,0.29405838682456803,1.0,1.0
0.8333333333333334,0.8451542547285166,0.8571428571428572,1.0,0.0220462962962963,0.0695925925925926,Cricket,2,10,10.2,8,74,KNNOR-GPF (M=3/2),0.421,2.560278021654586,64.0,6.0,1197.0,2.908409609907128,0.29654166481200095,0.5485586724008723,0.9866666666666667,1.5
0.8333333333333334,0.8451542547285166,0.8571428571428572,0.9948364888123925,0.02267172839506173,0.069,Cricket,2,10,10.2,8,74,KNNOR-GPF (M calibrated),0.421,2.560278021654586,64.0,6.0,1197.0,2.9215740783185318,0.2879428645229687,0.5905723150254859,0.9736842105263158,1.5999999999999999
0.8333333333333334,0.8451542547285166,0.8571428571428572,0.9879518072289156,0.024460123456790123,0.05685185185185185,Cricket,2,10,10.2,8,74,hybrid GPF-nbrs/raw-walk (M calibrated),0.421,2.560278021654586,64.0,6.0,1197.0,5.28590715154567,0.25686242369228784,2.3623212682173627,0.578125,1.5999999999999999
0.7272727272727273,0.7559289460184544,0.7857142857142857,0.963855421686747,0.030242345679012343,0.047148148148148154,Cricket,2,10,10.2,8,74,hybrid GPF-nbrs/raw-walk (M=1),0.421,2.560278021654586,64.0,6.0,1197.0,3.159413013186743,0.39850341265673334,0.3332471311309542,0.3854166666666667,1.0
0.0,0.0,0.5,0.9612736660929433,0.05256407407407407,0.059518518518518526,Cricket,2,20,20.5,4,78,none (raw-flat RF),0.421,6.505873537492773,,,,,,,,
0.25,0.3779644730092272,0.5714285714285714,0.9027538726333907,0.04682777777777777,0.052037037037037034,Cricket,2,20,20.5,4,78,none,0.421,6.505873537492773,64.0,6.0,1197.0,,,,,
0.7272727272727273,0.7559289460184544,0.7857142857142857,0.9716006884681583,0.0359525925925926,0.04555555555555556,Cricket,2,20,20.5,4,78,SMOTE-raw,0.421,6.505873537492773,64.0,6.0,1197.0,3.7848569136931474,0.310662569428547,0.39052090193427147,,
0.7272727272727273,0.7559289460184544,0.7857142857142857,0.9750430292598968,0.034021358024691355,0.025444444444444447,Cricket,2,20,20.5,4,78,KNNOR-raw (M=1),0.421,6.505873537492773,64.0,6.0,1197.0,4.335994580939021,0.49602143663568155,0.1516347557020267,1.0,
0.6,0.6546536707079771,0.7142857142857143,0.9371772805507745,0.03880802469135803,0.023666666666666666,Cricket,2,20,20.5,4,78,chain-mean-GPF (PSSTO-style),0.421,6.505873537492773,64.0,6.0,1197.0,6.798142756071135,0.596071054460422,0.24991801808429162,,
0.4444444444444444,0.5345224838248488,0.6428571428571428,0.9354561101549054,0.03931567901234568,0.034999999999999996,Cricket,2,20,20.5,4,78,KNNOR-GPF (M=1),0.421,6.505873537492773,64.0,6.0,1197.0,7.118419640141166,0.656674116748601,0.16569565950569382,0.975,1.0
0.4444444444444444,0.5345224838248488,0.6428571428571428,0.9509466437177281,0.03919629629629629,0.050666666666666665,Cricket,2,20,20.5,4,78,KNNOR-GPF (M=3/2),0.421,6.505873537492773,64.0,6.0,1197.0,6.789435047356115,0.5811101793598316,0.26681562838330225,0.975,1.5
0.4444444444444444,0.5345224838248488,0.6428571428571428,0.9664371772805507,0.037727037037037045,0.04840740740740741,Cricket,2,20,20.5,4,78,KNNOR-GPF (M calibrated),0.421,6.505873537492773,64.0,6.0,1197.0,6.725014262636883,0.5635219026218716,0.2894429823503137,0.975,1.5999999999999999
0.4444444444444444,0.5345224838248488,0.6428571428571428,0.9896729776247849,0.03263407407407408,0.05740740740740741,Cricket,2,20,20.5,4,78,hybrid GPF-nbrs/raw-walk (M calibrated),0.421,6.505873537492773,64.0,6.0,1197.0,9.489812025365207,0.4037034453087196,1.8841749097781195,0.609375,1.5999999999999999
0.4444444444444444,0.5345224838248488,0.6428571428571428,0.9535283993115319,0.03773259259259258,0.03474074074074074,Cricket,2,20,20.5,4,78,hybrid GPF-nbrs/raw-walk (M=1),0.421,6.505873537492773,64.0,6.0,1197.0,8.068765656589171,0.6508359133235688,0.38515614898203426,0.3046875,1.0
0.25,0.3779644730092272,0.5714285714285714,1.0,0.033574320987654324,0.10414814814814816,Cricket,3,5,10.2,8,74,none (raw-flat RF),0.421,1.5462549637177991,,,,,,,,
0.8333333333333334,0.8451542547285166,0.8571428571428572,0.9896729776247849,0.023340987654320983,0.0497037037037037,Cricket,3,5,10.2,8,74,none,0.421,1.5462549637177991,64.0,6.0,1197.0,,,,,
0.8333333333333334,0.8451542547285166,0.8571428571428572,1.0,0.01636111111111111,0.06848148148148149,Cricket,3,5,10.2,8,74,SMOTE-raw,0.421,1.5462549637177991,64.0,6.0,1197.0,1.249337482672547,0.15145952573351407,0.4181270232725032,,
0.8333333333333334,0.8451542547285166,0.8571428571428572,0.9879518072289156,0.020920370370370374,0.04951851851851851,Cricket,3,5,10.2,8,74,KNNOR-raw (M=1),0.421,1.5462549637177991,64.0,6.0,1197.0,2.7348552891383475,0.36089424929191144,0.23668291944675993,0.9866666666666667,
0.8333333333333334,0.8451542547285166,0.8571428571428572,0.9982788296041308,0.017363086419753086,0.0575925925925926,Cricket,3,5,10.2,8,74,chain-mean-GPF (PSSTO-style),0.421,1.5462549637177991,64.0,6.0,1197.0,1.4250167225327344,0.21869041594758215,0.31330695238763717,,
0.9230769230769231,0.9258200997725514,0.9285714285714286,0.9982788296041308,0.017159382716049384,0.062185185185185184,Cricket,3,5,10.2,8,74,KNNOR-GPF (M=1),0.421,1.5462549637177991,64.0,6.0,1197.0,1.574450773589093,0.2628803660591352,0.27841507894836703,0.9736842105263158,1.0
0.9230769230769231,0.9258200997725514,0.9285714285714286,1.0,0.01266135802469136,0.06262962962962963,Cricket,3,5,10.2,8,74,KNNOR-GPF (M=3/2),0.421,1.5462549637177991,64.0,6.0,1197.0,1.6075230601783188,0.20356208328182002,0.42455334469237216,0.925,1.5
0.9230769230769231,0.9258200997725514,0.9285714285714286,1.0,0.01255925925925926,0.0628888888888889,Cricket,3,5,10.2,8,74,KNNOR-GPF (M calibrated),0.421,1.5462549637177991,64.0,6.0,1197.0,1.623572653908286,0.1963298880553489,0.45346649132561045,0.925,1.5999999999999999
0.9230769230769231,0.9258200997725514,0.9285714285714286,1.0,0.009892962962962963,0.0592962962962963,Cricket,3,5,10.2,8,74,hybrid GPF-nbrs/raw-walk (M calibrated),0.421,1.5462549637177991,64.0,6.0,1197.0,3.4959290142969843,0.18691018860001207,2.1150446407401837,0.578125,1.5999999999999999
0.9230769230769231,0.9258200997725514,0.9285714285714286,1.0,0.013070370370370375,0.06474074074074074,Cricket,3,5,10.2,8,74,hybrid GPF-nbrs/raw-walk (M=1),0.421,1.5462549637177991,64.0,6.0,1197.0,2.1579259952009133,0.21694195364564184,0.5038020935350083,0.23125,1.0
0.25,0.3779644730092272,0.5714285714285714,0.998278829604131,0.03738296296296296,0.10755555555555554,Cricket,3,10,10.2,8,74,none (raw-flat RF),0.421,1.5462549637177991,,,,,,,,
0.8333333333333334,0.8451542547285166,0.8571428571428572,0.9913941480206541,0.023711604938271607,0.04881481481481481,Cricket,3,10,10.2,8,74,none,0.421,1.5462549637177991,64.0,6.0,1197.0,,,,,
0.8333333333333334,0.8451542547285166,0.8571428571428572,1.0,0.018578888888888888,0.07381481481481483,Cricket,3,10,10.2,8,74,SMOTE-raw,0.421,1.5462549637177991,64.0,6.0,1197.0,1.3556315514813049,0.1560042183756425,0.425690983399952,,
0.8333333333333334,0.8451542547285166,0.8571428571428572,0.978485370051635,0.023318518518518527,0.04392592592592593,Cricket,3,10,10.2,8,74,KNNOR-raw (M=1),0.421,1.5462549637177991,64.0,6.0,1197.0,2.5078549372999843,0.3570540140656521,0.20801819961301254,0.9736842105263158,
0.8333333333333334,0.8451542547285166,0.8571428571428572,0.9982788296041307,0.017020617283950618,0.05737037037037038,Cricket,3,10,10.2,8,74,chain-mean-GPF (PSSTO-style),0.421,1.5462549637177991,64.0,6.0,1197.0,1.653295618633515,0.2108310019701527,0.37765891441015925,,
0.9230769230769231,0.9258200997725514,0.9285714285714286,1.0,0.01525098765432099,0.06692592592592593,Cricket,3,10,10.2,8,74,KNNOR-GPF (M=1),0.421,1.5462549637177991,64.0,6.0,1197.0,1.5826222970853552,0.2802904099602261,0.27436143230004484,1.0,1.0
0.9230769230769231,0.9258200997725514,0.9285714285714286,1.0,0.014321604938271608,0.06470370370370371,Cricket,3,10,10.2,8,74,KNNOR-GPF (M=3/2),0.421,1.5462549637177991,64.0,6.0,1197.0,1.4999670653824202,0.19248048313974275,0.4321748564020166,0.961038961038961,1.5
0.9230769230769231,0.9258200997725514,0.9285714285714286,1.0,0.01431320987654321,0.06366666666666668,Cricket,3,10,10.2,8,74,KNNOR-GPF (M calibrated),0.421,1.5462549637177991,64.0,6.0,1197.0,1.4879458060858672,0.18198106551444904,0.4620406223399212,0.961038961038961,1.5999999999999999
0.9230769230769231,0.9258200997725514,0.9285714285714286,1.0,0.011688148148148149,0.06251851851851853,Cricket,3,10,10.2,8,74,hybrid GPF-nbrs/raw-walk (M calibrated),0.421,1.5462549637177991,64.0,6.0,1197.0,4.484071996063975,0.2087161385279831,2.625157914655563,0.578125,1.5999999999999999
0.8333333333333334,0.8451542547285166,0.8571428571428572,1.0,0.014597530864197532,0.06688888888888889,Cricket,3,10,10.2,8,74,hybrid GPF-nbrs/raw-walk (M=1),0.421,1.5462549637177991,64.0,6.0,1197.0,2.0248180483938247,0.18712866244136428,0.5610433556121035,0.2890625,1.0
0.0,0.0,0.5,0.9965576592082617,0.04447777777777777,0.08162962962962964,Cricket,3,20,20.5,4,78,none (raw-flat RF),0.421,3.827975656173029,,,,,,,,
0.25,0.3779644730092272,0.5714285714285714,0.923407917383821,0.04682604938271604,0.05151851851851851,Cricket,3,20,20.5,4,78,none,0.421,3.827975656173029,64.0,6.0,1197.0,,,,,
0.4444444444444444,0.5345224838248488,0.6428571428571428,0.9965576592082616,0.03214012345679012,0.046037037037037036,Cricket,3,20,20.5,4,78,SMOTE-raw,0.421,3.827975656173029,64.0,6.0,1197.0,2.3537353776410974,0.28286263366334147,0.31265448804962287,,
0.4444444444444444,0.5345224838248488,0.6428571428571428,0.9974182444061962,0.028209999999999995,0.05374074074074074,Cricket,3,20,20.5,4,78,KNNOR-raw (M=1),0.421,3.827975656173029,64.0,6.0,1197.0,2.955353051005975,0.38383849275633863,0.22041067418958984,1.0,
0.4444444444444444,0.5345224838248488,0.6428571428571428,0.9707401032702238,0.0429046913580247,0.058296296296296284,Cricket,3,20,20.5,4,78,chain-mean-GPF (PSSTO-style),0.421,3.827975656173029,64.0,6.0,1197.0,4.198282592179082,0.47763603980430713,0.2696032975997481,,
0.4444444444444444,0.5345224838248488,0.6428571428571428,0.9664371772805508,0.04219777777777777,0.03644444444444445,Cricket,3,20,20.5,4,78,KNNOR-GPF (M=1),0.421,3.827975656173029,64.0,6.0,1197.0,4.966147950730745,0.5594249564550997,0.1522478547027864,1.0,1.0
0.4444444444444444,0.5345224838248488,0.6428571428571428,0.9810671256454389,0.0416762962962963,0.061703703703703705,Cricket,3,20,20.5,4,78,KNNOR-GPF (M=3/2),0.421,3.827975656173029,64.0,6.0,1197.0,4.919022313139655,0.48616696895644496,0.22006092107806066,1.0,1.5
0.4444444444444444,0.5345224838248488,0.6428571428571428,0.9810671256454389,0.04014654320987654,0.05966666666666666,Cricket,3,20,20.5,4,78,KNNOR-GPF (M calibrated),0.421,3.827975656173029,64.0,6.0,1197.0,4.913273785383128,0.4726150443550759,0.23535437199764644,1.0,1.5999999999999999
0.6,0.6546536707079771,0.7142857142857143,0.9948364888123925,0.029750740740740748,0.04211111111111111,Cricket,3,20,20.5,4,78,hybrid GPF-nbrs/raw-walk (M calibrated),0.421,3.827975656173029,64.0,6.0,1197.0,7.116384240948845,0.23962355868525254,2.2323142509564704,0.609375,1.5999999999999999
0.4444444444444444,0.5345224838248488,0.6428571428571428,0.9948364888123924,0.0301183950617284,0.04833333333333333,Cricket,3,20,20.5,4,78,hybrid GPF-nbrs/raw-walk (M=1),0.421,3.827975656173029,64.0,6.0,1197.0,2.4293271723758405,0.26804285481895784,0.3684941142799006,0.40625,1.0
0.4444444444444444,0.5345224838248488,0.6428571428571428,0.9432013769363167,0.041867283950617284,0.07196296296296298,Cricket,4,5,10.2,8,74,none (raw-flat RF),0.421,2.093193718853252,,,,,,,,
0.6,0.6546536707079771,0.7142857142857143,0.96815834767642,0.03225641975308642,0.03211111111111112,Cricket,4,5,10.2,8,74,none,0.421,2.093193718853252,64.0,6.0,1197.0,,,,,
0.7272727272727273,0.7559289460184544,0.7857142857142857,0.9965576592082616,0.022448518518518517,0.061814814814814815,Cricket,4,5,10.2,8,74,SMOTE-raw,0.421,2.093193718853252,64.0,6.0,1197.0,1.7965889657887306,0.21132630487801762,0.42818576241731776,,
0.6,0.6546536707079771,0.7142857142857143,0.9690189328743546,0.028572592592592594,0.03837037037037037,Cricket,4,5,10.2,8,74,KNNOR-raw (M=1),0.421,2.093193718853252,64.0,6.0,1197.0,2.2955956688123855,0.27370364949797615,0.3902314530892622,1.0,
0.7272727272727273,0.7559289460184544,0.7857142857142857,0.9948364888123925,0.0268979012345679,0.044925925925925925,Cricket,4,5,10.2,8,74,chain-mean-GPF (PSSTO-style),0.421,2.093193718853252,64.0,6.0,1197.0,2.7685430079523297,0.4080448307764609,0.23938095182480193,,
0.6,0.6546536707079771,0.7142857142857143,0.9888123924268504,0.02970617283950618,0.056296296296296296,Cricket,4,5,10.2,8,74,KNNOR-GPF (M=1),0.421,2.093193718853252,64.0,6.0,1197.0,3.505256035783633,0.5038953218464947,0.16709955935171955,0.961038961038961,1.0
0.8333333333333334,0.8451542547285166,0.8571428571428572,0.9896729776247848,0.025692222222222224,0.05292592592592593,Cricket,4,5,10.2,8,74,KNNOR-GPF (M=3/2),0.421,2.093193718853252,64.0,6.0,1197.0,3.417714022108985,0.4105808434333596,0.26783423246008714,0.9024390243902439,1.5
0.7692307692307693,0.8400475357420961,0.851118760757315,0.9836488812392428,0.02605716049382716,0.04033333333333333,Cricket,4,5,10.2,8,74,KNNOR-GPF (M calibrated),0.421,2.093193718853252,64.0,6.0,1197.0,3.050363912991118,0.3176581315908172,0.4024190657312202,0.9024390243902439,2.0
0.8333333333333334,0.8451542547285166,0.8571428571428572,0.9845094664371773,0.02732962962962963,0.04822222222222222,Cricket,4,5,10.2,8,74,hybrid GPF-nbrs/raw-walk (M calibrated),0.421,2.093193718853252,64.0,6.0,1197.0,5.534702116088097,0.20836993284671956,3.637166984724896,0.578125,2.0
0.6666666666666666,0.7513613577002045,0.7796901893287436,0.9896729776247849,0.026528024691358024,0.04092592592592593,Cricket,4,5,10.2,8,74,hybrid GPF-nbrs/raw-walk (M=1),0.421,2.093193718853252,64.0,6.0,1197.0,3.733723161379597,0.486720326638585,0.19905710484494976,0.578125,1.0
0.4444444444444444,0.5345224838248488,0.6428571428571428,0.950946643717728,0.041778148148148155,0.07633333333333332,Cricket,4,10,10.2,8,74,none (raw-flat RF),0.421,2.0931937188532537,,,,,,,,
0.6,0.6546536707079771,0.7142857142857143,0.9509466437177281,0.031667530864197525,0.02211111111111111,Cricket,4,10,10.2,8,74,none,0.421,2.0931937188532537,64.0,6.0,1197.0,,,,,
0.7272727272727273,0.7559289460184544,0.7857142857142857,0.9948364888123924,0.022890493827160494,0.061592592592592595,Cricket,4,10,10.2,8,74,SMOTE-raw,0.421,2.0931937188532537,64.0,6.0,1197.0,1.7943306013027307,0.19654887990920622,0.46726240204779645,,
0.7272727272727273,0.7559289460184544,0.7857142857142857,0.9741824440619621,0.028585308641975303,0.030259259259259253,Cricket,4,10,10.2,8,74,KNNOR-raw (M=1),0.421,2.0931937188532537,64.0,6.0,1197.0,2.127890722924315,0.244147005224287,0.39960191034973425,1.0,
0.8333333333333334,0.8451542547285166,0.8571428571428572,0.9896729776247849,0.026384197530864198,0.04525925925925926,Cricket,4,10,10.2,8,74,chain-mean-GPF (PSSTO-style),0.421,2.0931937188532537,64.0,6.0,1197.0,2.4810176703862847,0.36398778770420087,0.26586171731981434,,
0.7272727272727273,0.7559289460184544,0.7857142857142857,0.9879518072289156,0.028685185185185185,0.05311111111111111,Cricket,4,10,10.2,8,74,KNNOR-GPF (M=1),0.421,2.0931937188532537,64.0,6.0,1197.0,3.8523290873100517,0.5434589509925389,0.14998385713133264,0.9487179487179487,1.0
0.8333333333333334,0.8451542547285166,0.8571428571428572,0.9879518072289156,0.02626753086419753,0.05611111111111112,Cricket,4,10,10.2,8,74,KNNOR-GPF (M=3/2),0.421,2.0931937188532537,64.0,6.0,1197.0,3.5625500929472,0.42260101788098164,0.2736408803364139,0.9487179487179487,1.5
0.7692307692307693,0.8400475357420961,0.851118760757315,0.9913941480206541,0.023897530864197533,0.05518518518518519,Cricket,4,10,10.2,8,74,KNNOR-GPF (M calibrated),0.421,2.0931937188532537,64.0,6.0,1197.0,3.2843071647027724,0.34226171828130625,0.40280559925681886,0.9135802469135802,2.0
0.7692307692307693,0.8400475357420961,0.851118760757315,0.9793459552495697,0.02801506172839506,0.04948148148148148,Cricket,4,10,10.2,8,74,hybrid GPF-nbrs/raw-walk (M calibrated),0.421,2.0931937188532537,64.0,6.0,1197.0,6.3862615032612755,0.2245944151293382,3.6034857019131152,0.578125,2.0
0.5454545454545454,0.6506980231903436,0.7082616179001721,0.9879518072289156,0.02839,0.05537037037037037,Cricket,4,10,10.2,8,74,hybrid GPF-nbrs/raw-walk (M=1),0.421,2.0931937188532537,64.0,6.0,1197.0,3.830371912684557,0.5044019228708257,0.1915056367646152,0.578125,1.0
0.0,0.0,0.5,0.9475043029259896,0.05425580246913579,0.04866666666666667,Cricket,4,20,20.5,4,78,none (raw-flat RF),0.421,4.3769043852490555,,,,,,,,
0.6,0.6546536707079771,0.7142857142857143,0.9414802065404475,0.04030703703703703,0.03648148148148149,Cricket,4,20,20.5,4,78,none,0.421,4.3769043852490555,64.0,6.0,1197.0,,,,,
0.7272727272727273,0.7559289460184544,0.7857142857142857,0.9948364888123924,0.024912592592592594,0.061703703703703705,Cricket,4,20,20.5,4,78,SMOTE-raw,0.421,4.3769043852490555,64.0,6.0,1197.0,2.2583494619656133,0.18976141568279248,0.3932736706718737,,
0.6,0.6546536707079771,0.7142857142857143,0.9879518072289156,0.027226543209876546,0.0407037037037037,Cricket,4,20,20.5,4,78,KNNOR-raw (M=1),0.421,4.3769043852490555,64.0,6.0,1197.0,4.150148478383647,0.5174581306065328,0.11831758171784772,0.9397590361445783,
0.4444444444444444,0.5345224838248488,0.6428571428571428,0.963855421686747,0.03598703703703703,0.055074074074074074,Cricket,4,20,20.5,4,78,chain-mean-GPF (PSSTO-style),0.421,4.3769043852490555,64.0,6.0,1197.0,4.428582485541023,0.4414304281918833,0.19362774579820496,,
0.6,0.6546536707079771,0.7142857142857143,0.9698795180722892,0.03406827160493827,0.05025925925925926,Cricket,4,20,20.5,4,78,KNNOR-GPF (M=1),0.421,4.3769043852490555,64.0,6.0,1197.0,5.662503175184307,0.4601753804432463,0.22900079110468732,0.9629629629629629,1.0
0.6,0.6546536707079771,0.7142857142857143,0.9629948364888123,0.03453086419753086,0.030666666666666665,Cricket,4,20,20.5,4,78,KNNOR-GPF (M=3/2),0.421,4.3769043852490555,64.0,6.0,1197.0,6.36452886467338,0.42228159233796875,0.3706746279985419,0.9285714285714286,1.5
0.6,0.6546536707079771,0.7142857142857143,0.9629948364888125,0.03489111111111111,0.042666666666666665,Cricket,4,20,20.5,4,78,KNNOR-GPF (M calibrated),0.421,4.3769043852490555,64.0,6.0,1197.0,6.743301450874197,0.43117301409441466,0.40213144428463166,0.9069767441860465,1.5999999999999999
0.6,0.6546536707079771,0.7142857142857143,0.9053356282271944,0.038677530864197535,0.042148148148148136,Cricket,4,20,20.5,4,78,hybrid GPF-nbrs/raw-walk (M calibrated),0.421,4.3769043852490555,64.0,6.0,1197.0,17.93927339350624,0.49236526296004557,3.093882024400409,0.609375,1.5999999999999999
0.6,0.6546536707079771,0.7142857142857143,0.919104991394148,0.038202222222222214,0.04103703703703703,Cricket,4,20,20.5,4,78,hybrid GPF-nbrs/raw-walk (M=1),0.421,4.3769043852490555,64.0,6.0,1197.0,5.250830886219594,0.3432471832042019,0.4700287699085174,0.3046875,1.0
0.8888888888888888,0.8944271909999159,0.9,1.0,0.029286814814814814,0.10524444444444445,ERing,0,5,5.0,25,100,none (raw-flat RF),0.675,0.7469944174894056,,,,,,,,
0.9166666666666666,0.9343232845220117,0.9359999999999999,0.99808,0.02831303703703704,0.09928888888888887,ERing,0,5,5.0,25,100,none,0.675,0.7469944174894056,64.0,4.0,65.0,,,,,
0.9795918367346939,0.9797958971132712,0.98,1.0,0.013810148148148148,0.07326666666666666,ERing,0,5,5.0,25,100,SMOTE-raw,0.675,0.7469944174894056,64.0,4.0,65.0,0.752863652638414,0.06072902998693863,0.6570276281416993,,
0.9583333333333334,0.9591663046625439,0.96,1.0,0.018584074074074076,0.0834,ERing,0,5,5.0,25,100,KNNOR-raw (M=1),0.675,0.7469944174894056,64.0,4.0,65.0,1.180350724388262,0.1138367870451551,0.4846730641353263,1.0,
0.9795918367346939,0.9797958971132712,0.98,1.0,0.017279407407407407,0.08297777777777778,ERing,0,5,5.0,25,100,chain-mean-GPF (PSSTO-style),0.675,0.7469944174894056,64.0,4.0,65.0,1.1579614545806773,0.12407770828034914,0.4653825278677978,,
0.9795918367346939,0.9797958971132712,0.98,1.0,0.02015777777777778,0.08866666666666666,ERing,0,5,5.0,25,100,KNNOR-GPF (M=1),0.675,0.7469944174894056,64.0,4.0,65.0,1.4187953316870487,0.17873600211913493,0.32642480205232455,1.0,1.0
1.0,1.0,1.0,1.0,0.016408074074074075,0.08317777777777778,ERing,0,5,5.0,25,100,KNNOR-GPF (M=3/2),0.675,0.7469944174894056,64.0,4.0,65.0,1.0381397835863844,0.090862264837405,0.5486223891594607,1.0,1.5
0.9803921568627451,0.9959919678390986,0.996,1.0,0.014940888888888889,0.07937777777777777,ERing,0,5,5.0,25,100,KNNOR-GPF (M calibrated),0.675,0.7469944174894056,64.0,4.0,65.0,0.9097460738017151,0.06742498510336958,0.6837280438974593,1.0,1.7999999999999998
0.9803921568627451,0.9959919678390986,0.996,1.0,0.020615925925925926,0.0894,ERing,0,5,5.0,25,100,hybrid GPF-nbrs/raw-walk (M calibrated),0.675,0.7469944174894056,64.0,4.0,65.0,3.0326509747421095,0.10067775533510315,2.129687387502206,0.78125,1.7999999999999998
1.0,1.0,1.0,1.0,0.016518074074074074,0.08164444444444444,ERing,0,5,5.0,25,100,hybrid GPF-nbrs/raw-walk (M=1),0.675,0.7469944174894056,64.0,4.0,65.0,1.4101857113193468,0.16958860381363033,0.3338540651583954,0.78125,1.0
0.4375,0.5291502622129182,0.64,0.9921599999999999,0.061551259259259264,0.10226666666666666,ERing,0,10,10.4,12,113,none (raw-flat RF),0.675,1.751517270643184,,,,,,,,
0.6111111111111112,0.6633249580710799,0.72,0.98224,0.05847585185185186,0.09337777777777778,ERing,0,10,10.4,12,113,none,0.675,1.751517270643184,64.0,4.0,65.0,,,,,
0.9583333333333334,0.9591663046625439,0.96,1.0,0.02195222222222222,0.08148888888888889,ERing,0,10,10.4,12,113,SMOTE-raw,0.675,1.751517270643184,64.0,4.0,65.0,1.4986759256254132,0.10097053958915103,0.5820395956599391,,
0.9583333333333334,0.9591663046625439,0.96,1.0,0.026935407407407404,0.09622222222222221,ERing,0,10,10.4,12,113,KNNOR-raw (M=1),0.675,1.751517270643184,64.0,4.0,65.0,2.5066640025551834,0.2196179279833087,0.3482955665354106,1.0,
0.8372093023255814,0.848528137423857,0.86,0.9992000000000001,0.033942814814814815,0.09173333333333336,ERing,0,10,10.4,12,113,chain-mean-GPF (PSSTO-style),0.675,1.751517270643184,64.0,4.0,65.0,2.2156975130882763,0.18042651542187316,0.43122112396531415,,
0.8372093023255814,0.848528137423857,0.86,0.99552,0.04175548148148149,0.0982888888888889,ERing,0,10,10.4,12,113,KNNOR-GPF (M=1),0.675,1.751517270643184,64.0,4.0,65.0,2.818497326527293,0.30457378031094207,0.23670374661196134,0.837037037037037,1.0
0.8636363636363636,0.8717797887081347,0.88,0.99424,0.037097407407407405,0.08540000000000002,ERing,0,10,10.4,12,113,KNNOR-GPF (M=3/2),0.675,1.751517270643184,64.0,4.0,65.0,2.3417639145598663,0.18770858547578573,0.41612292603265155,0.8129496402877698,1.5
0.8636363636363636,0.8717797887081347,0.88,0.9958399999999998,0.035366666666666664,0.07351111111111111,ERing,0,10,10.4,12,113,KNNOR-GPF (M calibrated),0.675,1.751517270643184,64.0,4.0,65.0,2.283023407200634,0.1758851575006921,0.45039709769699987,0.8129496402877698,1.5999999999999999
0.8372093023255814,0.848528137423857,0.86,0.99728,0.035049555555555556,0.0914,ERing,0,10,10.4,12,113,hybrid GPF-nbrs/raw-walk (M calibrated),0.675,1.751517270643184,64.0,4.0,65.0,2.702884010732113,0.10250727860548647,1.3622411647810122,0.5885416666666666,1.5999999999999999
0.8372093023255814,0.848528137423857,0.86,0.99344,0.04051696296296296,0.07868888888888889,ERing,0,10,10.4,12,113,hybrid GPF-nbrs/raw-walk (M=1),0.675,1.751517270643184,64.0,4.0,65.0,2.464487651746577,0.22418106632476048,0.32314409559124735,0.5885416666666666,1.0
0.21428571428571427,0.34641016151377546,0.56,0.9758399999999999,0.08801259259259259,0.09026666666666666,ERing,0,20,20.8,6,119,none (raw-flat RF),0.675,3.0162168840250025,,,,,,,,
0.3333333333333333,0.4472135954999579,0.6,0.95792,0.0863934074074074,0.08073333333333334,ERing,0,20,20.8,6,119,none,0.675,3.0162168840250025,64.0,4.0,65.0,,,,,
0.6486486486486487,0.6928203230275509,0.74,0.9764799999999999,0.06693140740740741,0.06973333333333334,ERing,0,20,20.8,6,119,SMOTE-raw,0.675,3.0162168840250025,64.0,4.0,65.0,2.911474063036465,0.21882090596197667,0.46598305533797807,,
0.5714285714285714,0.6324555320336759,0.7,0.97632,0.07107118518518518,0.0726,ERing,0,20,20.8,6,119,KNNOR-raw (M=1),0.675,3.0162168840250025,64.0,4.0,65.0,4.2876011929617555,0.38617398580856505,0.254896379662426,1.0,
0.6111111111111112,0.6633249580710799,0.72,0.9769599999999999,0.06951866666666667,0.07653333333333334,ERing,0,20,20.8,6,119,chain-mean-GPF (PSSTO-style),0.675,3.0162168840250025,64.0,4.0,65.0,4.3917838373960265,0.4181518098525895,0.2505705596394864,,
0.48484848484848486,0.565685424949238,0.66,0.96912,0.07926251851851852,0.07586666666666668,ERing,0,20,20.8,6,119,KNNOR-GPF (M=1),0.675,3.0162168840250025,64.0,4.0,65.0,4.582877955211842,0.39729447024010217,0.2803549059807029,0.9916666666666667,1.0
0.5714285714285714,0.6324555320336759,0.7,0.96784,0.07436577777777778,0.06937777777777777,ERing,0,20,20.8,6,119,KNNOR-GPF (M=3/2),0.675,3.0162168840250025,64.0,4.0,65.0,4.110494524426045,0.2967379393976082,0.4432264647144528,0.952,1.5
0.5714285714285714,0.6324555320336759,0.7,0.9689599999999999,0.0724382962962963,0.06899999999999999,ERing,0,20,20.8,6,119,KNNOR-GPF (M calibrated),0.675,3.0162168840250025,64.0,4.0,65.0,4.005406751995672,0.28139005840824227,0.4809606302167147,0.952,1.5999999999999999
0.6486486486486487,0.6928203230275509,0.74,0.98576,0.0561365925925926,0.0627111111111111,ERing,0,20,20.8,6,119,hybrid GPF-nbrs/raw-walk (M calibrated),0.675,3.0162168840250025,64.0,4.0,65.0,4.599236395436243,0.17894597318346583,1.9627810631632556,0.6197916666666666,1.5999999999999999
0.4375,0.5291502622129182,0.64,0.96864,0.07933177777777778,0.07642222222222221,ERing,0,20,20.8,6,119,hybrid GPF-nbrs/raw-walk (M=1),0.675,3.0162168840250025,64.0,4.0,65.0,4.840585707697507,0.3876596741473558,0.33666622821804204,0.46484375,1.0
0.9795918367346939,0.9797958971132712,0.98,1.0,0.026844222222222224,0.10784444444444445,ERing,1,5,5.0,25,100,none (raw-flat RF),0.675,1.1359800759579723,,,,,,,,
0.9583333333333334,0.9591663046625439,0.96,1.0,0.023367555555555558,0.09595555555555557,ERing,1,5,5.0,25,100,none,0.675,1.1359800759579723,64.0,4.0,65.0,,,,,
0.9361702127659575,0.938083151964686,0.94,0.9998400000000001,0.016014740740740746,0.060244444444444434,ERing,1,5,5.0,25,100,SMOTE-raw,0.675,1.1359800759579723,64.0,4.0,65.0,1.2751761571705575,0.10433832737490512,0.6175823523932503,,
0.9583333333333334,0.9591663046625439,0.96,0.99968,0.01801,0.06984444444444443,ERing,1,5,5.0,25,100,KNNOR-raw (M=1),0.675,1.1359800759579723,64.0,4.0,65.0,2.1766513321197856,0.2312830341080635,0.3461894355685686,1.0,
0.9583333333333334,0.9591663046625439,0.96,1.0,0.01671474074074074,0.06424444444444445,ERing,1,5,5.0,25,100,chain-mean-GPF (PSSTO-style),0.675,1.1359800759579723,64.0,4.0,65.0,1.3296745597700603,0.12373660594504643,0.524845560039424,,
0.9795918367346939,0.9797958971132712,0.98,1.0,0.016871703703703705,0.07248888888888891,ERing,1,5,5.0,25,100,KNNOR-GPF (M=1),0.675,1.1359800759579723,64.0,4.0,65.0,2.1212207250306765,0.21357839227051167,0.3861563650431174,1.0,1.0
0.9583333333333334,0.9591663046625439,0.96,0.9993599999999999,0.016459481481481485,0.06584444444444444,ERing,1,5,5.0,25,100,KNNOR-GPF (M=3/2),0.675,1.1359800759579723,64.0,4.0,65.0,1.8061504154319667,0.13599093197509826,0.6356779274397695,1.0,1.5
0.9583333333333334,0.9591663046625439,0.96,0.9996799999999999,0.016058222222222224,0.06404444444444445,ERing,1,5,5.0,25,100,KNNOR-GPF (M calibrated),0.675,1.1359800759579723,64.0,4.0,65.0,1.7774137569139778,0.12849410608499612,0.6822516329887158,1.0,1.5999999999999999
0.9583333333333334,0.9591663046625439,0.96,1.0,0.015924962962962964,0.07517777777777779,ERing,1,5,5.0,25,100,hybrid GPF-nbrs/raw-walk (M calibrated),0.675,1.1359800759579723,64.0,4.0,65.0,1.7532451819246049,0.10212919293145517,0.9897784719321077,0.78125,1.5999999999999999
0.9795918367346939,0.9797958971132712,0.98,1.0,0.016694,0.06775555555555554,ERing,1,5,5.0,25,100,hybrid GPF-nbrs/raw-walk (M=1),0.675,1.1359800759579723,64.0,4.0,65.0,2.113655026475138,0.20904512306640932,0.3834553070242418,0.78125,1.0
0.6842105263157895,0.7211102550927979,0.76,0.9984000000000001,0.05227348148148147,0.10897777777777777,ERing,1,10,10.4,12,113,none (raw-flat RF),0.675,2.1198754804419284,,,,,,,,
0.6842105263157895,0.7211102550927979,0.76,0.99456,0.05359903703703703,0.10237777777777778,ERing,1,10,10.4,12,113,none,0.675,2.1198754804419284,64.0,4.0,65.0,,,,,
0.9130434782608695,0.916515138991168,0.9199999999999999,1.0,0.02645933333333333,0.08526666666666669,ERing,1,10,10.4,12,113,SMOTE-raw,0.675,2.1198754804419284,64.0,4.0,65.0,2.3371168011741172,0.16364695788390737,0.528611831097564,,
0.9130434782608695,0.916515138991168,0.9199999999999999,0.99936,0.028079555555555556,0.08706666666666665,ERing,1,10,10.4,12,113,KNNOR-raw (M=1),0.675,2.1198754804419284,64.0,4.0,65.0,2.9488490522979376,0.28251944912586874,0.2795339912720602,1.0,
0.8636363636363636,0.8717797887081347,0.88,0.99968,0.030825851851851858,0.08842222222222224,ERing,1,10,10.4,12,113,chain-mean-GPF (PSSTO-style),0.675,2.1198754804419284,64.0,4.0,65.0,2.5152221882910926,0.20271822184433452,0.4042215851141105,,
0.8372093023255814,0.848528137423857,0.86,1.0,0.04087155555555556,0.10271111111111113,ERing,1,10,10.4,12,113,KNNOR-GPF (M=1),0.675,2.1198754804419284,64.0,4.0,65.0,3.637830224721542,0.36402018458982743,0.20340663186136373,1.0,1.0
0.8095238095238095,0.8246211251235321,0.8400000000000001,1.0,0.0313462962962963,0.0989111111111111,ERing,1,10,10.4,12,113,KNNOR-GPF (M=3/2),0.675,2.1198754804419284,64.0,4.0,65.0,3.1610478803823536,0.2476538344655127,0.36074284785687927,1.0,1.5
0.8636363636363636,0.8717797887081347,0.88,1.0,0.02723740740740741,0.09344444444444444,ERing,1,10,10.4,12,113,KNNOR-GPF (M calibrated),0.675,2.1198754804419284,64.0,4.0,65.0,2.949989986060279,0.20959086047997,0.44991261147271544,1.0,1.7999999999999998
0.8636363636363636,0.8717797887081347,0.88,1.0,0.03267370370370371,0.09597777777777779,ERing,1,10,10.4,12,113,hybrid GPF-nbrs/raw-walk (M calibrated),0.675,2.1198754804419284,64.0,4.0,65.0,3.3680888768041424,0.14425356069665318,1.1383419381981377,0.8828125,1.7999999999999998
0.8372093023255814,0.848528137423857,0.86,1.0,0.03458244444444444,0.10144444444444445,ERing,1,10,10.4,12,113,hybrid GPF-nbrs/raw-walk (M=1),0.675,2.1198754804419284,64.0,4.0,65.0,3.197719629426942,0.31791001753405335,0.22760597610668426,0.8828125,1.0
0.07692307692307693,0.2,0.52,0.97776,0.09557770370370372,0.11068888888888889,ERing,1,20,20.8,6,119,none (raw-flat RF),0.675,3.9260248974049503,,,,,,,,
0.07692307692307693,0.2,0.52,0.97712,0.09728903703703703,0.10595555555555554,ERing,1,20,20.8,6,119,none,0.675,3.9260248974049503,64.0,4.0,65.0,,,,,
0.5714285714285714,0.6324555320336759,0.7,0.9958400000000001,0.059761555555555554,0.10144444444444445,ERing,1,20,20.8,6,119,SMOTE-raw,0.675,3.9260248974049503,64.0,4.0,65.0,3.446035607635771,0.17910966142915752,0.4062515071638433,,
0.5294117647058824,0.6,0.6799999999999999,0.99856,0.06660074074074074,0.10955555555555556,ERing,1,20,20.8,6,119,KNNOR-raw (M=1),0.675,3.9260248974049503,64.0,4.0,65.0,3.9633282502916067,0.3326435379805386,0.12814033225166663,0.9444444444444444,
0.3870967741935484,0.4898979485566356,0.62,0.99744,0.06894377777777777,0.11615555555555557,ERing,1,20,20.8,6,119,chain-mean-GPF (PSSTO-style),0.675,3.9260248974049503,64.0,4.0,65.0,5.038010264943463,0.3424344701355962,0.23848446992644598,,
0.21428571428571427,0.34641016151377546,0.56,0.9888,0.08527362962962962,0.11653333333333334,ERing,1,20,20.8,6,119,KNNOR-GPF (M=1),0.675,3.9260248974049503,64.0,4.0,65.0,9.575859908942316,0.5705980394979578,0.11903372478899829,0.49583333333333335,1.0
0.27586206896551724,0.4,0.58,0.98816,0.0801665925925926,0.10900000000000001,ERing,1,20,20.8,6,119,KNNOR-GPF (M=3/2),0.675,3.9260248974049503,64.0,4.0,65.0,10.656676096637703,0.5849485907104574,0.16732743921927,0.519650655021834,1.5
0.3870967741935484,0.4898979485566356,0.62,0.99248,0.0739697037037037,0.10455555555555557,ERing,1,20,20.8,6,119,KNNOR-GPF (M calibrated),0.675,3.9260248974049503,64.0,4.0,65.0,10.880835822166485,0.5904475495710286,0.1833097052660599,0.5219298245614035,1.5999999999999999
0.14814814814814814,0.282842712474619,0.54,0.9854400000000001,0.08454155555555554,0.107,ERing,1,20,20.8,6,119,hybrid GPF-nbrs/raw-walk (M calibrated),0.675,3.9260248974049503,64.0,4.0,65.0,22.365108669299058,0.5841210928029479,1.4884221606988977,0.6197916666666666,1.5999999999999999
0.14814814814814814,0.282842712474619,0.54,0.988,0.08694755555555554,0.11186666666666668,ERing,1,20,20.8,6,119,hybrid GPF-nbrs/raw-walk (M=1),0.675,3.9260248974049503,64.0,4.0,65.0,12.840066692376354,0.627330888984617,0.28392627941404264,0.46484375,1.0
1.0,1.0,1.0,1.0,0.028228518518518524,0.11495555555555553,ERing,2,5,5.0,25,100,none (raw-flat RF),0.675,0.6765106941130163,,,,,,,,
0.96,0.9758688436465219,0.976,0.9987199999999999,0.027450148148148147,0.09531111111111112,ERing,2,5,5.0,25,100,none,0.675,0.6765106941130163,64.0,4.0,65.0,,,,,
0.9583333333333334,0.9591663046625439,0.96,1.0,0.019899703703703704,0.07804444444444447,ERing,2,5,5.0,25,100,SMOTE-raw,0.675,0.6765106941130163,64.0,4.0,65.0,0.8881340916258313,0.08363159857259284,0.632893870205484,,
0.9795918367346939,0.9797958971132712,0.98,0.99968,0.02383444444444444,0.08984444444444446,ERing,2,5,5.0,25,100,KNNOR-raw (M=1),0.675,0.6765106941130163,64.0,4.0,65.0,1.3710537779054093,0.1530635191489917,0.4401699976849139,1.0,
0.9795918367346939,0.9797958971132712,0.98,1.0,0.020760814814814815,0.08135555555555556,ERing,2,5,5.0,25,100,chain-mean-GPF (PSSTO-style),0.675,0.6765106941130163,64.0,4.0,65.0,1.1015603502278033,0.12432327984541103,0.4883820194863209,,
0.9795918367346939,0.9797958971132712,0.98,1.0,0.023854222222222225,0.08542222222222223,ERing,2,5,5.0,25,100,KNNOR-GPF (M=1),0.675,0.6765106941130163,64.0,4.0,65.0,1.3099760208995548,0.16533596378884152,0.40602000932590715,1.0,1.0
0.9803921568627451,0.9959919678390986,0.996,0.9996799999999999,0.02086296296296296,0.0816,ERing,2,5,5.0,25,100,KNNOR-GPF (M=3/2),0.675,0.6765106941130163,64.0,4.0,65.0,0.9907445489440985,0.08574507215792915,0.7033188828102581,1.0,1.5
0.9803921568627451,0.9959919678390986,0.996,0.99904,0.020612814814814816,0.0826888888888889,ERing,2,5,5.0,25,100,KNNOR-GPF (M calibrated),0.675,0.6765106941130163,64.0,4.0,65.0,0.883079243560692,0.06513871950305694,0.9054541348805095,0.9900990099009901,1.7999999999999998
0.9803921568627451,0.9959919678390986,0.996,1.0,0.01746044444444444,0.08586666666666667,ERing,2,5,5.0,25,100,hybrid GPF-nbrs/raw-walk (M calibrated),0.675,0.6765106941130163,64.0,4.0,65.0,1.7811500486006562,0.07211963401172217,2.3841603558916624,0.78125,1.7999999999999998
0.9795918367346939,0.9797958971132712,0.98,1.0,0.023396518518518518,0.08357777777777778,ERing,2,5,5.0,25,100,hybrid GPF-nbrs/raw-walk (M=1),0.675,0.6765106941130163,64.0,4.0,65.0,1.544676707940834,0.1762825540505074,0.42149919670787034,0.78125,1.0
0.48484848484848486,0.565685424949238,0.66,0.9931199999999999,0.06008022222222222,0.1062,ERing,2,10,10.4,12,113,none (raw-flat RF),0.675,2.313381777454513,,,,,,,,
0.47058823529411764,0.5634181395730883,0.656,0.99264,0.0582717037037037,0.11297777777777776,ERing,2,10,10.4,12,113,none,0.675,2.313381777454513,64.0,4.0,65.0,,,,,
0.8636363636363636,0.8717797887081347,0.88,0.9980800000000001,0.030678148148148145,0.07677777777777779,ERing,2,10,10.4,12,113,SMOTE-raw,0.675,2.313381777454513,64.0,4.0,65.0,2.39349113513353,0.16101260778369486,0.5039384405872478,,
0.8372093023255814,0.848528137423857,0.86,0.99888,0.035703925925925924,0.09726666666666665,ERing,2,10,10.4,12,113,KNNOR-raw (M=1),0.675,2.313381777454513,64.0,4.0,65.0,3.2301704273382654,0.2507067822015391,0.42115008795571307,1.0,
0.6842105263157895,0.7211102550927979,0.76,0.99904,0.04140955555555556,0.09197777777777778,ERing,2,10,10.4,12,113,chain-mean-GPF (PSSTO-style),0.675,2.313381777454513,64.0,4.0,65.0,3.429747723409058,0.28222364018168866,0.3651033078872859,,
0.717948717948718,0.7483314773547883,0.78,0.99904,0.04210474074074074,0.0959111111111111,ERing,2,10,10.4,12,113,KNNOR-GPF (M=1),0.675,2.313381777454513,64.0,4.0,65.0,3.7339214160442538,0.3393616129535211,0.225894525016885,1.0,1.0
0.9130434782608695,0.916515138991168,0.9199999999999999,0.99888,0.027772222222222222,0.07553333333333333,ERing,2,10,10.4,12,113,KNNOR-GPF (M=3/2),0.675,2.313381777454513,64.0,4.0,65.0,3.060565098262199,0.22163944372616118,0.403788202302,0.9658119658119658,1.5
0.9361702127659575,0.938083151964686,0.94,0.99872,0.024371407407407404,0.0714222222222222,ERing,2,10,10.4,12,113,KNNOR-GPF (M calibrated),0.675,2.313381777454513,64.0,4.0,65.0,2.575096089788172,0.16154750278896968,0.5934902452894465,0.9576271186440678,2.0
0.8695652173913043,0.8908422980528035,0.896,0.9984000000000001,0.027653259259259263,0.0853111111111111,ERing,2,10,10.4,12,113,hybrid GPF-nbrs/raw-walk (M calibrated),0.675,2.313381777454513,64.0,4.0,65.0,4.4844098702019295,0.13360362793721625,2.7855673637196348,0.8828125,2.0
0.9130434782608695,0.916515138991168,0.9199999999999999,0.9987200000000002,0.03209140740740741,0.08711111111111111,ERing,2,10,10.4,12,113,hybrid GPF-nbrs/raw-walk (M=1),0.675,2.313381777454513,64.0,4.0,65.0,3.4548294722299566,0.3255461691488298,0.21841767362131922,0.5885416666666666,1.0
0.07692307692307693,0.2,0.52,0.97424,0.09359111111111111,0.10884444444444447,ERing,2,20,20.8,6,119,none (raw-flat RF),0.675,4.434487286874919,,,,,,,,
0.20689655172413793,0.34502173844556516,0.556,0.96832,0.09674955555555556,0.10415555555555552,ERing,2,20,20.8,6,119,none,0.675,4.434487286874919,64.0,4.0,65.0,,,,,
0.5294117647058824,0.6,0.6799999999999999,0.99952,0.05590348148148147,0.1018,ERing,2,20,20.8,6,119,SMOTE-raw,0.675,4.434487286874919,64.0,4.0,65.0,3.988182523341404,0.1938200852413301,0.47986673275256286,,
0.3870967741935484,0.4898979485566356,0.62,0.9971199999999999,0.0656774074074074,0.10708888888888891,ERing,2,20,20.8,6,119,KNNOR-raw (M=1),0.675,4.434487286874919,64.0,4.0,65.0,5.6515978606735935,0.39334086973991056,0.1886541278435347,0.8206896551724138,
0.3333333333333333,0.4472135954999579,0.6,0.9968,0.06517370370370369,0.12073333333333332,ERing,2,20,20.8,6,119,chain-mean-GPF (PSSTO-style),0.675,4.434487286874919,64.0,4.0,65.0,5.480379112792988,0.35971726810177357,0.25470499322495144,,
0.3333333333333333,0.4472135954999579,0.6,0.9924799999999999,0.07283488888888888,0.11415555555555555,ERing,2,20,20.8,6,119,KNNOR-GPF (M=1),0.675,4.434487286874919,64.0,4.0,65.0,8.72757908342567,0.5551729763032583,0.14977200096765764,0.497907949790795,1.0
0.4375,0.5291502622129182,0.64,0.9929600000000001,0.07015340740740743,0.10962222222222223,ERing,2,20,20.8,6,119,KNNOR-GPF (M=3/2),0.675,4.434487286874919,64.0,4.0,65.0,9.319684371010304,0.5335887058954458,0.2022685247814054,0.4817813765182186,1.5
0.42424242424242425,0.5270294109440193,0.636,0.992,0.07018925925925926,0.105,ERing,2,20,20.8,6,119,KNNOR-GPF (M calibrated),0.675,4.434487286874919,64.0,4.0,65.0,9.593147286623545,0.5338502429702476,0.2028109008516237,0.47410358565737054,1.5999999999999999
0.375,0.48793442182326097,0.616,0.98448,0.073698,0.10162222222222221,ERing,2,20,20.8,6,119,hybrid GPF-nbrs/raw-walk (M calibrated),0.675,4.434487286874919,64.0,4.0,65.0,14.749107161280318,0.5949004887933417,0.6786082264494935,0.46484375,1.5999999999999999
0.3225806451612903,0.44542114902640173,0.596,0.98336,0.07879392592592592,0.09675555555555557,ERing,2,20,20.8,6,119,hybrid GPF-nbrs/raw-walk (M=1),0.675,4.434487286874919,64.0,4.0,65.0,13.13884472327079,0.6148526438984798,0.14789019446250787,0.371875,1.0
0.9795918367346939,0.9797958971132712,0.98,1.0,0.026980592592592587,0.10528888888888889,ERing,3,5,5.0,25,100,none (raw-flat RF),0.675,0.6991698956712042,,,,,,,,
0.9795918367346939,0.9797958971132712,0.98,0.99968,0.024714444444444445,0.09628888888888888,ERing,3,5,5.0,25,100,none,0.675,0.6991698956712042,64.0,4.0,65.0,,,,,
1.0,1.0,1.0,1.0,0.017636888888888886,0.08235555555555553,ERing,3,5,5.0,25,100,SMOTE-raw,0.675,0.6991698956712042,64.0,4.0,65.0,0.7597883688008498,0.06437344191960548,0.5299553524570452,,
0.9795918367346939,0.9797958971132712,0.98,1.0,0.018864222222222223,0.08393333333333335,ERing,3,5,5.0,25,100,KNNOR-raw (M=1),0.675,0.6991698956712042,64.0,4.0,65.0,1.3864129589690553,0.1383682318013998,0.4077901554664243,1.0,
0.9583333333333334,0.9591663046625439,0.96,1.0,0.018365481481481483,0.07884444444444445,ERing,3,5,5.0,25,100,chain-mean-GPF (PSSTO-style),0.675,0.6991698956712042,64.0,4.0,65.0,0.8402144207120568,0.07688180816746293,0.5151403323537876,,
1.0,1.0,1.0,1.0,0.01879118518518518,0.08815555555555554,ERing,3,5,5.0,25,100,KNNOR-GPF (M=1),0.675,0.6991698956712042,64.0,4.0,65.0,1.2883389328729944,0.15129264994035585,0.3056683364897348,1.0,1.0
1.0,1.0,1.0,1.0,0.018514962962962962,0.08613333333333335,ERing,3,5,5.0,25,100,KNNOR-GPF (M=3/2),0.675,0.6991698956712042,64.0,4.0,65.0,1.0642285109193246,0.09110084059506873,0.47934506267243504,0.9803921568627451,1.5
0.9803921568627451,0.9959919678390986,0.996,1.0,0.01876140740740741,0.08020000000000001,ERing,3,5,5.0,25,100,KNNOR-GPF (M calibrated),0.675,0.6991698956712042,64.0,4.0,65.0,0.9940087498541974,0.07481667431187033,0.5831839880976492,0.9803921568627451,1.7999999999999998
1.0,1.0,1.0,1.0,0.016865925925925927,0.08880000000000002,ERing,3,5,5.0,25,100,hybrid GPF-nbrs/raw-walk (M calibrated),0.675,0.6991698956712042,64.0,4.0,65.0,1.459243313761661,0.07113409296652484,1.402527970306881,0.78125,1.7999999999999998
1.0,1.0,1.0,1.0,0.019317925925925926,0.08893333333333332,ERing,3,5,5.0,25,100,hybrid GPF-nbrs/raw-walk (M=1),0.675,0.6991698956712042,64.0,4.0,65.0,1.5145512978307067,0.16970967939776588,0.2973598981643533,0.78125,1.0
0.4375,0.5291502622129182,0.64,0.9880000000000001,0.06358103703703702,0.10973333333333332,ERing,3,10,10.4,12,113,none (raw-flat RF),0.675,1.550174179925584,,,,,,,,
0.7317073170731707,0.7714920608794363,0.796,0.99488,0.04874333333333334,0.10557777777777777,ERing,3,10,10.4,12,113,none,0.675,1.550174179925584,64.0,4.0,65.0,,,,,
0.9361702127659575,0.938083151964686,0.94,0.9967999999999999,0.025588222222222224,0.06704444444444445,ERing,3,10,10.4,12,113,SMOTE-raw,0.675,1.550174179925584,64.0,4.0,65.0,1.3936229268500622,0.10088438636892239,0.5210674876343167,,
0.9361702127659575,0.938083151964686,0.94,0.9990399999999999,0.026076888888888893,0.07911111111111112,ERing,3,10,10.4,12,113,KNNOR-raw (M=1),0.675,1.550174179925584,64.0,4.0,65.0,1.9411531034625575,0.21061697417087727,0.2495160440196034,0.9741379310344828,
0.9130434782608695,0.916515138991168,0.9199999999999999,0.99712,0.027905629629629627,0.07604444444444444,ERing,3,10,10.4,12,113,chain-mean-GPF (PSSTO-style),0.675,1.550174179925584,64.0,4.0,65.0,1.7314437690283615,0.14431699963601508,0.4608958463207298,,
0.9130434782608695,0.916515138991168,0.9199999999999999,0.99776,0.02840370370370371,0.07591111111111112,ERing,3,10,10.4,12,113,KNNOR-GPF (M=1),0.675,1.550174179925584,64.0,4.0,65.0,2.5901150768298002,0.2886014627505606,0.19610057278940926,0.8560606060606061,1.0
0.9361702127659575,0.938083151964686,0.94,0.9968,0.025084000000000013,0.06573333333333334,ERing,3,10,10.4,12,113,KNNOR-GPF (M=3/2),0.675,1.550174179925584,64.0,4.0,65.0,2.558108146695078,0.20059146910941705,0.32622696295673026,0.7533333333333333,1.5
0.9361702127659575,0.938083151964686,0.94,0.9955200000000001,0.025202592592592596,0.07442222222222224,ERing,3,10,10.4,12,113,KNNOR-GPF (M calibrated),0.675,1.550174179925584,64.0,4.0,65.0,2.523649395273143,0.17580961128506944,0.3975731396487994,0.7483443708609272,1.7999999999999998
0.9387755102040817,0.9553219352658034,0.956,0.99488,0.026672148148148153,0.07791111111111111,ERing,3,10,10.4,12,113,hybrid GPF-nbrs/raw-walk (M calibrated),0.675,1.550174179925584,64.0,4.0,65.0,3.3854375971573845,0.1276140790496587,1.3102584102235735,0.5885416666666666,1.7999999999999998
0.9361702127659575,0.938083151964686,0.94,0.9984,0.02805977777777778,0.07908888888888889,ERing,3,10,10.4,12,113,hybrid GPF-nbrs/raw-walk (M=1),0.675,1.550174179925584,64.0,4.0,65.0,3.1225101418957415,0.30344035556662147,0.20586004919701273,0.5885416666666666,1.0
0.07692307692307693,0.2,0.52,0.9649599999999999,0.09839185185185186,0.09742222222222223,ERing,3,20,20.8,6,119,none (raw-flat RF),0.675,5.353925207143487,,,,,,,,
0.0,0.0,0.5,0.9696,0.10877948148148148,0.10846666666666667,ERing,3,20,20.8,6,119,none,0.675,5.353925207143487,64.0,4.0,65.0,,,,,
0.6842105263157895,0.7211102550927979,0.76,0.99888,0.04582992592592592,0.10253333333333332,ERing,3,20,20.8,6,119,SMOTE-raw,0.675,5.353925207143487,64.0,4.0,65.0,3.9834042615477685,0.19187292059317584,0.46791377082012986,,
0.48484848484848486,0.565685424949238,0.66,0.99808,0.05555192592592592,0.10233333333333333,ERing,3,20,20.8,6,119,KNNOR-raw (M=1),0.675,5.353925207143487,64.0,4.0,65.0,4.383957649603431,0.2855922646068317,0.2215905285329072,1.0,
0.3870967741935484,0.4898979485566356,0.62,0.9977600000000001,0.06132562962962963,0.11146666666666667,ERing,3,20,20.8,6,119,chain-mean-GPF (PSSTO-style),0.675,5.353925207143487,64.0,4.0,65.0,5.590656114308846,0.31211518065371824,0.2805766191073049,,
0.27586206896551724,0.4,0.58,0.99696,0.0691125925925926,0.11697777777777779,ERing,3,20,20.8,6,119,KNNOR-GPF (M=1),0.675,5.353925207143487,64.0,4.0,65.0,8.579330562114475,0.4887031877774004,0.1776773381342258,0.815068493150685,1.0
0.27586206896551724,0.4,0.58,0.99616,0.06513777777777778,0.12413333333333333,ERing,3,20,20.8,6,119,KNNOR-GPF (M=3/2),0.675,5.353925207143487,64.0,4.0,65.0,9.665685090201737,0.47297491860391483,0.27638338137648233,0.5891089108910891,1.5
0.3333333333333333,0.4472135954999579,0.6,0.99584,0.06421266666666667,0.12268888888888889,ERing,3,20,20.8,6,119,KNNOR-GPF (M calibrated),0.675,5.353925207143487,64.0,4.0,65.0,9.532923186420746,0.45637939778287373,0.30467875825860447,0.601010101010101,1.5999999999999999
0.14285714285714285,0.28170906978654414,0.536,0.9848,0.08041266666666666,0.11477777777777777,ERing,3,20,20.8,6,119,hybrid GPF-nbrs/raw-walk (M calibrated),0.675,5.353925207143487,64.0,4.0,65.0,31.57391039796032,0.6339298101317264,2.2828848705182945,0.46484375,1.5999999999999999
0.21428571428571427,0.34641016151377546,0.56,0.98592,0.08308888888888888,0.10444444444444444,ERing,3,20,20.8,6,119,hybrid GPF-nbrs/raw-walk (M=1),0.675,5.353925207143487,64.0,4.0,65.0,22.930236392481675,0.7274039230599542,0.1439813833203826,0.3098958333333333,1.0
0.8636363636363636,0.8717797887081347,0.88,0.99808,0.034943333333333326,0.10517777777777779,ERing,4,5,5.0,25,100,none (raw-flat RF),0.675,1.0286531846447886,,,,,,,,
0.9130434782608695,0.916515138991168,0.9199999999999999,0.99968,0.03122377777777777,0.1062,ERing,4,5,5.0,25,100,none,0.675,1.0286531846447886,64.0,4.0,65.0,,,,,
0.9795918367346939,0.9797958971132712,0.98,1.0,0.016431333333333333,0.0742,ERing,4,5,5.0,25,100,SMOTE-raw,0.675,1.0286531846447886,64.0,4.0,65.0,0.8872754641517204,0.06572109438165008,0.5574492104217109,,
0.9583333333333334,0.9591663046625439,0.96,1.0,0.0189862962962963,0.08086666666666666,ERing,4,5,5.0,25,100,KNNOR-raw (M=1),0.675,1.0286531846447886,64.0,4.0,65.0,1.2510677230187834,0.13275366366597408,0.3344524108301974,1.0,
0.9583333333333334,0.9591663046625439,0.96,1.0,0.020179333333333337,0.08482222222222224,ERing,4,5,5.0,25,100,chain-mean-GPF (PSSTO-style),0.675,1.0286531846447886,64.0,4.0,65.0,1.1611294742463372,0.09679769502727198,0.4874517034632493,,
0.9361702127659575,0.938083151964686,0.94,0.99984,0.021868000000000002,0.08164444444444444,ERing,4,5,5.0,25,100,KNNOR-GPF (M=1),0.675,1.0286531846447886,64.0,4.0,65.0,1.6257850878008338,0.16146092012597424,0.3148767172416237,0.9803921568627451,1.0
1.0,1.0,1.0,1.0,0.01650851851851852,0.08233333333333334,ERing,4,5,5.0,25,100,KNNOR-GPF (M=3/2),0.675,1.0286531846447886,64.0,4.0,65.0,1.406619805510175,0.10805263162873202,0.47902330843147123,0.970873786407767,1.5
1.0,1.0,1.0,1.0,0.016669111111111114,0.08197777777777776,ERing,4,5,5.0,25,100,KNNOR-GPF (M calibrated),0.675,1.0286531846447886,64.0,4.0,65.0,1.3934076109786808,0.09748720411820744,0.571183890646374,0.9259259259259259,1.7999999999999998
0.9795918367346939,0.9797958971132712,0.98,1.0,0.01796703703703704,0.08553333333333332,ERing,4,5,5.0,25,100,hybrid GPF-nbrs/raw-walk (M calibrated),0.675,1.0286531846447886,64.0,4.0,65.0,2.090533992328025,0.08965309161465285,1.484862212680474,0.78125,1.7999999999999998
0.9795918367346939,0.9797958971132712,0.98,1.0,0.01939185185185185,0.08004444444444446,ERing,4,5,5.0,25,100,hybrid GPF-nbrs/raw-walk (M=1),0.675,1.0286531846447886,64.0,4.0,65.0,1.6330848127003534,0.16153999578326494,0.3196693856660061,0.78125,1.0
0.3870967741935484,0.4898979485566356,0.62,0.99664,0.06053437037037036,0.11942222222222222,ERing,4,10,10.4,12,113,none (raw-flat RF),0.675,2.5302347966167495,,,,,,,,
0.5294117647058824,0.6,0.6799999999999999,0.99264,0.06230118518518519,0.098,ERing,4,10,10.4,12,113,none,0.675,2.5302347966167495,64.0,4.0,65.0,,,,,
0.9130434782608695,0.916515138991168,0.9199999999999999,1.0,0.025754962962962966,0.09146666666666667,ERing,4,10,10.4,12,113,SMOTE-raw,0.675,2.5302347966167495,64.0,4.0,65.0,2.2986672029063406,0.13629859863513982,0.45622946054518937,,
0.8636363636363636,0.8717797887081347,0.88,0.9996799999999999,0.03580814814814815,0.09857777777777778,ERing,4,10,10.4,12,113,KNNOR-raw (M=1),0.675,2.5302347966167495,64.0,4.0,65.0,3.0099596966444686,0.2183367837337652,0.330613656482171,1.0,
0.8372093023255814,0.848528137423857,0.86,1.0,0.03707637037037037,0.09948888888888889,ERing,4,10,10.4,12,113,chain-mean-GPF (PSSTO-style),0.675,2.5302347966167495,64.0,4.0,65.0,2.739556784326643,0.20630273053260795,0.3074300615939916,,
0.7804878048780488,0.8,0.8200000000000001,1.0,0.04269585185185185,0.10222222222222221,ERing,4,10,10.4,12,113,KNNOR-GPF (M=1),0.675,2.5302347966167495,64.0,4.0,65.0,3.8213840289279677,0.3339227849489547,0.16466348354579566,0.8625954198473282,1.0
0.8372093023255814,0.848528137423857,0.86,0.9980800000000001,0.037029925925925924,0.09404444444444444,ERing,4,10,10.4,12,113,KNNOR-GPF (M=3/2),0.675,2.5302347966167495,64.0,4.0,65.0,3.585513517367522,0.2528165235169915,0.26814854194931,0.8129496402877698,1.5
0.8888888888888888,0.8944271909999159,0.9,0.9975999999999999,0.034049555555555555,0.09348888888888889,ERing,4,10,10.4,12,113,KNNOR-GPF (M calibrated),0.675,2.5302347966167495,64.0,4.0,65.0,3.351916567329818,0.20840960803764574,0.3590376796328054,0.7793103448275862,2.0
0.8372093023255814,0.848528137423857,0.86,0.99968,0.03574785185185186,0.11488888888888889,ERing,4,10,10.4,12,113,hybrid GPF-nbrs/raw-walk (M calibrated),0.675,2.5302347966167495,64.0,4.0,65.0,6.2095916708132375,0.23086577458958724,1.3332720775895828,0.5885416666666666,2.0
0.7804878048780488,0.8,0.8200000000000001,0.99808,0.04225140740740741,0.10133333333333332,ERing,4,10,10.4,12,113,hybrid GPF-nbrs/raw-walk (M=1),0.675,2.5302347966167495,64.0,4.0,65.0,4.592826813332371,0.35749298419296577,0.17983564577455388,0.5885416666666666,1.0
0.14814814814814814,0.282842712474619,0.54,0.95056,0.10288488888888887,0.09697777777777776,ERing,4,20,20.8,6,119,none (raw-flat RF),0.675,4.416149307534791,,,,,,,,
0.0,0.0,0.5,0.96688,0.10818407407407406,0.10966666666666668,ERing,4,20,20.8,6,119,none,0.675,4.416149307534791,64.0,4.0,65.0,,,,,
0.6486486486486487,0.6928203230275509,0.74,0.9984,0.04942985185185185,0.09082222222222222,ERing,4,20,20.8,6,119,SMOTE-raw,0.675,4.416149307534791,64.0,4.0,65.0,2.854458309739746,0.18640678905694985,0.4347951529110537,,
0.4375,0.5291502622129182,0.64,0.99552,0.058717555555555544,0.09997777777777776,ERing,4,20,20.8,6,119,KNNOR-raw (M=1),0.675,4.416149307534791,64.0,4.0,65.0,3.6340319723748493,0.30953832590214764,0.2220235438241607,0.9754098360655737,
0.27586206896551724,0.4,0.58,0.99264,0.07346429629629629,0.09915555555555557,ERing,4,20,20.8,6,119,chain-mean-GPF (PSSTO-style),0.675,4.416149307534791,64.0,4.0,65.0,5.187846984286672,0.4023504427549911,0.24098551898614676,,
0.14814814814814814,0.282842712474619,0.54,0.9833599999999999,0.08566074074074076,0.09893333333333333,ERing,4,20,20.8,6,119,KNNOR-GPF (M=1),0.675,4.416149307534791,64.0,4.0,65.0,6.840519585047911,0.529064523457727,0.1516751305816553,0.5151515151515151,1.0
0.3870967741935484,0.4898979485566356,0.62,0.9856,0.07274185185185185,0.09499999999999999,ERing,4,20,20.8,6,119,KNNOR-GPF (M=3/2),0.675,4.416149307534791,64.0,4.0,65.0,6.593844915794694,0.458140340461904,0.25796738760144233,0.39932885906040266,1.5
0.4375,0.5291502622129182,0.64,0.9881599999999999,0.0687611111111111,0.09273333333333335,ERing,4,20,20.8,6,119,KNNOR-GPF (M calibrated),0.675,4.416149307534791,64.0,4.0,65.0,6.426839704304076,0.4339725568916374,0.2933554448837701,0.3927392739273927,1.5999999999999999
0.27586206896551724,0.4,0.58,0.98624,0.07632992592592594,0.09982222222222221,ERing,4,20,20.8,6,119,hybrid GPF-nbrs/raw-walk (M calibrated),0.675,4.416149307534791,64.0,4.0,65.0,20.517447705205765,0.578182262863274,2.7649091699043895,0.3098958333333333,1.5999999999999999
0.07692307692307693,0.2,0.52,0.9806400000000001,0.0949654074074074,0.10802222222222221,ERing,4,20,20.8,6,119,hybrid GPF-nbrs/raw-walk (M=1),0.675,4.416149307534791,64.0,4.0,65.0,10.447437184551621,0.5968531001602078,0.2743951651185871,0.04893092105263158,1.0
0.7017543859649122,0.7352146220938077,0.7702702702702703,0.9329676210864329,0.10652600644122383,0.1518599033816425,Epilepsy,0,5,5.0,20,80,none (raw-flat RF),0.045,0.20151065401376167,,,,,,,,
0.935064935064935,0.9666640522357984,0.9666845062884667,0.9981268397109981,0.027340982286634462,0.07055555555555554,Epilepsy,0,5,5.0,20,80,none,0.045,0.20151065401376167,64.0,3.0,206.0,,,,,
0.9367088607594937,0.974933356442865,0.9752475247524752,0.9973240567299972,0.029468518518518522,0.06437198067632846,Epilepsy,0,5,5.0,20,80,SMOTE-raw,0.045,0.20151065401376167,64.0,3.0,206.0,0.15591333682005115,0.05707163802534476,0.7438309121450203,,
0.8888888888888888,0.9465230091217519,0.946882526090447,0.9957184907679958,0.03288413848631239,0.07475845410628018,Epilepsy,0,5,5.0,20,80,KNNOR-raw (M=1),0.045,0.20151065401376167,64.0,3.0,206.0,0.45529694094520723,0.17584018217233433,0.4878386936536517,0.9876543209876543,
0.9367088607594937,0.974933356442865,0.9752475247524752,0.9978592453839978,0.026421175523349435,0.05205314009661835,Epilepsy,0,5,5.0,20,80,chain-mean-GPF (PSSTO-style),0.045,0.20151065401376167,64.0,3.0,206.0,0.16842784254718945,0.06707399256796487,0.5270371557465986,,
0.925,0.9698422858413324,0.9702970297029703,0.9975916510569975,0.02869605475040258,0.05678743961352658,Epilepsy,0,5,5.0,20,80,KNNOR-GPF (M=1),0.045,0.20151065401376167,64.0,3.0,206.0,0.2407950021568197,0.1220392400180984,0.21965823936621448,1.0,1.0
0.925,0.9698422858413324,0.9702970297029703,0.9973240567299972,0.028504589371980672,0.04635265700483095,Epilepsy,0,5,5.0,20,80,KNNOR-GPF (M=3/2),0.045,0.20151065401376167,64.0,3.0,206.0,0.2114096378861523,0.07828145822874377,0.4067458895999174,1.0,1.5
0.925,0.9698422858413324,0.9702970297029703,0.9966550709124967,0.03081239935587762,0.058212560386473405,Epilepsy,0,5,5.0,20,80,KNNOR-GPF (M calibrated),0.045,0.20151065401376167,64.0,3.0,206.0,0.20483253523229883,0.06836968561833567,0.5347733628947636,1.0,1.7999999999999998
0.9135802469135802,0.964724348872221,0.9653465346534653,0.9902328070644902,0.04199484702093398,0.06512077294685989,Epilepsy,0,5,5.0,20,80,hybrid GPF-nbrs/raw-walk (M calibrated),0.045,0.20151065401376167,64.0,3.0,206.0,0.3689761062228487,0.11008695726783224,1.0023143334414442,0.625,1.7999999999999998
0.9113924050632911,0.9566465378293674,0.9567835161894568,0.9970564624029971,0.03182230273752013,0.055338164251207723,Epilepsy,0,5,5.0,20,80,hybrid GPF-nbrs/raw-walk (M=1),0.045,0.20151065401376167,64.0,3.0,206.0,0.6738820964911238,0.2584628711018818,0.2547885987558525,0.625,1.0
0.0,0.0,0.5,0.8904201230933904,0.14398607085346218,0.14958937198067634,Epilepsy,0,10,10.0,10,90,none (raw-flat RF),0.045,0.1842012324887894,,,,,,,,
0.9142857142857143,0.9253657905935665,0.9274819373829275,0.995049504950495,0.03924444444444444,0.08826086956521738,Epilepsy,0,10,10.0,10,90,none,0.045,0.1842012324887894,64.0,3.0,206.0,,,,,
0.918918918918919,0.9442585967651508,0.9446079743109446,0.9943805191329943,0.027226811594202906,0.03746376811594206,Epilepsy,0,10,10.0,10,90,SMOTE-raw,0.045,0.1842012324887894,64.0,3.0,206.0,0.30387137941689235,0.12181843688535876,0.6280184113361439,,
0.8732394366197183,0.9016382675035555,0.904067433770404,0.9898314155739898,0.04300684380032206,0.06586956521739129,Epilepsy,0,10,10.0,10,90,KNNOR-raw (M=1),0.045,0.1842012324887894,64.0,3.0,206.0,1.1315158715726017,0.4861772804199198,0.17013135395417103,0.8333333333333334,
0.9315068493150684,0.9490640150605758,0.9495584693604495,0.9969226652394969,0.027592028985507246,0.045676328502415445,Epilepsy,0,10,10.0,10,90,chain-mean-GPF (PSSTO-style),0.045,0.1842012324887894,64.0,3.0,206.0,0.219881826565419,0.12552534614869226,0.41571270403156235,,
0.9142857142857143,0.9253657905935665,0.9274819373829275,0.9915707786994915,0.0403328502415459,0.06985507246376813,Epilepsy,0,10,10.0,10,90,KNNOR-GPF (M=1),0.045,0.1842012324887894,64.0,3.0,206.0,0.3528723872730011,0.19658416531122858,0.2222511238547771,1.0,1.0
0.9142857142857143,0.9253657905935665,0.9274819373829275,0.9935777361519936,0.03685289855072464,0.06644927536231884,Epilepsy,0,10,10.0,10,90,KNNOR-GPF (M=3/2),0.045,0.1842012324887894,64.0,3.0,206.0,0.3391474798099303,0.1357975867985709,0.46498274916139154,1.0,1.5
0.9166666666666666,0.9350030301073222,0.936044955846936,0.9934439389884935,0.03310104669887279,0.05026570048309179,Epilepsy,0,10,10.0,10,90,KNNOR-GPF (M calibrated),0.045,0.1842012324887894,64.0,3.0,206.0,0.3640008329826554,0.13360640581015393,0.6986395353520991,1.0,2.0
0.9135802469135802,0.964724348872221,0.9653465346534653,0.9894300240834893,0.03911650563607085,0.04905797101449274,Epilepsy,0,10,10.0,10,90,hybrid GPF-nbrs/raw-walk (M calibrated),0.045,0.1842012324887894,64.0,3.0,206.0,0.43797803017998427,0.11805843699436225,2.045904932621087,0.703125,2.0
0.8857142857142857,0.9062267870482649,0.909017928819909,0.9883596467754884,0.044159581320450884,0.05304347826086959,Epilepsy,0,10,10.0,10,90,hybrid GPF-nbrs/raw-walk (M=1),0.045,0.1842012324887894,64.0,3.0,206.0,0.8963154561825502,0.35460856058316154,0.2911564613211784,0.703125,1.0
0.0,0.0,0.5,0.7242440460262242,0.19689887278582932,0.16193236714975848,Epilepsy,0,20,20.0,5,95,none (raw-flat RF),0.045,2.0339720709563105,,,,,,,,
0.4897959183673469,0.5694947974514994,0.6621621621621622,0.9863526893229864,0.0963964573268921,0.161256038647343,Epilepsy,0,20,20.0,5,95,none,0.045,2.0339720709563105,64.0,3.0,206.0,,,,,
0.9117647058823529,0.9153348228041134,0.9189189189189189,0.9933101418249933,0.03731513687600645,0.06700483091787438,Epilepsy,0,20,20.0,5,95,SMOTE-raw,0.045,2.0339720709563105,64.0,3.0,206.0,2.1031984593287074,0.3805393370507446,0.48600290940003704,,
0.9142857142857143,0.9253657905935665,0.9274819373829275,0.9946481134599946,0.04805676328502416,0.10031400966183575,Epilepsy,0,20,20.0,5,95,KNNOR-raw (M=1),0.045,2.0339720709563105,64.0,3.0,206.0,2.811242204689089,0.6246344938601338,0.1642714990210596,0.3467153284671533,
0.8787878787878788,0.8853156407653622,0.8918918918918919,0.9962536794219963,0.041560950080515295,0.07785024154589372,Epilepsy,0,20,20.0,5,95,chain-mean-GPF (PSSTO-style),0.045,2.0339720709563105,64.0,3.0,206.0,2.4484867437485507,0.5346075606638154,0.23188809218507914,,
0.8955223880597015,0.9004503377814963,0.9054054054054055,0.9933101418249933,0.04811594202898551,0.0943961352657005,Epilepsy,0,20,20.0,5,95,KNNOR-GPF (M=1),0.045,2.0339720709563105,64.0,3.0,206.0,1.563356473126131,0.4434721447943128,0.12087021697572349,1.0,1.0
0.9117647058823529,0.9153348228041134,0.9189189189189189,0.993979127642494,0.044136070853462155,0.08681159420289855,Epilepsy,0,20,20.0,5,95,KNNOR-GPF (M=3/2),0.045,2.0339720709563105,64.0,3.0,206.0,1.2247373970854785,0.33965389900418574,0.18068536797977944,1.0,1.5
0.9117647058823529,0.9153348228041134,0.9189189189189189,0.995986085094996,0.04218429951690821,0.08620772946859905,Epilepsy,0,20,20.0,5,95,KNNOR-GPF (M calibrated),0.045,2.0339720709563105,64.0,3.0,206.0,1.2735298139693771,0.354208160812077,0.16806629712416676,1.0,1.4
0.9459459459459459,0.9629196970962466,0.9630719828739631,0.9973240567299974,0.030327133655394523,0.06814009661835749,Epilepsy,0,20,20.0,5,95,hybrid GPF-nbrs/raw-walk (M calibrated),0.045,2.0339720709563105,64.0,3.0,206.0,2.4293676257124233,0.374708471669577,1.0223792561448553,0.7421875,1.4
0.9142857142857143,0.9253657905935665,0.9274819373829275,0.9946481134599947,0.04061239935587762,0.08086956521739132,Epilepsy,0,20,20.0,5,95,hybrid GPF-nbrs/raw-walk (M=1),0.045,2.0339720709563105,64.0,3.0,206.0,2.6671979314255063,0.458881146838123,0.4718131167508098,0.7421875,1.0
0.6181818181818182,0.674470426260822,0.7247792346802248,0.9281509232004281,0.11396111111111111,0.11055555555555555,Epilepsy,1,5,5.0,20,80,none (raw-flat RF),0.045,0.13287234244255286,,,,,,,,
0.8695652173913043,0.891490410038602,0.8955044153063956,0.9914369815359915,0.04641046698872786,0.07729468599033815,Epilepsy,1,5,5.0,20,80,none,0.045,0.13287234244255286,64.0,3.0,206.0,,,,,
0.8857142857142857,0.9062267870482649,0.909017928819909,0.9874230666309874,0.04608800322061191,0.0617632850241546,Epilepsy,1,5,5.0,20,80,SMOTE-raw,0.045,0.13287234244255286,64.0,3.0,206.0,0.46474374744083446,0.1555417818081155,0.6298707883852794,,
0.8767123287671232,0.9113796086202668,0.9126304522344126,0.9855499063419856,0.048592190016103064,0.06079710144927537,Epilepsy,1,5,5.0,20,80,KNNOR-raw (M=1),0.045,0.13287234244255286,64.0,3.0,206.0,1.065145924300229,0.3626528467166706,0.3896144254290553,1.0,
0.8857142857142857,0.9062267870482649,0.909017928819909,0.9935777361519935,0.03928075684380032,0.0797826086956522,Epilepsy,1,5,5.0,20,80,chain-mean-GPF (PSSTO-style),0.045,0.13287234244255286,64.0,3.0,206.0,0.2563997915263312,0.14014918717249447,0.4568267340492984,,
0.8857142857142857,0.9062267870482649,0.909017928819909,0.9903666042279904,0.0438511272141707,0.0676086956521739,Epilepsy,1,5,5.0,20,80,KNNOR-GPF (M=1),0.045,0.13287234244255286,64.0,3.0,206.0,0.47210704047650776,0.3319344028619734,0.14350872948493973,1.0,1.0
0.8857142857142857,0.9062267870482649,0.909017928819909,0.9896976184104898,0.04279243156199678,0.05077294685990338,Epilepsy,1,5,5.0,20,80,KNNOR-GPF (M=3/2),0.045,0.13287234244255286,64.0,3.0,206.0,0.3751858473699108,0.21683796122548338,0.27725688690142464,1.0,1.5
0.9014084507042254,0.920727336368834,0.9225314423334225,0.9891624297564892,0.04155096618357488,0.05021739130434781,Epilepsy,1,5,5.0,20,80,KNNOR-GPF (M calibrated),0.045,0.13287234244255286,64.0,3.0,206.0,0.2901539021869204,0.12530300956670826,0.5019202101905345,1.0,2.0
0.8974358974358975,0.9432662070040937,0.9432700026759433,0.9852823120149853,0.041807729468599036,0.04719806763285027,Epilepsy,1,5,5.0,20,80,hybrid GPF-nbrs/raw-walk (M calibrated),0.045,0.13287234244255286,64.0,3.0,206.0,0.16404768388994784,0.06847404487768072,1.2595389390600817,0.625,2.0
0.8450704225352113,0.8824395115648317,0.8856034252073857,0.9808670056194808,0.052698148148148154,0.05384057971014493,Epilepsy,1,5,5.0,20,80,hybrid GPF-nbrs/raw-walk (M=1),0.045,0.13287234244255286,64.0,3.0,206.0,1.299311776075498,0.47466994153185427,0.23455044488216603,0.625,1.0
0.05263157894736842,0.1643989873053573,0.5135135135135135,0.8389082151458389,0.15990289855072465,0.10347826086956521,Epilepsy,1,10,10.0,10,90,none (raw-flat RF),0.045,0.23430368274371993,,,,,,,,
0.8615384615384616,0.86991767240168,0.8783783783783784,0.9785924538399786,0.06615491143317231,0.07173913043478262,Epilepsy,1,10,10.0,10,90,none,0.045,0.23430368274371993,64.0,3.0,206.0,,,,,
0.835820895522388,0.8612615598322857,0.8684773882793685,0.9884934439389884,0.045856038647343,0.05478260869565217,Epilepsy,1,10,10.0,10,90,SMOTE-raw,0.045,0.23430368274371993,64.0,3.0,206.0,0.5565326073891304,0.18068578921149492,0.5241616408397654,,
0.8059701492537313,0.8414597965694547,0.85001337971635,0.9745785389349746,0.06352777777777777,0.05756038647342994,Epilepsy,1,10,10.0,10,90,KNNOR-raw (M=1),0.045,0.23430368274371993,64.0,3.0,206.0,1.5281322710289533,0.5530321078326242,0.15325155648600142,0.41284403669724773,
0.8656716417910447,0.8809219876361221,0.8869413968423869,0.9890286325929891,0.04603929146537841,0.05657004830917874,Epilepsy,1,10,10.0,10,90,chain-mean-GPF (PSSTO-style),0.045,0.23430368274371993,64.0,3.0,206.0,0.3804073732680653,0.17974972971935366,0.32404667669492054,,
0.8484848484848485,0.8656004364605815,0.8734278833288734,0.9776558736954777,0.06020402576489532,0.05743961352657005,Epilepsy,1,10,10.0,10,90,KNNOR-GPF (M=1),0.045,0.23430368274371993,64.0,3.0,206.0,0.5623430832667333,0.307404102354657,0.14559619235022195,1.0,1.0
0.8656716417910447,0.8809219876361221,0.8869413968423869,0.9771206850414771,0.05804669887278584,0.051400966183574884,Epilepsy,1,10,10.0,10,90,KNNOR-GPF (M=3/2),0.045,0.23430368274371993,64.0,3.0,206.0,0.4582506177228298,0.18308137641352995,0.326802039372005,1.0,1.5
0.8405797101449275,0.8720682756153674,0.877040406743377,0.9787262510034788,0.055356521739130436,0.04396135265700484,Epilepsy,1,10,10.0,10,90,KNNOR-GPF (M calibrated),0.045,0.23430368274371993,64.0,3.0,206.0,0.394064057841474,0.12226619055066767,0.6375327389824548,0.989010989010989,2.1999999999999997
0.9090909090909091,0.9482177696715555,0.9482204977254483,0.985951297832486,0.04141859903381643,0.054951690821256054,Epilepsy,1,10,10.0,10,90,hybrid GPF-nbrs/raw-walk (M calibrated),0.045,0.23430368274371993,64.0,3.0,206.0,0.21834507693218308,0.07444449934830755,1.2026572437436704,0.703125,2.1999999999999997
0.8181818181818182,0.8457420623758258,0.854963874765855,0.9723039871554723,0.06498687600644122,0.04746376811594203,Epilepsy,1,10,10.0,10,90,hybrid GPF-nbrs/raw-walk (M=1),0.045,0.23430368274371993,64.0,3.0,206.0,1.5235030955349225,0.5339567228834912,0.16723362886444346,0.703125,1.0
0.0,0.0,0.5,0.8284720363928284,0.1821257648953301,0.14381642512077294,Epilepsy,1,20,20.0,5,95,none (raw-flat RF),0.045,0.6305620244354677,,,,,,,,
0.425531914893617,0.5198752449100363,0.6351351351351351,0.9301578806529303,0.1417233494363929,0.15149758454106282,Epilepsy,1,20,20.0,5,95,none,0.045,0.6305620244354677,64.0,3.0,206.0,,,,,
0.6779661016949152,0.7278988717263751,0.7603692801712604,0.9658817233074659,0.09775990338164253,0.10932367149758454,Epilepsy,1,20,20.0,5,95,SMOTE-raw,0.045,0.6305620244354677,64.0,3.0,206.0,1.1031961657743836,0.4062429359819435,0.6061568124146187,,
0.5185185185185185,0.605920305522407,0.6743377040406744,0.8912229060743913,0.1451680354267311,0.12369565217391304,Epilepsy,1,20,20.0,5,95,KNNOR-raw (M=1),0.045,0.6305620244354677,64.0,3.0,206.0,2.270936787806061,0.7486937613749071,0.23451595630864705,0.06031746031746032,
0.6545454545454545,0.6974858324629157,0.7432432432432432,0.9719025956649721,0.09046054750402575,0.11193236714975845,Epilepsy,1,20,20.0,5,95,chain-mean-GPF (PSSTO-style),0.045,0.6305620244354677,64.0,3.0,206.0,0.8103735834375079,0.5015197141937333,0.23421143909500322,,
0.6181818181818182,0.674470426260822,0.7247792346802248,0.9704308268664705,0.09688446054750403,0.1145169082125604,Epilepsy,1,20,20.0,5,95,KNNOR-GPF (M=1),0.045,0.6305620244354677,64.0,3.0,206.0,0.7698115694179934,0.4302875997131671,0.3410098288737729,1.0,1.0
0.7333333333333333,0.7672727803073616,0.7923468022477924,0.9741771474444743,0.0810352657004831,0.09623188405797102,Epilepsy,1,20,20.0,5,95,KNNOR-GPF (M=3/2),0.045,0.6305620244354677,64.0,3.0,206.0,0.6691826891780273,0.2781097428911597,0.852273090709245,1.0,1.5
0.7540983606557377,0.7845170183626454,0.8058603157613058,0.9717687985014718,0.07923285024154589,0.09299516908212563,Epilepsy,1,20,20.0,5,95,KNNOR-GPF (M calibrated),0.045,0.6305620244354677,64.0,3.0,206.0,0.6572003689625197,0.2609659178232758,0.9674820899727511,1.0,1.5999999999999999
0.8235294117647058,0.8569007137870375,0.8635268932298635,0.9745785389349746,0.06493679549114331,0.05268115942028985,Epilepsy,1,20,20.0,5,95,hybrid GPF-nbrs/raw-walk (M calibrated),0.045,0.6305620244354677,64.0,3.0,206.0,0.5764410038374885,0.1861093909076561,2.397339659990694,0.7421875,1.5999999999999999
0.5555555555555556,0.6303789143010713,0.6928017126036928,0.9491570778699492,0.11425571658615137,0.12227053140096618,Epilepsy,1,20,20.0,5,95,hybrid GPF-nbrs/raw-walk (M=1),0.045,0.6305620244354677,64.0,3.0,206.0,1.6255716297524931,0.5466961840222251,0.640565989511078,0.7421875,1.0
0.52,0.5927489783638192,0.6756756756756757,0.9302916778164302,0.11699565217391306,0.13623188405797101,Epilepsy,2,5,5.0,20,80,none (raw-flat RF),0.045,0.21213166149130913,,,,,,,,
0.7096774193548387,0.759561300365268,0.7824458121487825,0.97002943537597,0.07806650563607086,0.09115942028985508,Epilepsy,2,5,5.0,20,80,none,0.045,0.21213166149130913,64.0,3.0,206.0,,,,,
0.746268656716418,0.8013902824470998,0.813085362590313,0.9705646240299706,0.07661666666666667,0.08804347826086956,Epilepsy,2,5,5.0,20,80,SMOTE-raw,0.045,0.21213166149130913,64.0,3.0,206.0,0.47148269232353046,0.16892693941462378,0.5659979997203215,,
0.746268656716418,0.8013902824470998,0.813085362590313,0.9716350013379716,0.07401594202898551,0.0904830917874396,Epilepsy,2,5,5.0,20,80,KNNOR-raw (M=1),0.045,0.21213166149130913,64.0,3.0,206.0,0.5522295210421282,0.20294777779310447,0.898134527218884,1.0,
0.746268656716418,0.8013902824470998,0.813085362590313,0.9727053786459727,0.07176376811594203,0.07623188405797102,Epilepsy,2,5,5.0,20,80,chain-mean-GPF (PSSTO-style),0.045,0.21213166149130913,64.0,3.0,206.0,0.3477427712615193,0.14559727789240218,0.43264174408509226,,
0.746268656716418,0.8013902824470998,0.813085362590313,0.9697618410489697,0.07663333333333333,0.09294685990338165,Epilepsy,2,5,5.0,20,80,KNNOR-GPF (M=1),0.045,0.21213166149130913,64.0,3.0,206.0,0.5061738006480225,0.23950450585061706,0.20311251784213075,1.0,1.0
0.782608695652174,0.8328292115342097,0.8401123896173401,0.9698956382124699,0.07529814814814814,0.07852657004830918,Epilepsy,2,5,5.0,20,80,KNNOR-GPF (M=3/2),0.045,0.21213166149130913,64.0,3.0,206.0,0.43153709382143646,0.15536056869938775,0.3737735449678297,1.0,1.5
0.7605633802816901,0.8241082464862727,0.8302113995183302,0.9708322183569709,0.07659291465378422,0.08391304347826088,Epilepsy,2,5,5.0,20,80,KNNOR-GPF (M calibrated),0.045,0.21213166149130913,64.0,3.0,206.0,0.35291054780643005,0.09082188165394234,0.884767964381032,1.0,2.1999999999999997
0.85,0.9148961989520107,0.914905004013915,0.9735081616269735,0.06413293075684381,0.07292270531400963,Epilepsy,2,5,5.0,20,80,hybrid GPF-nbrs/raw-walk (M calibrated),0.045,0.21213166149130913,64.0,3.0,206.0,0.3059066516265152,0.086983222731422,1.7541359501788394,0.625,2.1999999999999997
0.7272727272727273,0.7851989107281139,0.7995718490767996,0.9684238694139684,0.08301175523349437,0.09893719806763283,Epilepsy,2,5,5.0,20,80,hybrid GPF-nbrs/raw-walk (M=1),0.045,0.21213166149130913,64.0,3.0,206.0,1.1248107522337052,0.4037031398122577,0.2423205367199775,0.625,1.0
0.15,0.2847473987257497,0.5405405405405406,0.8422531442333423,0.16216876006441222,0.11932367149758455,Epilepsy,2,10,10.0,10,90,none (raw-flat RF),0.045,0.2831157495439851,,,,,,,,
0.5714285714285714,0.6477560534154966,0.7013647310677014,0.9595932566229596,0.10797769726247987,0.12089371980676329,Epilepsy,2,10,10.0,10,90,none,0.045,0.2831157495439851,64.0,3.0,206.0,,,,,
0.6440677966101694,0.7058757942262209,0.7419052716082419,0.964008563018464,0.09940523349436393,0.09896135265700483,Epilepsy,2,10,10.0,10,90,SMOTE-raw,0.045,0.2831157495439851,64.0,3.0,206.0,0.44223510309669,0.17281651347888827,0.6192891145465759,,
0.6101694915254238,0.6835347064652001,0.7234412630452234,0.9598608509499599,0.10243727858293075,0.10466183574879226,Epilepsy,2,10,10.0,10,90,KNNOR-raw (M=1),0.045,0.2831157495439851,64.0,3.0,206.0,0.5801121659727886,0.2178665049628714,0.7145626467721593,0.8035714285714286,
0.631578947368421,0.6905455022766254,0.7333422531442333,0.9642761573454643,0.09197882447665055,0.09451690821256038,Epilepsy,2,10,10.0,10,90,chain-mean-GPF (PSSTO-style),0.045,0.2831157495439851,64.0,3.0,206.0,0.40108051077259255,0.22012123043191478,0.4101298692803363,,
0.5714285714285714,0.6477560534154966,0.7013647310677014,0.9590580679689591,0.09807479871175524,0.1117632850241546,Epilepsy,2,10,10.0,10,90,KNNOR-GPF (M=1),0.045,0.2831157495439851,64.0,3.0,206.0,0.5294433655520887,0.35662909542513554,0.11928018487805021,1.0,1.0
0.631578947368421,0.6905455022766254,0.7333422531442333,0.9633395772009634,0.09093333333333334,0.09154589371980677,Epilepsy,2,10,10.0,10,90,KNNOR-GPF (M=3/2),0.045,0.2831157495439851,64.0,3.0,206.0,0.43001193968398344,0.2095948749895888,0.25544413607701344,1.0,1.5
0.7647058823529411,0.817260937640279,0.8265988761038265,0.9680224779234681,0.07709420289855072,0.08405797101449274,Epilepsy,2,10,10.0,10,90,KNNOR-GPF (M calibrated),0.045,0.2831157495439851,64.0,3.0,206.0,0.2863751660012812,0.08692801057959854,0.8838633133699766,1.0,2.4
0.8311688311688312,0.8923904510654496,0.8928284720363928,0.9765854963874765,0.059610789049919476,0.05246376811594203,Epilepsy,2,10,10.0,10,90,hybrid GPF-nbrs/raw-walk (M calibrated),0.045,0.2831157495439851,64.0,3.0,206.0,0.37233316118495585,0.11118917861741684,1.7175069639080465,0.703125,2.4
0.5714285714285714,0.6477560534154966,0.7013647310677014,0.9518330211399519,0.10674573268921095,0.10531400966183577,Epilepsy,2,10,10.0,10,90,hybrid GPF-nbrs/raw-walk (M=1),0.045,0.2831157495439851,64.0,3.0,206.0,1.03984273933492,0.40585052697725665,0.22088710890577706,0.703125,1.0
0.0,0.0,0.5,0.7825796093122825,0.20172020933977455,0.17480676328502415,Epilepsy,2,20,20.0,5,95,none (raw-flat RF),0.045,0.6880735621685417,,,,,,,,
0.14285714285714285,0.281914020791942,0.5306395504415307,0.9492908750334493,0.13225338164251205,0.14297101449275362,Epilepsy,2,20,20.0,5,95,none,0.045,0.6880735621685417,64.0,3.0,206.0,,,,,
0.7887323943661971,0.8436829438958168,0.8486754080813487,0.9733743644634734,0.0679756038647343,0.058091787439613525,Epilepsy,2,20,20.0,5,95,SMOTE-raw,0.045,0.6880735621685417,64.0,3.0,206.0,0.6355978894683232,0.1691185758655679,0.44772938994858846,,
0.5862068965517241,0.6642763319759641,0.7099277495317099,0.9613326197484613,0.09537640901771337,0.10422705314009664,Epilepsy,2,20,20.0,5,95,KNNOR-raw (M=1),0.045,0.6880735621685417,64.0,3.0,206.0,1.8619443524943948,0.7046022683610433,0.08388112238316062,0.2706552706552707,
0.7941176470588235,0.837155626161409,0.8450628846668451,0.9719025956649718,0.07036175523349437,0.05669082125603865,Epilepsy,2,20,20.0,5,95,chain-mean-GPF (PSSTO-style),0.045,0.6880735621685417,64.0,3.0,206.0,0.8758244699456013,0.36483249571801973,0.28946614623706374,,
0.75,0.7933359043334857,0.8094728391758095,0.968959058067969,0.07632648953301127,0.09379227053140096,Epilepsy,2,20,20.0,5,95,KNNOR-GPF (M=1),0.045,0.6880735621685417,64.0,3.0,206.0,1.349525817222271,0.4993852315020383,0.20739814242554966,1.0,1.0
0.7761194029850746,0.8215064775731685,0.8315493711533315,0.9725715814824726,0.07052141706924316,0.07657004830917877,Epilepsy,2,20,20.0,5,95,KNNOR-GPF (M=3/2),0.045,0.6880735621685417,64.0,3.0,206.0,1.5489398009302926,0.523061332329746,0.27451368822440464,1.0,1.5
0.7761194029850746,0.8215064775731685,0.8315493711533315,0.9712336098474712,0.07166787439613527,0.08871980676328503,Epilepsy,2,20,20.0,5,95,KNNOR-GPF (M calibrated),0.045,0.6880735621685417,64.0,3.0,206.0,1.5144297193320906,0.5186788272572426,0.2623266048955898,1.0,1.4
0.7887323943661971,0.8436829438958168,0.8486754080813487,0.9704308268664704,0.06736247987117551,0.0636231884057971,Epilepsy,2,20,20.0,5,95,hybrid GPF-nbrs/raw-walk (M calibrated),0.045,0.6880735621685417,64.0,3.0,206.0,1.7536408199012428,0.36332306021091254,0.9894667372639281,0.7421875,1.4
0.7076923076923077,0.768666555807257,0.786058335563286,0.967085897778967,0.0810901771336554,0.08927536231884059,Epilepsy,2,20,20.0,5,95,hybrid GPF-nbrs/raw-walk (M=1),0.045,0.6880735621685417,64.0,3.0,206.0,1.5399316946030375,0.3831055837722933,0.4759266625535611,0.7421875,1.0
0.6296296296296297,0.677834389404565,0.7297297297297297,0.9531709927749532,0.10402777777777777,0.14929951690821258,Epilepsy,3,5,5.0,20,80,none (raw-flat RF),0.045,0.22064697746074424,,,,,,,,
0.8285714285714286,0.8676075390703752,0.8720899116938721,0.9745785389349746,0.05616191626409018,0.05016908212560387,Epilepsy,3,5,5.0,20,80,none,0.045,0.22064697746074424,64.0,3.0,206.0,,,,,
0.7945205479452054,0.8540855550837572,0.8572384265453572,0.9781910623494782,0.055119565217391316,0.05987922705314011,Epilepsy,3,5,5.0,20,80,SMOTE-raw,0.045,0.22064697746074424,64.0,3.0,206.0,0.6840781249233978,0.19841390330892084,0.5300982634164793,,
0.8055555555555556,0.8586165447309626,0.8621889215948622,0.9700294353759701,0.06324983896940418,0.04760869565217393,Epilepsy,3,5,5.0,20,80,KNNOR-raw (M=1),0.045,0.22064697746074424,64.0,3.0,206.0,1.1240823772465611,0.3348381851126908,0.548646043488231,1.0,
0.8571428571428571,0.8869765055404719,0.8905539202568906,0.9839443403799839,0.04853993558776167,0.0422705314009662,Epilepsy,3,5,5.0,20,80,chain-mean-GPF (PSSTO-style),0.045,0.22064697746074424,64.0,3.0,206.0,0.3008182749402226,0.10107631399641814,0.46711658963907754,,
0.8450704225352113,0.8824395115648317,0.8856034252073857,0.9692266523949693,0.05901384863123994,0.05690821256038647,Epilepsy,3,5,5.0,20,80,KNNOR-GPF (M=1),0.045,0.22064697746074424,64.0,3.0,206.0,0.4202487632402945,0.21622714911929736,0.20914129213060956,1.0,1.0
0.8333333333333334,0.8778790701234258,0.8806529301578807,0.9756489162429757,0.05420177133655395,0.055458937198067625,Epilepsy,3,5,5.0,20,80,KNNOR-GPF (M=3/2),0.045,0.22064697746074424,64.0,3.0,206.0,0.3144801475668406,0.12925462612820193,0.38077788647277583,1.0,1.5
0.8450704225352113,0.8824395115648317,0.8856034252073857,0.978993845330479,0.0510329307568438,0.026835748792270547,Epilepsy,3,5,5.0,20,80,KNNOR-GPF (M calibrated),0.045,0.22064697746074424,64.0,3.0,206.0,0.24157743365233175,0.07579419403636922,0.7117286945138865,1.0,2.1999999999999997
0.925,0.9698422858413324,0.9702970297029703,0.9954508964409955,0.03659178743961353,0.06188405797101448,Epilepsy,3,5,5.0,20,80,hybrid GPF-nbrs/raw-walk (M calibrated),0.045,0.22064697746074424,64.0,3.0,206.0,0.11907022091627839,0.04499612023166755,1.404367063553279,0.625,2.1999999999999997
0.8055555555555556,0.8586165447309626,0.8621889215948622,0.9636071715279636,0.06752037037037037,0.05002415458937197,Epilepsy,3,5,5.0,20,80,hybrid GPF-nbrs/raw-walk (M=1),0.045,0.22064697746074424,64.0,3.0,206.0,1.2169904934072635,0.37704943775062694,0.27917592686074566,0.625,1.0
0.0,0.0,0.5,0.9226652394969227,0.14556755233494365,0.1532125603864734,Epilepsy,3,10,10.0,10,90,none (raw-flat RF),0.045,0.27227868795888943,,,,,,,,
0.7384615384615385,0.7892778935562702,0.8045223441263045,0.9646775488359647,0.07965740740740741,0.08654589371980678,Epilepsy,3,10,10.0,10,90,none,0.045,0.27227868795888943,64.0,3.0,206.0,,,,,
0.7605633802816901,0.8241082464862727,0.8302113995183302,0.9743109446079743,0.061731078904991944,0.07135265700483091,Epilepsy,3,10,10.0,10,90,SMOTE-raw,0.045,0.27227868795888943,64.0,3.0,206.0,0.6741729152690108,0.2146657042333623,0.6865656293441054,,
0.7575757575757576,0.8055533768631653,0.818035857639818,0.9602622424404602,0.07809951690821257,0.06048309178743961,Epilepsy,3,10,10.0,10,90,KNNOR-raw (M=1),0.045,0.27227868795888943,64.0,3.0,206.0,1.2734470821889112,0.43690684004970515,0.3645601425549856,0.8411214953271028,
0.7941176470588235,0.837155626161409,0.8450628846668451,0.9759165105699759,0.05695789049919484,0.056594202898550716,Epilepsy,3,10,10.0,10,90,chain-mean-GPF (PSSTO-style),0.045,0.27227868795888943,64.0,3.0,206.0,0.38034250986656115,0.16533707918534668,0.3506504639256065,,
0.7575757575757576,0.8055533768631653,0.818035857639818,0.9729729729729729,0.06490257648953301,0.07323671497584543,Epilepsy,3,10,10.0,10,90,KNNOR-GPF (M=1),0.045,0.27227868795888943,64.0,3.0,206.0,0.4855505255982693,0.21074120690718778,0.2408373348377815,1.0,1.0
0.8285714285714286,0.8676075390703752,0.8720899116938721,0.9781910623494782,0.056587842190016106,0.05905797101449275,Epilepsy,3,10,10.0,10,90,KNNOR-GPF (M=3/2),0.045,0.27227868795888943,64.0,3.0,206.0,0.4171776086159946,0.12301619057715674,0.48473189620480706,1.0,1.5
0.8169014084507042,0.8631237491627403,0.8671394166443671,0.9772544822049772,0.05662504025764896,0.05814009661835749,Epilepsy,3,10,10.0,10,90,KNNOR-GPF (M calibrated),0.045,0.27227868795888943,64.0,3.0,206.0,0.4043756828916245,0.09656457652377493,0.7160492573528889,1.0,2.0
0.85,0.9148961989520107,0.914905004013915,0.9814021942734814,0.052314009661835754,0.052512077294686,Epilepsy,3,10,10.0,10,90,hybrid GPF-nbrs/raw-walk (M calibrated),0.045,0.27227868795888943,64.0,3.0,206.0,0.15173965749728024,0.04616606836588277,1.6272153123043005,0.703125,2.0
0.7272727272727273,0.7851989107281139,0.7995718490767996,0.9598608509499599,0.08041231884057971,0.0716183574879227,Epilepsy,3,10,10.0,10,90,hybrid GPF-nbrs/raw-walk (M=1),0.045,0.27227868795888943,64.0,3.0,206.0,1.360498077042069,0.4150734469572718,0.36901409858667805,0.703125,1.0
0.0,0.0,0.5,0.8023815895103024,0.1895266505636071,0.15915458937198068,Epilepsy,3,20,20.0,5,95,none (raw-flat RF),0.045,0.44959452419012846,,,,,,,,
0.4528301886792453,0.5581037507742727,0.6423601819641424,0.8674070109713674,0.16240024154589375,0.1605072463768116,Epilepsy,3,20,20.0,5,95,none,0.045,0.44959452419012846,64.0,3.0,206.0,,,,,
0.48148148148148145,0.5808928010806619,0.6558736954776558,0.9108910891089109,0.15120974235104667,0.15355072463768113,Epilepsy,3,20,20.0,5,95,SMOTE-raw,0.045,0.44959452419012846,64.0,3.0,206.0,0.8313810789643408,0.2967367656278214,0.39165614009184957,,
0.49122807017543857,0.5965739308001615,0.6594862188921595,0.901926679154402,0.16411916264090176,0.1528985507246377,Epilepsy,3,20,20.0,5,95,KNNOR-raw (M=1),0.045,0.44959452419012846,64.0,3.0,206.0,1.8119363777311168,0.6599530366800178,0.139631150974996,0.26536312849162014,
0.49056603773584906,0.5838794161454409,0.6608241905271608,0.9143698153599145,0.1448221417069243,0.15234299516908217,Epilepsy,3,20,20.0,5,95,chain-mean-GPF (PSSTO-style),0.045,0.44959452419012846,64.0,3.0,206.0,0.5239948864411321,0.27075043499583984,0.3315990936483945,,
0.5,0.586850831855374,0.6657746855766657,0.9114262777629114,0.14463011272141707,0.15154589371980678,Epilepsy,3,20,20.0,5,95,KNNOR-GPF (M=1),0.045,0.44959452419012846,64.0,3.0,206.0,0.6645490059991097,0.3749112012343038,0.24404675720705435,1.0,1.0
0.5185185185185185,0.605920305522407,0.6743377040406744,0.9261439657479262,0.1309747987117552,0.13128019323671494,Epilepsy,3,20,20.0,5,95,KNNOR-GPF (M=3/2),0.045,0.44959452419012846,64.0,3.0,206.0,0.6929759945738203,0.35446539864449156,0.35084182347580933,1.0,1.5
0.5283018867924528,0.6090038893327127,0.6792881990901793,0.9274819373829275,0.13275233494363928,0.12874396135265695,Epilepsy,3,20,20.0,5,95,KNNOR-GPF (M calibrated),0.045,0.44959452419012846,64.0,3.0,206.0,0.6863051284363793,0.35537250609032844,0.3343377229259431,1.0,1.4
0.6333333333333333,0.7022651526748946,0.736954776558737,0.9289537061814289,0.11906312399355878,0.12275362318840581,Epilepsy,3,20,20.0,5,95,hybrid GPF-nbrs/raw-walk (M calibrated),0.045,0.44959452419012846,64.0,3.0,206.0,0.7403292463730984,0.2410353442847859,1.1535700167236733,0.7421875,1.4
0.48148148148148145,0.5808928010806619,0.6558736954776558,0.9009900990099011,0.1585705314009662,0.161256038647343,Epilepsy,3,20,20.0,5,95,hybrid GPF-nbrs/raw-walk (M=1),0.045,0.44959452419012846,64.0,3.0,206.0,1.1322222791845338,0.38875572492172067,0.5355342396926651,0.7421875,1.0
0.6779661016949152,0.7278988717263751,0.7603692801712604,0.9488894835429489,0.10189057971014492,0.14171497584541065,Epilepsy,4,5,5.0,20,80,none (raw-flat RF),0.045,0.1480520635817657,,,,,,,,
0.8695652173913043,0.891490410038602,0.8955044153063956,0.9842119347069841,0.04527334943639292,0.07214975845410627,Epilepsy,4,5,5.0,20,80,none,0.045,0.1480520635817657,64.0,3.0,206.0,,,,,
0.8571428571428571,0.8869765055404719,0.8905539202568906,0.9883596467754884,0.04376561996779388,0.0569806763285024,Epilepsy,4,5,5.0,20,80,SMOTE-raw,0.045,0.1480520635817657,64.0,3.0,206.0,0.33216744787226493,0.12794960884462792,0.5925295795462054,,
0.8571428571428571,0.8869765055404719,0.8905539202568906,0.9831415573989832,0.047840499194847015,0.051908212560386476,Epilepsy,4,5,5.0,20,80,KNNOR-raw (M=1),0.045,0.1480520635817657,64.0,3.0,206.0,0.6266360987517177,0.22968809179671568,0.30705106528243314,1.0,
0.8857142857142857,0.9062267870482649,0.909017928819909,0.991035590045491,0.03906650563607085,0.06840579710144927,Epilepsy,4,5,5.0,20,80,chain-mean-GPF (PSSTO-style),0.045,0.1480520635817657,64.0,3.0,206.0,0.1737114880452182,0.08854227929021008,0.3941044591624083,,
0.8695652173913043,0.891490410038602,0.8955044153063956,0.9811345999464811,0.048351690821256045,0.04579710144927538,Epilepsy,4,5,5.0,20,80,KNNOR-GPF (M=1),0.045,0.1480520635817657,64.0,3.0,206.0,0.3414609527608119,0.23094153260607542,0.1204236541264591,1.0,1.0
0.8571428571428571,0.8869765055404719,0.8905539202568906,0.9775220765319775,0.04993075684380032,0.04140096618357487,Epilepsy,4,5,5.0,20,80,KNNOR-GPF (M=3/2),0.045,0.1480520635817657,64.0,3.0,206.0,0.26602018458867316,0.12927044077450867,0.23536276441262302,1.0,1.5
0.8450704225352113,0.8824395115648317,0.8856034252073857,0.9801980198019802,0.05031908212560387,0.05683574879227056,Epilepsy,4,5,5.0,20,80,KNNOR-GPF (M calibrated),0.045,0.1480520635817657,64.0,3.0,206.0,0.1988705399744226,0.07198713595933104,0.44994369946658486,1.0,2.1999999999999997
0.9090909090909091,0.9482177696715555,0.9482204977254483,0.9933101418249933,0.032740821256038645,0.06166666666666668,Epilepsy,4,5,5.0,20,80,hybrid GPF-nbrs/raw-walk (M calibrated),0.045,0.1480520635817657,64.0,3.0,206.0,0.31919832029470885,0.08440921123245704,1.2921017343344112,0.625,2.1999999999999997
0.8450704225352113,0.8824395115648317,0.8856034252073857,0.973909553117474,0.05446674718196457,0.03799516908212558,Epilepsy,4,5,5.0,20,80,hybrid GPF-nbrs/raw-walk (M=1),0.045,0.1480520635817657,64.0,3.0,206.0,0.9505850453692666,0.36881681833087815,0.1559391937805346,0.625,1.0
0.35555555555555557,0.46499055497527714,0.6081081081081081,0.8616537329408617,0.14472616747181963,0.09954106280193238,Epilepsy,4,10,10.0,10,90,none (raw-flat RF),0.045,0.19542561393380287,,,,,,,,
0.8955223880597015,0.9004503377814963,0.9054054054054055,0.9748461332619749,0.0551866344605475,0.07425120772946861,Epilepsy,4,10,10.0,10,90,none,0.045,0.19542561393380287,64.0,3.0,206.0,,,,,
0.8571428571428571,0.8869765055404719,0.8905539202568906,0.9842119347069842,0.04962624798711755,0.06719806763285023,Epilepsy,4,10,10.0,10,90,SMOTE-raw,0.045,0.19542561393380287,64.0,3.0,206.0,0.4099651370819981,0.1754770646413235,0.4568050766821618,,
0.8571428571428571,0.8869765055404719,0.8905539202568906,0.9702970297029703,0.05667576489533011,0.02693236714975845,Epilepsy,4,10,10.0,10,90,KNNOR-raw (M=1),0.045,0.19542561393380287,64.0,3.0,206.0,0.7563400782882883,0.3162490013015727,0.30820499665979,0.8737864077669902,
0.8695652173913043,0.891490410038602,0.8955044153063956,0.9914369815359915,0.04052850241545893,0.04405797101449276,Epilepsy,4,10,10.0,10,90,chain-mean-GPF (PSSTO-style),0.045,0.19542561393380287,64.0,3.0,206.0,0.3102945700849611,0.207427767496293,0.3457022661011352,,
0.8695652173913043,0.891490410038602,0.8955044153063956,0.9763179020604763,0.05118631239935587,0.05850241545893719,Epilepsy,4,10,10.0,10,90,KNNOR-GPF (M=1),0.045,0.19542561393380287,64.0,3.0,206.0,0.3841316852449317,0.24824287333020228,0.15555409218512986,1.0,1.0
0.8695652173913043,0.891490410038602,0.8955044153063956,0.9772544822049772,0.05055748792270531,0.040966183574879245,Epilepsy,4,10,10.0,10,90,KNNOR-GPF (M=3/2),0.045,0.19542561393380287,64.0,3.0,206.0,0.32575383437566807,0.14243313818586678,0.313430194108384,1.0,1.5
0.8695652173913043,0.891490410038602,0.8955044153063956,0.9773882793684774,0.05170652173913043,0.035338164251207727,Epilepsy,4,10,10.0,10,90,KNNOR-GPF (M calibrated),0.045,0.19542561393380287,64.0,3.0,206.0,0.3181339430388881,0.09769314478796887,0.5438991874340551,1.0,2.1999999999999997
0.9041095890410958,0.9302688071298884,0.9310944607974311,0.9941129248059941,0.030724879227053137,0.0658695652173913,Epilepsy,4,10,10.0,10,90,hybrid GPF-nbrs/raw-walk (M calibrated),0.045,0.19542561393380287,64.0,3.0,206.0,0.26240715931878955,0.08054416983639279,1.2645022466674067,0.703125,2.1999999999999997
0.8450704225352113,0.8824395115648317,0.8856034252073857,0.9690928552314692,0.05899194847020933,0.04971014492753624,Epilepsy,4,10,10.0,10,90,hybrid GPF-nbrs/raw-walk (M=1),0.045,0.19542561393380287,64.0,3.0,206.0,0.9311691534445126,0.3425846699906344,0.22479893813335747,0.703125,1.0
0.0,0.0,0.5,0.6515921862456516,0.20953325281803545,0.17471014492753623,Epilepsy,4,20,20.0,5,95,none (raw-flat RF),0.045,0.39048092456863537,,,,,,,,
0.7868852459016393,0.8053872662568292,0.8243243243243243,0.933904201230934,0.09461127214170692,0.11483091787439614,Epilepsy,4,20,20.0,5,95,none,0.045,0.39048092456863537,64.0,3.0,206.0,,,,,
0.8484848484848485,0.8656004364605815,0.8734278833288734,0.9191865132459193,0.08052657004830917,0.08309178743961353,Epilepsy,4,20,20.0,5,95,SMOTE-raw,0.045,0.39048092456863537,64.0,3.0,206.0,0.6893558535294855,0.24603794734007484,0.5402054856582137,,
0.7936507936507936,0.8179155320084519,0.8328873427883329,0.9174471501204176,0.0977951690821256,0.11028985507246378,Epilepsy,4,20,20.0,5,95,KNNOR-raw (M=1),0.045,0.39048092456863537,64.0,3.0,206.0,1.5108693367859567,0.6219358439680296,0.180326383001808,0.4260089686098655,
0.84375,0.8542421961772491,0.8648648648648649,0.9288199090179288,0.08279613526570048,0.10642512077294686,Epilepsy,4,20,20.0,5,95,chain-mean-GPF (PSSTO-style),0.045,0.39048092456863537,64.0,3.0,206.0,0.5229361139549245,0.34390687263235314,0.22052468609608927,,
0.8615384615384616,0.86991767240168,0.8783783783783784,0.9258763714209258,0.08291505636070853,0.10746376811594203,Epilepsy,4,20,20.0,5,95,KNNOR-GPF (M=1),0.045,0.39048092456863537,64.0,3.0,206.0,0.6072992501951255,0.32360666633115104,0.33649848906482216,1.0,1.0
0.8484848484848485,0.8656004364605815,0.8734278833288734,0.9306930693069307,0.07737954911433172,0.08946859903381646,Epilepsy,4,20,20.0,5,95,KNNOR-GPF (M=3/2),0.045,0.39048092456863537,64.0,3.0,206.0,0.6234347121050619,0.2464172735827569,0.7858986918260555,1.0,1.5
0.8615384615384616,0.86991767240168,0.8783783783783784,0.9335028097404336,0.0744889694041868,0.09181159420289854,Epilepsy,4,20,20.0,5,95,KNNOR-GPF (M calibrated),0.045,0.39048092456863537,64.0,3.0,206.0,0.630991046578669,0.24234985089388583,0.8717643144028052,1.0,1.5999999999999999
0.8857142857142857,0.9062267870482649,0.909017928819909,0.9611988225849613,0.058976731078905,0.07350241545893722,Epilepsy,4,20,20.0,5,95,hybrid GPF-nbrs/raw-walk (M calibrated),0.045,0.39048092456863537,64.0,3.0,206.0,0.5171638619333161,0.1654021637184555,1.802454872554446,0.7421875,1.5999999999999999
0.8307692307692308,0.8500027546430202,0.85991436981536,0.9087503344929089,0.08947109500805152,0.09954106280193237,Epilepsy,4,20,20.0,5,95,hybrid GPF-nbrs/raw-walk (M=1),0.045,0.39048092456863537,64.0,3.0,206.0,0.9802045534733848,0.3593605274355423,0.5334683930316362,0.7421875,1.0
0.1111111111111111,0.24492372571109325,0.5252009894867038,0.5860003092145949,0.19483600508905852,0.09604325699745547,EthanolConcentration,0,5,5.0,39,157,none (raw-flat RF),0.883,0.3871897579614796,,,,,,,,
0.0,0.0,0.49489795918367346,0.5693413729128015,0.19693566581849023,0.10006361323155218,EthanolConcentration,0,5,5.0,39,157,none,0.883,0.3871897579614796,64.0,3.0,1751.0,,,,,
0.13793103448275862,0.2897443054197806,0.5071892393320965,0.6021181199752629,0.19480288379983035,0.07012722646310433,EthanolConcentration,0,5,5.0,39,157,SMOTE-raw,0.883,0.3871897579614796,64.0,3.0,1751.0,1.1309887034903436,0.10420006041787866,0.55654193552263,,
0.09876543209876543,0.23917504063309558,0.5022418058132344,0.5752551020408163,0.2000722222222222,0.11790076335877861,EthanolConcentration,0,5,5.0,39,157,KNNOR-raw (M=1),0.883,0.3871897579614796,64.0,3.0,1751.0,3.6375682363435544,0.3602719622577407,0.25366109232189327,0.4361111111111111,
0.18604651162790697,0.3373291729658556,0.5299938157081014,0.5735930735930734,0.19912311280746395,0.09044529262086515,EthanolConcentration,0,5,5.0,39,157,chain-mean-GPF (PSSTO-style),0.883,0.3871897579614796,64.0,3.0,1751.0,0.5767504842469222,0.07620624661970898,0.5163955554840123,,
0.10126582278481013,0.2404644032943352,0.5073438466295609,0.5643939393939393,0.20568541136556404,0.11653944020356233,EthanolConcentration,0,5,5.0,39,157,KNNOR-GPF (M=1),0.883,0.3871897579614796,64.0,3.0,1751.0,1.1451404653358868,0.1968693105375735,0.2718192735470371,0.40992167101827676,1.0
0.075,0.20713166113943612,0.4946660482374768,0.5480055658627087,0.21031993214588637,0.11826972010178116,EthanolConcentration,0,5,5.0,39,157,KNNOR-GPF (M=3/2),0.883,0.3871897579614796,64.0,3.0,1751.0,0.9835247964698137,0.15772272567277834,0.3297517267070237,0.39054726368159204,1.5
0.1935483870967742,0.3519097118140059,0.5222634508348794,0.5612631416202847,0.21151798134011876,0.12206106870229007,EthanolConcentration,0,5,5.0,39,157,KNNOR-GPF (M calibrated),0.883,0.3871897579614796,64.0,3.0,1751.0,0.7956697720263026,0.11597003498666891,0.41591997951372567,0.4025641025641026,2.0
0.14285714285714285,0.30419149812653795,0.4892547928262214,0.5815166975881261,0.2114297709923664,0.12152671755725189,EthanolConcentration,0,5,5.0,39,157,hybrid GPF-nbrs/raw-walk (M calibrated),0.883,0.3871897579614796,64.0,3.0,1751.0,1.6913956332866498,0.10726037293947077,1.086333746396078,0.18870192307692307,2.0
0.07407407407407407,0.20657108728034893,0.49211502782931354,0.5974799010513296,0.201332909245123,0.10259541984732827,EthanolConcentration,0,5,5.0,39,157,hybrid GPF-nbrs/raw-walk (M=1),0.883,0.3871897579614796,64.0,3.0,1751.0,1.3333820503473621,0.1479427198994544,0.42435216107538354,0.09085648148148148,1.0
0.11267605633802817,0.2455541610544031,0.527752009894867,0.5894016697588127,0.2017254028837998,0.12996183206106873,EthanolConcentration,0,10,9.8,20,176,none (raw-flat RF),0.883,0.46594309598600425,,,,,,,,
0.056338028169014086,0.17274029179851752,0.5074984539270254,0.5689935064935064,0.2093127226463104,0.15763358778625955,EthanolConcentration,0,10,9.8,20,176,none,0.883,0.46594309598600425,64.0,3.0,1751.0,,,,,
0.10256410256410256,0.24110649897219602,0.5098948670377241,0.5961270871985157,0.19604355385920272,0.0869592875318066,EthanolConcentration,0,10,9.8,20,176,SMOTE-raw,0.883,0.46594309598600425,64.0,3.0,1751.0,0.8818169647321028,0.08955246643029513,0.6525187563939251,,
0.0,0.0,0.49489795918367346,0.5549242424242424,0.20916174724342662,0.14292620865139946,EthanolConcentration,0,10,9.8,20,176,KNNOR-raw (M=1),0.883,0.46594309598600425,64.0,3.0,1751.0,5.211649976117416,0.6279683205709794,0.068459162786117,0.19909502262443438,
0.02702702702702703,0.12087344460380706,0.4897186147186147,0.6086116264687692,0.1999497455470738,0.12314249363867683,EthanolConcentration,0,10,9.8,20,176,chain-mean-GPF (PSSTO-style),0.883,0.46594309598600425,64.0,3.0,1751.0,0.7222608309755838,0.09878845197635588,0.5412114866474554,,
0.08333333333333333,0.21156278646292093,0.515074211502783,0.5592532467532467,0.20576899915182356,0.13576335877862594,EthanolConcentration,0,10,9.8,20,176,KNNOR-GPF (M=1),0.883,0.46594309598600425,64.0,3.0,1751.0,2.0986721034699087,0.39040551299045567,0.15805756260471854,0.1772406847935549,1.0
0.08333333333333333,0.21156278646292093,0.515074211502783,0.5585961657390229,0.20422718405428328,0.1339821882951654,EthanolConcentration,0,10,9.8,20,176,KNNOR-GPF (M=3/2),0.883,0.46594309598600425,64.0,3.0,1751.0,1.664032056469349,0.26694904968159916,0.2491742282666565,0.22055137844611528,1.5
0.10126582278481013,0.2404644032943352,0.5073438466295609,0.5699984539270253,0.20545903307888044,0.13358778625954199,EthanolConcentration,0,10,9.8,20,176,KNNOR-GPF (M calibrated),0.883,0.46594309598600425,64.0,3.0,1751.0,1.522137241385396,0.23908639443184287,0.27638975242056324,0.2216624685138539,2.1999999999999997
0.08,0.2099120763018781,0.5074211502782932,0.5810528756957329,0.20488248515691262,0.13833333333333336,EthanolConcentration,0,10,9.8,20,176,hybrid GPF-nbrs/raw-walk (M calibrated),0.883,0.46594309598600425,64.0,3.0,1751.0,1.7059394338075755,0.18972618332735014,1.7575557762572236,0.049107142857142856,2.1999999999999997
0.05714285714285714,0.173187227323788,0.5100494743351887,0.5556972789115646,0.20938027989821884,0.1534732824427481,EthanolConcentration,0,10,9.8,20,176,hybrid GPF-nbrs/raw-walk (M=1),0.883,0.46594309598600425,64.0,3.0,1751.0,4.183396229701129,0.6855403549240457,0.0478060265524775,0.049107142857142856,1.0
0.028169014084507043,0.12182898077463454,0.4973716759431045,0.5082328385899815,0.2291966921119593,0.16882951653944023,EthanolConcentration,0,20,19.6,10,186,none (raw-flat RF),0.883,1.659060008880786,,,,,,,,
0.0,0.0,0.5,0.43015615337043905,0.23571009329940626,0.20610687022900764,EthanolConcentration,0,20,19.6,10,186,none,0.883,1.659060008880786,64.0,3.0,1751.0,,,,,
0.02857142857142857,0.1221458317148747,0.4999226963512678,0.496830550401979,0.2089358354537744,0.14950381679389316,EthanolConcentration,0,20,19.6,10,186,SMOTE-raw,0.883,1.659060008880786,64.0,3.0,1751.0,1.372057702490249,0.1004982612848192,0.5318194420508991,,
0.0,0.0,0.5,0.42489950525664816,0.22807739609838842,0.19711195928753183,EthanolConcentration,0,20,19.6,10,186,KNNOR-raw (M=1),0.883,1.659060008880786,64.0,3.0,1751.0,2.1780339225213226,0.11393846690104681,0.8863488403607621,0.0493368700265252,
0.0,0.0,0.49744897959183676,0.4392393320964749,0.2248981764206955,0.19484732824427478,EthanolConcentration,0,20,19.6,10,186,chain-mean-GPF (PSSTO-style),0.883,1.659060008880786,64.0,3.0,1751.0,1.1081175848594373,0.08815280679933968,0.41201034499575234,,
0.0,0.0,0.5,0.42489950525664816,0.22807739609838842,0.19711195928753183,EthanolConcentration,0,20,19.6,10,186,KNNOR-GPF (M=1),0.883,1.659060008880786,64.0,3.0,1751.0,2.1780339225213226,0.11393846690104681,0.8863488403607623,0.0493368700265252,1.0
0.0,0.0,0.5,0.42489950525664816,0.22807739609838842,0.19711195928753183,EthanolConcentration,0,20,19.6,10,186,KNNOR-GPF (M=3/2),0.883,1.659060008880786,64.0,3.0,1751.0,2.1780339225213226,0.11393846690104681,0.8863488403607623,0.0493368700265252,1.5
0.0,0.0,0.5,0.42489950525664816,0.22807739609838842,0.19711195928753183,EthanolConcentration,0,20,19.6,10,186,KNNOR-GPF (M calibrated),0.883,1.659060008880786,64.0,3.0,1751.0,2.1780339225213226,0.11393846690104681,0.8863488403607623,0.0493368700265252,1.7999999999999998
0.0,0.0,0.49744897959183676,0.4247835497835497,0.23760245971162,0.20692111959287535,EthanolConcentration,0,20,19.6,10,186,hybrid GPF-nbrs/raw-walk (M calibrated),0.883,1.659060008880786,64.0,3.0,1751.0,23.423489674464825,1.0274053448773661,0.21207667823934306,0.04925847457627119,1.7999999999999998
0.0,0.0,0.5,0.43320964749536184,0.23062281594571668,0.19758269720101782,EthanolConcentration,0,20,19.6,10,186,hybrid GPF-nbrs/raw-walk (M=1),0.883,1.659060008880786,64.0,3.0,1751.0,1.7532749027834704,0.09181806147387017,0.9050252741269843,0.04925847457627119,1.0
0.175,0.31980107453341566,0.5351731601731602,0.6894325912183055,0.1748606446140797,0.08111959287531804,EthanolConcentration,1,5,5.0,39,157,none (raw-flat RF),0.883,0.28458260717199835,,,,,,,,
0.0,0.0,0.4923469387755102,0.5581709956709956,0.1967223070398643,0.11470737913486005,EthanolConcentration,1,5,5.0,39,157,none,0.883,0.28458260717199835,64.0,3.0,1751.0,,,,,
0.23333333333333334,0.4108907018066591,0.5040197897340755,0.544642857142857,0.22524011874469888,0.15435114503816794,EthanolConcentration,1,5,5.0,39,157,SMOTE-raw,0.883,0.28458260717199835,64.0,3.0,1751.0,0.8305542561202595,0.09959629032104678,0.5921139607580577,,
0.1276595744680851,0.2840862708341215,0.4893320964749536,0.5400432900432901,0.2194614927905004,0.1430025445292621,EthanolConcentration,1,5,5.0,39,157,KNNOR-raw (M=1),0.883,0.28458260717199835,64.0,3.0,1751.0,2.1969431547867577,0.36486644405450364,0.14768818444631737,0.38106796116504854,
0.15053763440860216,0.3086066999241838,0.5020098948670377,0.5425556586270872,0.21086662425784566,0.12301526717557253,EthanolConcentration,1,5,5.0,39,157,chain-mean-GPF (PSSTO-style),0.883,0.28458260717199835,64.0,3.0,1751.0,0.45598351262992587,0.06347903394360854,0.762714214001455,,
0.11764705882352941,0.26522880753477807,0.5021645021645021,0.5609925788497218,0.2089960135708227,0.11529262086513994,EthanolConcentration,1,5,5.0,39,157,KNNOR-GPF (M=1),0.883,0.28458260717199835,64.0,3.0,1751.0,1.3536022412516315,0.25421279046113776,0.1822304771858939,0.4801223241590214,1.0
0.15555555555555556,0.3112257570662683,0.5096629560915275,0.5669836116264687,0.21169724342663274,0.12400763358778626,EthanolConcentration,1,5,5.0,39,157,KNNOR-GPF (M=3/2),0.883,0.28458260717199835,64.0,3.0,1751.0,1.2075745191244769,0.21800511594931926,0.2147022819669579,0.40359897172236503,1.5
0.15841584158415842,0.32328707534629597,0.49172850958565245,0.5769944341372912,0.21766569126378288,0.12825699745547073,EthanolConcentration,1,5,5.0,39,157,KNNOR-GPF (M calibrated),0.883,0.28458260717199835,64.0,3.0,1751.0,0.9948096359379379,0.16953865070957985,0.2895721241217847,0.4604105571847507,2.1999999999999997
0.22018348623853212,0.3912303982179758,0.5118274582560297,0.5471552257266543,0.2253826972010178,0.17745547073791348,EthanolConcentration,1,5,5.0,39,157,hybrid GPF-nbrs/raw-walk (M calibrated),0.883,0.28458260717199835,64.0,3.0,1751.0,1.0138168832868688,0.16259260080573612,0.4220060333072216,0.16354166666666667,2.1999999999999997
0.18556701030927836,0.3479332032368523,0.5120593692022264,0.5524118738404452,0.21722985581000848,0.15162849872773537,EthanolConcentration,1,5,5.0,39,157,hybrid GPF-nbrs/raw-walk (M=1),0.883,0.28458260717199835,64.0,3.0,1751.0,1.7216357600762722,0.29129604045149154,0.20595636002696402,0.2725694444444444,1.0
0.08695652173913043,0.21320071635561044,0.5227272727272727,0.6825525664811378,0.180230534351145,0.10506361323155215,EthanolConcentration,1,10,9.8,20,176,none (raw-flat RF),0.883,0.3448518635960305,,,,,,,,
0.0,0.0,0.49744897959183676,0.5984461966604824,0.2023551314673452,0.1348091603053435,EthanolConcentration,1,10,9.8,20,176,none,0.883,0.3448518635960305,64.0,3.0,1751.0,,,,,
0.12195121951219512,0.26740582468843804,0.509817563388992,0.5658240568954854,0.20694236641221375,0.13767175572519086,EthanolConcentration,1,10,9.8,20,176,SMOTE-raw,0.883,0.3448518635960305,64.0,3.0,1751.0,1.4956156506180927,0.14319912429569603,0.7414467945133209,,
0.02857142857142857,0.1221458317148747,0.4999226963512678,0.5349799010513296,0.21159571670907548,0.1287913486005089,EthanolConcentration,1,10,9.8,20,176,KNNOR-raw (M=1),0.883,0.3448518635960305,64.0,3.0,1751.0,6.090402678279873,0.6281900144813588,0.1805567564143416,0.08826479438314945,
0.22988505747126436,0.3781689439319513,0.5476963512677798,0.6113559059987632,0.19577230703986429,0.10505089058524175,EthanolConcentration,1,10,9.8,20,176,chain-mean-GPF (PSSTO-style),0.883,0.3448518635960305,64.0,3.0,1751.0,0.5095895507342183,0.07197325778617669,0.6315201986019946,,
0.12987012987012986,0.2709953252283315,0.5225726654298083,0.5797773654916513,0.20901607294317218,0.15367684478371502,EthanolConcentration,1,10,9.8,20,176,KNNOR-GPF (M=1),0.883,0.3448518635960305,64.0,3.0,1751.0,2.8968317723252808,0.5289406775301757,0.1266914365569273,0.1522491349480969,1.0
0.1282051282051282,0.27028123880866767,0.520021645021645,0.5788110698824985,0.2080501696352841,0.12632315521628495,EthanolConcentration,1,10,9.8,20,176,KNNOR-GPF (M=3/2),0.883,0.3448518635960305,64.0,3.0,1751.0,2.870843136398517,0.48001300456423285,0.17254022675067696,0.1522491349480969,1.5
0.14634146341463414,0.2937190357895751,0.5199443413729128,0.6049010513296228,0.20225313825275656,0.1135241730279898,EthanolConcentration,1,10,9.8,20,176,KNNOR-GPF (M calibrated),0.883,0.3448518635960305,64.0,3.0,1751.0,2.696883941406626,0.43072230189447913,0.2138862394945899,0.16682464454976303,1.7999999999999998
0.23255813953488372,0.37918964469237487,0.5502473716759432,0.6023500309214596,0.2007831636980492,0.12835877862595416,EthanolConcentration,1,10,9.8,20,176,hybrid GPF-nbrs/raw-walk (M calibrated),0.883,0.3448518635960305,64.0,3.0,1751.0,1.7422656958142584,0.21448323395237123,0.5747645884078759,0.049107142857142856,1.7999999999999998
0.07692307692307693,0.20824828195876072,0.4997680890538033,0.5655921459492887,0.2107060220525869,0.14844783715012724,EthanolConcentration,1,10,9.8,20,176,hybrid GPF-nbrs/raw-walk (M=1),0.883,0.3448518635960305,64.0,3.0,1751.0,1.7894744735930095,0.20252991453209102,0.4995712052114369,0.049107142857142856,1.0
0.0,0.0,0.49744897959183676,0.5795068027210885,0.21049228159457165,0.1457760814249364,EthanolConcentration,1,20,19.6,10,186,none (raw-flat RF),0.883,1.6108472431257894,,,,,,,,
0.0,0.0,0.5,0.5470006184291899,0.22057765055131467,0.1969847328244275,EthanolConcentration,1,20,19.6,10,186,none,0.883,1.6108472431257894,64.0,3.0,1751.0,,,,,
0.07792207792207792,0.20880435312744838,0.5023191094619666,0.5727040816326531,0.21235810008481762,0.1575318066157761,EthanolConcentration,1,20,19.6,10,186,SMOTE-raw,0.883,1.6108472431257894,64.0,3.0,1751.0,0.9895799038190667,0.08352055371567835,0.5950593267986876,,
0.08695652173913043,0.21320071635561044,0.5227272727272727,0.5608766233766234,0.2192836726039016,0.19108142493638677,EthanolConcentration,1,20,19.6,10,186,KNNOR-raw (M=1),0.883,1.6108472431257894,64.0,3.0,1751.0,1.3957785452257792,0.08134967200615528,0.8238234487178834,0.0493368700265252,
0.05714285714285714,0.173187227323788,0.5100494743351887,0.5636982065553494,0.2105089058524173,0.16348600508905856,EthanolConcentration,1,20,19.6,10,186,chain-mean-GPF (PSSTO-style),0.883,1.6108472431257894,64.0,3.0,1751.0,1.734685087445671,0.1636721873741528,0.4178071984409301,,
0.029850746268656716,0.12309149097933274,0.5075757575757576,0.5674860853432282,0.20858664122137402,0.15723918575063614,EthanolConcentration,1,20,19.6,10,186,KNNOR-GPF (M=1),0.883,1.6108472431257894,64.0,3.0,1751.0,4.148133146384797,0.6650210661527627,0.05002812771941502,0.0493368700265252,1.0
0.029850746268656716,0.12309149097933274,0.5075757575757576,0.5502473716759431,0.20947578456318913,0.15693384223918577,EthanolConcentration,1,20,19.6,10,186,KNNOR-GPF (M=3/2),0.883,1.6108472431257894,64.0,3.0,1751.0,3.9673534470178424,0.6473796825256676,0.05100568315089552,0.0493368700265252,1.5
0.02857142857142857,0.1221458317148747,0.4999226963512678,0.5749072356215214,0.20861696352841394,0.15521628498727735,EthanolConcentration,1,20,19.6,10,186,KNNOR-GPF (M calibrated),0.883,1.6108472431257894,64.0,3.0,1751.0,2.8857678462762593,0.38014767025102003,0.18186741088965638,0.0493368700265252,2.1999999999999997
0.029850746268656716,0.12309149097933274,0.5075757575757576,0.5186688311688311,0.2152025869380831,0.16209923664122136,EthanolConcentration,1,20,19.6,10,186,hybrid GPF-nbrs/raw-walk (M calibrated),0.883,1.6108472431257894,64.0,3.0,1751.0,21.3057647415438,0.7120287716213857,3.1777162650853343,0.10379464285714286,2.1999999999999997
0.08695652173913043,0.21320071635561044,0.5227272727272727,0.5656694495980209,0.2162172179813401,0.17745547073791348,EthanolConcentration,1,20,19.6,10,186,hybrid GPF-nbrs/raw-walk (M=1),0.883,1.6108472431257894,64.0,3.0,1751.0,1.7436781560818098,0.09444947629059497,0.9280037536801041,0.04925847457627119,1.0
0.23076923076923078,0.3664374951446241,0.5605287569573284,0.6808905380333953,0.1752673452078032,0.0740712468193384,EthanolConcentration,2,5,5.0,39,157,none (raw-flat RF),0.883,0.35526631741246817,,,,,,,,
0.028985507246376812,0.12246186285554662,0.5024737167594311,0.5430967841682127,0.19961849024597114,0.12753180661577607,EthanolConcentration,2,5,5.0,39,157,none,0.883,0.35526631741246817,64.0,3.0,1751.0,,,,,
0.17475728155339806,0.3418817293789138,0.4967532467532467,0.5444109461966604,0.21571488549618323,0.13474554707379136,EthanolConcentration,2,5,5.0,39,157,SMOTE-raw,0.883,0.35526631741246817,64.0,3.0,1751.0,0.6854340941747754,0.052876267039311475,0.7584172982515962,,
0.14814814814814814,0.29450754468697576,0.522495361781076,0.593382807668522,0.19436768447837152,0.07587786259541984,EthanolConcentration,2,5,5.0,39,157,KNNOR-raw (M=1),0.883,0.35526631741246817,64.0,3.0,1751.0,1.6860590544390401,0.21847193450306424,0.27103061038947984,0.20076726342711,
0.12631578947368421,0.28326875469074336,0.4867810760667904,0.5589053803339518,0.2096580576759966,0.1296564885496183,EthanolConcentration,2,5,5.0,39,157,chain-mean-GPF (PSSTO-style),0.883,0.35526631741246817,64.0,3.0,1751.0,0.4296750413591077,0.03919764865684827,0.6994335936588126,,
0.1927710843373494,0.3400680204068024,0.5376468769325913,0.6027365491651206,0.19273261238337575,0.0863994910941476,EthanolConcentration,2,5,5.0,39,157,KNNOR-GPF (M=1),0.883,0.35526631741246817,64.0,3.0,1751.0,1.924200530633609,0.1999591942805823,0.3083527757415723,0.1287940935192781,1.0
0.11904761904761904,0.2659564599515895,0.5047155225726654,0.5888605442176871,0.20000284139100932,0.10693384223918576,EthanolConcentration,2,5,5.0,39,157,KNNOR-GPF (M=3/2),0.883,0.35526631741246817,64.0,3.0,1751.0,1.42236545893552,0.14382102916930006,0.42408331699496116,0.146866230121609,1.5
0.16091954022988506,0.3138229572304239,0.5173160173160173,0.586077612863327,0.20118019508057672,0.09225190839694654,EthanolConcentration,2,5,5.0,39,157,KNNOR-GPF (M calibrated),0.883,0.35526631741246817,64.0,3.0,1751.0,1.132467702799607,0.11639752032793182,0.47591679510822166,0.17233809001097694,2.0
0.1839080459770115,0.33641126875295113,0.5274427952999381,0.5618815708101422,0.20532052586938082,0.1233587786259542,EthanolConcentration,2,5,5.0,39,157,hybrid GPF-nbrs/raw-walk (M calibrated),0.883,0.35526631741246817,64.0,3.0,1751.0,3.0158757406493812,0.296539096451509,0.6082267654897635,0.07008928571428572,2.0
0.125,0.26884737596752895,0.5149196042053185,0.5482374768089054,0.20256441899915187,0.13896946564885496,EthanolConcentration,2,5,5.0,39,157,hybrid GPF-nbrs/raw-walk (M=1),0.883,0.35526631741246817,64.0,3.0,1751.0,4.581516951646158,0.4524275668903552,0.1813688619130362,0.11681547619047619,1.0
0.0,0.0,0.5,0.5446428571428572,0.20719410517387615,0.12438931297709924,EthanolConcentration,2,10,9.8,20,176,none (raw-flat RF),0.883,0.3649488519126809,,,,,,,,
0.0,0.0,0.5,0.5262832405689549,0.21177349448685326,0.1432697201017812,EthanolConcentration,2,10,9.8,20,176,none,0.883,0.3649488519126809,64.0,3.0,1751.0,,,,,
0.16666666666666666,0.31639883866446966,0.5249690785405071,0.5346706864564008,0.20395178117048346,0.10690839694656488,EthanolConcentration,2,10,9.8,20,176,SMOTE-raw,0.883,0.3649488519126809,64.0,3.0,1751.0,0.9128296109554785,0.09262315604337867,0.5752556824281252,,
0.0,0.0,0.5,0.5206400742115028,0.2057934266327396,0.14245547073791345,EthanolConcentration,2,10,9.8,20,176,KNNOR-raw (M=1),0.883,0.3649488519126809,64.0,3.0,1751.0,3.41095677461875,0.5366158386099167,0.12522140983603497,0.05098493626882966,
0.02631578947368421,0.1202322016471676,0.4846165739022882,0.6055581323438467,0.19382052586938084,0.0947582697201018,EthanolConcentration,2,10,9.8,20,176,chain-mean-GPF (PSSTO-style),0.883,0.3649488519126809,64.0,3.0,1751.0,0.5301589607155357,0.06666191918440267,0.5943539257842209,,
0.0,0.0,0.49744897959183676,0.5657081014223871,0.20290313825275658,0.12180661577608144,EthanolConcentration,2,10,9.8,20,176,KNNOR-GPF (M=1),0.883,0.3649488519126809,64.0,3.0,1751.0,1.7816313734155909,0.3756339075794634,0.14642652784472768,0.07815275310834814,1.0
0.0,0.0,0.4923469387755102,0.5520253555967841,0.2052381679389313,0.13129770992366416,EthanolConcentration,2,10,9.8,20,176,KNNOR-GPF (M=3/2),0.883,0.3649488519126809,64.0,3.0,1751.0,1.9545603797944935,0.3942325361980426,0.1452209485785819,0.08738828202581926,1.5
0.0,0.0,0.48214285714285715,0.5363713667285096,0.20741772688719254,0.12648854961832062,EthanolConcentration,2,10,9.8,20,176,KNNOR-GPF (M calibrated),0.883,0.3649488519126809,64.0,3.0,1751.0,1.7165640647999663,0.31619555332538785,0.22552333754812146,0.102803738317757,2.1999999999999997
0.08333333333333333,0.21156278646292093,0.515074211502783,0.5608379715522572,0.19994134860050894,0.11286259541984733,EthanolConcentration,2,10,9.8,20,176,hybrid GPF-nbrs/raw-walk (M calibrated),0.883,0.3649488519126809,64.0,3.0,1751.0,1.4395326731156768,0.19518840271557547,0.47470513235307615,0.049107142857142856,2.1999999999999997
0.058823529411764705,0.17407765595569785,0.5151515151515151,0.5699211502782932,0.19952752332485157,0.11680661577608142,EthanolConcentration,2,10,9.8,20,176,hybrid GPF-nbrs/raw-walk (M=1),0.883,0.3649488519126809,64.0,3.0,1751.0,3.7603032956749445,0.5786899814442933,0.07587008215936417,0.049107142857142856,1.0
0.0,0.0,0.5,0.4953617810760668,0.22229949109414754,0.17786259541984734,EthanolConcentration,2,20,19.6,10,186,none (raw-flat RF),0.883,1.1302606529498167,,,,,,,,
0.0,0.0,0.5,0.5108998144712431,0.22446721798134014,0.17349872773536892,EthanolConcentration,2,20,19.6,10,186,none,0.883,1.1302606529498167,64.0,3.0,1751.0,,,,,
0.10810810810810811,0.24365796154926908,0.5200989486703772,0.5218382807668522,0.21820937234944865,0.1598346055979644,EthanolConcentration,2,20,19.6,10,186,SMOTE-raw,0.883,1.1302606529498167,64.0,3.0,1751.0,1.863796640940416,0.184193281748679,0.6209287670400557,,
0.0,0.0,0.5,0.5256648113790972,0.2225691687871077,0.16054707379134864,EthanolConcentration,2,20,19.6,10,186,KNNOR-raw (M=1),0.883,1.1302606529498167,64.0,3.0,1751.0,7.960355441950307,0.8891027179714519,0.018548252266015385,0.0493368700265252,
0.028985507246376812,0.12246186285554662,0.5024737167594311,0.5185528756957328,0.2221035199321459,0.16446564885496182,EthanolConcentration,2,20,19.6,10,186,chain-mean-GPF (PSSTO-style),0.883,1.1302606529498167,64.0,3.0,1751.0,1.527535516354984,0.16505014519538297,0.5434599832871233,,
0.0,0.0,0.49744897959183676,0.49903370439084727,0.2247734096692112,0.18502544529262088,EthanolConcentration,2,20,19.6,10,186,KNNOR-GPF (M=1),0.883,1.1302606529498167,64.0,3.0,1751.0,3.506712405147578,0.36508748637561816,0.3533645974647322,0.0493368700265252,1.0
0.0,0.0,0.5,0.5223407544836116,0.2228129346904156,0.16759541984732823,EthanolConcentration,2,20,19.6,10,186,KNNOR-GPF (M=3/2),0.883,1.1302606529498167,64.0,3.0,1751.0,6.239544265276955,0.557767697381411,7.561338412898414e-30,0.0493368700265252,1.5
0.0,0.0,0.49744897959183676,0.5186688311688312,0.21954872773536896,0.1730407124681934,EthanolConcentration,2,20,19.6,10,186,KNNOR-GPF (M calibrated),0.883,1.1302606529498167,64.0,3.0,1751.0,4.0031443861345295,0.4797345103365176,0.2237809278095754,0.0493368700265252,2.0
0.028985507246376812,0.12246186285554662,0.5024737167594311,0.5322356215213359,0.22571276505513146,0.1788931297709924,EthanolConcentration,2,20,19.6,10,186,hybrid GPF-nbrs/raw-walk (M calibrated),0.883,1.1302606529498167,64.0,3.0,1751.0,5.223976041185951,0.5722231830976724,0.23873293916593386,0.04925847457627119,2.0
0.0,0.0,0.5,0.5185528756957328,0.22420402883799834,0.16571246819338423,EthanolConcentration,2,20,19.6,10,186,hybrid GPF-nbrs/raw-walk (M=1),0.883,1.1302606529498167,64.0,3.0,1751.0,6.800554933143863,0.6810770897613471,0.004987394196405422,0.04925847457627119,1.0
0.37209302325581395,0.48731592309853816,0.6110080395794681,0.684678416821274,0.1663094995759118,0.08396946564885495,EthanolConcentration,3,5,5.0,39,157,none (raw-flat RF),0.883,0.36223492779238775,,,,,,,,
0.028169014084507043,0.12182898077463454,0.4973716759431045,0.5731679035250463,0.19825988125530108,0.1058015267175573,EthanolConcentration,3,5,5.0,39,157,none,0.883,0.36223492779238775,64.0,3.0,1751.0,,,,,
0.19148936170212766,0.3509198091165939,0.5197124304267161,0.5590986394557823,0.20401912637828667,0.10517811704834605,EthanolConcentration,3,5,5.0,39,157,SMOTE-raw,0.883,0.36223492779238775,64.0,3.0,1751.0,0.8910009169080597,0.08102718771917872,0.6302636611088667,,
0.07407407407407407,0.20657108728034893,0.49211502782931354,0.5931122448979591,0.19816212892281596,0.09779898218829516,EthanolConcentration,3,5,5.0,39,157,KNNOR-raw (M=1),0.883,0.36223492779238775,64.0,3.0,1751.0,3.731003191329477,0.4022214331123542,0.2631079402404365,0.2808586762075134,
0.18604651162790697,0.3373291729658556,0.5299938157081014,0.5896722325293754,0.19507446988973706,0.08697201017811705,EthanolConcentration,3,5,5.0,39,157,chain-mean-GPF (PSSTO-style),0.883,0.36223492779238775,64.0,3.0,1751.0,0.35560830221547324,0.03288774058567667,0.7103742359108665,,
0.09302325581395349,0.23592080681279157,0.4894867037724181,0.5797387136672851,0.20022955894826122,0.09611959287531806,EthanolConcentration,3,5,5.0,39,157,KNNOR-GPF (M=1),0.883,0.36223492779238775,64.0,3.0,1751.0,0.8264175369149767,0.16157868849721457,0.284753363474114,0.3512304250559284,1.0
0.09195402298850575,0.23526455851289976,0.48693568336425475,0.5926484230055659,0.1987276929601357,0.08535623409669213,EthanolConcentration,3,5,5.0,39,157,KNNOR-GPF (M=3/2),0.883,0.36223492779238775,64.0,3.0,1751.0,0.7253617930266154,0.13164966577745563,0.3348340068107285,0.32914046121593293,1.5
0.13186813186813187,0.28652482432350923,0.4969851576994434,0.5915661719233148,0.20086717557251907,0.11104325699745547,EthanolConcentration,3,5,5.0,39,157,KNNOR-GPF (M calibrated),0.883,0.36223492779238775,64.0,3.0,1751.0,0.6590417797975867,0.10974534521087942,0.3541523237545896,0.3369098712446352,1.7999999999999998
0.19148936170212766,0.3509198091165939,0.5197124304267161,0.6054808286951143,0.1961405004240882,0.07568702290076337,EthanolConcentration,3,5,5.0,39,157,hybrid GPF-nbrs/raw-walk (M calibrated),0.883,0.36223492779238775,64.0,3.0,1751.0,2.2566516440778797,0.14111058390322861,1.463189330952236,0.20442708333333334,1.7999999999999998
0.075,0.20713166113943612,0.4946660482374768,0.578617810760668,0.2016422391857506,0.0862086513994911,EthanolConcentration,3,5,5.0,39,157,hybrid GPF-nbrs/raw-walk (M=1),0.883,0.36223492779238775,64.0,3.0,1751.0,1.236291618974005,0.17360982311860162,0.3213734242564174,0.06290064102564102,1.0
0.11428571428571428,0.24618298195866548,0.5303030303030303,0.577264996907854,0.20677213740458017,0.1551526717557252,EthanolConcentration,3,10,9.8,20,176,none (raw-flat RF),0.883,1.1884578792254494,,,,,,,,
0.029411764705882353,0.12277708052720154,0.5050247371675943,0.5668676561533704,0.21140657336726038,0.1464503816793893,EthanolConcentration,3,10,9.8,20,176,none,0.883,1.1884578792254494,64.0,3.0,1751.0,,,,,
0.2268041237113402,0.3868589716493314,0.532312925170068,0.5672541743970315,0.2172613655640373,0.1452035623409669,EthanolConcentration,3,10,9.8,20,176,SMOTE-raw,0.883,1.1884578792254494,64.0,3.0,1751.0,1.72081867283916,0.16507298571842555,0.5566733649082162,,
0.056338028169014086,0.17274029179851752,0.5074984539270254,0.5827535559678416,0.20751263782866833,0.13979643765903305,EthanolConcentration,3,10,9.8,20,176,KNNOR-raw (M=1),0.883,1.1884578792254494,64.0,3.0,1751.0,2.1951321073837438,0.2607748387014016,0.4260438524544297,0.16556914393226718,
0.18823529411764706,0.33824458624445985,0.5325448361162647,0.565669449598021,0.21343282442748093,0.13620865139949107,EthanolConcentration,3,10,9.8,20,176,chain-mean-GPF (PSSTO-style),0.883,1.1884578792254494,64.0,3.0,1751.0,1.2571491306571154,0.12827744805643138,0.6020284687494135,,
0.1411764705882353,0.2913407048594098,0.512291280148423,0.5577844774273346,0.21491895674300257,0.12494910941475826,EthanolConcentration,3,10,9.8,20,176,KNNOR-GPF (M=1),0.883,1.1884578792254494,64.0,3.0,1751.0,1.2723685047801272,0.2075772063679202,0.33229828758740154,0.15561450044208666,1.0
0.14285714285714285,0.29213563322602576,0.5148423005565863,0.5570114409400123,0.21254041560644613,0.11815521628498726,EthanolConcentration,3,10,9.8,20,176,KNNOR-GPF (M=3/2),0.883,1.1884578792254494,64.0,3.0,1751.0,1.3004670648674903,0.15089057855072907,0.5062357642330192,0.18985976267529667,1.5
0.14634146341463414,0.2937190357895751,0.5199443413729128,0.5587121212121211,0.21135118744698897,0.12960559796437657,EthanolConcentration,3,10,9.8,20,176,KNNOR-GPF (M calibrated),0.883,1.1884578792254494,64.0,3.0,1751.0,1.2544653457305373,0.14030400318023672,0.5419299734113554,0.2029988465974625,1.5999999999999999
0.2,0.34278498519184686,0.545299938157081,0.5636209029066173,0.2123880407124682,0.14890585241730284,EthanolConcentration,3,10,9.8,20,176,hybrid GPF-nbrs/raw-walk (M calibrated),0.883,1.1884578792254494,64.0,3.0,1751.0,1.3704004360820754,0.17896517101523957,0.6328353600190428,0.049107142857142856,1.5999999999999999
0.12987012987012986,0.2709953252283315,0.5225726654298083,0.560722016079159,0.21255640373197626,0.14208651399491093,EthanolConcentration,3,10,9.8,20,176,hybrid GPF-nbrs/raw-walk (M=1),0.883,1.1884578792254494,64.0,3.0,1751.0,1.7667449126713457,0.34926540839631565,0.2191090268561081,0.05851063829787234,1.0
0.057971014492753624,0.17363301243014206,0.5126004947433519,0.5652442795299938,0.21939160305343514,0.1686259541984733,EthanolConcentration,3,20,19.6,10,186,none (raw-flat RF),0.883,1.340412970864775,,,,,,,,
0.0,0.0,0.5,0.5316558441558441,0.2267434266327396,0.18117048346055978,EthanolConcentration,3,20,19.6,10,186,none,0.883,1.340412970864775,64.0,3.0,1751.0,,,,,
0.17073170731707318,0.31810450514017585,0.5300711193568336,0.555156153370439,0.21516556403731976,0.17465648854961832,EthanolConcentration,3,20,19.6,10,186,SMOTE-raw,0.883,1.340412970864775,64.0,3.0,1751.0,1.89193551648897,0.17687118392552048,0.5857978601498408,,
0.0,0.0,0.49489795918367346,0.5253942486085343,0.2309675572519084,0.16924936386768444,EthanolConcentration,3,20,19.6,10,186,KNNOR-raw (M=1),0.883,1.340412970864775,64.0,3.0,1751.0,1.3683031484250145,0.10047942590076198,0.9659396970811349,0.0493368700265252,
0.08,0.2099120763018781,0.5074211502782932,0.5262832405689548,0.2239093723494487,0.16693384223918573,EthanolConcentration,3,20,19.6,10,186,chain-mean-GPF (PSSTO-style),0.883,1.340412970864775,64.0,3.0,1751.0,1.617454953151909,0.1877714457055597,0.40431893227650934,,
0.028985507246376812,0.12246186285554662,0.5024737167594311,0.562538651824366,0.21759944868532655,0.15449109414758272,EthanolConcentration,3,20,19.6,10,186,KNNOR-GPF (M=1),0.883,1.340412970864775,64.0,3.0,1751.0,3.1722135309465402,0.6873779355664019,0.026008981708618577,0.05246826516220028,1.0
0.029850746268656716,0.12309149097933274,0.5075757575757576,0.5670222634508348,0.21815958439355387,0.1567557251908397,EthanolConcentration,3,20,19.6,10,186,KNNOR-GPF (M=3/2),0.883,1.340412970864775,64.0,3.0,1751.0,3.0595299962918405,0.656067010578879,0.045749224357856166,0.0493368700265252,1.5
0.028985507246376812,0.12246186285554662,0.5024737167594311,0.5692640692640693,0.21558825275657334,0.15209923664122135,EthanolConcentration,3,20,19.6,10,186,KNNOR-GPF (M calibrated),0.883,1.340412970864775,64.0,3.0,1751.0,2.80036033038136,0.5681299183085771,0.08333862116185375,0.0493368700265252,1.7999999999999998
0.0,0.0,0.49744897959183676,0.5769944341372912,0.2166781594571671,0.1556361323155216,EthanolConcentration,3,20,19.6,10,186,hybrid GPF-nbrs/raw-walk (M calibrated),0.883,1.340412970864775,64.0,3.0,1751.0,2.6751996678480987,0.48997274736106555,0.11669154033006347,0.04925847457627119,1.7999999999999998
0.0,0.0,0.5,0.5291821273964132,0.22428698049194234,0.156323155216285,EthanolConcentration,3,20,19.6,10,186,hybrid GPF-nbrs/raw-walk (M=1),0.883,1.340412970864775,64.0,3.0,1751.0,4.079730836044525,0.7348447156457248,0.033555017205398496,0.04925847457627119,1.0
0.1643835616438356,0.3007411994002444,0.5429035250463822,0.6687925170068026,0.1753189143341815,0.07888040712468192,EthanolConcentration,4,5,5.0,39,157,none (raw-flat RF),0.883,0.2581286112369332,,,,,,,,
0.0,0.0,0.5,0.5331632653061223,0.19906891433418153,0.10665394402035624,EthanolConcentration,4,5,5.0,39,157,none,0.883,0.2581286112369332,64.0,3.0,1751.0,,,,,
0.14953271028037382,0.3174963904469074,0.47642238713667284,0.5847247990105132,0.211358481764207,0.11713740458015266,EthanolConcentration,4,5,5.0,39,157,SMOTE-raw,0.883,0.2581286112369332,64.0,3.0,1751.0,0.3581054629968756,0.04269491598547215,0.6947653238791183,,
0.0,0.0,0.47959183673469385,0.5801252319109462,0.1976972010178117,0.09786259541984733,EthanolConcentration,4,5,5.0,39,157,KNNOR-raw (M=1),0.883,0.2581286112369332,64.0,3.0,1751.0,1.9271781332303881,0.35675174918609176,0.17089987215380026,0.16086065573770492,
0.14432989690721648,0.30507965037608303,0.49180581323438466,0.5258580705009277,0.21561700593723493,0.1345674300254453,EthanolConcentration,4,5,5.0,39,157,chain-mean-GPF (PSSTO-style),0.883,0.2581286112369332,64.0,3.0,1751.0,0.4101417837653969,0.061769713691859685,0.6004272117402482,,
0.05194805194805195,0.1700340102034012,0.49219233147804575,0.5438311688311689,0.2036442748091603,0.10455470737913486,EthanolConcentration,4,5,5.0,39,157,KNNOR-GPF (M=1),0.883,0.2581286112369332,64.0,3.0,1751.0,1.0651878213889283,0.22060340440359538,0.20734106953381248,0.3361884368308351,1.0
0.1,0.23982058847557647,0.5047928262213977,0.5406617192331478,0.20390504664970316,0.110470737913486,EthanolConcentration,4,5,5.0,39,157,KNNOR-GPF (M=3/2),0.883,0.2581286112369332,64.0,3.0,1751.0,0.9147482881314843,0.16786815183233605,0.2890649133191455,0.313373253493014,1.5
0.11764705882352941,0.26522880753477807,0.5021645021645021,0.5659013605442178,0.20131882951653943,0.10231552162849873,EthanolConcentration,4,5,5.0,39,157,KNNOR-GPF (M calibrated),0.883,0.2581286112369332,64.0,3.0,1751.0,0.7025149134814956,0.11059206883816375,0.4100385134904824,0.3257261410788382,2.1999999999999997
0.04597701149425287,0.16542518445268828,0.46668212739641307,0.5471938775510203,0.20480004240882105,0.10986005089058525,EthanolConcentration,4,5,5.0,39,157,hybrid GPF-nbrs/raw-walk (M calibrated),0.883,0.2581286112369332,64.0,3.0,1751.0,0.6283195316789856,0.10195831050897586,0.5424285806245457,0.12911184210526316,2.1999999999999997
0.10256410256410256,0.24110649897219602,0.5098948670377241,0.5759508348794062,0.19602133163698046,0.09525445292620865,EthanolConcentration,4,5,5.0,39,157,hybrid GPF-nbrs/raw-walk (M=1),0.883,0.2581286112369332,64.0,3.0,1751.0,1.263833961593459,0.20235932290803715,0.26156783073671463,0.2453125,1.0
0.058823529411764705,0.17407765595569785,0.5151515151515151,0.7060142238713668,0.19612205258693807,0.14740458015267172,EthanolConcentration,4,10,9.8,20,176,none (raw-flat RF),0.883,0.5247268269253196,,,,,,,,
0.0,0.0,0.5,0.5328540507111935,0.2148486853265479,0.1711704834605598,EthanolConcentration,4,10,9.8,20,176,none,0.883,0.5247268269253196,64.0,3.0,1751.0,,,,,
0.10126582278481013,0.2404644032943352,0.5073438466295609,0.6008426097711812,0.2023258693808312,0.12613231552162849,EthanolConcentration,4,10,9.8,20,176,SMOTE-raw,0.883,0.5247268269253196,64.0,3.0,1751.0,0.7694123605536971,0.08035796666822159,0.6388328379432482,,
0.029850746268656716,0.12309149097933274,0.5075757575757576,0.5550788497217068,0.21440653095843937,0.1627735368956743,EthanolConcentration,4,10,9.8,20,176,KNNOR-raw (M=1),0.883,0.5247268269253196,64.0,3.0,1751.0,2.8874664148955604,0.3538886156290276,0.26989732770193414,0.07195421095666395,
0.05128205128205128,0.1695787643792285,0.4896413110698825,0.6070269016697588,0.20311764206955046,0.11503816793893128,EthanolConcentration,4,10,9.8,20,176,chain-mean-GPF (PSSTO-style),0.883,0.5247268269253196,64.0,3.0,1751.0,0.5102319023426913,0.06655921189374914,0.4959755600276924,,
0.0,0.0,0.49489795918367346,0.5628865182436611,0.21097790500424088,0.14533078880407121,EthanolConcentration,4,10,9.8,20,176,KNNOR-GPF (M=1),0.883,0.5247268269253196,64.0,3.0,1751.0,3.1383178470514848,0.4760905683167765,0.14402104485092385,0.1372854914196568,1.0
0.028985507246376812,0.12246186285554662,0.5024737167594311,0.5688775510204082,0.21431471586089906,0.17316793893129773,EthanolConcentration,4,10,9.8,20,176,KNNOR-GPF (M=3/2),0.883,0.5247268269253196,64.0,3.0,1751.0,2.6816066528261517,0.3561475879911541,0.2476055578263624,0.15547703180212014,1.5
0.0,0.0,0.4923469387755102,0.5795841063698205,0.20940089058524175,0.13484732824427484,EthanolConcentration,4,10,9.8,20,176,KNNOR-GPF (M calibrated),0.883,0.5247268269253196,64.0,3.0,1751.0,2.8417174909027123,0.35325960934229605,0.28392958333188495,0.13990461049284578,1.7999999999999998
0.056338028169014086,0.17274029179851752,0.5074984539270254,0.5688002473716759,0.2087419847328244,0.14585241730279896,EthanolConcentration,4,10,9.8,20,176,hybrid GPF-nbrs/raw-walk (M calibrated),0.883,0.5247268269253196,64.0,3.0,1751.0,4.106278436455537,0.23675365002719873,1.6336799600829441,0.049107142857142856,1.7999999999999998
0.057971014492753624,0.17363301243014206,0.5126004947433519,0.5866187384044528,0.20467035623409668,0.14606870229007635,EthanolConcentration,4,10,9.8,20,176,hybrid GPF-nbrs/raw-walk (M=1),0.883,0.5247268269253196,64.0,3.0,1751.0,2.012940458545409,0.2875487249496209,0.294169543895956,0.049107142857142856,1.0
0.058823529411764705,0.17407765595569785,0.5151515151515151,0.5163110698824984,0.22392917726887193,0.1649363867684478,EthanolConcentration,4,20,19.6,10,186,none (raw-flat RF),0.883,0.8543840157341283,,,,,,,,
0.0,0.0,0.5,0.5253555967841682,0.22439410517387617,0.17324427480916033,EthanolConcentration,4,20,19.6,10,186,none,0.883,0.8543840157341283,64.0,3.0,1751.0,,,,,
0.05714285714285714,0.173187227323788,0.5100494743351887,0.5678726035868894,0.20534902459711618,0.1483715012722646,EthanolConcentration,4,20,19.6,10,186,SMOTE-raw,0.883,0.8543840157341283,64.0,3.0,1751.0,0.9203112945647458,0.10224384486386495,0.5336995597762828,,
0.029850746268656716,0.12309149097933274,0.5075757575757576,0.5538806431663574,0.21865759117896524,0.18033078880407127,EthanolConcentration,4,20,19.6,10,186,KNNOR-raw (M=1),0.883,0.8543840157341283,64.0,3.0,1751.0,0.9695844140472243,0.07335040737265608,0.9563247782283155,0.0493368700265252,
0.05714285714285714,0.173187227323788,0.5100494743351887,0.6094233147804576,0.20297709923664123,0.1572010178117048,EthanolConcentration,4,20,19.6,10,186,chain-mean-GPF (PSSTO-style),0.883,0.8543840157341283,64.0,3.0,1751.0,1.0778377201587404,0.14795641878676224,0.37034278749501043,,
0.0,0.0,0.5,0.5592145949288807,0.2108360899067006,0.16418575063613233,EthanolConcentration,4,20,19.6,10,186,KNNOR-GPF (M=1),0.883,0.8543840157341283,64.0,3.0,1751.0,2.19482662389448,0.2724424403066178,0.27307302815763557,0.0493368700265252,1.0
0.0,0.0,0.5,0.5673314780457638,0.20917629346904157,0.159529262086514,EthanolConcentration,4,20,19.6,10,186,KNNOR-GPF (M=3/2),0.883,0.8543840157341283,64.0,3.0,1751.0,2.423588650350821,0.3045037037416055,0.30590763652405506,0.0493368700265252,1.5
0.05714285714285714,0.173187227323788,0.5100494743351887,0.5598330241187384,0.20864932145886345,0.1443384223918575,EthanolConcentration,4,20,19.6,10,186,KNNOR-GPF (M calibrated),0.883,0.8543840157341283,64.0,3.0,1751.0,2.5976248373059363,0.33409632746708406,0.3130470342407909,0.0493368700265252,1.7999999999999998
0.13157894736842105,0.27170753493282124,0.5251236858379715,0.5580550401978973,0.21335903307888038,0.14694656488549615,EthanolConcentration,4,20,19.6,10,186,hybrid GPF-nbrs/raw-walk (M calibrated),0.883,0.8543840157341283,64.0,3.0,1751.0,3.102703228666007,0.4962256885525552,0.14566030610107275,0.06458333333333334,1.7999999999999998
0.05714285714285714,0.173187227323788,0.5100494743351887,0.5660173160173161,0.21249885496183207,0.16085241730279898,EthanolConcentration,4,20,19.6,10,186,hybrid GPF-nbrs/raw-walk (M=1),0.883,0.8543840157341283,64.0,3.0,1751.0,3.2352049224941926,0.5986583113572826,0.09357995934881083,0.181640625,1.0
0.0,0.0,0.5,0.6921602787456447,0.20666115859449194,0.11492877492877493,HandMovementDirection,0,5,5.1,16,66,none (raw-flat RF),0.243,2.178497218266404,,,,,,,,
0.0,0.0,0.5,0.4993031358885017,0.23565014245014246,0.15561253561253566,HandMovementDirection,0,5,5.1,16,66,none,0.243,2.178497218266404,64.0,10.0,400.0,,,,,
0.0,0.0,0.4817073170731707,0.47003484320557487,0.23926239316239314,0.1660683760683761,HandMovementDirection,0,5,5.1,16,66,SMOTE-raw,0.243,2.178497218266404,64.0,10.0,400.0,2.855779879328786,0.20681695773641529,0.6674365050228507,,
0.0,0.0,0.4878048780487805,0.46811846689895464,0.23957882241215578,0.14515669515669513,HandMovementDirection,0,5,5.1,16,66,KNNOR-raw (M=1),0.243,2.178497218266404,64.0,10.0,400.0,7.280431619926599,0.4865284232883089,0.4597459194817432,0.3626373626373626,
0.05555555555555555,0.16903085094570333,0.5142857142857142,0.498780487804878,0.22683713200379868,0.1097150997150997,HandMovementDirection,0,5,5.1,16,66,chain-mean-GPF (PSSTO-style),0.243,2.178497218266404,64.0,10.0,400.0,2.793574234329686,0.2545479403745198,0.3982421580446755,,
0.0,0.0,0.4878048780487805,0.4984320557491289,0.22792867996201327,0.11250712250712254,HandMovementDirection,0,5,5.1,16,66,KNNOR-GPF (M=1),0.243,2.178497218266404,64.0,10.0,400.0,3.29945139507711,0.3390016721604873,0.260434211103433,0.88,1.0
0.0,0.0,0.4878048780487805,0.4965156794425088,0.23359487179487182,0.12945868945868946,HandMovementDirection,0,5,5.1,16,66,KNNOR-GPF (M=3/2),0.243,2.178497218266404,64.0,10.0,400.0,2.990195462262669,0.263926908636374,0.40294591655939027,0.7586206896551724,1.5
0.05128205128205128,0.16591001297143335,0.495993031358885,0.49372822299651575,0.2344421652421652,0.15868945868945866,HandMovementDirection,0,5,5.1,16,66,KNNOR-GPF (M calibrated),0.243,2.178497218266404,64.0,10.0,400.0,2.6897409467033064,0.21710920731573402,0.5265233198686406,0.7586206896551724,1.7999999999999998
0.10526315789473684,0.2375836548068046,0.5224738675958188,0.5087108013937283,0.22503314339981006,0.13678062678062677,HandMovementDirection,0,5,5.1,16,66,hybrid GPF-nbrs/raw-walk (M calibrated),0.243,2.178497218266404,64.0,10.0,400.0,3.53411688947644,0.1523322964922561,3.646283065486276,0.515625,1.7999999999999998
0.0,0.0,0.4878048780487805,0.47404181184668986,0.2381375118708452,0.17293447293447295,HandMovementDirection,0,5,5.1,16,66,hybrid GPF-nbrs/raw-walk (M=1),0.243,2.178497218266404,64.0,10.0,400.0,5.401893941139296,0.3932591599747668,0.42336274411022234,0.34375,1.0
0.0,0.0,0.5,0.7240418118466899,0.23226106362773025,0.1960968660968661,HandMovementDirection,0,10,10.2,8,74,none (raw-flat RF),0.243,4.537786411329462,,,,,,,,
0.0,0.0,0.5,0.5310104529616725,0.2592283000949667,0.2268945868945869,HandMovementDirection,0,10,10.2,8,74,none,0.243,4.537786411329462,64.0,10.0,400.0,,,,,
0.05555555555555555,0.16903085094570333,0.5142857142857142,0.5196864111498258,0.2358782526115859,0.17356125356125354,HandMovementDirection,0,10,10.2,8,74,SMOTE-raw,0.243,4.537786411329462,64.0,10.0,400.0,2.3307986791799298,0.15027044166011927,0.7140881573849469,,
0.0,0.0,0.5,0.4979094076655052,0.2493190883190883,0.19487179487179487,HandMovementDirection,0,10,10.2,8,74,KNNOR-raw (M=1),0.243,4.537786411329462,64.0,10.0,400.0,7.534487403915417,0.4746907439222714,0.2649437702402648,0.30327868852459017,
0.0,0.0,0.5,0.49634146341463414,0.2539531813865147,0.21381766381766382,HandMovementDirection,0,10,10.2,8,74,chain-mean-GPF (PSSTO-style),0.243,4.537786411329462,64.0,10.0,400.0,4.875364438401533,0.35257469320959756,0.2959570404952985,,
0.0,0.0,0.5,0.49529616724738673,0.2534443494776828,0.2098290598290598,HandMovementDirection,0,10,10.2,8,74,KNNOR-GPF (M=1),0.243,4.537786411329462,64.0,10.0,400.0,5.610425386219422,0.5181621406906101,0.1004437531175891,0.24183006535947713,1.0
0.0,0.0,0.5,0.4973867595818815,0.2530644824311491,0.21284900284900285,HandMovementDirection,0,10,10.2,8,74,KNNOR-GPF (M=3/2),0.243,4.537786411329462,64.0,10.0,400.0,5.348234141193018,0.44359873160408203,0.17506129213900154,0.2138728323699422,1.5
0.0,0.0,0.49390243902439024,0.46393728222996516,0.2546818613485281,0.211965811965812,HandMovementDirection,0,10,10.2,8,74,KNNOR-GPF (M calibrated),0.243,4.537786411329462,64.0,10.0,400.0,5.2261267197681285,0.38829527997631796,0.26219113642362185,0.2138728323699422,1.7999999999999998
0.1,0.23463219047769718,0.5102787456445993,0.5099303135888502,0.25879648622981954,0.21170940170940172,HandMovementDirection,0,10,10.2,8,74,hybrid GPF-nbrs/raw-walk (M calibrated),0.243,4.537786411329462,64.0,10.0,400.0,29.584452547693864,0.6286778507630534,6.914172038829491,0.3854166666666667,1.7999999999999998
0.0,0.0,0.5,0.5303135888501741,0.2555061728395062,0.2203988603988604,HandMovementDirection,0,10,10.2,8,74,hybrid GPF-nbrs/raw-walk (M=1),0.243,4.537786411329462,64.0,10.0,400.0,10.088534456714175,0.6602238750376128,0.0026374666945834504,0.048177083333333336,1.0
0.0,0.0,0.5,0.535191637630662,0.2703454890788224,0.25105413105413105,HandMovementDirection,0,20,20.5,4,78,none (raw-flat RF),0.243,6.903680341751533,,,,,,,,
0.0,0.0,0.5,0.41463414634146345,0.2760506172839507,0.23336182336182335,HandMovementDirection,0,20,20.5,4,78,none,0.243,6.903680341751533,64.0,10.0,400.0,,,,,
0.0,0.0,0.49390243902439024,0.4688153310104529,0.2724781576448243,0.23723646723646724,HandMovementDirection,0,20,20.5,4,78,SMOTE-raw,0.243,6.903680341751533,64.0,10.0,400.0,8.807593825628322,0.49568237618529293,0.5043795105635351,,
0.0,0.0,0.5,0.3789198606271777,0.27695574548907886,0.24381766381766384,HandMovementDirection,0,20,20.5,4,78,KNNOR-raw (M=1),0.243,6.903680341751533,64.0,10.0,400.0,15.077528124230797,0.8151407975168283,0.2284365779270523,0.5864661654135338,
0.0,0.0,0.49390243902439024,0.48397212543554013,0.27146391263057934,0.23216524216524217,HandMovementDirection,0,20,20.5,4,78,chain-mean-GPF (PSSTO-style),0.243,6.903680341751533,64.0,10.0,400.0,8.0651691850061,0.5336516775008167,0.21356015036776238,,
0.0,0.0,0.5,0.4947735191637631,0.2690223171889839,0.2425925925925926,HandMovementDirection,0,20,20.5,4,78,KNNOR-GPF (M=1),0.243,6.903680341751533,64.0,10.0,400.0,8.810962763569853,0.5955246767751087,0.17658182593648167,1.0,1.0
0.0,0.0,0.49390243902439024,0.44268292682926824,0.27018537511870844,0.2277492877492877,HandMovementDirection,0,20,20.5,4,78,KNNOR-GPF (M=3/2),0.243,6.903680341751533,64.0,10.0,400.0,8.669891862138675,0.554716529749435,0.23872343241539143,0.9285714285714286,1.5
0.0,0.0,0.49390243902439024,0.45121951219512196,0.2692734093067426,0.24156695156695157,HandMovementDirection,0,20,20.5,4,78,KNNOR-GPF (M calibrated),0.243,6.903680341751533,64.0,10.0,400.0,8.750768396015586,0.551158494240144,0.25503955474906975,0.9069767441860465,1.5999999999999999
0.0,0.0,0.5,0.4435540069686411,0.26716894586894585,0.20618233618233617,HandMovementDirection,0,20,20.5,4,78,hybrid GPF-nbrs/raw-walk (M calibrated),0.243,6.903680341751533,64.0,10.0,400.0,10.640058775469269,0.5586151695822397,0.5676260719244317,0.40625,1.5999999999999999
0.0,0.0,0.5,0.36898954703832754,0.27221177587844253,0.23658119658119658,HandMovementDirection,0,20,20.5,4,78,hybrid GPF-nbrs/raw-walk (M=1),0.243,6.903680341751533,64.0,10.0,400.0,11.196381162240838,0.5887035967922132,0.5783787450533793,0.609375,1.0
0.0,0.0,0.5,0.6371080139372822,0.2095693257359924,0.10145299145299144,HandMovementDirection,1,5,5.1,16,66,none (raw-flat RF),0.243,2.099431784958762,,,,,,,,
0.05555555555555555,0.16903085094570333,0.5142857142857142,0.4536585365853658,0.23918528015194684,0.17723646723646724,HandMovementDirection,1,5,5.1,16,66,none,0.243,2.099431784958762,64.0,10.0,400.0,,,,,
0.09302325581395349,0.2301340315422028,0.49198606271777007,0.4731707317073171,0.24222336182336182,0.1700854700854701,HandMovementDirection,1,5,5.1,16,66,SMOTE-raw,0.243,2.099431784958762,64.0,10.0,400.0,5.109109402947693,0.3201624205859873,0.6644653312678923,,
0.05128205128205128,0.16591001297143335,0.495993031358885,0.4419860627177701,0.24546125356125353,0.17905982905982906,HandMovementDirection,1,5,5.1,16,66,KNNOR-raw (M=1),0.243,2.099431784958762,64.0,10.0,400.0,13.87039191692674,0.7987557219359949,0.31519666966487886,0.5409836065573771,
0.05405405405405406,0.1679970134129754,0.5081881533101045,0.48693379790940766,0.2310576448243115,0.14971509971509972,HandMovementDirection,1,5,5.1,16,66,chain-mean-GPF (PSSTO-style),0.243,2.099431784958762,64.0,10.0,400.0,2.981207963606545,0.25928227668711556,0.4217142086308943,,
0.05555555555555555,0.16903085094570333,0.5142857142857142,0.49581881533101047,0.22771462488129154,0.11860398860398862,HandMovementDirection,1,5,5.1,16,66,KNNOR-GPF (M=1),0.243,2.099431784958762,64.0,10.0,400.0,3.421853411754146,0.354282764426666,0.2609062406140601,0.9295774647887324,1.0
0.05263157894736842,0.16695677422593644,0.5020905923344947,0.4761324041811847,0.23305137701804368,0.1354700854700855,HandMovementDirection,1,5,5.1,16,66,KNNOR-GPF (M=3/2),0.243,2.099431784958762,64.0,10.0,400.0,2.863721345682867,0.25517603247015586,0.4362065686328795,0.8918918918918919,1.5
0.05405405405405406,0.1679970134129754,0.5081881533101045,0.46045296167247385,0.23412678062678063,0.1264102564102564,HandMovementDirection,1,5,5.1,16,66,KNNOR-GPF (M calibrated),0.243,2.099431784958762,64.0,10.0,400.0,2.7381048643798263,0.22878308677478654,0.5177513013350654,0.868421052631579,1.7999999999999998
0.09090909090909091,0.22861497842960626,0.4858885017421603,0.46376306620209057,0.2375148148148148,0.15068376068376071,HandMovementDirection,1,5,5.1,16,66,hybrid GPF-nbrs/raw-walk (M calibrated),0.243,2.099431784958762,64.0,10.0,400.0,4.588857894271465,0.2785889021707604,1.197959334806328,0.515625,1.7999999999999998
0.0975609756097561,0.2331424472224312,0.5041811846689895,0.46062717770034844,0.24329411206077872,0.1896011396011396,HandMovementDirection,1,5,5.1,16,66,hybrid GPF-nbrs/raw-walk (M=1),0.243,2.099431784958762,64.0,10.0,400.0,11.750507177406332,0.6847690665891881,0.39800956410712784,0.515625,1.0
0.0,0.0,0.5,0.6297909407665505,0.23321785375118703,0.18233618233618232,HandMovementDirection,1,10,10.2,8,74,none (raw-flat RF),0.243,5.662491484120981,,,,,,,,
0.0,0.0,0.5,0.505574912891986,0.26276647673314335,0.22920227920227923,HandMovementDirection,1,10,10.2,8,74,none,0.243,5.662491484120981,64.0,10.0,400.0,,,,,
0.1,0.23463219047769718,0.5102787456445993,0.5341463414634147,0.22595232668566,0.13663817663817665,HandMovementDirection,1,10,10.2,8,74,SMOTE-raw,0.243,5.662491484120981,64.0,10.0,400.0,1.2576477789415534,0.09161363333477734,0.5876611401047436,,
0.0,0.0,0.5,0.5257839721254356,0.2316424501424502,0.1358119658119658,HandMovementDirection,1,10,10.2,8,74,KNNOR-raw (M=1),0.243,5.662491484120981,64.0,10.0,400.0,8.875923773661828,0.598590720805261,0.14147914210571946,0.37373737373737376,
0.05405405405405406,0.1679970134129754,0.5081881533101045,0.47996515679442503,0.25924387464387466,0.22307692307692303,HandMovementDirection,1,10,10.2,8,74,chain-mean-GPF (PSSTO-style),0.243,5.662491484120981,64.0,10.0,400.0,5.840307676724365,0.4212741417290127,0.27116035178852377,,
0.0,0.0,0.5,0.5013937282229965,0.2559106362773029,0.19752136752136748,HandMovementDirection,1,10,10.2,8,74,KNNOR-GPF (M=1),0.243,5.662491484120981,64.0,10.0,400.0,7.58153029398321,0.5645608540753064,0.19141854694755867,0.24503311258278146,1.0
0.0,0.0,0.49390243902439024,0.47717770034843204,0.25600712250712254,0.20618233618233617,HandMovementDirection,1,10,10.2,8,74,KNNOR-GPF (M=3/2),0.243,5.662491484120981,64.0,10.0,400.0,8.102007709095396,0.5468454415249899,0.2826889413479299,0.19576719576719576,1.5
0.05263157894736842,0.16695677422593644,0.5020905923344947,0.4972125435540069,0.2554697056030389,0.218005698005698,HandMovementDirection,1,10,10.2,8,74,KNNOR-GPF (M calibrated),0.243,5.662491484120981,64.0,10.0,400.0,9.273586886820642,0.5826222634374568,0.3497421348073212,0.21264367816091953,1.7999999999999998
0.05555555555555555,0.16903085094570333,0.5142857142857142,0.4770034843205575,0.26082146248812915,0.20917378917378918,HandMovementDirection,1,10,10.2,8,74,hybrid GPF-nbrs/raw-walk (M calibrated),0.243,5.662491484120981,64.0,10.0,400.0,30.759871808610054,0.6724330496351748,6.041813753879917,0.2890625,1.7999999999999998
0.0,0.0,0.5,0.5146341463414634,0.260253371320038,0.2214814814814815,HandMovementDirection,1,10,10.2,8,74,hybrid GPF-nbrs/raw-walk (M=1),0.243,5.662491484120981,64.0,10.0,400.0,6.875273177783026,0.34236763475114607,0.8198550604462794,0.048177083333333336,1.0
0.0,0.0,0.5,0.5986062717770035,0.25941937321937325,0.23726495726495728,HandMovementDirection,1,20,20.5,4,78,none (raw-flat RF),0.243,9.299753474359152,,,,,,,,
0.0,0.0,0.5,0.40052264808362364,0.2829641975308642,0.18715099715099717,HandMovementDirection,1,20,20.5,4,78,none,0.243,9.299753474359152,64.0,10.0,400.0,,,,,
0.0,0.0,0.49390243902439024,0.5081881533101045,0.2609833808167142,0.22179487179487173,HandMovementDirection,1,20,20.5,4,78,SMOTE-raw,0.243,9.299753474359152,64.0,10.0,400.0,2.391268107532605,0.15105464863409235,0.5225438946872851,,
0.0,0.0,0.5,0.5055749128919861,0.253024881291548,0.1921367521367522,HandMovementDirection,1,20,20.5,4,78,KNNOR-raw (M=1),0.243,9.299753474359152,64.0,10.0,400.0,10.421811139303992,0.6430347076810181,0.13816296729505398,0.5777777777777777,
0.0,0.0,0.49390243902439024,0.4322299651567944,0.28246923076923075,0.23433048433048434,HandMovementDirection,1,20,20.5,4,78,chain-mean-GPF (PSSTO-style),0.243,9.299753474359152,64.0,10.0,400.0,10.601110090747232,0.6265597502322939,0.22762947033942532,,
0.0,0.0,0.4878048780487805,0.4210801393728223,0.2805613485280152,0.23843304843304844,HandMovementDirection,1,20,20.5,4,78,KNNOR-GPF (M=1),0.243,9.299753474359152,64.0,10.0,400.0,12.227178277603928,0.7629200426818672,0.12818892767564444,0.7722772277227723,1.0
0.0,0.0,0.4878048780487805,0.41933797909407666,0.28071405508072167,0.19985754985754983,HandMovementDirection,1,20,20.5,4,78,KNNOR-GPF (M=3/2),0.243,9.299753474359152,64.0,10.0,400.0,12.250744298781411,0.7243165392282545,0.17535694741072183,0.7647058823529411,1.5
0.0,0.0,0.4878048780487805,0.4411149825783972,0.2803591642924977,0.21606837606837606,HandMovementDirection,1,20,20.5,4,78,KNNOR-GPF (M calibrated),0.243,9.299753474359152,64.0,10.0,400.0,12.405503368296705,0.7016782232313039,0.22665584511325765,0.7722772277227723,1.7999999999999998
0.0,0.0,0.49390243902439024,0.4094076655052265,0.2753855650522318,0.20478632478632477,HandMovementDirection,1,20,20.5,4,78,hybrid GPF-nbrs/raw-walk (M calibrated),0.243,9.299753474359152,64.0,10.0,400.0,52.02694897358853,0.7112414293448847,8.905249685146588,0.3046875,1.7999999999999998
0.0,0.0,0.5,0.4064459930313589,0.27710940170940174,0.1998860398860399,HandMovementDirection,1,20,20.5,4,78,hybrid GPF-nbrs/raw-walk (M=1),0.243,9.299753474359152,64.0,10.0,400.0,15.350579961859326,0.7103401092936614,0.46398902032038764,0.0609375,1.0
0.0,0.0,0.5,0.6125435540069687,0.21951690408357072,0.12886039886039888,HandMovementDirection,2,5,5.1,16,66,none (raw-flat RF),0.243,2.4944920566380766,,,,,,,,
0.0,0.0,0.5,0.5196864111498258,0.23963086419753085,0.16612535612535614,HandMovementDirection,2,5,5.1,16,66,none,0.243,2.4944920566380766,64.0,10.0,400.0,,,,,
0.0,0.0,0.4695121951219512,0.4717770034843206,0.24404605887939224,0.16071225071225076,HandMovementDirection,2,5,5.1,16,66,SMOTE-raw,0.243,2.4944920566380766,64.0,10.0,400.0,3.2109764058731685,0.22661657502989696,0.7153981285789047,,
0.05405405405405406,0.1679970134129754,0.5081881533101045,0.49337979094076656,0.24188974358974358,0.15735042735042737,HandMovementDirection,2,5,5.1,16,66,KNNOR-raw (M=1),0.243,2.4944920566380766,64.0,10.0,400.0,10.561207581066412,0.6310229457550088,0.38915992284067685,0.4230769230769231,
0.0,0.0,0.5,0.489198606271777,0.23573447293447297,0.14774928774928772,HandMovementDirection,2,5,5.1,16,66,chain-mean-GPF (PSSTO-style),0.243,2.4944920566380766,64.0,10.0,400.0,2.8378650948303985,0.23038170456311746,0.476400051074433,,
0.05263157894736842,0.16695677422593644,0.5020905923344947,0.49320557491289196,0.2393930674264007,0.19803418803418804,HandMovementDirection,2,5,5.1,16,66,KNNOR-GPF (M=1),0.243,2.4944920566380766,64.0,10.0,400.0,3.1996772922104952,0.3135889434033211,0.2855335773680909,0.9428571428571428,1.0
0.05263157894736842,0.16695677422593644,0.5020905923344947,0.49372822299651564,0.24145356125356124,0.173048433048433,HandMovementDirection,2,5,5.1,16,66,KNNOR-GPF (M=3/2),0.243,2.4944920566380766,64.0,10.0,400.0,2.793054717934787,0.23456333360148496,0.46123855749547277,0.9041095890410958,1.5
0.0,0.0,0.4817073170731707,0.4998257839721254,0.23736486229819567,0.1704273504273504,HandMovementDirection,2,5,5.1,16,66,KNNOR-GPF (M calibrated),0.243,2.4944920566380766,64.0,10.0,400.0,2.6288976755310784,0.20762415062642403,0.553776718392678,0.8461538461538461,1.7999999999999998
0.14634146341463414,0.28736457195093407,0.5245644599303135,0.5289198606271777,0.230556220322887,0.13957264957264956,HandMovementDirection,2,5,5.1,16,66,hybrid GPF-nbrs/raw-walk (M calibrated),0.243,2.4944920566380766,64.0,10.0,400.0,11.130893532773868,0.2764940421955312,7.740873375321376,0.34375,1.7999999999999998
0.1,0.23463219047769718,0.5102787456445993,0.5123693379790941,0.23709021842355177,0.1539031339031339,HandMovementDirection,2,5,5.1,16,66,hybrid GPF-nbrs/raw-walk (M=1),0.243,2.4944920566380766,64.0,10.0,400.0,3.446436601048795,0.24529539643370857,0.6162443503924502,0.057291666666666664,1.0
0.0,0.0,0.5,0.5749128919860627,0.2434188034188034,0.2034757834757835,HandMovementDirection,2,10,10.2,8,74,none (raw-flat RF),0.243,3.418728779050813,,,,,,,,
0.0,0.0,0.5,0.4752613240418118,0.25654928774928776,0.22615384615384615,HandMovementDirection,2,10,10.2,8,74,none,0.243,3.418728779050813,64.0,10.0,400.0,,,,,
0.10526315789473684,0.2375836548068046,0.5224738675958188,0.5064459930313588,0.24694843304843309,0.20601139601139598,HandMovementDirection,2,10,10.2,8,74,SMOTE-raw,0.243,3.418728779050813,64.0,10.0,400.0,4.007030996870437,0.2801099878320541,0.5610757081407888,,
0.05555555555555555,0.16903085094570333,0.5142857142857142,0.47020905923344947,0.2565167141500475,0.20829059829059832,HandMovementDirection,2,10,10.2,8,74,KNNOR-raw (M=1),0.243,3.418728779050813,64.0,10.0,400.0,9.434453934000965,0.6291428147488014,0.281979977900031,0.3915343915343915,
0.05555555555555555,0.16903085094570333,0.5142857142857142,0.5120209059233449,0.24321842355175688,0.17692307692307693,HandMovementDirection,2,10,10.2,8,74,chain-mean-GPF (PSSTO-style),0.243,3.418728779050813,64.0,10.0,400.0,3.881329902588522,0.3171583706726714,0.36294443022921585,,
0.05555555555555555,0.16903085094570333,0.5142857142857142,0.565156794425087,0.23895612535612534,0.1817663817663817,HandMovementDirection,2,10,10.2,8,74,KNNOR-GPF (M=1),0.243,3.418728779050813,64.0,10.0,400.0,5.028115226582649,0.46300751644663685,0.19677350456014,0.961038961038961,1.0
0.05555555555555555,0.16903085094570333,0.5142857142857142,0.5118466898954703,0.24237264957264956,0.19065527065527063,HandMovementDirection,2,10,10.2,8,74,KNNOR-GPF (M=3/2),0.243,3.418728779050813,64.0,10.0,400.0,4.788523542883551,0.39212680530056976,0.314933620509137,0.925,1.5
0.10810810810810811,0.23904572186687875,0.5285714285714286,0.5174216027874564,0.23790873694207026,0.17,HandMovementDirection,2,10,10.2,8,74,KNNOR-GPF (M calibrated),0.243,3.418728779050813,64.0,10.0,400.0,4.565541554555418,0.3519470728327412,0.40916473084885197,0.9024390243902439,1.7999999999999998
0.05405405405405406,0.1679970134129754,0.5081881533101045,0.46132404181184666,0.24105185185185182,0.19002849002849,HandMovementDirection,2,10,10.2,8,74,hybrid GPF-nbrs/raw-walk (M calibrated),0.243,3.418728779050813,64.0,10.0,400.0,13.401437799997,0.4051513705976103,4.950368078100089,0.3854166666666667,1.7999999999999998
0.05555555555555555,0.16903085094570333,0.5142857142857142,0.4818815331010453,0.25135109211775875,0.20321937321937325,HandMovementDirection,2,10,10.2,8,74,hybrid GPF-nbrs/raw-walk (M=1),0.243,3.418728779050813,64.0,10.0,400.0,6.1016640842957255,0.4306657929666714,0.41869751236869673,0.2890625,1.0
0.0,0.0,0.5,0.667595818815331,0.26119363722697053,0.2421937321937322,HandMovementDirection,2,20,20.5,4,78,none (raw-flat RF),0.243,7.928155715009543,,,,,,,,
0.0,0.0,0.5,0.48344947735191635,0.28172621082621085,0.24846153846153846,HandMovementDirection,2,20,20.5,4,78,none,0.243,7.928155715009543,64.0,10.0,400.0,,,,,
0.0,0.0,0.5,0.4879790940766551,0.27192953466286807,0.23982905982905983,HandMovementDirection,2,20,20.5,4,78,SMOTE-raw,0.243,7.928155715009543,64.0,10.0,400.0,4.0965661593212594,0.26791968373922437,0.35082628258326165,,
0.0,0.0,0.5,0.47421602787456446,0.27395631528964864,0.25196581196581197,HandMovementDirection,2,20,20.5,4,78,KNNOR-raw (M=1),0.243,7.928155715009543,64.0,10.0,400.0,9.552549797827718,0.6437470015157949,0.0997157691547926,0.4727272727272727,
0.0,0.0,0.5,0.47961672473867595,0.27093114909781574,0.23660968660968656,HandMovementDirection,2,20,20.5,4,78,chain-mean-GPF (PSSTO-style),0.243,7.928155715009543,64.0,10.0,400.0,8.179760910463346,0.49000546178572235,0.25802426449781096,,
0.0,0.0,0.5,0.4560975609756097,0.2677043684710351,0.2317094017094017,HandMovementDirection,2,20,20.5,4,78,KNNOR-GPF (M=1),0.243,7.928155715009543,64.0,10.0,400.0,9.673502025240607,0.6435449896715263,0.12442046790305354,0.5454545454545454,1.0
0.0,0.0,0.5,0.44512195121951215,0.2666044634377968,0.22544159544159548,HandMovementDirection,2,20,20.5,4,78,KNNOR-GPF (M=3/2),0.243,7.928155715009543,64.0,10.0,400.0,9.537147145950433,0.6104856498549698,0.1648013124213302,0.43575418994413406,1.5
0.0,0.0,0.5,0.45679442508710805,0.266522032288699,0.22743589743589743,HandMovementDirection,2,20,20.5,4,78,KNNOR-GPF (M calibrated),0.243,7.928155715009543,64.0,10.0,400.0,9.743371280314951,0.6317217403926608,0.14759368325186015,0.4406779661016949,1.4
0.0,0.0,0.49390243902439024,0.50801393728223,0.2730143399810066,0.24601139601139602,HandMovementDirection,2,20,20.5,4,78,hybrid GPF-nbrs/raw-walk (M calibrated),0.243,7.928155715009543,64.0,10.0,400.0,33.290821439034644,1.0082332763950506,0.9546130453609104,0.11079545454545454,1.4
0.0,0.0,0.5,0.4846689895470383,0.282764767331434,0.2588319088319089,HandMovementDirection,2,20,20.5,4,78,hybrid GPF-nbrs/raw-walk (M=1),0.243,7.928155715009543,64.0,10.0,400.0,25.93359588090202,1.2292848694008418,0.011463900004764022,0.046875,1.0
0.0,0.0,0.5,0.6439024390243903,0.21422374169040836,0.1148148148148148,HandMovementDirection,3,5,5.1,16,66,none (raw-flat RF),0.243,2.12580854213134,,,,,,,,
0.0,0.0,0.47560975609756095,0.5393728222996516,0.24895603038936376,0.2045868945868946,HandMovementDirection,3,5,5.1,16,66,none,0.243,2.12580854213134,64.0,10.0,400.0,,,,,
0.08695652173913043,0.22554618183284067,0.4736933797909408,0.5465156794425087,0.22999420702754034,0.11786324786324785,HandMovementDirection,3,5,5.1,16,66,SMOTE-raw,0.243,2.12580854213134,64.0,10.0,400.0,2.194891519015288,0.17202493322371426,0.4480288824155319,,
0.05128205128205128,0.16591001297143335,0.495993031358885,0.5918118466898954,0.22745726495726493,0.17866096866096864,HandMovementDirection,3,5,5.1,16,66,KNNOR-raw (M=1),0.243,2.12580854213134,64.0,10.0,400.0,5.452478263658348,0.46230200370128066,0.18351985374017998,0.4888888888888889,
0.0,0.0,0.4451219512195122,0.5350174216027875,0.23704757834757836,0.15962962962962965,HandMovementDirection,3,5,5.1,16,66,chain-mean-GPF (PSSTO-style),0.243,2.12580854213134,64.0,10.0,400.0,2.371508317145663,0.15832734708727947,0.5225961263747964,,
0.045454545454545456,0.16057388369668193,0.46550522648083625,0.5371080139372822,0.23753371320037983,0.1592022792022792,HandMovementDirection,3,5,5.1,16,66,KNNOR-GPF (M=1),0.243,2.12580854213134,64.0,10.0,400.0,2.3658185005684356,0.20064834295661937,0.3534873754042864,0.7586206896551724,1.0
0.0,0.0,0.43902439024390244,0.5534843205574913,0.23764444444444446,0.1750997150997151,HandMovementDirection,3,5,5.1,16,66,KNNOR-GPF (M=3/2),0.243,2.12580854213134,64.0,10.0,400.0,2.221324232836757,0.15078235580805976,0.5570453351867138,0.6666666666666666,1.5
0.08695652173913043,0.22554618183284067,0.4736933797909408,0.5597560975609757,0.23423580246913578,0.16264957264957267,HandMovementDirection,3,5,5.1,16,66,KNNOR-GPF (M calibrated),0.243,2.12580854213134,64.0,10.0,400.0,2.175181564867353,0.1448291976692554,0.5807775992862055,0.6875,1.5999999999999999
0.08163265306122448,0.2208630521496931,0.4554006968641115,0.5414634146341464,0.2437940170940171,0.16589743589743589,HandMovementDirection,3,5,5.1,16,66,hybrid GPF-nbrs/raw-walk (M calibrated),0.243,2.12580854213134,64.0,10.0,400.0,4.634404881090161,0.1707851618761117,3.0454459130639364,0.34375,1.5999999999999999
0.0425531914893617,0.15728533294044983,0.44721254355400697,0.5526132404181185,0.23662886989553655,0.1782905982905983,HandMovementDirection,3,5,5.1,16,66,hybrid GPF-nbrs/raw-walk (M=1),0.243,2.12580854213134,64.0,10.0,400.0,2.73275103697134,0.1824685356559178,0.5936052738098974,0.14732142857142858,1.0
0.0,0.0,0.5,0.5888501742160279,0.24067682811016144,0.19444444444444445,HandMovementDirection,3,10,10.2,8,74,none (raw-flat RF),0.243,3.3442160354558244,,,,,,,,
0.0,0.0,0.49390243902439024,0.5637630662020905,0.25462279202279203,0.21965811965811963,HandMovementDirection,3,10,10.2,8,74,none,0.243,3.3442160354558244,64.0,10.0,400.0,,,,,
0.0975609756097561,0.2331424472224312,0.5041811846689895,0.612369337979094,0.2233229819563153,0.1355270655270655,HandMovementDirection,3,10,10.2,8,74,SMOTE-raw,0.243,3.3442160354558244,64.0,10.0,400.0,2.870957607268526,0.21478672040364222,0.554283778707103,,
0.0,0.0,0.5,0.6006968641114983,0.23600446343779674,0.1734188034188034,HandMovementDirection,3,10,10.2,8,74,KNNOR-raw (M=1),0.243,3.3442160354558244,64.0,10.0,400.0,10.600165090152675,0.7567010973869694,0.12270015788304224,0.2144927536231884,
0.0,0.0,0.4878048780487805,0.6264808362369338,0.22598907882241215,0.16327635327635323,HandMovementDirection,3,10,10.2,8,74,chain-mean-GPF (PSSTO-style),0.243,3.3442160354558244,64.0,10.0,400.0,4.189781845946058,0.3170548196903301,0.3712909879313249,,
0.0,0.0,0.4817073170731707,0.6200348432055749,0.2265375118708452,0.17606837606837605,HandMovementDirection,3,10,10.2,8,74,KNNOR-GPF (M=1),0.243,3.3442160354558244,64.0,10.0,400.0,4.790665843568085,0.38438447578092183,0.2910801862394477,0.8222222222222222,1.0
0.0,0.0,0.4878048780487805,0.6290940766550522,0.22219563152896485,0.15481481481481482,HandMovementDirection,3,10,10.2,8,74,KNNOR-GPF (M=3/2),0.243,3.3442160354558244,64.0,10.0,400.0,4.849872158847933,0.33075234394033537,0.4663050715737511,0.6491228070175439,1.5
0.0,0.0,0.4817073170731707,0.6311846689895471,0.22056932573599236,0.16219373219373218,HandMovementDirection,3,10,10.2,8,74,KNNOR-GPF (M calibrated),0.243,3.3442160354558244,64.0,10.0,400.0,4.796315485407398,0.3233835129887571,0.4864977203228225,0.6379310344827587,1.5999999999999999
0.05,0.16485660541340785,0.48989547038327524,0.6106271777003485,0.23141566951566947,0.16162393162393165,HandMovementDirection,3,10,10.2,8,74,hybrid GPF-nbrs/raw-walk (M calibrated),0.243,3.3442160354558244,64.0,10.0,400.0,10.646144953657576,0.3456696938942756,3.681468032118612,0.3854166666666667,1.5999999999999999
0.14285714285714285,0.28554001653935684,0.5184668989547038,0.6322299651567944,0.22516438746438747,0.17387464387464388,HandMovementDirection,3,10,10.2,8,74,hybrid GPF-nbrs/raw-walk (M=1),0.243,3.3442160354558244,64.0,10.0,400.0,4.777576279051479,0.3104365558875557,0.5649952538212638,0.09635416666666667,1.0
0.0,0.0,0.5,0.6400696864111498,0.25882630579297244,0.23461538461538461,HandMovementDirection,3,20,20.5,4,78,none (raw-flat RF),0.243,7.451741557208653,,,,,,,,
0.0,0.0,0.5,0.4829268292682927,0.27485175688509017,0.24236467236467235,HandMovementDirection,3,20,20.5,4,78,none,0.243,7.451741557208653,64.0,10.0,400.0,,,,,
0.0,0.0,0.5,0.5155052264808363,0.26170607787274447,0.2205982905982906,HandMovementDirection,3,20,20.5,4,78,SMOTE-raw,0.243,7.451741557208653,64.0,10.0,400.0,6.492199510083001,0.40619233085247697,0.40092981071963546,,
0.0,0.0,0.5,0.48885017421602783,0.26768167141500476,0.21321937321937323,HandMovementDirection,3,20,20.5,4,78,KNNOR-raw (M=1),0.243,7.451741557208653,64.0,10.0,400.0,12.410456317716235,0.7765678469474275,0.11327757892355517,0.6141732283464567,
0.0,0.0,0.5,0.5029616724738676,0.2687773029439696,0.24527065527065525,HandMovementDirection,3,20,20.5,4,78,chain-mean-GPF (PSSTO-style),0.243,7.451741557208653,64.0,10.0,400.0,8.510547770250767,0.5480724095254657,0.26557700499986103,,
0.0,0.0,0.5,0.5013937282229964,0.26600588793922125,0.22980056980056981,HandMovementDirection,3,20,20.5,4,78,KNNOR-GPF (M=1),0.243,7.451741557208653,64.0,10.0,400.0,8.857791245142288,0.6397912947529822,0.12946984357067728,0.5777777777777777,1.0
0.0,0.0,0.5,0.49634146341463414,0.26700864197530866,0.22908831908831911,HandMovementDirection,3,20,20.5,4,78,KNNOR-GPF (M=3/2),0.243,7.451741557208653,64.0,10.0,400.0,7.9653506945229395,0.544544314763813,0.22553841332809504,0.5,1.5
0.0,0.0,0.5,0.4796167247386759,0.2671950617283951,0.22484330484330484,HandMovementDirection,3,20,20.5,4,78,KNNOR-GPF (M calibrated),0.243,7.451741557208653,64.0,10.0,400.0,7.688603138765988,0.50744108515275,0.28630636769439416,0.46153846153846156,1.7999999999999998
0.0,0.0,0.5,0.48048780487804876,0.2569823361823362,0.24535612535612536,HandMovementDirection,3,20,20.5,4,78,hybrid GPF-nbrs/raw-walk (M calibrated),0.243,7.451741557208653,64.0,10.0,400.0,25.64673639757158,0.4783768676838801,9.010128411968015,0.3046875,1.7999999999999998
0.0,0.0,0.5,0.5602787456445992,0.2597433048433049,0.23131054131054132,HandMovementDirection,3,20,20.5,4,78,hybrid GPF-nbrs/raw-walk (M=1),0.243,7.451741557208653,64.0,10.0,400.0,6.815728647830994,0.4253845051082157,0.4101960465022999,0.046875,1.0
0.0,0.0,0.5,0.6567944250871081,0.20853646723646724,0.10948717948717948,HandMovementDirection,4,5,5.1,16,66,none (raw-flat RF),0.243,3.3737879401632025,,,,,,,,
0.0,0.0,0.5,0.4132404181184669,0.2542017094017094,0.1989173789173789,HandMovementDirection,4,5,5.1,16,66,none,0.243,3.3737879401632025,64.0,10.0,400.0,,,,,
0.08888888888888889,0.22708576408676762,0.47979094076655054,0.3949477351916376,0.26819268755935427,0.21068376068376063,HandMovementDirection,4,5,5.1,16,66,SMOTE-raw,0.243,3.3737879401632025,64.0,10.0,400.0,6.269243600022987,0.3896367444881312,0.5855090362836203,,
0.04878048780487805,0.16379642332078842,0.4837979094076655,0.38641114982578395,0.2639793922127255,0.18401709401709404,HandMovementDirection,4,5,5.1,16,66,KNNOR-raw (M=1),0.243,3.3737879401632025,64.0,10.0,400.0,11.27244297763916,0.6708063230711054,0.3479956803324212,0.5945945945945946,
0.0,0.0,0.49390243902439024,0.38205574912891993,0.2554709401709402,0.20025641025641028,HandMovementDirection,4,5,5.1,16,66,chain-mean-GPF (PSSTO-style),0.243,3.3737879401632025,64.0,10.0,400.0,4.267166507767724,0.33500011378138606,0.39884338645580036,,
0.0,0.0,0.49390243902439024,0.41149825783972127,0.25371358024691354,0.2152706552706553,HandMovementDirection,4,5,5.1,16,66,KNNOR-GPF (M=1),0.243,3.3737879401632025,64.0,10.0,400.0,4.856480089554557,0.3893953291919123,0.3341383355781309,0.8048780487804879,1.0
0.0,0.0,0.4878048780487805,0.40087108013937284,0.2530217473884141,0.1915954415954416,HandMovementDirection,4,5,5.1,16,66,KNNOR-GPF (M=3/2),0.243,3.3737879401632025,64.0,10.0,400.0,4.558178432466862,0.32031666498657474,0.5283809459060868,0.825,1.5
0.0,0.0,0.49390243902439024,0.4087108013937282,0.25006438746438747,0.17874643874643875,HandMovementDirection,4,5,5.1,16,66,KNNOR-GPF (M calibrated),0.243,3.3737879401632025,64.0,10.0,400.0,4.553482629381852,0.3132043647899543,0.566503111662678,0.8354430379746836,1.5999999999999999
0.044444444444444446,0.1594852346447357,0.4594076655052265,0.43101045296167245,0.2565358974358974,0.16971509971509977,HandMovementDirection,4,5,5.1,16,66,hybrid GPF-nbrs/raw-walk (M calibrated),0.243,3.3737879401632025,64.0,10.0,400.0,4.444474005016588,0.2493531679426807,1.5442069559510547,0.34375,1.5999999999999999
0.047619047619047616,0.16272933428529043,0.4777003484320558,0.3994773519163763,0.26302602089268756,0.19584045584045584,HandMovementDirection,4,5,5.1,16,66,hybrid GPF-nbrs/raw-walk (M=1),0.243,3.3737879401632025,64.0,10.0,400.0,8.018977402175944,0.4853910806011141,0.5122444587415155,0.34375,1.0
0.0,0.0,0.5,0.6362369337979094,0.23741433998100667,0.19501424501424502,HandMovementDirection,4,10,10.2,8,74,none (raw-flat RF),0.243,4.404788009497153,,,,,,,,
0.0,0.0,0.5,0.4628919860627178,0.26432060778727445,0.2091737891737892,HandMovementDirection,4,10,10.2,8,74,none,0.243,4.404788009497153,64.0,10.0,400.0,,,,,
0.0,0.0,0.5,0.5350174216027874,0.24016134852801516,0.17284900284900284,HandMovementDirection,4,10,10.2,8,74,SMOTE-raw,0.243,4.404788009497153,64.0,10.0,400.0,4.528653346767456,0.32149053028848096,0.4721853678445933,,
0.0,0.0,0.5,0.5088850174216029,0.2545824311490978,0.21575498575498575,HandMovementDirection,4,10,10.2,8,74,KNNOR-raw (M=1),0.243,4.404788009497153,64.0,10.0,400.0,9.920844894002489,0.7065995621473049,0.13763417179564763,0.30962343096234307,
0.0,0.0,0.5,0.5062717770034844,0.25178993352326684,0.20666666666666667,HandMovementDirection,4,10,10.2,8,74,chain-mean-GPF (PSSTO-style),0.243,4.404788009497153,64.0,10.0,400.0,5.53872170607557,0.460026281494795,0.2488120930189331,,
0.0,0.0,0.5,0.5386759581881533,0.2486349477682811,0.19669515669515666,HandMovementDirection,4,10,10.2,8,74,KNNOR-GPF (M=1),0.243,4.404788009497153,64.0,10.0,400.0,5.619655164794956,0.500338294095338,0.18377413404207263,0.7474747474747475,1.0
0.0,0.0,0.5,0.5489547038327526,0.24711766381766384,0.1983760683760684,HandMovementDirection,4,10,10.2,8,74,KNNOR-GPF (M=3/2),0.243,4.404788009497153,64.0,10.0,400.0,5.375270274562666,0.4369478595044081,0.2791960116132843,0.5736434108527132,1.5
0.0,0.0,0.5,0.5513937282229964,0.2451471984805318,0.1841025641025641,HandMovementDirection,4,10,10.2,8,74,KNNOR-GPF (M calibrated),0.243,4.404788009497153,64.0,10.0,400.0,4.916040393986144,0.36704117651618084,0.4163807341100889,0.5967741935483871,1.7999999999999998
0.0,0.0,0.5,0.49146341463414633,0.25159563152896486,0.18347578347578347,HandMovementDirection,4,10,10.2,8,74,hybrid GPF-nbrs/raw-walk (M calibrated),0.243,4.404788009497153,64.0,10.0,400.0,12.941441297666,0.3603697782261335,4.9696087977321755,0.3854166666666667,1.7999999999999998
0.0,0.0,0.5,0.4888501742160279,0.25307882241215574,0.20364672364672362,HandMovementDirection,4,10,10.2,8,74,hybrid GPF-nbrs/raw-walk (M=1),0.243,4.404788009497153,64.0,10.0,400.0,6.974923487054028,0.5597368213113734,0.18576867153308382,0.06085526315789474,1.0
0.0,0.0,0.5,0.698432055749129,0.25018186134852805,0.22692307692307695,HandMovementDirection,4,20,20.5,4,78,none (raw-flat RF),0.243,8.095088685172497,,,,,,,,
0.0,0.0,0.5,0.49564459930313587,0.2764802469135802,0.2358119658119658,HandMovementDirection,4,20,20.5,4,78,none,0.243,8.095088685172497,64.0,10.0,400.0,,,,,
0.0,0.0,0.5,0.4506968641114983,0.2662801519468186,0.2039316239316239,HandMovementDirection,4,20,20.5,4,78,SMOTE-raw,0.243,8.095088685172497,64.0,10.0,400.0,19.053336569955505,0.7907960125630091,0.924709084427875,,
0.0,0.0,0.5,0.4996515679442508,0.27699762583095916,0.23433048433048437,HandMovementDirection,4,20,20.5,4,78,KNNOR-raw (M=1),0.243,8.095088685172497,64.0,10.0,400.0,35.18043925707923,1.1278540769535275,0.28656459675832585,0.609375,
0.0,0.0,0.5,0.4395470383275261,0.2664520417853751,0.23196581196581195,HandMovementDirection,4,20,20.5,4,78,chain-mean-GPF (PSSTO-style),0.243,8.095088685172497,64.0,10.0,400.0,9.544579968931211,0.6684578521892486,0.2130852066005061,,
0.0,0.0,0.5,0.4357142857142857,0.26767445394112066,0.25236467236467236,HandMovementDirection,4,20,20.5,4,78,KNNOR-GPF (M=1),0.243,8.095088685172497,64.0,10.0,400.0,9.601867678229505,0.683973594298448,0.19059636423281623,0.7647058823529411,1.0
0.05555555555555555,0.16903085094570333,0.5142857142857142,0.4212543554006969,0.2657189933523267,0.2225925925925926,HandMovementDirection,4,20,20.5,4,78,KNNOR-GPF (M=3/2),0.243,8.095088685172497,64.0,10.0,400.0,8.804114200464538,0.5894812125323188,0.34757256747422327,0.6902654867256637,1.5
0.05555555555555555,0.16903085094570333,0.5142857142857142,0.43066202090592337,0.26447986704653376,0.191937321937322,HandMovementDirection,4,20,20.5,4,78,KNNOR-GPF (M calibrated),0.243,8.095088685172497,64.0,10.0,400.0,8.744793822452744,0.5754394487996616,0.38688706544068574,0.6902654867256637,1.5999999999999999
0.0,0.0,0.49390243902439024,0.44895470383275266,0.26844406457739783,0.21042735042735047,HandMovementDirection,4,20,20.5,4,78,hybrid GPF-nbrs/raw-walk (M calibrated),0.243,8.095088685172497,64.0,10.0,400.0,18.49103669270609,0.7363377147473944,1.1782480362160173,0.40625,1.5999999999999999
0.0,0.0,0.5,0.45801393728222994,0.26753333333333335,0.21800569800569802,HandMovementDirection,4,20,20.5,4,78,hybrid GPF-nbrs/raw-walk (M=1),0.243,8.095088685172497,64.0,10.0,400.0,22.02218015408534,0.848574715891067,1.0450251587021429,0.609375,1.0
0.25806451612903225,0.3918183047042733,0.5758682246024018,0.9123255436546576,0.037096333333333335,0.014700000000000001,Handwriting,0,5,17.5,27,446,none (raw-flat RF),0.218,0.6223641922579013,,,,,,,,
0.07142857142857142,0.19590915235213666,0.5181759169100941,0.8965839013307367,0.03692437777777778,0.022779999999999998,Handwriting,0,5,17.5,27,446,none,0.218,0.6223641922579013,64.0,3.0,152.0,,,,,
0.5531914893617021,0.7011142427840125,0.7415611814345991,0.8973953261927945,0.037388199999999996,0.04255333333333334,Handwriting,0,5,17.5,27,446,SMOTE-raw,0.218,0.6223641922579013,64.0,3.0,152.0,1.1926343258004977,0.12430023675827384,0.6514441860618213,,
0.2777777777777778,0.43620996108817583,0.5908795845504706,0.8904576436222006,0.03954155555555555,0.03681333333333334,Handwriting,0,5,17.5,27,446,KNNOR-raw (M=1),0.218,0.6223641922579013,64.0,3.0,152.0,3.055602513052623,0.3140270034853925,0.32684410754078463,0.8814229249011858,
0.6190476190476191,0.7048655496177797,0.7468354430379747,0.8886725089256735,0.03455635555555556,0.038973333333333325,Handwriting,0,5,17.5,27,446,chain-mean-GPF (PSSTO-style),0.218,0.6223641922579013,64.0,3.0,152.0,0.973574769775718,0.13029920759924796,0.5680001365858593,,
0.47368421052631576,0.5864835880280795,0.6699123661148978,0.892810775722168,0.03622557777777778,0.025686666666666674,Handwriting,0,5,17.5,27,446,KNNOR-GPF (M=1),0.218,0.6223641922579013,64.0,3.0,152.0,1.7957391888640544,0.24946938591456896,0.35267727692514667,0.8228782287822878,1.0
0.5128205128205128,0.6182079828255304,0.689143135345667,0.8956101914962675,0.03621802222222222,0.03403333333333333,Handwriting,0,5,17.5,27,446,KNNOR-GPF (M=3/2),0.218,0.6223641922579013,64.0,3.0,152.0,1.693454701627246,0.2147337213499771,0.41535530598643955,0.7865961199294532,1.5
0.4878048780487805,0.6168940430131383,0.6870334307043168,0.8958130477117818,0.03700473333333333,0.037766666666666684,Handwriting,0,5,17.5,27,446,KNNOR-GPF (M calibrated),0.218,0.6223641922579013,64.0,3.0,152.0,1.6005890160439993,0.1921644961530034,0.4683270392872741,0.7663230240549829,1.7999999999999998
0.5217391304347826,0.6736087758207333,0.7223304122038299,0.8869279454722493,0.03869106666666667,0.04057333333333333,Handwriting,0,5,17.5,27,446,hybrid GPF-nbrs/raw-walk (M calibrated),0.218,0.6223641922579013,64.0,3.0,152.0,1.4346257617021667,0.10081095731568535,1.6869813248825387,0.46458333333333335,1.7999999999999998
0.4117647058823529,0.5183268966852181,0.6335605322947095,0.8948799091204154,0.033433199999999996,0.026586666666666665,Handwriting,0,5,17.5,27,446,hybrid GPF-nbrs/raw-walk (M=1),0.218,0.6223641922579013,64.0,3.0,152.0,3.3281511519038673,0.35834614044738056,0.31267544318179075,0.3318452380952381,1.0
0.13793103448275862,0.27705738024940857,0.5374066861408634,0.9029941577409932,0.036877688888888885,0.014106666666666658,Handwriting,0,10,17.5,27,446,none (raw-flat RF),0.218,0.6223641922578995,,,,,,,,
0.07407407407407407,0.19611613513818404,0.5192307692307693,0.8844530996429731,0.03724233333333333,0.025246666666666667,Handwriting,0,10,17.5,27,446,none,0.218,0.6223641922578995,64.0,3.0,152.0,,,,,
0.5106382978723404,0.6728856314621658,0.7212755598831548,0.8868873742291463,0.038159622222222224,0.044006666666666666,Handwriting,0,10,17.5,27,446,SMOTE-raw,0.218,0.6223641922578995,64.0,3.0,152.0,1.275775019677429,0.13200178760110398,0.629866948914463,,
0.29411764705882354,0.43713905683958926,0.5929892891918208,0.8788136968516715,0.039863,0.03588666666666668,Handwriting,0,10,17.5,27,446,KNNOR-raw (M=1),0.218,0.6223641922578995,64.0,3.0,152.0,3.0975213114697553,0.3168808312098597,0.32990251948896776,0.8849206349206349,
0.5853658536585366,0.6772129148466186,0.7276046738072055,0.9006004543979228,0.03424273333333333,0.03166,Handwriting,0,10,17.5,27,446,chain-mean-GPF (PSSTO-style),0.218,0.6223641922578995,64.0,3.0,152.0,1.0261727032901966,0.13295065713439658,0.5562082549438081,,
0.47368421052631576,0.5864835880280795,0.6699123661148978,0.8839662447257384,0.036645533333333334,0.030086666666666678,Handwriting,0,10,17.5,27,446,KNNOR-GPF (M=1),0.218,0.6223641922578995,64.0,3.0,152.0,1.8826044215620286,0.2579892884946754,0.3398526851210477,0.8415094339622642,1.0
0.5128205128205128,0.6182079828255304,0.689143135345667,0.8831142486205777,0.03570508888888889,0.03936666666666666,Handwriting,0,10,17.5,27,446,KNNOR-GPF (M=3/2),0.218,0.6223641922578995,64.0,3.0,152.0,1.7151042012838893,0.21738084642446037,0.4077072059647837,0.8109090909090909,1.5
0.5454545454545454,0.6750527405556144,0.7244401168451802,0.8802742616033755,0.036883511111111114,0.034626666666666674,Handwriting,0,10,17.5,27,446,KNNOR-GPF (M calibrated),0.218,0.6223641922578995,64.0,3.0,152.0,1.6042758540310693,0.1937215417226334,0.46077709664763083,0.7978533094812165,1.7999999999999998
0.4878048780487805,0.6168940430131383,0.6870334307043168,0.8894839337877313,0.03709935555555556,0.04341999999999999,Handwriting,0,10,17.5,27,446,hybrid GPF-nbrs/raw-walk (M calibrated),0.218,0.6223641922578995,64.0,3.0,152.0,1.4950863373551915,0.10160146188800412,1.6738285447590522,0.435546875,1.7999999999999998
0.3125,0.4380661820737404,0.5950989938331711,0.9028724440116846,0.03343935555555555,0.025313333333333344,Handwriting,0,10,17.5,27,446,hybrid GPF-nbrs/raw-walk (M=1),0.218,0.6223641922578995,64.0,3.0,152.0,3.373072716448771,0.3660237700942095,0.3087681838452275,0.3484375,1.0
0.13333333333333333,0.2767643527953949,0.5363518338201883,0.9243752028562154,0.037199111111111106,0.009253333333333336,Handwriting,0,20,19.7,24,449,none (raw-flat RF),0.218,0.7014665548536474,,,,,,,,
0.13793103448275862,0.27705738024940857,0.5374066861408634,0.8810045439792276,0.03793077777777778,0.012473333333333336,Handwriting,0,20,19.7,24,449,none,0.218,0.7014665548536474,64.0,3.0,152.0,,,,,
0.5217391304347826,0.6736087758207333,0.7223304122038299,0.889240506329114,0.03708595555555555,0.038946666666666664,Handwriting,0,20,19.7,24,449,SMOTE-raw,0.218,0.7014665548536474,64.0,3.0,152.0,1.3068505423080605,0.11356634938153931,0.6328069295300229,,
0.36363636363636365,0.4798774592039056,0.6143297630639403,0.8935410580980202,0.03640168888888889,0.03089333333333333,Handwriting,0,20,19.7,24,449,KNNOR-raw (M=1),0.218,0.7014665548536474,64.0,3.0,152.0,3.462012083583055,0.32714979725291177,0.302369059518455,0.8032200357781754,
0.5789473684210527,0.6497571513486092,0.7104836092177864,0.8959347614410905,0.03406328888888889,0.03272,Handwriting,0,20,19.7,24,449,chain-mean-GPF (PSSTO-style),0.218,0.7014665548536474,64.0,3.0,152.0,1.1450208448401114,0.12682048444082716,0.5400669142335442,,
0.5,0.5877274570564099,0.672022070756248,0.8986530347289841,0.03520462222222222,0.027466666666666664,Handwriting,0,20,19.7,24,449,KNNOR-GPF (M=1),0.218,0.7014665548536474,64.0,3.0,152.0,2.8134009427476254,0.3374353174585903,0.2786146311457558,0.6982892690513219,1.0
0.4444444444444444,0.5535287055907898,0.6517364492048037,0.8953667640376501,0.0354878,0.02780666666666667,Handwriting,0,20,19.7,24,449,KNNOR-GPF (M=3/2),0.218,0.7014665548536474,64.0,3.0,152.0,2.803893856163638,0.3068231241229017,0.33001294396405956,0.6414285714285715,1.5
0.42105263157894735,0.5523547303442986,0.6496267445634534,0.8959753326841935,0.036517622222222226,0.033206666666666676,Handwriting,0,20,19.7,24,449,KNNOR-GPF (M calibrated),0.218,0.7014665548536474,64.0,3.0,152.0,2.68082327584254,0.2830506290207011,0.37588794488145305,0.6315049226441631,1.7999999999999998
0.43902439024390244,0.5846128222154678,0.6667478091528725,0.897557611165206,0.037775333333333334,0.03462666666666667,Handwriting,0,20,19.7,24,449,hybrid GPF-nbrs/raw-walk (M calibrated),0.218,0.7014665548536474,64.0,3.0,152.0,2.3979958103584096,0.18499243496558326,1.1884146935095676,0.5396634615384616,1.7999999999999998
0.20689655172413793,0.3396831102433787,0.5576923076923077,0.9052255761116521,0.03449897777777778,0.024546666666666665,Handwriting,0,20,19.7,24,449,hybrid GPF-nbrs/raw-walk (M=1),0.218,0.7014665548536474,64.0,3.0,152.0,4.823671381706587,0.4280427079891724,0.15373288671374322,0.5011160714285714,1.0
0.3783783783783784,0.5075577886090405,0.6264583822723357,0.8885365280714118,0.03820811111111111,0.02904666666666666,Handwriting,1,5,18.2,26,448,none (raw-flat RF),0.218,0.9477429922252618,,,,,,,,
0.0,0.0,0.5,0.939159032182288,0.037108177777777786,0.030693333333333336,Handwriting,1,5,18.2,26,448,none,0.218,0.9477429922252618,64.0,3.0,152.0,,,,,
0.46511627906976744,0.6047083810708617,0.6788426904705974,0.9175867199123013,0.039377977777777774,0.056713333333333324,Handwriting,1,5,18.2,26,448,SMOTE-raw,0.218,0.9477429922252618,64.0,3.0,152.0,1.66273084796034,0.13367936541577508,0.628890151108318,,
0.43243243243243246,0.5431790292658172,0.6460339832432855,0.9205230600579438,0.0373198,0.04023333333333334,Handwriting,1,5,18.2,26,448,KNNOR-raw (M=1),0.218,0.9477429922252618,64.0,3.0,152.0,3.1582935326123014,0.29282137825450294,0.3816918158990298,0.9824561403508771,
0.35,0.505935330152125,0.6232871349150418,0.9227155273666902,0.039181266666666666,0.04946,Handwriting,1,5,18.2,26,448,chain-mean-GPF (PSSTO-style),0.218,0.9477429922252618,64.0,3.0,152.0,1.342193820609264,0.11894414724856539,0.589881871548246,,
0.3684210526315789,0.5070175459986694,0.6254012998199044,0.9386500665570433,0.03652011111111111,0.04499333333333334,Handwriting,1,5,18.2,26,448,KNNOR-GPF (M=1),0.218,0.9477429922252618,64.0,3.0,152.0,2.0374630069883857,0.2225475175170663,0.4019544408831318,0.7099841521394612,1.0
0.37209302325581395,0.5397082012048113,0.6396914885286978,0.94229112833764,0.037822133333333334,0.06007999999999999,Handwriting,1,5,18.2,26,448,KNNOR-GPF (M=3/2),0.218,0.9477429922252618,64.0,3.0,152.0,1.9279335956040704,0.18976571906835243,0.49933972964628864,0.6354609929078014,1.5
0.4090909090909091,0.5724469934008736,0.6582100070472163,0.9428392451648265,0.03810313333333333,0.06959333333333334,Handwriting,1,5,18.2,26,448,KNNOR-GPF (M calibrated),0.218,0.9477429922252618,64.0,3.0,152.0,1.7389580705588763,0.15947180809054445,0.5764038139357557,0.6418338108882522,1.7999999999999998
0.4782608695652174,0.6328639631592504,0.6952470440842534,0.9259650771278678,0.04060222222222223,0.055133333333333326,Handwriting,1,5,18.2,26,448,hybrid GPF-nbrs/raw-walk (M calibrated),0.218,0.9477429922252618,64.0,3.0,152.0,2.1522996098426326,0.15614209559725767,0.9623118256049161,0.4666666666666667,1.7999999999999998
0.3684210526315789,0.5070175459986694,0.6254012998199044,0.9237334586171795,0.03754282222222223,0.032380000000000006,Handwriting,1,5,18.2,26,448,hybrid GPF-nbrs/raw-walk (M=1),0.218,0.9477429922252618,64.0,3.0,152.0,3.872357967634116,0.3463546546627253,0.3223960599530457,0.5384615384615384,1.0
0.4444444444444444,0.5437553467003574,0.6470910656957168,0.8686085662829849,0.03814264444444444,0.022699999999999998,Handwriting,1,10,18.2,26,448,none (raw-flat RF),0.218,0.9477429922252618,,,,,,,,
0.06896551724137931,0.19224654647913247,0.5174614360660872,0.9433482107900713,0.03635995555555556,0.02786666666666667,Handwriting,1,10,18.2,26,448,none,0.218,0.9477429922252618,64.0,3.0,152.0,,,,,
0.42857142857142855,0.5736767413130919,0.6603241719520789,0.9111659227938298,0.03910048888888889,0.05385333333333332,Handwriting,1,10,18.2,26,448,SMOTE-raw,0.218,0.9477429922252618,64.0,3.0,152.0,1.6072569675029467,0.13036328171421163,0.647810530901112,,
0.3888888888888889,0.5080974567982859,0.627515464724767,0.9182131391433718,0.03854046666666667,0.03742,Handwriting,1,10,18.2,26,448,KNNOR-raw (M=1),0.218,0.9477429922252618,64.0,3.0,152.0,3.099422341011664,0.28748771862958994,0.3903683144202215,0.986784140969163,
0.3157894736842105,0.4689063340430669,0.6058256988489547,0.9289014172735103,0.03769555555555556,0.052506666666666674,Handwriting,1,10,18.2,26,448,chain-mean-GPF (PSSTO-style),0.218,0.9477429922252618,64.0,3.0,152.0,1.3266125430049485,0.11731285584307649,0.5935255547250936,,
0.3333333333333333,0.4699072024903575,0.6079398637538173,0.9455406780988176,0.036448911111111114,0.04671333333333334,Handwriting,1,10,18.2,26,448,KNNOR-GPF (M=1),0.218,0.9477429922252618,64.0,3.0,152.0,2.2132727936746885,0.23922001065499016,0.3844020680154127,0.6777609682299546,1.0
0.37209302325581395,0.5397082012048113,0.6396914885286978,0.9333255030929449,0.03890822222222222,0.04941333333333333,Handwriting,1,10,18.2,26,448,KNNOR-GPF (M=3/2),0.218,0.9477429922252618,64.0,3.0,152.0,1.8325219145845928,0.17966631558357227,0.5080065548772309,0.6436781609195402,1.5
0.4444444444444444,0.6034121129540461,0.6767285255657349,0.9483204134366925,0.03808297777777778,0.06702666666666668,Handwriting,1,10,18.2,26,448,KNNOR-GPF (M calibrated),0.218,0.9477429922252618,64.0,3.0,152.0,1.7936438494399436,0.16411867164905475,0.5691672780908709,0.6239554317548747,1.7999999999999998
0.4583333333333333,0.6315014987948876,0.6931328791793908,0.9288231148696265,0.0410086,0.05318,Handwriting,1,10,18.2,26,448,hybrid GPF-nbrs/raw-walk (M calibrated),0.218,0.9477429922252618,64.0,3.0,152.0,2.150149974665954,0.1593295973827939,0.8934834094119541,0.4666666666666667,1.7999999999999998
0.42105263157894735,0.5426020997039037,0.6449769007908543,0.9317203038133272,0.03738006666666666,0.03892666666666666,Handwriting,1,10,18.2,26,448,hybrid GPF-nbrs/raw-walk (M=1),0.218,0.9477429922252618,64.0,3.0,152.0,3.7647098311092755,0.3373118257040001,0.3282682043101942,0.5833333333333334,1.0
0.35294117647058826,0.47090594368612443,0.6100540286586797,0.8870096311956777,0.038263,0.025100000000000004,Handwriting,1,20,19.8,24,450,none (raw-flat RF),0.218,0.9012150458218979,,,,,,,,
0.0,0.0,0.5,0.9397071490094746,0.036434822222222225,0.026766666666666668,Handwriting,1,20,19.8,24,450,none,0.218,0.9012150458218979,64.0,3.0,152.0,,,,,
0.38095238095238093,0.540288220932868,0.6407485709811291,0.9017304831258319,0.04116371111111111,0.04136666666666667,Handwriting,1,20,19.8,24,450,SMOTE-raw,0.218,0.9012150458218979,64.0,3.0,152.0,1.4929767511743357,0.12804881960245273,0.6394485015785498,,
0.3888888888888889,0.5080974567982859,0.627515464724767,0.9171560566909404,0.038291044444444436,0.029526666666666663,Handwriting,1,20,19.8,24,450,KNNOR-raw (M=1),0.218,0.9012150458218979,64.0,3.0,152.0,2.8329587469160877,0.27190782655963447,0.41344260461738247,0.9761388286334056,
0.35,0.505935330152125,0.6232871349150418,0.9195834312113382,0.038299066666666666,0.04066666666666666,Handwriting,1,20,19.8,24,450,chain-mean-GPF (PSSTO-style),0.218,0.9012150458218979,64.0,3.0,152.0,1.2210588078853206,0.11537156129804249,0.5946819353802237,,
0.3157894736842105,0.4689063340430669,0.6058256988489547,0.9345000391512019,0.03694953333333333,0.03928666666666668,Handwriting,1,20,19.8,24,450,KNNOR-GPF (M=1),0.218,0.9012150458218979,64.0,3.0,152.0,2.2066977327707846,0.24051247922195923,0.4070999189236687,0.7666098807495741,1.0
0.45454545454545453,0.6040605947241587,0.6777856080181661,0.9409599874716154,0.03787926666666667,0.046726666666666666,Handwriting,1,20,19.8,24,450,KNNOR-GPF (M=3/2),0.218,0.9012150458218979,64.0,3.0,152.0,2.1853751293813026,0.2076224795904396,0.49335740876168066,0.7177033492822966,1.5
0.4090909090909091,0.5724469934008736,0.6582100070472163,0.9427217915590008,0.03811011111111111,0.056966666666666665,Handwriting,1,20,19.8,24,450,KNNOR-GPF (M calibrated),0.218,0.9012150458218979,64.0,3.0,152.0,2.0927907862024,0.1848093895063314,0.5448016839817452,0.7281553398058253,1.7999999999999998
0.5116279069767442,0.6349021776571556,0.6984182914415472,0.9476156918017383,0.03532853333333334,0.04728000000000001,Handwriting,1,20,19.8,24,450,hybrid GPF-nbrs/raw-walk (M calibrated),0.218,0.9012150458218979,64.0,3.0,152.0,2.278425405066889,0.1558582306835521,1.1138850732182022,0.5859375,1.7999999999999998
0.4,0.5086365523948044,0.6285725471771983,0.9381411009317986,0.0366258,0.03609999999999999,Handwriting,1,20,19.8,24,450,hybrid GPF-nbrs/raw-walk (M=1),0.218,0.9012150458218979,64.0,3.0,152.0,4.045681623973568,0.36367999188530664,0.3004583543786541,0.5859375,1.0
0.25806451612903225,0.3918183047042733,0.5758682246024018,0.9178838039597533,0.03440057777777778,0.025746666666666668,Handwriting,2,5,17.5,27,446,none (raw-flat RF),0.218,0.706329706845672,,,,,,,,
0.13793103448275862,0.27705738024940857,0.5374066861408634,0.941333982473223,0.03601393333333333,0.03234000000000001,Handwriting,2,5,17.5,27,446,none,0.218,0.706329706845672,64.0,3.0,152.0,,,,,
0.5263157894736842,0.7466249930411454,0.7715839013307367,0.9464459591041869,0.047257933333333335,0.10091333333333334,Handwriting,2,5,17.5,27,446,SMOTE-raw,0.218,0.706329706845672,64.0,3.0,152.0,0.951707076321787,0.0895302182693094,0.6070710029009633,,
0.2564102564102564,0.43481259510214426,0.5877150275884453,0.8995861733203505,0.047214955555555556,0.05975333333333333,Handwriting,2,5,17.5,27,446,KNNOR-raw (M=1),0.218,0.706329706845672,64.0,3.0,152.0,2.3185664753320534,0.2522183072274622,0.35219897097701164,0.8902195608782435,
0.22857142857142856,0.3901580501822797,0.5716488153197015,0.9462025316455697,0.03987806666666667,0.07299333333333333,Handwriting,2,5,17.5,27,446,chain-mean-GPF (PSSTO-style),0.218,0.706329706845672,64.0,3.0,152.0,0.8548305084556294,0.09273209768825041,0.5999465252159719,,
0.1935483870967742,0.3389657216701723,0.5555826030509575,0.95772476468679,0.03426877777777779,0.051539999999999996,Handwriting,2,5,17.5,27,446,KNNOR-GPF (M=1),0.218,0.706329706845672,64.0,3.0,152.0,3.109112861090697,0.37898802466113446,0.30436915428562666,0.37957446808510636,1.0
0.25,0.39140390130465946,0.5748133722817268,0.967948717948718,0.03262048888888889,0.06065333333333333,Handwriting,2,5,17.5,27,446,KNNOR-GPF (M=3/2),0.218,0.706329706845672,64.0,3.0,152.0,3.0060498134347267,0.3529805216872682,0.3572532856564289,0.325309992706054,1.5
0.4878048780487805,0.6168940430131383,0.6870334307043168,0.9606053229470951,0.03311597777777778,0.06247333333333332,Handwriting,2,5,17.5,27,446,KNNOR-GPF (M calibrated),0.218,0.706329706845672,64.0,3.0,152.0,2.5321093416401563,0.2954385881166275,0.4413227548817978,0.33110616184112845,1.7999999999999998
0.5581395348837209,0.6757735658977162,0.7254949691658552,0.9558179162609542,0.03687348888888889,0.07594000000000001,Handwriting,2,5,17.5,27,446,hybrid GPF-nbrs/raw-walk (M calibrated),0.218,0.706329706845672,64.0,3.0,152.0,3.7078721383438538,0.21061741714816573,1.6401183655680909,0.1883445945945946,1.7999999999999998
0.12903225806451613,0.27647101476618174,0.5352969814995131,0.9492453748782862,0.0366254888888889,0.04374,Handwriting,2,5,17.5,27,446,hybrid GPF-nbrs/raw-walk (M=1),0.218,0.706329706845672,64.0,3.0,152.0,2.2851112194450263,0.24154578122673065,0.47849695862523045,0.07743055555555556,1.0
0.25,0.39140390130465946,0.5748133722817268,0.9223060694579682,0.03454975555555555,0.026673333333333337,Handwriting,2,10,17.5,27,446,none (raw-flat RF),0.218,0.706329706845672,,,,,,,,
0.07142857142857142,0.19590915235213666,0.5181759169100941,0.9421454073352807,0.03617744444444444,0.03590000000000001,Handwriting,2,10,17.5,27,446,none,0.218,0.706329706845672,64.0,3.0,152.0,,,,,
0.5454545454545454,0.7482534028120845,0.7736936059720869,0.9561424862057774,0.04478671111111112,0.09818666666666669,Handwriting,2,10,17.5,27,446,SMOTE-raw,0.218,0.706329706845672,64.0,3.0,152.0,0.8973358815207533,0.08226353642268136,0.6025544524791332,,
0.2222222222222222,0.3897418814769785,0.5705939629990263,0.8991804608893217,0.045594888888888886,0.05354666666666666,Handwriting,2,10,17.5,27,446,KNNOR-raw (M=1),0.218,0.706329706845672,64.0,3.0,152.0,2.355136790464936,0.2588063739033262,0.3575835052071576,0.901010101010101,
0.23529411764705882,0.3905737754469204,0.5727036676403765,0.9475819539110679,0.040016333333333334,0.06578,Handwriting,2,10,17.5,27,446,chain-mean-GPF (PSSTO-style),0.218,0.706329706845672,64.0,3.0,152.0,0.7293033066989416,0.07472734053303165,0.5917648322164087,,
0.30303030303030304,0.43760286498791867,0.594044141512496,0.96320188250568,0.033444244444444444,0.04860666666666668,Handwriting,2,10,17.5,27,446,KNNOR-GPF (M=1),0.218,0.706329706845672,64.0,3.0,152.0,3.001384828500381,0.36604859106927773,0.3158395231539141,0.36467702371218313,1.0
0.23529411764705882,0.3905737754469204,0.5727036676403765,0.964297306069458,0.03359095555555556,0.05148666666666666,Handwriting,2,10,17.5,27,446,KNNOR-GPF (M=3/2),0.218,0.706329706845672,64.0,3.0,152.0,2.8386313470225364,0.3333383620589684,0.37659572412586356,0.3220216606498195,1.5
0.42105263157894735,0.5523547303442986,0.6496267445634534,0.9612138915936385,0.03383306666666667,0.05862666666666667,Handwriting,2,10,17.5,27,446,KNNOR-GPF (M calibrated),0.218,0.706329706845672,64.0,3.0,152.0,2.6687658005728334,0.3129548806237765,0.4054953950555433,0.3220216606498195,1.5999999999999999
0.4,0.5511782546095504,0.6475170399221033,0.9510710808179162,0.03629980000000001,0.06504666666666667,Handwriting,2,10,17.5,27,446,hybrid GPF-nbrs/raw-walk (M calibrated),0.218,0.706329706845672,64.0,3.0,152.0,2.5108507314235773,0.17916418935837297,1.0725127576291318,0.17421875,1.5999999999999999
0.13333333333333333,0.2767643527953949,0.5363518338201883,0.9512333657903277,0.036603977777777776,0.045406666666666665,Handwriting,2,10,17.5,27,446,hybrid GPF-nbrs/raw-walk (M=1),0.218,0.706329706845672,64.0,3.0,152.0,1.993550236178347,0.21019611932004756,0.4845828762708307,0.07110969387755102,1.0
0.25,0.39140390130465946,0.5748133722817268,0.9225089256734826,0.035993644444444445,0.029573333333333344,Handwriting,2,20,19.7,24,449,none (raw-flat RF),0.218,0.722347157394509,,,,,,,,
0.07407407407407407,0.19611613513818404,0.5192307692307693,0.9319620253164558,0.03695311111111111,0.029093333333333336,Handwriting,2,20,19.7,24,449,none,0.218,0.722347157394509,64.0,3.0,152.0,,,,,
0.6037735849056604,0.7753086726023376,0.7960889321648815,0.9555339175592341,0.043170466666666664,0.10040666666666669,Handwriting,2,20,19.7,24,449,SMOTE-raw,0.218,0.722347157394509,64.0,3.0,152.0,0.9443609040601437,0.07896970987334995,0.5800005906886553,,
0.125,0.2761773651721493,0.5342421291788381,0.9344774423888348,0.04064051111111111,0.048179999999999994,Handwriting,2,20,19.7,24,449,KNNOR-raw (M=1),0.218,0.722347157394509,64.0,3.0,152.0,2.618363198491263,0.2767184656824326,0.31240067454778986,0.8667953667953668,
0.125,0.2761773651721493,0.5342421291788381,0.9423076923076923,0.03974726666666666,0.06294,Handwriting,2,20,19.7,24,449,chain-mean-GPF (PSSTO-style),0.218,0.722347157394509,64.0,3.0,152.0,0.7227226703659184,0.07009885086670786,0.5919574203614469,,
0.13333333333333333,0.2767643527953949,0.5363518338201883,0.9499756572541382,0.03553393333333334,0.04972666666666667,Handwriting,2,20,19.7,24,449,KNNOR-GPF (M=1),0.218,0.722347157394509,64.0,3.0,152.0,2.506727811598509,0.33188058950611155,0.2827606050275556,0.38018628281117695,1.0
0.24242424242424243,0.3909890586853864,0.5737585199610515,0.9448636806231743,0.03594231111111111,0.04555999999999999,Handwriting,2,20,19.7,24,449,KNNOR-GPF (M=3/2),0.218,0.722347157394509,64.0,3.0,152.0,2.3652252114325485,0.2991685139509522,0.3296690873373761,0.366231647634584,1.5
0.3157894736842105,0.47733437050543803,0.6090555014605648,0.9401574164232392,0.03641124444444444,0.049506666666666664,Handwriting,2,20,19.7,24,449,KNNOR-GPF (M calibrated),0.218,0.722347157394509,64.0,3.0,152.0,2.2051488330573363,0.2790363616374884,0.3505354102674396,0.36653061224489797,1.5999999999999999
0.41025641025641024,0.5517668060368226,0.6485718922427783,0.9437276858162934,0.035294,0.05536,Handwriting,2,20,19.7,24,449,hybrid GPF-nbrs/raw-walk (M calibrated),0.218,0.722347157394509,64.0,3.0,152.0,2.267975540599922,0.14340077719230893,1.3251596759590105,0.1798878205128205,1.5999999999999999
0.25,0.39140390130465946,0.5748133722817268,0.951152223304122,0.034122177777777776,0.03796,Handwriting,2,20,19.7,24,449,hybrid GPF-nbrs/raw-walk (M=1),0.218,0.722347157394509,64.0,3.0,152.0,1.8166193963526673,0.1940114540386888,0.4344567584456964,0.08452560240963855,1.0
0.25806451612903225,0.3918183047042733,0.5758682246024018,0.9183300876338851,0.03460811111111112,0.025500000000000002,Handwriting,3,5,17.5,27,446,none (raw-flat RF),0.218,0.7410483859485186,,,,,,,,
0.2,0.3393246055416525,0.5566374553716326,0.869888023369036,0.03819857777777777,0.022426666666666664,Handwriting,3,5,17.5,27,446,none,0.218,0.7410483859485186,64.0,3.0,152.0,,,,,
0.27906976744186046,0.47477766025756674,0.6037812398571892,0.8573515092502435,0.05110037777777778,0.05892666666666666,Handwriting,3,5,17.5,27,446,SMOTE-raw,0.218,0.7410483859485186,64.0,3.0,152.0,1.375246228001167,0.12199851191209088,0.6239492163816504,,
0.2702702702702703,0.4357446703305951,0.5898247322297956,0.8240019474196689,0.04604133333333334,0.035813333333333336,Handwriting,3,5,17.5,27,446,KNNOR-raw (M=1),0.218,0.7410483859485186,64.0,3.0,152.0,3.3980565788886032,0.32667564458578136,0.3422169654087267,0.9780701754385965,
0.17142857142857143,0.3375263702778072,0.551363193768257,0.8747565725413826,0.045559244444444445,0.04273333333333334,Handwriting,3,5,17.5,27,446,chain-mean-GPF (PSSTO-style),0.218,0.7410483859485186,64.0,3.0,152.0,1.011605879477619,0.10675282858806512,0.5898065420296507,,
0.22857142857142856,0.3901580501822797,0.5716488153197015,0.8683057448880234,0.043154000000000005,0.032213333333333344,Handwriting,3,5,17.5,27,446,KNNOR-GPF (M=1),0.218,0.7410483859485186,64.0,3.0,152.0,1.914565893826854,0.24830976699552926,0.3308241580778564,0.7181964573268921,1.0
0.2564102564102564,0.43481259510214426,0.5877150275884453,0.8683868873742292,0.0434854,0.04326000000000001,Handwriting,3,5,17.5,27,446,KNNOR-GPF (M=3/2),0.218,0.7410483859485186,64.0,3.0,152.0,1.9399684733088982,0.2209623441322457,0.40929403963401856,0.6578171091445427,1.5
0.25,0.43434580742587164,0.5866601752677703,0.8699691658552419,0.04454639999999999,0.040920000000000005,Handwriting,3,5,17.5,27,446,KNNOR-GPF (M calibrated),0.218,0.7410483859485186,64.0,3.0,152.0,1.9334877266469768,0.20438530276846495,0.46332105836566,0.641726618705036,1.7999999999999998
0.4090909090909091,0.582736050687769,0.6635832521908471,0.8966650438169426,0.04175537777777778,0.05480000000000001,Handwriting,3,5,17.5,27,446,hybrid GPF-nbrs/raw-walk (M calibrated),0.218,0.7410483859485186,64.0,3.0,152.0,3.3177005724768467,0.14406112195274834,2.357834604886882,0.435546875,1.7999999999999998
0.22857142857142856,0.3901580501822797,0.5716488153197015,0.8424212917883804,0.041400733333333335,0.023340000000000007,Handwriting,3,5,17.5,27,446,hybrid GPF-nbrs/raw-walk (M=1),0.218,0.7410483859485186,64.0,3.0,152.0,2.8913528597372427,0.3040584754481616,0.3527481771841174,0.23229166666666667,1.0
0.25806451612903225,0.3918183047042733,0.5758682246024018,0.9264443362544629,0.034733844444444446,0.015606666666666665,Handwriting,3,10,17.5,27,446,none (raw-flat RF),0.218,0.7410483859485186,,,,,,,,
0.13793103448275862,0.27705738024940857,0.5374066861408634,0.8785702693930542,0.03807484444444444,0.019333333333333327,Handwriting,3,10,17.5,27,446,none,0.218,0.7410483859485186,64.0,3.0,152.0,,,,,
0.25,0.43434580742587164,0.5866601752677703,0.8586903602726388,0.051168599999999995,0.05868666666666667,Handwriting,3,10,17.5,27,446,SMOTE-raw,0.218,0.7410483859485186,64.0,3.0,152.0,1.3473258195278497,0.1221535836619001,0.634929936794886,,
0.2702702702702703,0.4357446703305951,0.5898247322297956,0.8144677052904901,0.046523088888888876,0.03806,Handwriting,3,10,17.5,27,446,KNNOR-raw (M=1),0.218,0.7410483859485186,64.0,3.0,152.0,3.3434826662995096,0.31866525130356,0.3554510144559557,0.975929978118162,
0.2222222222222222,0.3897418814769785,0.5705939629990263,0.8820188250567997,0.04422566666666667,0.045886666666666666,Handwriting,3,10,17.5,27,446,chain-mean-GPF (PSSTO-style),0.218,0.7410483859485186,64.0,3.0,152.0,0.9223978976053644,0.0955877682423274,0.6257458759417522,,
0.21621621621621623,0.38932526790897104,0.5695391106783512,0.853497241155469,0.04464115555555555,0.03174666666666666,Handwriting,3,10,17.5,27,446,KNNOR-GPF (M=1),0.218,0.7410483859485186,64.0,3.0,152.0,1.926589280676204,0.24967534220939375,0.3268200390695592,0.7533783783783784,1.0
0.2564102564102564,0.43481259510214426,0.5877150275884453,0.854957805907173,0.04552704444444444,0.047926666666666666,Handwriting,3,10,17.5,27,446,KNNOR-GPF (M=3/2),0.218,0.7410483859485186,64.0,3.0,152.0,1.937432562041101,0.22201813357502304,0.40283638613813405,0.6587887740029542,1.5
0.32558139534883723,0.5133719852079628,0.6240668614086335,0.8640051931191172,0.04588222222222223,0.051346666666666665,Handwriting,3,10,17.5,27,446,KNNOR-GPF (M calibrated),0.218,0.7410483859485186,64.0,3.0,152.0,1.9021062355330525,0.19390905432115896,0.49548078298338777,0.6389684813753582,2.0
0.45454545454545453,0.6149178690840936,0.6838688737422914,0.8949610516066213,0.04091513333333333,0.054700000000000006,Handwriting,3,10,17.5,27,446,hybrid GPF-nbrs/raw-walk (M calibrated),0.218,0.7410483859485186,64.0,3.0,152.0,4.453845457604729,0.14677226611326744,4.3221489338767185,0.4099264705882353,2.0
0.23529411764705882,0.3905737754469204,0.5727036676403765,0.8788948393378773,0.040645622222222226,0.02248666666666667,Handwriting,3,10,17.5,27,446,hybrid GPF-nbrs/raw-walk (M=1),0.218,0.7410483859485186,64.0,3.0,152.0,2.8607843970341165,0.2976675021908752,0.3574874752241851,0.2247983870967742,1.0
0.25806451612903225,0.3918183047042733,0.5758682246024018,0.932570593962999,0.03671308888888889,0.010939999999999998,Handwriting,3,20,19.7,24,449,none (raw-flat RF),0.218,0.7776237890348412,,,,,,,,
0.13793103448275862,0.27705738024940857,0.5374066861408634,0.8677783187276858,0.03896628888888888,0.019233333333333335,Handwriting,3,20,19.7,24,449,none,0.218,0.7776237890348412,64.0,3.0,152.0,,,,,
0.26666666666666666,0.4737511127640548,0.601671535215839,0.8479795520934762,0.05026235555555556,0.05705333333333331,Handwriting,3,20,19.7,24,449,SMOTE-raw,0.218,0.7776237890348412,64.0,3.0,152.0,1.5851439823722746,0.13959378850730453,0.6025338954781718,,
0.21052631578947367,0.38890820804859466,0.5684842583576761,0.807976306394028,0.049837400000000004,0.03355333333333334,Handwriting,3,20,19.7,24,449,KNNOR-raw (M=1),0.218,0.7776237890348412,64.0,3.0,152.0,3.786503409768187,0.3525164632916197,0.30198527963288035,0.9635193133047211,
0.1875,0.3386064574233093,0.5545277507302824,0.8725657254138266,0.04271102222222222,0.03265333333333333,Handwriting,3,20,19.7,24,449,chain-mean-GPF (PSSTO-style),0.218,0.7776237890348412,64.0,3.0,152.0,1.06771388040357,0.1118988139198468,0.5499560278888123,,
0.16666666666666666,0.3371655723443514,0.5503083414475819,0.8599480688088283,0.044218577777777775,0.033733333333333324,Handwriting,3,20,19.7,24,449,KNNOR-GPF (M=1),0.218,0.7776237890348412,64.0,3.0,152.0,1.9190500940042092,0.23520787900427126,0.32428646171855685,0.44367588932806323,1.0
0.21621621621621623,0.38932526790897104,0.5695391106783512,0.8567429406037002,0.044396955555555555,0.03839333333333332,Handwriting,3,20,19.7,24,449,KNNOR-GPF (M=3/2),0.218,0.7776237890348412,64.0,3.0,152.0,2.2947060537510424,0.2376052427394042,0.3769961229470122,0.35243328100470955,1.5
0.3,0.4763133332496094,0.6069457968192146,0.8627880558260304,0.044839888888888894,0.04644666666666666,Handwriting,3,20,19.7,24,449,KNNOR-GPF (M calibrated),0.218,0.7776237890348412,64.0,3.0,152.0,2.370065235914982,0.22501353347420788,0.44219990673806964,0.3430099312452254,1.7999999999999998
0.6086956521739131,0.7291402948817554,0.7629016553067186,0.8926484907497566,0.03903586666666667,0.06245333333333333,Handwriting,3,20,19.7,24,449,hybrid GPF-nbrs/raw-walk (M calibrated),0.218,0.7776237890348412,64.0,3.0,152.0,4.171500767626865,0.17481541363296893,2.3624593277538897,0.21259469696969696,1.7999999999999998
0.17647058823529413,0.3378867829488581,0.5524180460889322,0.8413258682246024,0.04452188888888889,0.020220000000000005,Handwriting,3,20,19.7,24,449,hybrid GPF-nbrs/raw-walk (M=1),0.218,0.7776237890348412,64.0,3.0,152.0,3.5019052434091407,0.3442904789761589,0.3260964053660224,0.04940580985915493,1.0
0.3888888888888889,0.5172299073143856,0.6314508276533592,0.9402791301525478,0.03347851111111111,0.02799333333333333,Handwriting,4,5,17.5,27,446,none (raw-flat RF),0.218,0.83981960790247,,,,,,,,
0.13333333333333333,0.2767643527953949,0.5363518338201883,0.8265985069782538,0.043324222222222215,0.018013333333333326,Handwriting,4,5,17.5,27,446,none,0.218,0.83981960790247,64.0,3.0,152.0,,,,,
0.36,0.5789642566826265,0.6572541382667965,0.841082440765985,0.0552544,0.08385333333333334,Handwriting,4,5,17.5,27,446,SMOTE-raw,0.218,0.83981960790247,64.0,3.0,152.0,0.7901545073571103,0.06590620017169269,0.6273769443763052,,
0.21052631578947367,0.38890820804859466,0.5684842583576761,0.8289922103213243,0.04751322222222223,0.05262000000000001,Handwriting,4,5,17.5,27,446,KNNOR-raw (M=1),0.218,0.83981960790247,64.0,3.0,152.0,2.6675201077363564,0.26628843862946583,0.3702217147559901,0.8779527559055118,
0.3157894736842105,0.47733437050543803,0.6090555014605648,0.8395407335280753,0.04605415555555555,0.05695333333333333,Handwriting,4,5,17.5,27,446,chain-mean-GPF (PSSTO-style),0.218,0.83981960790247,64.0,3.0,152.0,0.8927708506794154,0.06904648426478432,0.6288554543127441,,
0.125,0.2761773651721493,0.5342421291788381,0.8524829600778968,0.043781911111111106,0.05125333333333333,Handwriting,4,5,17.5,27,446,KNNOR-GPF (M=1),0.218,0.83981960790247,64.0,3.0,152.0,1.308589130089569,0.1606740377724114,0.3425316292050258,0.34307692307692306,1.0
0.17142857142857143,0.3375263702778072,0.551363193768257,0.8475738396624474,0.04575122222222223,0.04591333333333334,Handwriting,4,5,17.5,27,446,KNNOR-GPF (M=3/2),0.218,0.83981960790247,64.0,3.0,152.0,1.1631092252937112,0.11622916071954781,0.4362273039444365,0.2837150127226463,1.5
0.27906976744186046,0.47477766025756674,0.6037812398571892,0.8337390457643623,0.048184622222222216,0.06064,Handwriting,4,5,17.5,27,446,KNNOR-GPF (M calibrated),0.218,0.83981960790247,64.0,3.0,152.0,1.054057253463819,0.09552255592975545,0.5019012578650247,0.28498402555910546,1.7999999999999998
0.22727272727272727,0.43247361850674404,0.5824407659850698,0.8498052580331061,0.05037377777777778,0.062119999999999995,Handwriting,4,5,17.5,27,446,hybrid GPF-nbrs/raw-walk (M calibrated),0.218,0.83981960790247,64.0,3.0,152.0,4.5848551420310955,0.19882723459874074,2.4196778679305933,0.20496323529411764,1.7999999999999998
0.1875,0.3386064574233093,0.5545277507302824,0.8182408308990589,0.04446997777777778,0.028873333333333334,Handwriting,4,5,17.5,27,446,hybrid GPF-nbrs/raw-walk (M=1),0.218,0.83981960790247,64.0,3.0,152.0,1.89210072263168,0.18167857719131353,0.4656675567982499,0.05759297520661157,1.0
0.34285714285714286,0.478861844395152,0.6122200584225901,0.9304203180785459,0.03388717777777778,0.026153333333333337,Handwriting,4,10,17.5,27,446,none (raw-flat RF),0.218,0.8398196079024682,,,,,,,,
0.13333333333333333,0.2767643527953949,0.5363518338201883,0.8145894190197988,0.0432476,0.024146666666666667,Handwriting,4,10,17.5,27,446,none,0.218,0.8398196079024682,64.0,3.0,152.0,,,,,
0.4,0.6379739107582528,0.6925511197663097,0.8499675430055177,0.055014111111111104,0.08144666666666667,Handwriting,4,10,17.5,27,446,SMOTE-raw,0.218,0.8398196079024682,64.0,3.0,152.0,0.8881177147836379,0.07110591979885605,0.6755293115871264,,
0.21621621621621623,0.38932526790897104,0.5695391106783512,0.8220139565076273,0.049244133333333336,0.05456,Handwriting,4,10,17.5,27,446,KNNOR-raw (M=1),0.218,0.8398196079024682,64.0,3.0,152.0,2.6376721068038336,0.26515467259269565,0.3390541966465549,0.9233954451345756,
0.32432432432432434,0.47784407099288934,0.6101103537812399,0.8353618954884778,0.044553088888888884,0.05702000000000001,Handwriting,4,10,17.5,27,446,chain-mean-GPF (PSSTO-style),0.218,0.8398196079024682,64.0,3.0,152.0,0.9066461444803782,0.07244020984898802,0.6138236403968242,,
0.125,0.2761773651721493,0.5342421291788381,0.8426241480038948,0.04387211111111111,0.03586,Handwriting,4,10,17.5,27,446,KNNOR-GPF (M=1),0.218,0.8398196079024682,64.0,3.0,152.0,1.2093039408351327,0.14575780937380767,0.35789382712895823,0.3470817120622568,1.0
0.21621621621621623,0.38932526790897104,0.5695391106783512,0.849845829276209,0.04564611111111111,0.04683333333333334,Handwriting,4,10,17.5,27,446,KNNOR-GPF (M=3/2),0.218,0.8398196079024682,64.0,3.0,152.0,1.1594154747063676,0.1152024793273222,0.4352984070003947,0.2879276952872821,1.5
0.24390243902439024,0.4338785175569349,0.5856053229470951,0.8459509899383317,0.04870691111111111,0.05662,Handwriting,4,10,17.5,27,446,KNNOR-GPF (M calibrated),0.218,0.8398196079024682,64.0,3.0,152.0,0.9996959503997651,0.08949485602050844,0.5089464445850095,0.2857142857142857,1.7999999999999998
0.23255813953488372,0.43294242473491285,0.5834956183057449,0.8471275559883155,0.05136148888888888,0.06486,Handwriting,4,10,17.5,27,446,hybrid GPF-nbrs/raw-walk (M calibrated),0.218,0.8398196079024682,64.0,3.0,152.0,4.436304927360844,0.18629479042801722,2.509180451407749,0.20496323529411764,1.7999999999999998
0.1875,0.3386064574233093,0.5545277507302824,0.8085443037974684,0.045028711111111105,0.031799999999999995,Handwriting,4,10,17.5,27,446,hybrid GPF-nbrs/raw-walk (M=1),0.218,0.8398196079024682,64.0,3.0,152.0,1.8829829505343767,0.16683835377213252,0.4939479645759902,0.05162037037037037,1.0
0.20689655172413793,0.3396831102433787,0.5576923076923077,0.9407254138266797,0.033735244444444444,0.02692,Handwriting,4,20,19.7,24,449,none (raw-flat RF),0.218,1.026868957210251,,,,,,,,
0.13333333333333333,0.2767643527953949,0.5363518338201883,0.826192794547225,0.04234728888888889,0.01757333333333333,Handwriting,4,20,19.7,24,449,none,0.218,1.026868957210251,64.0,3.0,152.0,,,,,
0.3111111111111111,0.5122643852440689,0.6219571567672834,0.8268013631937683,0.05391373333333333,0.06833333333333333,Handwriting,4,20,19.7,24,449,SMOTE-raw,0.218,1.026868957210251,64.0,3.0,152.0,1.3305004544518688,0.10084987970291959,0.6183679651541143,,
0.2857142857142857,0.43667475606402617,0.5919344368711458,0.8120334307043168,0.046047533333333335,0.03868666666666667,Handwriting,4,20,19.7,24,449,KNNOR-raw (M=1),0.218,1.026868957210251,64.0,3.0,152.0,3.4572704566382004,0.30793472381137826,0.3263206586765735,0.9276859504132231,
0.2777777777777778,0.43620996108817583,0.5908795845504706,0.8329276209023044,0.047794644444444444,0.04727333333333334,Handwriting,4,20,19.7,24,449,chain-mean-GPF (PSSTO-style),0.218,1.026868957210251,64.0,3.0,152.0,1.2108956535663289,0.09432335824690297,0.5634005940703003,,
0.2,0.3880727436936569,0.5663745537163258,0.8468029860434924,0.04845548888888888,0.036140000000000005,Handwriting,4,20,19.7,24,449,KNNOR-GPF (M=1),0.218,1.026868957210251,64.0,3.0,152.0,1.70043231760374,0.16179711948759057,0.45004922659523955,0.34092634776006076,1.0
0.15,0.33571850312400825,0.5460889321648815,0.8471681272314184,0.04844762222222222,0.03920666666666667,Handwriting,4,20,19.7,24,449,KNNOR-GPF (M=3/2),0.218,1.026868957210251,64.0,3.0,152.0,1.7781280775670876,0.15048985738018983,0.5384725407646209,0.3502340093603744,1.5
0.23809523809523808,0.4334107238709889,0.58455047062642,0.8625040571243106,0.04690993333333333,0.038086666666666665,Handwriting,4,20,19.7,24,449,KNNOR-GPF (M calibrated),0.218,1.026868957210251,64.0,3.0,152.0,1.7894399193012838,0.1467477717546537,0.5609607405455873,0.34806201550387594,1.5999999999999999
0.34782608695652173,0.547633663151338,0.6411879259980526,0.8577572216812723,0.04859642222222221,0.06042000000000002,Handwriting,4,20,19.7,24,449,hybrid GPF-nbrs/raw-walk (M calibrated),0.218,1.026868957210251,64.0,3.0,152.0,2.346906684853886,0.12126776437746523,1.448520726204309,0.25983796296296297,1.5999999999999999
0.2631578947368421,0.43527888220138833,0.5887698799091204,0.8061911716975009,0.04839966666666667,0.02964666666666667,Handwriting,4,20,19.7,24,449,hybrid GPF-nbrs/raw-walk (M=1),0.218,1.026868957210251,64.0,3.0,152.0,1.982328758876669,0.1648429188195759,0.49439210686334006,0.12095905172413793,1.0
0.723404255319149,0.752772652709081,0.7833333333333333,0.977183908045977,0.03716729166666667,0.035375000000000004,JapaneseVowels,0,5,9.3,31,258,none (raw-flat RF),0.85,1.4784146253053088,,,,,,,,
0.3783783783783784,0.48304589153964794,0.6166666666666667,0.9283333333333333,0.05526975694444445,0.04153125,JapaneseVowels,0,5,9.3,31,258,none,0.85,1.4784146253053088,64.0,12.0,29.0,,,,,
0.6575342465753424,0.8646306765877277,0.8672413793103448,0.9444252873563218,0.0831971875,0.14778125,JapaneseVowels,0,5,9.3,31,258,SMOTE-raw,0.85,1.4784146253053088,64.0,12.0,29.0,1.6231986685407094,0.06481379513773133,0.5168113682197734,,
0.5797101449275363,0.7892962091300872,0.8005747126436782,0.9305172413793104,0.08737381944444444,0.15968749999999998,JapaneseVowels,0,5,9.3,31,258,KNNOR-raw (M=1),0.85,1.4784146253053088,64.0,12.0,29.0,2.64520379959788,0.13562944491281836,0.34170596372694056,1.0,
0.4,0.5146140167221416,0.6298850574712643,0.9221264367816092,0.057996701388888884,0.046281249999999996,JapaneseVowels,0,5,9.3,31,258,chain-mean-GPF (PSSTO-style),0.85,1.4784146253053088,64.0,12.0,29.0,1.6858648503598843,0.07636160185031371,0.4907161100470563,,
0.41025641025641024,0.5155066696336543,0.6316091954022989,0.9390804597701149,0.05428326388888889,0.03839583333333334,JapaneseVowels,0,5,9.3,31,258,KNNOR-GPF (M=1),0.85,1.4784146253053088,64.0,12.0,29.0,2.8832181225074294,0.20454625676870114,0.23410340791828257,0.06317335945151811,1.0
0.4,0.5146140167221416,0.6298850574712643,0.9400574712643678,0.05298649305555555,0.04557291666666668,JapaneseVowels,0,5,9.3,31,258,KNNOR-GPF (M=3/2),0.85,1.4784146253053088,64.0,12.0,29.0,3.128365963445379,0.1607646524857328,0.4093962725407544,0.08531746031746032,1.5
0.6222222222222222,0.6819512235228908,0.7316091954022989,0.9487931034482758,0.05088732638888889,0.06144791666666667,JapaneseVowels,0,5,9.3,31,258,KNNOR-GPF (M calibrated),0.85,1.4784146253053088,64.0,12.0,29.0,3.1963250251356605,0.14396769803641307,0.5925472590000601,0.1519434628975265,2.0
0.47058823529411764,0.6225642190943451,0.6844827586206896,0.9314367816091954,0.05625493055555555,0.040249999999999994,JapaneseVowels,0,5,9.3,31,258,hybrid GPF-nbrs/raw-walk (M calibrated),0.85,1.4784146253053088,64.0,12.0,29.0,12.250246942299526,0.22937220350214294,4.378677615594534,0.28794642857142855,2.0
0.3783783783783784,0.48304589153964794,0.6166666666666667,0.9358045977011494,0.05319048611111112,0.033229166666666664,JapaneseVowels,0,5,9.3,31,258,hybrid GPF-nbrs/raw-walk (M=1),0.85,1.4784146253053088,64.0,12.0,29.0,7.931005473608074,0.40267479590133215,0.27305344684917066,0.04916158536585366,1.0
0.723404255319149,0.752772652709081,0.7833333333333333,0.9779885057471264,0.03729152777777777,0.0385,JapaneseVowels,0,10,10.0,29,260,none (raw-flat RF),0.85,1.4117655812907905,,,,,,,,
0.3333333333333333,0.4472135954999579,0.6,0.9391379310344827,0.05488791666666667,0.03916666666666667,JapaneseVowels,0,10,10.0,29,260,none,0.85,1.4117655812907905,64.0,12.0,29.0,,,,,
0.6,0.8533908026625114,0.8551724137931035,0.9458620689655173,0.08660256944444444,0.15166666666666667,JapaneseVowels,0,10,10.0,29,260,SMOTE-raw,0.85,1.4117655812907905,64.0,12.0,29.0,1.3552767667885135,0.060116876428147004,0.5246134795583031,,
0.4722222222222222,0.7195943940540553,0.7402298850574713,0.914080459770115,0.09844274305555556,0.17246875,JapaneseVowels,0,10,10.0,29,260,KNNOR-raw (M=1),0.85,1.4117655812907905,64.0,12.0,29.0,3.521821188048243,0.20151076071407448,0.2681261180034786,1.0,
0.3902439024390244,0.513719812716048,0.6281609195402299,0.9321839080459771,0.05717243055555556,0.0405,JapaneseVowels,0,10,10.0,29,260,chain-mean-GPF (PSSTO-style),0.85,1.4117655812907905,64.0,12.0,29.0,1.7016070811796666,0.07855760558409053,0.51458222189651,,
0.2777777777777778,0.4075438062625765,0.5816091954022988,0.9272988505747126,0.05779079861111112,0.029218750000000005,JapaneseVowels,0,10,10.0,29,260,KNNOR-GPF (M=1),0.85,1.4117655812907905,64.0,12.0,29.0,6.611436365723769,0.2963310317767945,0.3871901832216713,0.11893870082342177,1.0
0.4,0.5146140167221416,0.6298850574712643,0.9260344827586208,0.057829270833333335,0.029406249999999995,JapaneseVowels,0,10,10.0,29,260,KNNOR-GPF (M=3/2),0.85,1.4117655812907905,64.0,12.0,29.0,7.667196532990943,0.2804629392300618,0.6295847036509507,0.10420841683366733,1.5
0.5217391304347826,0.6280786245532399,0.693103448275862,0.9342528735632184,0.05660034722222222,0.04627083333333333,JapaneseVowels,0,10,10.0,29,260,KNNOR-GPF (M calibrated),0.85,1.4117655812907905,64.0,12.0,29.0,5.522392660562428,0.18662695792835182,0.9137259505828944,0.14656144306651633,2.0
0.5217391304347826,0.6280786245532399,0.693103448275862,0.9313218390804597,0.05588291666666667,0.0415,JapaneseVowels,0,10,10.0,29,260,hybrid GPF-nbrs/raw-walk (M calibrated),0.85,1.4117655812907905,64.0,12.0,29.0,15.579061014883912,0.23586668029652713,6.74171817964478,0.22569444444444445,2.0
0.3333333333333333,0.4472135954999579,0.6,0.9312068965517242,0.05749847222222222,0.04735416666666667,JapaneseVowels,0,10,10.0,29,260,hybrid GPF-nbrs/raw-walk (M=1),0.85,1.4117655812907905,64.0,12.0,29.0,14.046785800998364,0.6122704173186511,0.3246681663233937,0.04894578313253012,1.0
0.18181818181818182,0.31622776601683794,0.55,0.9454597701149425,0.058420104166666674,0.03503124999999999,JapaneseVowels,0,20,20.6,14,275,none (raw-flat RF),0.85,3.2425115867752936,,,,,,,,
0.23529411764705882,0.3651483716701107,0.5666666666666667,0.7951724137931034,0.0735421875,0.03876041666666667,JapaneseVowels,0,20,20.6,14,275,none,0.85,3.2425115867752936,64.0,12.0,29.0,,,,,
0.39344262295081966,0.6113862146370949,0.6672413793103449,0.8405747126436782,0.09054000000000001,0.11141666666666666,JapaneseVowels,0,20,20.6,14,275,SMOTE-raw,0.85,3.2425115867752936,64.0,12.0,29.0,1.4249992470603097,0.047864143665721004,0.5013217023743448,,
0.3103448275862069,0.5294759933993296,0.6172413793103448,0.8374137931034482,0.08925371527777778,0.10290625000000003,JapaneseVowels,0,20,20.6,14,275,KNNOR-raw (M=1),0.85,3.2425115867752936,64.0,12.0,29.0,1.5809318193647748,0.05767658427263345,0.44702657687232644,1.0,
0.12121212121212122,0.25775333481682716,0.5316091954022989,0.8578735632183908,0.07047940972222222,0.02255208333333333,JapaneseVowels,0,20,20.6,14,275,chain-mean-GPF (PSSTO-style),0.85,3.2425115867752936,64.0,12.0,29.0,2.2951024667643445,0.077379761602692,0.4469928433934631,,
0.125,0.2581988897471611,0.5333333333333333,0.8335632183908046,0.07299027777777778,0.036812500000000005,JapaneseVowels,0,20,20.6,14,275,KNNOR-GPF (M=1),0.85,3.2425115867752936,64.0,12.0,29.0,8.061689000926656,0.534636354215115,0.0075010553164163345,0.04954954954954955,1.0
0.125,0.2581988897471611,0.5333333333333333,0.8386206896551724,0.07292621527777779,0.03453125,JapaneseVowels,0,20,20.6,14,275,KNNOR-GPF (M=3/2),0.85,3.2425115867752936,64.0,12.0,29.0,6.966161073570511,0.529953594856386,0.039901235209321886,0.04954954954954955,1.5
0.23529411764705882,0.3651483716701107,0.5666666666666667,0.8417241379310345,0.07196354166666667,0.038375000000000006,JapaneseVowels,0,20,20.6,14,275,KNNOR-GPF (M calibrated),0.85,3.2425115867752936,64.0,12.0,29.0,5.22722811204385,0.3440802790798496,0.17275019337534564,0.058299766800932795,2.1999999999999997
0.2777777777777778,0.4075438062625765,0.5816091954022988,0.8302873563218391,0.07119315972222222,0.04396875,JapaneseVowels,0,20,20.6,14,275,hybrid GPF-nbrs/raw-walk (M calibrated),0.85,3.2425115867752936,64.0,12.0,29.0,45.44869037744178,0.5084828872157748,6.149083946626629,0.16526442307692307,2.1999999999999997
0.06451612903225806,0.18257418583505536,0.5166666666666667,0.8212068965517242,0.07435197916666667,0.04734375000000001,JapaneseVowels,0,20,20.6,14,275,hybrid GPF-nbrs/raw-walk (M=1),0.85,3.2425115867752936,64.0,12.0,29.0,2.9063520273952896,0.06959910797235791,0.8842822407854876,0.049389367816091954,1.0
0.76,0.7828813612588127,0.8064516129032258,0.9994419019979908,0.02585322916666667,0.06519791666666667,JapaneseVowels,1,5,9.7,30,260,none (raw-flat RF),0.85,1.4431668858491307,,,,,,,,
0.34146341463414637,0.47271814012629637,0.6077129143877664,0.8561223350820404,0.06516590277777777,0.022312500000000006,JapaneseVowels,1,5,9.7,30,260,none,0.85,1.4431668858491307,64.0,12.0,29.0,,,,,
0.4375,0.7578145182479802,0.7625851099453064,0.8795066413662239,0.108443125,0.16397916666666662,JapaneseVowels,1,5,9.7,30,260,SMOTE-raw,0.85,1.4431668858491307,64.0,12.0,29.0,1.3008541733585517,0.0620506145016122,0.5827869665659876,,
0.3655913978494624,0.6804396391060658,0.69633887710682,0.832682218997656,0.12211642361111111,0.18067708333333332,JapaneseVowels,1,5,9.7,30,260,KNNOR-raw (M=1),0.85,1.4431668858491307,64.0,12.0,29.0,2.6577574763882197,0.14389285439953375,0.33267052629632377,0.9885931558935361,
0.5,0.638550233159371,0.6958365889050118,0.8785020649626074,0.067825625,0.03293750000000001,JapaneseVowels,1,5,9.7,30,260,chain-mean-GPF (PSSTO-style),0.85,1.4431668858491307,64.0,12.0,29.0,1.4839305546833828,0.085295028579917,0.47783712099378023,,
0.391304347826087,0.5331933253740734,0.6347806674852104,0.8725304163411095,0.06743802083333333,0.02442708333333333,JapaneseVowels,1,5,9.7,30,260,KNNOR-GPF (M=1),0.85,1.4431668858491307,64.0,12.0,29.0,3.573533564274431,0.2942650737628899,0.13583401196184972,0.05840071877807727,1.0
0.40816326530612246,0.5600456027227996,0.6474494921308181,0.8754325259515572,0.06802055555555556,0.02779166666666666,JapaneseVowels,1,5,9.7,30,260,KNNOR-GPF (M=3/2),0.85,1.4431668858491307,64.0,12.0,29.0,3.3917714464021884,0.2356757777238424,0.1786693929919992,0.04984662576687116,1.5
0.45454545454545453,0.6711073592364982,0.7073334077464003,0.868958589128251,0.07482847222222222,0.05343750000000001,JapaneseVowels,1,5,9.7,30,260,KNNOR-GPF (M calibrated),0.85,1.4431668858491307,64.0,12.0,29.0,2.0900753790203304,0.0951002164184096,0.5598284256775229,0.125,2.1999999999999997
0.576271186440678,0.726301749618608,0.7551624065185847,0.8647170443129815,0.06490381944444444,0.04602083333333334,JapaneseVowels,1,5,9.7,30,260,hybrid GPF-nbrs/raw-walk (M calibrated),0.85,1.4431668858491307,64.0,12.0,29.0,18.027258566950657,0.25786991448281626,7.201614270333991,0.3693181818181818,2.1999999999999997
0.25,0.3988206747055731,0.5737247460654091,0.8572943408862597,0.06645472222222222,0.03239583333333334,JapaneseVowels,1,5,9.7,30,260,hybrid GPF-nbrs/raw-walk (M=1),0.85,1.4431668858491307,64.0,12.0,29.0,13.393987569729632,0.5412087878258622,3.180473919678627e-33,0.04894578313253012,1.0
0.76,0.7828813612588127,0.8064516129032258,0.999330282397589,0.024845104166666666,0.06315625,JapaneseVowels,1,10,10.0,29,261,none (raw-flat RF),0.85,1.4538140344299926,,,,,,,,
0.2926829268292683,0.43688615987134477,0.5898537783234736,0.8621497935037391,0.06515538194444444,0.013135416666666672,JapaneseVowels,1,10,10.0,29,261,none,0.85,1.4538140344299926,64.0,12.0,29.0,,,,,
0.5747126436781609,0.8484965660459723,0.8495925884585334,0.9075231610670834,0.09326559027777778,0.14857291666666667,JapaneseVowels,1,10,10.0,29,261,SMOTE-raw,0.85,1.4538140344299926,64.0,12.0,29.0,1.3354041859231032,0.06384858023414097,0.5228786266066849,,
0.5348837209302325,0.8122705571268852,0.8156044201361758,0.8850876213863155,0.0958492361111111,0.1473125,JapaneseVowels,1,10,10.0,29,261,KNNOR-raw (M=1),0.85,1.4538140344299926,64.0,12.0,29.0,2.701124875609114,0.14654140993462172,0.30528049111455463,0.9886363636363636,
0.40816326530612246,0.5600456027227996,0.6474494921308181,0.8852550507869181,0.06567166666666666,0.027624999999999997,JapaneseVowels,1,10,10.0,29,261,chain-mean-GPF (PSSTO-style),0.85,1.4538140344299926,64.0,12.0,29.0,1.3348975639730156,0.06980445858748163,0.49371380699274753,,
0.375,0.5313059094497533,0.6313204598727536,0.8958589128250921,0.06573447916666667,0.03759375,JapaneseVowels,1,10,10.0,29,261,KNNOR-GPF (M=1),0.85,1.4538140344299926,64.0,12.0,29.0,2.6878436030502684,0.23141528057515642,0.1505482488720556,0.04952561669829222,1.0
0.4,0.5590481921311664,0.6457193883245897,0.8894407858019868,0.06878357638888888,0.029885416666666664,JapaneseVowels,1,10,10.0,29,261,KNNOR-GPF (M=3/2),0.85,1.4538140344299926,64.0,12.0,29.0,2.3445674277783546,0.17631048831664609,0.20403887329201809,0.04952561669829222,1.5
0.5230769230769231,0.7184212081070996,0.7447817836812144,0.8908918406072106,0.07255739583333334,0.06001041666666666,JapaneseVowels,1,10,10.0,29,261,KNNOR-GPF (M calibrated),0.85,1.4538140344299926,64.0,12.0,29.0,1.3260765489893913,0.062398186421810276,0.4610297238427288,0.1131830008673027,2.1999999999999997
0.5614035087719298,0.7058823529411764,0.7407634780667485,0.8920638464114299,0.06373031250000001,0.04032291666666668,JapaneseVowels,1,10,10.0,29,261,hybrid GPF-nbrs/raw-walk (M calibrated),0.85,1.4538140344299926,64.0,12.0,29.0,18.555839861103557,0.27353872948446456,7.3573169342781775,0.33984375,2.1999999999999997
0.37209302325581395,0.5044726840138856,0.6221118428396026,0.8930126130148454,0.06419013888888889,0.02610416666666667,JapaneseVowels,1,10,10.0,29,261,hybrid GPF-nbrs/raw-walk (M=1),0.85,1.4538140344299926,64.0,12.0,29.0,1.5439931158321905,0.046409752066344234,0.9901591532892451,0.049134036144578314,1.0
0.3684210526315789,0.4751909633114914,0.6129032258064516,0.9880567027570041,0.04548472222222222,0.0575625,JapaneseVowels,1,20,20.7,14,276,none (raw-flat RF),0.85,3.2893146730993976,,,,,,,,
0.0625,0.1796053020267749,0.5161290322580645,0.8669494363210181,0.06966354166666666,0.04208333333333334,JapaneseVowels,1,20,20.7,14,276,none,0.85,3.2893146730993976,64.0,12.0,29.0,,,,,
0.4057971014492754,0.6435127951259333,0.6842839602634222,0.8633217993079585,0.08377135416666667,0.07534375000000001,JapaneseVowels,1,20,20.7,14,276,SMOTE-raw,0.85,3.2893146730993976,64.0,12.0,29.0,1.663071489433186,0.07006611902074866,0.5002219156766867,,
0.4266666666666667,0.6827323423407188,0.7096216095546377,0.8572943408862597,0.09172006944444445,0.10900000000000001,JapaneseVowels,1,20,20.7,14,276,KNNOR-raw (M=1),0.85,3.2893146730993976,64.0,12.0,29.0,1.9066540678838066,0.1053356029599084,0.29066439016590295,0.989247311827957,
0.16666666666666666,0.3100072191836444,0.5449268891617368,0.8780555865610001,0.06894170138888889,0.030031250000000006,JapaneseVowels,1,20,20.7,14,276,chain-mean-GPF (PSSTO-style),0.85,3.2893146730993976,64.0,12.0,29.0,2.9847263355390687,0.13186758350899142,0.4704568580464498,,
0.15789473684210525,0.308925166251578,0.54146668154928,0.8791717825650184,0.07072708333333334,0.04870833333333334,JapaneseVowels,1,20,20.7,14,276,KNNOR-GPF (M=1),0.85,3.2893146730993976,64.0,12.0,29.0,5.851833087591391,0.44236542344395147,0.07842822240227865,0.04955116696588869,1.0
0.1111111111111111,0.25267847440937086,0.5270677530974439,0.8697399263310637,0.06952343750000001,0.03673958333333333,JapaneseVowels,1,20,20.7,14,276,KNNOR-GPF (M=3/2),0.85,3.2893146730993976,64.0,12.0,29.0,5.822080353381576,0.38085717627825855,0.11412293253812851,0.04955116696588869,1.5
0.3111111111111111,0.4694007788587632,0.6007924991628529,0.86036387989731,0.07032236111111112,0.02389583333333333,JapaneseVowels,1,20,20.7,14,276,KNNOR-GPF (M calibrated),0.85,3.2893146730993976,64.0,12.0,29.0,4.710243256817389,0.222775134610801,0.29835017930041097,0.14595452141723955,2.4
0.34146341463414637,0.47271814012629637,0.6077129143877664,0.8769952003571827,0.06507378472222222,0.02828125,JapaneseVowels,1,20,20.7,14,276,hybrid GPF-nbrs/raw-walk (M calibrated),0.85,3.2893146730993976,64.0,12.0,29.0,43.74758804815035,0.3536754653285087,14.553314034581216,0.43125,2.4
0.17142857142857143,0.3105468318099246,0.5466569929679651,0.8795066413662239,0.07276555555555556,0.049729166666666665,JapaneseVowels,1,20,20.7,14,276,hybrid GPF-nbrs/raw-walk (M=1),0.85,3.2893146730993976,64.0,12.0,29.0,3.7040406231661684,0.09829439889648295,0.9791755865738442,0.049005681818181816,1.0
0.8888888888888888,0.8944271909999159,0.9,0.999080459770115,0.019794444444444444,0.06058333333333333,JapaneseVowels,2,5,9.3,31,258,none (raw-flat RF),0.85,1.6422067464708512,,,,,,,,
0.17142857142857143,0.3151354388633341,0.5465517241379311,0.881264367816092,0.061550694444444456,0.03937499999999999,JapaneseVowels,2,5,9.3,31,258,none,0.85,1.6422067464708512,64.0,12.0,29.0,,,,,
0.55,0.8139586817721056,0.8183908045977011,0.9263218390804598,0.0840351736111111,0.13651041666666666,JapaneseVowels,2,5,9.3,31,258,SMOTE-raw,0.85,1.6422067464708512,64.0,12.0,29.0,0.9838914553189255,0.04991057216623407,0.4646827014346229,,
0.5789473684210527,0.8201485707851471,0.825287356321839,0.9237931034482758,0.09165194444444444,0.17704166666666665,JapaneseVowels,2,5,9.3,31,258,KNNOR-raw (M=1),0.85,1.6422067464708512,64.0,12.0,29.0,2.046843265899657,0.12008910643208492,0.3515230144241663,1.0,
0.3181818181818182,0.47718041601189726,0.6045977011494252,0.8978735632183908,0.061611909722222226,0.024468749999999997,JapaneseVowels,2,5,9.3,31,258,chain-mean-GPF (PSSTO-style),0.85,1.6422067464708512,64.0,12.0,29.0,1.3713395141291045,0.06578245535145455,0.5164981819167414,,
0.358974358974359,0.48137733425145235,0.6132183908045977,0.9139655172413794,0.05795684027777779,0.02803125000000001,JapaneseVowels,2,5,9.3,31,258,KNNOR-GPF (M=1),0.85,1.6422067464708512,64.0,12.0,29.0,3.381275551026281,0.3025227719617347,0.15230679575575043,0.17188540972684876,1.0
0.358974358974359,0.48137733425145235,0.6132183908045977,0.9224712643678161,0.05525545138888889,0.027364583333333335,JapaneseVowels,2,5,9.3,31,258,KNNOR-GPF (M=3/2),0.85,1.6422067464708512,64.0,12.0,29.0,3.6883296387133058,0.27518370096810374,0.21143644989697025,0.1219281663516068,1.5
0.5306122448979592,0.6514351971546779,0.7063218390804598,0.9243103448275862,0.05463152777777778,0.04016666666666668,JapaneseVowels,2,5,9.3,31,258,KNNOR-GPF (M calibrated),0.85,1.6422067464708512,64.0,12.0,29.0,2.4847238004907624,0.1337323905712885,0.48010285612092746,0.15230224321133412,2.1999999999999997
0.5,0.6258786926641892,0.6896551724137931,0.9104597701149425,0.05803190972222222,0.030822916666666672,JapaneseVowels,2,5,9.3,31,258,hybrid GPF-nbrs/raw-walk (M calibrated),0.85,1.6422067464708512,64.0,12.0,29.0,21.9230238553658,0.3131729656172485,9.647356871446453,0.403125,2.1999999999999997
0.17142857142857143,0.3151354388633341,0.5465517241379311,0.905,0.05944600694444445,0.022635416666666675,JapaneseVowels,2,5,9.3,31,258,hybrid GPF-nbrs/raw-walk (M=1),0.85,1.6422067464708512,64.0,12.0,29.0,6.597561069217164,0.3607390240597266,0.2503091392857199,0.04916158536585366,1.0
0.8888888888888888,0.8944271909999159,0.9,0.998735632183908,0.01945118055555556,0.05808333333333333,JapaneseVowels,2,10,10.0,29,260,none (raw-flat RF),0.85,1.9231195905944105,,,,,,,,
0.11428571428571428,0.256859906358024,0.5281609195402299,0.8856896551724138,0.062456388888888895,0.02570833333333334,JapaneseVowels,2,10,10.0,29,260,none,0.85,1.9231195905944105,64.0,12.0,29.0,,,,,
0.5333333333333333,0.7805097067294234,0.7902298850574713,0.9111494252873563,0.08723795138888887,0.13934375,JapaneseVowels,2,10,10.0,29,260,SMOTE-raw,0.85,1.9231195905944105,64.0,12.0,29.0,1.2685480611273192,0.062404140884851245,0.47723623043491326,,
0.5205479452054794,0.7621807792314662,0.775287356321839,0.9088505747126436,0.09179854166666668,0.15620833333333337,JapaneseVowels,2,10,10.0,29,260,KNNOR-raw (M=1),0.85,1.9231195905944105,64.0,12.0,29.0,2.2154707569248586,0.12928379616036667,0.36978900252233105,1.0,
0.36363636363636365,0.5110278126358255,0.6229885057471264,0.8931609195402299,0.06260878472222223,0.025156249999999998,JapaneseVowels,2,10,10.0,29,260,chain-mean-GPF (PSSTO-style),0.85,1.9231195905944105,64.0,12.0,29.0,1.6339966083603628,0.07867422677340696,0.47123873128795,,
0.3902439024390244,0.513719812716048,0.6281609195402299,0.915919540229885,0.05765774305555556,0.03388541666666667,JapaneseVowels,2,10,10.0,29,260,KNNOR-GPF (M=1),0.85,1.9231195905944105,64.0,12.0,29.0,3.6051632146980808,0.286673211382793,0.1773105472863097,0.25365853658536586,1.0
0.35,0.48054088299528175,0.6114942528735632,0.9280459770114943,0.053888993055555556,0.03230208333333332,JapaneseVowels,2,10,10.0,29,260,KNNOR-GPF (M=3/2),0.85,1.9231195905944105,64.0,12.0,29.0,3.671936183704034,0.25202652747336957,0.23988776320685418,0.21259198691741618,1.5
0.56,0.6760262526358526,0.7229885057471264,0.919080459770115,0.056685520833333336,0.04071874999999999,JapaneseVowels,2,10,10.0,29,260,KNNOR-GPF (M calibrated),0.85,1.9231195905944105,64.0,12.0,29.0,2.6878359304140496,0.14140907979937567,0.4356931431772507,0.248565965583174,2.1999999999999997
0.4782608695652174,0.6002872875433952,0.6747126436781609,0.9193103448275862,0.054983993055555555,0.035239583333333324,JapaneseVowels,2,10,10.0,29,260,hybrid GPF-nbrs/raw-walk (M calibrated),0.85,1.9231195905944105,64.0,12.0,29.0,16.293048777929755,0.2593666877611831,7.981376751443669,0.4513888888888889,2.1999999999999997
0.11764705882352941,0.2573070083610708,0.5298850574712644,0.9094252873563219,0.060463506944444446,0.029197916666666664,JapaneseVowels,2,10,10.0,29,260,hybrid GPF-nbrs/raw-walk (M=1),0.85,1.9231195905944105,64.0,12.0,29.0,5.043103377965437,0.2823572188410673,0.28578845665039904,0.04894578313253012,1.0
0.5,0.5773502691896257,0.6666666666666666,0.9852298850574713,0.03869211805555555,0.05490624999999999,JapaneseVowels,2,20,20.6,14,275,none (raw-flat RF),0.85,4.808127435927009,,,,,,,,
0.06060606060606061,0.18194353045893683,0.5132183908045977,0.8575287356321839,0.07459249999999999,0.05620833333333334,JapaneseVowels,2,20,20.6,14,275,none,0.85,4.808127435927009,64.0,12.0,29.0,,,,,
0.5277777777777778,0.7636121058992333,0.7770114942528735,0.8950574712643679,0.07560861111111111,0.0740625,JapaneseVowels,2,20,20.6,14,275,SMOTE-raw,0.85,4.808127435927009,64.0,12.0,29.0,1.5402094038702536,0.05221934292623209,0.48133714687868767,,
0.3448275862068966,0.5591454892609968,0.635632183908046,0.8949425287356323,0.07297354166666667,0.06718750000000001,JapaneseVowels,2,20,20.6,14,275,KNNOR-raw (M=1),0.85,4.808127435927009,64.0,12.0,29.0,1.6668329511350777,0.0879395411580629,0.2801529880444395,0.9963768115942029,
0.17142857142857143,0.3151354388633341,0.5465517241379311,0.8825287356321838,0.06622496527777777,0.04417708333333332,JapaneseVowels,2,20,20.6,14,275,chain-mean-GPF (PSSTO-style),0.85,4.808127435927009,64.0,12.0,29.0,2.999583834212526,0.10128763824128073,0.4140718876354454,,
0.0625,0.18225913092242513,0.5149425287356322,0.8628160919540229,0.07172256944444444,0.05333333333333333,JapaneseVowels,2,20,20.6,14,275,KNNOR-GPF (M=1),0.85,4.808127435927009,64.0,12.0,29.0,10.523920441514075,0.6177084330313017,0.08006432068486713,0.04954954954954955,1.0
0.0625,0.18225913092242513,0.5149425287356322,0.8468390804597701,0.07137541666666666,0.041833333333333333,JapaneseVowels,2,20,20.6,14,275,KNNOR-GPF (M=3/2),0.85,4.808127435927009,64.0,12.0,29.0,15.236449554377995,0.541208165538862,0.049490446985978785,0.04954954954954955,1.5
0.16666666666666666,0.31458785297811376,0.5448275862068965,0.8832183908045977,0.0663045486111111,0.03851041666666666,JapaneseVowels,2,20,20.6,14,275,KNNOR-GPF (M calibrated),0.85,4.808127435927009,64.0,12.0,29.0,7.488849539666649,0.3434104258395745,0.31469209987953095,0.06668283220174588,2.1999999999999997
0.06060606060606061,0.18194353045893683,0.5132183908045977,0.8754597701149426,0.07099618055555557,0.0575,JapaneseVowels,2,20,20.6,14,275,hybrid GPF-nbrs/raw-walk (M calibrated),0.85,4.808127435927009,64.0,12.0,29.0,45.627171434078264,0.48417484364615293,6.686185894243319,0.30691964285714285,2.1999999999999997
0.0625,0.18225913092242513,0.5149425287356322,0.8395402298850574,0.07460069444444443,0.0489375,JapaneseVowels,2,20,20.6,14,275,hybrid GPF-nbrs/raw-walk (M=1),0.85,4.808127435927009,64.0,12.0,29.0,11.737896901568956,0.7318129918155961,0.0026922621813501115,0.049389367816091954,1.0
0.8235294117647058,0.8366600265340756,0.85,0.9975862068965518,0.02217704861111111,0.05130208333333333,JapaneseVowels,3,5,9.3,31,258,none (raw-flat RF),0.85,2.5693399750255423,,,,,,,,
0.2857142857142857,0.4425630677830192,0.5896551724137931,0.8517816091954024,0.07274979166666666,0.039604166666666656,JapaneseVowels,3,5,9.3,31,258,none,0.85,2.5693399750255423,64.0,12.0,29.0,,,,,
0.4044943820224719,0.7177551210497237,0.7293103448275862,0.8486206896551723,0.11101670138888889,0.14105208333333336,JapaneseVowels,3,5,9.3,31,258,SMOTE-raw,0.85,2.5693399750255423,64.0,12.0,29.0,0.8658376223368389,0.03565463377976763,0.5207572021128631,,
0.3614457831325301,0.6591530616030616,0.6844827586206896,0.8391954022988506,0.10630711805555555,0.12946875000000002,JapaneseVowels,3,5,9.3,31,258,KNNOR-raw (M=1),0.85,2.5693399750255423,64.0,12.0,29.0,1.1936522080607421,0.07446542948784496,0.3319470640195562,1.0,
0.2553191489361702,0.4386499664920177,0.5810344827586207,0.8606896551724138,0.07481312500000001,0.02824999999999999,JapaneseVowels,3,5,9.3,31,258,chain-mean-GPF (PSSTO-style),0.85,2.5693399750255423,64.0,12.0,29.0,1.6519198026550868,0.07196959698282646,0.48523881412413195,,
0.2222222222222222,0.401147778542877,0.5660919540229885,0.8654022988505747,0.07348645833333334,0.033604166666666664,JapaneseVowels,3,5,9.3,31,258,KNNOR-GPF (M=1),0.85,2.5693399750255423,64.0,12.0,29.0,2.9566325135164,0.1813092814679934,0.26835304297554297,0.16064757160647572,1.0
0.25,0.43786314977517177,0.5793103448275863,0.8638505747126437,0.076148125,0.042375,JapaneseVowels,3,5,9.3,31,258,KNNOR-GPF (M=3/2),0.85,2.5693399750255423,64.0,12.0,29.0,3.7556676376156197,0.18110713172119697,0.41513048982354867,0.15008726003490402,1.5
0.32142857142857145,0.5314261878223996,0.6206896551724138,0.8606896551724138,0.08011791666666666,0.04216666666666667,JapaneseVowels,3,5,9.3,31,258,KNNOR-GPF (M calibrated),0.85,2.5693399750255423,64.0,12.0,29.0,3.3777715971201516,0.14689400959028498,0.6561806140430209,0.24089635854341737,2.1999999999999997
0.3137254901960784,0.5046906415599173,0.610919540229885,0.8724712643678162,0.07478819444444444,0.04422916666666667,JapaneseVowels,3,5,9.3,31,258,hybrid GPF-nbrs/raw-walk (M calibrated),0.85,2.5693399750255423,64.0,12.0,29.0,23.10257697499433,0.32322774987749237,8.731085729515081,0.4479166666666667,2.1999999999999997
0.23255813953488372,0.40257789993644877,0.5695402298850575,0.8629885057471264,0.0727829861111111,0.039020833333333324,JapaneseVowels,3,5,9.3,31,258,hybrid GPF-nbrs/raw-walk (M=1),0.85,2.5693399750255423,64.0,12.0,29.0,7.775563464119081,0.39483861886194493,0.30254034086596904,0.04916158536585366,1.0
0.8235294117647058,0.8366600265340756,0.85,0.9972988505747127,0.02301871527777778,0.05276041666666667,JapaneseVowels,3,10,10.0,29,260,none (raw-flat RF),0.85,2.5587588288233682,,,,,,,,
0.24390243902439024,0.4040029589057457,0.5729885057471265,0.8712643678160921,0.07137003472222223,0.031218750000000007,JapaneseVowels,3,10,10.0,29,260,none,0.85,2.5587588288233682,64.0,12.0,29.0,,,,,
0.4,0.7017220198222713,0.717816091954023,0.8736206896551724,0.10643038194444443,0.14480208333333336,JapaneseVowels,3,10,10.0,29,260,SMOTE-raw,0.85,2.5587588288233682,64.0,12.0,29.0,0.8343748513554328,0.0326935170759578,0.5337024882215957,,
0.3488372093023256,0.6552177842729746,0.6793103448275862,0.8302298850574713,0.11604604166666665,0.16660416666666666,JapaneseVowels,3,10,10.0,29,260,KNNOR-raw (M=1),0.85,2.5587588288233682,64.0,12.0,29.0,1.5268991138495807,0.08934554179270249,0.3856156194580376,1.0,
0.26666666666666666,0.44021938104571895,0.5844827586206897,0.858735632183908,0.07438750000000001,0.026916666666666665,JapaneseVowels,3,10,10.0,29,260,chain-mean-GPF (PSSTO-style),0.85,2.5587588288233682,64.0,12.0,29.0,1.729421980192944,0.07287640844579768,0.4898718872942772,,
0.2727272727272727,0.4410019938965012,0.5862068965517241,0.865,0.07476295138888889,0.03671875,JapaneseVowels,3,10,10.0,29,260,KNNOR-GPF (M=1),0.85,2.5587588288233682,64.0,12.0,29.0,3.2170677018344094,0.24363203135472133,0.20957363453699396,0.18624641833810887,1.0
0.27906976744186046,0.44178322036164236,0.5879310344827586,0.8604597701149425,0.07491986111111112,0.03279166666666667,JapaneseVowels,3,10,10.0,29,260,KNNOR-GPF (M=3/2),0.85,2.5587588288233682,64.0,12.0,29.0,3.2707346325067235,0.20248942592459807,0.31843129833247924,0.16476552598225602,1.5
0.32,0.5056008147818256,0.6126436781609196,0.8681034482758622,0.07510732638888888,0.04857291666666666,JapaneseVowels,3,10,10.0,29,260,KNNOR-GPF (M calibrated),0.85,2.5587588288233682,64.0,12.0,29.0,3.022148160466841,0.1536888677267514,0.4497435873795982,0.19832189168573608,2.0
0.41509433962264153,0.5928695074580604,0.6626436781609195,0.8836206896551724,0.07309600694444444,0.033906250000000006,JapaneseVowels,3,10,10.0,29,260,hybrid GPF-nbrs/raw-walk (M calibrated),0.85,2.5587588288233682,64.0,12.0,29.0,15.256813136842474,0.3253055852001209,3.4665316516107447,0.40625,2.0
0.2926829268292683,0.4433415434379357,0.5913793103448276,0.8791954022988505,0.07034951388888888,0.03104166666666667,JapaneseVowels,3,10,10.0,29,260,hybrid GPF-nbrs/raw-walk (M=1),0.85,2.5587588288233682,64.0,12.0,29.0,11.433999272461367,0.5594144936448141,0.14330569364006523,0.04894578313253012,1.0
0.42105263157894735,0.5163977794943222,0.6333333333333333,0.9803448275862069,0.043741875,0.04797916666666666,JapaneseVowels,3,20,20.6,14,275,none (raw-flat RF),0.85,5.3073407023732955,,,,,,,,
0.0,0.0,0.496551724137931,0.8521264367816093,0.07423201388888889,0.05364583333333333,JapaneseVowels,3,20,20.6,14,275,none,0.85,5.3073407023732955,64.0,12.0,29.0,,,,,
0.29333333333333333,0.5689272017750076,0.6247126436781609,0.8301149425287356,0.09958965277777779,0.09235416666666665,JapaneseVowels,3,20,20.6,14,275,SMOTE-raw,0.85,5.3073407023732955,64.0,12.0,29.0,2.242541479315623,0.07787838711280137,0.4929059822357595,,
0.2641509433962264,0.46953143676961884,0.5890804597701149,0.8017241379310345,0.0933284375,0.06798958333333334,JapaneseVowels,3,20,20.6,14,275,KNNOR-raw (M=1),0.85,5.3073407023732955,64.0,12.0,29.0,3.38734942624556,0.12220079261061023,0.4751837653358879,0.9892086330935251,
0.06060606060606061,0.18194353045893683,0.5132183908045977,0.8391954022988506,0.07518625000000001,0.03789583333333334,JapaneseVowels,3,20,20.6,14,275,chain-mean-GPF (PSSTO-style),0.85,5.3073407023732955,64.0,12.0,29.0,4.075659849558427,0.16906351282862186,0.40097810916862703,,
0.0625,0.18225913092242513,0.5149425287356322,0.8439080459770115,0.07111027777777777,0.032249999999999994,JapaneseVowels,3,20,20.6,14,275,KNNOR-GPF (M=1),0.85,5.3073407023732955,64.0,12.0,29.0,9.909275065159164,0.5272857009887301,0.1911624229271235,0.04954954954954955,1.0
0.0625,0.18225913092242513,0.5149425287356322,0.848103448275862,0.07291413194444445,0.03480208333333333,JapaneseVowels,3,20,20.6,14,275,KNNOR-GPF (M=3/2),0.85,5.3073407023732955,64.0,12.0,29.0,12.767263287954137,0.5739304064358599,0.1960771846484902,0.04954954954954955,1.5
0.10526315789473684,0.25551390631791276,0.5229885057471264,0.8245977011494252,0.07881399305555556,0.04217708333333334,JapaneseVowels,3,20,20.6,14,275,KNNOR-GPF (M calibrated),0.85,5.3073407023732955,64.0,12.0,29.0,10.56931363065193,0.39524585600463935,0.5169943274983579,0.09565217391304348,2.1999999999999997
0.25,0.40471360670018974,0.5747126436781609,0.8535057471264369,0.07165260416666666,0.041697916666666675,JapaneseVowels,3,20,20.6,14,275,hybrid GPF-nbrs/raw-walk (M calibrated),0.85,5.3073407023732955,64.0,12.0,29.0,49.21612984656578,0.3874154610814383,14.684301694623485,0.4296875,2.1999999999999997
0.0,0.0,0.4982758620689655,0.8417816091954022,0.07124937499999999,0.04077083333333333,JapaneseVowels,3,20,20.6,14,275,hybrid GPF-nbrs/raw-walk (M=1),0.85,5.3073407023732955,64.0,12.0,29.0,12.518102880918399,0.4025272355991977,0.34220983880468736,0.049389367816091954,1.0
0.8,0.816496580927726,0.8333333333333333,0.9964942528735632,0.02568465277777778,0.05933333333333332,JapaneseVowels,4,5,9.3,31,258,none (raw-flat RF),0.85,2.4680945911933776,,,,,,,,
0.3181818181818182,0.47718041601189726,0.6045977011494252,0.8448850574712644,0.06982454861111112,0.02965624999999999,JapaneseVowels,4,5,9.3,31,258,none,0.85,2.4680945911933776,64.0,12.0,29.0,,,,,
0.4,0.6861520222961887,0.7080459770114942,0.8690229885057471,0.09842114583333333,0.12928125000000001,JapaneseVowels,4,5,9.3,31,258,SMOTE-raw,0.85,2.4680945911933776,64.0,12.0,29.0,0.8193927909190517,0.036922223171227064,0.49646752847351827,,
0.41025641025641024,0.688827089058415,0.7114942528735633,0.8521839080459771,0.09811027777777778,0.12816666666666665,JapaneseVowels,4,5,9.3,31,258,KNNOR-raw (M=1),0.85,2.4680945911933776,64.0,12.0,29.0,1.065792432782569,0.06464630396582915,0.3542451795730126,1.0,
0.2978723404255319,0.4746444525345673,0.5994252873563218,0.8643103448275862,0.06991472222222221,0.031145833333333327,JapaneseVowels,4,5,9.3,31,258,chain-mean-GPF (PSSTO-style),0.85,2.4680945911933776,64.0,12.0,29.0,1.7472273694408305,0.09782053545866609,0.41399302935820903,,
0.3333333333333333,0.47886359730886435,0.6080459770114942,0.866609195402299,0.06751142361111111,0.025885416666666668,JapaneseVowels,4,5,9.3,31,258,KNNOR-GPF (M=1),0.85,2.4680945911933776,64.0,12.0,29.0,3.720367447595102,0.2939300330012579,0.18624500902615537,0.11621621621621622,1.0
0.3111111111111111,0.476336594987345,0.6028735632183908,0.8676436781609196,0.06695312499999999,0.022,JapaneseVowels,4,5,9.3,31,258,KNNOR-GPF (M=3/2),0.85,2.4680945911933776,64.0,12.0,29.0,4.008843919608413,0.25447139311041855,0.2863006313110987,0.11605937921727395,1.5
0.4583333333333333,0.5981773081236224,0.6712643678160919,0.8660919540229886,0.0688445138888889,0.04035416666666666,JapaneseVowels,4,5,9.3,31,258,KNNOR-GPF (M calibrated),0.85,2.4680945911933776,64.0,12.0,29.0,3.168953497086811,0.16485517777564607,0.4929112617910354,0.15449101796407186,2.0
0.36,0.537234296797191,0.6310344827586207,0.8768390804597701,0.06750107638888889,0.025010416666666667,JapaneseVowels,4,5,9.3,31,258,hybrid GPF-nbrs/raw-walk (M calibrated),0.85,2.4680945911933776,64.0,12.0,29.0,19.808754828938632,0.3431768766080806,4.7237172904088665,0.4479166666666667,2.0
0.1951219512195122,0.36071448893652114,0.5545977011494253,0.8609195402298851,0.06951295138888888,0.022510416666666668,JapaneseVowels,4,5,9.3,31,258,hybrid GPF-nbrs/raw-walk (M=1),0.85,2.4680945911933776,64.0,12.0,29.0,7.152753414286327,0.3474442027109421,0.2438488298181616,0.04916158536585366,1.0
0.6956521739130435,0.7302967433402214,0.7666666666666666,0.9959770114942528,0.027217256944444445,0.05503125,JapaneseVowels,4,10,10.0,29,260,none (raw-flat RF),0.85,2.7282125946457167,,,,,,,,
0.24390243902439024,0.4040029589057457,0.5729885057471265,0.876264367816092,0.06863472222222222,0.03202083333333334,JapaneseVowels,4,10,10.0,29,260,none,0.85,2.7282125946457167,64.0,12.0,29.0,,,,,
0.4634146341463415,0.7491757923318745,0.7597701149425287,0.8591379310344828,0.09761791666666667,0.11775,JapaneseVowels,4,10,10.0,29,260,SMOTE-raw,0.85,2.7282125946457167,64.0,12.0,29.0,1.0680117546187002,0.04491840786749368,0.551132047902387,,
0.43037974683544306,0.710026711493647,0.7281609195402299,0.8615517241379311,0.093135625,0.11495833333333336,JapaneseVowels,4,10,10.0,29,260,KNNOR-raw (M=1),0.85,2.7282125946457167,64.0,12.0,29.0,1.3211578884802488,0.08414532917639395,0.29145307776247015,1.0,
0.30434782608695654,0.4754912764951514,0.6011494252873564,0.8645402298850575,0.0712289236111111,0.026135416666666668,JapaneseVowels,4,10,10.0,29,260,chain-mean-GPF (PSSTO-style),0.85,2.7282125946457167,64.0,12.0,29.0,1.9893065012329654,0.09276086667198391,0.4408589466497372,,
0.27906976744186046,0.44178322036164236,0.5879310344827586,0.8719540229885058,0.06817684027777779,0.020468750000000004,JapaneseVowels,4,10,10.0,29,260,KNNOR-GPF (M=1),0.85,2.7282125946457167,64.0,12.0,29.0,5.874784437182749,0.4567516737764197,0.12225358847438537,0.06330654979303628,1.0
0.32558139534883723,0.4780227474989415,0.6063218390804598,0.8731609195402299,0.06736413194444443,0.02065625,JapaneseVowels,4,10,10.0,29,260,KNNOR-GPF (M=3/2),0.85,2.7282125946457167,64.0,12.0,29.0,5.487382818552815,0.33506431803299935,0.2823978476867327,0.07584597432905485,1.5
0.4444444444444444,0.6192320048754497,0.6793103448275862,0.8724137931034482,0.06882503472222222,0.03588541666666668,JapaneseVowels,4,10,10.0,29,260,KNNOR-GPF (M calibrated),0.85,2.7282125946457167,64.0,12.0,29.0,4.2905202320658145,0.20751467094233067,0.5151924481214697,0.13402061855670103,2.0
0.3404255319148936,0.5083215562984725,0.617816091954023,0.8738505747126437,0.06698798611111112,0.030645833333333337,JapaneseVowels,4,10,10.0,29,260,hybrid GPF-nbrs/raw-walk (M calibrated),0.85,2.7282125946457167,64.0,12.0,29.0,20.652118439491666,0.3703220237001058,4.433489737122144,0.40625,2.0
0.27906976744186046,0.44178322036164236,0.5879310344827586,0.862126436781609,0.06990774305555555,0.03223958333333334,JapaneseVowels,4,10,10.0,29,260,hybrid GPF-nbrs/raw-walk (M=1),0.85,2.7282125946457167,64.0,12.0,29.0,12.386219170318315,0.5995287594563803,0.04730606787954627,0.04894578313253012,1.0
0.42105263157894735,0.5163977794943222,0.6333333333333333,0.9861494252873564,0.043291284722222226,0.05076041666666666,JapaneseVowels,4,20,20.6,14,275,none (raw-flat RF),0.85,4.239747271671082,,,,,,,,
0.125,0.2581988897471611,0.5333333333333333,0.8410344827586208,0.07179819444444444,0.048125,JapaneseVowels,4,20,20.6,14,275,none,0.85,4.239747271671082,64.0,12.0,29.0,,,,,
0.46153846153846156,0.6214554662658653,0.6827586206896552,0.8985057471264367,0.06464697916666666,0.05323958333333333,JapaneseVowels,4,20,20.6,14,275,SMOTE-raw,0.85,4.239747271671082,64.0,12.0,29.0,1.6331214245981158,0.062318170773682846,0.5014543234890025,,
0.39215686274509803,0.566294671679342,0.6477011494252873,0.8710919540229886,0.06877298611111111,0.04814583333333333,JapaneseVowels,4,20,20.6,14,275,KNNOR-raw (M=1),0.85,4.239747271671082,64.0,12.0,29.0,1.650029073495702,0.08351566632670171,0.3784839892159425,1.0,
0.2777777777777778,0.4075438062625765,0.5816091954022988,0.8745402298850575,0.06495437500000001,0.027708333333333328,JapaneseVowels,4,20,20.6,14,275,chain-mean-GPF (PSSTO-style),0.85,4.239747271671082,64.0,12.0,29.0,3.250146734414436,0.1597833275352556,0.3556872106138497,,
0.12121212121212122,0.25775333481682716,0.5316091954022989,0.8647701149425288,0.06973243055555556,0.04625,JapaneseVowels,4,20,20.6,14,275,KNNOR-GPF (M=1),0.85,4.239747271671082,64.0,12.0,29.0,5.844063066945051,0.48459079280850914,0.08728969869791393,0.04954954954954955,1.0
0.125,0.2581988897471611,0.5333333333333333,0.8362068965517242,0.0692967013888889,0.035697916666666656,JapaneseVowels,4,20,20.6,14,275,KNNOR-GPF (M=3/2),0.85,4.239747271671082,64.0,12.0,29.0,5.792194612487613,0.38679655388703393,0.1515112966870832,0.04954954954954955,1.5
0.3076923076923077,0.44489440823948173,0.5948275862068966,0.8533908045977012,0.06644784722222223,0.027270833333333334,JapaneseVowels,4,20,20.6,14,275,KNNOR-GPF (M calibrated),0.85,4.239747271671082,64.0,12.0,29.0,4.742827920157623,0.22373551539363445,0.34697169952671136,0.09108976482278901,2.0
0.2727272727272727,0.4410019938965012,0.5862068965517241,0.8652298850574713,0.07025090277777776,0.0410625,JapaneseVowels,4,20,20.6,14,275,hybrid GPF-nbrs/raw-walk (M calibrated),0.85,4.239747271671082,64.0,12.0,29.0,26.204868294408257,0.3765947039904307,4.560093287026232,0.33052884615384615,2.0
0.17647058823529413,0.31568207490098815,0.5482758620689655,0.8298275862068965,0.07191729166666667,0.04083333333333333,JapaneseVowels,4,20,20.6,14,275,hybrid GPF-nbrs/raw-walk (M=1),0.85,4.239747271671082,64.0,12.0,29.0,16.100883196245007,0.5765147572951451,0.003942657371390661,0.049389367816091954,1.0
0.5,0.5773502691896257,0.6666666666666666,0.904513888888889,0.041264444444444444,0.03185185185185185,Libras,0,5,14.0,12,156,none (raw-flat RF),0.841,4.04630641498383,,,,,,,,
0.7368421052631579,0.7637626158259734,0.7916666666666667,0.964781746031746,0.02653820987654321,0.03398148148148148,Libras,0,5,14.0,12,156,none,0.841,4.04630641498383,64.0,2.0,45.0,,,,,
0.7619047619047619,0.8140629046323218,0.8303571428571428,0.9754464285714286,0.023730679012345678,0.032796296296296296,Libras,0,5,14.0,12,156,SMOTE-raw,0.841,4.04630641498383,64.0,2.0,45.0,3.305651514849975,0.15769197531215118,0.7489082920462666,,
0.8,0.816496580927726,0.8333333333333333,0.9880952380952381,0.018419444444444447,0.01605555555555556,Libras,0,5,14.0,12,156,KNNOR-raw (M=1),0.841,4.04630641498383,64.0,2.0,45.0,4.861419955277723,0.3469735762166465,0.37204047862828654,0.861878453038674,
0.7368421052631579,0.7637626158259734,0.7916666666666667,0.9655257936507937,0.022939567901234564,0.018462962962962966,Libras,0,5,14.0,12,156,chain-mean-GPF (PSSTO-style),0.841,4.04630641498383,64.0,2.0,45.0,4.752320038818089,0.3118423148328993,0.4002456040991745,,
0.7368421052631579,0.7637626158259734,0.7916666666666667,0.9776785714285715,0.02231882716049383,0.01783333333333333,Libras,0,5,14.0,12,156,KNNOR-GPF (M=1),0.841,4.04630641498383,64.0,2.0,45.0,5.149519667689619,0.33434400391764335,0.3171927690621555,1.0,1.0
0.7368421052631579,0.7637626158259734,0.7916666666666667,0.9905753968253967,0.017906296296296295,0.018333333333333333,Libras,0,5,14.0,12,156,KNNOR-GPF (M=3/2),0.841,4.04630641498383,64.0,2.0,45.0,4.607252140781933,0.2188081207441055,0.6468695281303266,0.9936305732484076,1.5
0.8,0.816496580927726,0.8333333333333333,0.9873511904761905,0.01587358024691358,0.016407407407407405,Libras,0,5,14.0,12,156,KNNOR-GPF (M calibrated),0.841,4.04630641498383,64.0,2.0,45.0,4.518210867950797,0.19164198344744665,0.8537411950824166,0.9936305732484076,1.7999999999999998
0.7368421052631579,0.7637626158259734,0.7916666666666667,0.9848710317460319,0.01981111111111111,0.012148148148148148,Libras,0,5,14.0,12,156,hybrid GPF-nbrs/raw-walk (M calibrated),0.841,4.04630641498383,64.0,2.0,45.0,5.4746299647946,0.17236060413626664,1.656760200481904,0.8125,1.7999999999999998
0.8,0.816496580927726,0.8333333333333333,0.9826388888888888,0.02099425925925926,0.03305555555555555,Libras,0,5,14.0,12,156,hybrid GPF-nbrs/raw-walk (M=1),0.841,4.04630641498383,64.0,2.0,45.0,4.002536629684981,0.25546886045886125,0.4046430812177872,0.8125,1.0
0.5,0.5773502691896257,0.6666666666666666,0.9047619047619048,0.04208462962962963,0.024314814814814817,Libras,0,10,14.0,12,156,none (raw-flat RF),0.841,4.04630641498383,,,,,,,,
0.7368421052631579,0.7637626158259734,0.7916666666666667,0.9657738095238095,0.026055987654320982,0.022351851851851852,Libras,0,10,14.0,12,156,none,0.841,4.04630641498383,64.0,2.0,45.0,,,,,
0.8,0.816496580927726,0.8333333333333333,0.9637896825396826,0.024477283950617285,0.02533333333333333,Libras,0,10,14.0,12,156,SMOTE-raw,0.841,4.04630641498383,64.0,2.0,45.0,3.6567167602083313,0.17732166961652962,0.6918929682376542,,
0.7368421052631579,0.7637626158259734,0.7916666666666667,0.984375,0.02057117283950617,0.01968518518518519,Libras,0,10,14.0,12,156,KNNOR-raw (M=1),0.841,4.04630641498383,64.0,2.0,45.0,5.023869516546489,0.3568155949763438,0.3405498111237439,0.8571428571428571,
0.7368421052631579,0.7637626158259734,0.7916666666666667,0.9714781746031746,0.02298413580246914,0.016055555555555556,Libras,0,10,14.0,12,156,chain-mean-GPF (PSSTO-style),0.841,4.04630641498383,64.0,2.0,45.0,4.9018733713744975,0.30991196250871444,0.40278400812635895,,
0.7368421052631579,0.7637626158259734,0.7916666666666667,0.9776785714285714,0.022514382716049382,0.016092592592592592,Libras,0,10,14.0,12,156,KNNOR-GPF (M=1),0.841,4.04630641498383,64.0,2.0,45.0,5.240668765341132,0.33921593854674376,0.31427202963788153,1.0,1.0
0.7368421052631579,0.7637626158259734,0.7916666666666667,0.9875992063492063,0.019574876543209878,0.01701851851851852,Libras,0,10,14.0,12,156,KNNOR-GPF (M=3/2),0.841,4.04630641498383,64.0,2.0,45.0,4.653812668430794,0.21982349084992603,0.6637261396248899,1.0,1.5
0.7368421052631579,0.7637626158259734,0.7916666666666667,0.984375,0.01741839506172839,0.016074074074074074,Libras,0,10,14.0,12,156,KNNOR-GPF (M calibrated),0.841,4.04630641498383,64.0,2.0,45.0,4.563236121944767,0.19206540841228137,0.8836019775713335,1.0,1.7999999999999998
0.8,0.816496580927726,0.8333333333333333,0.9821428571428572,0.02189987654320988,0.022222222222222227,Libras,0,10,14.0,12,156,hybrid GPF-nbrs/raw-walk (M calibrated),0.841,4.04630641498383,64.0,2.0,45.0,5.969032107031039,0.17491379834257803,1.9693338541916656,0.8125,1.7999999999999998
0.7368421052631579,0.7637626158259734,0.7916666666666667,0.9796626984126984,0.022123395061728394,0.014981481481481483,Libras,0,10,14.0,12,156,hybrid GPF-nbrs/raw-walk (M=1),0.841,4.04630641498383,64.0,2.0,45.0,3.8334324657896612,0.24551618085216315,0.426378697557577,0.8125,1.0
0.2857142857142857,0.408248290463863,0.5833333333333334,0.9045138888888888,0.04175179012345678,0.023796296296296288,Libras,0,20,21.0,8,160,none (raw-flat RF),0.841,5.244820903402022,,,,,,,,
0.7368421052631579,0.7637626158259734,0.7916666666666667,0.9655257936507937,0.02889746913580247,0.026166666666666664,Libras,0,20,21.0,8,160,none,0.841,5.244820903402022,64.0,2.0,45.0,,,,,
0.7368421052631579,0.7637626158259734,0.7916666666666667,0.9712301587301586,0.027097901234567897,0.02388888888888889,Libras,0,20,21.0,8,160,SMOTE-raw,0.841,5.244820903402022,64.0,2.0,45.0,4.050999667180843,0.20860220582218592,0.7334081576493228,,
0.7368421052631579,0.7637626158259734,0.7916666666666667,0.9818948412698412,0.024499012345679007,0.02788888888888889,Libras,0,20,21.0,8,160,KNNOR-raw (M=1),0.841,5.244820903402022,64.0,2.0,45.0,6.996580255394807,0.496204136142417,0.2089437082040039,0.1902497027348395,
0.7368421052631579,0.7637626158259734,0.7916666666666667,0.9759424603174602,0.024087654320987653,0.01711111111111111,Libras,0,20,21.0,8,160,chain-mean-GPF (PSSTO-style),0.841,5.244820903402022,64.0,2.0,45.0,6.659504504032867,0.4076791585690477,0.3444899888217039,,
0.7368421052631579,0.7637626158259734,0.7916666666666667,0.9769345238095237,0.024364629629629632,0.025425925925925925,Libras,0,20,21.0,8,160,KNNOR-GPF (M=1),0.841,5.244820903402022,64.0,2.0,45.0,7.198382790797805,0.41120356123571644,0.37301850320125857,1.0,1.0
0.8,0.816496580927726,0.8333333333333333,0.9769345238095238,0.02139283950617284,0.021777777777777774,Libras,0,20,21.0,8,160,KNNOR-GPF (M=3/2),0.841,5.244820903402022,64.0,2.0,45.0,6.96296760064639,0.3077162636797872,0.7904321503310957,0.9467455621301775,1.5
0.8,0.816496580927726,0.8333333333333333,0.9781746031746033,0.020880802469135804,0.019018518518518518,Libras,0,20,21.0,8,160,KNNOR-GPF (M calibrated),0.841,5.244820903402022,64.0,2.0,45.0,6.979485841219482,0.29693789537602777,0.8820666470366739,0.935672514619883,1.5999999999999999
0.6666666666666666,0.759202798262025,0.7857142857142858,0.9558531746031746,0.027646666666666667,0.026111111111111113,Libras,0,20,21.0,8,160,hybrid GPF-nbrs/raw-walk (M calibrated),0.841,5.244820903402022,64.0,2.0,45.0,7.608485538832525,0.2332262806360773,1.8939550227206585,0.625,1.5999999999999999
0.7368421052631579,0.7637626158259734,0.7916666666666667,0.9771825396825397,0.024881296296296294,0.02253703703703704,Libras,0,20,21.0,8,160,hybrid GPF-nbrs/raw-walk (M=1),0.841,5.244820903402022,64.0,2.0,45.0,6.463100340699402,0.3789116333627421,0.45116415200475923,0.625,1.0
0.5,0.5773502691896257,0.6666666666666666,0.9402281746031746,0.03443567901234568,0.021666666666666667,Libras,1,5,14.0,12,156,none (raw-flat RF),0.841,2.9017118457576956,,,,,,,,
0.8,0.816496580927726,0.8333333333333333,0.9940476190476191,0.021038580246913578,0.023203703703703702,Libras,1,5,14.0,12,156,none,0.841,2.9017118457576956,64.0,2.0,45.0,,,,,
0.7368421052631579,0.7637626158259734,0.7916666666666667,0.994047619047619,0.017220987654320986,0.02370370370370371,Libras,1,5,14.0,12,156,SMOTE-raw,0.841,2.9017118457576956,64.0,2.0,45.0,2.419321289622122,0.13520492178072463,0.700579896576295,,
0.7368421052631579,0.7637626158259734,0.7916666666666667,0.9945436507936508,0.017518395061728396,0.02351851851851852,Libras,1,5,14.0,12,156,KNNOR-raw (M=1),0.841,2.9017118457576956,64.0,2.0,45.0,4.332173528604393,0.3695243846031017,0.2911305349072085,0.42391304347826086,
0.8,0.816496580927726,0.8333333333333333,0.9955357142857142,0.0166670987654321,0.011574074074074077,Libras,1,5,14.0,12,156,chain-mean-GPF (PSSTO-style),0.841,2.9017118457576956,64.0,2.0,45.0,3.655670951430821,0.25593041367676117,0.4259321305188457,,
0.8,0.816496580927726,0.8333333333333333,0.9937996031746031,0.017903086419753085,0.014925925925925922,Libras,1,5,14.0,12,156,KNNOR-GPF (M=1),0.841,2.9017118457576956,64.0,2.0,45.0,3.4107052031353042,0.30012128325121107,0.3270603720636268,0.968944099378882,1.0
0.8,0.816496580927726,0.8333333333333333,0.9957837301587302,0.015206049382716049,0.016000000000000004,Libras,1,5,14.0,12,156,KNNOR-GPF (M=3/2),0.841,2.9017118457576956,64.0,2.0,45.0,2.613776389037458,0.173442108498976,0.6307615183241018,0.9570552147239264,1.5
0.8571428571428571,0.8660254037844386,0.875,0.9952876984126984,0.014465679012345679,0.015444444444444446,Libras,1,5,14.0,12,156,KNNOR-GPF (M calibrated),0.841,2.9017118457576956,64.0,2.0,45.0,2.3828476249037003,0.13485904551563221,0.815952346361546,0.9285714285714286,1.7999999999999998
0.8181818181818182,0.8634441002668988,0.8720238095238095,0.9920634920634921,0.015979135802469138,0.017925925925925925,Libras,1,5,14.0,12,156,hybrid GPF-nbrs/raw-walk (M calibrated),0.841,2.9017118457576956,64.0,2.0,45.0,3.212737381820329,0.09938918427162735,1.939449737301988,0.609375,1.7999999999999998
0.8,0.816496580927726,0.8333333333333333,0.9965277777777777,0.015775740740740743,0.02098148148148148,Libras,1,5,14.0,12,156,hybrid GPF-nbrs/raw-walk (M=1),0.841,2.9017118457576956,64.0,2.0,45.0,3.3778978176576366,0.25486359677176906,0.4487144227407513,0.4875,1.0
0.5,0.5773502691896257,0.6666666666666666,0.9461805555555555,0.03383401234567901,0.03064814814814815,Libras,1,10,14.0,12,156,none (raw-flat RF),0.841,2.9017118457576956,,,,,,,,
0.8,0.816496580927726,0.8333333333333333,0.9933035714285714,0.02161648148148148,0.023462962962962967,Libras,1,10,14.0,12,156,none,0.841,2.9017118457576956,64.0,2.0,45.0,,,,,
0.7368421052631579,0.7637626158259734,0.7916666666666667,0.9930555555555556,0.018011543209876545,0.02172222222222222,Libras,1,10,14.0,12,156,SMOTE-raw,0.841,2.9017118457576956,64.0,2.0,45.0,2.428310271878427,0.13700632634937504,0.6958263389014898,,
0.7368421052631579,0.7637626158259734,0.7916666666666667,0.9925595238095238,0.01850574074074074,0.025870370370370366,Libras,1,10,14.0,12,156,KNNOR-raw (M=1),0.841,2.9017118457576956,64.0,2.0,45.0,4.607043823490667,0.3827100782892402,0.28644761710664013,0.38613861386138615,
0.8,0.816496580927726,0.8333333333333333,0.9955357142857142,0.016358888888888888,0.011703703703703706,Libras,1,10,14.0,12,156,chain-mean-GPF (PSSTO-style),0.841,2.9017118457576956,64.0,2.0,45.0,3.5912714471149236,0.2587398636895683,0.41583811625034733,,
0.8,0.816496580927726,0.8333333333333333,0.9935515873015873,0.017260246913580246,0.018481481481481484,Libras,1,10,14.0,12,156,KNNOR-GPF (M=1),0.841,2.9017118457576956,64.0,2.0,45.0,3.6049416051642957,0.29970481073228683,0.3376113875600064,0.9936305732484076,1.0
0.8571428571428571,0.8660254037844386,0.875,0.9940476190476191,0.01563148148148148,0.014629629629629626,Libras,1,10,14.0,12,156,KNNOR-GPF (M=3/2),0.841,2.9017118457576956,64.0,2.0,45.0,2.821857387318609,0.1764820135499835,0.6632915311284368,0.975,1.5
0.8181818181818182,0.8634441002668988,0.8720238095238095,0.9913194444444444,0.01517104938271605,0.015092592592592597,Libras,1,10,14.0,12,156,KNNOR-GPF (M calibrated),0.841,2.9017118457576956,64.0,2.0,45.0,2.5474761066474763,0.1357292155204567,0.8797177973182436,0.968944099378882,1.7999999999999998
0.8571428571428571,0.8660254037844386,0.875,0.9833829365079365,0.016557407407407406,0.019074074074074073,Libras,1,10,14.0,12,156,hybrid GPF-nbrs/raw-walk (M calibrated),0.841,2.9017118457576956,64.0,2.0,45.0,3.106177010311537,0.10499054800515673,1.8412003198829223,0.8125,1.7999999999999998
0.8,0.816496580927726,0.8333333333333333,0.9965277777777779,0.016107962962962963,0.02309259259259259,Libras,1,10,14.0,12,156,hybrid GPF-nbrs/raw-walk (M=1),0.841,2.9017118457576956,64.0,2.0,45.0,3.2447142756252134,0.2531955450412483,0.4531066087206734,0.4875,1.0
0.2857142857142857,0.408248290463863,0.5833333333333334,0.9389880952380952,0.03995592592592593,0.02507407407407407,Libras,1,20,21.0,8,160,none (raw-flat RF),0.841,3.40228270729024,,,,,,,,
0.8,0.816496580927726,0.8333333333333333,0.9898313492063492,0.02348111111111111,0.02733333333333333,Libras,1,20,21.0,8,160,none,0.841,3.40228270729024,64.0,2.0,45.0,,,,,
0.7368421052631579,0.7637626158259734,0.7916666666666667,0.988343253968254,0.02037506172839506,0.020925925925925928,Libras,1,20,21.0,8,160,SMOTE-raw,0.841,3.40228270729024,64.0,2.0,45.0,2.564859020039826,0.13262877793597083,0.640256008608747,,
0.7368421052631579,0.7637626158259734,0.7916666666666667,0.9945436507936507,0.02070604938271605,0.02214814814814815,Libras,1,20,21.0,8,160,KNNOR-raw (M=1),0.841,3.40228270729024,64.0,2.0,45.0,5.821396803367755,0.46355920744816315,0.22591466523314768,0.04923076923076923,
0.8,0.816496580927726,0.8333333333333333,0.9955357142857143,0.017777962962962964,0.0167962962962963,Libras,1,20,21.0,8,160,chain-mean-GPF (PSSTO-style),0.841,3.40228270729024,64.0,2.0,45.0,4.2610762387552725,0.301745868609504,0.3262540592639508,,
0.8,0.816496580927726,0.8333333333333333,0.9957837301587302,0.01872074074074074,0.018407407407407407,Libras,1,20,21.0,8,160,KNNOR-GPF (M=1),0.841,3.40228270729024,64.0,2.0,45.0,4.379017869422849,0.35338920539910834,0.24115764679362472,0.9876543209876543,1.0
0.8,0.816496580927726,0.8333333333333333,0.9942956349206349,0.01809358024691358,0.018185185185185186,Libras,1,20,21.0,8,160,KNNOR-GPF (M=3/2),0.841,3.40228270729024,64.0,2.0,45.0,3.848549804686307,0.23163840476945247,0.46525742329355657,0.9248554913294798,1.5
0.8,0.816496580927726,0.8333333333333333,0.991815476190476,0.018551666666666664,0.014425925925925925,Libras,1,20,21.0,8,160,KNNOR-GPF (M calibrated),0.841,3.40228270729024,64.0,2.0,45.0,3.7600709926631346,0.18995414052842075,0.6214947131316333,0.9195402298850575,1.7999999999999998
0.8,0.816496580927726,0.8333333333333333,0.9856150793650794,0.017871172839506174,0.016537037037037034,Libras,1,20,21.0,8,160,hybrid GPF-nbrs/raw-walk (M calibrated),0.841,3.40228270729024,64.0,2.0,45.0,6.325835075510259,0.14691761855925056,2.824348827679801,0.625,1.7999999999999998
0.8,0.816496580927726,0.8333333333333333,0.994295634920635,0.018195123456790124,0.01761111111111111,Libras,1,20,21.0,8,160,hybrid GPF-nbrs/raw-walk (M=1),0.841,3.40228270729024,64.0,2.0,45.0,4.221677791320154,0.2785305306027553,0.39502680744182833,0.4166666666666667,1.0
0.5,0.5773502691896257,0.6666666666666666,0.9789186507936508,0.03396851851851852,0.043777777777777784,Libras,2,5,14.0,12,156,none (raw-flat RF),0.841,2.0516919829172977,,,,,,,,
0.8,0.816496580927726,0.8333333333333333,0.9908234126984127,0.018660246913580245,0.024703703703703703,Libras,2,5,14.0,12,156,none,0.841,2.0516919829172977,64.0,2.0,45.0,,,,,
0.9090909090909091,0.9128709291752769,0.9166666666666667,0.9935515873015873,0.01273901234567901,0.03411111111111111,Libras,2,5,14.0,12,156,SMOTE-raw,0.841,2.0516919829172977,64.0,2.0,45.0,1.9765790398144318,0.12130265648763039,0.6525905348087163,,
0.8571428571428571,0.8660254037844386,0.875,0.9970238095238095,0.014671234567901231,0.018333333333333337,Libras,2,5,14.0,12,156,KNNOR-raw (M=1),0.841,2.0516919829172977,64.0,2.0,45.0,5.222527520312632,0.4560374145362985,0.18675758075782511,0.36879432624113473,
0.8571428571428571,0.8660254037844386,0.875,0.9967757936507937,0.012715802469135803,0.017185185185185185,Libras,2,5,14.0,12,156,chain-mean-GPF (PSSTO-style),0.841,2.0516919829172977,64.0,2.0,45.0,2.8595520353394797,0.219252610789617,0.44732396670808516,,
0.8,0.816496580927726,0.8333333333333333,0.9967757936507936,0.01518401234567901,0.02157407407407407,Libras,2,5,14.0,12,156,KNNOR-GPF (M=1),0.841,2.0516919829172977,64.0,2.0,45.0,4.068192311918274,0.3354128941830153,0.2719029939134025,0.9512195121951219,1.0
0.8,0.816496580927726,0.8333333333333333,0.9935515873015872,0.014626049382716048,0.02237037037037037,Libras,2,5,14.0,12,156,KNNOR-GPF (M=3/2),0.841,2.0516919829172977,64.0,2.0,45.0,3.5822789524733594,0.21436445052093828,0.5352793331274788,0.9397590361445783,1.5
0.8571428571428571,0.8660254037844386,0.875,0.9915674603174602,0.013929691358024692,0.02305555555555556,Libras,2,5,14.0,12,156,KNNOR-GPF (M calibrated),0.841,2.0516919829172977,64.0,2.0,45.0,3.4513363718826966,0.17532934375704767,0.712196071462378,0.9341317365269461,1.7999999999999998
0.8,0.816496580927726,0.8333333333333333,0.9888392857142857,0.015459506172839504,0.028222222222222225,Libras,2,5,14.0,12,156,hybrid GPF-nbrs/raw-walk (M calibrated),0.841,2.0516919829172977,64.0,2.0,45.0,3.3108746976524124,0.1026636816079034,2.026562207193172,0.8125,1.7999999999999998
0.8,0.816496580927726,0.8333333333333333,0.9910714285714286,0.017472037037037036,0.022055555555555557,Libras,2,5,14.0,12,156,hybrid GPF-nbrs/raw-walk (M=1),0.841,2.0516919829172977,64.0,2.0,45.0,3.778829956651734,0.29080068931980907,0.35208910973988033,0.609375,1.0
0.5,0.5773502691896257,0.6666666666666666,0.9742063492063492,0.03557444444444445,0.043111111111111114,Libras,2,10,14.0,12,156,none (raw-flat RF),0.841,2.0516919829172977,,,,,,,,
0.8,0.816496580927726,0.8333333333333333,0.9913194444444444,0.018514259259259258,0.025203703703703704,Libras,2,10,14.0,12,156,none,0.841,2.0516919829172977,64.0,2.0,45.0,,,,,
0.9090909090909091,0.9128709291752769,0.9166666666666667,0.9962797619047619,0.012912962962962965,0.03585185185185186,Libras,2,10,14.0,12,156,SMOTE-raw,0.841,2.0516919829172977,64.0,2.0,45.0,1.9882304618855855,0.1225051937004834,0.644113784114003,,
0.8571428571428571,0.8660254037844386,0.875,0.9962797619047619,0.014280864197530864,0.018111111111111113,Libras,2,10,14.0,12,156,KNNOR-raw (M=1),0.841,2.0516919829172977,64.0,2.0,45.0,5.421405920433905,0.4730255087338058,0.16667638810853952,0.4083769633507853,
0.8571428571428571,0.8660254037844386,0.875,0.9965277777777777,0.012550987654320986,0.020555555555555553,Libras,2,10,14.0,12,156,chain-mean-GPF (PSSTO-style),0.841,2.0516919829172977,64.0,2.0,45.0,2.8597200185372813,0.22668926753239116,0.4290057152279326,,
0.8,0.816496580927726,0.8333333333333333,0.9955357142857143,0.015477222222222224,0.019648148148148147,Libras,2,10,14.0,12,156,KNNOR-GPF (M=1),0.841,2.0516919829172977,64.0,2.0,45.0,3.7973392039030998,0.3151331995788205,0.29102676329168753,0.9230769230769231,1.0
0.8,0.816496580927726,0.8333333333333333,0.9950396825396823,0.01399611111111111,0.022981481481481485,Libras,2,10,14.0,12,156,KNNOR-GPF (M=3/2),0.841,2.0516919829172977,64.0,2.0,45.0,3.2214087855726703,0.19381964488038678,0.5822832238146229,0.9069767441860465,1.5
0.8,0.816496580927726,0.8333333333333333,0.9940476190476191,0.013266604938271606,0.015092592592592595,Libras,2,10,14.0,12,156,KNNOR-GPF (M calibrated),0.841,2.0516919829172977,64.0,2.0,45.0,3.134312980780482,0.16057780370743024,0.7650124900138198,0.8914285714285715,1.7999999999999998
0.8,0.816496580927726,0.8333333333333333,0.9913194444444444,0.015024629629629629,0.02631481481481482,Libras,2,10,14.0,12,156,hybrid GPF-nbrs/raw-walk (M calibrated),0.841,2.0516919829172977,64.0,2.0,45.0,3.2348906792635326,0.09467958120154552,2.001786428657114,0.8125,1.7999999999999998
0.8,0.816496580927726,0.8333333333333333,0.9915674603174602,0.01636240740740741,0.021351851851851844,Libras,2,10,14.0,12,156,hybrid GPF-nbrs/raw-walk (M=1),0.841,2.0516919829172977,64.0,2.0,45.0,3.4499147652849764,0.2651075023882188,0.3808931377685632,0.609375,1.0
0.15384615384615385,0.28867513459481287,0.5416666666666666,0.9186507936507937,0.047939506172839506,0.02759259259259259,Libras,2,20,21.0,8,160,none (raw-flat RF),0.841,3.149667505202693,,,,,,,,
0.8,0.816496580927726,0.8333333333333333,0.9744543650793651,0.02374617283950617,0.029814814814814815,Libras,2,20,21.0,8,160,none,0.841,3.149667505202693,64.0,2.0,45.0,,,,,
0.9090909090909091,0.9128709291752769,0.9166666666666667,0.9831349206349206,0.01632462962962963,0.04046296296296296,Libras,2,20,21.0,8,160,SMOTE-raw,0.841,3.149667505202693,64.0,2.0,45.0,2.00815344488009,0.11006583233460654,0.6818456496263319,,
0.8,0.816496580927726,0.8333333333333333,0.9846230158730158,0.01764253086419753,0.017759259259259263,Libras,2,20,21.0,8,160,KNNOR-raw (M=1),0.841,3.149667505202693,64.0,2.0,45.0,6.265939175493148,0.5457301271732078,0.10589913872517026,0.2597402597402597,
0.8,0.816496580927726,0.8333333333333333,0.9809027777777778,0.01955104938271605,0.01827777777777778,Libras,2,20,21.0,8,160,chain-mean-GPF (PSSTO-style),0.841,3.149667505202693,64.0,2.0,45.0,4.02388558068775,0.3115801873126104,0.35643973422567954,,
0.8,0.816496580927726,0.8333333333333333,0.9742063492063492,0.01894827160493827,0.015814814814814813,Libras,2,20,21.0,8,160,KNNOR-GPF (M=1),0.841,3.149667505202693,64.0,2.0,45.0,4.31894102648619,0.3130768081122249,0.37048170601891917,0.9411764705882353,1.0
0.8,0.816496580927726,0.8333333333333333,0.9776785714285714,0.017264753086419754,0.016499999999999997,Libras,2,20,21.0,8,160,KNNOR-GPF (M=3/2),0.841,3.149667505202693,64.0,2.0,45.0,3.747939117902039,0.198923501442978,0.6423402848709742,0.8602150537634409,1.5
0.8,0.816496580927726,0.8333333333333333,0.9866071428571428,0.017103580246913584,0.012222222222222221,Libras,2,20,21.0,8,160,KNNOR-GPF (M calibrated),0.841,3.149667505202693,64.0,2.0,45.0,3.657036319466215,0.18331954279682183,0.7055991444007658,0.851063829787234,1.5999999999999999
0.8571428571428571,0.8660254037844386,0.875,0.9918154761904763,0.014431975308641973,0.01788888888888889,Libras,2,20,21.0,8,160,hybrid GPF-nbrs/raw-walk (M calibrated),0.841,3.149667505202693,64.0,2.0,45.0,4.736493206866044,0.13049210875466366,1.9586126290103405,0.625,1.5999999999999999
0.8,0.816496580927726,0.8333333333333333,0.9905753968253967,0.016968333333333332,0.021166666666666663,Libras,2,20,21.0,8,160,hybrid GPF-nbrs/raw-walk (M=1),0.841,3.149667505202693,64.0,2.0,45.0,4.049144514744658,0.30833234480707794,0.3756984314916971,0.5,1.0
0.5,0.5773502691896257,0.6666666666666666,0.9878472222222222,0.032483024691358026,0.047648148148148155,Libras,3,5,14.0,12,156,none (raw-flat RF),0.841,2.6431922947646846,,,,,,,,
0.8571428571428571,0.8660254037844386,0.875,0.9955357142857142,0.015513888888888891,0.02768518518518518,Libras,3,5,14.0,12,156,none,0.841,2.6431922947646846,64.0,2.0,45.0,,,,,
0.8,0.816496580927726,0.8333333333333333,0.9970238095238095,0.014926419753086423,0.03481481481481482,Libras,3,5,14.0,12,156,SMOTE-raw,0.841,2.6431922947646846,64.0,2.0,45.0,2.590836063932457,0.15015688224540769,0.6206688680977844,,
0.8,0.816496580927726,0.8333333333333333,0.9933035714285715,0.016838703703703703,0.036055555555555556,Libras,3,5,14.0,12,156,KNNOR-raw (M=1),0.841,2.6431922947646846,64.0,2.0,45.0,4.781282038258599,0.37446966106345464,0.31235475580029326,0.6933333333333334,
0.8571428571428571,0.8660254037844386,0.875,0.9995039682539683,0.012430185185185186,0.034759259259259254,Libras,3,5,14.0,12,156,chain-mean-GPF (PSSTO-style),0.841,2.6431922947646846,64.0,2.0,45.0,3.535278704884302,0.2639643424288936,0.41039421471432924,,
0.8571428571428571,0.8660254037844386,0.875,0.9995039682539681,0.01373216049382716,0.03512962962962963,Libras,3,5,14.0,12,156,KNNOR-GPF (M=1),0.841,2.6431922947646846,64.0,2.0,45.0,4.314912852717502,0.35137648931323184,0.27344386228115,0.9873417721518988,1.0
0.8571428571428571,0.8660254037844386,0.875,0.998015873015873,0.013928950617283952,0.02298148148148148,Libras,3,5,14.0,12,156,KNNOR-GPF (M=3/2),0.841,2.6431922947646846,64.0,2.0,45.0,3.6887601877211758,0.21623933185168065,0.5237557986278965,0.9454545454545454,1.5
0.8571428571428571,0.8660254037844386,0.875,0.998015873015873,0.01355135802469136,0.026370370370370374,Libras,3,5,14.0,12,156,KNNOR-GPF (M calibrated),0.841,2.6431922947646846,64.0,2.0,45.0,3.589593070241907,0.1982775615404574,0.5796306232265853,0.9454545454545454,1.5999999999999999
0.8571428571428571,0.8660254037844386,0.875,0.9940476190476191,0.01433351851851852,0.027499999999999997,Libras,3,5,14.0,12,156,hybrid GPF-nbrs/raw-walk (M calibrated),0.841,2.6431922947646846,64.0,2.0,45.0,4.045888846579775,0.12230526586491686,1.5539651547147837,0.609375,1.5999999999999999
0.8,0.816496580927726,0.8333333333333333,0.998015873015873,0.015671604938271605,0.03737037037037037,Libras,3,5,14.0,12,156,hybrid GPF-nbrs/raw-walk (M=1),0.841,2.6431922947646846,64.0,2.0,45.0,4.188349986877281,0.3141834863779149,0.35158769671421664,0.609375,1.0
0.5,0.5773502691896257,0.6666666666666666,0.9826388888888888,0.033885802469135806,0.05255555555555554,Libras,3,10,14.0,12,156,none (raw-flat RF),0.841,2.6431922947646846,,,,,,,,
0.8571428571428571,0.8660254037844386,0.875,0.9955357142857144,0.015708641975308642,0.025555555555555554,Libras,3,10,14.0,12,156,none,0.841,2.6431922947646846,64.0,2.0,45.0,,,,,
0.8,0.816496580927726,0.8333333333333333,0.9970238095238095,0.014873765432098764,0.037981481481481484,Libras,3,10,14.0,12,156,SMOTE-raw,0.841,2.6431922947646846,64.0,2.0,45.0,2.6676712796733177,0.1503537909038638,0.6311164459427578,,
0.8,0.816496580927726,0.8333333333333333,0.9935515873015873,0.016825308641975307,0.02755555555555556,Libras,3,10,14.0,12,156,KNNOR-raw (M=1),0.841,2.6431922947646846,64.0,2.0,45.0,4.665326248473214,0.3903440281109857,0.29202377651928074,0.636734693877551,
0.8571428571428571,0.8660254037844386,0.875,0.9995039682539683,0.012292160493827161,0.03250000000000001,Libras,3,10,14.0,12,156,chain-mean-GPF (PSSTO-style),0.841,2.6431922947646846,64.0,2.0,45.0,3.600556242442149,0.26795974517567095,0.40910179077099007,,
0.8571428571428571,0.8660254037844386,0.875,0.9995039682539683,0.013511111111111113,0.028074074074074067,Libras,3,10,14.0,12,156,KNNOR-GPF (M=1),0.841,2.6431922947646846,64.0,2.0,45.0,4.166886334949517,0.3465667246282712,0.27681011191275473,0.9811320754716981,1.0
0.8571428571428571,0.8660254037844386,0.875,0.998015873015873,0.013564259259259264,0.025648148148148146,Libras,3,10,14.0,12,156,KNNOR-GPF (M=3/2),0.841,2.6431922947646846,64.0,2.0,45.0,3.4594766087870603,0.2076893652601992,0.5271782798598305,0.9629629629629629,1.5
0.8571428571428571,0.8660254037844386,0.875,0.9975198412698412,0.012603148148148148,0.026462962962962966,Libras,3,10,14.0,12,156,KNNOR-GPF (M calibrated),0.841,2.6431922947646846,64.0,2.0,45.0,3.28575441961004,0.16537761480599733,0.6727960815163057,0.9341317365269461,1.7999999999999998
0.9090909090909091,0.9128709291752769,0.9166666666666667,0.9967757936507936,0.013040555555555553,0.028685185185185195,Libras,3,10,14.0,12,156,hybrid GPF-nbrs/raw-walk (M calibrated),0.841,2.6431922947646846,64.0,2.0,45.0,4.752505183064109,0.12238505088199303,2.2165136224112794,0.8125,1.7999999999999998
0.8,0.816496580927726,0.8333333333333333,0.9977678571428572,0.015870123456790123,0.03788888888888889,Libras,3,10,14.0,12,156,hybrid GPF-nbrs/raw-walk (M=1),0.841,2.6431922947646846,64.0,2.0,45.0,4.116059112435391,0.3060505557898879,0.36778556032693,0.609375,1.0
0.15384615384615385,0.28867513459481287,0.5416666666666666,0.9508928571428571,0.04003654320987655,0.03229629629629631,Libras,3,20,21.0,8,160,none (raw-flat RF),0.841,4.478595517777965,,,,,,,,
0.8,0.816496580927726,0.8333333333333333,0.991815476190476,0.019308580246913582,0.02387037037037037,Libras,3,20,21.0,8,160,none,0.841,4.478595517777965,64.0,2.0,45.0,,,,,
0.8,0.816496580927726,0.8333333333333333,0.9957837301587302,0.01838858024691358,0.03398148148148149,Libras,3,20,21.0,8,160,SMOTE-raw,0.841,4.478595517777965,64.0,2.0,45.0,4.922336183467461,0.2663698715183755,0.5176113984373245,,
0.8571428571428571,0.8660254037844386,0.875,0.9957837301587302,0.015452160493827161,0.023537037037037037,Libras,3,20,21.0,8,160,KNNOR-raw (M=1),0.841,4.478595517777965,64.0,2.0,45.0,8.696751218144406,0.5351085242886585,0.10659050363178328,0.8556149732620321,
0.8571428571428571,0.8660254037844386,0.875,0.9990079365079365,0.015262222222222222,0.030296296296296304,Libras,3,20,21.0,8,160,chain-mean-GPF (PSSTO-style),0.841,4.478595517777965,64.0,2.0,45.0,5.89710206598096,0.3947844148593531,0.35427768488107697,,
0.8571428571428571,0.8660254037844386,0.875,0.9990079365079365,0.015673333333333334,0.029296296296296296,Libras,3,20,21.0,8,160,KNNOR-GPF (M=1),0.841,4.478595517777965,64.0,2.0,45.0,6.5350895373364395,0.43619984621146346,0.3039606300167803,0.9467455621301775,1.0
0.8571428571428571,0.8660254037844386,0.875,0.9940476190476191,0.016207037037037037,0.014888888888888892,Libras,3,20,21.0,8,160,KNNOR-GPF (M=3/2),0.841,4.478595517777965,64.0,2.0,45.0,5.442088583205745,0.27027114818493797,0.6477044311230784,0.8791208791208791,1.5
0.8571428571428571,0.8660254037844386,0.875,0.9935515873015872,0.01547314814814815,0.01501851851851852,Libras,3,20,21.0,8,160,KNNOR-GPF (M calibrated),0.841,4.478595517777965,64.0,2.0,45.0,5.299086223836227,0.24892037861681166,0.71111120897045,0.8791208791208791,1.5999999999999999
0.8571428571428571,0.8660254037844386,0.875,0.996031746031746,0.013984814814814816,0.031407407407407405,Libras,3,20,21.0,8,160,hybrid GPF-nbrs/raw-walk (M calibrated),0.841,4.478595517777965,64.0,2.0,45.0,5.379165697558552,0.16288951267900664,1.548662629660575,0.625,1.5999999999999999
0.8,0.816496580927726,0.8333333333333333,0.9970238095238095,0.01702771604938271,0.030944444444444448,Libras,3,20,21.0,8,160,hybrid GPF-nbrs/raw-walk (M=1),0.841,4.478595517777965,64.0,2.0,45.0,6.781758766506677,0.3966642917743323,0.3770616000939019,0.5,1.0
0.6666666666666666,0.7071067811865476,0.75,0.9868551587301587,0.02706086419753086,0.05459259259259258,Libras,4,5,14.0,12,156,none (raw-flat RF),0.841,2.4293578707130763,,,,,,,,
0.9090909090909091,0.9128709291752769,0.9166666666666667,0.998015873015873,0.010484506172839504,0.021277777777777777,Libras,4,5,14.0,12,156,none,0.841,2.4293578707130763,64.0,2.0,45.0,,,,,
0.9565217391304348,0.9574271077563381,0.9583333333333333,1.0,0.007569382716049384,0.035407407407407415,Libras,4,5,14.0,12,156,SMOTE-raw,0.841,2.4293578707130763,64.0,2.0,45.0,4.078723077506037,0.18110788785675924,0.6604873193685228,,
0.9090909090909091,0.9128709291752769,0.9166666666666667,1.0,0.008117962962962964,0.027648148148148144,Libras,4,5,14.0,12,156,KNNOR-raw (M=1),0.841,2.4293578707130763,64.0,2.0,45.0,7.280782469197,0.42974876468275347,0.2045661352976606,0.5531914893617021,
0.9565217391304348,0.9574271077563381,0.9583333333333333,1.0,0.005362654320987654,0.023425925925925926,Libras,4,5,14.0,12,156,chain-mean-GPF (PSSTO-style),0.841,2.4293578707130763,64.0,2.0,45.0,3.4861175334448546,0.24482538559453032,0.39014282840631803,,
0.9090909090909091,0.9128709291752769,0.9166666666666667,1.0,0.006216234567901236,0.023722222222222228,Libras,4,5,14.0,12,156,KNNOR-GPF (M=1),0.841,2.4293578707130763,64.0,2.0,45.0,4.875028424223139,0.3740392693181357,0.22261808981185574,0.5672727272727273,1.0
0.9090909090909091,0.9128709291752769,0.9166666666666667,1.0,0.00586604938271605,0.02296296296296296,Libras,4,5,14.0,12,156,KNNOR-GPF (M=3/2),0.841,2.4293578707130763,64.0,2.0,45.0,4.3910840269298,0.2776630146247892,0.38114145549273926,0.47129909365558914,1.5
0.9565217391304348,0.9574271077563381,0.9583333333333333,1.0,0.005794382716049383,0.026018518518518517,Libras,4,5,14.0,12,156,KNNOR-GPF (M calibrated),0.841,2.4293578707130763,64.0,2.0,45.0,4.036640390885118,0.20234050048318597,0.5889643924972199,0.4126984126984127,2.0
0.9565217391304348,0.9574271077563381,0.9583333333333333,1.0,0.0049858641975308645,0.026611111111111106,Libras,4,5,14.0,12,156,hybrid GPF-nbrs/raw-walk (M calibrated),0.841,2.4293578707130763,64.0,2.0,45.0,5.3787607500335,0.1522829107078686,1.8291064549006406,0.4875,2.0
0.9090909090909091,0.9128709291752769,0.9166666666666667,1.0,0.0073816049382716045,0.028999999999999998,Libras,4,5,14.0,12,156,hybrid GPF-nbrs/raw-walk (M=1),0.841,2.4293578707130763,64.0,2.0,45.0,5.382921204294995,0.3777443645519208,0.2632147458250522,0.3482142857142857,1.0
0.5,0.5773502691896257,0.6666666666666666,0.9846230158730159,0.027940000000000006,0.048074074074074075,Libras,4,10,14.0,12,156,none (raw-flat RF),0.841,2.429357870713069,,,,,,,,
0.9090909090909091,0.9128709291752769,0.9166666666666667,0.998015873015873,0.01078179012345679,0.021611111111111116,Libras,4,10,14.0,12,156,none,0.841,2.429357870713069,64.0,2.0,45.0,,,,,
0.9565217391304348,0.9574271077563381,0.9583333333333333,0.9995039682539683,0.007752962962962962,0.03507407407407408,Libras,4,10,14.0,12,156,SMOTE-raw,0.841,2.429357870713069,64.0,2.0,45.0,4.339583868227329,0.19488102339435454,0.6523430002251357,,
0.9090909090909091,0.9128709291752769,0.9166666666666667,1.0,0.008292592592592593,0.027629629629629636,Libras,4,10,14.0,12,156,KNNOR-raw (M=1),0.841,2.429357870713069,64.0,2.0,45.0,7.572172387932504,0.44126848018802833,0.19722966230908376,0.5306122448979592,
0.9565217391304348,0.9574271077563381,0.9583333333333333,1.0,0.005529506172839505,0.023481481481481478,Libras,4,10,14.0,12,156,chain-mean-GPF (PSSTO-style),0.841,2.429357870713069,64.0,2.0,45.0,3.661359444931584,0.26942318537853605,0.34132287408620626,,
0.9090909090909091,0.9128709291752769,0.9166666666666667,1.0,0.007295555555555556,0.025703703703703708,Libras,4,10,14.0,12,156,KNNOR-GPF (M=1),0.841,2.429357870713069,64.0,2.0,45.0,4.922745541227425,0.37218149563545794,0.23484659708431735,0.5977011494252874,1.0
0.9090909090909091,0.9128709291752769,0.9166666666666667,1.0,0.0062354320987654316,0.024074074074074078,Libras,4,10,14.0,12,156,KNNOR-GPF (M=3/2),0.841,2.429357870713069,64.0,2.0,45.0,4.493325535127177,0.2747109088372083,0.4115174411314768,0.484472049689441,1.5
0.9565217391304348,0.9574271077563381,0.9583333333333333,1.0,0.005312901234567901,0.025277777777777777,Libras,4,10,14.0,12,156,KNNOR-GPF (M calibrated),0.841,2.429357870713069,64.0,2.0,45.0,4.016937098907199,0.19402761085451736,0.6577807063305574,0.43454038997214484,2.0
0.9565217391304348,0.9574271077563381,0.9583333333333333,1.0,0.004861111111111111,0.02525925925925926,Libras,4,10,14.0,12,156,hybrid GPF-nbrs/raw-walk (M calibrated),0.841,2.429357870713069,64.0,2.0,45.0,6.882912077473797,0.1792231492138816,2.2062657780888983,0.4875,2.0
0.9090909090909091,0.9128709291752769,0.9166666666666667,1.0,0.007684876543209877,0.02887037037037037,Libras,4,10,14.0,12,156,hybrid GPF-nbrs/raw-walk (M=1),0.841,2.429357870713069,64.0,2.0,45.0,5.231789633099304,0.3592787369994329,0.2911170334172493,0.3482142857142857,1.0
0.4,0.5,0.625,0.9789186507936507,0.03292339506172839,0.04183333333333332,Libras,4,20,21.0,8,160,none (raw-flat RF),0.841,3.7333232214159935,,,,,,,,
0.8571428571428571,0.8660254037844386,0.875,0.9975198412698413,0.012755802469135803,0.023000000000000007,Libras,4,20,21.0,8,160,none,0.841,3.7333232214159935,64.0,2.0,45.0,,,,,
0.9565217391304348,0.9574271077563381,0.9583333333333333,0.9985119047619048,0.008630123456790123,0.026703703703703705,Libras,4,20,21.0,8,160,SMOTE-raw,0.841,3.7333232214159935,64.0,2.0,45.0,5.66961771122018,0.22234296042926283,0.4842878980766014,,
0.8571428571428571,0.8660254037844386,0.875,0.9995039682539681,0.012004382716049382,0.02183333333333333,Libras,4,20,21.0,8,160,KNNOR-raw (M=1),0.841,3.7333232214159935,64.0,2.0,45.0,8.832811758787209,0.463633229796742,0.09593693117125035,0.4266666666666667,
0.9565217391304348,0.9574271077563381,0.9583333333333333,1.0,0.0060146296296296285,0.022314814814814815,Libras,4,20,21.0,8,160,chain-mean-GPF (PSSTO-style),0.841,3.7333232214159935,64.0,2.0,45.0,5.734768119201341,0.32451777347517036,0.3321323376415456,,
0.8571428571428571,0.8660254037844386,0.875,0.9990079365079365,0.011664753086419753,0.022574074074074073,Libras,4,20,21.0,8,160,KNNOR-GPF (M=1),0.841,3.7333232214159935,64.0,2.0,45.0,8.895176668326716,0.44095312678832926,0.23277296727543242,0.6866952789699571,1.0
0.8571428571428571,0.8660254037844386,0.875,0.9995039682539683,0.010142716049382718,0.024185185185185188,Libras,4,20,21.0,8,160,KNNOR-GPF (M=3/2),0.841,3.7333232214159935,64.0,2.0,45.0,9.554125797761031,0.385717175184206,0.39072303648074797,0.6324110671936759,1.5
0.8571428571428571,0.8660254037844386,0.875,0.9999999999999999,0.009686481481481482,0.02298148148148148,Libras,4,20,21.0,8,160,KNNOR-GPF (M calibrated),0.841,3.7333232214159935,64.0,2.0,45.0,9.804212935362894,0.3579756089667536,0.4525309086177434,0.622568093385214,1.7999999999999998
0.8571428571428571,0.8660254037844386,0.875,1.0,0.01000351851851852,0.022277777777777782,Libras,4,20,21.0,8,160,hybrid GPF-nbrs/raw-walk (M calibrated),0.841,3.7333232214159935,64.0,2.0,45.0,13.429408584698649,0.31870141267834157,1.1825513330318496,0.625,1.7999999999999998
0.8571428571428571,0.8660254037844386,0.875,1.0,0.011230617283950618,0.023777777777777783,Libras,4,20,21.0,8,160,hybrid GPF-nbrs/raw-walk (M=1),0.841,3.7333232214159935,64.0,2.0,45.0,9.070210720192058,0.41857396371340183,0.25695245854200116,0.625,1.0
0.8235294117647058,0.8366600265340756,0.85,0.9795555555555555,0.039506543209876545,0.06881481481481483,NATOPS,0,5,5.0,30,120,none (raw-flat RF),0.715,0.7848419701651341,,,,,,,,
0.8301886792452831,0.8534895690308373,0.8633333333333333,0.9895555555555555,0.03564345679012346,0.03937037037037036,NATOPS,0,5,5.0,30,120,none,0.715,0.7848419701651341,64.0,24.0,51.0,,,,,
0.9354838709677419,0.9733105020153298,0.9733333333333334,0.9953333333333333,0.02694339506172839,0.05927777777777777,NATOPS,0,5,5.0,30,120,SMOTE-raw,0.715,0.7848419701651341,64.0,24.0,51.0,1.100831051713028,0.08852430146454415,0.5619220823245894,,
0.8518518518518519,0.8726715049522102,0.88,0.9943333333333333,0.028102407407407406,0.04894444444444444,NATOPS,0,5,5.0,30,120,KNNOR-raw (M=1),0.715,0.7848419701651341,64.0,24.0,51.0,1.8156009254565948,0.1708041731469978,0.34352090555897585,0.96,
0.9666666666666667,0.9799092928543041,0.98,0.9986666666666667,0.016566543209876543,0.05655555555555556,NATOPS,0,5,5.0,30,120,chain-mean-GPF (PSSTO-style),0.715,0.7848419701651341,64.0,24.0,51.0,1.0401914077818564,0.08717734930955079,0.6501483465959347,,
0.8301886792452831,0.8534895690308373,0.8633333333333333,0.9923333333333333,0.030057530864197535,0.032777777777777774,NATOPS,0,5,5.0,30,120,KNNOR-GPF (M=1),0.715,0.7848419701651341,64.0,24.0,51.0,1.4284841162144417,0.15259893269057867,0.32152243668176,1.0,1.0
0.8518518518518519,0.8726715049522102,0.88,0.9940000000000001,0.027072037037037037,0.04709259259259259,NATOPS,0,5,5.0,30,120,KNNOR-GPF (M=3/2),0.715,0.7848419701651341,64.0,24.0,51.0,1.1620816058590187,0.10512187163308129,0.4382116070122909,0.9836065573770492,1.5
0.8928571428571429,0.9098229375970788,0.9133333333333333,0.9966666666666667,0.022770246913580244,0.04881481481481482,NATOPS,0,5,5.0,30,120,KNNOR-GPF (M calibrated),0.715,0.7848419701651341,64.0,24.0,51.0,0.9187325604922254,0.06548234964113853,0.7101918802220686,0.9917355371900827,2.1999999999999997
0.9122807017543859,0.927840982544363,0.9299999999999999,0.9958888888888888,0.02411024691358025,0.05133333333333333,NATOPS,0,5,5.0,30,120,hybrid GPF-nbrs/raw-walk (M calibrated),0.715,0.7848419701651341,64.0,24.0,51.0,4.616041385211814,0.12586670683103418,15.196741350239268,0.625,2.1999999999999997
0.8727272727272727,0.8914407813571615,0.8966666666666667,0.9954444444444445,0.02631253086419753,0.04935185185185185,NATOPS,0,5,5.0,30,120,hybrid GPF-nbrs/raw-walk (M=1),0.715,0.7848419701651341,64.0,24.0,51.0,1.5517458541339106,0.1843431831064966,0.2668233524538213,0.625,1.0
0.6956521739130435,0.7302967433402214,0.7666666666666666,0.9678888888888889,0.05860586419753086,0.06998148148148149,NATOPS,0,10,10.0,15,135,none (raw-flat RF),0.715,0.8247281005178078,,,,,,,,
0.75,0.7745966692414834,0.8,0.9701111111111111,0.04763333333333332,0.04814814814814815,NATOPS,0,10,10.0,15,135,none,0.715,0.8247281005178078,64.0,24.0,51.0,,,,,
0.8928571428571429,0.9098229375970788,0.9133333333333333,0.9961111111111111,0.0280529012345679,0.06594444444444444,NATOPS,0,10,10.0,15,135,SMOTE-raw,0.715,0.8247281005178078,64.0,24.0,51.0,1.3172295091869444,0.09452199195307731,0.6217642655546984,,
0.8,0.816496580927726,0.8333333333333333,0.9887777777777779,0.03962185185185186,0.046740740740740735,NATOPS,0,10,10.0,15,135,KNNOR-raw (M=1),0.715,0.8247281005178078,64.0,24.0,51.0,2.639224893285018,0.19236911480908997,0.360570097924136,0.9507042253521126,
0.9310344827586207,0.9455157322858251,0.9466666666666667,0.9988888888888888,0.019356049382716047,0.04803703703703703,NATOPS,0,10,10.0,15,135,chain-mean-GPF (PSSTO-style),0.715,0.8247281005178078,64.0,24.0,51.0,1.1182373528161627,0.09733067882125879,0.5129533955425819,,
0.8301886792452831,0.8534895690308373,0.8633333333333333,0.9886666666666667,0.033940555555555564,0.04590740740740741,NATOPS,0,10,10.0,15,135,KNNOR-GPF (M=1),0.715,0.8247281005178078,64.0,24.0,51.0,2.1141454771446426,0.2289275942030971,0.2142975116957379,1.0,1.0
0.8076923076923077,0.8338664961091394,0.8466666666666667,0.992,0.03554827160493827,0.04507407407407408,NATOPS,0,10,10.0,15,135,KNNOR-GPF (M=3/2),0.715,0.8247281005178078,64.0,24.0,51.0,1.912297465361334,0.19300191047695092,0.2893306720133634,0.9642857142857143,1.5
0.8518518518518519,0.8726715049522102,0.88,0.9968888888888888,0.02818913580246913,0.05914814814814815,NATOPS,0,10,10.0,15,135,KNNOR-GPF (M calibrated),0.715,0.8247281005178078,64.0,24.0,51.0,1.5079946530635766,0.13959680128134788,0.4455426484869364,0.8823529411764706,2.4
0.8518518518518519,0.8726715049522102,0.88,0.9957777777777778,0.026933209876543213,0.044333333333333336,NATOPS,0,10,10.0,15,135,hybrid GPF-nbrs/raw-walk (M calibrated),0.715,0.8247281005178078,64.0,24.0,51.0,5.942162664146384,0.11770792475588931,14.518724729636086,0.703125,2.4
0.8301886792452831,0.8534895690308373,0.8633333333333333,0.9982222222222222,0.02784969135802469,0.06401851851851853,NATOPS,0,10,10.0,15,135,hybrid GPF-nbrs/raw-walk (M=1),0.715,0.8247281005178078,64.0,24.0,51.0,1.9366788302741202,0.20191253539357584,0.2611046645537371,0.52734375,1.0
0.5714285714285714,0.6324555320336759,0.7,0.9434444444444445,0.08156827160493826,0.07770370370370369,NATOPS,0,20,18.8,8,142,none (raw-flat RF),0.715,3.9844114891752227,,,,,,,,
0.17647058823529413,0.3151719107619417,0.5466666666666666,0.8765555555555555,0.10959808641975308,0.11542592592592595,NATOPS,0,20,18.8,8,142,none,0.715,3.9844114891752227,64.0,24.0,51.0,,,,,
0.6382978723404256,0.7023769168568492,0.7433333333333334,0.9267777777777777,0.08042907407407407,0.07342592592592592,NATOPS,0,20,18.8,8,142,SMOTE-raw,0.715,3.9844114891752227,64.0,24.0,51.0,4.131762662556962,0.1943287722150806,0.6356488779121781,,
0.43902439024390244,0.5440588203494178,0.6433333333333333,0.901,0.09498086419753088,0.08025925925925927,NATOPS,0,20,18.8,8,142,KNNOR-raw (M=1),0.715,3.9844114891752227,64.0,24.0,51.0,5.9239184979826796,0.4076557536635235,0.24643365096813785,0.7473684210526316,
0.5777777777777777,0.6538773245460922,0.71,0.9191111111111112,0.08281135802469136,0.07240740740740739,NATOPS,0,20,18.8,8,142,chain-mean-GPF (PSSTO-style),0.715,3.9844114891752227,64.0,24.0,51.0,5.139558655491754,0.3160729010191083,0.36053207056354003,,
0.5777777777777777,0.6538773245460922,0.71,0.9202222222222223,0.08490783950617285,0.08331481481481484,NATOPS,0,20,18.8,8,142,KNNOR-GPF (M=1),0.715,3.9844114891752227,64.0,24.0,51.0,6.0425819274569115,0.4698619919003427,0.14297476380319132,0.6068376068376068,1.0
0.4,0.5129435749779025,0.6266666666666667,0.9012222222222223,0.09499820987654321,0.10124074074074074,NATOPS,0,20,18.8,8,142,KNNOR-GPF (M=3/2),0.715,3.9844114891752227,64.0,24.0,51.0,6.317564574591476,0.41963884437361376,0.22268997610469535,0.5163636363636364,1.5
0.43902439024390244,0.5440588203494178,0.6433333333333333,0.9054444444444445,0.09669364197530865,0.10350000000000001,NATOPS,0,20,18.8,8,142,KNNOR-GPF (M calibrated),0.715,3.9844114891752227,64.0,24.0,51.0,6.387043621546571,0.39193238513093637,0.276239683687171,0.5239852398523985,1.7999999999999998
0.47619047619047616,0.573488351136175,0.66,0.8855555555555555,0.09043907407407407,0.0782037037037037,NATOPS,0,20,18.8,8,142,hybrid GPF-nbrs/raw-walk (M calibrated),0.715,3.9844114891752227,64.0,24.0,51.0,10.183768137588814,0.3161134432593724,2.3234896761503214,0.3697916666666667,1.7999999999999998
0.43902439024390244,0.5440588203494178,0.6433333333333333,0.9022222222222223,0.0972572839506173,0.0905185185185185,NATOPS,0,20,18.8,8,142,hybrid GPF-nbrs/raw-walk (M=1),0.715,3.9844114891752227,64.0,24.0,51.0,5.393278421357184,0.36028370447071884,0.3004978882783935,0.27734375,1.0
0.8235294117647058,0.8366600265340756,0.85,0.9806666666666667,0.03887296296296297,0.0632962962962963,NATOPS,1,5,5.0,30,120,none (raw-flat RF),0.715,0.2938599451745221,,,,,,,,
0.9122807017543859,0.927840982544363,0.9299999999999999,0.9852222222222222,0.02420685185185185,0.043388888888888894,NATOPS,1,5,5.0,30,120,none,0.715,0.2938599451745221,64.0,24.0,51.0,,,,,
0.90625,0.9666666666666667,0.9666666666666667,0.9912222222222222,0.027752222222222223,0.04151851851851852,NATOPS,1,5,5.0,30,120,SMOTE-raw,0.715,0.2938599451745221,64.0,24.0,51.0,0.38631659984385536,0.04113287349388117,0.6317602448442344,,
0.9206349206349206,0.9699942726062298,0.97,0.9923333333333334,0.022378827160493827,0.03868518518518519,NATOPS,1,5,5.0,30,120,KNNOR-raw (M=1),0.715,0.2938599451745221,64.0,24.0,51.0,1.068558265375815,0.17990934045157053,0.24677371779863036,0.9917355371900827,
0.9508196721311475,0.9766154707855993,0.9766666666666667,0.9894444444444445,0.018536851851851853,0.0330185185185185,NATOPS,1,5,5.0,30,120,chain-mean-GPF (PSSTO-style),0.715,0.2938599451745221,64.0,24.0,51.0,0.3978769018134747,0.04643890085416458,0.5690032576691271,,
0.9491525423728814,0.9628660919936433,0.9633333333333334,0.990888888888889,0.018693086419753088,0.034555555555555555,NATOPS,1,5,5.0,30,120,KNNOR-GPF (M=1),0.715,0.2938599451745221,64.0,24.0,51.0,0.8314440486317096,0.15004232635772852,0.2657200118988597,1.0,1.0
0.9491525423728814,0.9628660919936433,0.9633333333333334,0.9931111111111111,0.017736543209876547,0.03562962962962963,NATOPS,1,5,5.0,30,120,KNNOR-GPF (M=3/2),0.715,0.2938599451745221,64.0,24.0,51.0,0.6780669690679879,0.1032078759308318,0.37390216890210276,0.9836065573770492,1.5
0.9666666666666667,0.9799092928543041,0.98,0.9894444444444445,0.017670308641975312,0.039500000000000014,NATOPS,1,5,5.0,30,120,KNNOR-GPF (M calibrated),0.715,0.2938599451745221,64.0,24.0,51.0,0.5466946737989575,0.06249424645012791,0.608413420480283,0.9375,2.0
0.9491525423728814,0.9628660919936433,0.9633333333333334,0.9902222222222222,0.017935123456790124,0.030685185185185197,NATOPS,1,5,5.0,30,120,hybrid GPF-nbrs/raw-walk (M calibrated),0.715,0.2938599451745221,64.0,24.0,51.0,1.2776298909425332,0.0392548007531599,3.3402343153394596,0.625,2.0
0.9508196721311475,0.9766154707855993,0.9766666666666667,0.9920000000000001,0.01882746913580247,0.03950000000000001,NATOPS,1,5,5.0,30,120,hybrid GPF-nbrs/raw-walk (M=1),0.715,0.2938599451745221,64.0,24.0,51.0,1.0183503494198654,0.15915404544488893,0.27905619706072954,0.625,1.0
0.75,0.7745966692414834,0.8,0.9494444444444444,0.05408981481481481,0.04861111111111111,NATOPS,1,10,10.0,15,135,none (raw-flat RF),0.715,0.8503426742932128,,,,,,,,
0.7755102040816326,0.7958224257542215,0.8166666666666667,0.9776666666666667,0.04702716049382716,0.0685185185185185,NATOPS,1,10,10.0,15,135,none,0.715,0.8503426742932128,64.0,24.0,51.0,,,,,
0.8620689655172413,0.9036961141150639,0.9066666666666667,0.9817777777777777,0.03880932098765432,0.046462962962962956,NATOPS,1,10,10.0,15,135,SMOTE-raw,0.715,0.8503426742932128,64.0,24.0,51.0,0.45793871318781854,0.044072240446087596,0.6147533791518885,,
0.8928571428571429,0.9098229375970788,0.9133333333333333,0.9923333333333333,0.025906975308641975,0.04246296296296296,NATOPS,1,10,10.0,15,135,KNNOR-raw (M=1),0.715,0.8503426742932128,64.0,24.0,51.0,1.3884149996025243,0.1555357970397382,0.2791208710248083,0.7584269662921348,
0.8928571428571429,0.9098229375970788,0.9133333333333333,0.9823333333333333,0.02567746913580247,0.034981481481481475,NATOPS,1,10,10.0,15,135,chain-mean-GPF (PSSTO-style),0.715,0.8503426742932128,64.0,24.0,51.0,0.8137377430577057,0.054606768781020776,0.6273612818591795,,
0.9122807017543859,0.927840982544363,0.9299999999999999,0.9831111111111112,0.026348086419753086,0.03331481481481481,NATOPS,1,10,10.0,15,135,KNNOR-GPF (M=1),0.715,0.8503426742932128,64.0,24.0,51.0,0.8303450370764693,0.11224460520982216,0.3291519834026994,1.0,1.0
0.9122807017543859,0.927840982544363,0.9299999999999999,0.9811111111111112,0.024307283950617285,0.03281481481481481,NATOPS,1,10,10.0,15,135,KNNOR-GPF (M=3/2),0.715,0.8503426742932128,64.0,24.0,51.0,0.7160677143383332,0.09202422468612859,0.3851517739861999,0.9926470588235294,1.5
0.9122807017543859,0.927840982544363,0.9299999999999999,0.9886666666666667,0.019227592592592595,0.026759259259259257,NATOPS,1,10,10.0,15,135,KNNOR-GPF (M calibrated),0.715,0.8503426742932128,64.0,24.0,51.0,0.6101516607891959,0.06911130731415316,0.5037765312454605,0.9782608695652174,2.1999999999999997
0.9122807017543859,0.927840982544363,0.9299999999999999,0.9883333333333334,0.02143246913580247,0.03555555555555554,NATOPS,1,10,10.0,15,135,hybrid GPF-nbrs/raw-walk (M calibrated),0.715,0.8503426742932128,64.0,24.0,51.0,5.994581925927484,0.10289801797055265,17.922959525321943,0.703125,2.1999999999999997
0.8928571428571429,0.9098229375970788,0.9133333333333333,0.9937777777777778,0.026120864197530864,0.048666666666666664,NATOPS,1,10,10.0,15,135,hybrid GPF-nbrs/raw-walk (M=1),0.715,0.8503426742932128,64.0,24.0,51.0,1.4862046469607968,0.18882830854797383,0.21867195825172187,0.52734375,1.0
0.6046511627906976,0.6582805886043833,0.7166666666666667,0.945,0.07534320987654321,0.06981481481481483,NATOPS,1,20,18.8,8,142,none (raw-flat RF),0.715,4.270874488372137,,,,,,,,
0.46511627906976744,0.5715476066494082,0.6566666666666666,0.804,0.10202814814814817,0.05118518518518518,NATOPS,1,20,18.8,8,142,none,0.715,4.270874488372137,64.0,24.0,51.0,,,,,
0.6122448979591837,0.697614984548545,0.7366666666666667,0.8148888888888888,0.08724771604938272,0.048574074074074075,NATOPS,1,20,18.8,8,142,SMOTE-raw,0.715,4.270874488372137,64.0,24.0,51.0,4.5733100840815055,0.21298927750875873,0.6041535632536463,,
0.5217391304347826,0.6239658110292048,0.6866666666666668,0.8063333333333333,0.09750814814814816,0.04685185185185186,NATOPS,1,20,18.8,8,142,KNNOR-raw (M=1),0.715,4.270874488372137,64.0,24.0,51.0,5.999775757376817,0.3890198302382277,0.24134852896460288,1.0,
0.6666666666666666,0.7426678635537932,0.77,0.8487777777777776,0.083294012345679,0.059537037037037034,NATOPS,1,20,18.8,8,142,chain-mean-GPF (PSSTO-style),0.715,4.270874488372137,64.0,24.0,51.0,5.573668323061867,0.29030878489565876,0.3787764366068736,,
0.4888888888888889,0.5974017817925293,0.67,0.8011111111111111,0.10079364197530864,0.04924074074074074,NATOPS,1,20,18.8,8,142,KNNOR-GPF (M=1),0.715,4.270874488372137,64.0,24.0,51.0,7.856008609669011,0.550698782236136,0.0996826494383672,0.4303030303030303,1.0
0.5531914893617021,0.6494442068244028,0.7033333333333334,0.808,0.09691401234567901,0.05364814814814814,NATOPS,1,20,18.8,8,142,KNNOR-GPF (M=3/2),0.715,4.270874488372137,64.0,24.0,51.0,7.904560526256336,0.5734733829333101,0.08839095975345668,0.4127906976744186,1.5
0.5833333333333334,0.6739601043253393,0.72,0.8221111111111111,0.09612604938271604,0.060111111111111115,NATOPS,1,20,18.8,8,142,KNNOR-GPF (M calibrated),0.715,4.270874488372137,64.0,24.0,51.0,8.069268188519285,0.5539958461343635,0.10293871112024365,0.4127906976744186,1.7999999999999998
0.64,0.7204936579256691,0.7533333333333334,0.8125555555555556,0.09571401234567903,0.0639074074074074,NATOPS,1,20,18.8,8,142,hybrid GPF-nbrs/raw-walk (M calibrated),0.715,4.270874488372137,64.0,24.0,51.0,15.465026288429947,0.4246598674688009,2.3391434676251346,0.27734375,1.7999999999999998
0.64,0.7204936579256691,0.7533333333333334,0.8173333333333332,0.09130253086419753,0.05105555555555555,NATOPS,1,20,18.8,8,142,hybrid GPF-nbrs/raw-walk (M=1),0.715,4.270874488372137,64.0,24.0,51.0,9.107479440921054,0.5024988408223405,0.22731913212979535,0.20170454545454544,1.0
0.8727272727272727,0.8914407813571615,0.8966666666666667,0.9852222222222222,0.03735740740740741,0.06233333333333333,NATOPS,2,5,5.0,30,120,none (raw-flat RF),0.715,1.0465346741972565,,,,,,,,
0.8888888888888888,0.8944271909999159,0.9,0.9883333333333334,0.02914623456790124,0.05627777777777778,NATOPS,2,5,5.0,30,120,none,0.715,1.0465346741972565,64.0,24.0,51.0,,,,,
0.9180327868852459,0.9563820714895624,0.9566666666666667,0.9886666666666667,0.02368913580246913,0.03851851851851852,NATOPS,2,5,5.0,30,120,SMOTE-raw,0.715,1.0465346741972565,64.0,24.0,51.0,0.7710804477817392,0.10204050573391521,0.6252181013094189,,
0.8852459016393442,0.9359487165438072,0.9366666666666668,0.9877777777777779,0.029965185185185185,0.02385185185185185,NATOPS,2,5,5.0,30,120,KNNOR-raw (M=1),0.715,1.0465346741972565,64.0,24.0,51.0,1.0011178906263467,0.16770672005223175,0.39433257379797826,0.96,
0.9333333333333333,0.959629558157151,0.96,0.989111111111111,0.016360123456790127,0.03785185185185184,NATOPS,2,5,5.0,30,120,chain-mean-GPF (PSSTO-style),0.715,1.0465346741972565,64.0,24.0,51.0,0.9955339515898176,0.11816458994094692,0.6322338662420128,,
0.9473684210526315,0.9486832980505138,0.95,0.982,0.017343209876543208,0.03492592592592594,NATOPS,2,5,5.0,30,120,KNNOR-GPF (M=1),0.715,1.0465346741972565,64.0,24.0,51.0,0.9639774880693031,0.15861188343138177,0.38401606171000696,1.0,1.0
0.9473684210526315,0.9486832980505138,0.95,0.9877777777777778,0.01529401234567901,0.029277777777777778,NATOPS,2,5,5.0,30,120,KNNOR-GPF (M=3/2),0.715,1.0465346741972565,64.0,24.0,51.0,0.7556010418701664,0.11815988801306077,0.48519530934093286,1.0,1.5
0.9666666666666667,0.9799092928543041,0.98,0.9853333333333334,0.014152098765432101,0.024888888888888898,NATOPS,2,5,5.0,30,120,KNNOR-GPF (M calibrated),0.715,1.0465346741972565,64.0,24.0,51.0,0.6093289335317467,0.08344209278481085,0.6166883579326858,0.9836065573770492,2.1999999999999997
0.9666666666666667,0.9799092928543041,0.98,0.9764444444444444,0.014337592592592591,0.028611111111111115,NATOPS,2,5,5.0,30,120,hybrid GPF-nbrs/raw-walk (M calibrated),0.715,1.0465346741972565,64.0,24.0,51.0,3.0138114521964354,0.12025273980536877,6.439559055191318,0.9375,2.1999999999999997
0.9333333333333333,0.959629558157151,0.96,0.9864444444444445,0.01886574074074074,0.02705555555555556,NATOPS,2,5,5.0,30,120,hybrid GPF-nbrs/raw-walk (M=1),0.715,1.0465346741972565,64.0,24.0,51.0,0.812611625112357,0.13410243860402304,0.3714620427700985,0.625,1.0
0.6521739130434783,0.7047458170621992,0.7466666666666666,0.9573333333333333,0.06403641975308642,0.055,NATOPS,2,10,10.0,15,135,none (raw-flat RF),0.715,4.4751696122489975,,,,,,,,
0.3684210526315789,0.48143304599682163,0.6133333333333333,0.8613333333333333,0.09954641975308642,0.0701111111111111,NATOPS,2,10,10.0,15,135,none,0.715,4.4751696122489975,64.0,24.0,51.0,,,,,
0.6521739130434783,0.7047458170621992,0.7466666666666666,0.8848888888888888,0.07713716049382716,0.04062962962962963,NATOPS,2,10,10.0,15,135,SMOTE-raw,0.715,4.4751696122489975,64.0,24.0,51.0,4.763604970446547,0.35297220300739823,0.5390833995572651,,
0.5238095238095238,0.603508261933689,0.6799999999999999,0.8715555555555556,0.08999814814814815,0.051666666666666666,NATOPS,2,10,10.0,15,135,KNNOR-raw (M=1),0.715,4.4751696122489975,64.0,24.0,51.0,5.995674280714223,0.4214977360355852,0.45490483170857493,1.0,
0.5714285714285714,0.6324555320336759,0.7,0.9198888888888889,0.07342,0.04933333333333332,NATOPS,2,10,10.0,15,135,chain-mean-GPF (PSSTO-style),0.715,4.4751696122489975,64.0,24.0,51.0,5.283834435703966,0.4017711744414876,0.47381746764886024,,
0.46153846153846156,0.5477225575051661,0.65,0.8982222222222223,0.08651277777777777,0.054981481481481485,NATOPS,2,10,10.0,15,135,KNNOR-GPF (M=1),0.715,4.4751696122489975,64.0,24.0,51.0,6.575782334581849,0.5907612475379838,0.12346090949664007,0.9507042253521126,1.0
0.46153846153846156,0.5477225575051661,0.65,0.8943333333333333,0.08658722222222223,0.05509259259259259,NATOPS,2,10,10.0,15,135,KNNOR-GPF (M=3/2),0.715,4.4751696122489975,64.0,24.0,51.0,5.80538925406405,0.5473576835003682,0.20413090459753616,0.9310344827586207,1.5
0.46153846153846156,0.5477225575051661,0.65,0.8882222222222222,0.08661135802469137,0.051333333333333335,NATOPS,2,10,10.0,15,135,KNNOR-GPF (M calibrated),0.715,4.4751696122489975,64.0,24.0,51.0,5.310413168263484,0.4809999407632744,0.3064219688248668,0.9121621621621622,2.1999999999999997
0.47619047619047616,0.573488351136175,0.66,0.8951111111111112,0.0839425925925926,0.05233333333333333,NATOPS,2,10,10.0,15,135,hybrid GPF-nbrs/raw-walk (M calibrated),0.715,4.4751696122489975,64.0,24.0,51.0,6.634332242788798,0.3011097158237789,6.95125200283881,0.703125,2.1999999999999997
0.42105263157894735,0.5163977794943222,0.6333333333333333,0.867,0.10029648148148151,0.07905555555555556,NATOPS,2,10,10.0,15,135,hybrid GPF-nbrs/raw-walk (M=1),0.715,4.4751696122489975,64.0,24.0,51.0,6.774104945876356,0.5990498023225737,0.10914440607730692,0.703125,1.0
0.42105263157894735,0.5163977794943222,0.6333333333333333,0.9525555555555555,0.08201123456790124,0.08088888888888889,NATOPS,2,20,18.8,8,142,none (raw-flat RF),0.715,2.885727585007542,,,,,,,,
0.23529411764705882,0.3651483716701107,0.5666666666666667,0.8660000000000001,0.10932154320987654,0.09768518518518518,NATOPS,2,20,18.8,8,142,none,0.715,2.885727585007542,64.0,24.0,51.0,,,,,
0.5333333333333333,0.6260990336999411,0.69,0.924888888888889,0.07944043209876543,0.03975925925925926,NATOPS,2,20,18.8,8,142,SMOTE-raw,0.715,2.885727585007542,64.0,24.0,51.0,1.735640416424669,0.13138356636013082,0.5430979403693875,,
0.45,0.5458937625582472,0.6466666666666666,0.893,0.09012746913580247,0.06068518518518518,NATOPS,2,20,18.8,8,142,KNNOR-raw (M=1),0.715,2.885727585007542,64.0,24.0,51.0,2.8739037798097034,0.30437174050968674,0.20920458551317897,1.0,
0.6956521739130435,0.7302967433402214,0.7666666666666666,0.952,0.060097160493827156,0.05129629629629629,NATOPS,2,20,18.8,8,142,chain-mean-GPF (PSSTO-style),0.715,2.885727585007542,64.0,24.0,51.0,3.294192680525663,0.2807689104470742,0.42126937972590217,,
0.5,0.5773502691896257,0.6666666666666666,0.8677777777777778,0.10292425925925927,0.09672222222222222,NATOPS,2,20,18.8,8,142,KNNOR-GPF (M=1),0.715,2.885727585007542,64.0,24.0,51.0,5.246568108092534,0.577321084330243,0.032457596203867393,0.743455497382199,1.0
0.5365853658536586,0.6055300708194983,0.6833333333333333,0.8246666666666667,0.10258956790123457,0.09887037037037037,NATOPS,2,20,18.8,8,142,KNNOR-GPF (M=3/2),0.715,2.885727585007542,64.0,24.0,51.0,4.874645572271353,0.5575589883524299,0.046100248863522764,0.696078431372549,1.5
0.5365853658536586,0.6055300708194983,0.6833333333333333,0.8268888888888889,0.09898382716049384,0.09159259259259259,NATOPS,2,20,18.8,8,142,KNNOR-GPF (M calibrated),0.715,2.885727585007542,64.0,24.0,51.0,4.684611465120655,0.5324726547309901,0.05894458414627781,0.6454545454545455,1.7999999999999998
0.6363636363636364,0.6831300510639732,0.7333333333333334,0.8867777777777778,0.08083111111111112,0.0635925925925926,NATOPS,2,20,18.8,8,142,hybrid GPF-nbrs/raw-walk (M calibrated),0.715,2.885727585007542,64.0,24.0,51.0,5.586176777539064,0.43844280286668513,0.2428080490875935,0.20170454545454544,1.7999999999999998
0.42105263157894735,0.5163977794943222,0.6333333333333333,0.8783333333333333,0.09397216049382716,0.07353703703703703,NATOPS,2,20,18.8,8,142,hybrid GPF-nbrs/raw-walk (M=1),0.715,2.885727585007542,64.0,24.0,51.0,5.99731424257846,0.5708193989131142,0.06012035338396324,0.221875,1.0
0.8928571428571429,0.9098229375970788,0.9133333333333333,0.975111111111111,0.03727987654320988,0.0631111111111111,NATOPS,3,5,5.0,30,120,none (raw-flat RF),0.715,1.0573748954220044,,,,,,,,
0.9090909090909091,0.9128709291752769,0.9166666666666667,0.999,0.022934320987654317,0.0642962962962963,NATOPS,3,5,5.0,30,120,none,0.715,1.0573748954220044,64.0,24.0,51.0,,,,,
0.9375,0.9865765724632495,0.9866666666666667,0.9991111111111111,0.02002746913580247,0.06387037037037036,NATOPS,3,5,5.0,30,120,SMOTE-raw,0.715,1.0573748954220044,64.0,24.0,51.0,1.1175796308805728,0.10702557449605854,0.6683069003076091,,
0.9152542372881356,0.9423375191511798,0.9433333333333334,0.9973333333333333,0.01965759259259259,0.054796296296296294,NATOPS,3,5,5.0,30,120,KNNOR-raw (M=1),0.715,1.0573748954220044,64.0,24.0,51.0,2.123030830161097,0.23272548145772853,0.33425812491998036,0.9917355371900827,
0.9375,0.9865765724632495,0.9866666666666667,0.9995555555555555,0.014055123456790124,0.04098148148148148,NATOPS,3,5,5.0,30,120,chain-mean-GPF (PSSTO-style),0.715,1.0573748954220044,64.0,24.0,51.0,0.955386352093182,0.08061518081132535,0.7551424213888516,,
0.9491525423728814,0.9628660919936433,0.9633333333333334,0.9991111111111111,0.011464444444444442,0.027851851851851864,NATOPS,3,5,5.0,30,120,KNNOR-GPF (M=1),0.715,1.0573748954220044,64.0,24.0,51.0,1.083888247917396,0.09439885926958902,0.4236526119195714,1.0,1.0
0.9836065573770492,0.9966610925150702,0.9966666666666666,1.0,0.00889117283950617,0.04187037037037041,NATOPS,3,5,5.0,30,120,KNNOR-GPF (M=3/2),0.715,1.0573748954220044,64.0,24.0,51.0,0.9563194979322569,0.07641566334160321,0.4852244850002613,1.0,1.5
0.9523809523809523,0.9899494936611666,0.99,1.0,0.010142777777777777,0.039277777777777786,NATOPS,3,5,5.0,30,120,KNNOR-GPF (M calibrated),0.715,1.0573748954220044,64.0,24.0,51.0,0.9162409584946527,0.06571033878621813,0.6462235894019781,0.9302325581395349,2.1999999999999997
0.9473684210526315,0.9486832980505138,0.95,0.9992222222222222,0.01482111111111111,0.04485185185185188,NATOPS,3,5,5.0,30,120,hybrid GPF-nbrs/raw-walk (M calibrated),0.715,1.0573748954220044,64.0,24.0,51.0,2.2088886117082005,0.10363180090522273,3.3600392875314626,0.9375,2.1999999999999997
0.9473684210526315,0.9486832980505138,0.95,1.0,0.01235074074074074,0.05188888888888887,NATOPS,3,5,5.0,30,120,hybrid GPF-nbrs/raw-walk (M=1),0.715,1.0573748954220044,64.0,24.0,51.0,1.2643610105457537,0.12261803795655679,0.3902882025477948,0.625,1.0
0.75,0.7745966692414834,0.8,0.9676666666666667,0.048889012345679016,0.0542962962962963,NATOPS,3,10,10.0,15,135,none (raw-flat RF),0.715,3.029042690708266,,,,,,,,
0.3783783783783784,0.48304589153964794,0.6166666666666667,0.9635555555555556,0.07288234567901233,0.072,NATOPS,3,10,10.0,15,135,none,0.715,3.029042690708266,64.0,24.0,51.0,,,,,
0.8214285714285714,0.8667948623136464,0.8733333333333333,0.9688888888888888,0.052639567901234564,0.06090740740740742,NATOPS,3,10,10.0,15,135,SMOTE-raw,0.715,3.029042690708266,64.0,24.0,51.0,2.904484325008699,0.19392754573276905,0.6019104166467276,,
0.5652173913043478,0.651664535375884,0.7066666666666667,0.9373333333333334,0.07217123456790123,0.045148148148148146,NATOPS,3,10,10.0,15,135,KNNOR-raw (M=1),0.715,3.029042690708266,64.0,24.0,51.0,5.6865442059105735,0.3953827592617969,0.3606037256594795,0.9121621621621622,
0.8148148148148148,0.8506206884126176,0.86,0.9814444444444445,0.04224166666666667,0.04231481481481483,NATOPS,3,10,10.0,15,135,chain-mean-GPF (PSSTO-style),0.715,3.029042690708266,64.0,24.0,51.0,2.824432453524949,0.17837187109462593,0.6077891957524909,,
0.6956521739130435,0.7302967433402214,0.7666666666666666,0.9797777777777777,0.04903765432098765,0.06007407407407407,NATOPS,3,10,10.0,15,135,KNNOR-GPF (M=1),0.715,3.029042690708266,64.0,24.0,51.0,8.56950083045191,0.4943032120968024,0.29523243119909803,0.7848837209302325,1.0
0.6363636363636364,0.6831300510639732,0.7333333333333334,0.9722222222222222,0.05601530864197531,0.07455555555555556,NATOPS,3,10,10.0,15,135,KNNOR-GPF (M=3/2),0.715,3.029042690708266,64.0,24.0,51.0,7.998891319278043,0.4458579213978289,0.43191244191683,0.7894736842105263,1.5
0.5909090909090909,0.6560826506199081,0.7133333333333334,0.9697777777777778,0.05912246913580247,0.06348148148148149,NATOPS,3,10,10.0,15,135,KNNOR-GPF (M calibrated),0.715,3.029042690708266,64.0,24.0,51.0,7.589790293372994,0.4032123610977303,0.6163254334110582,0.7894736842105263,2.1999999999999997
0.723404255319149,0.752772652709081,0.7833333333333333,0.9727777777777777,0.04991117283950617,0.07624074074074073,NATOPS,3,10,10.0,15,135,hybrid GPF-nbrs/raw-walk (M calibrated),0.715,3.029042690708266,64.0,24.0,51.0,13.572021375070582,0.4053878295004172,5.115420908308263,0.703125,2.1999999999999997
0.5365853658536586,0.6055300708194983,0.6833333333333333,0.9687777777777778,0.06104358024691358,0.07307407407407408,NATOPS,3,10,10.0,15,135,hybrid GPF-nbrs/raw-walk (M=1),0.715,3.029042690708266,64.0,24.0,51.0,10.297974899285622,0.597666436411318,0.22461292870018543,0.52734375,1.0
0.5714285714285714,0.6324555320336759,0.7,0.9574444444444445,0.0690212962962963,0.06872222222222224,NATOPS,3,20,18.8,8,142,none (raw-flat RF),0.715,2.9605446423521187,,,,,,,,
0.2702702702702703,0.4055175020198813,0.5766666666666667,0.833,0.11544450617283951,0.07153703703703704,NATOPS,3,20,18.8,8,142,none,0.715,2.9605446423521187,64.0,24.0,51.0,,,,,
0.42105263157894735,0.6,0.65,0.8488888888888889,0.1169661111111111,0.08172222222222224,NATOPS,3,20,18.8,8,142,SMOTE-raw,0.715,2.9605446423521187,64.0,24.0,51.0,1.4305245634142327,0.09154219964164434,0.5281063912692189,,
0.39215686274509803,0.5557777333511023,0.63,0.7743333333333333,0.12871086419753086,0.10570370370370373,NATOPS,3,20,18.8,8,142,KNNOR-raw (M=1),0.715,2.9605446423521187,64.0,24.0,51.0,3.096826156067941,0.32963244784003726,0.2051859280512196,0.8606060606060606,
0.391304347826087,0.5347896782848375,0.6266666666666667,0.8662222222222222,0.11306567901234567,0.08033333333333334,NATOPS,3,20,18.8,8,142,chain-mean-GPF (PSSTO-style),0.715,2.9605446423521187,64.0,24.0,51.0,3.4451471791508936,0.23603286617273,0.350158075093888,,
0.3829787234042553,0.5329165037789692,0.6233333333333333,0.854111111111111,0.10834938271604937,0.08881481481481482,NATOPS,3,20,18.8,8,142,KNNOR-GPF (M=1),0.715,2.9605446423521187,64.0,24.0,51.0,3.942199106260297,0.39100358424370024,0.12093897424762336,0.1775,1.0
0.48,0.6153589738247641,0.6733333333333333,0.8675555555555556,0.11212574074074073,0.09738888888888887,NATOPS,3,20,18.8,8,142,KNNOR-GPF (M=3/2),0.715,2.9605446423521187,64.0,24.0,51.0,3.5969641735859685,0.31245635221447515,0.18331401148409796,0.178168130489335,1.5
0.4897959183673469,0.6175219294351686,0.6766666666666667,0.8642222222222222,0.10710944444444444,0.07835185185185187,NATOPS,3,20,18.8,8,142,KNNOR-GPF (M calibrated),0.715,2.9605446423521187,64.0,24.0,51.0,3.719283478123515,0.2514238776988523,0.24916614847653862,0.18958611481975968,2.0
0.5,0.6382267099811267,0.6866666666666666,0.8624444444444445,0.10149956790123456,0.0827962962962963,NATOPS,3,20,18.8,8,142,hybrid GPF-nbrs/raw-walk (M calibrated),0.715,2.9605446423521187,64.0,24.0,51.0,11.846405910390281,0.31100173519339236,6.085205840446555,0.44375,2.0
0.4489795918367347,0.589161362540952,0.6566666666666666,0.855,0.11173388888888888,0.08168518518518518,NATOPS,3,20,18.8,8,142,hybrid GPF-nbrs/raw-walk (M=1),0.715,2.9605446423521187,64.0,24.0,51.0,4.025397903017776,0.5104006213156673,0.06305515232897978,0.15848214285714285,1.0
0.8679245283018868,0.8755950357709131,0.8833333333333333,0.9786666666666667,0.03818376543209877,0.06927777777777779,NATOPS,4,5,5.0,30,120,none (raw-flat RF),0.715,0.3897573919217443,,,,,,,,
0.8679245283018868,0.8755950357709131,0.8833333333333333,0.9993333333333333,0.027731913580246913,0.062425925925925926,NATOPS,4,5,5.0,30,120,none,0.715,0.3897573919217443,64.0,24.0,51.0,,,,,
0.9473684210526315,0.9486832980505138,0.95,0.9984444444444445,0.017210000000000003,0.05444444444444447,NATOPS,4,5,5.0,30,120,SMOTE-raw,0.715,0.3897573919217443,64.0,24.0,51.0,0.4489333697785387,0.06709349647353025,0.6757412174451857,,
0.9473684210526315,0.9486832980505138,0.95,1.0,0.015027654320987655,0.051740740740740754,NATOPS,4,5,5.0,30,120,KNNOR-raw (M=1),0.715,0.3897573919217443,64.0,24.0,51.0,0.6703546067457387,0.12889794451653291,0.3505609160647711,0.9375,
0.9473684210526315,0.9486832980505138,0.95,0.9998888888888888,0.015328271604938272,0.049296296296296276,NATOPS,4,5,5.0,30,120,chain-mean-GPF (PSSTO-style),0.715,0.3897573919217443,64.0,24.0,51.0,0.4928849535444,0.08457804206544361,0.6418009865519396,,
0.9285714285714286,0.9309493362512627,0.9333333333333333,1.0,0.01613685185185185,0.04975925925925925,NATOPS,4,5,5.0,30,120,KNNOR-GPF (M=1),0.715,0.3897573919217443,64.0,24.0,51.0,0.9566327368761289,0.2186337850121276,0.28806435801735497,1.0,1.0
0.9285714285714286,0.9309493362512627,0.9333333333333333,1.0,0.013775185185185185,0.04348148148148146,NATOPS,4,5,5.0,30,120,KNNOR-GPF (M=3/2),0.715,0.3897573919217443,64.0,24.0,51.0,0.8702352278840202,0.17017861179977578,0.3769293017017052,1.0,1.5
0.9473684210526315,0.9486832980505138,0.95,1.0,0.011100925925925927,0.04009259259259258,NATOPS,4,5,5.0,30,120,KNNOR-GPF (M calibrated),0.715,0.3897573919217443,64.0,24.0,51.0,0.7346209127402155,0.12219514152953415,0.5126931786665455,0.9836065573770492,2.0
0.9285714285714286,0.9309493362512627,0.9333333333333333,1.0,0.011554567901234566,0.04514814814814815,NATOPS,4,5,5.0,30,120,hybrid GPF-nbrs/raw-walk (M calibrated),0.715,0.3897573919217443,64.0,24.0,51.0,2.281330468393625,0.10445614107901524,3.7051976850072887,0.625,2.0
0.9285714285714286,0.9309493362512627,0.9333333333333333,1.0,0.015470679012345678,0.05205555555555555,NATOPS,4,5,5.0,30,120,hybrid GPF-nbrs/raw-walk (M=1),0.715,0.3897573919217443,64.0,24.0,51.0,1.4470803477421388,0.2927115525126704,0.2087982892777079,0.625,1.0
0.723404255319149,0.752772652709081,0.7833333333333333,0.9564444444444444,0.06061864197530864,0.06292592592592593,NATOPS,4,10,10.0,15,135,none (raw-flat RF),0.715,2.032803805720466,,,,,,,,
0.5714285714285714,0.6324555320336759,0.7,0.9702222222222223,0.07010598765432098,0.0746851851851852,NATOPS,4,10,10.0,15,135,none,0.715,2.032803805720466,64.0,24.0,51.0,,,,,
0.75,0.7745966692414834,0.8,0.9976666666666667,0.04166771604938272,0.07294444444444445,NATOPS,4,10,10.0,15,135,SMOTE-raw,0.715,2.032803805720466,64.0,24.0,51.0,1.6989517164724095,0.07633700026194357,0.6558799316989247,,
0.6363636363636364,0.6831300510639732,0.7333333333333334,0.998,0.05179067901234568,0.08190740740740741,NATOPS,4,10,10.0,15,135,KNNOR-raw (M=1),0.715,2.032803805720466,64.0,24.0,51.0,1.1494537040880513,0.08359060338822144,0.38437044909559764,0.8709677419354839,
0.8235294117647058,0.8366600265340756,0.85,1.0,0.031619629629629636,0.07,NATOPS,4,10,10.0,15,135,chain-mean-GPF (PSSTO-style),0.715,2.032803805720466,64.0,24.0,51.0,2.5039068975614143,0.10442298555960627,0.6023179677996859,,
0.8,0.816496580927726,0.8333333333333333,0.9974444444444445,0.042682716049382716,0.07296296296296297,NATOPS,4,10,10.0,15,135,KNNOR-GPF (M=1),0.715,2.032803805720466,64.0,24.0,51.0,2.593668415778529,0.1462286167289768,0.34704102013664967,0.6490384615384616,1.0
0.8235294117647058,0.8366600265340756,0.85,0.9986666666666666,0.03753820987654321,0.06998148148148148,NATOPS,4,10,10.0,15,135,KNNOR-GPF (M=3/2),0.715,2.032803805720466,64.0,24.0,51.0,3.5385300255889973,0.17216972849234147,0.4612037166532865,0.5378486055776892,1.5
0.8235294117647058,0.8366600265340756,0.85,0.9986666666666667,0.03710765432098766,0.08014814814814815,NATOPS,4,10,10.0,15,135,KNNOR-GPF (M calibrated),0.715,2.032803805720466,64.0,24.0,51.0,4.922986011004076,0.2334827486296459,0.5178944492563924,0.4945054945054945,2.0
0.8235294117647058,0.8366600265340756,0.85,0.9955555555555556,0.034278333333333334,0.05409259259259259,NATOPS,4,10,10.0,15,135,hybrid GPF-nbrs/raw-walk (M calibrated),0.715,2.032803805720466,64.0,24.0,51.0,8.219741366049856,0.18131121590147636,5.067643365018097,0.52734375,2.0
0.5714285714285714,0.6324555320336759,0.7,0.9816666666666667,0.06633932098765433,0.07112962962962964,NATOPS,4,10,10.0,15,135,hybrid GPF-nbrs/raw-walk (M=1),0.715,2.032803805720466,64.0,24.0,51.0,1.7710726704881523,0.10199020165813566,0.5245526050056022,0.3515625,1.0
0.3684210526315789,0.48143304599682163,0.6133333333333333,0.9044444444444444,0.08950839506172839,0.09266666666666667,NATOPS,4,20,18.8,8,142,none (raw-flat RF),0.715,2.126658377244663,,,,,,,,
0.42105263157894735,0.5163977794943222,0.6333333333333333,0.8786666666666666,0.09734413580246913,0.0746111111111111,NATOPS,4,20,18.8,8,142,none,0.715,2.126658377244663,64.0,24.0,51.0,,,,,
0.72,0.7694153624668538,0.7933333333333333,0.892888888888889,0.07942932098765433,0.0659814814814815,NATOPS,4,20,18.8,8,142,SMOTE-raw,0.715,2.126658377244663,64.0,24.0,51.0,0.9730705582933084,0.05710620535393096,0.5530484826463496,,
0.4888888888888889,0.5974017817925293,0.67,0.8913333333333333,0.08696358024691359,0.04225925925925925,NATOPS,4,20,18.8,8,142,KNNOR-raw (M=1),0.715,2.126658377244663,64.0,24.0,51.0,5.115285974771135,0.42810867340621417,0.1108116867882077,0.3506172839506173,
0.5116279069767442,0.6014796569941312,0.6766666666666666,0.9183333333333333,0.08279765432098765,0.06607407407407406,NATOPS,4,20,18.8,8,142,chain-mean-GPF (PSSTO-style),0.715,2.126658377244663,64.0,24.0,51.0,1.8815815278994883,0.1401937908773646,0.34473777853911125,,
0.6086956521739131,0.6785605679999719,0.7266666666666667,0.9137777777777778,0.0806796913580247,0.06383333333333333,NATOPS,4,20,18.8,8,142,KNNOR-GPF (M=1),0.715,2.126658377244663,64.0,24.0,51.0,3.7166664872824615,0.4030405109723982,0.22106015009664698,0.04913494809688582,1.0
0.6382978723404256,0.7023769168568492,0.7433333333333334,0.9211111111111111,0.07856197530864198,0.0761111111111111,NATOPS,4,20,18.8,8,142,KNNOR-GPF (M=3/2),0.715,2.126658377244663,64.0,24.0,51.0,3.161627360742715,0.2890413805398013,0.2749251396024239,0.04913494809688582,1.5
0.6521739130434783,0.7047458170621992,0.7466666666666666,0.9229999999999999,0.07805975308641977,0.06833333333333334,NATOPS,4,20,18.8,8,142,KNNOR-GPF (M calibrated),0.715,2.126658377244663,64.0,24.0,51.0,3.667103064548206,0.3518060517357493,0.2284881328555074,0.04913494809688582,2.0
0.4,0.5129435749779025,0.6266666666666667,0.8921111111111111,0.0920312962962963,0.08827777777777779,NATOPS,4,20,18.8,8,142,hybrid GPF-nbrs/raw-walk (M calibrated),0.715,2.126658377244663,64.0,24.0,51.0,9.423681002678839,0.23398435904363168,3.4089272273474083,0.18489583333333334,2.0
0.4878048780487805,0.5754225500544022,0.6633333333333333,0.9209999999999999,0.08059932098765432,0.07464814814814816,NATOPS,4,20,18.8,8,142,hybrid GPF-nbrs/raw-walk (M=1),0.715,2.126658377244663,64.0,24.0,51.0,5.18202868156501,0.461616644382697,0.4615010822705583,0.04823369565217391,1.0
0.13043478260869565,0.26413527189768715,0.5348837209302325,0.9166844463409429,0.14318932748538007,0.13960526315789476,RacketSports,0,5,4.9,22,86,none (raw-flat RF),0.138,0.8486196286045811,,,,,,,,
0.24489795918367346,0.3735436838188142,0.5697674418604651,0.8694260721143588,0.14732573099415203,0.1075438596491228,RacketSports,0,5,4.9,22,86,none,0.138,0.8486196286045811,64.0,6.0,30.0,,,,,
0.5245901639344263,0.6043720942711442,0.6768721997013014,0.9508214209515682,0.11169948830409356,0.13875,RacketSports,0,5,4.9,22,86,SMOTE-raw,0.138,0.8486196286045811,64.0,6.0,30.0,0.9822148479305053,0.055448415952535246,0.668206112828282,,
0.37037037037037035,0.48002560204818207,0.6116919138041391,0.9058032856838062,0.13949415204678364,0.11333333333333331,RacketSports,0,5,4.9,22,86,KNNOR-raw (M=1),0.138,0.8486196286045811,64.0,6.0,30.0,2.884923793187644,0.18785401006587343,0.3834151344940789,0.1111111111111111,
0.5573770491803278,0.6258768118862716,0.6930872626413485,0.8938553445700875,0.1266607456140351,0.0832236842105263,RacketSports,0,5,4.9,22,86,chain-mean-GPF (PSSTO-style),0.138,0.8486196286045811,64.0,6.0,30.0,1.0840939006924977,0.08809426909489271,0.530658746549633,,
0.5245901639344263,0.6043720942711442,0.6768721997013014,0.8677192233838277,0.13409020467836255,0.10131578947368422,RacketSports,0,5,4.9,22,86,KNNOR-GPF (M=1),0.138,0.8486196286045811,64.0,6.0,30.0,1.8333213862004847,0.19036990961126643,0.14495728664954655,0.7889908256880734,1.0
0.59375,0.6585992208059888,0.711755920631534,0.8755067207168764,0.1305479532163743,0.08706140350877194,RacketSports,0,5,4.9,22,86,KNNOR-GPF (M=3/2),0.138,0.8486196286045811,64.0,6.0,30.0,1.6006424398381291,0.146106355650222,0.18725789143605331,0.7610619469026548,1.5
0.6176470588235294,0.6858937099526994,0.7258374226584169,0.8636654576488159,0.1297220760233918,0.06570175438596491,RacketSports,0,5,4.9,22,86,KNNOR-GPF (M calibrated),0.138,0.8486196286045811,64.0,6.0,30.0,1.250890351282182,0.0879882711864004,0.2926279518979143,0.7350427350427351,2.4
0.5555555555555556,0.6532321047168564,0.691273735865159,0.8275016001706847,0.13951622807017544,0.0814473684210526,RacketSports,0,5,4.9,22,86,hybrid GPF-nbrs/raw-walk (M calibrated),0.138,0.8486196286045811,64.0,6.0,30.0,8.004068939629896,0.172500261367882,9.63729721117011,0.4479166666666667,2.4
0.4074074074074074,0.5057805388588732,0.627906976744186,0.891508427565607,0.13460190058479532,0.09929824561403511,RacketSports,0,5,4.9,22,86,hybrid GPF-nbrs/raw-walk (M=1),0.138,0.8486196286045811,64.0,6.0,30.0,2.33069801199899,0.2108335687636853,0.16944805918684866,0.22395833333333334,1.0
0.0,0.0,0.5,0.8124599957328781,0.1902828216374269,0.1706359649122807,RacketSports,0,10,9.8,11,97,none (raw-flat RF),0.138,2.7417143915460294,,,,,,,,
0.1702127659574468,0.30499714066520933,0.5465116279069767,0.8080861958608918,0.18643494152046783,0.17956140350877195,RacketSports,0,10,9.8,11,97,none,0.138,2.7417143915460294,64.0,6.0,30.0,,,,,
0.20408163265306123,0.3394293583514246,0.5535523789204182,0.8488372093023255,0.16131125730994153,0.13162280701754386,RacketSports,0,10,9.8,11,97,SMOTE-raw,0.138,2.7417143915460294,64.0,6.0,30.0,2.2243322216830457,0.1133652557147169,0.6378491545267412,,
0.1276595744680851,0.26292085042178737,0.5302965649669298,0.8089396202261575,0.1794059210526316,0.1524780701754386,RacketSports,0,10,9.8,11,97,KNNOR-raw (M=1),0.138,2.7417143915460294,64.0,6.0,30.0,3.43344576749206,0.37683763352493416,0.07262177249655806,0.05943627450980392,
0.08695652173913043,0.21467397542399946,0.5186686579901857,0.8180072541071047,0.17780687134502926,0.14846491228070177,RacketSports,0,10,9.8,11,97,chain-mean-GPF (PSSTO-style),0.138,2.7417143915460294,64.0,6.0,30.0,3.0800631811280432,0.21478750330299679,0.35516632416449895,,
0.08888888888888889,0.21566554640687682,0.5232558139534884,0.7982718156603371,0.18253486842105263,0.1538377192982456,RacketSports,0,10,9.8,11,97,KNNOR-GPF (M=1),0.138,2.7417143915460294,64.0,6.0,30.0,5.239735412784476,0.4764017112175705,0.0737502564613664,0.47783251231527096,1.0
0.044444444444444446,0.15179742376658428,0.5070407510134415,0.7943247279709836,0.1816202485380117,0.16032894736842104,RacketSports,0,10,9.8,11,97,KNNOR-GPF (M=3/2),0.138,2.7417143915460294,64.0,6.0,30.0,5.409756100290405,0.41792926664324376,0.11596746620230677,0.4092827004219409,1.5
0.08695652173913043,0.21467397542399946,0.5186686579901857,0.7969916791124386,0.17628216374269007,0.14469298245614035,RacketSports,0,10,9.8,11,97,KNNOR-GPF (M calibrated),0.138,2.7417143915460294,64.0,6.0,30.0,4.793774052586194,0.30842509721508093,0.21956469392812983,0.4369369369369369,2.1999999999999997
0.23529411764705882,0.370100811435389,0.5605931299338596,0.7880307232771495,0.17668516081871347,0.13932017543859646,RacketSports,0,10,9.8,11,97,hybrid GPF-nbrs/raw-walk (M calibrated),0.138,2.7417143915460294,64.0,6.0,30.0,18.38374578963823,0.3163117785271329,8.493795233614504,0.5052083333333334,2.1999999999999997
0.13043478260869565,0.26413527189768715,0.5348837209302325,0.8065927032216768,0.18381951754385964,0.15625,RacketSports,0,10,9.8,11,97,hybrid GPF-nbrs/raw-walk (M=1),0.138,2.7417143915460294,64.0,6.0,30.0,8.620258377904229,0.6038657260803639,0.09066973922884279,0.11658653846153846,1.0
0.0,0.0,0.5,0.7727757627480263,0.2237109649122807,0.20754385964912278,RacketSports,0,20,21.6,5,103,none (raw-flat RF),0.138,5.555412614549265,,,,,,,,
0.045454545454545456,0.15249857033260467,0.5116279069767442,0.7871772989118839,0.23726995614035087,0.22405701754385968,RacketSports,0,20,21.6,5,103,none,0.138,5.555412614549265,64.0,6.0,30.0,,,,,
0.08888888888888889,0.21566554640687682,0.5232558139534884,0.8447834435673138,0.19722266081871345,0.18535087719298243,RacketSports,0,20,21.6,5,103,SMOTE-raw,0.138,5.555412614549265,64.0,6.0,30.0,3.2576530729475266,0.1582690979527751,0.3643248616080971,,
0.0,0.0,0.5,0.7992319180712608,0.21029312865497077,0.18899122807017543,RacketSports,0,20,21.6,5,103,KNNOR-raw (M=1),0.138,5.555412614549265,64.0,6.0,30.0,4.91817390163461,0.4004384329976924,0.04802588019089111,0.3130699088145897,
0.08888888888888889,0.21566554640687682,0.5232558139534884,0.7870706208662257,0.21599656432748537,0.1961184210526316,RacketSports,0,20,21.6,5,103,chain-mean-GPF (PSSTO-style),0.138,5.555412614549265,64.0,6.0,30.0,6.130432979068129,0.3361486329795069,0.23097905635605204,,
0.045454545454545456,0.15249857033260467,0.5116279069767442,0.758374226584169,0.21678450292397664,0.1901315789473684,RacketSports,0,20,21.6,5,103,KNNOR-GPF (M=1),0.138,5.555412614549265,64.0,6.0,30.0,6.890582842145108,0.5077984140199729,0.04945238382211351,0.04881516587677725,1.0
0.045454545454545456,0.15249857033260467,0.5116279069767442,0.7352250906763388,0.21287441520467834,0.18355263157894738,RacketSports,0,20,21.6,5,103,KNNOR-GPF (M=3/2),0.138,5.555412614549265,64.0,6.0,30.0,6.781236973136224,0.45151257328415734,0.07778394300428143,0.04881516587677725,1.5
0.045454545454545456,0.15249857033260467,0.5116279069767442,0.734798378493706,0.21606520467836257,0.18333333333333332,RacketSports,0,20,21.6,5,103,KNNOR-GPF (M calibrated),0.138,5.555412614549265,64.0,6.0,30.0,7.124121567695877,0.49414024248935834,0.06043253306286988,0.04881516587677725,1.4
0.0,0.0,0.4954128440366973,0.7552805632600811,0.2309830409356725,0.2092982456140351,RacketSports,0,20,21.6,5,103,hybrid GPF-nbrs/raw-walk (M calibrated),0.138,5.555412614549265,64.0,6.0,30.0,10.480807715212677,0.6677602973967394,0.040216193432740424,0.04876893939393939,1.4
0.0,0.0,0.5,0.7442927245572861,0.23281842105263162,0.20118421052631583,RacketSports,0,20,21.6,5,103,hybrid GPF-nbrs/raw-walk (M=1),0.138,5.555412614549265,64.0,6.0,30.0,10.273280307218624,0.8159804451736612,0.006025121035734118,0.04876893939393939,1.0
0.34615384615384615,0.457495710997814,0.6046511627906976,0.8942820567527202,0.13968998538011698,0.11831140350877194,RacketSports,1,5,4.9,22,86,none (raw-flat RF),0.138,0.9290643308071544,,,,,,,,
0.4642857142857143,0.5498414147691576,0.6511627906976745,0.9014294858118199,0.1289716374269006,0.09877192982456141,RacketSports,1,5,4.9,22,86,none,0.138,0.9290643308071544,64.0,6.0,30.0,,,,,
0.684931506849315,0.7447991926839465,0.767761894602091,0.9026029443140602,0.12079108187134505,0.10539473684210525,RacketSports,1,5,4.9,22,86,SMOTE-raw,0.138,0.9290643308071544,64.0,6.0,30.0,1.4824493771313438,0.10300066039667788,0.32141708594616103,,
0.6857142857142857,0.7367346172869438,0.7653082995519522,0.8617452528269682,0.13000584795321635,0.11065789473684212,RacketSports,1,5,4.9,22,86,KNNOR-raw (M=1),0.138,0.9290643308071544,64.0,6.0,30.0,3.088622364141763,0.27608912207227776,0.1445546144331815,0.9662921348314607,
0.5970149253731343,0.6693637215777793,0.7142095156816727,0.8900149349263922,0.12936052631578948,0.1023684210526316,RacketSports,1,5,4.9,22,86,chain-mean-GPF (PSSTO-style),0.138,0.9290643308071544,64.0,6.0,30.0,1.0994569411720754,0.07027752180913427,0.4221945771172476,,
0.6031746031746031,0.6616696300883601,0.7163430765948369,0.9016428419031364,0.12880087719298247,0.10035087719298241,RacketSports,1,5,4.9,22,86,KNNOR-GPF (M=1),0.138,0.9290643308071544,64.0,6.0,30.0,2.0704029873574115,0.2180989507417208,0.12132151058244645,0.819047619047619,1.0
0.5333333333333333,0.6071896950663371,0.6814593556646042,0.8954555152549605,0.12747931286549707,0.10537280701754387,RacketSports,1,5,4.9,22,86,KNNOR-GPF (M=3/2),0.138,0.9290643308071544,64.0,6.0,30.0,2.0248297548057828,0.19523564511808145,0.14406804756371586,0.6666666666666666,1.5
0.6567164179104478,0.7086890989417167,0.7466396415617667,0.8971623639854918,0.12573084795321635,0.1164035087719298,RacketSports,1,5,4.9,22,86,KNNOR-GPF (M calibrated),0.138,0.9290643308071544,64.0,6.0,30.0,1.7525523572625126,0.14632177687784942,0.22979011344257164,0.6323529411764706,2.1999999999999997
0.6582278481012658,0.7410658398876795,0.7564540217623212,0.8854277789630893,0.1268640350877193,0.07951754385964914,RacketSports,1,5,4.9,22,86,hybrid GPF-nbrs/raw-walk (M calibrated),0.138,0.9290643308071544,64.0,6.0,30.0,2.1741347626156404,0.07755766592135682,1.8234919374416023,0.4479166666666667,2.1999999999999997
0.6268656716417911,0.6891521307159415,0.7304245786217196,0.8966289737572007,0.124,0.09837719298245615,RacketSports,1,5,4.9,22,86,hybrid GPF-nbrs/raw-walk (M=1),0.138,0.9290643308071544,64.0,6.0,30.0,3.282268581914643,0.34055471250017005,0.09347073148508044,0.4479166666666667,1.0
0.0,0.0,0.5,0.8645188820140816,0.18344963450292398,0.17234649122807014,RacketSports,1,10,9.8,11,97,none (raw-flat RF),0.138,2.027274838091202,,,,,,,,
0.1702127659574468,0.30499714066520933,0.5465116279069767,0.898335822487732,0.1498075292397661,0.1274780701754386,RacketSports,1,10,9.8,11,97,none,0.138,2.027274838091202,64.0,6.0,30.0,,,,,
0.2,0.3378542716235475,0.5489652229571155,0.868999359931726,0.1562641812865497,0.12394736842105261,RacketSports,1,10,9.8,11,97,SMOTE-raw,0.138,2.027274838091202,64.0,6.0,30.0,2.3629194822175386,0.14036898157341204,0.4147782751228963,,
0.08695652173913043,0.21467397542399946,0.5186686579901857,0.8688926818860678,0.15974773391812866,0.12888157894736843,RacketSports,1,10,9.8,11,97,KNNOR-raw (M=1),0.138,2.027274838091202,64.0,6.0,30.0,3.853680516200523,0.3011006743193594,0.2124688376618763,1.0,
0.13043478260869565,0.26413527189768715,0.5348837209302325,0.8790270962235972,0.15548801169590645,0.11802631578947369,RacketSports,1,10,9.8,11,97,chain-mean-GPF (PSSTO-style),0.138,2.027274838091202,64.0,6.0,30.0,2.4897958122944956,0.169305105979642,0.4117167597043693,,
0.20833333333333334,0.34099716973523675,0.5581395348837209,0.9028163004053765,0.14947266081871344,0.12166666666666666,RacketSports,1,10,9.8,11,97,KNNOR-GPF (M=1),0.138,2.027274838091202,64.0,6.0,30.0,4.153253223410829,0.52179895118399,0.039067654286264464,0.5739644970414202,1.0
0.24489795918367346,0.3735436838188142,0.5697674418604651,0.9098570514188179,0.14521359649122806,0.13105263157894737,RacketSports,1,10,9.8,11,97,KNNOR-GPF (M=3/2),0.138,2.027274838091202,64.0,6.0,30.0,3.795643505282044,0.4394394961682987,0.05736739786359947,0.47549019607843135,1.5
0.24489795918367346,0.3735436838188142,0.5697674418604651,0.9023895882227437,0.14063925438596492,0.12260964912280699,RacketSports,1,10,9.8,11,97,KNNOR-GPF (M calibrated),0.138,2.027274838091202,64.0,6.0,30.0,2.7279397789353332,0.22493258464720378,0.14767240265060436,0.5950920245398773,2.4
0.4745762711864407,0.565338327722416,0.6536163857478131,0.903563046724984,0.12724159356725148,0.11230263157894738,RacketSports,1,10,9.8,11,97,hybrid GPF-nbrs/raw-walk (M calibrated),0.138,2.027274838091202,64.0,6.0,30.0,5.598234564505535,0.12267012844359493,3.2791545243367084,0.303125,2.4
0.20833333333333334,0.34099716973523675,0.5581395348837209,0.8976957542137829,0.14695226608187134,0.13177631578947369,RacketSports,1,10,9.8,11,97,hybrid GPF-nbrs/raw-walk (M=1),0.138,2.027274838091202,64.0,6.0,30.0,4.954145355628821,0.5391234753671947,0.04029468609686178,0.11658653846153846,1.0
0.0,0.0,0.5,0.6998079795178154,0.22895643274853802,0.21635964912280703,RacketSports,1,20,21.6,5,103,none (raw-flat RF),0.138,5.8702793670296884,,,,,,,,
0.08888888888888889,0.21566554640687682,0.5232558139534884,0.7193300618732664,0.21742697368421054,0.1803289473684211,RacketSports,1,20,21.6,5,103,none,0.138,5.8702793670296884,64.0,6.0,30.0,,,,,
0.3137254901960784,0.43133109281375365,0.5930232558139534,0.7249839982931512,0.18115043859649121,0.13991228070175438,RacketSports,1,20,21.6,5,103,SMOTE-raw,0.138,5.8702793670296884,64.0,6.0,30.0,3.4164583253395833,0.179745208506085,0.38398311780185296,,
0.24489795918367346,0.3735436838188142,0.5697674418604651,0.7122893108598249,0.19248713450292398,0.1493859649122807,RacketSports,1,20,21.6,5,103,KNNOR-raw (M=1),0.138,5.8702793670296884,64.0,6.0,30.0,3.9033179233120876,0.36720048299852176,0.08180809747041648,0.6358024691358025,
0.045454545454545456,0.15249857033260467,0.5116279069767442,0.7456795391508427,0.2009392543859649,0.1749780701754386,RacketSports,1,20,21.6,5,103,chain-mean-GPF (PSSTO-style),0.138,5.8702793670296884,64.0,6.0,30.0,6.178248001867171,0.3467946429046468,0.25312117967992026,,
0.0,0.0,0.5,0.7581608704928525,0.20520811403508774,0.17651315789473687,RacketSports,1,20,21.6,5,103,KNNOR-GPF (M=1),0.138,5.8702793670296884,64.0,6.0,30.0,9.288449756516368,0.556761814747488,0.1375331137257598,0.33993399339933994,1.0
0.0,0.0,0.5,0.7438660123746533,0.20086812865497075,0.16837719298245613,RacketSports,1,20,21.6,5,103,KNNOR-GPF (M=3/2),0.138,5.8702793670296884,64.0,6.0,30.0,9.228341549526125,0.4674506904264779,0.2723059118353171,0.45374449339207046,1.5
0.045454545454545456,0.15249857033260467,0.5116279069767442,0.7467463196074247,0.19836279239766083,0.162609649122807,RacketSports,1,20,21.6,5,103,KNNOR-GPF (M calibrated),0.138,5.8702793670296884,64.0,6.0,30.0,9.07281780419127,0.44913150436266147,0.3045897038987357,0.4790697674418605,1.5999999999999999
0.20833333333333334,0.34099716973523675,0.5581395348837209,0.7098357158096863,0.2066124269005848,0.1857894736842105,RacketSports,1,20,21.6,5,103,hybrid GPF-nbrs/raw-walk (M calibrated),0.138,5.8702793670296884,64.0,6.0,30.0,26.28860611869587,0.6771441883366544,1.5482954083354912,0.321875,1.5999999999999999
0.24489795918367346,0.3735436838188142,0.5697674418604651,0.7023682526136121,0.2135204678362573,0.17763157894736845,RacketSports,1,20,21.6,5,103,hybrid GPF-nbrs/raw-walk (M=1),0.138,5.8702793670296884,64.0,6.0,30.0,20.2937450994589,0.9486144299911862,0.03841257837617993,0.1609375,1.0
0.3137254901960784,0.43133109281375365,0.5930232558139534,0.8859611691913803,0.15455277777777776,0.13942982456140351,RacketSports,2,5,4.9,22,86,none (raw-flat RF),0.138,1.2291645756586842,,,,,,,,
0.4642857142857143,0.5498414147691576,0.6511627906976745,0.8885214422871773,0.13914714912280698,0.10699561403508771,RacketSports,2,5,4.9,22,86,none,0.138,1.2291645756586842,64.0,6.0,30.0,,,,,
0.5079365079365079,0.598697113248063,0.667697887774696,0.8829741839129507,0.12905577485380118,0.08616228070175437,RacketSports,2,5,4.9,22,86,SMOTE-raw,0.138,1.2291645756586842,64.0,6.0,30.0,1.1119224502263059,0.06700044156994533,0.5027349645014841,,
0.5573770491803278,0.6258768118862716,0.6930872626413485,0.867932579475144,0.13871345029239768,0.09478070175438597,RacketSports,2,5,4.9,22,86,KNNOR-raw (M=1),0.138,1.2291645756586842,64.0,6.0,30.0,2.1942001475182416,0.217475592559644,0.1836840321851024,1.0,
0.5084745762711864,0.5879088942451709,0.66983144868786,0.8797738425432046,0.13134203216374268,0.12138157894736841,RacketSports,2,5,4.9,22,86,chain-mean-GPF (PSSTO-style),0.138,1.2291645756586842,64.0,6.0,30.0,1.0127871291974273,0.062181878339721885,0.45286530755044985,,
0.4482758620689655,0.5447736438385417,0.6419884787710689,0.8931085982504801,0.13316842105263157,0.12364035087719298,RacketSports,2,5,4.9,22,86,KNNOR-GPF (M=1),0.138,1.2291645756586842,64.0,6.0,30.0,1.4267820471954558,0.16155446675879093,0.18872702954686807,0.3346303501945525,1.0
0.5483870967741935,0.6229724954639205,0.6885001066780456,0.8803072327714956,0.13211988304093567,0.09640350877192982,RacketSports,2,5,4.9,22,86,KNNOR-GPF (M=3/2),0.138,1.2291645756586842,64.0,6.0,30.0,1.37048212629783,0.12477317245361552,0.25389270279729276,0.3359375,1.5
0.5671641791044776,0.6493008828280002,0.6979944527416257,0.8760401109451675,0.13021030701754385,0.07041666666666666,RacketSports,2,5,4.9,22,86,KNNOR-GPF (M calibrated),0.138,1.2291645756586842,64.0,6.0,30.0,1.0804551608620656,0.0714750100952164,0.4239916640817434,0.4215686274509804,2.1999999999999997
0.5671641791044776,0.6493008828280002,0.6979944527416257,0.8781736718583315,0.13562777777777776,0.11587719298245615,RacketSports,2,5,4.9,22,86,hybrid GPF-nbrs/raw-walk (M calibrated),0.138,1.2291645756586842,64.0,6.0,30.0,7.008258319929862,0.22377689115996469,4.045364456332412,0.4479166666666667,2.1999999999999997
0.41379310344827586,0.5209500438184738,0.625773415831022,0.8714529549818647,0.13786593567251462,0.08035087719298248,RacketSports,2,5,4.9,22,86,hybrid GPF-nbrs/raw-walk (M=1),0.138,1.2291645756586842,64.0,6.0,30.0,2.3072635549781033,0.23753025964473762,0.13915849599134422,0.061079545454545456,1.0
0.1702127659574468,0.30499714066520933,0.5465116279069767,0.7569874119906124,0.19694181286549706,0.1742982456140351,RacketSports,2,10,9.8,11,97,none (raw-flat RF),0.138,2.448343503259588,,,,,,,,
0.28,0.4034732923929645,0.5813953488372093,0.818647322381054,0.17920752923976607,0.16497807017543858,RacketSports,2,10,9.8,11,97,none,0.138,2.448343503259588,64.0,6.0,30.0,,,,,
0.3508771929824561,0.47331162660791193,0.5979304459142308,0.781950074674632,0.16389941520467835,0.09754385964912281,RacketSports,2,10,9.8,11,97,SMOTE-raw,0.138,2.448343503259588,64.0,6.0,30.0,2.017264414568695,0.10806599650566484,0.5342235502182401,,
0.24489795918367346,0.3735436838188142,0.5697674418604651,0.800832088756134,0.16692404970760233,0.11462719298245615,RacketSports,2,10,9.8,11,97,KNNOR-raw (M=1),0.138,2.448343503259588,64.0,6.0,30.0,3.4100156764882925,0.2487009735133221,0.22397280405392536,0.708029197080292,
0.34615384615384615,0.457495710997814,0.6046511627906976,0.8309152976317473,0.1574437865497076,0.11291666666666667,RacketSports,2,10,9.8,11,97,chain-mean-GPF (PSSTO-style),0.138,2.448343503259588,64.0,6.0,30.0,2.3772407614679008,0.16072128742305314,0.40792869907455515,,
0.3076923076923077,0.4293479508479989,0.5884360998506508,0.8231278002986986,0.16781425438596492,0.13519736842105262,RacketSports,2,10,9.8,11,97,KNNOR-GPF (M=1),0.138,2.448343503259588,64.0,6.0,30.0,4.202446026825676,0.3918336739561909,0.12250767612524618,0.6689655172413793,1.0
0.2962962962962963,0.4253539296119329,0.5792617879240453,0.8202474930659271,0.1690842105263158,0.1355701754385965,RacketSports,2,10,9.8,11,97,KNNOR-GPF (M=3/2),0.138,2.448343503259588,64.0,6.0,30.0,4.2679216253164025,0.32590163050597015,0.19866838068671772,0.5574712643678161,1.5
0.38596491228070173,0.49877169373865904,0.6141455088542778,0.8079795178152337,0.16837529239766083,0.12947368421052632,RacketSports,2,10,9.8,11,97,KNNOR-GPF (M calibrated),0.138,2.448343503259588,64.0,6.0,30.0,4.339906761701556,0.3046353554907051,0.24706704857461964,0.5388888888888889,1.7999999999999998
0.32727272727272727,0.4511559720494148,0.5908896949007895,0.8131000640068273,0.16915650584795322,0.1262061403508772,RacketSports,2,10,9.8,11,97,hybrid GPF-nbrs/raw-walk (M calibrated),0.138,2.448343503259588,64.0,6.0,30.0,12.33239645248636,0.39762011466210756,1.9542877988985012,0.37890625,1.7999999999999998
0.34615384615384615,0.457495710997814,0.6046511627906976,0.8129933859611692,0.1701184941520468,0.13160087719298247,RacketSports,2,10,9.8,11,97,hybrid GPF-nbrs/raw-walk (M=1),0.138,2.448343503259588,64.0,6.0,30.0,8.985733227784767,0.6987564896432386,0.06213784553345039,0.08915441176470588,1.0
0.0,0.0,0.5,0.7857904843183272,0.21651447368421053,0.2156578947368421,RacketSports,2,20,21.6,5,103,none (raw-flat RF),0.138,5.914033966725274,,,,,,,,
0.0,0.0,0.4954128440366973,0.6852997653082995,0.24396630116959067,0.19331140350877196,RacketSports,2,20,21.6,5,103,none,0.138,5.914033966725274,64.0,6.0,30.0,,,,,
0.20408163265306123,0.3394293583514246,0.5535523789204182,0.6772989118839342,0.21439736842105264,0.15894736842105264,RacketSports,2,20,21.6,5,103,SMOTE-raw,0.138,5.914033966725274,64.0,6.0,30.0,3.2658926673941533,0.20579382383902,0.4879808081813485,,
0.1276595744680851,0.26292085042178737,0.5302965649669298,0.7006614038830807,0.21666790935672514,0.15497807017543858,RacketSports,2,20,21.6,5,103,KNNOR-raw (M=1),0.138,5.914033966725274,64.0,6.0,30.0,3.5921661835697094,0.38480363381131816,0.12092866200327268,0.7803030303030303,
0.08695652173913043,0.21467397542399946,0.5186686579901857,0.7011947941113719,0.22368845029239767,0.16434210526315787,RacketSports,2,20,21.6,5,103,chain-mean-GPF (PSSTO-style),0.138,5.914033966725274,64.0,6.0,30.0,6.68245599972278,0.45207297467056207,0.24731650214061085,,
0.13043478260869565,0.26413527189768715,0.5348837209302325,0.6800725410710475,0.225431798245614,0.16813596491228067,RacketSports,2,20,21.6,5,103,KNNOR-GPF (M=1),0.138,5.914033966725274,64.0,6.0,30.0,8.090029731626988,0.5961937783224205,0.14127176307815334,0.7862595419847328,1.0
0.13043478260869565,0.26413527189768715,0.5348837209302325,0.6874333262214636,0.22346571637426904,0.17410087719298245,RacketSports,2,20,21.6,5,103,KNNOR-GPF (M=3/2),0.138,5.914033966725274,64.0,6.0,30.0,8.410880878450392,0.5463912223695732,0.21234499798657963,0.762962962962963,1.5
0.13043478260869565,0.26413527189768715,0.5348837209302325,0.6746319607424792,0.2233512426900585,0.15857456140350873,RacketSports,2,20,21.6,5,103,KNNOR-GPF (M calibrated),0.138,5.914033966725274,64.0,6.0,30.0,8.370119009450455,0.5582608149440466,0.19309889107268477,0.7744360902255639,1.4
0.1702127659574468,0.30499714066520933,0.5465116279069767,0.6874333262214636,0.21889956140350877,0.17798245614035088,RacketSports,2,20,21.6,5,103,hybrid GPF-nbrs/raw-walk (M calibrated),0.138,5.914033966725274,64.0,6.0,30.0,16.08643184296018,0.6153049964903672,0.7761927650073773,0.321875,1.4
0.08888888888888889,0.21566554640687682,0.5232558139534884,0.6905269895455515,0.22521725146198826,0.1794736842105263,RacketSports,2,20,21.6,5,103,hybrid GPF-nbrs/raw-walk (M=1),0.138,5.914033966725274,64.0,6.0,30.0,14.24046269756376,0.7802225903628408,0.1756458051099866,0.22991071428571427,1.0
0.1276595744680851,0.26292085042178737,0.5302965649669298,0.8441433752933647,0.15344590643274855,0.09754385964912282,RacketSports,3,5,4.9,22,86,none (raw-flat RF),0.138,1.0086578678801779,,,,,,,,
0.19607843137254902,0.33627180731916223,0.5443780669938127,0.8044591423085129,0.1601173976608187,0.09548245614035088,RacketSports,3,5,4.9,22,86,none,0.138,1.0086578678801779,64.0,6.0,30.0,,,,,
0.6666666666666666,0.7447991926839465,0.7610411777256241,0.8549178579048432,0.13444729532163743,0.07760964912280702,RacketSports,3,5,4.9,22,86,SMOTE-raw,0.138,1.0086578678801779,64.0,6.0,30.0,1.3347279788413875,0.11599500572450439,0.4666773529885741,,
0.5161290322580645,0.6015412960658864,0.6722850437379988,0.8415831021975677,0.14200270467836257,0.08699561403508772,RacketSports,3,5,4.9,22,86,KNNOR-raw (M=1),0.138,1.0086578678801779,64.0,6.0,30.0,2.973158100043758,0.33364544949109426,0.19337085515174388,0.5443037974683544,
0.6666666666666666,0.7212226775617919,0.753680392575208,0.8557712822701088,0.13307726608187134,0.08844298245614035,RacketSports,3,5,4.9,22,86,chain-mean-GPF (PSSTO-style),0.138,1.0086578678801779,64.0,6.0,30.0,1.344588632746147,0.0947826810114254,0.58284910037627,,
0.45614035087719296,0.5473133948737556,0.6465756347343716,0.8133134200981439,0.1508097953216374,0.06017543859649121,RacketSports,3,5,4.9,22,86,KNNOR-GPF (M=1),0.138,1.0086578678801779,64.0,6.0,30.0,2.4400797484653687,0.1995109697353179,0.38493203790149483,0.6187050359712231,1.0
0.46153846153846156,0.5713447468158808,0.6423085129080436,0.8068060593129933,0.15182638888888889,0.05896929824561404,RacketSports,3,5,4.9,22,86,KNNOR-GPF (M=3/2),0.138,1.0086578678801779,64.0,6.0,30.0,2.1757744133683623,0.15892715098534094,0.4972847776268499,0.5850340136054422,1.5
0.5079365079365079,0.598697113248063,0.667697887774696,0.806059312993386,0.15089385964912283,0.07258771929824562,RacketSports,3,5,4.9,22,86,KNNOR-GPF (M calibrated),0.138,1.0086578678801779,64.0,6.0,30.0,2.159663842172723,0.14494336320532963,0.5808870117699279,0.5149700598802395,1.7999999999999998
0.5633802816901409,0.6564901404127425,0.6958608918284617,0.799765308299552,0.15330051169590642,0.08778508771929826,RacketSports,3,5,4.9,22,86,hybrid GPF-nbrs/raw-walk (M calibrated),0.138,1.0086578678801779,64.0,6.0,30.0,3.706079624541495,0.12454711275930441,2.074472876432416,0.4479166666666667,1.7999999999999998
0.5806451612903226,0.6440219262719985,0.7047151696180927,0.8430765948367827,0.14083450292397662,0.08342105263157897,RacketSports,3,5,4.9,22,86,hybrid GPF-nbrs/raw-walk (M=1),0.138,1.0086578678801779,64.0,6.0,30.0,2.555835784825632,0.17155403669441294,0.5347645323683444,0.083984375,1.0
0.0,0.0,0.5,0.8167271175592062,0.1908842105263158,0.15087719298245617,RacketSports,3,10,9.8,11,97,none (raw-flat RF),0.138,2.293086850322368,,,,,,,,
0.0,0.0,0.5,0.7530403243012588,0.1966026315789474,0.1726315789473684,RacketSports,3,10,9.8,11,97,none,0.138,2.293086850322368,64.0,6.0,30.0,,,,,
0.4,0.5034550987763374,0.6233198207808833,0.8593983358224876,0.14060555555555557,0.09890350877192983,RacketSports,3,10,9.8,11,97,SMOTE-raw,0.138,2.293086850322368,64.0,6.0,30.0,1.9415317274450992,0.08971994344006728,0.5305548306666764,,
0.20833333333333334,0.34099716973523675,0.5581395348837209,0.8350757414124174,0.1574424707602339,0.08414473684210526,RacketSports,3,10,9.8,11,97,KNNOR-raw (M=1),0.138,2.293086850322368,64.0,6.0,30.0,2.766725592517801,0.3181995738566038,0.05056886050456427,0.34767025089605735,
0.24,0.3718262324971596,0.5651802858971624,0.8187540004267122,0.16841483918128652,0.11151315789473686,RacketSports,3,10,9.8,11,97,chain-mean-GPF (PSSTO-style),0.138,2.293086850322368,64.0,6.0,30.0,2.0406702660230955,0.12239618013033182,0.48198989320019525,,
0.08888888888888889,0.21566554640687682,0.5232558139534884,0.8129933859611691,0.1847892543859649,0.15756578947368421,RacketSports,3,10,9.8,11,97,KNNOR-GPF (M=1),0.138,2.293086850322368,64.0,6.0,30.0,5.780001035146508,0.59637955029302,0.02684115746412776,0.17830882352941177,1.0
0.08888888888888889,0.21566554640687682,0.5232558139534884,0.8243012588009387,0.18173194444444443,0.1533991228070175,RacketSports,3,10,9.8,11,97,KNNOR-GPF (M=3/2),0.138,2.293086850322368,64.0,6.0,30.0,6.0714431022894395,0.5303450752563451,0.0481439605963613,0.21846846846846846,1.5
0.1702127659574468,0.30499714066520933,0.5465116279069767,0.8089396202261575,0.17923991228070177,0.1444736842105263,RacketSports,3,10,9.8,11,97,KNNOR-GPF (M calibrated),0.138,2.293086850322368,64.0,6.0,30.0,6.6729609118286355,0.48643586168683933,0.08672966228495654,0.2579787234042553,2.4
0.1702127659574468,0.30499714066520933,0.5465116279069767,0.7863238745466183,0.17437076023391812,0.13771929824561405,RacketSports,3,10,9.8,11,97,hybrid GPF-nbrs/raw-walk (M calibrated),0.138,2.293086850322368,64.0,6.0,30.0,22.669540192776093,0.30146699560664336,8.531670110041848,0.2526041666666667,2.4
0.08888888888888889,0.21566554640687682,0.5232558139534884,0.7912310646468956,0.1857885964912281,0.15741228070175436,RacketSports,3,10,9.8,11,97,hybrid GPF-nbrs/raw-walk (M=1),0.138,2.293086850322368,64.0,6.0,30.0,8.06770708107872,0.7609707587782943,0.013581492451124616,0.050520833333333334,1.0
0.0,0.0,0.5,0.6841263068060592,0.23613589181286546,0.2224342105263158,RacketSports,3,20,21.6,5,103,none (raw-flat RF),0.138,7.714886818037339,,,,,,,,
0.045454545454545456,0.15249857033260467,0.5116279069767442,0.7328781736718584,0.22970409356725144,0.19842105263157897,RacketSports,3,20,21.6,5,103,none,0.138,7.714886818037339,64.0,6.0,30.0,,,,,
0.1702127659574468,0.30499714066520933,0.5465116279069767,0.7168764668231278,0.18720445906432748,0.11668859649122806,RacketSports,3,20,21.6,5,103,SMOTE-raw,0.138,7.714886818037339,64.0,6.0,30.0,3.9168300337270665,0.16579633244863257,0.33487136024661585,,
0.13043478260869565,0.26413527189768715,0.5348837209302325,0.6476424151909538,0.21358150584795324,0.18423245614035086,RacketSports,3,20,21.6,5,103,KNNOR-raw (M=1),0.138,7.714886818037339,64.0,6.0,30.0,5.797601031773354,0.42303645800473416,0.05102662725881714,0.2647814910025707,
0.1702127659574468,0.30499714066520933,0.5465116279069767,0.6030509921058247,0.22444539473684208,0.1730482456140351,RacketSports,3,20,21.6,5,103,chain-mean-GPF (PSSTO-style),0.138,7.714886818037339,64.0,6.0,30.0,7.641596664761067,0.36499009698245555,0.2575953306614312,,
0.045454545454545456,0.15249857033260467,0.5116279069767442,0.676125453381694,0.2285406432748538,0.196359649122807,RacketSports,3,20,21.6,5,103,KNNOR-GPF (M=1),0.138,7.714886818037339,64.0,6.0,30.0,21.07941463924412,1.0186487975569287,0.04855796291219757,0.10796645702306079,1.0
0.13043478260869565,0.26413527189768715,0.5348837209302325,0.6615105611265202,0.22821681286549705,0.19890350877192983,RacketSports,3,20,21.6,5,103,KNNOR-GPF (M=3/2),0.138,7.714886818037339,64.0,6.0,30.0,22.487547018985936,0.8933514530466883,0.12766204203777876,0.19507575757575757,1.5
0.08888888888888889,0.21566554640687682,0.5232558139534884,0.6488158736931939,0.2286125,0.19778508771929823,RacketSports,3,20,21.6,5,103,KNNOR-GPF (M calibrated),0.138,7.714886818037339,64.0,6.0,30.0,22.706885567770826,0.9235219527726174,0.1135985245820159,0.18327402135231316,1.4
0.045454545454545456,0.15249857033260467,0.5116279069767442,0.7035417111158523,0.22460862573099413,0.18350877192982457,RacketSports,3,20,21.6,5,103,hybrid GPF-nbrs/raw-walk (M calibrated),0.138,7.714886818037339,64.0,6.0,30.0,31.09196493794215,0.8663483364686472,0.30681304694303274,0.1609375,1.4
0.0,0.0,0.5,0.7123959889054833,0.2277264619883041,0.20640350877192984,RacketSports,3,20,21.6,5,103,hybrid GPF-nbrs/raw-walk (M=1),0.138,7.714886818037339,64.0,6.0,30.0,18.331208214673126,0.8557845360516336,0.07826468078216839,0.09466911764705882,1.0
0.28,0.4034732923929645,0.5813953488372093,0.8879880520588863,0.14911030701754385,0.11734649122807018,RacketSports,4,5,4.9,22,86,none (raw-flat RF),0.138,0.9731152582240554,,,,,,,,
0.37735849056603776,0.4822428221704121,0.6162790697674418,0.9091103050992105,0.1337235380116959,0.12298245614035087,RacketSports,4,5,4.9,22,86,none,0.138,0.9731152582240554,64.0,6.0,30.0,,,,,
0.5161290322580645,0.6015412960658864,0.6722850437379988,0.8804139108171538,0.13500840643274853,0.11168859649122807,RacketSports,4,5,4.9,22,86,SMOTE-raw,0.138,0.9731152582240554,64.0,6.0,30.0,1.2790855172574016,0.09043026294417711,0.4155843028253377,,
0.4482758620689655,0.5447736438385417,0.6419884787710689,0.896202261574568,0.13778771929824563,0.11298245614035089,RacketSports,4,5,4.9,22,86,KNNOR-raw (M=1),0.138,0.9731152582240554,64.0,6.0,30.0,2.0771679697988485,0.18686126926228153,0.24096431349841516,1.0,
0.5084745762711864,0.5879088942451709,0.66983144868786,0.8911883934286324,0.13186754385964913,0.10385964912280701,RacketSports,4,5,4.9,22,86,chain-mean-GPF (PSSTO-style),0.138,0.9731152582240554,64.0,6.0,30.0,1.1122398385751957,0.08199326358222825,0.3960119059092934,,
0.45614035087719296,0.5473133948737556,0.6465756347343716,0.8827608278216343,0.13775416666666665,0.09708333333333335,RacketSports,4,5,4.9,22,86,KNNOR-GPF (M=1),0.138,0.9731152582240554,64.0,6.0,30.0,1.9134600443573184,0.20940278540333523,0.16478355147160723,0.8113207547169812,1.0
0.625,0.6788587167028493,0.727970983571581,0.8892681886067847,0.12829897660818715,0.08548245614035087,RacketSports,4,5,4.9,22,86,KNNOR-GPF (M=3/2),0.138,0.9731152582240554,64.0,6.0,30.0,1.7366929403508884,0.1625619505484156,0.22806489033797506,0.7049180327868853,1.5
0.6666666666666666,0.7212226775617919,0.753680392575208,0.8905483251546831,0.12213552631578946,0.07999999999999999,RacketSports,4,5,4.9,22,86,KNNOR-GPF (M calibrated),0.138,0.9731152582240554,64.0,6.0,30.0,1.4299046203562913,0.1115686611397112,0.34601202512573614,0.6466165413533834,2.1999999999999997
0.647887323943662,0.714386289362307,0.7445060806486026,0.8641988478771069,0.13377558479532164,0.08578947368421054,RacketSports,4,5,4.9,22,86,hybrid GPF-nbrs/raw-walk (M calibrated),0.138,0.9731152582240554,64.0,6.0,30.0,3.539855121733236,0.10801745505945837,2.997549226529936,0.4479166666666667,2.1999999999999997
0.4074074074074074,0.5057805388588732,0.627906976744186,0.8844676765521655,0.13736038011695906,0.09723684210526316,RacketSports,4,5,4.9,22,86,hybrid GPF-nbrs/raw-walk (M=1),0.138,0.9731152582240554,64.0,6.0,30.0,2.1191162675852784,0.21176475981776066,0.16840054775783328,0.3359375,1.0
0.0,0.0,0.5,0.8662257307446128,0.19245,0.17000000000000004,RacketSports,4,10,9.8,11,97,none (raw-flat RF),0.138,2.0460132402933553,,,,,,,,
0.045454545454545456,0.15249857033260467,0.5116279069767442,0.824941327074888,0.17999926900584795,0.1557017543859649,RacketSports,4,10,9.8,11,97,none,0.138,2.0460132402933553,64.0,6.0,30.0,,,,,
0.20833333333333334,0.34099716973523675,0.5581395348837209,0.8376360145082142,0.15658654970760236,0.11872807017543857,RacketSports,4,10,9.8,11,97,SMOTE-raw,0.138,2.0460132402933553,64.0,6.0,30.0,1.5446364717975989,0.07103065951568066,0.4876577960211496,,
0.13043478260869565,0.26413527189768715,0.5348837209302325,0.8655856624706635,0.15641849415204678,0.12269736842105264,RacketSports,4,10,9.8,11,97,KNNOR-raw (M=1),0.138,2.0460132402933553,64.0,6.0,30.0,2.1672695962533233,0.16258001904247976,0.19778881470320708,0.9603960396039604,
0.045454545454545456,0.15249857033260467,0.5116279069767442,0.83016855131214,0.17639883040935672,0.14736842105263157,RacketSports,4,10,9.8,11,97,chain-mean-GPF (PSSTO-style),0.138,2.0460132402933553,64.0,6.0,30.0,2.1341598745404475,0.12256057057332403,0.4313325815101089,,
0.08888888888888889,0.21566554640687682,0.5232558139534884,0.8396628973757201,0.17396286549707604,0.14947368421052631,RacketSports,4,10,9.8,11,97,KNNOR-GPF (M=1),0.138,2.0460132402933553,64.0,6.0,30.0,4.131194953337612,0.34962591055507675,0.08525519689623964,0.5672514619883041,1.0
0.13043478260869565,0.26413527189768715,0.5348837209302325,0.819180712609345,0.1755625,0.14567982456140352,RacketSports,4,10,9.8,11,97,KNNOR-GPF (M=3/2),0.138,2.0460132402933553,64.0,6.0,30.0,4.969572057963276,0.3627315716505629,0.11134666425055695,0.42543859649122806,1.5
0.13043478260869565,0.26413527189768715,0.5348837209302325,0.8326221463622787,0.16801286549707603,0.13087719298245615,RacketSports,4,10,9.8,11,97,KNNOR-GPF (M calibrated),0.138,2.0460132402933553,64.0,6.0,30.0,5.156352867435118,0.30658622491052734,0.19068853239170636,0.4092827004219409,2.4
0.32142857142857145,0.4490228349360472,0.5863025389374866,0.8020055472583741,0.169537134502924,0.1244736842105263,RacketSports,4,10,9.8,11,97,hybrid GPF-nbrs/raw-walk (M calibrated),0.138,2.0460132402933553,64.0,6.0,30.0,18.66322084087016,0.2862127313052516,6.45641542878933,0.37890625,2.4
0.1702127659574468,0.30499714066520933,0.5465116279069767,0.8231278002986986,0.17048706140350878,0.1432236842105263,RacketSports,4,10,9.8,11,97,hybrid GPF-nbrs/raw-walk (M=1),0.138,2.0460132402933553,64.0,6.0,30.0,7.3699917226641105,0.6263785714448409,0.037930630355877105,0.10104166666666667,1.0
0.0,0.0,0.5,0.72743759334329,0.23481162280701753,0.2095833333333333,RacketSports,4,20,21.6,5,103,none (raw-flat RF),0.138,6.911084044693283,,,,,,,,
0.0,0.0,0.5,0.6814593556646042,0.25018209064327485,0.20668859649122806,RacketSports,4,20,21.6,5,103,none,0.138,6.911084044693283,64.0,6.0,30.0,,,,,
0.045454545454545456,0.15249857033260467,0.5116279069767442,0.7671218263281416,0.20326154970760235,0.16995614035087722,RacketSports,4,20,21.6,5,103,SMOTE-raw,0.138,6.911084044693283,64.0,6.0,30.0,4.11810192376794,0.22869716909952387,0.35094984141923224,,
0.045454545454545456,0.15249857033260467,0.5116279069767442,0.7056752720290164,0.22021074561403506,0.18756578947368424,RacketSports,4,20,21.6,5,103,KNNOR-raw (M=1),0.138,6.911084044693283,64.0,6.0,30.0,5.42821049786971,0.40067930714852246,0.08907553514661117,0.5073891625615764,
0.0,0.0,0.5,0.6785790484318328,0.23144298245614034,0.1988157894736842,RacketSports,4,20,21.6,5,103,chain-mean-GPF (PSSTO-style),0.138,6.911084044693283,64.0,6.0,30.0,6.521436104661401,0.39900503203667126,0.20123503063077755,,
0.0,0.0,0.5,0.6952208235545124,0.23270804093567252,0.20385964912280702,RacketSports,4,20,21.6,5,103,KNNOR-GPF (M=1),0.138,6.911084044693283,64.0,6.0,30.0,8.810427735772333,0.6033833507003671,0.08545109338425287,0.07523739956172389,1.0
0.08888888888888889,0.21566554640687682,0.5232558139534884,0.6651376146788991,0.23355723684210528,0.20839912280701753,RacketSports,4,20,21.6,5,103,KNNOR-GPF (M=3/2),0.138,6.911084044693283,64.0,6.0,30.0,10.629101732124095,0.4700512679357425,0.3885519101910498,0.16996699669966997,1.5
0.08888888888888889,0.21566554640687682,0.5232558139534884,0.6531896735651803,0.23238771929824562,0.19513157894736843,RacketSports,4,20,21.6,5,103,KNNOR-GPF (M calibrated),0.138,6.911084044693283,64.0,6.0,30.0,11.457030835182376,0.48768128258777255,0.4292418590098738,0.18864468864468864,1.5999999999999999
0.045454545454545456,0.15249857033260467,0.5116279069767442,0.7426925538724131,0.2153580409356725,0.1851315789473684,RacketSports,4,20,21.6,5,103,hybrid GPF-nbrs/raw-walk (M calibrated),0.138,6.911084044693283,64.0,6.0,30.0,13.469426074351034,0.48122578677915206,0.9763765214441523,0.14630681818181818,1.5999999999999999
0.0,0.0,0.5,0.7590142948581181,0.22788494152046787,0.20337719298245618,RacketSports,4,20,21.6,5,103,hybrid GPF-nbrs/raw-walk (M=1),0.138,6.911084044693283,64.0,6.0,30.0,8.335166096539165,0.41156301450433463,0.389013511727848,0.04876893939393939,1.0
0.41530054644808745,0.5116673184620727,0.6204660587639311,0.8791793313069909,0.22087493080268883,0.24523131672597862,SelfRegulationSCP1,0,5,5.0,28,111,none (raw-flat RF),0.351,0.6168177035238358,,,,,,,,
0.6666666666666666,0.7061030804944048,0.7374113475177304,0.8902988855116515,0.17514064847765914,0.17998813760379598,SelfRegulationSCP1,0,5,5.0,28,111,none,0.351,0.6168177035238358,64.0,6.0,896.0,,,,,
0.7782101167315175,0.7925693408661817,0.7974670719351571,0.918515704154002,0.13384128113879007,0.11326215895610912,SelfRegulationSCP1,0,5,5.0,28,111,SMOTE-raw,0.351,0.6168177035238358,64.0,6.0,896.0,0.9336947495674668,0.07421095152317203,0.6620861573891539,,
0.7591836734693878,0.7795837093464816,0.7905015197568388,0.9254559270516717,0.13830031633056544,0.14008303677342826,SelfRegulationSCP1,0,5,5.0,28,111,KNNOR-raw (M=1),0.351,0.6168177035238358,64.0,6.0,896.0,2.3361858584078856,0.214470986023103,0.32024633317948586,0.8345864661654135,
0.758893280632411,0.7765561883584545,0.7832826747720365,0.9162867274569402,0.13806512455516015,0.11873072360616843,SelfRegulationSCP1,0,5,5.0,28,111,chain-mean-GPF (PSSTO-style),0.351,0.6168177035238358,64.0,6.0,896.0,0.8828144820180217,0.08202468130189888,0.5099532608721362,,
0.7510204081632653,0.7723698711315801,0.7833839918946301,0.9184903748733536,0.14346524317912218,0.14142348754448397,SelfRegulationSCP1,0,5,5.0,28,111,KNNOR-GPF (M=1),0.351,0.6168177035238358,64.0,6.0,896.0,1.3735672916591408,0.1369603237231991,0.3508262063195138,0.8161764705882353,1.0
0.7611336032388664,0.7807200583588265,0.7904761904761904,0.9220618034447822,0.13665523922499012,0.12658362989323843,SelfRegulationSCP1,0,5,5.0,28,111,KNNOR-GPF (M=3/2),0.351,0.6168177035238358,64.0,6.0,896.0,1.127932635803628,0.09443791746931429,0.5192592361501484,0.7928571428571428,1.5
0.7843137254901961,0.7989354619369612,0.8046099290780142,0.9187183383991895,0.13376421510478448,0.1115421115065243,SelfRegulationSCP1,0,5,5.0,28,111,KNNOR-GPF (M calibrated),0.351,0.6168177035238358,64.0,6.0,896.0,1.0397964787583067,0.08015197909597838,0.6229502204481558,0.7985611510791367,1.7999999999999998
0.776,0.7930805110843435,0.8011144883485308,0.911676798378926,0.13728620007908265,0.10861209964412812,SelfRegulationSCP1,0,5,5.0,28,111,hybrid GPF-nbrs/raw-walk (M calibrated),0.351,0.6168177035238358,64.0,6.0,896.0,1.214259086539954,0.07375289872554003,1.4391878216204756,0.578125,1.7999999999999998
0.7622950819672131,0.7825995183227672,0.7940729483282675,0.9188703140830801,0.14449920917358638,0.14637010676156584,SelfRegulationSCP1,0,5,5.0,28,111,hybrid GPF-nbrs/raw-walk (M=1),0.351,0.6168177035238358,64.0,6.0,896.0,2.3571259446112958,0.20848693437392685,0.3599291089667624,0.578125,1.0
0.30120481927710846,0.42107596053325946,0.5886524822695035,0.853951367781155,0.28960308422301306,0.31893238434163695,SelfRegulationSCP1,0,10,9.9,14,125,none (raw-flat RF),0.351,1.301922687154395,,,,,,,,
0.4648648648648649,0.5502601392717151,0.6489108409321176,0.878723404255319,0.24333965994464213,0.27575326215895607,SelfRegulationSCP1,0,10,9.9,14,125,none,0.351,1.301922687154395,64.0,6.0,896.0,,,,,
0.6846846846846847,0.7209416334945395,0.7516464032421479,0.9171225937183384,0.17412245947014632,0.19827995255041517,SelfRegulationSCP1,0,10,9.9,14,125,SMOTE-raw,0.351,1.301922687154395,64.0,6.0,896.0,1.1108967385246853,0.08595558782398838,0.5195652349796829,,
0.6542056074766355,0.6970047365957275,0.7375126646403242,0.9167173252279635,0.18309600632661133,0.2174377224199289,SelfRegulationSCP1,0,10,9.9,14,125,KNNOR-raw (M=1),0.351,1.301922687154395,64.0,6.0,896.0,2.1882702779711938,0.21675528222484064,0.21373579135943108,0.7668711656441718,
0.6787330316742082,0.7161828908391341,0.7481003039513678,0.9176545086119554,0.17472249901146697,0.2021826809015421,SelfRegulationSCP1,0,10,9.9,14,125,chain-mean-GPF (PSSTO-style),0.351,1.301922687154395,64.0,6.0,896.0,1.355324381801445,0.11182245421127124,0.4421052732886,,
0.6513761467889908,0.6942373889227791,0.7303444782168187,0.9121073961499493,0.18035017793594305,0.21051008303677346,SelfRegulationSCP1,0,10,9.9,14,125,KNNOR-GPF (M=1),0.351,1.301922687154395,64.0,6.0,896.0,2.034386999231282,0.22682925481728533,0.18758587102557708,0.4716981132075472,1.0
0.6576576576576577,0.6986743852872631,0.7302938196555218,0.9030648429584599,0.18069296164491894,0.1959311981020166,SelfRegulationSCP1,0,10,9.9,14,125,KNNOR-GPF (M=3/2),0.351,1.301922687154395,64.0,6.0,896.0,1.996196331498913,0.18218174570904944,0.31833796722252,0.33692722371967654,1.5
0.6902654867256637,0.7249358005324451,0.751595744680851,0.9038247213779128,0.16783716884143932,0.17402135231316723,SelfRegulationSCP1,0,10,9.9,14,125,KNNOR-GPF (M calibrated),0.351,1.301922687154395,64.0,6.0,896.0,1.8229568518221289,0.14804778863505896,0.4547090775437242,0.3238341968911917,1.7999999999999998
0.7241379310344828,0.7523014334749806,0.7728723404255319,0.9092705167173253,0.15759379201265322,0.16148279952550415,SelfRegulationSCP1,0,10,9.9,14,125,hybrid GPF-nbrs/raw-walk (M calibrated),0.351,1.301922687154395,64.0,6.0,896.0,2.9721290305459878,0.14649044299237146,1.7029761492637778,0.27901785714285715,1.7999999999999998
0.6320754716981132,0.6794121065575597,0.7233029381965552,0.9075987841945288,0.18300775009885328,0.2092526690391459,SelfRegulationSCP1,0,10,9.9,14,125,hybrid GPF-nbrs/raw-walk (M=1),0.351,1.301922687154395,64.0,6.0,896.0,2.69084727272085,0.2526175039608949,0.22194660953773127,0.2170138888888889,1.0
0.0,0.0,0.5,0.8306484295845997,0.35087461447212337,0.3695729537366548,SelfRegulationSCP1,0,20,19.9,7,132,none (raw-flat RF),0.351,2.188488632693325,,,,,,,,
0.0945945945945946,0.2228124549277306,0.524822695035461,0.8777862208713272,0.3017064056939502,0.33994068801897986,SelfRegulationSCP1,0,20,19.9,7,132,none,0.351,2.188488632693325,64.0,6.0,896.0,,,,,
0.22641509433962265,0.3572948005052482,0.5638297872340425,0.9294579533941236,0.24499691577698696,0.3005456702253856,SelfRegulationSCP1,0,20,19.9,7,132,SMOTE-raw,0.351,2.188488632693325,64.0,6.0,896.0,1.3274547391742146,0.10675361650826631,0.5861321175791083,,
0.14473684210526316,0.2793101938654641,0.5390070921985816,0.9261398176291794,0.26971087386318704,0.3265717674970344,SelfRegulationSCP1,0,20,19.9,7,132,KNNOR-raw (M=1),0.351,2.188488632693325,64.0,6.0,896.0,4.1884782186534295,0.357922380025515,0.2544076300675196,0.056218057921635436,
0.2787878787878788,0.40243685276830543,0.5779888551165147,0.9039007092198581,0.26086816923685247,0.3105575326215896,SelfRegulationSCP1,0,20,19.9,7,132,chain-mean-GPF (PSSTO-style),0.351,2.188488632693325,64.0,6.0,896.0,2.5744527283050616,0.23763469098728363,0.28741843692672,,
0.26993865030674846,0.39500426427359775,0.5780141843971631,0.9097517730496454,0.26201308817714514,0.31173190984578886,SelfRegulationSCP1,0,20,19.9,7,132,KNNOR-GPF (M=1),0.351,2.188488632693325,64.0,6.0,896.0,4.198122257451844,0.4218771147628758,0.083384860150204,0.3963963963963964,1.0
0.2909090909090909,0.41256849850351734,0.5851063829787234,0.9019250253292806,0.2615198102016607,0.30780545670225384,SelfRegulationSCP1,0,20,19.9,7,132,KNNOR-GPF (M=3/2),0.351,2.188488632693325,64.0,6.0,896.0,4.37609163132119,0.42260692880070216,0.11087647505263563,0.2979683972911964,1.5
0.33136094674556216,0.4456249098554612,0.599290780141844,0.9063069908814589,0.24962475286674576,0.2997864768683274,SelfRegulationSCP1,0,20,19.9,7,132,KNNOR-GPF (M calibrated),0.351,2.188488632693325,64.0,6.0,896.0,4.078883894888694,0.39078967311868484,0.15022128972103868,0.25984251968503935,1.7999999999999998
0.2682926829268293,0.39359100656111967,0.5744427558257346,0.8841691995947315,0.26205195729537367,0.3042941874258601,SelfRegulationSCP1,0,20,19.9,7,132,hybrid GPF-nbrs/raw-walk (M calibrated),0.351,2.188488632693325,64.0,6.0,896.0,9.19736873061023,0.4040313361122654,2.0453143848894384,0.22916666666666666,1.7999999999999998
0.0684931506849315,0.18831089428867737,0.5177304964539007,0.8872087132725431,0.29294871490707786,0.3358837485172005,SelfRegulationSCP1,0,20,19.9,7,132,hybrid GPF-nbrs/raw-walk (M=1),0.351,2.188488632693325,64.0,6.0,896.0,6.606693161513704,0.5546769618767194,0.08977746362430518,0.0515625,1.0
0.5658536585365853,0.6274697908259723,0.6842451874366768,0.8780901722391083,0.20890885725583236,0.2318505338078292,SelfRegulationSCP1,1,5,5.0,28,111,none (raw-flat RF),0.351,0.6984546178413265,,,,,,,,
0.6301369863013698,0.676685108128079,0.7125379939209726,0.9041033434650455,0.16766828786081459,0.1739620403321471,SelfRegulationSCP1,1,5,5.0,28,111,none,0.351,0.6984546178413265,64.0,6.0,896.0,,,,,
0.7619047619047619,0.7796811755854505,0.7868541033434651,0.9069402228976696,0.13660561486753656,0.10137603795966788,SelfRegulationSCP1,1,5,5.0,28,111,SMOTE-raw,0.351,0.6984546178413265,64.0,6.0,896.0,0.7367927758892048,0.05860862001715328,0.5089846491117409,,
0.7773279352226721,0.7951219057382348,0.8047112462006079,0.9239614994934143,0.13994420719652037,0.14437722419928822,SelfRegulationSCP1,1,5,5.0,28,111,KNNOR-raw (M=1),0.351,0.6984546178413265,64.0,6.0,896.0,2.547644997677475,0.21233478950840046,0.2571272529006228,0.9173553719008265,
0.7692307692307693,0.7879217402083846,0.7975937183383992,0.9157548125633231,0.1411625939106366,0.141779359430605,SelfRegulationSCP1,1,5,5.0,28,111,chain-mean-GPF (PSSTO-style),0.351,0.6984546178413265,64.0,6.0,896.0,0.6110368186343589,0.04357564859973295,0.5350391070459655,,
0.768595041322314,0.7885965371977252,0.8012158054711246,0.9227456940222898,0.1385689996045868,0.14147093712930012,SelfRegulationSCP1,1,5,5.0,28,111,KNNOR-GPF (M=1),0.351,0.6984546178413265,64.0,6.0,896.0,1.0783289718282933,0.13568260431441792,0.1919503323282131,0.6981132075471698,1.0
0.7692307692307693,0.7879217402083846,0.7975937183383992,0.9228216818642351,0.130867615658363,0.1226097271648873,SelfRegulationSCP1,1,5,5.0,28,111,KNNOR-GPF (M=3/2),0.351,0.6984546178413265,64.0,6.0,896.0,0.8983598507340176,0.10014455724376892,0.26704177258959366,0.6646706586826348,1.5
0.8,0.8115178968200081,0.8152228976697062,0.9253039513677812,0.12353519177540528,0.10734282325029657,SelfRegulationSCP1,1,5,5.0,28,111,KNNOR-GPF (M calibrated),0.351,0.6984546178413265,64.0,6.0,896.0,0.6995408195071455,0.06961222871646755,0.35473459664451734,0.7115384615384616,2.0
0.7704280155642024,0.7854102755323832,0.7903495440729483,0.9146403242147924,0.13091720047449584,0.1036061684460261,SelfRegulationSCP1,1,5,5.0,28,111,hybrid GPF-nbrs/raw-walk (M calibrated),0.351,0.6984546178413265,64.0,6.0,896.0,2.3202012752844734,0.06144759986961679,2.861058184758591,0.578125,2.0
0.768,0.7858938728170025,0.7939969604863222,0.917451874366768,0.13855421115065245,0.13067615658362988,SelfRegulationSCP1,1,5,5.0,28,111,hybrid GPF-nbrs/raw-walk (M=1),0.351,0.6984546178413265,64.0,6.0,896.0,3.039617386799245,0.24518210823065156,0.18851840778990672,0.578125,1.0
0.3314285714285714,0.44534061961290217,0.5849797365754813,0.8344224924012158,0.2699517595887702,0.2818030842230131,SelfRegulationSCP1,1,10,9.9,14,125,none (raw-flat RF),0.351,0.8498730503851046,,,,,,,,
0.38636363636363635,0.4892978241203985,0.6169959473150962,0.9031408308004052,0.2312926057730328,0.2763938315539739,SelfRegulationSCP1,1,10,9.9,14,125,none,0.351,0.8498730503851046,64.0,6.0,896.0,,,,,
0.6261682242990654,0.6743979265412977,0.7161600810536981,0.9061296859169199,0.18188631870304467,0.2052313167259786,SelfRegulationSCP1,1,10,9.9,14,125,SMOTE-raw,0.351,0.8498730503851046,64.0,6.0,896.0,1.3521910406234827,0.1299577743383622,0.5593403645447972,,
0.5517241379310345,0.6165564402158421,0.6771529888551165,0.9074721377912867,0.20418299723210756,0.2395492289442467,SelfRegulationSCP1,1,10,9.9,14,125,KNNOR-raw (M=1),0.351,0.8498730503851046,64.0,6.0,896.0,2.9297686014965656,0.2951535775246862,0.298646621491446,0.8503401360544217,
0.5943396226415094,0.6490582375601444,0.6948328267477204,0.9105623100303952,0.18321542111506525,0.21214709371293,SelfRegulationSCP1,1,10,9.9,14,125,chain-mean-GPF (PSSTO-style),0.351,0.8498730503851046,64.0,6.0,896.0,1.3042131715531475,0.14845725377931585,0.4124440284679866,,
0.6103286384976526,0.6617728178244763,0.7054964539007091,0.9211752786220871,0.171838196915777,0.2005693950177936,SelfRegulationSCP1,1,10,9.9,14,125,KNNOR-GPF (M=1),0.351,0.8498730503851046,64.0,6.0,896.0,1.7013404603373505,0.20993758926391148,0.28457823485998907,0.6578947368421053,1.0
0.6197183098591549,0.6693461855493184,0.712613981762918,0.9207700101317122,0.16867520759193358,0.20014234875444842,SelfRegulationSCP1,1,10,9.9,14,125,KNNOR-GPF (M=3/2),0.351,0.8498730503851046,64.0,6.0,896.0,1.4075699644853437,0.1468167461285299,0.47677046042853594,0.5656108597285068,1.5
0.6261682242990654,0.6743979265412977,0.7161600810536981,0.9173758865248226,0.1715401344404903,0.20208778173190986,SelfRegulationSCP1,1,10,9.9,14,125,KNNOR-GPF (M calibrated),0.351,0.8498730503851046,64.0,6.0,896.0,1.3673903078639196,0.14053475776628166,0.5017399217431203,0.5707762557077626,1.5999999999999999
0.6291079812206573,0.6769096593564692,0.7197315096251267,0.9212765957446808,0.17545413206801105,0.21073546856465009,SelfRegulationSCP1,1,10,9.9,14,125,hybrid GPF-nbrs/raw-walk (M calibrated),0.351,0.8498730503851046,64.0,6.0,896.0,1.4433777925915052,0.1287839328674062,0.8069521854181175,0.3255208333333333,1.5999999999999999
0.5853658536585366,0.6429415682489124,0.6984802431610942,0.913855116514691,0.18942562277580072,0.22832740213523128,SelfRegulationSCP1,1,10,9.9,14,125,hybrid GPF-nbrs/raw-walk (M=1),0.351,0.8498730503851046,64.0,6.0,896.0,2.625266945934536,0.263372618739796,0.33835965197644013,0.48828125,1.0
0.08,0.20406209198677308,0.5105623100303951,0.7976950354609929,0.38351241597469354,0.3979003558718861,SelfRegulationSCP1,1,20,19.9,7,132,none (raw-flat RF),0.351,3.144564528602654,,,,,,,,
0.25925925925925924,0.38592249249397986,0.574468085106383,0.8736322188449848,0.3037443258204824,0.34410438908659546,SelfRegulationSCP1,1,20,19.9,7,132,none,0.351,3.144564528602654,64.0,6.0,896.0,,,,,
0.5527638190954773,0.6178286650616285,0.684321175278622,0.914741641337386,0.2149026097271649,0.2536061684460261,SelfRegulationSCP1,1,20,19.9,7,132,SMOTE-raw,0.351,3.144564528602654,64.0,6.0,896.0,1.2173840952513029,0.08323057929487376,0.42570537392235436,,
0.3583815028901734,0.46721273594388046,0.6063576494427558,0.8997720364741641,0.28191138790035586,0.3239501779359431,SelfRegulationSCP1,1,20,19.9,7,132,KNNOR-raw (M=1),0.351,3.144564528602654,64.0,6.0,896.0,3.1259119964103608,0.12563880693648666,0.8814981471679653,0.04907063197026022,
0.38857142857142857,0.49105473398904287,0.6205673758865248,0.9056484295845998,0.25769901146698304,0.305005931198102,SelfRegulationSCP1,1,20,19.9,7,132,chain-mean-GPF (PSSTO-style),0.351,3.144564528602654,64.0,6.0,896.0,3.5029558188130903,0.23881676829874077,0.31225921121146044,,
0.3411764705882353,0.45351268875881323,0.6028368794326241,0.9028368794326241,0.2614810992487149,0.3104744958481614,SelfRegulationSCP1,1,20,19.9,7,132,KNNOR-GPF (M=1),0.351,3.144564528602654,64.0,6.0,896.0,4.42344214419027,0.35997457542239275,0.13682364500134375,0.4981132075471698,1.0
0.38636363636363635,0.4892978241203985,0.6169959473150962,0.9049138804457953,0.25595017793594305,0.3040806642941875,SelfRegulationSCP1,1,20,19.9,7,132,KNNOR-GPF (M=3/2),0.351,3.144564528602654,64.0,6.0,896.0,4.960704107469093,0.33325897800292315,0.22055343979937123,0.35106382978723405,1.5
0.4540540540540541,0.5418643938077088,0.6417933130699088,0.9007345491388045,0.24454436536180307,0.28753262158956105,SelfRegulationSCP1,1,20,19.9,7,132,KNNOR-GPF (M calibrated),0.351,3.144564528602654,64.0,6.0,896.0,5.193547554313243,0.32821084310616033,0.27167576682664596,0.3188405797101449,2.0
0.3508771929824561,0.46126560401444255,0.6063829787234043,0.8836119554204661,0.2725274021352313,0.3176512455516014,SelfRegulationSCP1,1,20,19.9,7,132,hybrid GPF-nbrs/raw-walk (M calibrated),0.351,3.144564528602654,64.0,6.0,896.0,29.034480661769244,0.6228174106127644,4.898148883769037,0.515625,2.0
0.2994011976047904,0.41956942274978243,0.585081053698075,0.8840425531914894,0.2805217081850534,0.32901542111506515,SelfRegulationSCP1,1,20,19.9,7,132,hybrid GPF-nbrs/raw-walk (M=1),0.351,3.144564528602654,64.0,6.0,896.0,12.097736900626026,0.7458364712161208,0.08078467701763654,0.22916666666666666,1.0
0.6190476190476191,0.6691948011335974,0.7162107396149949,0.8775582573454914,0.19736508501383945,0.20655990510083036,SelfRegulationSCP1,2,5,5.0,28,111,none (raw-flat RF),0.351,0.2815137857067267,,,,,,,,
0.7467811158798283,0.7713525798437514,0.7906534954407295,0.9245440729483282,0.14720680110715698,0.16396204033214712,SelfRegulationSCP1,2,5,5.0,28,111,none,0.351,0.2815137857067267,64.0,6.0,896.0,,,,,
0.8122605363984674,0.8225544022621549,0.825886524822695,0.9099290780141843,0.12603044681692369,0.1168920521945433,SelfRegulationSCP1,2,5,5.0,28,111,SMOTE-raw,0.351,0.2815137857067267,64.0,6.0,896.0,3.6252455238991477,0.22936444220779928,0.668746861670651,,
0.792,0.8074501123230943,0.8153495440729484,0.9074974670719351,0.141638196915777,0.14704626334519574,SelfRegulationSCP1,2,5,5.0,28,111,KNNOR-raw (M=1),0.351,0.2815137857067267,64.0,6.0,896.0,8.951155312717923,0.5357859269184659,0.5300261267747968,0.9098360655737705,
0.8,0.8132639032268636,0.8188449848024316,0.9275075987841945,0.11723368920521945,0.10597864768683275,SelfRegulationSCP1,2,5,5.0,28,111,chain-mean-GPF (PSSTO-style),0.351,0.2815137857067267,64.0,6.0,896.0,0.450206429152761,0.04685365519199847,0.5628721736625315,,
0.7951807228915663,0.8105497402744427,0.8189209726443769,0.9201114488348531,0.12978390668248319,0.11559905100830364,SelfRegulationSCP1,2,5,5.0,28,111,KNNOR-GPF (M=1),0.351,0.2815137857067267,64.0,6.0,896.0,0.9522354124863845,0.12878529203285527,0.28402866770286544,0.8102189781021898,1.0
0.8015564202334631,0.8140421612694362,0.8188196555217833,0.9161094224924011,0.12754741004349546,0.09553973902728352,SelfRegulationSCP1,2,5,5.0,28,111,KNNOR-GPF (M=3/2),0.351,0.2815137857067267,64.0,6.0,896.0,0.7151289814612483,0.09042376945932296,0.37909283015745165,0.7207792207792207,1.5
0.8345864661654135,0.8417307397843281,0.8436170212765958,0.9185916919959474,0.12132427837089761,0.07944246737841043,SelfRegulationSCP1,2,5,5.0,28,111,KNNOR-GPF (M calibrated),0.351,0.2815137857067267,64.0,6.0,896.0,0.6383482760033434,0.07368291987183195,0.44615316928460713,0.6646706586826348,1.7999999999999998
0.8351648351648352,0.8393802895688683,0.8399696048632219,0.9177051671732522,0.11718469750889679,0.06784104389086594,SelfRegulationSCP1,2,5,5.0,28,111,hybrid GPF-nbrs/raw-walk (M calibrated),0.351,0.2815137857067267,64.0,6.0,896.0,1.7135856256624749,0.07820872186022121,1.6205997934441982,0.24776785714285715,1.7999999999999998
0.8047808764940239,0.818696173509284,0.8260131712259372,0.9197061803444783,0.13793594306049825,0.1434638196915777,SelfRegulationSCP1,2,5,5.0,28,111,hybrid GPF-nbrs/raw-walk (M=1),0.351,0.2815137857067267,64.0,6.0,896.0,2.060655688730387,0.17166471964673002,0.39094998301819955,0.07540760869565218,1.0
0.22641509433962265,0.3572948005052482,0.5638297872340425,0.8534701114488348,0.2773921708185053,0.3059074733096086,SelfRegulationSCP1,2,10,9.9,14,125,none (raw-flat RF),0.351,0.7499431033653998,,,,,,,,
0.30409356725146197,0.4232359539851193,0.5779128672745694,0.8714539007092198,0.24712325029655988,0.2821945432977461,SelfRegulationSCP1,2,10,9.9,14,125,none,0.351,0.7499431033653998,64.0,6.0,896.0,,,,,
0.5645933014354066,0.6257315880338986,0.6770770010131713,0.8795086119554204,0.19543689205219453,0.20874258600237247,SelfRegulationSCP1,2,10,9.9,14,125,SMOTE-raw,0.351,0.7499431033653998,64.0,6.0,896.0,1.8570247992709419,0.14480623038522988,0.5997326526533949,,
0.42162162162162165,0.5164468271061055,0.6204407294832827,0.8672239108409321,0.23741039936733888,0.26245551601423484,SelfRegulationSCP1,2,10,9.9,14,125,KNNOR-raw (M=1),0.351,0.7499431033653998,64.0,6.0,896.0,5.986969219071705,0.4562829121266131,0.32116768969688564,0.6684491978609626,
0.6086956521739131,0.6612367522704644,0.7126899696048632,0.9140830800405267,0.181550929221036,0.2111862396204033,SelfRegulationSCP1,2,10,9.9,14,125,chain-mean-GPF (PSSTO-style),0.351,0.7499431033653998,64.0,6.0,896.0,1.0354226578858299,0.11166138235356016,0.42853008534166553,,
0.5051546391752577,0.5810237968295873,0.6594731509625127,0.9002279635258359,0.20579758797943853,0.24124555160142347,SelfRegulationSCP1,2,10,9.9,14,125,KNNOR-GPF (M=1),0.351,0.7499431033653998,64.0,6.0,896.0,1.6573309064080206,0.2014911582722837,0.24368346818226688,0.5020080321285141,1.0
0.616822429906542,0.6668439480596865,0.7090425531914893,0.8934397163120568,0.1950391459074733,0.22014234875444838,SelfRegulationSCP1,2,10,9.9,14,125,KNNOR-GPF (M=3/2),0.351,0.7499431033653998,64.0,6.0,896.0,1.338774923080729,0.1422030359507075,0.40448376215932097,0.44483985765124556,1.5
0.6226415094339622,0.6718391036215555,0.7161854103343466,0.8948328267477205,0.18674005535784896,0.2055753262158956,SelfRegulationSCP1,2,10,9.9,14,125,KNNOR-GPF (M calibrated),0.351,0.7499431033653998,64.0,6.0,896.0,1.183438155370924,0.12154194201091006,0.4787581052926377,0.45955882352941174,1.7999999999999998
0.672566371681416,0.7101807067722482,0.7373606889564337,0.8952887537993921,0.1785899169632266,0.18838671411625152,SelfRegulationSCP1,2,10,9.9,14,125,hybrid GPF-nbrs/raw-walk (M calibrated),0.351,0.7499431033653998,64.0,6.0,896.0,4.933964120768239,0.22734465229357081,2.4274331827863156,0.3255208333333333,1.7999999999999998
0.4583333333333333,0.5444758036030801,0.6310283687943262,0.8873353596757853,0.21813072360616842,0.24552787663107947,SelfRegulationSCP1,2,10,9.9,14,125,hybrid GPF-nbrs/raw-walk (M=1),0.351,0.7499431033653998,64.0,6.0,896.0,2.3228979647414274,0.18697399967447503,0.5424715138869001,0.17755681818181818,1.0
0.0,0.0,0.5,0.8481762917933131,0.34967085804665876,0.38609727164887303,SelfRegulationSCP1,2,20,19.9,7,132,none (raw-flat RF),0.351,1.1688696938322813,,,,,,,,
0.027972027972027972,0.11909826683508273,0.5070921985815603,0.8852077001013171,0.3173967576117042,0.35881376037959667,SelfRegulationSCP1,2,20,19.9,7,132,none,0.351,1.1688696938322813,64.0,6.0,896.0,,,,,
0.3448275862068966,0.45629670931323973,0.5956686930091185,0.9023302938196556,0.24325207591933568,0.2906168446026097,SelfRegulationSCP1,2,20,19.9,7,132,SMOTE-raw,0.351,1.1688696938322813,64.0,6.0,896.0,3.369560326062011,0.22704447454090637,0.670679507278279,,
0.12987012987012986,0.26344302795233937,0.5247467071935157,0.88112968591692,0.30435235270858046,0.34750889679715297,SelfRegulationSCP1,2,20,19.9,7,132,KNNOR-raw (M=1),0.351,1.1688696938322813,64.0,6.0,896.0,14.380404264694887,0.7993998990424969,0.25339614732986593,0.3180722891566265,
0.49473684210526314,0.5732115042211109,0.6595238095238095,0.9170972644376899,0.220895175958877,0.2668446026097272,SelfRegulationSCP1,2,20,19.9,7,132,chain-mean-GPF (PSSTO-style),0.351,1.1688696938322813,64.0,6.0,896.0,1.4594049736129389,0.14912630641589175,0.33735847712052613,,
0.38857142857142857,0.49105473398904287,0.6205673758865248,0.9216058763931104,0.23672483194938715,0.2945077105575326,SelfRegulationSCP1,2,20,19.9,7,132,KNNOR-GPF (M=1),0.351,1.1688696938322813,64.0,6.0,896.0,3.2430231470509554,0.37559765404974266,0.08114869425012869,0.36464088397790057,1.0
0.5079365079365079,0.5834599659915782,0.6702127659574468,0.9161854103343464,0.22771360221431397,0.28347568208778173,SelfRegulationSCP1,2,20,19.9,7,132,KNNOR-GPF (M=3/2),0.351,1.1688696938322813,64.0,6.0,896.0,3.2804889347866126,0.34991965493610566,0.12780645891007897,0.42443729903536975,1.5
0.5235602094240838,0.5954913341754137,0.6773049645390071,0.9206686930091185,0.21723633847370502,0.27213523131672596,SelfRegulationSCP1,2,20,19.9,7,132,KNNOR-GPF (M calibrated),0.351,1.1688696938322813,64.0,6.0,896.0,3.286911151581947,0.3390172658628272,0.15191966124031578,0.45517241379310347,1.7999999999999998
0.5,0.5773502691896257,0.6666666666666666,0.9234295845997974,0.21861917754052984,0.2741043890865955,SelfRegulationSCP1,2,20,19.9,7,132,hybrid GPF-nbrs/raw-walk (M calibrated),0.351,1.1688696938322813,64.0,6.0,896.0,4.655363121621024,0.3818326027048554,0.2821159202204591,0.09821428571428571,1.7999999999999998
0.19230769230769232,0.3261640365267211,0.5531914893617021,0.8987335359675784,0.27241174377224203,0.32145907473309615,SelfRegulationSCP1,2,20,19.9,7,132,hybrid GPF-nbrs/raw-walk (M=1),0.351,1.1688696938322813,64.0,6.0,896.0,7.074049868019161,0.5951616786456734,0.0672487888038337,0.14732142857142858,1.0
0.5588235294117647,0.6220370496886904,0.6806990881458966,0.8317375886524824,0.23592910241202053,0.24017793594306047,SelfRegulationSCP1,3,5,5.0,28,111,none (raw-flat RF),0.351,0.5728959376768721,,,,,,,,
0.6048780487804878,0.6583575399856275,0.7127152988855117,0.9264944275582574,0.1831035587188612,0.22425860023724792,SelfRegulationSCP1,3,5,5.0,28,111,none,0.351,0.5728959376768721,64.0,6.0,896.0,,,,,
0.7741935483870968,0.7920578407542621,0.8011398176291793,0.9207193515704154,0.14108896797153025,0.1358244365361803,SelfRegulationSCP1,3,5,5.0,28,111,SMOTE-raw,0.351,0.5728959376768721,64.0,6.0,896.0,3.903653689181498,0.24136799430217049,0.6878764288179144,,
0.6515837104072398,0.6938724425752543,0.7267477203647417,0.9174012158054712,0.16357540529853695,0.18030842230130487,SelfRegulationSCP1,3,5,5.0,28,111,KNNOR-raw (M=1),0.351,0.5728959376768721,64.0,6.0,896.0,9.636343861514321,0.5094198047936636,0.8440680142940531,0.888,
0.7521367521367521,0.7757729746560439,0.7941995947315097,0.9293059777102329,0.147913720838276,0.16313167259786476,SelfRegulationSCP1,3,5,5.0,28,111,chain-mean-GPF (PSSTO-style),0.351,0.5728959376768721,64.0,6.0,896.0,0.8594107334647365,0.08663125522062487,0.5954691201289904,,
0.7192982456140351,0.7488593149292001,0.7729229989868287,0.9238095238095239,0.1547252669039146,0.1722894424673784,SelfRegulationSCP1,3,5,5.0,28,111,KNNOR-GPF (M=1),0.351,0.5728959376768721,64.0,6.0,896.0,1.2158768719424522,0.1577816145466694,0.34316939360228327,0.9327731092436975,1.0
0.7192982456140351,0.7488593149292001,0.7729229989868287,0.9279128672745695,0.150304942665085,0.16683274021352315,SelfRegulationSCP1,3,5,5.0,28,111,KNNOR-GPF (M=3/2),0.351,0.5728959376768721,64.0,6.0,896.0,1.006867063605318,0.11642313075250477,0.49181385769209846,0.9098360655737705,1.5
0.7489361702127659,0.7728944008158963,0.7906281661600811,0.932193515704154,0.14404804270462634,0.15856465005931203,SelfRegulationSCP1,3,5,5.0,28,111,KNNOR-GPF (M calibrated),0.351,0.5728959376768721,64.0,6.0,896.0,0.89977132981595,0.09814754017889904,0.5800945232389211,0.888,1.7999999999999998
0.7903225806451613,0.8064456645857041,0.8153748733535968,0.9312310030395137,0.12780201660735468,0.12523131672597868,SelfRegulationSCP1,3,5,5.0,28,111,hybrid GPF-nbrs/raw-walk (M calibrated),0.351,0.5728959376768721,64.0,6.0,896.0,2.9067956001849033,0.09307337315809705,3.0650647565102798,0.43359375,1.7999999999999998
0.70995670995671,0.7404919091233905,0.762208713272543,0.9295339412360688,0.14714618426255435,0.16399762752075916,SelfRegulationSCP1,3,5,5.0,28,111,hybrid GPF-nbrs/raw-walk (M=1),0.351,0.5728959376768721,64.0,6.0,896.0,1.36377348721423,0.11791778851357038,0.5331956342902666,0.1734375,1.0
0.18064516129032257,0.3151043956244406,0.549645390070922,0.8785207700101317,0.2814192566231712,0.32432977461447215,SelfRegulationSCP1,3,10,9.9,14,125,none (raw-flat RF),0.351,1.1222697229197358,,,,,,,,
0.19230769230769232,0.3261640365267211,0.5531914893617021,0.9146403242147922,0.2645646105179913,0.31768683274021353,SelfRegulationSCP1,3,10,9.9,14,125,none,0.351,1.1222697229197358,64.0,6.0,896.0,,,,,
0.5148514851485149,0.5874403114821153,0.6522543059777102,0.8791793313069909,0.22388880980624754,0.23750889679715304,SelfRegulationSCP1,3,10,9.9,14,125,SMOTE-raw,0.351,1.1222697229197358,64.0,6.0,896.0,2.6413813869005622,0.2149046585891452,0.33014162847924444,,
0.3218390804597701,0.4375949744936837,0.5814336372847011,0.891337386018237,0.24468536971134838,0.28081850533807834,SelfRegulationSCP1,3,10,9.9,14,125,KNNOR-raw (M=1),0.351,1.1222697229197358,64.0,6.0,896.0,8.093126832955448,0.6140719789232744,0.14264584792133403,0.6476683937823834,
0.45652173913043476,0.5438241267644015,0.6453647416413374,0.9042046605876393,0.2354453143534994,0.2811387900355872,SelfRegulationSCP1,3,10,9.9,14,125,chain-mean-GPF (PSSTO-style),0.351,1.1222697229197358,64.0,6.0,896.0,1.2454020749363046,0.10825421093399457,0.4410231642966356,,
0.32558139534883723,0.44082450151364294,0.5885764944275582,0.9036220871327254,0.25613210755239224,0.29728351126927643,SelfRegulationSCP1,3,10,9.9,14,125,KNNOR-GPF (M=1),0.351,1.1222697229197358,64.0,6.0,896.0,2.035795786208565,0.2651387245620982,0.10911092022589106,0.9124087591240876,1.0
0.3502824858757062,0.4604411786833967,0.5920719351570416,0.9027608915906787,0.2524668643732701,0.29559905100830364,SelfRegulationSCP1,3,10,9.9,14,125,KNNOR-GPF (M=3/2),0.351,1.1222697229197358,64.0,6.0,896.0,1.870952233403461,0.22762529228630957,0.14984069180743956,0.8223684210526315,1.5
0.3409090909090909,0.45295383125908056,0.5885258358662614,0.8970618034447821,0.2553768683274021,0.2879359430604982,SelfRegulationSCP1,3,10,9.9,14,125,KNNOR-GPF (M calibrated),0.351,1.1222697229197358,64.0,6.0,896.0,1.8133909670508856,0.21536009686161162,0.16452675159084504,0.8333333333333334,1.5999999999999999
0.5742574257425742,0.6344548274423033,0.6949594731509625,0.9267983789260384,0.19183958086200079,0.23443653618030846,SelfRegulationSCP1,3,10,9.9,14,125,hybrid GPF-nbrs/raw-walk (M calibrated),0.351,1.1222697229197358,64.0,6.0,896.0,1.5149051731976133,0.12686979697708634,0.5327589445113011,0.27901785714285715,1.5999999999999999
0.26506024096385544,0.390749157067208,0.5672998986828774,0.9049138804457953,0.25531700276789243,0.30119810201660724,SelfRegulationSCP1,3,10,9.9,14,125,hybrid GPF-nbrs/raw-walk (M=1),0.351,1.1222697229197358,64.0,6.0,896.0,3.297687818648898,0.31637994615397846,0.1593332866937995,0.13950892857142858,1.0
0.027972027972027972,0.11909826683508273,0.5070921985815603,0.8644376899696049,0.3527897587979439,0.36886120996441274,SelfRegulationSCP1,3,20,19.9,7,132,none (raw-flat RF),0.351,5.86864798324674,,,,,,,,
0.08108108108108109,0.2055461994822102,0.5177051671732523,0.8361195542046606,0.36485773032819296,0.3666429418742586,SelfRegulationSCP1,3,20,19.9,7,132,none,0.351,5.86864798324674,64.0,6.0,896.0,,,,,
0.4067796610169492,0.5052911526399113,0.6276595744680851,0.9252026342451873,0.2495179913009095,0.3047686832740214,SelfRegulationSCP1,3,20,19.9,7,132,SMOTE-raw,0.351,5.86864798324674,64.0,6.0,896.0,2.3994523411841993,0.1590367279103092,0.5566722002211902,,
0.26993865030674846,0.39500426427359775,0.5780141843971631,0.856484295845998,0.3316559509687623,0.35600237247924077,SelfRegulationSCP1,3,20,19.9,7,132,KNNOR-raw (M=1),0.351,5.86864798324674,64.0,6.0,896.0,15.166064851672926,0.8616471965825001,0.10084226095486608,0.1234798877455566,
0.30120481927710846,0.42107596053325946,0.5886524822695035,0.9064083080040527,0.283430525899565,0.3352550415183867,SelfRegulationSCP1,3,20,19.9,7,132,chain-mean-GPF (PSSTO-style),0.351,5.86864798324674,64.0,6.0,896.0,7.4613764937806994,0.4553644832960354,0.34698113345148474,,
0.10738255033557047,0.23819653367016547,0.5283687943262412,0.8772543059777103,0.3322443258204824,0.373202846975089,SelfRegulationSCP1,3,20,19.9,7,132,KNNOR-GPF (M=1),0.351,5.86864798324674,64.0,6.0,896.0,11.879071804139572,0.7665543728960147,0.14338673488593445,0.32673267326732675,1.0
0.1568627450980392,0.2917299829957891,0.5425531914893617,0.8825734549138806,0.32323768287860816,0.36897983392645306,SelfRegulationSCP1,3,20,19.9,7,132,KNNOR-GPF (M=3/2),0.351,5.86864798324674,64.0,6.0,896.0,12.231296751012474,0.7356962290384692,0.21778690303402753,0.2979683972911964,1.5
0.1568627450980392,0.2917299829957891,0.5425531914893617,0.8806990881458967,0.3229900751285093,0.3649940688018979,SelfRegulationSCP1,3,20,19.9,7,132,KNNOR-GPF (M calibrated),0.351,5.86864798324674,64.0,6.0,896.0,12.190083905445148,0.7224384724951479,0.24080419367651038,0.29596412556053814,1.5999999999999999
0.14285714285714285,0.2773079444383666,0.5318642350557244,0.801418439716312,0.34728754448398574,0.3458837485172004,SelfRegulationSCP1,3,20,19.9,7,132,hybrid GPF-nbrs/raw-walk (M calibrated),0.351,5.86864798324674,64.0,6.0,896.0,23.43211944440045,0.585308265453212,3.619822998923883,0.29464285714285715,1.5999999999999999
0.09395973154362416,0.22201527006457006,0.5212512664640324,0.8710992907801419,0.3557689205219455,0.3945195729537366,SelfRegulationSCP1,3,20,19.9,7,132,hybrid GPF-nbrs/raw-walk (M=1),0.351,5.86864798324674,64.0,6.0,896.0,13.32229017964485,0.7495595476140183,0.33831100603147396,0.057291666666666664,1.0
0.5953488372093023,0.6492143174560064,0.6912360688956434,0.8865248226950355,0.19598493475682088,0.21616844602609725,SelfRegulationSCP1,4,5,5.0,28,111,none (raw-flat RF),0.351,0.45285360240818306,,,,,,,,
0.7027027027027027,0.7357563360367596,0.7658814589665653,0.9259371833839919,0.15755733491498616,0.18074733096085407,SelfRegulationSCP1,4,5,5.0,28,111,none,0.351,0.45285360240818306,64.0,6.0,896.0,,,,,
0.7967479674796748,0.8125784195653134,0.8225177304964539,0.9253799392097264,0.12974294187425858,0.11607354685646501,SelfRegulationSCP1,4,5,5.0,28,111,SMOTE-raw,0.351,0.45285360240818306,64.0,6.0,896.0,1.2520780469661226,0.10368800247901377,0.4813157144531341,,
0.7350427350427351,0.7612047189248601,0.7799645390070922,0.9194275582573456,0.14810549624357455,0.1536892052194544,SelfRegulationSCP1,4,5,5.0,28,111,KNNOR-raw (M=1),0.351,0.45285360240818306,64.0,6.0,896.0,3.1255418316161503,0.2740369564249484,0.26261068766361423,0.8409090909090909,
0.7521367521367521,0.7757729746560439,0.7941995947315097,0.933611955420466,0.14045385527876633,0.14911032028469748,SelfRegulationSCP1,4,5,5.0,28,111,chain-mean-GPF (PSSTO-style),0.351,0.45285360240818306,64.0,6.0,896.0,0.6300991631483654,0.0606182753538449,0.4657718313351425,,
0.7510548523206751,0.7743677356856509,0.7906028368794327,0.93290273556231,0.14342269671807037,0.15919335705812573,SelfRegulationSCP1,4,5,5.0,28,111,KNNOR-GPF (M=1),0.351,0.45285360240818306,64.0,6.0,896.0,1.1765875506730499,0.15956758382270086,0.19247294502481904,0.9823008849557522,1.0
0.768595041322314,0.7885965371977252,0.8012158054711246,0.9321681864235055,0.1353099248714907,0.1390747330960854,SelfRegulationSCP1,4,5,5.0,28,111,KNNOR-GPF (M=3/2),0.351,0.45285360240818306,64.0,6.0,896.0,0.8354494392043676,0.10199191416472753,0.2936789083586656,0.9024390243902439,1.5
0.8185328185328186,0.8290569097931608,0.8330293819655521,0.9299138804457953,0.12525179913009096,0.11126927639383155,SelfRegulationSCP1,4,5,5.0,28,111,KNNOR-GPF (M calibrated),0.351,0.45285360240818306,64.0,6.0,896.0,0.6201076204851645,0.06603219419462891,0.4107024244189296,0.888,2.0
0.8153846153846154,0.825812056207899,0.8294579533941235,0.9335106382978723,0.11859458283906683,0.09697508896797154,SelfRegulationSCP1,4,5,5.0,28,111,hybrid GPF-nbrs/raw-walk (M calibrated),0.351,0.45285360240818306,64.0,6.0,896.0,0.9284447930153696,0.03815551348106161,1.6966009465965322,0.43359375,2.0
0.7467811158798283,0.7713525798437514,0.7906534954407295,0.9295339412360688,0.14011569790431,0.15321470937129297,SelfRegulationSCP1,4,5,5.0,28,111,hybrid GPF-nbrs/raw-walk (M=1),0.351,0.45285360240818306,64.0,6.0,896.0,1.9807157060894536,0.1859228740430291,0.2956755242830286,0.346875,1.0
0.2682926829268293,0.39359100656111967,0.5744427558257346,0.8688449848024316,0.27217682878608146,0.30830367734282327,SelfRegulationSCP1,4,10,9.9,14,125,none (raw-flat RF),0.351,1.069709370403828,,,,,,,,
0.5157894736842106,0.5895063447465633,0.6737588652482269,0.9067122593718338,0.2256948200869909,0.26944246737841043,SelfRegulationSCP1,4,10,9.9,14,125,none,0.351,1.069709370403828,64.0,6.0,896.0,,,,,
0.6545454545454545,0.6964957881988401,0.7303191489361702,0.9010638297872342,0.1848806642941874,0.20607354685646498,SelfRegulationSCP1,4,10,9.9,14,125,SMOTE-raw,0.351,1.069709370403828,64.0,6.0,896.0,2.468928338808716,0.16410900777115722,0.8447669705200292,,
0.57,0.6312529153683919,0.694984802431611,0.908434650455927,0.19804191379992095,0.23575326215895606,SelfRegulationSCP1,4,10,9.9,14,125,KNNOR-raw (M=1),0.351,1.069709370403828,64.0,6.0,896.0,11.111918031964144,0.6452848294025635,0.40886563145781946,0.7668711656441718,
0.5870646766169154,0.6445547774980355,0.7056484295845998,0.9014184397163121,0.20378291814946622,0.236797153024911,SelfRegulationSCP1,4,10,9.9,14,125,chain-mean-GPF (PSSTO-style),0.351,1.069709370403828,64.0,6.0,896.0,1.2065317530155575,0.1306091549408549,0.39797183014192117,,
0.5656565656565656,0.6279540119584808,0.6950101317122594,0.8998480243161093,0.2102963621984974,0.24437722419928828,SelfRegulationSCP1,4,10,9.9,14,125,KNNOR-GPF (M=1),0.351,1.069709370403828,64.0,6.0,896.0,1.8054855668520897,0.2305994230810372,0.22118554452734582,0.6443298969072165,1.0
0.5771144278606966,0.6367661459437528,0.6985309017223911,0.8979736575481256,0.20281644918940295,0.23290628706998814,SelfRegulationSCP1,4,10,9.9,14,125,KNNOR-GPF (M=3/2),0.351,1.069709370403828,64.0,6.0,896.0,1.6675911474340133,0.19504811075280015,0.30584691305781025,0.5530973451327433,1.5
0.5728643216080402,0.6335359351725955,0.6985562310030395,0.8966565349544073,0.2073475286674575,0.2404389086595492,SelfRegulationSCP1,4,10,9.9,14,125,KNNOR-GPF (M calibrated),0.351,1.069709370403828,64.0,6.0,896.0,1.4630604154854367,0.16253644634640063,0.38301763265164235,0.6038647342995169,1.7999999999999998
0.6190476190476191,0.6691948011335974,0.7162107396149949,0.8975430597771024,0.18850858046658758,0.2077105575326216,SelfRegulationSCP1,4,10,9.9,14,125,hybrid GPF-nbrs/raw-walk (M calibrated),0.351,1.069709370403828,64.0,6.0,896.0,8.694387620119347,0.36140442578139376,2.057282377158883,0.244140625,1.7999999999999998
0.4838709677419355,0.564932682866032,0.6595744680851063,0.9162360688956432,0.2139989719256623,0.26033214709371294,SelfRegulationSCP1,4,10,9.9,14,125,hybrid GPF-nbrs/raw-walk (M=1),0.351,1.069709370403828,64.0,6.0,896.0,2.6785108528173964,0.21125325328001487,0.5164917780284357,0.048828125,1.0
0.014084507042253521,0.08421519210665189,0.5035460992907801,0.850582573454914,0.3415118228548833,0.3741399762752076,SelfRegulationSCP1,4,20,19.9,7,132,none (raw-flat RF),0.351,1.7514346216756458,,,,,,,,
0.041666666666666664,0.14586499149789456,0.5106382978723404,0.8776595744680851,0.3425546856465006,0.37570581257413993,SelfRegulationSCP1,4,20,19.9,7,132,none,0.351,1.7514346216756458,64.0,6.0,896.0,,,,,
0.25925925925925924,0.38592249249397986,0.574468085106383,0.8748986828774062,0.2925772241992883,0.33542111506524325,SelfRegulationSCP1,4,20,19.9,7,132,SMOTE-raw,0.351,1.7514346216756458,64.0,6.0,896.0,3.305202540914559,0.3161596875961975,0.4843106136027284,,
0.10596026490066225,0.2364890096214463,0.5212259371833841,0.8804964539007092,0.32809901146698306,0.36870699881376046,SelfRegulationSCP1,4,20,19.9,7,132,KNNOR-raw (M=1),0.351,1.7514346216756458,64.0,6.0,896.0,7.19619347104463,0.6316610377126984,0.05260345523662342,0.04907063197026022,
0.2375,0.3670855119037598,0.5673758865248227,0.8812816616008106,0.29951890075128507,0.3410083036773428,SelfRegulationSCP1,4,20,19.9,7,132,chain-mean-GPF (PSSTO-style),0.351,1.7514346216756458,64.0,6.0,896.0,2.655980132689532,0.3155559533652037,0.25769825239487243,,
0.22641509433962265,0.3572948005052482,0.5638297872340425,0.8969098277608916,0.28663052589956506,0.33838671411625143,SelfRegulationSCP1,4,20,19.9,7,132,KNNOR-GPF (M=1),0.351,1.7514346216756458,64.0,6.0,896.0,3.220386401444122,0.3925805728385926,0.13911199017245332,0.411214953271028,1.0
0.2375,0.3670855119037598,0.5673758865248227,0.8855623100303952,0.29041949387109534,0.3372835112692764,SelfRegulationSCP1,4,20,19.9,7,132,KNNOR-GPF (M=3/2),0.351,1.7514346216756458,64.0,6.0,896.0,2.6929237367364145,0.30879962191839794,0.3196680236356462,0.4664310954063604,1.5
0.2375,0.3670855119037598,0.5673758865248227,0.887791286727457,0.2989477263740609,0.3465954922894424,SelfRegulationSCP1,4,20,19.9,7,132,KNNOR-GPF (M calibrated),0.351,1.7514346216756458,64.0,6.0,896.0,2.639629585322103,0.296978660151462,0.3589822302645853,0.49624060150375937,1.5999999999999999
0.25925925925925924,0.38592249249397986,0.574468085106383,0.8777355623100305,0.2898986951364176,0.33570581257414,SelfRegulationSCP1,4,20,19.9,7,132,hybrid GPF-nbrs/raw-walk (M calibrated),0.351,1.7514346216756458,64.0,6.0,896.0,4.341435406682564,0.4056361402464065,0.4393405688316525,0.29464285714285715,1.5999999999999999
0.15584415584415584,0.2906862230019873,0.5389817629179331,0.882016210739615,0.30828378805852114,0.3464412811387901,SelfRegulationSCP1,4,20,19.9,7,132,hybrid GPF-nbrs/raw-walk (M=1),0.351,1.7514346216756458,64.0,6.0,896.0,5.252703129296169,0.49697411537062375,0.25232446924727236,0.515625,1.0
0.07766990291262135,0.20082930556146225,0.5,0.5291412742382271,0.3563016959064328,0.31138596491228065,SelfRegulationSCP2,0,5,5.0,19,76,none (raw-flat RF),0.293,1.0329001179836759,,,,,,,,
0.16666666666666666,0.30124395834219336,0.5263157894736842,0.5589473684210527,0.3412090058479532,0.2960701754385965,SelfRegulationSCP2,0,5,5.0,19,76,none,0.293,1.0329001179836759,64.0,7.0,1152.0,,,,,
0.265625,0.3857575200380778,0.5052631578947369,0.4518559556786704,0.3155872514619883,0.22961403508771924,SelfRegulationSCP2,0,5,5.0,19,76,SMOTE-raw,0.293,1.0329001179836759,64.0,7.0,1152.0,1.79456752089024,0.10590985563279354,0.6717843316927159,,
0.22807017543859648,0.35804950214094633,0.5368421052631579,0.4992797783933518,0.32624543859649124,0.2570350877192983,SelfRegulationSCP2,0,5,5.0,19,76,KNNOR-raw (M=1),0.293,1.0329001179836759,64.0,7.0,1152.0,6.301166901861031,0.32816465530609473,0.4419524944590269,0.2980392156862745,
0.25210084033613445,0.37806915781195727,0.531578947368421,0.5351246537396123,0.3157587134502924,0.23080701754385963,SelfRegulationSCP2,0,5,5.0,19,76,chain-mean-GPF (PSSTO-style),0.293,1.0329001179836759,64.0,7.0,1152.0,0.7956422616122651,0.05098633315897039,0.6770882330856779,,
0.23728813559322035,0.3652495067978415,0.5263157894736842,0.5177285318559557,0.32427713450292395,0.24436842105263154,SelfRegulationSCP2,0,5,5.0,19,76,KNNOR-GPF (M=1),0.293,1.0329001179836759,64.0,7.0,1152.0,1.4322316968000308,0.0935118950642666,0.5303060045068964,0.4175824175824176,1.0
0.2413793103448276,0.36947218473229987,0.5368421052631579,0.5304155124653739,0.31980397660818716,0.2611578947368422,SelfRegulationSCP2,0,5,5.0,19,76,KNNOR-GPF (M=3/2),0.293,1.0329001179836759,64.0,7.0,1152.0,2.4211849520286925,0.14718444527402852,0.5852431780677007,0.329004329004329,1.5
0.26666666666666666,0.39046814717876643,0.5368421052631579,0.5463157894736843,0.30716228070175444,0.23149122807017541,SelfRegulationSCP2,0,5,5.0,19,76,KNNOR-GPF (M calibrated),0.293,1.0329001179836759,64.0,7.0,1152.0,3.4858359639288583,0.1982526874145809,0.6182410373568331,0.3220338983050847,2.0
0.288135593220339,0.4094452702900363,0.5578947368421052,0.5441551246537396,0.32924345029239765,0.28300000000000003,SelfRegulationSCP2,0,5,5.0,19,76,hybrid GPF-nbrs/raw-walk (M calibrated),0.293,1.0329001179836759,64.0,7.0,1152.0,41.827677473633884,0.6530574297268824,9.044360766970701,0.3958333333333333,2.0
0.2018348623853211,0.334862604643934,0.5421052631578948,0.5346260387811633,0.3226173099415204,0.25512280701754386,SelfRegulationSCP2,0,5,5.0,19,76,hybrid GPF-nbrs/raw-walk (M=1),0.293,1.0329001179836759,64.0,7.0,1152.0,1.699084964773201,0.12010974528074037,0.5528699528468703,0.0475,1.0
0.04081632653061224,0.14432957053475884,0.5052631578947369,0.512409972299169,0.39999754385964914,0.372,SelfRegulationSCP2,0,10,9.5,10,85,none (raw-flat RF),0.293,2.1097141210899863,,,,,,,,
0.0,0.0,0.5,0.5133518005540165,0.40809456140350875,0.39594736842105266,SelfRegulationSCP2,0,10,9.5,10,85,none,0.293,2.1097141210899863,64.0,7.0,1152.0,,,,,
0.02,0.10041465278073113,0.4842105263157895,0.5053185595567866,0.36864742690058483,0.3343684210526316,SelfRegulationSCP2,0,10,9.5,10,85,SMOTE-raw,0.293,2.1097141210899863,64.0,7.0,1152.0,1.778768872767298,0.12890219238682443,0.5364035328700021,,
0.0,0.0,0.5,0.5266481994459834,0.4003507017543859,0.3804736842105263,SelfRegulationSCP2,0,10,9.5,10,85,KNNOR-raw (M=1),0.293,2.1097141210899863,64.0,7.0,1152.0,10.59627357553692,0.6285827639028558,0.0816020154250606,0.04857142857142857,
0.02040816326530612,0.10151211327361005,0.4947368421052632,0.5370083102493075,0.36510245614035086,0.3330877192982456,SelfRegulationSCP2,0,10,9.5,10,85,chain-mean-GPF (PSSTO-style),0.293,2.1097141210899863,64.0,7.0,1152.0,2.237240872926316,0.16850277824040183,0.346910125594811,,
0.04040404040404041,0.1435598073366932,0.5,0.5611080332409972,0.36549807017543867,0.3385438596491228,SelfRegulationSCP2,0,10,9.5,10,85,KNNOR-GPF (M=1),0.293,2.1097141210899863,64.0,7.0,1152.0,3.715989858823832,0.37043496107358564,0.07351498706062912,0.6204379562043796,1.0
0.02040816326530612,0.10151211327361005,0.4947368421052632,0.555180055401662,0.3625736842105264,0.334,SelfRegulationSCP2,0,10,9.5,10,85,KNNOR-GPF (M=3/2),0.293,2.1097141210899863,64.0,7.0,1152.0,3.8572137096198027,0.36221133948797335,0.10035927473914825,0.46195652173913043,1.5
0.0392156862745098,0.14122534594735514,0.4842105263157894,0.538393351800554,0.3612623976608187,0.33363157894736845,SelfRegulationSCP2,0,10,9.5,10,85,KNNOR-GPF (M calibrated),0.293,2.1097141210899863,64.0,7.0,1152.0,3.4460269242896207,0.2867986467186925,0.22750887929383587,0.4292929292929293,2.1999999999999997
0.0,0.0,0.5,0.47628808864265926,0.3787186549707602,0.354157894736842,SelfRegulationSCP2,0,10,9.5,10,85,hybrid GPF-nbrs/raw-walk (M calibrated),0.293,2.1097141210899863,64.0,7.0,1152.0,10.794808512888167,0.5208789104793109,0.6992352750085151,0.04743303571428571,2.1999999999999997
0.0,0.0,0.49473684210526314,0.5228808864265928,0.39377380116959065,0.3708421052631579,SelfRegulationSCP2,0,10,9.5,10,85,hybrid GPF-nbrs/raw-walk (M=1),0.293,2.1097141210899863,64.0,7.0,1152.0,2.308053812121619,0.10846898048397069,0.943387700873083,0.04743303571428571,1.0
0.0,0.0,0.5,0.5380609418282548,0.43690479532163745,0.37477192982456137,SelfRegulationSCP2,0,20,19.0,5,90,none (raw-flat RF),0.293,4.946599011832037,,,,,,,,
0.0,0.0,0.5,0.5911357340720221,0.44075900584795324,0.36605263157894735,SelfRegulationSCP2,0,20,19.0,5,90,none,0.293,4.946599011832037,64.0,7.0,1152.0,,,,,
0.0,0.0,0.49473684210526314,0.46731301939058173,0.4376205263157895,0.4163333333333333,SelfRegulationSCP2,0,20,19.0,5,90,SMOTE-raw,0.293,4.946599011832037,64.0,7.0,1152.0,2.227463959953898,0.14622756849491214,0.5130269720437944,,
0.0,0.0,0.5,0.5469252077562327,0.42043555555555556,0.4125964912280702,SelfRegulationSCP2,0,20,19.0,5,90,KNNOR-raw (M=1),0.293,4.946599011832037,64.0,7.0,1152.0,7.566195347107216,0.541924788845869,0.08589179682377308,0.04864864864864865,
0.0,0.0,0.5,0.5663157894736842,0.43093350877192976,0.41064912280701754,SelfRegulationSCP2,0,20,19.0,5,90,chain-mean-GPF (PSSTO-style),0.293,4.946599011832037,64.0,7.0,1152.0,5.8478202875658685,0.40271617149495664,0.24035546576288344,,
0.0,0.0,0.5,0.5685318559556787,0.4217617543859649,0.39494736842105255,SelfRegulationSCP2,0,20,19.0,5,90,KNNOR-GPF (M=1),0.293,4.946599011832037,64.0,7.0,1152.0,7.872409894795583,0.5621076314362844,0.09999718526128742,0.5027932960893855,1.0
0.0,0.0,0.5,0.5910249307479225,0.41595415204678365,0.40701754385964917,SelfRegulationSCP2,0,20,19.0,5,90,KNNOR-GPF (M=3/2),0.293,4.946599011832037,64.0,7.0,1152.0,8.13537198316117,0.543572608574529,0.16987849994582463,0.6293706293706294,1.5
0.0,0.0,0.5,0.5975623268698061,0.41363871345029246,0.4004912280701754,SelfRegulationSCP2,0,20,19.0,5,90,KNNOR-GPF (M calibrated),0.293,4.946599011832037,64.0,7.0,1152.0,7.940869555578361,0.5371620730701568,0.16220754702363227,0.6,1.4
0.0,0.0,0.5,0.5713019390581716,0.4186858479532164,0.39452631578947367,SelfRegulationSCP2,0,20,19.0,5,90,hybrid GPF-nbrs/raw-walk (M calibrated),0.293,4.946599011832037,64.0,7.0,1152.0,13.03248917008773,0.5124099451867871,1.4220540427147983,0.3515625,1.4
0.0,0.0,0.49473684210526314,0.5522437673130194,0.4424224561403508,0.4362105263157895,SelfRegulationSCP2,0,20,19.0,5,90,hybrid GPF-nbrs/raw-walk (M=1),0.293,4.946599011832037,64.0,7.0,1152.0,5.4231183002010415,0.3109549439979715,0.7521477343723544,0.1278409090909091,1.0
0.0784313725490196,0.20192974835000924,0.5052631578947369,0.47119113573407206,0.37746584795321636,0.34122807017543866,SelfRegulationSCP2,1,5,5.0,19,76,none (raw-flat RF),0.293,1.9798910741282825,,,,,,,,
0.09803921568627451,0.2269879858194508,0.5157894736842106,0.5237119113573407,0.35541005847953216,0.3050526315789474,SelfRegulationSCP2,1,5,5.0,19,76,none,0.293,1.9798910741282825,64.0,7.0,1152.0,,,,,
0.19672131147540983,0.32614596599641404,0.4842105263157894,0.4930193905817174,0.3367992982456141,0.26838596491228073,SelfRegulationSCP2,1,5,5.0,19,76,SMOTE-raw,0.293,1.9798910741282825,64.0,7.0,1152.0,2.290896241301228,0.13592065438982304,0.5197713298859158,,
0.1308411214953271,0.26420842943181333,0.5105263157894736,0.5073130193905818,0.34865660818713445,0.3127017543859649,SelfRegulationSCP2,1,5,5.0,19,76,KNNOR-raw (M=1),0.293,1.9798910741282825,64.0,7.0,1152.0,8.185100883474,0.4514735981730328,0.2852342869483594,0.20212765957446807,
0.12612612612612611,0.2582704030817957,0.48947368421052634,0.4942382271468144,0.3568278362573099,0.30880701754385964,SelfRegulationSCP2,1,5,5.0,19,76,chain-mean-GPF (PSSTO-style),0.293,1.9798910741282825,64.0,7.0,1152.0,2.310782134981995,0.14796299232778476,0.48716470444497456,,
0.07547169811320754,0.1974911898873023,0.4842105263157895,0.4728531855955678,0.36589380116959064,0.31807017543859645,SelfRegulationSCP2,1,5,5.0,19,76,KNNOR-GPF (M=1),0.293,1.9798910741282825,64.0,7.0,1152.0,2.804049845396044,0.30514123722187403,0.09051453834378934,0.7238095238095238,1.0
0.10909090909090909,0.23911193034948522,0.4842105263157895,0.4859833795013851,0.3628365497076023,0.3138070175438597,SelfRegulationSCP2,1,5,5.0,19,76,KNNOR-GPF (M=3/2),0.293,1.9798910741282825,64.0,7.0,1152.0,2.4701932146351417,0.25940967240374846,0.13946488787015393,0.5507246376811594,1.5
0.2184873949579832,0.3478465608812275,0.5105263157894737,0.4742382271468144,0.35174877192982457,0.30568421052631584,SelfRegulationSCP2,1,5,5.0,19,76,KNNOR-GPF (M calibrated),0.293,1.9798910741282825,64.0,7.0,1152.0,1.9510392274136414,0.18772693144379493,0.23762640614608072,0.475,2.4
0.18803418803418803,0.3199722979699087,0.5,0.5031578947368421,0.3502245029239766,0.2882280701754386,SelfRegulationSCP2,1,5,5.0,19,76,hybrid GPF-nbrs/raw-walk (M calibrated),0.293,1.9798910741282825,64.0,7.0,1152.0,27.889742499283265,0.3827722369751074,31.183973742820463,0.296875,2.4
0.0761904761904762,0.1986101290959285,0.48947368421052634,0.481994459833795,0.35942608187134495,0.31147368421052635,SelfRegulationSCP2,1,5,5.0,19,76,hybrid GPF-nbrs/raw-walk (M=1),0.293,1.9798910741282825,64.0,7.0,1152.0,2.6604683547959063,0.24477403991076174,0.1884927289003599,0.0475,1.0
0.0,0.0,0.5,0.4730747922437673,0.4164800584795322,0.3976666666666666,SelfRegulationSCP2,1,10,9.5,10,85,none (raw-flat RF),0.293,2.0999939979372737,,,,,,,,
0.06060606060606061,0.17676690130259648,0.5105263157894737,0.5403324099722991,0.38328736842105265,0.3671929824561404,SelfRegulationSCP2,1,10,9.5,10,85,none,0.293,2.0999939979372737,64.0,7.0,1152.0,,,,,
0.09900990099009901,0.2282050883018821,0.5210526315789473,0.5541828254847645,0.34384789473684213,0.30542105263157904,SelfRegulationSCP2,1,10,9.5,10,85,SMOTE-raw,0.293,2.0999939979372737,64.0,7.0,1152.0,1.509724313674326,0.10134317073636578,0.6772563133415602,,
0.04081632653061224,0.14432957053475884,0.5052631578947369,0.5426038781163434,0.37272345029239756,0.35468421052631577,SelfRegulationSCP2,1,10,9.5,10,85,KNNOR-raw (M=1),0.293,2.0999939979372737,64.0,7.0,1152.0,9.374265786698322,0.5846272485008651,0.07773251080975394,0.04857142857142857,
0.08,0.20411283610174016,0.5157894736842105,0.5340720221606647,0.3699524561403508,0.3374912280701754,SelfRegulationSCP2,1,10,9.5,10,85,chain-mean-GPF (PSSTO-style),0.293,2.0999939979372737,64.0,7.0,1152.0,2.562489833835853,0.21621733550682798,0.3332021769777114,,
0.041237113402061855,0.14509525002200233,0.5105263157894737,0.5600554016620498,0.3663326900584795,0.3438070175438596,SelfRegulationSCP2,1,10,9.5,10,85,KNNOR-GPF (M=1),0.293,2.0999939979372737,64.0,7.0,1152.0,4.04233809892005,0.4050903552990506,0.07856351214946132,0.3125,1.0
0.020833333333333332,0.10259783520851541,0.5052631578947369,0.5450969529085873,0.3626215789473684,0.32542105263157894,SelfRegulationSCP2,1,10,9.5,10,85,KNNOR-GPF (M=3/2),0.293,2.0999939979372737,64.0,7.0,1152.0,4.1296582529588,0.393031350236953,0.10852176574087408,0.33073929961089493,1.5
0.09803921568627451,0.2269879858194508,0.5157894736842106,0.5386703601108033,0.3585222807017544,0.309280701754386,SelfRegulationSCP2,1,10,9.5,10,85,KNNOR-GPF (M calibrated),0.293,2.0999939979372737,64.0,7.0,1152.0,3.556241971258302,0.3130065717054378,0.2171931970738102,0.3333333333333333,2.0
0.14953271028037382,0.28401552764699034,0.5210526315789473,0.5446537396121883,0.35206807017543856,0.3105263157894737,SelfRegulationSCP2,1,10,9.5,10,85,hybrid GPF-nbrs/raw-walk (M calibrated),0.293,2.0999939979372737,64.0,7.0,1152.0,10.11948296498049,0.31810793077175437,4.308430802789264,0.04743303571428571,2.0
0.020833333333333332,0.10259783520851541,0.5052631578947369,0.5730747922437675,0.3759112280701754,0.360140350877193,SelfRegulationSCP2,1,10,9.5,10,85,hybrid GPF-nbrs/raw-walk (M=1),0.293,2.0999939979372737,64.0,7.0,1152.0,7.44302331584842,0.5727770304229912,0.009035351698764063,0.04743303571428571,1.0
0.020833333333333332,0.10259783520851541,0.5052631578947369,0.45340720221606645,0.45247339181286556,0.35040350877192983,SelfRegulationSCP2,1,20,19.0,5,90,none (raw-flat RF),0.293,8.202464938121201,,,,,,,,
0.04040404040404041,0.1435598073366932,0.5,0.5010526315789474,0.45651900584795324,0.35973684210526313,SelfRegulationSCP2,1,20,19.0,5,90,none,0.293,8.202464938121201,64.0,7.0,1152.0,,,,,
0.09615384615384616,0.22453398955475307,0.5052631578947369,0.49617728531855954,0.3830478947368421,0.34128070175438596,SelfRegulationSCP2,1,20,19.0,5,90,SMOTE-raw,0.293,8.202464938121201,64.0,7.0,1152.0,1.890406148941958,0.13576381518068803,0.6230162033331007,,
0.02040816326530612,0.10151211327361005,0.4947368421052632,0.4937396121883656,0.432456783625731,0.3670350877192982,SelfRegulationSCP2,1,20,19.0,5,90,KNNOR-raw (M=1),0.293,8.202464938121201,64.0,7.0,1152.0,7.781214148688308,0.5348692850406235,0.17427418038560902,0.04864864864864865,
0.039603960396039604,0.14200776382349517,0.4894736842105263,0.48022160664819935,0.45226385964912286,0.3202456140350878,SelfRegulationSCP2,1,20,19.0,5,90,chain-mean-GPF (PSSTO-style),0.293,8.202464938121201,64.0,7.0,1152.0,10.566752061296944,0.6538557051767857,0.22347973027138515,,
0.0392156862745098,0.14122534594735514,0.4842105263157894,0.47130193905817175,0.4600016374269006,0.34571929824561404,SelfRegulationSCP2,1,20,19.0,5,90,KNNOR-GPF (M=1),0.293,8.202464938121201,64.0,7.0,1152.0,10.849814120365627,0.6767270848661315,0.18926998174117884,0.5625,1.0
0.057692307692307696,0.17200141724598098,0.4842105263157895,0.47202216066482,0.45858479532163743,0.34603508771929825,SelfRegulationSCP2,1,20,19.0,5,90,KNNOR-GPF (M=3/2),0.293,8.202464938121201,64.0,7.0,1152.0,10.905065217636471,0.6368387074019299,0.2545361110907647,0.5590062111801242,1.5
0.038834951456310676,0.14043856909606667,0.4789473684210526,0.4782271468144044,0.4590921637426901,0.3551228070175439,SelfRegulationSCP2,1,20,19.0,5,90,KNNOR-GPF (M calibrated),0.293,8.202464938121201,64.0,7.0,1152.0,10.773696661142688,0.6338410068113156,0.24847795747176935,0.5555555555555556,1.4
0.07692307692307693,0.19972279958958183,0.49473684210526314,0.48193905817174515,0.45177280701754385,0.3572807017543859,SelfRegulationSCP2,1,20,19.0,5,90,hybrid GPF-nbrs/raw-walk (M calibrated),0.293,8.202464938121201,64.0,7.0,1152.0,31.526414932456092,0.8250008806225954,1.923253919220227,0.3515625,1.4
0.0594059405940594,0.17487629185090683,0.5,0.47806094182825487,0.4569405263157895,0.31942105263157894,SelfRegulationSCP2,1,20,19.0,5,90,hybrid GPF-nbrs/raw-walk (M=1),0.293,8.202464938121201,64.0,7.0,1152.0,23.965003341731446,1.1548157586231695,0.10010196965502936,0.17578125,1.0
0.04,0.1427858943815846,0.49473684210526314,0.5238227146814405,0.3503036257309941,0.3074736842105263,SelfRegulationSCP2,2,5,5.0,19,76,none (raw-flat RF),0.293,1.4082196933070268,,,,,,,,
0.08,0.20411283610174016,0.5157894736842105,0.5388919667590029,0.3565641520467836,0.31970175438596504,SelfRegulationSCP2,2,5,5.0,19,76,none,0.293,1.4082196933070268,64.0,7.0,1152.0,,,,,
0.19298245614035087,0.32563596417385304,0.5157894736842105,0.5377839335180056,0.3091414619883041,0.22450877192982455,SelfRegulationSCP2,2,5,5.0,19,76,SMOTE-raw,0.293,1.4082196933070268,64.0,7.0,1152.0,2.204411775082523,0.15847849463227015,0.5210467292599171,,
0.12727272727272726,0.2597676353526961,0.49473684210526314,0.5281994459833795,0.3339801169590643,0.2868421052631579,SelfRegulationSCP2,2,5,5.0,19,76,KNNOR-raw (M=1),0.293,1.4082196933070268,64.0,7.0,1152.0,7.279169583354008,0.4317506591157826,0.40102920110541573,0.40425531914893614,
0.1651376146788991,0.2995841993843728,0.5210526315789473,0.5505817174515235,0.3290347953216374,0.2774561403508771,SelfRegulationSCP2,2,5,5.0,19,76,chain-mean-GPF (PSSTO-style),0.293,1.4082196933070268,64.0,7.0,1152.0,1.8458868982748378,0.17065569489712473,0.4248491695616221,,
0.1320754716981132,0.26567219924471497,0.5157894736842105,0.5365096952908587,0.3314880116959064,0.27763157894736845,SelfRegulationSCP2,2,5,5.0,19,76,KNNOR-GPF (M=1),0.293,1.4082196933070268,64.0,7.0,1152.0,2.3915991427396115,0.25515352492710275,0.23665882919287484,0.9156626506024096,1.0
0.1651376146788991,0.2995841993843728,0.5210526315789473,0.5507479224376731,0.32598222222222223,0.26154385964912275,SelfRegulationSCP2,2,5,5.0,19,76,KNNOR-GPF (M=3/2),0.293,1.4082196933070268,64.0,7.0,1152.0,2.157130020977686,0.2161321392768274,0.3314412615526229,0.8444444444444444,1.5
0.19469026548672566,0.32750208812850623,0.5210526315789473,0.5273684210526316,0.3264656725146199,0.2548245614035088,SelfRegulationSCP2,2,5,5.0,19,76,KNNOR-GPF (M calibrated),0.293,1.4082196933070268,64.0,7.0,1152.0,1.9280231758504165,0.17738812917077618,0.44927278378398056,0.8172043010752689,2.0
0.22413793103448276,0.3540036151747418,0.5263157894736842,0.5080886426592798,0.33160076023391816,0.2584736842105263,SelfRegulationSCP2,2,5,5.0,19,76,hybrid GPF-nbrs/raw-walk (M calibrated),0.293,1.4082196933070268,64.0,7.0,1152.0,5.775797973432756,0.1281571452005783,10.165032977824298,0.296875,2.0
0.0784313725490196,0.20192974835000924,0.5052631578947369,0.5078116343490305,0.34307783625730986,0.2830701754385964,SelfRegulationSCP2,2,5,5.0,19,76,hybrid GPF-nbrs/raw-walk (M=1),0.293,1.4082196933070268,64.0,7.0,1152.0,2.7038599655906825,0.23186039133586922,0.3531493777810567,0.09134615384615384,1.0
0.04081632653061224,0.14432957053475884,0.5052631578947369,0.5084210526315789,0.39858959064327487,0.37645614035087727,SelfRegulationSCP2,2,10,9.5,10,85,none (raw-flat RF),0.293,3.7492843884456555,,,,,,,,
0.0,0.0,0.5,0.5447645429362881,0.4284216959064328,0.3899824561403509,SelfRegulationSCP2,2,10,9.5,10,85,none,0.293,3.7492843884456555,64.0,7.0,1152.0,,,,,
0.09615384615384616,0.22453398955475307,0.5052631578947369,0.5273684210526316,0.39185333333333333,0.3595087719298246,SelfRegulationSCP2,2,10,9.5,10,85,SMOTE-raw,0.293,3.7492843884456555,64.0,7.0,1152.0,4.369806126889005,0.29127082247584324,0.5939511463655726,,
0.020833333333333332,0.10259783520851541,0.5052631578947369,0.5539058171745153,0.4236151461988304,0.3953859649122807,SelfRegulationSCP2,2,10,9.5,10,85,KNNOR-raw (M=1),0.293,3.7492843884456555,64.0,7.0,1152.0,14.853651692080355,0.8485839222229076,0.10060158303064635,0.04857142857142857,
0.11764705882352941,0.24998614920079826,0.5263157894736842,0.5216620498614958,0.40946649122807016,0.3771052631578948,SelfRegulationSCP2,2,10,9.5,10,85,chain-mean-GPF (PSSTO-style),0.293,3.7492843884456555,64.0,7.0,1152.0,4.737432552325725,0.34355335765468975,0.39966738838310684,,
0.13592233009708737,0.27001590186064545,0.531578947368421,0.5212742382271468,0.4158163742690058,0.3530175438596491,SelfRegulationSCP2,2,10,9.5,10,85,KNNOR-GPF (M=1),0.293,3.7492843884456555,64.0,7.0,1152.0,5.6693483492338395,0.43246044020977414,0.22171503960360434,0.8415841584158416,1.0
0.13592233009708737,0.27001590186064545,0.531578947368421,0.517174515235457,0.4102841520467837,0.3805438596491228,SelfRegulationSCP2,2,10,9.5,10,85,KNNOR-GPF (M=3/2),0.293,3.7492843884456555,64.0,7.0,1152.0,5.408544817509828,0.40576529684334295,0.28172940112908307,0.7727272727272727,1.5
0.13725490196078433,0.27144835701531844,0.5368421052631579,0.5194459833795013,0.40780736842105264,0.37757894736842107,SelfRegulationSCP2,2,10,9.5,10,85,KNNOR-GPF (M calibrated),0.293,3.7492843884456555,64.0,7.0,1152.0,5.3281305926736735,0.3975966991218717,0.3008166788948439,0.7589285714285714,1.5999999999999999
0.1523809523809524,0.2871196146733864,0.531578947368421,0.5473130193905817,0.3931231578947369,0.3581754385964912,SelfRegulationSCP2,2,10,9.5,10,85,hybrid GPF-nbrs/raw-walk (M calibrated),0.293,3.7492843884456555,64.0,7.0,1152.0,4.494900298336741,0.2779699573749831,0.7471778613332182,0.14756944444444445,1.5999999999999999
0.06060606060606061,0.17676690130259648,0.5105263157894737,0.5235457063711912,0.41716514619883044,0.39498245614035077,SelfRegulationSCP2,2,10,9.5,10,85,hybrid GPF-nbrs/raw-walk (M=1),0.293,3.7492843884456555,64.0,7.0,1152.0,4.65681137987761,0.29037239214577004,0.7147450729556654,0.06324404761904762,1.0
0.0,0.0,0.5,0.5062603878116343,0.4346983625730994,0.3801754385964913,SelfRegulationSCP2,2,20,19.0,5,90,none (raw-flat RF),0.293,8.799160077742515,,,,,,,,
0.0970873786407767,0.22576432199502333,0.5105263157894737,0.48897506925207757,0.4545145614035088,0.3509298245614035,SelfRegulationSCP2,2,20,19.0,5,90,none,0.293,8.799160077742515,64.0,7.0,1152.0,,,,,
0.22033898305084745,0.3499109502862034,0.5157894736842106,0.49722991689750695,0.31907374269005845,0.2280526315789474,SelfRegulationSCP2,2,20,19.0,5,90,SMOTE-raw,0.293,8.799160077742515,64.0,7.0,1152.0,1.2936112630023189,0.07431359721440167,0.412352478450772,,
0.11428571428571428,0.24596466201153522,0.5105263157894737,0.476398891966759,0.3801054385964913,0.3298421052631579,SelfRegulationSCP2,2,20,19.0,5,90,KNNOR-raw (M=1),0.293,8.799160077742515,64.0,7.0,1152.0,4.5428290163193825,0.2774794010878775,0.16836182238639066,0.12968299711815562,
0.16363636363636364,0.29791519364389274,0.5157894736842106,0.5164542936288089,0.4326882456140351,0.29921052631578954,SelfRegulationSCP2,2,20,19.0,5,90,chain-mean-GPF (PSSTO-style),0.293,8.799160077742515,64.0,7.0,1152.0,10.538102824570315,0.516888150350252,0.26121694931400946,,
0.1308411214953271,0.26420842943181333,0.5105263157894736,0.48509695290858723,0.4381605263157895,0.3253859649122807,SelfRegulationSCP2,2,20,19.0,5,90,KNNOR-GPF (M=1),0.293,8.799160077742515,64.0,7.0,1152.0,19.106976033343457,0.8784564326212139,0.14523126560252164,0.15789473684210525,1.0
0.14678899082568808,0.28087713819213334,0.5105263157894737,0.5137950138504156,0.4394825146198831,0.3172105263157894,SelfRegulationSCP2,2,20,19.0,5,90,KNNOR-GPF (M=3/2),0.293,8.799160077742515,64.0,7.0,1152.0,20.540707568686223,0.9075771037630286,0.15818235342203643,0.16129032258064516,1.5
0.11320754716981132,0.24460947449731055,0.5052631578947369,0.5038781163434902,0.4385673684210526,0.3451929824561404,SelfRegulationSCP2,2,20,19.0,5,90,KNNOR-GPF (M calibrated),0.293,8.799160077742515,64.0,7.0,1152.0,22.31517017050171,0.9942678097754141,0.11612845109406623,0.15625,1.4
0.16216216216216217,0.29623678483095345,0.5105263157894737,0.48936288088642654,0.4341981871345029,0.3279473684210526,SelfRegulationSCP2,2,20,19.0,5,90,hybrid GPF-nbrs/raw-walk (M calibrated),0.293,8.799160077742515,64.0,7.0,1152.0,20.690756962170717,0.4445294256112353,2.3393323829495487,0.3515625,1.4
0.09615384615384616,0.22453398955475307,0.5052631578947369,0.5215512465373962,0.4383680116959065,0.3682280701754385,SelfRegulationSCP2,2,20,19.0,5,90,hybrid GPF-nbrs/raw-walk (M=1),0.293,8.799160077742515,64.0,7.0,1152.0,21.383250392430575,0.8226578842936572,0.536997081045507,0.1278409090909091,1.0
0.09259259259259259,0.21954372225909694,0.4842105263157894,0.5058725761772853,0.3723726315789473,0.33014035087719296,SelfRegulationSCP2,3,5,5.0,19,76,none (raw-flat RF),0.293,1.3306631697980134,,,,,,,,
0.1981981981981982,0.33120279415899523,0.531578947368421,0.5282548476454293,0.35175678362573093,0.31247368421052635,SelfRegulationSCP2,3,5,5.0,19,76,none,0.293,1.3306631697980134,64.0,7.0,1152.0,,,,,
0.34782608695652173,0.4495611895592131,0.5263157894736843,0.5325207756232686,0.3012429239766082,0.2191578947368421,SelfRegulationSCP2,3,5,5.0,19,76,SMOTE-raw,0.293,1.3306631697980134,64.0,7.0,1152.0,3.268821810199187,0.1677753002815059,0.6202490276989103,,
0.30158730158730157,0.4180153610876796,0.5368421052631579,0.5252077562326869,0.3167918128654971,0.2534736842105263,SelfRegulationSCP2,3,5,5.0,19,76,KNNOR-raw (M=1),0.293,1.3306631697980134,64.0,7.0,1152.0,11.167629024244402,0.498418801118651,0.4879862472776885,0.3838383838383838,
0.2711864406779661,0.3949823797746046,0.5473684210526316,0.5344598337950139,0.3237871929824562,0.2730701754385965,SelfRegulationSCP2,3,5,5.0,19,76,chain-mean-GPF (PSSTO-style),0.293,1.3306631697980134,64.0,7.0,1152.0,1.494182472390861,0.08023366067543747,0.643118474636178,,
0.21052631578947367,0.34206477493204046,0.5263157894736842,0.5623268698060941,0.3291048538011696,0.2752105263157894,SelfRegulationSCP2,3,5,5.0,19,76,KNNOR-GPF (M=1),0.293,1.3306631697980134,64.0,7.0,1152.0,1.9291639254740929,0.12137636409096664,0.4496901113199639,0.34234234234234234,1.0
0.2711864406779661,0.3949823797746046,0.5473684210526316,0.553573407202216,0.32466140350877193,0.2578245614035088,SelfRegulationSCP2,3,5,5.0,19,76,KNNOR-GPF (M=3/2),0.293,1.3306631697980134,64.0,7.0,1152.0,2.7584886073036117,0.15447201243840514,0.5571530853758798,0.29118773946360155,1.5
0.2833333333333333,0.4048186215374613,0.5473684210526315,0.555623268698061,0.32442058479532165,0.2719298245614035,SelfRegulationSCP2,3,5,5.0,19,76,KNNOR-GPF (M calibrated),0.293,1.3306631697980134,64.0,7.0,1152.0,3.196666742895495,0.17105848001489565,0.6137268430628492,0.2814814814814815,1.7999999999999998
0.22413793103448276,0.3540036151747418,0.5263157894736842,0.5363434903047092,0.34082409356725146,0.2886666666666667,SelfRegulationSCP2,3,5,5.0,19,76,hybrid GPF-nbrs/raw-walk (M calibrated),0.293,1.3306631697980134,64.0,7.0,1152.0,26.78247909740602,0.5840759577881875,5.411674740350525,0.296875,1.7999999999999998
0.16822429906542055,0.30289462252501387,0.531578947368421,0.5448753462603878,0.3233138011695907,0.26870175438596494,SelfRegulationSCP2,3,5,5.0,19,76,hybrid GPF-nbrs/raw-walk (M=1),0.293,1.3306631697980134,64.0,7.0,1152.0,1.8292379436415462,0.11792538630792537,0.6793032043039419,0.0475,1.0
0.020618556701030927,0.10205641805087008,0.5,0.4987811634349031,0.3958791812865497,0.3631929824561404,SelfRegulationSCP2,3,10,9.5,10,85,none (raw-flat RF),0.293,2.9246757803188146,,,,,,,,
0.0,0.0,0.48947368421052634,0.5226038781163435,0.39716228070175436,0.3766140350877193,SelfRegulationSCP2,3,10,9.5,10,85,none,0.293,2.9246757803188146,64.0,7.0,1152.0,,,,,
0.07476635514018691,0.1963658748018698,0.4789473684210526,0.4428808864265928,0.386871052631579,0.3386842105263158,SelfRegulationSCP2,3,10,9.5,10,85,SMOTE-raw,0.293,2.9246757803188146,64.0,7.0,1152.0,2.694585254798046,0.1755076263274471,0.5003352734124283,,
0.020833333333333332,0.10259783520851541,0.5052631578947369,0.4726869806094183,0.390329649122807,0.355877192982456,SelfRegulationSCP2,3,10,9.5,10,85,KNNOR-raw (M=1),0.293,2.9246757803188146,64.0,7.0,1152.0,12.26630595678088,0.7209109417760539,0.1031538840239653,0.04857142857142857,
0.09523809523809523,0.22329687826943606,0.5,0.5055401662049861,0.37854467836257316,0.3376842105263158,SelfRegulationSCP2,3,10,9.5,10,85,chain-mean-GPF (PSSTO-style),0.293,2.9246757803188146,64.0,7.0,1152.0,3.245887859934637,0.1929687499613002,0.45096624698790544,,
0.02,0.10041465278073113,0.4842105263157895,0.5122437673130195,0.3838433333333334,0.3579824561403508,SelfRegulationSCP2,3,10,9.5,10,85,KNNOR-GPF (M=1),0.293,2.9246757803188146,64.0,7.0,1152.0,4.965602133755798,0.428865097741284,0.08239557705809337,0.04857142857142857,1.0
0.0594059405940594,0.17487629185090683,0.5,0.5188919667590027,0.3817256140350878,0.35256140350877196,SelfRegulationSCP2,3,10,9.5,10,85,KNNOR-GPF (M=3/2),0.293,2.9246757803188146,64.0,7.0,1152.0,4.202934147896055,0.3832674635187253,0.09135515193598008,0.04857142857142857,1.5
0.04,0.1427858943815846,0.49473684210526314,0.5255401662049861,0.3841372514619883,0.35678947368421055,SelfRegulationSCP2,3,10,9.5,10,85,KNNOR-GPF (M calibrated),0.293,2.9246757803188146,64.0,7.0,1152.0,4.4498691446275505,0.39141318211936293,0.09127426460913492,0.04857142857142857,1.7999999999999998
0.19298245614035087,0.32563596417385304,0.5157894736842105,0.5498614958448754,0.3775569590643275,0.3428771929824561,SelfRegulationSCP2,3,10,9.5,10,85,hybrid GPF-nbrs/raw-walk (M calibrated),0.293,2.9246757803188146,64.0,7.0,1152.0,30.853102203233778,0.6736141526879282,5.23023797839389,0.18973214285714285,1.7999999999999998
0.0,0.0,0.49473684210526314,0.5363434903047092,0.3849406432748538,0.36215789473684207,SelfRegulationSCP2,3,10,9.5,10,85,hybrid GPF-nbrs/raw-walk (M=1),0.293,2.9246757803188146,64.0,7.0,1152.0,7.695286585411299,0.5065662729913833,1.5450210624448465e-32,0.04743303571428571,1.0
0.0,0.0,0.5,0.44963988919667586,0.44883766081871346,0.40568421052631576,SelfRegulationSCP2,3,20,19.0,5,90,none (raw-flat RF),0.293,4.644075529803262,,,,,,,,
0.0,0.0,0.5,0.5123545706371191,0.4439912865497076,0.37728070175438594,SelfRegulationSCP2,3,20,19.0,5,90,none,0.293,4.644075529803262,64.0,7.0,1152.0,,,,,
0.02040816326530612,0.10151211327361005,0.4947368421052632,0.4684764542936288,0.43247286549707603,0.39119298245614037,SelfRegulationSCP2,3,20,19.0,5,90,SMOTE-raw,0.293,4.644075529803262,64.0,7.0,1152.0,7.496540514880072,0.45074374929776606,0.33746491944528284,,
0.020618556701030927,0.10205641805087008,0.5,0.4986703601108034,0.4367608771929825,0.3593157894736842,SelfRegulationSCP2,3,20,19.0,5,90,KNNOR-raw (M=1),0.293,4.644075529803262,64.0,7.0,1152.0,13.253954419457669,0.768603096560374,0.059068782603617816,0.04864864864864865,
0.0,0.0,0.48947368421052634,0.4566759002770083,0.43953187134502925,0.4079824561403509,SelfRegulationSCP2,3,20,19.0,5,90,chain-mean-GPF (PSSTO-style),0.293,4.644075529803262,64.0,7.0,1152.0,5.539085447420712,0.3564329610833106,0.3177902773281295,,
0.0,0.0,0.49473684210526314,0.4903047091412742,0.42280169590643274,0.3939122807017544,SelfRegulationSCP2,3,20,19.0,5,90,KNNOR-GPF (M=1),0.293,4.644075529803262,64.0,7.0,1152.0,6.407015532385175,0.4992508343332258,0.055620740667718306,0.569620253164557,1.0
0.0,0.0,0.48947368421052634,0.4883102493074792,0.42133345029239766,0.39768421052631575,SelfRegulationSCP2,3,20,19.0,5,90,KNNOR-GPF (M=3/2),0.293,4.644075529803262,64.0,7.0,1152.0,6.273153162140831,0.4827448034887357,0.0710576474525735,0.4864864864864865,1.5
0.0,0.0,0.48947368421052634,0.4874238227146815,0.41787391812865493,0.3983157894736842,SelfRegulationSCP2,3,20,19.0,5,90,KNNOR-GPF (M calibrated),0.293,4.644075529803262,64.0,7.0,1152.0,6.220878592081688,0.4796565804227152,0.07571472407004029,0.4864864864864865,1.5999999999999999
0.041237113402061855,0.14509525002200233,0.5105263157894737,0.5168421052631578,0.4038708187134504,0.37419298245614036,SelfRegulationSCP2,3,20,19.0,5,90,hybrid GPF-nbrs/raw-walk (M calibrated),0.293,4.644075529803262,64.0,7.0,1152.0,7.3107062487174215,0.3095246445966604,2.4200339817799854,0.703125,1.5999999999999999
0.02040816326530612,0.10151211327361005,0.4947368421052632,0.49656509695290857,0.42949374269005847,0.38085964912280706,SelfRegulationSCP2,3,20,19.0,5,90,hybrid GPF-nbrs/raw-walk (M=1),0.293,4.644075529803262,64.0,7.0,1152.0,9.296754586972936,0.5176977215703152,0.455779587702728,0.703125,1.0
0.0,0.0,0.48947368421052634,0.5364542936288088,0.34954070175438595,0.31926315789473686,SelfRegulationSCP2,4,5,5.0,19,76,none (raw-flat RF),0.293,1.4548156430968575,,,,,,,,
0.0,0.0,0.49473684210526314,0.49745152354570643,0.37146385964912276,0.35452631578947374,SelfRegulationSCP2,4,5,5.0,19,76,none,0.293,1.4548156430968575,64.0,7.0,1152.0,,,,,
0.056074766355140186,0.16907766741272642,0.46842105263157896,0.483601108033241,0.36528005847953215,0.33278947368421047,SelfRegulationSCP2,4,5,5.0,19,76,SMOTE-raw,0.293,1.4548156430968575,64.0,7.0,1152.0,1.8489546499276432,0.13767845213563212,0.5240567550057877,,
0.02,0.10041465278073113,0.4842105263157895,0.4899722991689751,0.35785538011695905,0.3389999999999999,SelfRegulationSCP2,4,5,5.0,19,76,KNNOR-raw (M=1),0.293,1.4548156430968575,64.0,7.0,1152.0,3.942228383577284,0.31106633454508203,0.27458414119367486,0.5066666666666667,
0.057692307692307696,0.17200141724598098,0.4842105263157895,0.48991689750692524,0.35539690058479534,0.31721052631578955,SelfRegulationSCP2,4,5,5.0,19,76,chain-mean-GPF (PSSTO-style),0.293,1.4548156430968575,64.0,7.0,1152.0,1.9723232763892948,0.1595293590506328,0.4234978540360651,,
0.019801980198019802,0.09986139979479092,0.4789473684210526,0.48554016620498613,0.36353023391812866,0.33145614035087717,SelfRegulationSCP2,4,5,5.0,19,76,KNNOR-GPF (M=1),0.293,1.4548156430968575,64.0,7.0,1152.0,2.6832586165218846,0.2551675928697388,0.20757597671295872,0.6846846846846847,1.0
0.0392156862745098,0.14122534594735514,0.4842105263157894,0.49423822714681437,0.3594563742690059,0.33663157894736845,SelfRegulationSCP2,4,5,5.0,19,76,KNNOR-GPF (M=3/2),0.293,1.4548156430968575,64.0,7.0,1152.0,2.4337718195659352,0.2125879158915831,0.3091033966590471,0.5846153846153846,1.5
0.0196078431372549,0.09930506454796426,0.4736842105263158,0.47551246537396125,0.3563526900584795,0.32661403508771936,SelfRegulationSCP2,4,5,5.0,19,76,KNNOR-GPF (M calibrated),0.293,1.4548156430968575,64.0,7.0,1152.0,2.2912302455609,0.18725545924328557,0.3881225515571349,0.6129032258064516,1.7999999999999998
0.12727272727272726,0.2597676353526961,0.49473684210526314,0.4862049861495845,0.35129163742690056,0.32289473684210523,SelfRegulationSCP2,4,5,5.0,19,76,hybrid GPF-nbrs/raw-walk (M calibrated),0.293,1.4548156430968575,64.0,7.0,1152.0,2.602300611115739,0.12078572781661823,1.7699276955345435,0.3958333333333333,1.7999999999999998
0.0,0.0,0.4842105263157895,0.48426592797783935,0.363552456140351,0.3462280701754386,SelfRegulationSCP2,4,5,5.0,19,76,hybrid GPF-nbrs/raw-walk (M=1),0.293,1.4548156430968575,64.0,7.0,1152.0,3.792079042945879,0.3141849244826932,0.2150198067402381,0.3958333333333333,1.0
0.020618556701030927,0.10205641805087008,0.5,0.5781163434903047,0.3966544444444444,0.38745614035087717,SelfRegulationSCP2,4,10,9.5,10,85,none (raw-flat RF),0.293,2.7953657527123266,,,,,,,,
0.041237113402061855,0.14509525002200233,0.5105263157894737,0.5176731301939058,0.4163543859649123,0.3903157894736842,SelfRegulationSCP2,4,10,9.5,10,85,none,0.293,2.7953657527123266,64.0,7.0,1152.0,,,,,
0.09523809523809523,0.22329687826943606,0.5,0.44963988919667586,0.40256701754385965,0.36585964912280694,SelfRegulationSCP2,4,10,9.5,10,85,SMOTE-raw,0.293,2.7953657527123266,64.0,7.0,1152.0,10.162912005755775,0.5348520651866405,0.4254890397005047,,
0.06,0.17582413777357964,0.5052631578947369,0.4891412742382272,0.4141613450292398,0.3885438596491228,SelfRegulationSCP2,4,10,9.5,10,85,KNNOR-raw (M=1),0.293,2.7953657527123266,64.0,7.0,1152.0,17.257084244894795,0.7790163692120058,0.2989002810713084,0.16966067864271456,
0.0594059405940594,0.17487629185090683,0.5,0.4570083102493075,0.3970170760233917,0.3544210526315789,SelfRegulationSCP2,4,10,9.5,10,85,chain-mean-GPF (PSSTO-style),0.293,2.7953657527123266,64.0,7.0,1152.0,3.5219981243031686,0.2390439159338198,0.3284898703175048,,
0.08,0.20411283610174016,0.5157894736842105,0.5033795013850415,0.41645362573099415,0.39335087719298234,SelfRegulationSCP2,4,10,9.5,10,85,KNNOR-GPF (M=1),0.293,2.7953657527123266,64.0,7.0,1152.0,11.338434498513397,0.6923457521029577,0.06181570573582778,0.04857142857142857,1.0
0.06060606060606061,0.17676690130259648,0.5105263157894737,0.49650969529085864,0.4105233333333334,0.3899824561403509,SelfRegulationSCP2,4,10,9.5,10,85,KNNOR-GPF (M=3/2),0.293,2.7953657527123266,64.0,7.0,1152.0,11.765532716590581,0.6704223524830023,0.14499475767765643,0.04857142857142857,1.5
0.09259259259259259,0.21954372225909694,0.4842105263157894,0.47362880886426595,0.4115090058479533,0.364,SelfRegulationSCP2,4,10,9.5,10,85,KNNOR-GPF (M calibrated),0.293,2.7953657527123266,64.0,7.0,1152.0,10.195070297986458,0.5566052171029244,0.356247046893449,0.04857142857142857,2.0
0.09900990099009901,0.2282050883018821,0.5210526315789473,0.5142382271468143,0.4067995906432749,0.36478947368421044,SelfRegulationSCP2,4,10,9.5,10,85,hybrid GPF-nbrs/raw-walk (M calibrated),0.293,2.7953657527123266,64.0,7.0,1152.0,24.156030955764404,0.6101492769166714,4.484474142671379,0.18973214285714285,2.0
0.061224489795918366,0.17770466332772772,0.5157894736842106,0.5029916897506925,0.41648017543859656,0.37742105263157893,SelfRegulationSCP2,4,10,9.5,10,85,hybrid GPF-nbrs/raw-walk (M=1),0.293,2.7953657527123266,64.0,7.0,1152.0,17.404376414729036,0.9077481542856269,0.008943202741756738,0.04743303571428571,1.0
0.020618556701030927,0.10205641805087008,0.5,0.5074238227146814,0.4501219298245614,0.3805087719298245,SelfRegulationSCP2,4,20,19.0,5,90,none (raw-flat RF),0.293,5.2456866933124875,,,,,,,,
0.0,0.0,0.5,0.49047091412742383,0.44995502923976616,0.37422807017543863,SelfRegulationSCP2,4,20,19.0,5,90,none,0.293,5.2456866933124875,64.0,7.0,1152.0,,,,,
0.020833333333333332,0.10259783520851541,0.5052631578947369,0.47872576177285314,0.43531134502923974,0.4105263157894737,SelfRegulationSCP2,4,20,19.0,5,90,SMOTE-raw,0.293,5.2456866933124875,64.0,7.0,1152.0,5.091289294200104,0.3133288391756778,0.4791956528795646,,
0.0,0.0,0.5,0.48559556786703606,0.44216935672514623,0.37498245614035086,SelfRegulationSCP2,4,20,19.0,5,90,KNNOR-raw (M=1),0.293,5.2456866933124875,64.0,7.0,1152.0,11.844862893231701,0.7291752018353117,0.03270387666658192,0.04864864864864865,
0.0,0.0,0.5,0.4667036011080333,0.45413105263157894,0.36942105263157893,SelfRegulationSCP2,4,20,19.0,5,90,chain-mean-GPF (PSSTO-style),0.293,5.2456866933124875,64.0,7.0,1152.0,6.5436765124072505,0.46847381139815236,0.2004716961114824,,
0.0,0.0,0.5,0.4828808864265928,0.44798035087719296,0.4108421052631579,SelfRegulationSCP2,4,20,19.0,5,90,KNNOR-GPF (M=1),0.293,5.2456866933124875,64.0,7.0,1152.0,8.552302327420966,0.5920609865215515,0.1393933907371018,0.9782608695652174,1.0
0.0,0.0,0.5,0.46349030470914127,0.44689426900584794,0.4147719298245614,SelfRegulationSCP2,4,20,19.0,5,90,KNNOR-GPF (M=3/2),0.293,5.2456866933124875,64.0,7.0,1152.0,8.692683643315624,0.5620535881071698,0.23053930754782023,0.9473684210526315,1.5
0.0,0.0,0.5,0.46742382271468147,0.44588865497076025,0.3961052631578948,SelfRegulationSCP2,4,20,19.0,5,90,KNNOR-GPF (M calibrated),0.293,5.2456866933124875,64.0,7.0,1152.0,8.68186984947045,0.5542410498976817,0.25189330952030264,0.9473684210526315,1.5999999999999999
0.02040816326530612,0.10151211327361005,0.4947368421052632,0.5245983379501384,0.4084201754385966,0.3606140350877193,SelfRegulationSCP2,4,20,19.0,5,90,hybrid GPF-nbrs/raw-walk (M calibrated),0.293,5.2456866933124875,64.0,7.0,1152.0,8.28617656449485,0.3255686730610966,1.7090115060810593,0.09375,1.5999999999999999
0.0,0.0,0.5,0.5034349030470915,0.44431046783625733,0.40278947368421053,SelfRegulationSCP2,4,20,19.0,5,90,hybrid GPF-nbrs/raw-walk (M=1),0.293,5.2456866933124875,64.0,7.0,1152.0,6.8501343144666915,0.40693805701164376,0.40316152461968424,0.04849137931034483,1.0
0.7083333333333334,0.7852262800497886,0.8044521205142967,0.9769717904432931,0.04531772727272727,0.052803030303030296,UWaveGestureLibrary,0,5,6.9,28,164,none (raw-flat RF),0.757,0.43248550031727895,,,,,,,,
0.7441860465116279,0.769800358919501,0.7962962962962963,0.9900211091920937,0.036226717171717174,0.08319696969696969,UWaveGestureLibrary,0,5,6.9,28,164,none,0.757,0.43248550031727895,64.0,3.0,315.0,,,,,
0.8979591836734694,0.90267093384844,0.9074074074074074,0.9886777969679523,0.026828232323232323,0.0738939393939394,UWaveGestureLibrary,0,5,6.9,28,164,SMOTE-raw,0.757,0.43248550031727895,64.0,3.0,315.0,0.5559120526466188,0.06556998529628744,0.6195396477213764,,
0.7727272727272727,0.7934920476158722,0.8148148148148149,0.992899635386682,0.029917323232323233,0.08016666666666668,UWaveGestureLibrary,0,5,6.9,28,164,KNNOR-raw (M=1),0.757,0.43248550031727895,64.0,3.0,315.0,1.2884698155838485,0.22486309215909717,0.2808861239954094,1.0,
0.92,0.9229582069908973,0.9259259259259259,0.9792746113989638,0.025649444444444447,0.08195454545454545,UWaveGestureLibrary,0,5,6.9,28,164,chain-mean-GPF (PSSTO-style),0.757,0.43248550031727895,64.0,3.0,315.0,0.6245930511789872,0.08760436938169036,0.47812073357150253,,
0.7727272727272727,0.7934920476158722,0.8148148148148149,0.9888696987142583,0.031175656565656563,0.07621212121212119,UWaveGestureLibrary,0,5,6.9,28,164,KNNOR-GPF (M=1),0.757,0.43248550031727895,64.0,3.0,315.0,1.4866815140989917,0.27659691120510066,0.15608838837657643,1.0,1.0
0.8260869565217391,0.8388704928078611,0.8518518518518519,0.9958741124544234,0.028220050505050505,0.07622727272727271,UWaveGestureLibrary,0,5,6.9,28,164,KNNOR-GPF (M=3/2),0.757,0.43248550031727895,64.0,3.0,315.0,1.1696889694583206,0.17123176720482652,0.2693687966226454,1.0,1.5
0.851063829787234,0.8606629658238704,0.8703703703703703,0.9968336211859528,0.026416616161616165,0.07786363636363636,UWaveGestureLibrary,0,5,6.9,28,164,KNNOR-GPF (M calibrated),0.757,0.43248550031727895,64.0,3.0,315.0,0.9397259291193407,0.10911871161474795,0.39734067105305515,1.0,2.0
0.9411764705882353,0.9428090415820634,0.9444444444444444,0.9960660142007293,0.02345813131313131,0.07943939393939393,UWaveGestureLibrary,0,5,6.9,28,164,hybrid GPF-nbrs/raw-walk (M calibrated),0.757,0.43248550031727895,64.0,3.0,315.0,0.708456361684501,0.06697191801103619,0.6715728957544821,0.8541666666666666,2.0
0.7727272727272727,0.7934920476158722,0.8148148148148149,0.9882939934753406,0.03153575757575758,0.08533333333333333,UWaveGestureLibrary,0,5,6.9,28,164,hybrid GPF-nbrs/raw-walk (M=1),0.757,0.43248550031727895,64.0,3.0,315.0,1.7033257144279972,0.29347674426822284,0.15122431590424912,0.8541666666666666,1.0
0.5641025641025641,0.636629003579041,0.7011130301285742,0.9535597773939744,0.055812626262626265,0.04133333333333332,UWaveGestureLibrary,0,10,10.1,19,173,none (raw-flat RF),0.757,0.7500035006761792,,,,,,,,
0.6153846153846154,0.6666666666666666,0.7222222222222222,0.9777393974285166,0.046696767676767684,0.07557575757575757,UWaveGestureLibrary,0,10,10.1,19,173,none,0.757,0.7500035006761792,64.0,3.0,315.0,,,,,
0.8,0.816496580927726,0.8333333333333333,0.9942429476108232,0.03206843434343435,0.06868181818181818,UWaveGestureLibrary,0,10,10.1,19,173,SMOTE-raw,0.757,0.7500035006761792,64.0,3.0,315.0,1.1490778685595977,0.14788650117781965,0.4963696888555311,,
0.8,0.816496580927726,0.8333333333333333,0.9896373056994818,0.035100000000000006,0.06578787878787878,UWaveGestureLibrary,0,10,10.1,19,173,KNNOR-raw (M=1),0.757,0.7500035006761792,64.0,3.0,315.0,2.2159133710879004,0.3640725303071548,0.2140340216384238,1.0,
0.7727272727272727,0.7934920476158722,0.8148148148148149,0.9867587795048935,0.03421929292929293,0.0666060606060606,UWaveGestureLibrary,0,10,10.1,19,173,chain-mean-GPF (PSSTO-style),0.757,0.7500035006761792,64.0,3.0,315.0,1.179896792194894,0.16803978138923803,0.4354295113849183,,
0.7727272727272727,0.7934920476158722,0.8148148148148149,0.9889656495874112,0.03781181818181818,0.0716969696969697,UWaveGestureLibrary,0,10,10.1,19,173,KNNOR-GPF (M=1),0.757,0.7500035006761792,64.0,3.0,315.0,1.9926977967489545,0.3583854444011074,0.19791592273448746,1.0,1.0
0.7727272727272727,0.7934920476158722,0.8148148148148149,0.9916522740356937,0.03345267676767676,0.06549999999999997,UWaveGestureLibrary,0,10,10.1,19,173,KNNOR-GPF (M=3/2),0.757,0.7500035006761792,64.0,3.0,315.0,1.5436413845667047,0.2323609849335883,0.3604182166976679,1.0,1.5
0.851063829787234,0.8606629658238704,0.8703703703703703,0.9939550949913644,0.030570000000000003,0.06766666666666667,UWaveGestureLibrary,0,10,10.1,19,173,KNNOR-GPF (M calibrated),0.757,0.7500035006761792,64.0,3.0,315.0,1.2382311746003634,0.15198877790730836,0.5321443855060705,1.0,2.0
0.8979591836734694,0.90267093384844,0.9074074074074074,0.9920360775283055,0.0260710101010101,0.08166666666666665,UWaveGestureLibrary,0,10,10.1,19,173,hybrid GPF-nbrs/raw-walk (M calibrated),0.757,0.7500035006761792,64.0,3.0,315.0,0.9408809939113407,0.09193936807165226,0.9457043561206396,0.9010416666666666,2.0
0.7727272727272727,0.7934920476158722,0.8148148148148149,0.9897332565726348,0.03789368686868687,0.07462121212121213,UWaveGestureLibrary,0,10,10.1,19,173,hybrid GPF-nbrs/raw-walk (M=1),0.757,0.7500035006761792,64.0,3.0,315.0,2.160341443556062,0.3656320412418409,0.20042449765812373,0.9010416666666666,1.0
0.2,0.3333333333333333,0.5555555555555556,0.9580694684321627,0.0681890909090909,0.0712121212121212,UWaveGestureLibrary,0,20,19.2,10,182,none (raw-flat RF),0.757,1.0733806405067696,,,,,,,,
0.25806451612903225,0.3849001794597505,0.5740740740740741,0.9679524083669161,0.06482883838383838,0.0795,UWaveGestureLibrary,0,20,19.2,10,182,none,0.757,1.0733806405067696,64.0,3.0,315.0,,,,,
0.7727272727272727,0.7934920476158722,0.8148148148148149,0.9849357129149875,0.03825525252525253,0.062363636363636364,UWaveGestureLibrary,0,20,19.2,10,182,SMOTE-raw,0.757,1.0733806405067696,64.0,3.0,315.0,0.9334976855045962,0.12618085912654853,0.3767735031094892,,
0.6829268292682927,0.7200822998230956,0.7592592592592593,0.9896373056994818,0.039169646464646456,0.06795454545454545,UWaveGestureLibrary,0,20,19.2,10,182,KNNOR-raw (M=1),0.757,1.0733806405067696,64.0,3.0,315.0,1.792013925455354,0.2662958818276869,0.15084653234140305,1.0,
0.7142857142857143,0.7453559924999299,0.7777777777777778,0.985799270773364,0.037044191919191914,0.0658939393939394,UWaveGestureLibrary,0,20,19.2,10,182,chain-mean-GPF (PSSTO-style),0.757,1.0733806405067696,64.0,3.0,315.0,1.1903889035343944,0.18416394353365012,0.32915554853353396,,
0.5405405405405406,0.6085806194501846,0.6851851851851851,0.9850316637881404,0.04429313131313131,0.07006060606060606,UWaveGestureLibrary,0,20,19.2,10,182,KNNOR-GPF (M=1),0.757,1.0733806405067696,64.0,3.0,315.0,2.1020603766136183,0.3594470505214195,0.08006176366925082,1.0,1.0
0.6829268292682927,0.7200822998230956,0.7592592592592593,0.9834004989445404,0.039661969696969696,0.07543939393939393,UWaveGestureLibrary,0,20,19.2,10,182,KNNOR-GPF (M=3/2),0.757,1.0733806405067696,64.0,3.0,315.0,1.880104715043716,0.2812633376321504,0.12866379111891807,1.0,1.5
0.8,0.816496580927726,0.8333333333333333,0.9830166954519286,0.035284949494949494,0.08909090909090908,UWaveGestureLibrary,0,20,19.2,10,182,KNNOR-GPF (M calibrated),0.757,1.0733806405067696,64.0,3.0,315.0,1.5828332434851404,0.19060710104516493,0.23796984713685332,0.9891304347826086,2.4
0.8260869565217391,0.8388704928078611,0.8518518518518519,0.9799462675110343,0.03231464646464646,0.09760606060606063,UWaveGestureLibrary,0,20,19.2,10,182,hybrid GPF-nbrs/raw-walk (M calibrated),0.757,1.0733806405067696,64.0,3.0,315.0,1.9128731188500723,0.15027650466612796,0.5148399093889025,0.7109375,2.4
0.45714285714285713,0.5443310539518174,0.6481481481481481,0.9772596430627518,0.048428535353535355,0.07553030303030302,UWaveGestureLibrary,0,20,19.2,10,182,hybrid GPF-nbrs/raw-walk (M=1),0.757,1.0733806405067696,64.0,3.0,315.0,2.327885241028598,0.3452918854421182,0.0990294748744039,0.9479166666666666,1.0
0.5853658536585366,0.6529466178136507,0.7116815476190476,0.9588913690476191,0.052944696969696975,0.046984848484848483,UWaveGestureLibrary,1,5,7.1,27,166,none (raw-flat RF),0.757,0.47769510125840675,,,,,,,,
0.8085106382978723,0.823754471047914,0.8392857142857143,0.9853980654761906,0.0365929797979798,0.07904545454545454,UWaveGestureLibrary,1,5,7.1,27,166,none,0.757,0.47769510125840675,64.0,3.0,315.0,,,,,
0.7916666666666666,0.821606476593845,0.8366815476190477,0.9899553571428571,0.03136353535353535,0.058393939393939394,UWaveGestureLibrary,1,5,7.1,27,166,SMOTE-raw,0.757,0.47769510125840675,64.0,3.0,315.0,0.8560632306350371,0.09881640011296866,0.583180850597064,,
0.8163265306122449,0.8429504589182428,0.8545386904761905,0.988095238095238,0.0350839898989899,0.07089393939393937,UWaveGestureLibrary,1,5,7.1,27,166,KNNOR-raw (M=1),0.757,0.47769510125840675,64.0,3.0,315.0,2.1747115821418443,0.3264726606444798,0.19773903303672963,1.0,
0.7916666666666666,0.821606476593845,0.8366815476190477,0.9907924107142857,0.03023242424242424,0.057909090909090896,UWaveGestureLibrary,1,5,7.1,27,166,chain-mean-GPF (PSSTO-style),0.757,0.47769510125840675,64.0,3.0,315.0,0.7929952688192969,0.10372638670557555,0.5729583547491398,,
0.8163265306122449,0.8429504589182428,0.8545386904761905,0.9912574404761905,0.03433454545454546,0.06866666666666667,UWaveGestureLibrary,1,5,7.1,27,166,KNNOR-GPF (M=1),0.757,0.47769510125840675,64.0,3.0,315.0,1.8847212867427228,0.3048439915721864,0.19828525111997564,1.0,1.0
0.84,0.8637671850678283,0.8723958333333333,0.9928385416666666,0.034294191919191926,0.0678030303030303,UWaveGestureLibrary,1,5,7.1,27,166,KNNOR-GPF (M=3/2),0.757,0.47769510125840675,64.0,3.0,315.0,1.6401992533707883,0.2219723355388557,0.3141928736626653,1.0,1.5
0.8627450980392157,0.8840938998825428,0.8902529761904762,0.9906994047619048,0.03139712121212121,0.07410606060606059,UWaveGestureLibrary,1,5,7.1,27,166,KNNOR-GPF (M calibrated),0.757,0.47769510125840675,64.0,3.0,315.0,1.2483081978533015,0.1266151079724277,0.5853176682325665,1.0,2.1999999999999997
0.84,0.8637671850678283,0.8723958333333333,0.9932105654761905,0.0312160606060606,0.07639393939393939,UWaveGestureLibrary,1,5,7.1,27,166,hybrid GPF-nbrs/raw-walk (M calibrated),0.757,0.47769510125840675,64.0,3.0,315.0,0.914380131182007,0.08537110252789049,0.987915527969401,0.8645833333333334,2.1999999999999997
0.8163265306122449,0.8429504589182428,0.8545386904761905,0.9870721726190476,0.03693722222222222,0.06265151515151515,UWaveGestureLibrary,1,5,7.1,27,166,hybrid GPF-nbrs/raw-walk (M=1),0.757,0.47769510125840675,64.0,3.0,315.0,2.2279841107542673,0.32477270774346223,0.19584987683651658,0.8645833333333334,1.0
0.5263157894736842,0.5976143046671968,0.6785714285714286,0.9616815476190477,0.05822207070707071,0.05089393939393939,UWaveGestureLibrary,1,10,10.2,19,174,none (raw-flat RF),0.757,0.6411653592607252,,,,,,,,
0.6341463414634146,0.6813851438692469,0.7321428571428572,0.9872581845238095,0.0451020202020202,0.08187878787878787,UWaveGestureLibrary,1,10,10.2,19,174,none,0.757,0.6411653592607252,64.0,3.0,315.0,,,,,
0.7391304347826086,0.7771619231292182,0.8009672619047619,0.9915364583333333,0.036873888888888894,0.05995454545454545,UWaveGestureLibrary,1,10,10.2,19,174,SMOTE-raw,0.757,0.6411653592607252,64.0,3.0,315.0,0.9826298011260448,0.10795294944946576,0.5678557108405354,,
0.7391304347826086,0.7771619231292182,0.8009672619047619,0.9943266369047619,0.03663878787878788,0.08039393939393939,UWaveGestureLibrary,1,10,10.2,19,174,KNNOR-raw (M=1),0.757,0.6411653592607252,64.0,3.0,315.0,1.757539025210379,0.25266756824699116,0.2988553270126221,1.0,
0.782608695652174,0.8017837257372732,0.8214285714285714,0.9932105654761905,0.03614888888888889,0.07027272727272728,UWaveGestureLibrary,1,10,10.2,19,174,chain-mean-GPF (PSSTO-style),0.757,0.6411653592607252,64.0,3.0,315.0,0.9827125580066465,0.14000381554235164,0.4968071386283615,,
0.782608695652174,0.8017837257372732,0.8214285714285714,0.9926525297619048,0.03717151515151515,0.06896969696969697,UWaveGestureLibrary,1,10,10.2,19,174,KNNOR-GPF (M=1),0.757,0.6411653592607252,64.0,3.0,315.0,1.6232237252143396,0.27540966356588736,0.23852097021872018,1.0,1.0
0.8163265306122449,0.8429504589182428,0.8545386904761905,0.9953497023809524,0.03443580808080808,0.07753030303030305,UWaveGestureLibrary,1,10,10.2,19,174,KNNOR-GPF (M=3/2),0.757,0.6411653592607252,64.0,3.0,315.0,1.2496149819990165,0.17163113119150697,0.41090053723784176,1.0,1.5
0.84,0.8637671850678283,0.8723958333333333,0.9946056547619048,0.031250151515151516,0.07662121212121212,UWaveGestureLibrary,1,10,10.2,19,174,KNNOR-GPF (M calibrated),0.757,0.6411653592607252,64.0,3.0,315.0,0.9963485881713297,0.11057294157039121,0.5992474115412684,1.0,2.0
0.8461538461538461,0.8817764806938104,0.8876488095238095,0.9924665178571429,0.031364898989898984,0.07619696969696971,UWaveGestureLibrary,1,10,10.2,19,174,hybrid GPF-nbrs/raw-walk (M calibrated),0.757,0.6411653592607252,64.0,3.0,315.0,0.8483155420629807,0.08337339309957092,0.967972492577595,0.90625,2.0
0.7391304347826086,0.7771619231292182,0.8009672619047619,0.9903273809523809,0.03804853535353535,0.06537878787878788,UWaveGestureLibrary,1,10,10.2,19,174,hybrid GPF-nbrs/raw-walk (M=1),0.757,0.6411653592607252,64.0,3.0,315.0,1.9173035923929422,0.2932051997085691,0.23238891147443708,0.90625,1.0
0.42105263157894735,0.5317312246220784,0.6376488095238095,0.9205729166666666,0.08021853535353536,0.06759090909090909,UWaveGestureLibrary,1,20,19.3,10,183,none (raw-flat RF),0.757,1.0825543235413688,,,,,,,,
0.1935483870967742,0.32732683535398854,0.5535714285714286,0.9822358630952381,0.06317661616161617,0.08083333333333334,UWaveGestureLibrary,1,20,19.3,10,183,none,0.757,1.0825543235413688,64.0,3.0,315.0,,,,,
0.5263157894736842,0.5976143046671968,0.6785714285714286,0.9755394345238095,0.053284343434343434,0.04627272727272728,UWaveGestureLibrary,1,20,19.3,10,183,SMOTE-raw,0.757,1.0825543235413688,64.0,3.0,315.0,1.491054942873844,0.21673478034407762,0.5372462501545954,,
0.5263157894736842,0.5976143046671968,0.6785714285714286,0.97265625,0.054902323232323226,0.047818181818181815,UWaveGestureLibrary,1,20,19.3,10,183,KNNOR-raw (M=1),0.757,1.0825543235413688,64.0,3.0,315.0,2.34347579874857,0.38007134605307435,0.2518656315114675,1.0,
0.5641025641025641,0.6267831705280087,0.6964285714285714,0.9801897321428571,0.05114808080808081,0.05754545454545455,UWaveGestureLibrary,1,20,19.3,10,183,chain-mean-GPF (PSSTO-style),0.757,1.0825543235413688,64.0,3.0,315.0,1.5626184265540006,0.28298186344030046,0.39373247945997497,,
0.4444444444444444,0.5345224838248488,0.6428571428571428,0.9787016369047619,0.053831363636363636,0.06983333333333334,UWaveGestureLibrary,1,20,19.3,10,183,KNNOR-GPF (M=1),0.757,1.0825543235413688,64.0,3.0,315.0,2.2125690010986476,0.424296267726683,0.20508515908670236,1.0,1.0
0.6341463414634146,0.6813851438692469,0.7321428571428572,0.9740513392857143,0.05022131313131313,0.05369696969696971,UWaveGestureLibrary,1,20,19.3,10,183,KNNOR-GPF (M=3/2),0.757,1.0825543235413688,64.0,3.0,315.0,1.9374629028555868,0.3062691678697518,0.45225871716109434,1.0,1.5
0.6341463414634146,0.6813851438692469,0.7321428571428572,0.9730282738095238,0.04812984848484848,0.05337878787878787,UWaveGestureLibrary,1,20,19.3,10,183,KNNOR-GPF (M calibrated),0.757,1.0825543235413688,64.0,3.0,315.0,1.8711616784656941,0.2602077891776298,0.610097102562628,1.0,1.7999999999999998
0.6976744186046512,0.7319250547113999,0.7678571428571428,0.9780505952380952,0.04425808080808081,0.054181818181818185,UWaveGestureLibrary,1,20,19.3,10,183,hybrid GPF-nbrs/raw-walk (M calibrated),0.757,1.0825543235413688,64.0,3.0,315.0,1.5960648759884686,0.21127159814864915,0.8080005053879098,0.953125,1.7999999999999998
0.4864864864864865,0.5669467095138409,0.6607142857142857,0.9764694940476191,0.0540530303030303,0.05454545454545455,UWaveGestureLibrary,1,20,19.3,10,183,hybrid GPF-nbrs/raw-walk (M=1),0.757,1.0825543235413688,64.0,3.0,315.0,2.57186793585124,0.43004330941848606,0.21258379621303003,0.953125,1.0
0.6153846153846154,0.6666666666666666,0.7222222222222222,0.9824409902130109,0.042261565656565664,0.06322727272727272,UWaveGestureLibrary,2,5,6.9,28,164,none (raw-flat RF),0.757,0.6462639113290543,,,,,,,,
0.7727272727272727,0.7934920476158722,0.8148148148148149,0.9996161965073882,0.032410656565656566,0.09768181818181819,UWaveGestureLibrary,2,5,6.9,28,164,none,0.757,0.6462639113290543,64.0,3.0,315.0,,,,,
0.8979591836734694,0.90267093384844,0.9074074074074074,0.9968336211859528,0.023014292929292933,0.06595454545454547,UWaveGestureLibrary,2,5,6.9,28,164,SMOTE-raw,0.757,0.6462639113290543,64.0,3.0,315.0,1.028283360885757,0.11192241204779751,0.5259369513565484,,
0.8260869565217391,0.8388704928078611,0.8518518518518519,0.9996161965073882,0.026594393939393942,0.08137878787878788,UWaveGestureLibrary,2,5,6.9,28,164,KNNOR-raw (M=1),0.757,0.6462639113290543,64.0,3.0,315.0,2.204356785277998,0.31961525388873835,0.1902269924394824,1.0,
0.875,0.8819171036881969,0.8888888888888888,0.9981769334100941,0.02394358585858586,0.07025757575757575,UWaveGestureLibrary,2,5,6.9,28,164,chain-mean-GPF (PSSTO-style),0.757,0.6462639113290543,64.0,3.0,315.0,0.9685982614733142,0.1130212379818768,0.5499071986849137,,
0.851063829787234,0.8606629658238704,0.8703703703703703,0.9990404912684705,0.02595025252525253,0.0766818181818182,UWaveGestureLibrary,2,5,6.9,28,164,KNNOR-GPF (M=1),0.757,0.6462639113290543,64.0,3.0,315.0,1.7649008605245236,0.2845794004894006,0.22101706555058606,1.0,1.0
0.851063829787234,0.8606629658238704,0.8703703703703703,0.9986566877758587,0.02455015151515151,0.0738939393939394,UWaveGestureLibrary,2,5,6.9,28,164,KNNOR-GPF (M=3/2),0.757,0.6462639113290543,64.0,3.0,315.0,1.3520571676401278,0.1751407001631312,0.3841854317853181,1.0,1.5
0.8979591836734694,0.90267093384844,0.9074074074074074,0.9987526386490116,0.022080101010101008,0.07412121212121212,UWaveGestureLibrary,2,5,6.9,28,164,KNNOR-GPF (M calibrated),0.757,0.6462639113290543,64.0,3.0,315.0,1.080946729053057,0.11344531748570053,0.5545759639125659,1.0,2.0
0.9411764705882353,0.9428090415820634,0.9444444444444444,0.9990404912684705,0.020476818181818186,0.0794090909090909,UWaveGestureLibrary,2,5,6.9,28,164,hybrid GPF-nbrs/raw-walk (M calibrated),0.757,0.6462639113290543,64.0,3.0,315.0,0.7666691559299643,0.0656760648005984,1.393936603789881,0.8541666666666666,2.0
0.851063829787234,0.8606629658238704,0.8703703703703703,0.9983688351564,0.026193686868686866,0.0746818181818182,UWaveGestureLibrary,2,5,6.9,28,164,hybrid GPF-nbrs/raw-walk (M=1),0.757,0.6462639113290543,64.0,3.0,315.0,1.9976210541819786,0.29496628941241365,0.21269731383584084,0.8541666666666666,1.0
0.5405405405405406,0.6085806194501846,0.6851851851851851,0.9668969487622338,0.05326444444444444,0.04954545454545455,UWaveGestureLibrary,2,10,10.1,19,173,none (raw-flat RF),0.757,1.0177545823075551,,,,,,,,
0.7142857142857143,0.7453559924999299,0.7777777777777778,0.9993283438879293,0.04000747474747475,0.1,UWaveGestureLibrary,2,10,10.1,19,173,none,0.757,1.0177545823075551,64.0,3.0,315.0,,,,,
0.8,0.816496580927726,0.8333333333333333,0.9984647860295528,0.027566414141414138,0.0651969696969697,UWaveGestureLibrary,2,10,10.1,19,173,SMOTE-raw,0.757,1.0177545823075551,64.0,3.0,315.0,1.5286877851319947,0.16532309983872873,0.5697386138763982,,
0.6829268292682927,0.7200822998230956,0.7592592592592593,0.9966417194396469,0.032514545454545456,0.07090909090909092,UWaveGestureLibrary,2,10,10.1,19,173,KNNOR-raw (M=1),0.757,1.0177545823075551,64.0,3.0,315.0,2.048723442349436,0.2717652537052517,0.3433154200897586,1.0,
0.8,0.816496580927726,0.8333333333333333,0.9975052772980234,0.028936212121212123,0.06043939393939393,UWaveGestureLibrary,2,10,10.1,19,173,chain-mean-GPF (PSSTO-style),0.757,1.0177545823075551,64.0,3.0,315.0,1.5369396967189974,0.18874051480112797,0.4958758626722591,,
0.7142857142857143,0.7453559924999299,0.7777777777777778,0.9990404912684705,0.034680858585858586,0.08034848484848486,UWaveGestureLibrary,2,10,10.1,19,173,KNNOR-GPF (M=1),0.757,1.0177545823075551,64.0,3.0,315.0,1.9958230562033048,0.3234227318604163,0.24494039151766045,1.0,1.0
0.8260869565217391,0.8388704928078611,0.8518518518518519,0.9957781615812704,0.03114121212121212,0.07551515151515152,UWaveGestureLibrary,2,10,10.1,19,173,KNNOR-GPF (M=3/2),0.757,1.0177545823075551,64.0,3.0,315.0,1.577502492677496,0.19705160197221677,0.46888818939319477,1.0,1.5
0.851063829787234,0.8606629658238704,0.8703703703703703,0.9963538668201881,0.026472626262626264,0.06618181818181817,UWaveGestureLibrary,2,10,10.1,19,173,KNNOR-GPF (M calibrated),0.757,1.0177545823075551,64.0,3.0,315.0,1.3024884422484497,0.13030841590976527,0.7021749322817742,1.0,2.0
0.92,0.9229582069908973,0.9259259259259259,0.9993283438879295,0.021722121212121217,0.07696969696969695,UWaveGestureLibrary,2,10,10.1,19,173,hybrid GPF-nbrs/raw-walk (M calibrated),0.757,1.0177545823075551,64.0,3.0,315.0,1.0165496677973245,0.08902802147387756,1.1704482419365558,0.9010416666666666,2.0
0.7441860465116279,0.769800358919501,0.7962962962962963,0.9994242947610824,0.03297873737373737,0.07765151515151517,UWaveGestureLibrary,2,10,10.1,19,173,hybrid GPF-nbrs/raw-walk (M=1),0.757,1.0177545823075551,64.0,3.0,315.0,2.29484126748984,0.32971301353379934,0.24414885276573917,0.9010416666666666,1.0
0.45714285714285713,0.5443310539518174,0.6481481481481481,0.9401266551525619,0.06699237373737374,0.05598484848484848,UWaveGestureLibrary,2,20,19.2,10,182,none (raw-flat RF),0.757,1.0363435921293949,,,,,,,,
0.2,0.3333333333333333,0.5555555555555556,0.9905008635578584,0.05974449494949495,0.09053030303030303,UWaveGestureLibrary,2,20,19.2,10,182,none,0.757,1.0363435921293949,64.0,3.0,315.0,,,,,
0.8,0.816496580927726,0.8333333333333333,0.991268470543082,0.03149338383838384,0.0541060606060606,UWaveGestureLibrary,2,20,19.2,10,182,SMOTE-raw,0.757,1.0363435921293949,64.0,3.0,315.0,1.305243955685361,0.1390751891037244,0.5369842161962021,,
0.7142857142857143,0.7453559924999299,0.7777777777777778,0.9868547303780464,0.0376421212121212,0.07018181818181818,UWaveGestureLibrary,2,20,19.2,10,182,KNNOR-raw (M=1),0.757,1.0363435921293949,64.0,3.0,315.0,1.8789164572408108,0.24291308734672673,0.3261752667395782,1.0,
0.7142857142857143,0.7453559924999299,0.7777777777777778,0.9936672423719056,0.033283888888888884,0.06565151515151516,UWaveGestureLibrary,2,20,19.2,10,182,chain-mean-GPF (PSSTO-style),0.757,1.0363435921293949,64.0,3.0,315.0,1.5126812881899436,0.20465328765853724,0.39938506445922817,,
0.6829268292682927,0.7200822998230956,0.7592592592592593,0.9958741124544234,0.03460429292929293,0.06616666666666667,UWaveGestureLibrary,2,20,19.2,10,182,KNNOR-GPF (M=1),0.757,1.0363435921293949,64.0,3.0,315.0,1.9798178842185958,0.27998615240676594,0.26655926462701945,1.0,1.0
0.851063829787234,0.8606629658238704,0.8703703703703703,0.9934753406255997,0.027980606060606063,0.06784848484848485,UWaveGestureLibrary,2,20,19.2,10,182,KNNOR-GPF (M=3/2),0.757,1.0363435921293949,64.0,3.0,315.0,1.5910733459399644,0.18274228622726751,0.4539574111144268,1.0,1.5
0.851063829787234,0.8606629658238704,0.8703703703703703,0.9908846670504702,0.028286060606060613,0.0673030303030303,UWaveGestureLibrary,2,20,19.2,10,182,KNNOR-GPF (M calibrated),0.757,1.0363435921293949,64.0,3.0,315.0,1.5428428584400855,0.1707949883236103,0.49003526719019,1.0,1.5999999999999999
0.875,0.8819171036881969,0.8888888888888888,0.9973133755517176,0.024213030303030302,0.0713030303030303,UWaveGestureLibrary,2,20,19.2,10,182,hybrid GPF-nbrs/raw-walk (M calibrated),0.757,1.0363435921293949,64.0,3.0,315.0,1.3104853132741408,0.11518016308429946,0.8162169735834474,0.7109375,1.5999999999999999
0.7142857142857143,0.7453559924999299,0.7777777777777778,0.9953943580886586,0.03413848484848485,0.06851515151515152,UWaveGestureLibrary,2,20,19.2,10,182,hybrid GPF-nbrs/raw-walk (M=1),0.757,1.0363435921293949,64.0,3.0,315.0,2.1237641049057316,0.2617113166210992,0.3152659844668073,0.9479166666666666,1.0
0.8163265306122449,0.8561919591356281,0.8651890232201113,0.9851276146612934,0.03770813131313131,0.06195454545454544,UWaveGestureLibrary,3,5,6.9,28,164,none (raw-flat RF),0.757,0.5405374935946146,,,,,,,,
0.92,0.9229582069908973,0.9259259259259259,0.9994242947610822,0.026052323232323232,0.09563636363636364,UWaveGestureLibrary,3,5,6.9,28,164,none,0.757,0.5405374935946146,64.0,3.0,315.0,,,,,
0.9811320754716981,0.9813067629253163,0.9814814814814814,0.9991364421416236,0.017263131313131314,0.08103030303030304,UWaveGestureLibrary,3,5,6.9,28,164,SMOTE-raw,0.757,0.5405374935946146,64.0,3.0,315.0,0.4706231195903605,0.04296159718814008,0.5748869326023007,,
0.9411764705882353,0.9428090415820634,0.9444444444444444,1.0,0.019885050505050506,0.08751515151515153,UWaveGestureLibrary,3,5,6.9,28,164,KNNOR-raw (M=1),0.757,0.5405374935946146,64.0,3.0,315.0,1.080384030777882,0.14597879796097013,0.273644087398809,1.0,
0.9811320754716981,0.9813067629253163,0.9814814814814814,0.9994242947610823,0.01701222222222222,0.08021212121212123,UWaveGestureLibrary,3,5,6.9,28,164,chain-mean-GPF (PSSTO-style),0.757,0.5405374935946146,64.0,3.0,315.0,0.557388590555016,0.05735776976061102,0.5436866394283222,,
0.9811320754716981,0.9813067629253163,0.9814814814814814,0.9996161965073882,0.017679090909090908,0.08184848484848485,UWaveGestureLibrary,3,5,6.9,28,164,KNNOR-GPF (M=1),0.757,0.5405374935946146,64.0,3.0,315.0,0.9154122279854029,0.1440699302475037,0.22963709176066852,0.9939393939393939,1.0
0.9615384615384616,0.9622504486493763,0.962962962962963,0.9998080982536941,0.01724141414141414,0.08254545454545455,UWaveGestureLibrary,3,5,6.9,28,164,KNNOR-GPF (M=3/2),0.757,0.5405374935946146,64.0,3.0,315.0,0.6996403168195648,0.08027561105878456,0.34895808374811216,1.0,1.5
0.9615384615384616,0.9622504486493763,0.962962962962963,1.0,0.017249949494949495,0.08346969696969697,UWaveGestureLibrary,3,5,6.9,28,164,KNNOR-GPF (M calibrated),0.757,0.5405374935946146,64.0,3.0,315.0,0.5951487443839731,0.05261240858719263,0.4660699847555135,0.9939393939393939,2.0
0.9811320754716981,0.9813067629253163,0.9814814814814814,1.0,0.018771363636363635,0.09895454545454548,UWaveGestureLibrary,3,5,6.9,28,164,hybrid GPF-nbrs/raw-walk (M calibrated),0.757,0.5405374935946146,64.0,3.0,315.0,0.4804110224749998,0.03559821276474706,0.9980048891470511,0.8541666666666666,2.0
0.9615384615384616,0.9622504486493763,0.962962962962963,0.9998080982536942,0.017261060606060606,0.0786212121212121,UWaveGestureLibrary,3,5,6.9,28,164,hybrid GPF-nbrs/raw-walk (M=1),0.757,0.5405374935946146,64.0,3.0,315.0,1.1298473942106053,0.16317870598894996,0.2192535096014462,0.8541666666666666,1.0
0.65,0.693888666488711,0.7407407407407407,0.9747649203607752,0.04939378787878788,0.05286363636363636,UWaveGestureLibrary,3,10,10.1,19,173,none (raw-flat RF),0.757,0.9828215982388802,,,,,,,,
0.5405405405405406,0.6085806194501846,0.6851851851851851,0.996641719439647,0.0434430303030303,0.10639393939393937,UWaveGestureLibrary,3,10,10.1,19,173,none,0.757,0.9828215982388802,64.0,3.0,315.0,,,,,
0.9629629629629629,0.9787612158024089,0.9788908079063519,0.9976971790443292,0.019425858585858585,0.07403030303030306,UWaveGestureLibrary,3,10,10.1,19,173,SMOTE-raw,0.757,0.9828215982388802,64.0,3.0,315.0,0.6308748420481134,0.0504329827415716,0.4880407099566593,,
0.8979591836734694,0.90267093384844,0.9074074074074074,0.9994242947610823,0.02031626262626263,0.07687878787878788,UWaveGestureLibrary,3,10,10.1,19,173,KNNOR-raw (M=1),0.757,0.9828215982388802,64.0,3.0,315.0,1.2458512133238333,0.1576683975970582,0.22380041688522825,1.0,
0.9230769230769231,0.9403633590147733,0.9418537708693149,0.998272884283247,0.023704494949494948,0.07359090909090908,UWaveGestureLibrary,3,10,10.1,19,173,chain-mean-GPF (PSSTO-style),0.757,0.9828215982388802,64.0,3.0,315.0,0.7543547559967116,0.06948396039772753,0.43101939226455804,,
0.851063829787234,0.8606629658238704,0.8703703703703703,0.9988485895221646,0.026600808080808086,0.08342424242424241,UWaveGestureLibrary,3,10,10.1,19,173,KNNOR-GPF (M=1),0.757,0.9828215982388802,64.0,3.0,315.0,1.3740471528127216,0.21638792874655793,0.16517756464767777,1.0,1.0
0.92,0.9229582069908973,0.9259259259259259,0.9992323930147764,0.023186414141414143,0.08689393939393941,UWaveGestureLibrary,3,10,10.1,19,173,KNNOR-GPF (M=3/2),0.757,0.9828215982388802,64.0,3.0,315.0,1.155232621806693,0.13656818034260831,0.26882927133470913,1.0,1.5
0.9433962264150944,0.9597543343315927,0.9603722893878335,0.9986566877758588,0.024565858585858587,0.09024242424242424,UWaveGestureLibrary,3,10,10.1,19,173,KNNOR-GPF (M calibrated),0.757,0.9828215982388802,64.0,3.0,315.0,0.9993423032458981,0.09639933635539277,0.38517618617619875,1.0,2.0
0.9615384615384616,0.9622504486493763,0.962962962962963,0.999808098253694,0.024873737373737378,0.10184848484848483,UWaveGestureLibrary,3,10,10.1,19,173,hybrid GPF-nbrs/raw-walk (M calibrated),0.757,0.9828215982388802,64.0,3.0,315.0,1.3009676533425356,0.08299555958580951,0.6946120857112802,0.9010416666666666,2.0
0.851063829787234,0.8606629658238704,0.8703703703703703,0.9978890807906351,0.027069696969696973,0.08696969696969696,UWaveGestureLibrary,3,10,10.1,19,173,hybrid GPF-nbrs/raw-walk (M=1),0.757,0.9828215982388802,64.0,3.0,315.0,1.4974625203255894,0.2066581006749425,0.16860925754746722,0.9010416666666666,1.0
0.2,0.3333333333333333,0.5555555555555556,0.9467472654001152,0.06904560606060606,0.05456060606060607,UWaveGestureLibrary,3,20,19.2,10,182,none (raw-flat RF),0.757,1.365551533244174,,,,,,,,
0.3125,0.4303314829119352,0.5925925925925926,0.97687583957014,0.06652424242424243,0.07548484848484847,UWaveGestureLibrary,3,20,19.2,10,182,none,0.757,1.365551533244174,64.0,3.0,315.0,,,,,
0.7441860465116279,0.769800358919501,0.7962962962962963,0.994914603722894,0.03352454545454546,0.05745454545454546,UWaveGestureLibrary,3,20,19.2,10,182,SMOTE-raw,0.757,1.365551533244174,64.0,3.0,315.0,0.9954106387114727,0.0907548375411742,0.5251667686303647,,
0.7727272727272727,0.7934920476158722,0.8148148148148149,0.9952024563423527,0.033545757575757576,0.06739393939393938,UWaveGestureLibrary,3,20,19.2,10,182,KNNOR-raw (M=1),0.757,1.365551533244174,64.0,3.0,315.0,1.3793270447045582,0.1545711576992248,0.31044458370361394,1.0,
0.7727272727272727,0.7934920476158722,0.8148148148148149,0.9970255229322588,0.03410454545454546,0.06612121212121214,UWaveGestureLibrary,3,20,19.2,10,182,chain-mean-GPF (PSSTO-style),0.757,1.365551533244174,64.0,3.0,315.0,1.3435914659107482,0.13031823366721362,0.454247520458944,,
0.7441860465116279,0.769800358919501,0.7962962962962963,0.9986566877758588,0.034824242424242424,0.08824242424242425,UWaveGestureLibrary,3,20,19.2,10,182,KNNOR-GPF (M=1),0.757,1.365551533244174,64.0,3.0,315.0,1.9208062514988011,0.24231742673353746,0.2799579276788632,0.9732620320855615,1.0
0.8260869565217391,0.8388704928078611,0.8518518518518519,0.9996161965073882,0.0293760101010101,0.08056060606060604,UWaveGestureLibrary,3,20,19.2,10,182,KNNOR-GPF (M=3/2),0.757,1.365551533244174,64.0,3.0,315.0,1.8827319298728291,0.2057004176478301,0.41903133799399134,0.9680851063829787,1.5
0.8260869565217391,0.8388704928078611,0.8518518518518519,0.9996161965073882,0.02873060606060606,0.08393939393939394,UWaveGestureLibrary,3,20,19.2,10,182,KNNOR-GPF (M calibrated),0.757,1.365551533244174,64.0,3.0,315.0,1.8499948990487685,0.19069224001731155,0.5088664721724886,0.9680851063829787,1.7999999999999998
0.851063829787234,0.8606629658238704,0.8703703703703703,0.9992323930147764,0.024898080808080807,0.08636363636363636,UWaveGestureLibrary,3,20,19.2,10,182,hybrid GPF-nbrs/raw-walk (M calibrated),0.757,1.365551533244174,64.0,3.0,315.0,2.235347315998201,0.1604495470619588,1.1695329975799362,0.7109375,1.7999999999999998
0.7441860465116279,0.769800358919501,0.7962962962962963,0.998080982536941,0.03381055555555556,0.07592424242424241,UWaveGestureLibrary,3,20,19.2,10,182,hybrid GPF-nbrs/raw-walk (M=1),0.757,1.365551533244174,64.0,3.0,315.0,1.8858861698267901,0.20795609196906645,0.31248116262031583,0.9479166666666666,1.0
0.7111111111111111,0.7658013689663945,0.7911149491460372,0.977163692189599,0.043987777777777785,0.060909090909090906,UWaveGestureLibrary,4,5,6.9,28,164,none (raw-flat RF),0.757,0.41248025040656167,,,,,,,,
0.7727272727272727,0.7934920476158722,0.8148148148148149,0.996641719439647,0.03605434343434343,0.08960606060606059,UWaveGestureLibrary,4,5,6.9,28,164,none,0.757,0.41248025040656167,64.0,3.0,315.0,,,,,
0.9433962264150944,0.9597543343315927,0.9603722893878335,0.9974093264248705,0.022899242424242426,0.09407575757575758,UWaveGestureLibrary,4,5,6.9,28,164,SMOTE-raw,0.757,0.41248025040656167,64.0,3.0,315.0,0.6070551720795123,0.06646637478971884,0.583814972506887,,
0.9019607843137255,0.9205640182446935,0.9233352523507964,0.9961619650738821,0.02961378787878788,0.09674242424242423,UWaveGestureLibrary,4,5,6.9,28,164,KNNOR-raw (M=1),0.757,0.41248025040656167,64.0,3.0,315.0,1.5903989119751003,0.2613353211980228,0.24133384462286933,1.0,
0.9433962264150944,0.9597543343315927,0.9603722893878335,0.9980809825369411,0.023594040404040405,0.08624242424242423,UWaveGestureLibrary,4,5,6.9,28,164,chain-mean-GPF (PSSTO-style),0.757,0.41248025040656167,64.0,3.0,315.0,0.6190624170125094,0.07502610847498592,0.4882797144945637,,
0.782608695652174,0.8143785576948601,0.8307426597582037,0.996641719439647,0.031004999999999998,0.08549999999999999,UWaveGestureLibrary,4,5,6.9,28,164,KNNOR-GPF (M=1),0.757,0.41248025040656167,64.0,3.0,315.0,1.6208658205673707,0.2874578705922693,0.1308373368134346,1.0,1.0
0.8571428571428571,0.8796293771272956,0.8862982153137593,0.9955862598349644,0.030995202020202017,0.09562121212121212,UWaveGestureLibrary,4,5,6.9,28,164,KNNOR-GPF (M=3/2),0.757,0.41248025040656167,64.0,3.0,315.0,1.4130904640794206,0.20892678931376807,0.199892712733546,0.9939393939393939,1.5
0.9433962264150944,0.9597543343315927,0.9603722893878335,0.9955862598349645,0.02692782828282828,0.09583333333333334,UWaveGestureLibrary,4,5,6.9,28,164,KNNOR-GPF (M calibrated),0.757,0.41248025040656167,64.0,3.0,315.0,1.0065513599545017,0.10825172880364953,0.3677113147689193,0.9939393939393939,2.1999999999999997
0.9433962264150944,0.9597543343315927,0.9603722893878335,0.9990404912684705,0.022751565656565657,0.09783333333333333,UWaveGestureLibrary,4,5,6.9,28,164,hybrid GPF-nbrs/raw-walk (M calibrated),0.757,0.41248025040656167,64.0,3.0,315.0,0.7625316695157238,0.06121852230141611,0.9583750564031623,0.8541666666666666,2.1999999999999997
0.782608695652174,0.8143785576948601,0.8307426597582037,0.9946267511034351,0.03416742424242425,0.09492424242424242,UWaveGestureLibrary,4,5,6.9,28,164,hybrid GPF-nbrs/raw-walk (M=1),0.757,0.41248025040656167,64.0,3.0,315.0,2.147081657865483,0.3491272483326442,0.10891079859150564,0.8541666666666666,1.0
0.6976744186046512,0.7434225106633288,0.7751871042026482,0.9730378046440222,0.048875808080808075,0.05977272727272727,UWaveGestureLibrary,4,10,10.1,19,173,none (raw-flat RF),0.757,0.6394733792552074,,,,,,,,
0.5,0.5773502691896257,0.6666666666666666,0.9903089618115525,0.04542686868686868,0.08378787878787879,UWaveGestureLibrary,4,10,10.1,19,173,none,0.757,0.6394733792552074,64.0,3.0,315.0,,,,,
0.9019607843137255,0.9205640182446935,0.9233352523507964,0.9965457685664939,0.02694368686868687,0.08495454545454546,UWaveGestureLibrary,4,10,10.1,19,173,SMOTE-raw,0.757,0.6394733792552074,64.0,3.0,315.0,1.0225484484291663,0.11486083148315718,0.40696445744648463,,
0.7272727272727273,0.7678034674652742,0.7937056227211667,0.994914603722894,0.03516919191919192,0.08803030303030303,UWaveGestureLibrary,4,10,10.1,19,173,KNNOR-raw (M=1),0.757,0.6394733792552074,64.0,3.0,315.0,1.683404181832767,0.2513283008179279,0.1965895327015999,1.0,
0.88,0.9003293710615494,0.9048167338322779,0.9980809825369411,0.025520303030303032,0.07745454545454546,UWaveGestureLibrary,4,10,10.1,19,173,chain-mean-GPF (PSSTO-style),0.757,0.6394733792552074,64.0,3.0,315.0,0.7779315651143524,0.09837623010533336,0.4211312750480917,,
0.6341463414634146,0.6920886928562732,0.7381500671656112,0.9958741124544234,0.03803388888888889,0.09265151515151515,UWaveGestureLibrary,4,10,10.1,19,173,KNNOR-GPF (M=1),0.757,0.6394733792552074,64.0,3.0,315.0,1.7702642075636543,0.31227854032094243,0.19572878964285753,1.0,1.0
0.6666666666666666,0.7182143789080221,0.7566685856841298,0.9952024563423527,0.035961767676767675,0.09156060606060606,UWaveGestureLibrary,4,10,10.1,19,173,KNNOR-GPF (M=3/2),0.757,0.6394733792552074,64.0,3.0,315.0,1.4307597197138904,0.19738628209010156,0.355716392275226,1.0,1.5
0.7555555555555555,0.7914336990187045,0.8122241412396853,0.994626751103435,0.03324176767676768,0.09131818181818183,UWaveGestureLibrary,4,10,10.1,19,173,KNNOR-GPF (M calibrated),0.757,0.6394733792552074,64.0,3.0,315.0,1.211317402035661,0.13153839990328486,0.49290009408585866,1.0,2.0
0.88,0.9003293710615494,0.9048167338322779,0.9965457685664939,0.028805959595959597,0.08354545454545455,UWaveGestureLibrary,4,10,10.1,19,173,hybrid GPF-nbrs/raw-walk (M calibrated),0.757,0.6394733792552074,64.0,3.0,315.0,1.0231168169048157,0.09604057174999225,1.509314506265477,0.9010416666666666,2.0
0.5641025641025641,0.636629003579041,0.7011130301285742,0.9959700633275762,0.039542373737373744,0.08649999999999998,UWaveGestureLibrary,4,10,10.1,19,173,hybrid GPF-nbrs/raw-walk (M=1),0.757,0.6394733792552074,64.0,3.0,315.0,2.133409969578265,0.338273822495267,0.1624644828046841,0.9010416666666666,1.0
0.4864864864864865,0.5758526005989556,0.6640759930915371,0.9395509499136442,0.06544883838383839,0.03949999999999999,UWaveGestureLibrary,4,20,19.2,10,182,none (raw-flat RF),0.757,0.9741225724381835,,,,,,,,
0.3125,0.4303314829119352,0.5925925925925926,0.9436768374592208,0.06654585858585858,0.04642424242424242,UWaveGestureLibrary,4,20,19.2,10,182,none,0.757,0.9741225724381835,64.0,3.0,315.0,,,,,
0.6341463414634146,0.6920886928562732,0.7381500671656112,0.9763001343312224,0.04660631313131313,0.045469696969696966,UWaveGestureLibrary,4,20,19.2,10,182,SMOTE-raw,0.757,0.9741225724381835,64.0,3.0,315.0,0.7832813308890785,0.08800648563199498,0.45635837018693526,,
0.6829268292682927,0.7200822998230956,0.7592592592592593,0.9868547303780465,0.04452378787878787,0.0588030303030303,UWaveGestureLibrary,4,20,19.2,10,182,KNNOR-raw (M=1),0.757,0.9741225724381835,64.0,3.0,315.0,1.2695398136263982,0.1829471967629107,0.2646990474052355,1.0,
0.65,0.693888666488711,0.7407407407407407,0.9829207445787757,0.044340808080808085,0.05860606060606061,UWaveGestureLibrary,4,20,19.2,10,182,chain-mean-GPF (PSSTO-style),0.757,0.9741225724381835,64.0,3.0,315.0,1.0592132690000806,0.14507759073855886,0.3730005693228157,,
0.5789473684210527,0.6382847385042253,0.7037037037037037,0.9782191517942813,0.04810585858585859,0.05536363636363636,UWaveGestureLibrary,4,20,19.2,10,182,KNNOR-GPF (M=1),0.757,0.9741225724381835,64.0,3.0,315.0,1.4551424065943266,0.28594756305118313,0.17768751791192436,1.0,1.0
0.7142857142857143,0.7453559924999299,0.7777777777777778,0.9810017271157166,0.042879040404040406,0.041712121212121214,UWaveGestureLibrary,4,20,19.2,10,182,KNNOR-GPF (M=3/2),0.757,0.9741225724381835,64.0,3.0,315.0,1.1912865182197727,0.19496927865069047,0.2802676678769896,0.9629629629629629,1.5
0.6976744186046512,0.7434225106633288,0.7751871042026482,0.9815774323546345,0.040135808080808084,0.05289393939393939,UWaveGestureLibrary,4,20,19.2,10,182,KNNOR-GPF (M calibrated),0.757,0.9741225724381835,64.0,3.0,315.0,0.9833264628081579,0.13738447986240854,0.37699246188626606,0.9629629629629629,2.0
0.851063829787234,0.8606629658238704,0.8703703703703703,0.9927077336403761,0.029270151515151516,0.062106060606060616,UWaveGestureLibrary,4,20,19.2,10,182,hybrid GPF-nbrs/raw-walk (M calibrated),0.757,0.9741225724381835,64.0,3.0,315.0,1.711244681972996,0.09153362037848345,1.6752517996618597,0.7109375,2.0
0.5641025641025641,0.636629003579041,0.7011130301285742,0.975436576472846,0.05026560606060606,0.04665151515151515,UWaveGestureLibrary,4,20,19.2,10,182,hybrid GPF-nbrs/raw-walk (M=1),0.757,0.9741225724381835,64.0,3.0,315.0,1.5263036251424538,0.25505616688018723,0.19343199522461021,0.9479166666666666,1.0
0.6493506493506493,0.6928203230275509,0.73,0.9714,0.14924488888888893,0.23113333333333339,GunPoint,0,5,5.0,10,40,none (raw-flat RF),0.852,1.1479883434421971,,,,,,,,
0.9130434782608695,0.916515138991168,0.9199999999999999,0.9978,0.08664411111111113,0.2085666666666667,GunPoint,0,5,5.0,10,40,none,0.852,1.1479883434421971,60.0,1.0,150.0,,,,,
0.9583333333333334,0.9591663046625439,0.96,0.9996,0.043556222222222225,0.1431333333333333,GunPoint,0,5,5.0,10,40,SMOTE-raw,0.852,1.1479883434421971,60.0,1.0,150.0,1.6214962140773714,0.1389332196411932,0.6268009407953787,,
0.9473684210526315,0.9486832980505138,0.95,0.9992,0.056637333333333324,0.16846666666666668,GunPoint,0,5,5.0,10,40,KNNOR-raw (M=1),0.852,1.1479883434421971,60.0,1.0,150.0,2.728577285266688,0.2639086938528039,0.38486626113635086,0.32786885245901637,
0.9473684210526315,0.9486832980505138,0.95,0.9996,0.050792777777777784,0.1449,GunPoint,0,5,5.0,10,40,chain-mean-GPF (PSSTO-style),0.852,1.1479883434421971,60.0,1.0,150.0,1.7392855896370936,0.15219834580243008,0.5306812357981677,,
0.9361702127659575,0.938083151964686,0.94,0.9992,0.05294199999999998,0.1586,GunPoint,0,5,5.0,10,40,KNNOR-GPF (M=1),0.852,1.1479883434421971,60.0,1.0,150.0,2.573665546063488,0.2940117662809688,0.2488940801775674,0.32,1.0
0.9583333333333334,0.9591663046625439,0.96,0.9987999999999999,0.04879455555555556,0.15083333333333332,GunPoint,0,5,5.0,10,40,KNNOR-GPF (M=3/2),0.852,1.1479883434421971,60.0,1.0,150.0,2.7198359701913173,0.2834087725519385,0.3080493091488181,0.32,1.5
0.9473684210526315,0.9486832980505138,0.95,0.9992,0.04974000000000001,0.155,GunPoint,0,5,5.0,10,40,KNNOR-GPF (M calibrated),0.852,1.1479883434421971,60.0,1.0,150.0,2.8287803918243046,0.28108458630991395,0.3303869690110743,0.35714285714285715,1.5999999999999999
0.9690721649484536,0.9695359714832658,0.97,0.9996,0.03656777777777778,0.13513333333333333,GunPoint,0,5,5.0,10,40,hybrid GPF-nbrs/raw-walk (M calibrated),0.852,1.1479883434421971,60.0,1.0,150.0,2.2800224161227813,0.16693102126232062,1.1693731774031206,0.3125,1.5999999999999999
0.9690721649484536,0.9695359714832658,0.97,0.9992000000000001,0.050557333333333336,0.14693333333333333,GunPoint,0,5,5.0,10,40,hybrid GPF-nbrs/raw-walk (M=1),0.852,1.1479883434421971,60.0,1.0,150.0,2.1407124968408517,0.19910653922651322,0.49927201942139016,0.3125,1.0
0.4375,0.5291502622129182,0.64,0.906,0.2655632222222222,0.3159666666666666,GunPoint,0,10,10.0,5,45,none (raw-flat RF),0.852,1.4382303925163882,,,,,,,,
0.6111111111111112,0.6633249580710799,0.72,0.9915999999999999,0.16548833333333332,0.2790333333333333,GunPoint,0,10,10.0,5,45,none,0.852,1.4382303925163882,60.0,1.0,150.0,,,,,
0.9583333333333334,0.9591663046625439,0.96,0.9976,0.05311522222222222,0.13323333333333334,GunPoint,0,10,10.0,5,45,SMOTE-raw,0.852,1.4382303925163882,60.0,1.0,150.0,1.6918581541724471,0.17412091383142014,0.5975879635737837,,
0.7951807228915663,0.812403840463596,0.8300000000000001,0.9968,0.10287155555555559,0.20373333333333332,GunPoint,0,10,10.0,5,45,KNNOR-raw (M=1),0.852,1.4382303925163882,60.0,1.0,150.0,4.3178070638678605,0.4981360027832653,0.16768188422986205,0.45,
0.9361702127659575,0.938083151964686,0.94,0.9958,0.06932900000000002,0.16309999999999997,GunPoint,0,10,10.0,5,45,chain-mean-GPF (PSSTO-style),0.852,1.4382303925163882,60.0,1.0,150.0,2.073263212865063,0.26093779617181345,0.32499075515322856,,
0.7654320987654321,0.7874007874011811,0.81,0.9924000000000001,0.11123699999999999,0.18969999999999995,GunPoint,0,10,10.0,5,45,KNNOR-GPF (M=1),0.852,1.4382303925163882,60.0,1.0,150.0,3.5130798642726546,0.48265817728721205,0.08798573964250997,0.5056179775280899,1.0
0.9010989010989011,0.9055385138137416,0.9099999999999999,0.9935999999999999,0.0890961111111111,0.1766333333333333,GunPoint,0,10,10.0,5,45,KNNOR-GPF (M=3/2),0.852,1.4382303925163882,60.0,1.0,150.0,3.7811973055271118,0.4831651753590579,0.1083818674743731,0.36885245901639346,1.5
0.8888888888888888,0.8944271909999159,0.9,0.9944,0.09219622222222221,0.18606666666666666,GunPoint,0,10,10.0,5,45,KNNOR-GPF (M calibrated),0.852,1.4382303925163882,60.0,1.0,150.0,3.849789921589963,0.4844786847331407,0.11204606083892693,0.36885245901639346,1.5999999999999999
0.9263157894736842,0.928654941299512,0.9299999999999999,0.9944,0.05784988888888889,0.12069999999999999,GunPoint,0,10,10.0,5,45,hybrid GPF-nbrs/raw-walk (M calibrated),0.852,1.4382303925163882,60.0,1.0,150.0,2.059545648480139,0.19639569641629706,0.786310368584694,0.3515625,1.5999999999999999
0.8888888888888888,0.8944271909999159,0.9,0.9945999999999999,0.0832002222222222,0.16633333333333336,GunPoint,0,10,10.0,5,45,hybrid GPF-nbrs/raw-walk (M=1),0.852,1.4382303925163882,60.0,1.0,150.0,3.0653661628303723,0.3323334168212312,0.38831659670769847,0.3515625,1.0
0.11320754716981132,0.2449489742783178,0.53,0.9428,0.2920351111111111,0.3507333333333333,GunPoint,0,20,12.5,4,46,none (raw-flat RF),0.852,2.565197663442218,,,,,,,,
0.3870967741935484,0.4898979485566356,0.62,0.9936,0.19419666666666666,0.3088,GunPoint,0,20,12.5,4,46,none,0.852,2.565197663442218,60.0,1.0,150.0,,,,,
0.75,0.7745966692414834,0.8,0.9968,0.11236144444444446,0.21923333333333334,GunPoint,0,20,12.5,4,46,SMOTE-raw,0.852,2.565197663442218,60.0,1.0,150.0,2.991283161780869,0.2907657662958858,0.425827252769996,,
0.5507246376811594,0.6164414002968976,0.69,0.9954000000000001,0.13986855555555555,0.25883333333333336,GunPoint,0,20,12.5,4,46,KNNOR-raw (M=1),0.852,2.565197663442218,60.0,1.0,150.0,4.633866635512481,0.4873102121398537,0.07693664578503644,0.5609756097560976,
0.6842105263157895,0.7211102550927979,0.76,0.9924,0.12243322222222222,0.23083333333333333,GunPoint,0,20,12.5,4,46,chain-mean-GPF (PSSTO-style),0.852,2.565197663442218,60.0,1.0,150.0,3.558535230375048,0.3827687252571944,0.2025018545819638,,
0.5507246376811594,0.6164414002968976,0.69,0.9934000000000001,0.14089355555555558,0.25286666666666674,GunPoint,0,20,12.5,4,46,KNNOR-GPF (M=1),0.852,2.565197663442218,60.0,1.0,150.0,4.085290911950581,0.45370052504942326,0.09468191617767985,0.7931034482758621,1.0
0.5714285714285714,0.6324555320336759,0.7,0.9896,0.13344188888888892,0.2498333333333333,GunPoint,0,20,12.5,4,46,KNNOR-GPF (M=3/2),0.852,2.565197663442218,60.0,1.0,150.0,3.805567458472032,0.4268743833070373,0.13848615053945176,0.8214285714285714,1.5
0.5714285714285714,0.6324555320336759,0.7,0.9916,0.13311144444444445,0.24703333333333333,GunPoint,0,20,12.5,4,46,KNNOR-GPF (M calibrated),0.852,2.565197663442218,60.0,1.0,150.0,3.849145352699388,0.430418241505223,0.13313350677874775,0.7796610169491526,1.4
0.75,0.7745966692414834,0.8,0.9916,0.11855866666666667,0.22266666666666665,GunPoint,0,20,12.5,4,46,hybrid GPF-nbrs/raw-walk (M calibrated),0.852,2.565197663442218,60.0,1.0,150.0,3.0587881034981006,0.3310755980423786,0.3356985977589671,0.359375,1.4
0.7341772151898734,0.7615773105863908,0.79,0.996,0.1214697777777778,0.23480000000000004,GunPoint,0,20,12.5,4,46,hybrid GPF-nbrs/raw-walk (M=1),0.852,2.565197663442218,60.0,1.0,150.0,3.1805879381195865,0.3328133389531195,0.3353293029145035,0.71875,1.0
0.691358024691358,0.7255342858886822,0.75,0.9046,0.1734168888888889,0.17706666666666665,GunPoint,1,5,5.0,10,40,none (raw-flat RF),0.852,0.8271892772127991,,,,,,,,
0.7654320987654321,0.7874007874011811,0.81,0.9984,0.10078477777777779,0.21210000000000004,GunPoint,1,5,5.0,10,40,none,0.852,0.8271892772127991,60.0,1.0,150.0,,,,,
0.9583333333333334,0.9591663046625439,0.96,1.0,0.04992066666666666,0.1532,GunPoint,1,5,5.0,10,40,SMOTE-raw,0.852,0.8271892772127991,60.0,1.0,150.0,1.6656625659517292,0.1530147836779513,0.5878976587713981,,
0.8372093023255814,0.848528137423857,0.86,0.996,0.09139611111111112,0.1945,GunPoint,1,5,5.0,10,40,KNNOR-raw (M=1),0.852,0.8271892772127991,60.0,1.0,150.0,3.589784835713651,0.34907429336991014,0.34464730948082384,0.975609756097561,
0.9583333333333334,0.9591663046625439,0.96,0.9996,0.050626000000000004,0.15706666666666666,GunPoint,1,5,5.0,10,40,chain-mean-GPF (PSSTO-style),0.852,0.8271892772127991,60.0,1.0,150.0,1.7511770101883002,0.1956568991511919,0.353973721191769,,
0.8235294117647058,0.8366600265340756,0.85,0.9988,0.09465322222222224,0.20850000000000002,GunPoint,1,5,5.0,10,40,KNNOR-GPF (M=1),0.852,0.8271892772127991,60.0,1.0,150.0,2.986127614172581,0.4157885670364735,0.09710735049122945,0.6060606060606061,1.0
0.8505747126436781,0.8602325267042626,0.87,0.998,0.08936088888888888,0.19393333333333335,GunPoint,1,5,5.0,10,40,KNNOR-GPF (M=3/2),0.852,0.8271892772127991,60.0,1.0,150.0,2.7665095171463943,0.3869187264007461,0.13412752716375695,0.45454545454545453,1.5
0.8505747126436781,0.8602325267042626,0.87,0.9968,0.08564133333333335,0.192,GunPoint,1,5,5.0,10,40,KNNOR-GPF (M calibrated),0.852,0.8271892772127991,60.0,1.0,150.0,2.755720062937641,0.3609253246875438,0.18115838857273303,0.32,2.0
0.8636363636363636,0.8717797887081347,0.88,0.9988,0.08029133333333334,0.18380000000000002,GunPoint,1,5,5.0,10,40,hybrid GPF-nbrs/raw-walk (M calibrated),0.852,0.8271892772127991,60.0,1.0,150.0,2.3659535003849594,0.21195731697980924,0.6377576382483331,0.3125,2.0
0.8095238095238095,0.8246211251235321,0.8400000000000001,0.9986,0.094,0.20733333333333334,GunPoint,1,5,5.0,10,40,hybrid GPF-nbrs/raw-walk (M=1),0.852,0.8271892772127991,60.0,1.0,150.0,3.1886688626222917,0.40766198594749503,0.131018969479653,0.625,1.0
0.4307692307692308,0.5238320341483518,0.63,0.9166,0.22272711111111115,0.26946666666666663,GunPoint,1,10,10.0,5,45,none (raw-flat RF),0.852,1.3422596273809404,,,,,,,,
0.4375,0.5291502622129182,0.64,0.983,0.1816728888888889,0.2858,GunPoint,1,10,10.0,5,45,none,0.852,1.3422596273809404,60.0,1.0,150.0,,,,,
0.8764044943820225,0.8831760866327847,0.89,0.9992,0.07599077777777778,0.18009999999999998,GunPoint,1,10,10.0,5,45,SMOTE-raw,0.852,1.3422596273809404,60.0,1.0,150.0,1.4170579438827513,0.14345891812722167,0.5372143587023609,,
0.7012987012987013,0.7348469228349535,0.77,0.9944000000000001,0.13994144444444445,0.24916666666666665,GunPoint,1,10,10.0,5,45,KNNOR-raw (M=1),0.852,1.3422596273809404,60.0,1.0,150.0,4.198900498352781,0.5125067543516165,0.0958751177348768,0.07908611599297012,
0.8636363636363636,0.8717797887081347,0.88,0.9964,0.09978411111111112,0.19736666666666666,GunPoint,1,10,10.0,5,45,chain-mean-GPF (PSSTO-style),0.852,1.3422596273809404,60.0,1.0,150.0,2.101667289253246,0.2912317386192931,0.22116823644957173,,
0.8235294117647058,0.8366600265340756,0.85,0.9954,0.11704633333333334,0.23256666666666664,GunPoint,1,10,10.0,5,45,KNNOR-GPF (M=1),0.852,1.3422596273809404,60.0,1.0,150.0,2.183580028307434,0.2972437904596058,0.1831840519617565,0.11873350923482849,1.0
0.7951807228915663,0.812403840463596,0.8300000000000001,0.9985999999999999,0.09322033333333332,0.2081,GunPoint,1,10,10.0,5,45,KNNOR-GPF (M=3/2),0.852,1.3422596273809404,60.0,1.0,150.0,2.40164611687492,0.29090353861744267,0.1863049869876667,0.10227272727272728,1.5
0.8505747126436781,0.8602325267042626,0.87,0.9988,0.08649744444444445,0.19683333333333333,GunPoint,1,10,10.0,5,45,KNNOR-GPF (M calibrated),0.852,1.3422596273809404,60.0,1.0,150.0,2.561740280682102,0.300548440347428,0.17557766732535884,0.09656652360515021,1.5999999999999999
0.9010989010989011,0.9055385138137416,0.9099999999999999,0.9924,0.08819844444444445,0.177,GunPoint,1,10,10.0,5,45,hybrid GPF-nbrs/raw-walk (M calibrated),0.852,1.3422596273809404,60.0,1.0,150.0,2.2865497283576133,0.20822575666088872,0.7320245370629991,0.3515625,1.5999999999999999
0.8372093023255814,0.848528137423857,0.86,0.9974,0.10018433333333335,0.20263333333333336,GunPoint,1,10,10.0,5,45,hybrid GPF-nbrs/raw-walk (M=1),0.852,1.3422596273809404,60.0,1.0,150.0,2.676122294180262,0.29958995759289064,0.34343269783025354,0.3515625,1.0
0.3548387096774194,0.464327470649756,0.6,0.8894,0.24489011111111114,0.2894333333333333,GunPoint,1,20,12.5,4,46,none (raw-flat RF),0.852,1.5891027833958908,,,,,,,,
0.48484848484848486,0.565685424949238,0.66,0.9828,0.18192133333333338,0.26066666666666666,GunPoint,1,20,12.5,4,46,none,0.852,1.5891027833958908,60.0,1.0,150.0,,,,,
0.8764044943820225,0.8831760866327847,0.89,0.9948,0.0881742222222222,0.17126666666666668,GunPoint,1,20,12.5,4,46,SMOTE-raw,0.852,1.5891027833958908,60.0,1.0,150.0,1.8343484646255437,0.19759839888118758,0.4718673260089086,,
0.7012987012987013,0.7348469228349535,0.77,0.9818,0.1442007777777778,0.22870000000000001,GunPoint,1,20,12.5,4,46,KNNOR-raw (M=1),0.852,1.5891027833958908,60.0,1.0,150.0,4.183812846062946,0.5171275951538954,0.07429161150791726,0.05686032138442522,
0.9010989010989011,0.9055385138137416,0.9099999999999999,0.9857999999999999,0.09337922222222224,0.1623,GunPoint,1,20,12.5,4,46,chain-mean-GPF (PSSTO-style),0.852,1.5891027833958908,60.0,1.0,150.0,2.3640477505678668,0.3176010998279378,0.20088579042454183,,
0.7654320987654321,0.7874007874011811,0.81,0.978,0.13265155555555555,0.18819999999999998,GunPoint,1,20,12.5,4,46,KNNOR-GPF (M=1),0.852,1.5891027833958908,60.0,1.0,150.0,3.230338550354153,0.45337574061963903,0.09150104296761655,0.07528641571194762,1.0
0.7951807228915663,0.812403840463596,0.8300000000000001,0.978,0.11873355555555554,0.17660000000000003,GunPoint,1,20,12.5,4,46,KNNOR-GPF (M=3/2),0.852,1.5891027833958908,60.0,1.0,150.0,3.115875070704492,0.4296687849621411,0.13580099052274544,0.06835066864784546,1.5
0.8095238095238095,0.8246211251235321,0.8400000000000001,0.9764,0.11432266666666668,0.16899999999999998,GunPoint,1,20,12.5,4,46,KNNOR-GPF (M calibrated),0.852,1.5891027833958908,60.0,1.0,150.0,3.214244676177378,0.4014908533762881,0.19905323524384796,0.06896551724137931,1.7999999999999998
0.7951807228915663,0.812403840463596,0.8300000000000001,0.9872000000000001,0.10798922222222222,0.18030000000000004,GunPoint,1,20,12.5,4,46,hybrid GPF-nbrs/raw-walk (M calibrated),0.852,1.5891027833958908,60.0,1.0,150.0,3.041808049022608,0.2698131100028218,0.650332553977217,0.359375,1.7999999999999998
0.7012987012987013,0.7348469228349535,0.77,0.9778,0.13989933333333332,0.2202,GunPoint,1,20,12.5,4,46,hybrid GPF-nbrs/raw-walk (M=1),0.852,1.5891027833958908,60.0,1.0,150.0,3.8655140717012504,0.4618228000358331,0.1396834836841654,0.359375,1.0
0.5915492957746479,0.648074069840786,0.71,0.9702000000000001,0.15844333333333332,0.23706666666666668,GunPoint,2,5,5.0,10,40,none (raw-flat RF),0.852,0.732889999232393,,,,,,,,
0.8764044943820225,0.8831760866327847,0.89,0.9934,0.09269099999999998,0.18483333333333335,GunPoint,2,5,5.0,10,40,none,0.852,0.732889999232393,60.0,1.0,150.0,,,,,
0.9591836734693877,0.9597916440561461,0.96,0.9936,0.052039999999999996,0.11880000000000002,GunPoint,2,5,5.0,10,40,SMOTE-raw,0.852,0.732889999232393,60.0,1.0,150.0,0.9740692804853044,0.089423373281316,0.64539974902591,,
0.9032258064516129,0.9073036977771004,0.9099999999999999,0.9955999999999999,0.07090622222222223,0.1656,GunPoint,2,5,5.0,10,40,KNNOR-raw (M=1),0.852,0.732889999232393,60.0,1.0,150.0,3.093877077310321,0.30070228876660643,0.4057111064509703,0.3225806451612903,
0.8666666666666667,0.8742997197757757,0.88,0.9928,0.07080499999999999,0.13510000000000003,GunPoint,2,5,5.0,10,40,chain-mean-GPF (PSSTO-style),0.852,0.732889999232393,60.0,1.0,150.0,1.3422523126894745,0.14091418576544634,0.39158082480139017,,
0.8764044943820225,0.8831760866327847,0.89,0.9936,0.07078066666666666,0.15326666666666666,GunPoint,2,5,5.0,10,40,KNNOR-GPF (M=1),0.852,0.732889999232393,60.0,1.0,150.0,2.054343249856686,0.21335073819885442,0.3061305017637105,0.49382716049382713,1.0
0.8791208791208791,0.8854377448471462,0.89,0.9912,0.07443688888888889,0.13646666666666665,GunPoint,2,5,5.0,10,40,KNNOR-GPF (M=3/2),0.852,0.732889999232393,60.0,1.0,150.0,2.080420571891821,0.18617489664310805,0.46986801957934987,0.47619047619047616,1.5
0.9148936170212766,0.9180413934022801,0.9199999999999999,0.9914000000000001,0.06727422222222222,0.12853333333333333,GunPoint,2,5,5.0,10,40,KNNOR-GPF (M calibrated),0.852,0.732889999232393,60.0,1.0,150.0,2.1801824327284116,0.19327819126648127,0.4719114707268879,0.547945205479452,1.7999999999999998
0.9032258064516129,0.9073036977771004,0.9099999999999999,0.9908,0.06607133333333333,0.1492666666666667,GunPoint,2,5,5.0,10,40,hybrid GPF-nbrs/raw-walk (M calibrated),0.852,0.732889999232393,60.0,1.0,150.0,3.16144101089548,0.23687467725399036,1.1882258695089007,0.625,1.7999999999999998
0.8888888888888888,0.8944271909999159,0.9,0.9956,0.07613177777777776,0.17193333333333333,GunPoint,2,5,5.0,10,40,hybrid GPF-nbrs/raw-walk (M=1),0.852,0.732889999232393,60.0,1.0,150.0,4.422272325273733,0.4604587447976831,0.21502896111371927,0.625,1.0
0.3050847457627119,0.4242640687119285,0.59,0.9106,0.24601755555555557,0.3154,GunPoint,2,10,10.0,5,45,none (raw-flat RF),0.852,2.1193774539293724,,,,,,,,
0.5507246376811594,0.6164414002968976,0.69,0.9848,0.17291755555555557,0.2712666666666667,GunPoint,2,10,10.0,5,45,none,0.852,2.1193774539293724,60.0,1.0,150.0,,,,,
0.8791208791208791,0.8854377448471462,0.89,0.9932,0.06841755555555555,0.15106666666666668,GunPoint,2,10,10.0,5,45,SMOTE-raw,0.852,2.1193774539293724,60.0,1.0,150.0,2.266108179934969,0.18983067433620626,0.5421180434300389,,
0.8275862068965517,0.84,0.85,0.9922,0.098745,0.20070000000000005,GunPoint,2,10,10.0,5,45,KNNOR-raw (M=1),0.852,2.1193774539293724,60.0,1.0,150.0,4.509112087944937,0.4516736917798545,0.11262012662207112,0.9183673469387755,
0.8666666666666667,0.8742997197757757,0.88,0.9948,0.07588655555555555,0.17363333333333336,GunPoint,2,10,10.0,5,45,chain-mean-GPF (PSSTO-style),0.852,2.1193774539293724,60.0,1.0,150.0,2.926644948489468,0.3065961297822367,0.22616503390080664,,
0.8409090909090909,0.8515867542417507,0.86,0.9919999999999999,0.1100531111111111,0.22566666666666665,GunPoint,2,10,10.0,5,45,KNNOR-GPF (M=1),0.852,2.1193774539293724,60.0,1.0,150.0,4.286477927195511,0.4684620208071757,0.05075122251315367,0.8181818181818182,1.0
0.8539325842696629,0.8630179604156567,0.87,0.9912,0.09854822222222222,0.19326666666666667,GunPoint,2,10,10.0,5,45,KNNOR-GPF (M=3/2),0.852,2.1193774539293724,60.0,1.0,150.0,4.066169451506314,0.44864239844073583,0.06994127697663649,0.8035714285714286,1.5
0.8539325842696629,0.8630179604156567,0.87,0.992,0.09501899999999999,0.18896666666666673,GunPoint,2,10,10.0,5,45,KNNOR-GPF (M calibrated),0.852,2.1193774539293724,60.0,1.0,150.0,4.015043205771136,0.44307550946670127,0.07547433876319835,0.8035714285714286,1.5999999999999999
0.9484536082474226,0.9495261976375375,0.95,0.9952000000000001,0.05247211111111112,0.11863333333333331,GunPoint,2,10,10.0,5,45,hybrid GPF-nbrs/raw-walk (M calibrated),0.852,2.1193774539293724,60.0,1.0,150.0,1.4373034010499328,0.0963025915796849,1.123112762818038,0.703125,1.5999999999999999
0.8791208791208791,0.8854377448471462,0.89,0.9952000000000001,0.07113900000000001,0.16276666666666664,GunPoint,2,10,10.0,5,45,hybrid GPF-nbrs/raw-walk (M=1),0.852,2.1193774539293724,60.0,1.0,150.0,2.228174577673135,0.19269633326795044,0.5389501828590723,0.703125,1.0
0.24561403508771928,0.37416573867739417,0.5700000000000001,0.9092,0.26816866666666667,0.3174666666666667,GunPoint,2,20,12.5,4,46,none (raw-flat RF),0.852,2.376884076822133,,,,,,,,
0.18181818181818182,0.31622776601683794,0.55,0.9786,0.2175358888888889,0.3157666666666667,GunPoint,2,20,12.5,4,46,none,0.852,2.376884076822133,60.0,1.0,150.0,,,,,
0.9263157894736842,0.928654941299512,0.9299999999999999,0.9928,0.07478355555555556,0.1674,GunPoint,2,20,12.5,4,46,SMOTE-raw,0.852,2.376884076822133,60.0,1.0,150.0,2.6163553235362365,0.21338441739322833,0.43730502397601695,,
0.6111111111111112,0.6633249580710799,0.72,0.9908,0.141601,0.2495666666666667,GunPoint,2,20,12.5,4,46,KNNOR-raw (M=1),0.852,2.376884076822133,60.0,1.0,150.0,6.419068926995632,0.610452898370976,0.021983799321946936,0.2875,
0.8791208791208791,0.8854377448471462,0.89,0.9932,0.085152,0.1736,GunPoint,2,20,12.5,4,46,chain-mean-GPF (PSSTO-style),0.852,2.376884076822133,60.0,1.0,150.0,2.9067004515097867,0.2953867744215536,0.2374655563066324,,
0.6666666666666666,0.7071067811865476,0.75,0.992,0.1401308888888889,0.25166666666666665,GunPoint,2,20,12.5,4,46,KNNOR-GPF (M=1),0.852,2.376884076822133,60.0,1.0,150.0,5.27410585473501,0.5498966547939043,0.03867806677963884,0.3262411347517731,1.0
0.5507246376811594,0.6164414002968976,0.69,0.9916,0.15267455555555556,0.2637666666666667,GunPoint,2,20,12.5,4,46,KNNOR-GPF (M=3/2),0.852,2.376884076822133,60.0,1.0,150.0,5.4872828811893815,0.565927533641509,0.04754387808172945,0.3458646616541353,1.5
0.5507246376811594,0.6164414002968976,0.69,0.9906,0.15723455555555554,0.2665,GunPoint,2,20,12.5,4,46,KNNOR-GPF (M calibrated),0.852,2.376884076822133,60.0,1.0,150.0,5.487961352737443,0.5671587811050517,0.050578662674137416,0.3709677419354839,1.5999999999999999
0.813953488372093,0.8282511696339462,0.84,0.9795999999999999,0.10701777777777778,0.18533333333333332,GunPoint,2,20,12.5,4,46,hybrid GPF-nbrs/raw-walk (M calibrated),0.852,2.376884076822133,60.0,1.0,150.0,4.984579239581651,0.39501860517500276,0.38963764004816376,0.23958333333333334,1.5999999999999999
0.7857142857142857,0.804238770515324,0.8200000000000001,0.986,0.11739422222222223,0.2036666666666667,GunPoint,2,20,12.5,4,46,hybrid GPF-nbrs/raw-walk (M=1),0.852,2.376884076822133,60.0,1.0,150.0,5.660089234581839,0.5275332567650637,0.10539180427741496,0.23958333333333334,1.0
0.5507246376811594,0.6164414002968976,0.69,0.8658,0.2857351111111111,0.3329333333333333,GunPoint,3,5,5.0,10,40,none (raw-flat RF),0.852,2.714406906724755,,,,,,,,
0.5915492957746479,0.648074069840786,0.71,0.9766,0.21417322222222224,0.2697666666666666,GunPoint,3,5,5.0,10,40,none,0.852,2.714406906724755,60.0,1.0,150.0,,,,,
0.5915492957746479,0.648074069840786,0.71,0.9842000000000001,0.197506,0.2501333333333333,GunPoint,3,5,5.0,10,40,SMOTE-raw,0.852,2.714406906724755,60.0,1.0,150.0,3.035064017035004,0.34182500914108627,0.5936701792493131,,
0.5915492957746479,0.648074069840786,0.71,0.9788,0.20357844444444445,0.25279999999999997,GunPoint,3,5,5.0,10,40,KNNOR-raw (M=1),0.852,2.714406906724755,60.0,1.0,150.0,3.928861468042803,0.45245812942420194,0.3069989178415618,1.0,
0.5915492957746479,0.648074069840786,0.71,0.9834,0.19238266666666665,0.2450666666666666,GunPoint,3,5,5.0,10,40,chain-mean-GPF (PSSTO-style),0.852,2.714406906724755,60.0,1.0,150.0,3.1503071924611517,0.36095988041108584,0.48509200512263895,,
0.5915492957746479,0.648074069840786,0.71,0.9775999999999999,0.20320733333333332,0.2518666666666667,GunPoint,3,5,5.0,10,40,KNNOR-GPF (M=1),0.852,2.714406906724755,60.0,1.0,150.0,3.643212193570121,0.4428370345527979,0.25661597967717836,1.0,1.0
0.5915492957746479,0.648074069840786,0.71,0.9892000000000001,0.18968377777777778,0.24060000000000004,GunPoint,3,5,5.0,10,40,KNNOR-GPF (M=3/2),0.852,2.714406906724755,60.0,1.0,150.0,3.2157528211586355,0.3630629540327648,0.5376783496360902,1.0,1.5
0.5915492957746479,0.648074069840786,0.71,0.9852,0.18397355555555556,0.2253333333333333,GunPoint,3,5,5.0,10,40,KNNOR-GPF (M calibrated),0.852,2.714406906724755,60.0,1.0,150.0,2.865181131165694,0.3002455579360894,0.8622998858252143,1.0,2.1999999999999997
0.5915492957746479,0.648074069840786,0.71,0.9855999999999999,0.18777911111111112,0.2416,GunPoint,3,5,5.0,10,40,hybrid GPF-nbrs/raw-walk (M calibrated),0.852,2.714406906724755,60.0,1.0,150.0,2.9350670052916863,0.2675364408895974,1.538096966231372,0.625,2.1999999999999997
0.5915492957746479,0.648074069840786,0.71,0.9782000000000001,0.20785944444444443,0.2569666666666667,GunPoint,3,5,5.0,10,40,hybrid GPF-nbrs/raw-walk (M=1),0.852,2.714406906724755,60.0,1.0,150.0,3.835385637708492,0.4543340893394844,0.2747438040865399,0.625,1.0
0.48484848484848486,0.565685424949238,0.66,0.9752,0.21128933333333333,0.2854666666666667,GunPoint,3,10,10.0,5,45,none (raw-flat RF),0.852,0.7097883535107874,,,,,,,,
0.6301369863013698,0.6782329983125268,0.73,0.9965999999999999,0.14983088888888893,0.27913333333333334,GunPoint,3,10,10.0,5,45,none,0.852,0.7097883535107874,60.0,1.0,150.0,,,,,
0.9583333333333334,0.9591663046625439,0.96,0.9982,0.04934211111111111,0.13110000000000002,GunPoint,3,10,10.0,5,45,SMOTE-raw,0.852,0.7097883535107874,60.0,1.0,150.0,0.8692859141929556,0.1057550955166926,0.531208632141507,,
0.8636363636363636,0.8717797887081347,0.88,0.9984,0.08276566666666668,0.19783333333333333,GunPoint,3,10,10.0,5,45,KNNOR-raw (M=1),0.852,0.7097883535107874,60.0,1.0,150.0,2.4711962008623267,0.3829652211871417,0.1655564487468584,1.0,
0.9247311827956989,0.9273618495495703,0.9299999999999999,0.9972,0.06676666666666667,0.16933333333333334,GunPoint,3,10,10.0,5,45,chain-mean-GPF (PSSTO-style),0.852,0.7097883535107874,60.0,1.0,150.0,1.127874483235514,0.20293509045412594,0.2604402808502585,,
0.8095238095238095,0.8246211251235321,0.8400000000000001,0.9968,0.10255955555555554,0.22286666666666666,GunPoint,3,10,10.0,5,45,KNNOR-GPF (M=1),0.852,0.7097883535107874,60.0,1.0,150.0,2.640569964049037,0.5271112665671351,0.021801183569402204,0.8490566037735849,1.0
0.8372093023255814,0.848528137423857,0.86,0.9967999999999999,0.09707811111111113,0.2125666666666667,GunPoint,3,10,10.0,5,45,KNNOR-GPF (M=3/2),0.852,0.7097883535107874,60.0,1.0,150.0,2.4928716356432243,0.4986894413292823,0.034920314213224495,0.9,1.5
0.7951807228915663,0.812403840463596,0.8300000000000001,0.9968,0.09760688888888888,0.2131333333333333,GunPoint,3,10,10.0,5,45,KNNOR-GPF (M calibrated),0.852,0.7097883535107874,60.0,1.0,150.0,2.4690585274127645,0.4928923057863268,0.03799034758180471,0.9,1.5999999999999999
0.9473684210526315,0.9486832980505138,0.95,0.998,0.043089555555555555,0.11740000000000002,GunPoint,3,10,10.0,5,45,hybrid GPF-nbrs/raw-walk (M calibrated),0.852,0.7097883535107874,60.0,1.0,150.0,0.9101487216483966,0.07585357464971165,1.0988345405818072,0.703125,1.5999999999999999
0.9473684210526315,0.9486832980505138,0.95,0.9996,0.055707555555555566,0.1587333333333333,GunPoint,3,10,10.0,5,45,hybrid GPF-nbrs/raw-walk (M=1),0.852,0.7097883535107874,60.0,1.0,150.0,1.2792328093935605,0.14859019760084724,0.5306612682768488,0.703125,1.0
0.18181818181818182,0.31622776601683794,0.55,0.8366,0.35930733333333337,0.3938000000000001,GunPoint,3,20,12.5,4,46,none (raw-flat RF),0.852,1.6233716342668654,,,,,,,,
0.0392156862745098,0.1414213562373095,0.51,0.9426,0.2946918888888889,0.3553666666666667,GunPoint,3,20,12.5,4,46,none,0.852,1.6233716342668654,60.0,1.0,150.0,,,,,
0.9361702127659575,0.938083151964686,0.94,0.9916,0.05398877777777778,0.11443333333333333,GunPoint,3,20,12.5,4,46,SMOTE-raw,0.852,1.6233716342668654,60.0,1.0,150.0,1.3565911043541252,0.14101602351574472,0.469136760972409,,
0.717948717948718,0.7483314773547883,0.78,0.9920000000000001,0.13875655555555555,0.23096666666666663,GunPoint,3,20,12.5,4,46,KNNOR-raw (M=1),0.852,1.6233716342668654,60.0,1.0,150.0,3.7341528443221037,0.5274718384679798,0.034326287443963065,0.27218934911242604,
0.8913043478260869,0.8964373932405988,0.8999999999999999,0.9935999999999999,0.08111611111111111,0.15576666666666664,GunPoint,3,20,12.5,4,46,chain-mean-GPF (PSSTO-style),0.852,1.6233716342668654,60.0,1.0,150.0,1.6380164397653498,0.1956123623126298,0.2973707547581577,,
0.717948717948718,0.7483314773547883,0.78,0.9950000000000001,0.1306738888888889,0.24336666666666668,GunPoint,3,20,12.5,4,46,KNNOR-GPF (M=1),0.852,1.6233716342668654,60.0,1.0,150.0,2.721857354859063,0.46580652749643403,0.04506938221899533,0.17424242424242425,1.0
0.7012987012987013,0.7348469228349535,0.77,0.996,0.13664711111111114,0.2485333333333333,GunPoint,3,20,12.5,4,46,KNNOR-GPF (M=3/2),0.852,1.6233716342668654,60.0,1.0,150.0,2.990197382786553,0.516620221996345,0.026986594193705467,0.2,1.5
0.6666666666666666,0.7071067811865476,0.75,0.9952,0.138774,0.24733333333333332,GunPoint,3,20,12.5,4,46,KNNOR-GPF (M calibrated),0.852,1.6233716342668654,60.0,1.0,150.0,3.025230820050938,0.5209739029621343,0.025059668636428938,0.19574468085106383,1.5999999999999999
0.8372093023255814,0.848528137423857,0.86,0.9954,0.09014833333333336,0.18256666666666665,GunPoint,3,20,12.5,4,46,hybrid GPF-nbrs/raw-walk (M calibrated),0.852,1.6233716342668654,60.0,1.0,150.0,2.123150626513919,0.2369713419718783,0.4829958541766469,0.04791666666666667,1.5999999999999999
0.8764044943820225,0.8831760866327847,0.89,0.9948,0.09349599999999998,0.1922,GunPoint,3,20,12.5,4,46,hybrid GPF-nbrs/raw-walk (M=1),0.852,1.6233716342668654,60.0,1.0,150.0,2.278279792307856,0.23818988174463507,0.25622425321524034,0.044921875,1.0
0.6216216216216216,0.6714164132637808,0.72,0.8916,0.20417444444444446,0.22106666666666663,GunPoint,4,5,5.0,10,40,none (raw-flat RF),0.852,0.9770718840603498,,,,,,,,
0.6842105263157895,0.7211102550927979,0.76,0.9932000000000001,0.13058355555555554,0.22246666666666665,GunPoint,4,5,5.0,10,40,none,0.852,0.9770718840603498,60.0,1.0,150.0,,,,,
0.9130434782608695,0.916515138991168,0.9199999999999999,0.997,0.06340011111111112,0.15956666666666666,GunPoint,4,5,5.0,10,40,SMOTE-raw,0.852,0.9770718840603498,60.0,1.0,150.0,1.7463413799814065,0.18438274854314407,0.5572559748862211,,
0.7341772151898734,0.7615773105863908,0.79,0.998,0.09884800000000002,0.19666666666666663,GunPoint,4,5,5.0,10,40,KNNOR-raw (M=1),0.852,0.9770718840603498,60.0,1.0,150.0,3.7914403304244653,0.4070225338343041,0.28635792579810704,0.8163265306122449,
0.9361702127659575,0.938083151964686,0.94,0.9992,0.06263388888888889,0.17016666666666672,GunPoint,4,5,5.0,10,40,chain-mean-GPF (PSSTO-style),0.852,0.9770718840603498,60.0,1.0,150.0,1.8797052104138894,0.2088476324161369,0.4038637609815509,,
0.7654320987654321,0.7874007874011811,0.81,0.9978,0.0896793333333333,0.18020000000000003,GunPoint,4,5,5.0,10,40,KNNOR-GPF (M=1),0.852,0.9770718840603498,60.0,1.0,150.0,2.661984460911275,0.30293408592221194,0.32344229514133943,0.7692307692307693,1.0
0.8372093023255814,0.848528137423857,0.86,0.9984000000000001,0.07979599999999999,0.1774666666666667,GunPoint,4,5,5.0,10,40,KNNOR-GPF (M=3/2),0.852,0.9770718840603498,60.0,1.0,150.0,2.5311656179836044,0.2424896947400097,0.5504842201207046,0.8163265306122449,1.5
0.8636363636363636,0.8717797887081347,0.88,0.9984,0.076865,0.16836666666666666,GunPoint,4,5,5.0,10,40,KNNOR-GPF (M calibrated),0.852,0.9770718840603498,60.0,1.0,150.0,2.5573168419118657,0.23151286475850075,0.6571212434682108,0.8163265306122449,1.7999999999999998
0.8505747126436781,0.8602325267042626,0.87,0.996,0.08188844444444446,0.17386666666666667,GunPoint,4,5,5.0,10,40,hybrid GPF-nbrs/raw-walk (M calibrated),0.852,0.9770718840603498,60.0,1.0,150.0,2.984741827243565,0.2232197541257407,1.2239460464089098,0.625,1.7999999999999998
0.75,0.7745966692414834,0.8,0.9992000000000001,0.09387866666666668,0.1960666666666667,GunPoint,4,5,5.0,10,40,hybrid GPF-nbrs/raw-walk (M=1),0.852,0.9770718840603498,60.0,1.0,150.0,3.046058046218211,0.33090634695851606,0.3370246260832269,0.625,1.0
0.18181818181818182,0.31622776601683794,0.55,0.935,0.23284833333333332,0.2949666666666667,GunPoint,4,10,10.0,5,45,none (raw-flat RF),0.852,1.3717666388039698,,,,,,,,
0.11320754716981132,0.2449489742783178,0.53,0.9928,0.19384444444444449,0.3068666666666667,GunPoint,4,10,10.0,5,45,none,0.852,1.3717666388039698,60.0,1.0,150.0,,,,,
0.98989898989899,0.9899494936611666,0.99,1.0,0.046322555555555554,0.15030000000000004,GunPoint,4,10,10.0,5,45,SMOTE-raw,0.852,1.3717666388039698,60.0,1.0,150.0,1.1974537853337788,0.12237583424667897,0.5227159363018116,,
0.9473684210526315,0.9486832980505138,0.95,1.0,0.07745988888888888,0.21283333333333335,GunPoint,4,10,10.0,5,45,KNNOR-raw (M=1),0.852,1.3717666388039698,60.0,1.0,150.0,2.223485724184484,0.27773990523612335,0.2708726143535462,0.41284403669724773,
0.9473684210526315,0.9486832980505138,0.95,1.0,0.07466588888888889,0.2076333333333333,GunPoint,4,10,10.0,5,45,chain-mean-GPF (PSSTO-style),0.852,1.3717666388039698,60.0,1.0,150.0,2.2647949818640187,0.3089513284829961,0.1536641199515473,,
0.7804878048780488,0.8,0.8200000000000001,0.9988,0.11576377777777777,0.24506666666666668,GunPoint,4,10,10.0,5,45,KNNOR-GPF (M=1),0.852,1.3717666388039698,60.0,1.0,150.0,3.017519440706633,0.44346716646758755,0.06427230892327088,0.2393617021276596,1.0
0.8235294117647058,0.8366600265340756,0.85,0.9995999999999999,0.10630833333333331,0.24336666666666668,GunPoint,4,10,10.0,5,45,KNNOR-GPF (M=3/2),0.852,1.3717666388039698,60.0,1.0,150.0,2.737046142626494,0.389347387492042,0.11984193547542878,0.3146853146853147,1.5
0.8095238095238095,0.8246211251235321,0.8400000000000001,0.9992,0.109606,0.244,GunPoint,4,10,10.0,5,45,KNNOR-GPF (M calibrated),0.852,1.3717666388039698,60.0,1.0,150.0,2.817268361888444,0.40291210407270284,0.11416374274911581,0.3191489361702128,1.5999999999999999
0.98989898989899,0.9899494936611666,0.99,1.0,0.04034466666666667,0.1500666666666667,GunPoint,4,10,10.0,5,45,hybrid GPF-nbrs/raw-walk (M calibrated),0.852,1.3717666388039698,60.0,1.0,150.0,1.8250545529830697,0.20968888819326648,0.45734107228143056,0.234375,1.5999999999999999
0.9583333333333334,0.9591663046625439,0.96,1.0,0.06258455555555556,0.19243333333333335,GunPoint,4,10,10.0,5,45,hybrid GPF-nbrs/raw-walk (M=1),0.852,1.3717666388039698,60.0,1.0,150.0,2.186620804317452,0.26599363638713924,0.35632689670131135,0.3515625,1.0
0.4375,0.5291502622129182,0.64,0.9666,0.24800344444444447,0.3175666666666666,GunPoint,4,20,12.5,4,46,none (raw-flat RF),0.852,1.7233804011604335,,,,,,,,
0.48484848484848486,0.565685424949238,0.66,0.9888,0.22044877777777783,0.3201,GunPoint,4,20,12.5,4,46,none,0.852,1.7233804011604335,60.0,1.0,150.0,,,,,
0.75,0.7745966692414834,0.8,0.9982,0.10920455555555555,0.2063666666666667,GunPoint,4,20,12.5,4,46,SMOTE-raw,0.852,1.7233804011604335,60.0,1.0,150.0,1.9895288681051113,0.2605643477562739,0.40807327262892823,,
0.6666666666666666,0.7071067811865476,0.75,0.9954000000000001,0.14610066666666666,0.2388666666666667,GunPoint,4,20,12.5,4,46,KNNOR-raw (M=1),0.852,1.7233804011604335,60.0,1.0,150.0,3.270021563367875,0.4638875948769816,0.14313178837017343,0.45544554455445546,
0.6666666666666666,0.7071067811865476,0.75,0.996,0.13059677777777778,0.21543333333333334,GunPoint,4,20,12.5,4,46,chain-mean-GPF (PSSTO-style),0.852,1.7233804011604335,60.0,1.0,150.0,2.689623980460272,0.3823130269790116,0.16858041984260794,,
0.6666666666666666,0.7071067811865476,0.75,0.9958,0.1352897777777778,0.22966666666666669,GunPoint,4,20,12.5,4,46,KNNOR-GPF (M=1),0.852,1.7233804011604335,60.0,1.0,150.0,2.7068155733766606,0.42439387911281157,0.13399276349733744,0.3150684931506849,1.0
0.6842105263157895,0.7211102550927979,0.76,0.9936,0.13429022222222223,0.2188666666666667,GunPoint,4,20,12.5,4,46,KNNOR-GPF (M=3/2),0.852,1.7233804011604335,60.0,1.0,150.0,2.468252194094596,0.35772497437015605,0.25752704960949924,0.23,1.5
0.7012987012987013,0.7348469228349535,0.77,0.9936,0.12466133333333335,0.21026666666666669,GunPoint,4,20,12.5,4,46,KNNOR-GPF (M calibrated),0.852,1.7233804011604335,60.0,1.0,150.0,2.3696989093135006,0.33662538376715023,0.29557018377515404,0.21395348837209302,1.5999999999999999
0.6666666666666666,0.7071067811865476,0.75,0.9946,0.138457,0.2143,GunPoint,4,20,12.5,4,46,hybrid GPF-nbrs/raw-walk (M calibrated),0.852,1.7233804011604335,60.0,1.0,150.0,2.8278937513061173,0.291772945817415,0.6366707714009502,0.359375,1.5999999999999999
0.6666666666666666,0.7071067811865476,0.75,0.994,0.1429442222222222,0.22880000000000006,GunPoint,4,20,12.5,4,46,hybrid GPF-nbrs/raw-walk (M=1),0.852,1.7233804011604335,60.0,1.0,150.0,3.0624755554095433,0.4069809408900419,0.22149996835182253,0.359375,1.0
0.9491525423728814,0.950230005281386,0.9506293706293707,0.9911222111222111,0.045263868613138684,0.079014598540146,ItalyPowerDemand,0,5,5.0,55,219,none (raw-flat RF),0.645,0.1674211675634698,,,,,,,,
0.91796875,0.9210239129822029,0.9231302031302031,0.988977688977689,0.06923678021086781,0.11680048661800485,ItalyPowerDemand,0,5,5.0,55,219,none,0.645,0.1674211675634698,60.0,1.0,24.0,,,,,
0.9449715370018975,0.9463109930168282,0.9469530469530469,0.9881518481518482,0.05399856042173561,0.09207420924574208,ItalyPowerDemand,0,5,5.0,55,219,SMOTE-raw,0.645,0.1674211675634698,60.0,1.0,24.0,0.2574060767222921,0.02730696530034793,0.8612348212082993,,
0.9384615384615385,0.9402247837738825,0.9414319014319015,0.9864402264402264,0.06455845498783455,0.10059002433090024,ItalyPowerDemand,0,5,5.0,55,219,KNNOR-raw (M=1),0.645,0.1674211675634698,60.0,1.0,24.0,0.9994639086377912,0.11787195024266228,0.3702390804209699,0.9690265486725663,
0.940952380952381,0.9425028850415729,0.9432900432900433,0.9862337662337662,0.05984134225466342,0.09857055961070563,ItalyPowerDemand,0,5,5.0,55,219,chain-mean-GPF (PSSTO-style),0.645,0.1674211675634698,60.0,1.0,24.0,0.33724664688679873,0.038877545176713935,0.6583822010453448,,
0.9305019305019305,0.9327075586395717,0.9341192141192141,0.9848884448884448,0.06448041362530414,0.09639902676399023,ItalyPowerDemand,0,5,5.0,55,219,KNNOR-GPF (M=1),0.645,0.1674211675634698,60.0,1.0,24.0,0.834703530953524,0.09793389221006588,0.3497181120583848,0.9954545454545455,1.0
0.9407265774378585,0.9423332786185618,0.9432767232767233,0.9844422244422244,0.057783110300081104,0.08341240875912409,ItalyPowerDemand,0,5,5.0,55,219,KNNOR-GPF (M=3/2),0.645,0.1674211675634698,60.0,1.0,24.0,0.6717847071543517,0.06815305681899697,0.4678518120865319,0.9909502262443439,1.5
0.9393939393939394,0.9409045463283537,0.9414851814851815,0.9828371628371629,0.05450683292781833,0.06900851581508516,ItalyPowerDemand,0,5,5.0,55,219,KNNOR-GPF (M calibrated),0.645,0.1674211675634698,60.0,1.0,24.0,0.507102260979158,0.042717181190507825,0.6466171799420184,0.9954545454545455,2.1999999999999997
0.9431818181818182,0.944556939621859,0.9451348651348651,0.9832634032634032,0.050964943227899434,0.06577250608272506,ItalyPowerDemand,0,5,5.0,55,219,hybrid GPF-nbrs/raw-walk (M calibrated),0.645,0.1674211675634698,60.0,1.0,24.0,0.3632041175691807,0.027747366352545044,0.9079696427084085,0.85546875,2.1999999999999997
0.9305019305019305,0.9327075586395717,0.9341192141192141,0.9856210456210456,0.06498767234387672,0.0983211678832117,ItalyPowerDemand,0,5,5.0,55,219,hybrid GPF-nbrs/raw-walk (M=1),0.645,0.1674211675634698,60.0,1.0,24.0,0.9030474592223268,0.09983279467516704,0.3624480718163372,0.85546875,1.0
0.9242718446601942,0.9268841454649114,0.9286247086247086,0.9886380286380286,0.06600500811030006,0.12086982968369828,ItalyPowerDemand,0,10,10.1,27,247,none (raw-flat RF),0.645,0.32253705498896323,,,,,,,,
0.7601809954751131,0.7830369423895996,0.8058741258741259,0.9804395604395604,0.1242537915652879,0.19565085158150855,ItalyPowerDemand,0,10,10.1,27,247,none,0.645,0.32253705498896323,60.0,1.0,24.0,,,,,
0.8977955911823647,0.902521719708426,0.9066200466200466,0.9827372627372627,0.07565626520681265,0.12506690997566913,ItalyPowerDemand,0,10,10.1,27,247,SMOTE-raw,0.645,0.32253705498896323,60.0,1.0,24.0,0.24910880319459672,0.023408358128966245,0.7454602092552305,,
0.8906882591093117,0.8960638386467802,0.9011122211122211,0.9833499833499832,0.08499416058394162,0.14023114355231142,ItalyPowerDemand,0,10,10.1,27,247,KNNOR-raw (M=1),0.645,0.32253705498896323,60.0,1.0,24.0,1.094113769149061,0.12727237970778127,0.272634685162004,0.9216417910447762,
0.8641975308641975,0.8722609476751558,0.8791608391608392,0.9854878454878455,0.08607550689375507,0.14624087591240875,ItalyPowerDemand,0,10,10.1,27,247,chain-mean-GPF (PSSTO-style),0.645,0.32253705498896323,60.0,1.0,24.0,0.36353962231461345,0.034184030305640434,0.663188938250514,,
0.8780487804878049,0.884634061393423,0.8901498501498502,0.9852480852480854,0.08131964720194645,0.1425121654501217,ItalyPowerDemand,0,10,10.1,27,247,KNNOR-GPF (M=1),0.645,0.32253705498896323,60.0,1.0,24.0,0.6359975405084821,0.07767210234775845,0.4677246352356406,0.9919678714859438,1.0
0.905511811023622,0.9094904217048287,0.9121545121545122,0.9865268065268067,0.07243296836982968,0.12512165450121657,ItalyPowerDemand,0,10,10.1,27,247,KNNOR-GPF (M=3/2),0.645,0.32253705498896323,60.0,1.0,24.0,0.5033786770209421,0.057397937651425424,0.5741707449692716,0.9840637450199203,1.5
0.8986083499005965,0.9032151104789687,0.9066466866466867,0.984049284049284,0.07317516220600162,0.1208698296836983,ItalyPowerDemand,0,10,10.1,27,247,KNNOR-GPF (M calibrated),0.645,0.32253705498896323,60.0,1.0,24.0,0.485613010267377,0.054853941733154166,0.5911910590676697,0.9801587301587301,1.5999999999999999
0.9158512720156555,0.919062198480236,0.9212987012987013,0.9836963036963037,0.06777674371451745,0.11235401459854014,ItalyPowerDemand,0,10,10.1,27,247,hybrid GPF-nbrs/raw-walk (M calibrated),0.645,0.32253705498896323,60.0,1.0,24.0,0.4610617312503411,0.04843595305402737,0.7305638491529973,0.771875,1.5999999999999999
0.8825910931174089,0.8887201527047252,0.8938128538128538,0.984901764901765,0.08030920519059205,0.13388077858880776,ItalyPowerDemand,0,10,10.1,27,247,hybrid GPF-nbrs/raw-walk (M=1),0.645,0.32253705498896323,60.0,1.0,24.0,0.6890790082163178,0.08018964391441519,0.4872869600266961,0.96484375,1.0
0.8061002178649237,0.8217003560857663,0.837009657009657,0.9864602064602064,0.11644716139497162,0.19885644768856447,ItalyPowerDemand,0,20,19.6,14,260,none (raw-flat RF),0.645,0.5105200172626727,,,,,,,,
0.5927835051546392,0.6490342219370419,0.7106227106227107,0.9833899433899433,0.17042017437145174,0.2601034063260341,ItalyPowerDemand,0,20,19.6,14,260,none,0.645,0.5105200172626727,60.0,1.0,24.0,,,,,
0.7149532710280374,0.7458978726096733,0.7765834165834166,0.977002997002997,0.14176058394160584,0.2093917274939172,ItalyPowerDemand,0,20,19.6,14,260,SMOTE-raw,0.645,0.5105200172626727,60.0,1.0,24.0,0.7502946501209689,0.07832273590936878,0.5515857776572043,,
0.625,0.674199862463242,0.7253013653013652,0.9783283383283383,0.1610839213300892,0.24236618004866176,ItalyPowerDemand,0,20,19.6,14,260,KNNOR-raw (M=1),0.645,0.5105200172626727,60.0,1.0,24.0,2.2852683727117338,0.26517842890276766,0.18945971122691732,0.9885931558935361,
0.6997635933806147,0.7336087637029823,0.7674259074259073,0.9798135198135198,0.14722887266828874,0.22197080291970805,ItalyPowerDemand,0,20,19.6,14,260,chain-mean-GPF (PSSTO-style),0.645,0.5105200172626727,60.0,1.0,24.0,0.7388354921577491,0.08564671712572969,0.5177429817479867,,
0.6966824644549763,0.731126155013931,0.7655944055944055,0.9794538794538793,0.14511255068937548,0.22394768856447692,ItalyPowerDemand,0,20,19.6,14,260,KNNOR-GPF (M=1),0.645,0.5105200172626727,60.0,1.0,24.0,1.5082721668413583,0.18667351125463505,0.29015416729168086,0.9420289855072463,1.0
0.8272921108742004,0.8399134154509889,0.8516749916749917,0.9823110223110222,0.10336587591240877,0.1640571776155718,ItalyPowerDemand,0,20,19.6,14,260,KNNOR-GPF (M=3/2),0.645,0.5105200172626727,60.0,1.0,24.0,1.2412061829116077,0.13912230218704014,0.4327394196244867,0.896551724137931,1.5
0.859504132231405,0.8680973871594555,0.8754978354978356,0.9826973026973028,0.09338941605839414,0.14941605839416056,ItalyPowerDemand,0,20,19.6,14,260,KNNOR-GPF (M calibrated),0.645,0.5105200172626727,60.0,1.0,24.0,1.1025508500726655,0.1181853883288776,0.5180918950793622,0.8843537414965986,1.7999999999999998
0.899009900990099,0.9035394935383934,0.9066600066600067,0.9835964035964035,0.08014217356042173,0.13232360097323603,ItalyPowerDemand,0,20,19.6,14,260,hybrid GPF-nbrs/raw-walk (M calibrated),0.645,0.5105200172626727,60.0,1.0,24.0,0.9982733422560113,0.0892622067166784,0.8900034589689592,0.8125,1.7999999999999998
0.6842105263157895,0.7211102550927979,0.7582683982683982,0.9781751581751582,0.14979689781021896,0.22709854014598538,ItalyPowerDemand,0,20,19.6,14,260,hybrid GPF-nbrs/raw-walk (M=1),0.645,0.5105200172626727,60.0,1.0,24.0,1.7220987360631685,0.19245999910459755,0.32171202640714863,0.8125,1.0
0.9626865671641791,0.9632547787411432,0.9635036496350364,0.9939994139272205,0.040574736415247364,0.07430656934306566,ItalyPowerDemand,1,5,5.0,55,220,none (raw-flat RF),0.645,0.20913665595578657,,,,,,,,
0.9366602687140115,0.9384885875846262,0.9397810218978102,0.9882519047365336,0.06774884428223844,0.11919099756690994,ItalyPowerDemand,1,5,5.0,55,220,none,0.645,0.20913665595578657,60.0,1.0,24.0,,,,,
0.9608938547486033,0.9614693188581456,0.9616788321167883,0.9879855080185412,0.04927639902676399,0.09265206812652063,ItalyPowerDemand,1,5,5.0,55,220,SMOTE-raw,0.645,0.20913665595578657,60.0,1.0,24.0,0.1816078978178961,0.015371948792937129,0.7996068967278074,,
0.9548872180451128,0.9557585186625633,0.9562043795620438,0.9867068037721775,0.056099391727493925,0.09739659367396597,ItalyPowerDemand,1,5,5.0,55,220,KNNOR-raw (M=1),0.645,0.20913665595578657,60.0,1.0,24.0,0.5896822647116888,0.06447393022973313,0.36949615748744297,0.9821428571428571,
0.9625468164794008,0.9631648928926727,0.9635036496350364,0.9875459534338537,0.05571007704785077,0.10483576642335767,ItalyPowerDemand,1,5,5.0,55,220,chain-mean-GPF (PSSTO-style),0.645,0.20913665595578657,60.0,1.0,24.0,0.2364830152613937,0.021134294705541956,0.736333654925177,,
0.9489603024574669,0.9500975102153272,0.9507299270072993,0.9866668442644786,0.05940332522303326,0.10917274939172752,ItalyPowerDemand,1,5,5.0,55,220,KNNOR-GPF (M=1),0.645,0.20913665595578657,60.0,1.0,24.0,0.8168161156362626,0.10175871852011187,0.26293959340393325,1.0,1.0
0.9471698113207547,0.9483364382467642,0.948905109489051,0.9865602855772816,0.05489949310624494,0.09569951338199512,ItalyPowerDemand,1,5,5.0,55,220,KNNOR-GPF (M=3/2),0.645,0.20913665595578657,60.0,1.0,24.0,0.6801868103343303,0.07383397445565942,0.34360246595099725,1.0,1.5
0.9570093457943926,0.9577354433201007,0.9580291970802919,0.9861806702541425,0.04889391727493917,0.07958637469586373,ItalyPowerDemand,1,5,5.0,55,220,KNNOR-GPF (M calibrated),0.645,0.20913665595578657,60.0,1.0,24.0,0.5388628842793715,0.050070536403337806,0.45536441965667573,1.0,2.0
0.9514925373134329,0.9523030122947972,0.9525547445255474,0.9852149821514199,0.04910206812652068,0.07389294403892946,ItalyPowerDemand,1,5,5.0,55,220,hybrid GPF-nbrs/raw-walk (M calibrated),0.645,0.20913665595578657,60.0,1.0,24.0,0.46559728173109605,0.04066836369482607,0.5885630092274963,0.859375,2.0
0.9529190207156308,0.9538752488156717,0.9543795620437956,0.9857677553412542,0.05802528386050284,0.10071167883211675,ItalyPowerDemand,1,5,5.0,55,220,hybrid GPF-nbrs/raw-walk (M=1),0.645,0.20913665595578657,60.0,1.0,24.0,0.8922134662133256,0.1013834540555909,0.27315624083645623,0.859375,1.0
0.9445506692160612,0.9459808957268563,0.9470802919708029,0.9907027545420641,0.05257883211678833,0.1014598540145985,ItalyPowerDemand,1,10,9.8,28,247,none (raw-flat RF),0.645,0.4767662714601375,,,,,,,,
0.7982456140350878,0.8150052617267791,0.8321167883211679,0.9814254888379774,0.11248832116788321,0.1786009732360097,ItalyPowerDemand,1,10,9.8,28,247,none,0.645,0.4767662714601375,60.0,1.0,24.0,,,,,
0.9161793372319688,0.9193169137087591,0.9215328467153285,0.9841160956897012,0.06846011759935118,0.10709854014598541,ItalyPowerDemand,1,10,9.8,28,247,SMOTE-raw,0.645,0.4767662714601375,60.0,1.0,24.0,0.4123224794183784,0.03231362289130035,0.8157459164045928,,
0.8600823045267489,0.8685748013376133,0.8759124087591241,0.9811990516276838,0.08466703163017031,0.12711678832116788,ItalyPowerDemand,1,10,9.8,28,247,KNNOR-raw (M=1),0.645,0.4767662714601375,60.0,1.0,24.0,0.6102658050594414,0.07277158937576611,0.4402900136113736,1.0,
0.896414342629482,0.9012086295522442,0.9051094890510949,0.985947573125899,0.07468787510137877,0.12975669099756693,ItalyPowerDemand,1,10,9.8,28,247,chain-mean-GPF (PSSTO-style),0.645,0.4767662714601375,60.0,1.0,24.0,0.37905484443440685,0.02967781275219772,0.6933182004670827,,
0.884,0.8898600588837615,0.8941605839416058,0.9841960147050989,0.07899973641524737,0.1298844282238443,ItalyPowerDemand,1,10,9.8,28,247,KNNOR-GPF (M=1),0.645,0.4767662714601375,60.0,1.0,24.0,0.47013713554430403,0.05713550406379786,0.4399805894412667,1.0,1.0
0.8932806324110671,0.8981958699349981,0.9014598540145986,0.9842159944589484,0.07400427818329278,0.11993309002433088,ItalyPowerDemand,1,10,9.8,28,247,KNNOR-GPF (M=3/2),0.645,0.4767662714601375,60.0,1.0,24.0,0.46574625685306614,0.05376072883174654,0.5735776856327902,0.9724409448818898,1.5
0.9048543689320389,0.9085905510111553,0.9105839416058394,0.9811857317917843,0.06814665450121654,0.10630778588807786,ItalyPowerDemand,1,10,9.8,28,247,KNNOR-GPF (M calibrated),0.645,0.4767662714601375,60.0,1.0,24.0,0.45949860064763826,0.05094246185771778,0.6775840473734882,0.96484375,1.7999999999999998
0.9111969111969112,0.9144211384447829,0.916058394160584,0.9815187276892748,0.06994387672343877,0.09897810218978102,ItalyPowerDemand,1,10,9.8,28,247,hybrid GPF-nbrs/raw-walk (M calibrated),0.645,0.4767662714601375,60.0,1.0,24.0,0.4580772867929497,0.04594920554656856,0.8238226631288286,0.771875,1.7999999999999998
0.8732394366197183,0.8801297498541909,0.885036496350365,0.9839495977409558,0.07742147201946471,0.12552919708029198,ItalyPowerDemand,1,10,9.8,28,247,hybrid GPF-nbrs/raw-walk (M=1),0.645,0.4767662714601375,60.0,1.0,24.0,0.49336979220584,0.05536038631981721,0.4603556264373432,0.96484375,1.0
0.8445378151260504,0.8549265204214586,0.864963503649635,0.9911023496190527,0.10232287104622872,0.18208029197080292,ItalyPowerDemand,1,20,19.6,14,261,none (raw-flat RF),0.645,1.030922768687871,,,,,,,,
0.5578947368421052,0.6219817632926332,0.6934306569343066,0.9797005700889765,0.17995835360908355,0.26661800486618004,ItalyPowerDemand,1,20,19.6,14,261,none,0.645,1.030922768687871,60.0,1.0,24.0,,,,,
0.8942115768463074,0.89920371354362,0.9032846715328466,0.9877124513825989,0.08430393349553934,0.15118004866180046,ItalyPowerDemand,1,20,19.6,14,261,SMOTE-raw,0.645,1.030922768687871,60.0,1.0,24.0,0.7452741943085339,0.07565172831925648,0.6657758617801426,,
0.787746170678337,0.8060655030352976,0.8229927007299269,0.9836698811870638,0.11614742497972426,0.18646593673965942,ItalyPowerDemand,1,20,19.6,14,261,KNNOR-raw (M=1),0.645,1.030922768687871,60.0,1.0,24.0,1.098639356104055,0.13042413005448406,0.32045780722723904,1.0,
0.7651006711409396,0.7871036827275077,0.8083941605839415,0.988238584900634,0.12363100162206002,0.21277980535279806,ItalyPowerDemand,1,20,19.6,14,261,chain-mean-GPF (PSSTO-style),0.645,1.030922768687871,60.0,1.0,24.0,1.0871338792370295,0.12200877057497916,0.5052507737655629,,
0.7947598253275109,0.8120253421999053,0.8284671532846715,0.9849152858436785,0.1186846715328467,0.19843065693430653,ItalyPowerDemand,1,20,19.6,14,261,KNNOR-GPF (M=1),0.645,1.030922768687871,60.0,1.0,24.0,1.1244457166385615,0.16843460322976878,0.29293557347378224,0.7457142857142857,1.0
0.86652977412731,0.8743294699088494,0.8813868613138687,0.9873861154030583,0.09358499594484995,0.16763990267639906,ItalyPowerDemand,1,20,19.6,14,261,KNNOR-GPF (M=3/2),0.645,1.030922768687871,60.0,1.0,24.0,0.8927444002044176,0.1148928375611793,0.43753000247464313,0.6868421052631579,1.5
0.9007936507936508,0.9052051397539838,0.9087591240875912,0.9860807714848954,0.08032666261151662,0.13994525547445258,ItalyPowerDemand,1,20,19.6,14,261,KNNOR-GPF (M calibrated),0.645,1.030922768687871,60.0,1.0,24.0,0.7060992550402663,0.08101833245629875,0.5893655589329789,0.6868421052631579,2.0
0.8618556701030928,0.8701758622380279,0.8777372262773723,0.9823911769407001,0.09136368613138686,0.14855839416058395,ItalyPowerDemand,1,20,19.6,14,261,hybrid GPF-nbrs/raw-walk (M calibrated),0.645,1.030922768687871,60.0,1.0,24.0,1.027705047713365,0.08823646211764968,1.1402695237579605,0.5825892857142857,2.0
0.7688888888888888,0.7902365889288884,0.8102189781021898,0.9841294155256007,0.12360091240875912,0.19809610705596112,ItalyPowerDemand,1,20,19.6,14,261,hybrid GPF-nbrs/raw-walk (M=1),0.645,1.030922768687871,60.0,1.0,24.0,1.0295262633564715,0.1369017747760367,0.38306068079805244,0.5825892857142857,1.0
0.9507575757575758,0.9518616632896957,0.9524342324342324,0.9924542124542125,0.04621449716139497,0.08268248175182483,ItalyPowerDemand,2,5,5.0,55,219,none (raw-flat RF),0.645,0.2149916667778875,,,,,,,,
0.8724279835390947,0.8796209034197253,0.8864602064602065,0.9867399267399267,0.08344156528791566,0.13180048661800486,ItalyPowerDemand,2,5,5.0,55,219,none,0.645,0.2149916667778875,60.0,1.0,24.0,,,,,
0.9361702127659575,0.938083151964686,0.9395870795870795,0.9896503496503497,0.05670579886455799,0.08815085158150848,ItalyPowerDemand,2,5,5.0,55,219,SMOTE-raw,0.645,0.2149916667778875,60.0,1.0,24.0,0.19389310715141583,0.016684819943787565,0.8462911080764424,,
0.9254901960784314,0.9280761506069107,0.9304162504162504,0.9887778887778887,0.06448175182481751,0.10267639902676398,ItalyPowerDemand,2,5,5.0,55,219,KNNOR-raw (M=1),0.645,0.2149916667778875,60.0,1.0,24.0,0.4569685988573422,0.04300805222519111,0.4890072724460954,1.0,
0.9260700389105059,0.9285926891185297,0.9304428904428905,0.988977688977689,0.06406506488240064,0.09843673965936739,ItalyPowerDemand,2,5,5.0,55,219,chain-mean-GPF (PSSTO-style),0.645,0.2149916667778875,60.0,1.0,24.0,0.29602923179527174,0.024193725230796437,0.746653584921035,,
0.9087301587301587,0.9125389157330622,0.9157775557775558,0.9868198468198469,0.06853033252230332,0.10290754257907544,ItalyPowerDemand,2,5,5.0,55,219,KNNOR-GPF (M=1),0.645,0.2149916667778875,60.0,1.0,24.0,0.7255741729806697,0.07632917434957798,0.3557657183891977,1.0,1.0
0.9130434782608695,0.916515138991168,0.9194405594405595,0.9862470862470861,0.0630700121654501,0.08692822384428223,ItalyPowerDemand,2,5,5.0,55,219,KNNOR-GPF (M=3/2),0.645,0.2149916667778875,60.0,1.0,24.0,0.6076228890632791,0.054296486015938505,0.47208851634645754,1.0,1.5
0.9158512720156555,0.919062198480236,0.9212987012987013,0.9853146853146852,0.06140756285482563,0.08090632603406325,ItalyPowerDemand,2,5,5.0,55,219,KNNOR-GPF (M calibrated),0.645,0.2149916667778875,60.0,1.0,24.0,0.5459958325137979,0.043885606803860555,0.5518975407826884,1.0,1.7999999999999998
0.9158512720156555,0.919062198480236,0.9212987012987013,0.9844089244089244,0.05975701540957016,0.08141119221411189,ItalyPowerDemand,2,5,5.0,55,219,hybrid GPF-nbrs/raw-walk (M calibrated),0.645,0.2149916667778875,60.0,1.0,24.0,0.5032065815331688,0.039490624342926384,0.6391660595398881,0.85546875,1.7999999999999998
0.9043824701195219,0.9085452908108353,0.9121145521145522,0.9863336663336664,0.06863321167883213,0.10366180048661802,ItalyPowerDemand,2,5,5.0,55,219,hybrid GPF-nbrs/raw-walk (M=1),0.645,0.2149916667778875,60.0,1.0,24.0,0.7621327254730073,0.0750597842281906,0.3702833987976654,0.85546875,1.0
0.9361702127659575,0.938083151964686,0.9395870795870795,0.9924275724275724,0.06391429440389294,0.11728102189781023,ItalyPowerDemand,2,10,10.1,27,247,none (raw-flat RF),0.645,0.3036479894162607,,,,,,,,
0.78125,0.8006407690254357,0.8205128205128205,0.9833033633033633,0.12326942416869423,0.18838199513381995,ItalyPowerDemand,2,10,10.1,27,247,none,0.645,0.3036479894162607,60.0,1.0,24.0,,,,,
0.8924302788844621,0.8975491104081189,0.9011655011655011,0.9840359640359639,0.07387155312246553,0.1150182481751825,ItalyPowerDemand,2,10,10.1,27,247,SMOTE-raw,0.645,0.3036479894162607,60.0,1.0,24.0,0.32051672449209256,0.029033608235766617,0.7217377142754908,,
0.8179871520342612,0.8318661743341486,0.8443623043623043,0.9796669996669997,0.10493505677210056,0.15020072992700728,ItalyPowerDemand,2,10,10.1,27,247,KNNOR-raw (M=1),0.645,0.3036479894162607,60.0,1.0,24.0,1.1975203866498152,0.11865683838827068,0.28210690564548196,1.0,
0.8482328482328483,0.8581279720319204,0.8663536463536463,0.9825974025974026,0.09011419302514193,0.14536496350364964,ItalyPowerDemand,2,10,10.1,27,247,chain-mean-GPF (PSSTO-style),0.645,0.3036479894162607,60.0,1.0,24.0,0.4401350519037006,0.04308226150571248,0.5612839841680684,,
0.8,0.816480267146749,0.8315417915417915,0.9762703962703962,0.11240383211678831,0.1557968369829684,ItalyPowerDemand,2,10,10.1,27,247,KNNOR-GPF (M=1),0.645,0.3036479894162607,60.0,1.0,24.0,1.1022428596324598,0.10315957810992926,0.31788456298783196,1.0,1.0
0.8245243128964059,0.8374357893586238,0.8480519480519481,0.9730336330336331,0.10655117599351176,0.13583941605839417,ItalyPowerDemand,2,10,10.1,27,247,KNNOR-GPF (M=3/2),0.645,0.3036479894162607,60.0,1.0,24.0,0.8973319286961345,0.07258606747474361,0.43176770994119723,1.0,1.5
0.860655737704918,0.8690481892534817,0.8755244755244755,0.9750915750915751,0.09267027575020276,0.11318734793187346,ItalyPowerDemand,2,10,10.1,27,247,KNNOR-GPF (M calibrated),0.645,0.3036479894162607,60.0,1.0,24.0,0.7669550026322671,0.056231421287558314,0.5379744770135257,0.988,2.0
0.8658536585365854,0.8736113570672048,0.8792007992007992,0.9747918747918748,0.0863440592051906,0.10797445255474451,ItalyPowerDemand,2,10,10.1,27,247,hybrid GPF-nbrs/raw-walk (M calibrated),0.645,0.3036479894162607,60.0,1.0,24.0,0.7136640994281951,0.050300680263202335,0.7687715115631273,0.771875,2.0
0.7964989059080962,0.8135220844071671,0.8296969696969696,0.9770429570429572,0.11547556772100569,0.1603102189781022,ItalyPowerDemand,2,10,10.1,27,247,hybrid GPF-nbrs/raw-walk (M=1),0.645,0.3036479894162607,60.0,1.0,24.0,1.1847574640349663,0.10424196786963746,0.3356003209510269,0.96484375,1.0
0.8648648648648649,0.8728715609439694,0.8809523809523809,0.9931668331668332,0.08352540551500405,0.16245133819951338,ItalyPowerDemand,2,20,19.6,14,260,none (raw-flat RF),0.645,0.8763132338235984,,,,,,,,
0.596401028277635,0.6518500018473766,0.7124542124542125,0.9800399600399601,0.1759290551500406,0.25897201946472015,ItalyPowerDemand,2,20,19.6,14,260,none,0.645,0.8763132338235984,60.0,1.0,24.0,,,,,
0.8222698072805139,0.8355727485873496,0.8480119880119881,0.9872194472194472,0.1039213503649635,0.18482360097323605,ItalyPowerDemand,2,20,19.6,14,260,SMOTE-raw,0.645,0.8763132338235984,60.0,1.0,24.0,0.6484034466282846,0.04846939817725027,0.7097453627221927,,
0.7822222222222223,0.8014638621574415,0.8205261405261406,0.9883782883782883,0.1161287104622871,0.20260340632603407,ItalyPowerDemand,2,20,19.6,14,260,KNNOR-raw (M=1),0.645,0.8763132338235984,60.0,1.0,24.0,1.5478392570109687,0.1994277336440291,0.1733206160750446,0.8524590163934426,
0.7373271889400922,0.7641658091994066,0.7912221112221112,0.9856143856143855,0.1259993309002433,0.21318126520681266,ItalyPowerDemand,2,20,19.6,14,260,chain-mean-GPF (PSSTO-style),0.645,0.8763132338235984,60.0,1.0,24.0,1.0224174480744868,0.08266812730021234,0.5590325603432241,,
0.7964989059080962,0.8135220844071671,0.8296969696969696,0.9863802863802864,0.116160300081103,0.2059002433090024,ItalyPowerDemand,2,20,19.6,14,260,KNNOR-GPF (M=1),0.645,0.8763132338235984,60.0,1.0,24.0,1.869525766382047,0.21718532539011237,0.21793577138880676,0.87248322147651,1.0
0.8247863247863247,0.8377458933460562,0.8498434898434899,0.985854145854146,0.10788035279805354,0.1929257907542579,ItalyPowerDemand,2,20,19.6,14,260,KNNOR-GPF (M=3/2),0.645,0.8763132338235984,60.0,1.0,24.0,1.9614209179810835,0.21479405773006222,0.24135922547866018,0.8552631578947368,1.5
0.8475991649269311,0.8576000556657256,0.8663403263403264,0.9860472860472861,0.09811575425790754,0.17790145985401457,ItalyPowerDemand,2,20,19.6,14,260,KNNOR-GPF (M calibrated),0.645,0.8763132338235984,60.0,1.0,24.0,1.9202472243812991,0.19509745445922178,0.3056017092672105,0.8280254777070064,2.0
0.8803245436105477,0.886679460797681,0.891981351981352,0.9831035631035631,0.0869146390916464,0.15285888077858878,ItalyPowerDemand,2,20,19.6,14,260,hybrid GPF-nbrs/raw-walk (M calibrated),0.645,0.8763132338235984,60.0,1.0,24.0,2.642659100766478,0.20074872692067902,0.5701315484094419,0.5078125,2.0
0.7640449438202247,0.7862453931068965,0.8077189477189477,0.9867332667332668,0.11986796431467962,0.20447688564476887,ItalyPowerDemand,2,20,19.6,14,260,hybrid GPF-nbrs/raw-walk (M=1),0.645,0.8763132338235984,60.0,1.0,24.0,2.1586415404496826,0.22690948712817316,0.22701441095291724,0.6770833333333334,1.0
0.9467680608365019,0.9480618011612845,0.9487712287712288,0.9912221112221112,0.04387441200324412,0.06933090024330897,ItalyPowerDemand,3,5,5.0,55,219,none (raw-flat RF),0.645,0.10798183918896775,,,,,,,,
0.9215686274509803,0.9244162777371754,0.9267665667665668,0.9875258075258077,0.0684633211678832,0.11913017031630169,ItalyPowerDemand,3,5,5.0,55,219,none,0.645,0.10798183918896775,60.0,1.0,24.0,,,,,
0.9423076923076923,0.9438798074485389,0.945081585081585,0.9879054279054279,0.05138876723438767,0.09371046228710463,ItalyPowerDemand,3,5,5.0,55,219,SMOTE-raw,0.645,0.10798183918896775,60.0,1.0,24.0,0.17062093609443885,0.015495185088524321,0.7380269713190548,,
0.9151873767258383,0.9184967956592792,0.9212720612720613,0.9856743256743257,0.06609594484995945,0.10963503649635037,ItalyPowerDemand,3,5,5.0,55,219,KNNOR-raw (M=1),0.645,0.10798183918896775,60.0,1.0,24.0,1.09814746139876,0.11726492968717195,0.2685644741507809,0.9690265486725663,
0.944337811900192,0.9458041311738147,0.9469130869130868,0.9884115884115884,0.053908556366585564,0.09344282238442822,ItalyPowerDemand,3,5,5.0,55,219,chain-mean-GPF (PSSTO-style),0.645,0.10798183918896775,60.0,1.0,24.0,0.18724056711949721,0.01659507369971913,0.7482231644375981,,
0.9151873767258383,0.9184967956592792,0.9212720612720613,0.984941724941725,0.06793359691808598,0.11231751824817517,ItalyPowerDemand,3,5,5.0,55,219,KNNOR-GPF (M=1),0.645,0.10798183918896775,60.0,1.0,24.0,0.8917965255972184,0.09449021122555368,0.3065376911986512,1.0,1.0
0.92578125,0.9283416299068904,0.9304295704295704,0.9843156843156844,0.05978807785888079,0.08849148418491481,ItalyPowerDemand,3,5,5.0,55,219,KNNOR-GPF (M=3/2),0.645,0.10798183918896775,60.0,1.0,24.0,0.7248806387070417,0.06867552578638492,0.41365318386511907,1.0,1.5
0.9341085271317829,0.936142957225891,0.9377555777555777,0.9860339660339661,0.05524160583941606,0.0831995133819951,ItalyPowerDemand,3,5,5.0,55,219,KNNOR-GPF (M calibrated),0.645,0.10798183918896775,60.0,1.0,24.0,0.5982695535243501,0.05054123131827204,0.5259191945721242,0.9909502262443439,2.0
0.9369024856596558,0.9386793281621159,0.9396270396270396,0.9840093240093241,0.052610685320356856,0.07462895377128954,ItalyPowerDemand,3,5,5.0,55,219,hybrid GPF-nbrs/raw-walk (M calibrated),0.645,0.10798183918896775,60.0,1.0,24.0,0.46273310512047416,0.03571690065775501,0.6503983335710045,0.85546875,2.0
0.9215686274509803,0.9244162777371754,0.9267665667665668,0.9866133866133866,0.06726749797242498,0.10686739659367395,ItalyPowerDemand,3,5,5.0,55,219,hybrid GPF-nbrs/raw-walk (M=1),0.645,0.10798183918896775,60.0,1.0,24.0,1.003230579328477,0.09849898937767376,0.32032126505797515,0.85546875,1.0
0.9263565891472868,0.928829339934922,0.9304562104562104,0.9896037296037296,0.0578118207623682,0.10561435523114357,ItalyPowerDemand,3,10,10.1,27,247,none (raw-flat RF),0.645,0.23904497290724436,,,,,,,,
0.8607068607068608,0.8691861224642944,0.8773026973026973,0.9813120213120213,0.10132840632603407,0.1707846715328467,ItalyPowerDemand,3,10,10.1,27,247,none,0.645,0.23904497290724436,60.0,1.0,24.0,,,,,
0.9233791748526523,0.9261078002455533,0.9285847485847486,0.9864801864801865,0.06594213300892132,0.10930656934306568,ItalyPowerDemand,3,10,10.1,27,247,SMOTE-raw,0.645,0.23904497290724436,60.0,1.0,24.0,0.2255610180862746,0.019718777664466725,0.6759669728394601,,
0.9018036072144289,0.9061891751609159,0.9102697302697302,0.9855211455211454,0.08113120437956205,0.1285948905109489,ItalyPowerDemand,3,10,10.1,27,247,KNNOR-raw (M=1),0.645,0.23904497290724436,60.0,1.0,24.0,0.9685875606609375,0.11086628316426872,0.3079557853803573,1.0,
0.9169960474308301,0.9201774865354002,0.923090243090243,0.9860805860805862,0.07353015004055151,0.12920316301703164,ItalyPowerDemand,3,10,10.1,27,247,chain-mean-GPF (PSSTO-style),0.645,0.23904497290724436,60.0,1.0,24.0,0.2775585472539497,0.024352120740757544,0.6262173670023019,,
0.8816326530612245,0.887880435831125,0.8937862137862138,0.9874259074259074,0.08762114760746148,0.14911800486618007,ItalyPowerDemand,3,10,10.1,27,247,KNNOR-GPF (M=1),0.645,0.23904497290724436,60.0,1.0,24.0,1.3718081634485166,0.1648076465292636,0.162224941983901,1.0,1.0
0.8995983935742972,0.9041731789481136,0.9084382284382284,0.9850882450882451,0.07914158556366585,0.12937347931873475,ItalyPowerDemand,3,10,10.1,27,247,KNNOR-GPF (M=3/2),0.645,0.23904497290724436,60.0,1.0,24.0,1.2403264457452678,0.1303072357954197,0.21423703301236993,0.9919678714859438,1.5
0.900398406374502,0.9048800245379819,0.9084648684648684,0.9857342657342657,0.07061370640713707,0.1070802919708029,ItalyPowerDemand,3,10,10.1,27,247,KNNOR-GPF (M calibrated),0.645,0.23904497290724436,60.0,1.0,24.0,1.0075943053506826,0.09091644572354052,0.2982157238327455,0.96484375,2.1999999999999997
0.9076620825147348,0.9114654303752999,0.913986013986014,0.9816383616383617,0.06587187753446877,0.08788929440389287,ItalyPowerDemand,3,10,10.1,27,247,hybrid GPF-nbrs/raw-walk (M calibrated),0.645,0.23904497290724436,60.0,1.0,24.0,0.7914492933373616,0.05886459089178442,0.5839644872848848,0.771875,2.1999999999999997
0.8683127572016461,0.8759410523960658,0.8828105228105227,0.9846153846153844,0.09269460665044606,0.15362530413625303,ItalyPowerDemand,3,10,10.1,27,247,hybrid GPF-nbrs/raw-walk (M=1),0.645,0.23904497290724436,60.0,1.0,24.0,1.5401133868678265,0.168072170527633,0.17098716917857826,0.96484375,1.0
0.8207343412526998,0.834248581641405,0.847985347985348,0.9892107892107892,0.09877266828872669,0.17261557177615577,ItalyPowerDemand,3,20,19.6,14,260,none (raw-flat RF),0.645,0.5850042790712475,,,,,,,,
0.6246851385390428,0.6739528575593802,0.7271062271062271,0.9791475191475192,0.15883564476885645,0.24372262773722628,ItalyPowerDemand,3,20,19.6,14,260,none,0.645,0.5850042790712475,60.0,1.0,24.0,,,,,
0.8,0.816496580927726,0.8333333333333333,0.9792474192474193,0.10756147607461476,0.16794403892944038,ItalyPowerDemand,3,20,19.6,14,260,SMOTE-raw,0.645,0.5850042790712475,60.0,1.0,24.0,0.4447021515503664,0.043050925891126135,0.6429930846385754,,
0.7920353982300885,0.8097392516592337,0.8278388278388278,0.9813852813852814,0.11281131386861314,0.18194647201946468,ItalyPowerDemand,3,20,19.6,14,260,KNNOR-raw (M=1),0.645,0.5850042790712475,60.0,1.0,24.0,1.1446802805687426,0.13312227904882867,0.2956094783311998,0.9523809523809523,
0.759090909090909,0.7821263399998825,0.8058608058608059,0.9813653013653014,0.11823177210056773,0.18961678832116788,ItalyPowerDemand,3,20,19.6,14,260,chain-mean-GPF (PSSTO-style),0.645,0.5850042790712475,60.0,1.0,24.0,0.6773531766310406,0.06937043148843947,0.5449523488703996,,
0.7619047619047619,0.7844645405527362,0.8076923076923077,0.9824908424908425,0.11518813868613137,0.18583333333333332,ItalyPowerDemand,3,20,19.6,14,260,KNNOR-GPF (M=1),0.645,0.5850042790712475,60.0,1.0,24.0,1.104258794285892,0.14213797210820223,0.2643704046024403,0.9252669039145908,1.0
0.8407643312101911,0.8516306272526402,0.8626373626373627,0.9842091242091242,0.09408004866180049,0.1552311435523114,ItalyPowerDemand,3,20,19.6,14,260,KNNOR-GPF (M=3/2),0.645,0.5850042790712475,60.0,1.0,24.0,1.0648540718609034,0.12256248223893773,0.3111537740974909,0.87248322147651,1.5
0.8583333333333333,0.8670840973255315,0.8754711954711955,0.9822644022644023,0.08744845904298458,0.14153284671532843,ItalyPowerDemand,3,20,19.6,14,260,KNNOR-GPF (M calibrated),0.645,0.5850042790712475,60.0,1.0,24.0,0.9300219596603974,0.1007190609845181,0.37746573643703113,0.9027777777777778,1.7999999999999998
0.821505376344086,0.8349189044988603,0.847998667998668,0.9816916416916418,0.09129517437145174,0.13794403892944038,ItalyPowerDemand,3,20,19.6,14,260,hybrid GPF-nbrs/raw-walk (M calibrated),0.645,0.5850042790712475,60.0,1.0,24.0,0.9938402971484184,0.09417802342655335,0.47951855417366407,0.5803571428571429,1.7999999999999998
0.7647058823529411,0.7867957924694432,0.8095238095238095,0.9819314019314018,0.12188077858880779,0.1912043795620438,ItalyPowerDemand,3,20,19.6,14,260,hybrid GPF-nbrs/raw-walk (M=1),0.645,0.5850042790712475,60.0,1.0,24.0,1.1079699336307556,0.1210966600358615,0.3387185037747287,0.8125,1.0
0.9607476635514018,0.9613925963287445,0.9616050616050615,0.994025974025974,0.04038444849959448,0.07375304136253041,ItalyPowerDemand,4,5,5.0,55,219,none (raw-flat RF),0.645,0.12034935568701854,,,,,,,,
0.9266409266409267,0.9290515933665165,0.9304695304695305,0.9905760905760906,0.062437530413625306,0.1213199513381995,ItalyPowerDemand,4,5,5.0,55,219,none,0.645,0.12034935568701854,60.0,1.0,24.0,,,,,
0.9607476635514018,0.9613925963287445,0.9616050616050615,0.9906293706293705,0.04677372262773722,0.09514598540145981,ItalyPowerDemand,4,5,5.0,55,219,SMOTE-raw,0.645,0.12034935568701854,60.0,1.0,24.0,0.14933469702667068,0.012610957904363285,0.8290075628170203,,
0.9330783938814532,0.9350253441872013,0.935977355977356,0.9889377289377288,0.05710549472830495,0.0992639902676399,ItalyPowerDemand,4,5,5.0,55,219,KNNOR-raw (M=1),0.645,0.12034935568701854,60.0,1.0,24.0,0.661031757699579,0.0686279463813182,0.4204865638468923,1.0,
0.946969696969697,0.9482093118615209,0.9487845487845488,0.9905827505827507,0.05187291159772912,0.10922141119221414,ItalyPowerDemand,4,5,5.0,55,219,chain-mean-GPF (PSSTO-style),0.645,0.12034935568701854,60.0,1.0,24.0,0.2286219794980333,0.021951021176624175,0.7142412418879652,,
0.9348659003831418,0.9367616972968512,0.9377955377955378,0.9895038295038295,0.05583552311435523,0.10236009732360095,ItalyPowerDemand,4,5,5.0,55,219,KNNOR-GPF (M=1),0.645,0.12034935568701854,60.0,1.0,24.0,0.8094185277758541,0.08866999336809689,0.29491002692352986,1.0,1.0
0.9411764705882353,0.9426583307883767,0.9433033633033633,0.9879720279720281,0.05316038118410381,0.0854379562043795,ItalyPowerDemand,4,5,5.0,55,219,KNNOR-GPF (M=3/2),0.645,0.12034935568701854,60.0,1.0,24.0,0.7369836758515298,0.06762280667990572,0.37408361376145155,1.0,1.5
0.941398865784499,0.9427996228632725,0.9433166833166833,0.9889110889110889,0.05059981751824817,0.08422749391727495,ItalyPowerDemand,4,5,5.0,55,219,KNNOR-GPF (M calibrated),0.645,0.12034935568701854,60.0,1.0,24.0,0.6889431866928959,0.0568216966144951,0.43218144208078635,1.0,1.7999999999999998
0.9489603024574669,0.9501038378500019,0.9506160506160506,0.9876856476856477,0.05259255879967559,0.08212287104622876,ItalyPowerDemand,4,5,5.0,55,219,hybrid GPF-nbrs/raw-walk (M calibrated),0.645,0.12034935568701854,60.0,1.0,24.0,0.6717651228140689,0.05215329175011474,0.4698551987831523,0.85546875,1.7999999999999998
0.9369024856596558,0.9386793281621159,0.9396270396270396,0.9893306693306694,0.05679476885644769,0.10379562043795622,ItalyPowerDemand,4,5,5.0,55,219,hybrid GPF-nbrs/raw-walk (M=1),0.645,0.12034935568701854,60.0,1.0,24.0,0.9112632212096798,0.0910257722748331,0.31228797952241577,0.85546875,1.0
0.9302325581395349,0.9324861765894814,0.9341058941058942,0.9931934731934732,0.05754188969991889,0.11734793187347935,ItalyPowerDemand,4,10,10.1,27,247,none (raw-flat RF),0.645,0.41892277619944274,,,,,,,,
0.8403361344537815,0.8512395224663412,0.8608458208458208,0.9862803862803862,0.09848142741281428,0.16378345498783456,ItalyPowerDemand,4,10,10.1,27,247,none,0.645,0.41892277619944274,60.0,1.0,24.0,,,,,
0.9221789883268483,0.9249348601412402,0.9267932067932068,0.9871728271728273,0.06976155717761558,0.12171532846715327,ItalyPowerDemand,4,10,10.1,27,247,SMOTE-raw,0.645,0.41892277619944274,60.0,1.0,24.0,0.5533859694477066,0.057414042896461015,0.6947342629721289,,
0.9065606361829026,0.9105442927671937,0.913946053946054,0.9866400266400267,0.07827710867802108,0.13449513381995132,ItalyPowerDemand,4,10,10.1,27,247,KNNOR-raw (M=1),0.645,0.41892277619944274,60.0,1.0,24.0,1.1882995119035353,0.13496633915243061,0.35530619687653536,0.8821428571428571,
0.8744939271255061,0.8813757296540317,0.8865134865134865,0.986999666999667,0.08475717761557178,0.15253041362530412,ItalyPowerDemand,4,10,10.1,27,247,chain-mean-GPF (PSSTO-style),0.645,0.41892277619944274,60.0,1.0,24.0,0.5964106811248318,0.06574651909628382,0.617414701139163,,
0.8968253968253969,0.9015471217785639,0.9048285048285047,0.9848218448218449,0.0825183901054339,0.1393734793187348,ItalyPowerDemand,4,10,10.1,27,247,KNNOR-GPF (M=1),0.645,0.41892277619944274,60.0,1.0,24.0,0.9243002271738412,0.11853431815403104,0.3230232329287638,0.8487972508591065,1.0
0.9227799227799228,0.92539557831069,0.9268198468198467,0.9859873459873459,0.06702297242497973,0.11857055961070556,ItalyPowerDemand,4,10,10.1,27,247,KNNOR-GPF (M=3/2),0.645,0.41892277619944274,60.0,1.0,24.0,0.8456526974160976,0.09777792330402302,0.40619567053124045,0.7916666666666666,1.5
0.9328214971209213,0.9348401328174105,0.935964035964036,0.9853479853479853,0.060467457420924575,0.1044221411192214,ItalyPowerDemand,4,10,10.1,27,247,KNNOR-GPF (M calibrated),0.645,0.41892277619944274,60.0,1.0,24.0,0.748399755286357,0.07932120446309521,0.527811705654242,0.7243401759530792,2.0
0.9300567107750473,0.9318431565084697,0.9323676323676324,0.9828638028638028,0.0573558799675588,0.0737226277372263,ItalyPowerDemand,4,10,10.1,27,247,hybrid GPF-nbrs/raw-walk (M calibrated),0.645,0.41892277619944274,60.0,1.0,24.0,0.5801577629955563,0.052209229462662154,0.8769334686285986,0.6432291666666666,2.0
0.9007936507936508,0.9052111684061678,0.9084781884781885,0.9861938061938061,0.0769315896188159,0.13315085158150852,ItalyPowerDemand,4,10,10.1,27,247,hybrid GPF-nbrs/raw-walk (M=1),0.645,0.41892277619944274,60.0,1.0,24.0,0.9437153002346736,0.10764810751986109,0.3611386045643957,0.771875,1.0
0.8947368421052632,0.8997354108424374,0.9047619047619048,0.9942257742257743,0.08988832116788321,0.17534063260340635,ItalyPowerDemand,4,20,19.6,14,260,none (raw-flat RF),0.645,0.8780050035607303,,,,,,,,
0.69377990430622,0.7287904576320489,0.7655677655677655,0.9860606060606061,0.15311551094890513,0.2414537712895377,ItalyPowerDemand,4,20,19.6,14,260,none,0.645,0.8780050035607303,60.0,1.0,24.0,,,,,
0.816414686825054,0.8305360978248988,0.8443356643356643,0.9877988677988677,0.10531763990267638,0.1743065693430657,ItalyPowerDemand,4,20,19.6,14,260,SMOTE-raw,0.645,0.8780050035607303,60.0,1.0,24.0,1.0222033378187216,0.09243793113337362,0.6153845632905556,,
0.7373271889400922,0.7641658091994066,0.7912221112221112,0.9853546453546453,0.1386978102189781,0.21855231143552314,ItalyPowerDemand,4,20,19.6,14,260,KNNOR-raw (M=1),0.645,0.8780050035607303,60.0,1.0,24.0,2.2804322301027806,0.2632953477993275,0.213281131275209,1.0,
0.7982456140350878,0.8150106896491752,0.8315151515151515,0.9884249084249084,0.1071778588807786,0.18754257907542576,ItalyPowerDemand,4,20,19.6,14,260,chain-mean-GPF (PSSTO-style),0.645,0.8780050035607303,60.0,1.0,24.0,1.1106029123213705,0.12643245517458634,0.42452367396788654,,
0.8061002178649237,0.8217003560857663,0.837009657009657,0.986033966033966,0.11420150040551501,0.18448905109489055,ItalyPowerDemand,4,20,19.6,14,260,KNNOR-GPF (M=1),0.645,0.8780050035607303,60.0,1.0,24.0,2.0462597574742443,0.3029635300922787,0.1189689436253545,1.0,1.0
0.8172043010752689,0.8312094145936335,0.8443489843489843,0.9838228438228438,0.10847885239253853,0.1695316301703163,ItalyPowerDemand,4,20,19.6,14,260,KNNOR-GPF (M=3/2),0.645,0.8780050035607303,60.0,1.0,24.0,1.836506342867649,0.24939653609015155,0.1782745527728052,0.9961685823754789,1.5
0.8392484342379958,0.850221808046067,0.8590409590409591,0.9808524808524809,0.09941717356042175,0.1487530413625304,ItalyPowerDemand,4,20,19.6,14,260,KNNOR-GPF (M calibrated),0.645,0.8780050035607303,60.0,1.0,24.0,1.4322443915179601,0.16962351918963892,0.31533296331704613,0.9885931558935361,2.1999999999999997
0.8565573770491803,0.8653695562385292,0.8718747918747918,0.983842823842824,0.09072439172749391,0.14431265206812652,ItalyPowerDemand,4,20,19.6,14,260,hybrid GPF-nbrs/raw-walk (M calibrated),0.645,0.8780050035607303,60.0,1.0,24.0,1.1902934052700243,0.11254000028994604,0.5574189901769483,0.6770833333333334,2.1999999999999997
0.8061002178649237,0.8217003560857663,0.837009657009657,0.9827838827838827,0.1235242497972425,0.19611922141119223,ItalyPowerDemand,4,20,19.6,14,260,hybrid GPF-nbrs/raw-walk (M=1),0.645,0.8780050035607303,60.0,1.0,24.0,2.1712449805278506,0.2765378844643436,0.1598608440281466,0.8125,1.0
0.7575757575757576,0.7808688094430303,0.8048780487804879,0.94765478424015,0.11934884696016772,0.14930817610062894,ArrowHead,0,5,5.0,13,52,none (raw-flat RF),0.826,0.8364140587989581,,,,,,,,
0.7887323943661971,0.8135807864373628,0.826078799249531,0.9309568480300188,0.114729035639413,0.10449685534591194,ArrowHead,0,5,5.0,13,52,none,0.826,0.8364140587989581,60.0,1.0,251.0,,,,,
0.8108108108108109,0.8354257657813363,0.8427767354596623,0.9378986866791745,0.10288815513626834,0.08040880503144651,ArrowHead,0,5,5.0,13,52,SMOTE-raw,0.826,0.8364140587989581,60.0,1.0,251.0,1.2293601617342453,0.10357862546603647,0.4263130280510547,,
0.8055555555555556,0.8279815643595723,0.8382739212007504,0.9395872420262664,0.11135000000000002,0.11877358490566038,ArrowHead,0,5,5.0,13,52,KNNOR-raw (M=1),0.826,0.8364140587989581,60.0,1.0,251.0,2.896950229095001,0.3324071379108653,0.09195999286787476,1.0,
0.7837837837837838,0.8147330045284267,0.8228893058161351,0.9330206378986867,0.10729811320754716,0.10823899371069182,ArrowHead,0,5,5.0,13,52,chain-mean-GPF (PSSTO-style),0.826,0.8364140587989581,60.0,1.0,251.0,0.9640790667827854,0.09094051748703036,0.4550752769855647,,
0.7945205479452054,0.8213839965531475,0.8305816135084427,0.9380863039399624,0.11042075471698114,0.09899371069182387,ArrowHead,0,5,5.0,13,52,KNNOR-GPF (M=1),0.826,0.8364140587989581,60.0,1.0,251.0,1.8992518028794532,0.2589697738502388,0.13610326668118003,1.0,1.0
0.8055555555555556,0.8279815643595723,0.8382739212007504,0.9358348968105066,0.10812127882599579,0.09317610062893084,ArrowHead,0,5,5.0,13,52,KNNOR-GPF (M=3/2),0.826,0.8364140587989581,60.0,1.0,251.0,1.7428894293232773,0.20844586066688786,0.21047727580673065,0.9811320754716981,1.5
0.8108108108108109,0.8354257657813363,0.8427767354596623,0.9315196998123827,0.10543259958071279,0.09525157232704401,ArrowHead,0,5,5.0,13,52,KNNOR-GPF (M calibrated),0.826,0.8364140587989581,60.0,1.0,251.0,1.4356817917917972,0.14160593720827186,0.3516098504751122,0.9811320754716981,2.1999999999999997
0.7894736842105263,0.8218407016184907,0.8273921200750469,0.9326454033771107,0.1076572327044025,0.10188679245283018,ArrowHead,0,5,5.0,13,52,hybrid GPF-nbrs/raw-walk (M calibrated),0.826,0.8364140587989581,60.0,1.0,251.0,3.7603739442361235,0.1450200878397585,1.5988458302395472,0.8125,2.1999999999999997
0.8055555555555556,0.8279815643595723,0.8382739212007504,0.9409005628517824,0.111767714884696,0.12163522012578619,ArrowHead,0,5,5.0,13,52,hybrid GPF-nbrs/raw-walk (M=1),0.826,0.8364140587989581,60.0,1.0,251.0,2.306816484839226,0.26797614363331124,0.1533799559120194,0.8125,1.0
0.5357142857142857,0.6048583789091339,0.6829268292682926,0.9626641651031895,0.1503808176100629,0.195188679245283,ArrowHead,0,10,10.8,6,59,none (raw-flat RF),0.826,2.1538217114618803,,,,,,,,
0.696969696969697,0.7373702067235984,0.7651031894934335,0.9382739212007505,0.13497872117400422,0.17216981132075473,ArrowHead,0,10,10.8,6,59,none,0.826,2.1538217114618803,60.0,1.0,251.0,,,,,
0.821917808219178,0.8421361206946366,0.8504690431519699,0.9433395872420263,0.10784517819706499,0.10399371069182389,ArrowHead,0,10,10.8,6,59,SMOTE-raw,0.826,2.1538217114618803,60.0,1.0,251.0,1.8685644555287908,0.11026016845233844,0.5572965446066028,,
0.7837837837837838,0.8147330045284267,0.8228893058161351,0.9418386491557224,0.1163509433962264,0.10723270440251571,ArrowHead,0,10,10.8,6,59,KNNOR-raw (M=1),0.826,2.1538217114618803,60.0,1.0,251.0,3.8530207222201547,0.33448653514283,0.15355501312191305,0.6781609195402298,
0.7671232876712328,0.8005626539202179,0.8106941838649155,0.9420262664165103,0.11106362683438156,0.10279874213836478,ArrowHead,0,10,10.8,6,59,chain-mean-GPF (PSSTO-style),0.826,2.1538217114618803,60.0,1.0,251.0,3.041699024402998,0.2711854382269786,0.2961440961458259,,
0.7945205479452054,0.8213839965531475,0.8305816135084427,0.9409005628517824,0.11605503144654089,0.12437106918238992,ArrowHead,0,10,10.8,6,59,KNNOR-GPF (M=1),0.826,2.1538217114618803,60.0,1.0,251.0,3.324404369661414,0.34235348132210364,0.13484988407052279,0.7662337662337663,1.0
0.7777777777777778,0.8070979676940774,0.8183864915572233,0.9392120075046905,0.11712285115303984,0.1057861635220126,ArrowHead,0,10,10.8,6,59,KNNOR-GPF (M=3/2),0.826,2.1538217114618803,60.0,1.0,251.0,3.1598165749270315,0.2956828330170306,0.19019745978056507,0.7662337662337663,1.5
0.7777777777777778,0.8070979676940774,0.8183864915572233,0.9388367729831144,0.11815041928721173,0.1081446540880503,ArrowHead,0,10,10.8,6,59,KNNOR-GPF (M calibrated),0.826,2.1538217114618803,60.0,1.0,251.0,3.2141833248142397,0.3020077122189423,0.18298339800652175,0.7763157894736842,1.4
0.8,0.8286610733490819,0.8350844277673546,0.9461538461538461,0.10878962264150942,0.09449685534591193,ArrowHead,0,10,10.8,6,59,hybrid GPF-nbrs/raw-walk (M calibrated),0.826,2.1538217114618803,60.0,1.0,251.0,17.749996979412316,0.5856472462080927,1.4474196681910214,0.4609375,1.4
0.7733333333333333,0.8080272690585473,0.8151969981238274,0.9429643527204503,0.11639570230607967,0.10996855345911948,ArrowHead,0,10,10.8,6,59,hybrid GPF-nbrs/raw-walk (M=1),0.826,2.1538217114618803,60.0,1.0,251.0,10.8441933608972,0.5083173570391197,0.6349787304936848,0.4609375,1.0
0.6333333333333333,0.6807456457050177,0.7317073170731707,0.9200750469043151,0.17511677148846957,0.18993710691823898,ArrowHead,0,20,16.2,4,61,none (raw-flat RF),0.826,2.3685891780085093,,,,,,,,
0.6101694915254238,0.6625891564490792,0.7195121951219512,0.8772983114446529,0.17108427672955975,0.1551572327044025,ArrowHead,0,20,16.2,4,61,none,0.826,2.3685891780085093,60.0,1.0,251.0,,,,,
0.6774193548387096,0.7156780854205468,0.7560975609756098,0.9358348968105066,0.13614025157232704,0.1548427672955975,ArrowHead,0,20,16.2,4,61,SMOTE-raw,0.826,2.3685891780085093,60.0,1.0,251.0,2.233575327063516,0.1362191474230957,0.5463254746655283,,
0.6774193548387096,0.7156780854205468,0.7560975609756098,0.9151969981238274,0.14581069182389939,0.15251572327044027,ArrowHead,0,20,16.2,4,61,KNNOR-raw (M=1),0.826,2.3685891780085093,60.0,1.0,251.0,4.211462145840773,0.40019233488742156,0.13260071924218714,0.2147887323943662,
0.7076923076923077,0.7431993109253062,0.7727954971857411,0.9356472795497186,0.12809675052410902,0.1429245283018868,ArrowHead,0,20,16.2,4,61,chain-mean-GPF (PSSTO-style),0.826,2.3685891780085093,60.0,1.0,251.0,2.8410702162497437,0.2724444665931288,0.21591506951749578,,
0.6451612903225806,0.693036930918736,0.7362101313320826,0.9133208255159475,0.14042327044025157,0.14150943396226415,ArrowHead,0,20,16.2,4,61,KNNOR-GPF (M=1),0.826,2.3685891780085093,60.0,1.0,251.0,3.954248033311309,0.4069219742103891,0.12414213837556484,0.48412698412698413,1.0
0.6666666666666666,0.7101515310116031,0.7484052532833021,0.9118198874296435,0.13555041928721173,0.1369496855345912,ArrowHead,0,20,16.2,4,61,KNNOR-GPF (M=3/2),0.826,2.3685891780085093,60.0,1.0,251.0,3.7868713993993524,0.33315418921124484,0.20349236980587626,0.5545454545454546,1.5
0.6666666666666666,0.7101515310116031,0.7484052532833021,0.922138836772983,0.13440618448637318,0.15160377358490568,ArrowHead,0,20,16.2,4,61,KNNOR-GPF (M calibrated),0.826,2.3685891780085093,60.0,1.0,251.0,3.7033289643205336,0.3065769247765816,0.2378988308582809,0.5213675213675214,1.5999999999999999
0.6666666666666666,0.7101515310116031,0.7484052532833021,0.8885553470919325,0.14744874213836476,0.13820754716981132,ArrowHead,0,20,16.2,4,61,hybrid GPF-nbrs/raw-walk (M calibrated),0.826,2.3685891780085093,60.0,1.0,251.0,10.220085129794903,0.5097021825894372,0.49674390160573295,0.3177083333333333,1.5999999999999999
0.6451612903225806,0.693036930918736,0.7362101313320826,0.9166979362101313,0.14738626834381552,0.165062893081761,ArrowHead,0,20,16.2,4,61,hybrid GPF-nbrs/raw-walk (M=1),0.826,2.3685891780085093,60.0,1.0,251.0,5.433282627708717,0.49469877323153344,0.11752548548533477,0.3177083333333333,1.0
0.8,0.8200123551899478,0.8337711069418388,0.974296435272045,0.09825649895178197,0.13355345911949687,ArrowHead,1,5,5.0,13,52,none (raw-flat RF),0.826,1.2005406095057243,,,,,,,,
0.7076923076923077,0.7431993109253062,0.7727954971857411,0.9681050656660413,0.11245670859538784,0.15852201257861634,ArrowHead,1,5,5.0,13,52,none,0.826,1.2005406095057243,60.0,1.0,251.0,,,,,
0.868421052631579,0.8832398147482217,0.8870544090056285,0.9675422138836772,0.08227819706498951,0.10874213836477989,ArrowHead,1,5,5.0,13,52,SMOTE-raw,0.826,1.2005406095057243,60.0,1.0,251.0,0.8296248603703145,0.07585894707860896,0.5108605711544791,,
0.7272727272727273,0.7591839204966824,0.7849906191369607,0.9654784240150094,0.09979643605870023,0.10666666666666667,ArrowHead,1,5,5.0,13,52,KNNOR-raw (M=1),0.826,1.2005406095057243,60.0,1.0,251.0,2.2941206800985157,0.3036454333856785,0.13782754921032378,0.48598130841121495,
0.782608695652174,0.8052361475264893,0.8215759849906192,0.9628517823639775,0.09698092243186582,0.09685534591194969,ArrowHead,1,5,5.0,13,52,chain-mean-GPF (PSSTO-style),0.826,1.2005406095057243,60.0,1.0,251.0,1.6671659217074648,0.1489955910301567,0.49496469688851125,,
0.7536231884057971,0.7839860625938853,0.8016885553470919,0.9696060037523452,0.09696666666666667,0.10566037735849057,ArrowHead,1,5,5.0,13,52,KNNOR-GPF (M=1),0.826,1.2005406095057243,60.0,1.0,251.0,2.6241656097965276,0.28214251703441384,0.21445593358620238,0.7761194029850746,1.0
0.7536231884057971,0.7839860625938853,0.8016885553470919,0.9682926829268294,0.09778805031446543,0.10729559748427674,ArrowHead,1,5,5.0,13,52,KNNOR-GPF (M=3/2),0.826,1.2005406095057243,60.0,1.0,251.0,3.436604377866935,0.30039075125040615,0.2997100097899213,0.7222222222222222,1.5
0.7536231884057971,0.7839860625938853,0.8016885553470919,0.9647279549718574,0.09981100628930817,0.1122327044025157,ArrowHead,1,5,5.0,13,52,KNNOR-GPF (M calibrated),0.826,1.2005406095057243,60.0,1.0,251.0,5.108687528102685,0.3763318414792457,0.3915611701753361,0.6419753086419753,2.1999999999999997
0.7605633802816901,0.7925544707578142,0.8061913696060038,0.9634146341463415,0.09800293501048217,0.11377358490566036,ArrowHead,1,5,5.0,13,52,hybrid GPF-nbrs/raw-walk (M calibrated),0.826,1.2005406095057243,60.0,1.0,251.0,4.1034902324283,0.21227264948711588,1.0189848712979919,0.8125,2.1999999999999997
0.7536231884057971,0.7839860625938853,0.8016885553470919,0.9664165103189494,0.0998337526205451,0.12377358490566037,ArrowHead,1,5,5.0,13,52,hybrid GPF-nbrs/raw-walk (M=1),0.826,1.2005406095057243,60.0,1.0,251.0,3.5040350195171346,0.4075386541067042,0.13437517145986397,0.40625,1.0
0.5862068965517241,0.6439209162167846,0.7073170731707317,0.9444652908067542,0.14977358490566037,0.1959119496855346,ArrowHead,1,10,10.8,6,59,none (raw-flat RF),0.826,2.5439703687248265,,,,,,,,
0.576271186440678,0.6389484795151106,0.699624765478424,0.9174484052532832,0.1815904612159329,0.195691823899371,ArrowHead,1,10,10.8,6,59,none,0.826,2.5439703687248265,60.0,1.0,251.0,,,,,
0.6,0.6574725612947925,0.7118198874296435,0.924015009380863,0.17449203354297696,0.18855345911949684,ArrowHead,1,10,10.8,6,59,SMOTE-raw,0.826,2.5439703687248265,60.0,1.0,251.0,2.374557858978024,0.18002000664601292,0.5181321653024166,,
0.6,0.6574725612947925,0.7118198874296435,0.9281425891181989,0.18231184486373164,0.21411949685534593,ArrowHead,1,10,10.8,6,59,KNNOR-raw (M=1),0.826,2.5439703687248265,60.0,1.0,251.0,5.281549181158693,0.4866573741990659,0.15296677609270048,0.5412844036697247,
0.576271186440678,0.6389484795151106,0.699624765478424,0.9208255159474671,0.17491299790356393,0.18836477987421382,ArrowHead,1,10,10.8,6,59,chain-mean-GPF (PSSTO-style),0.826,2.5439703687248265,60.0,1.0,251.0,3.6682452957737723,0.35842684377937184,0.25728299424599993,,
0.6,0.6574725612947925,0.7118198874296435,0.925891181988743,0.1797101677148847,0.20965408805031446,ArrowHead,1,10,10.8,6,59,KNNOR-GPF (M=1),0.826,2.5439703687248265,60.0,1.0,251.0,4.037147392430885,0.4065436473638806,0.19601567289959654,0.8805970149253731,1.0
0.6229508196721312,0.6754888439022496,0.724015009380863,0.9279549718574109,0.1794653039832285,0.20084905660377358,ArrowHead,1,10,10.8,6,59,KNNOR-GPF (M=3/2),0.826,2.5439703687248265,60.0,1.0,251.0,4.385097596128382,0.3811597824510422,0.2864394133424336,0.8194444444444444,1.5
0.6229508196721312,0.6754888439022496,0.724015009380863,0.9285178236397749,0.1774812368972746,0.19141509433962267,ArrowHead,1,10,10.8,6,59,KNNOR-GPF (M calibrated),0.826,2.5439703687248265,60.0,1.0,251.0,4.56078267646139,0.3865245180713899,0.29782241436025836,0.7972972972972973,1.5999999999999999
0.6,0.6574725612947925,0.7118198874296435,0.9257035647279549,0.17465838574423478,0.1890251572327044,ArrowHead,1,10,10.8,6,59,hybrid GPF-nbrs/raw-walk (M calibrated),0.826,2.5439703687248265,60.0,1.0,251.0,12.583376208208774,0.5372405269637581,1.2255348112446944,0.4609375,1.5999999999999999
0.6,0.6574725612947925,0.7118198874296435,0.9390243902439024,0.17054926624737946,0.19955974842767293,ArrowHead,1,10,10.8,6,59,hybrid GPF-nbrs/raw-walk (M=1),0.826,2.5439703687248265,60.0,1.0,251.0,10.204063957828145,0.6399281109243684,0.3238273636962277,0.3072916666666667,1.0
0.047619047619047616,0.15617376188860607,0.5121951219512195,0.9579737335834896,0.20522777777777776,0.24688679245283018,ArrowHead,1,20,16.2,4,61,none (raw-flat RF),0.826,2.8640927156905036,,,,,,,,
0.047619047619047616,0.15617376188860607,0.5121951219512195,0.9393996247654784,0.2137566037735849,0.2431446540880503,ArrowHead,1,20,16.2,4,61,none,0.826,2.8640927156905036,60.0,1.0,251.0,,,,,
0.5263157894736842,0.6001875879364265,0.675234521575985,0.9191369606003752,0.15771446540880502,0.17484276729559747,ArrowHead,1,20,16.2,4,61,SMOTE-raw,0.826,2.8640927156905036,60.0,1.0,251.0,3.0185445639894333,0.23859605992867017,0.4132366584596579,,
0.047619047619047616,0.15617376188860607,0.5121951219512195,0.924015009380863,0.18399392033542977,0.20320754716981132,ArrowHead,1,20,16.2,4,61,KNNOR-raw (M=1),0.826,2.8640927156905036,60.0,1.0,251.0,7.693005242789766,0.7120612925694342,0.011119167861661363,0.048031496062992125,
0.7076923076923077,0.7431993109253062,0.7727954971857411,0.9585365853658536,0.12835817610062894,0.1667610062893082,ArrowHead,1,20,16.2,4,61,chain-mean-GPF (PSSTO-style),0.826,2.8640927156905036,60.0,1.0,251.0,2.740894725271847,0.3025697601880172,0.251674269980201,,
0.5862068965517241,0.6439209162167846,0.7073170731707317,0.9572232645403377,0.14609811320754718,0.18314465408805033,ArrowHead,1,20,16.2,4,61,KNNOR-GPF (M=1),0.826,2.8640927156905036,60.0,1.0,251.0,4.694979176382832,0.5871355389066736,0.04327794934637964,0.6039603960396039,1.0
0.6333333333333333,0.6807456457050177,0.7317073170731707,0.9585365853658536,0.1379066037735849,0.17632075471698114,ArrowHead,1,20,16.2,4,61,KNNOR-GPF (M=3/2),0.826,2.8640927156905036,60.0,1.0,251.0,4.711594836381709,0.578201809463144,0.05307215817839635,0.61,1.5
0.71875,0.7489830503797116,0.7804878048780488,0.9572232645403377,0.1314194968553459,0.17094339622641513,ArrowHead,1,20,16.2,4,61,KNNOR-GPF (M calibrated),0.826,2.8640927156905036,60.0,1.0,251.0,4.712008330717648,0.57651808917542,0.056600159282470176,0.5350877192982456,1.5999999999999999
0.13333333333333333,0.26841204917549644,0.5288930581613509,0.927016885553471,0.16737620545073376,0.19952830188679244,ArrowHead,1,20,16.2,4,61,hybrid GPF-nbrs/raw-walk (M calibrated),0.826,2.8640927156905036,60.0,1.0,251.0,9.037227229856018,0.6640446218132474,0.19525708986433454,0.13616071428571427,1.5999999999999999
0.0,0.0,0.5,0.951969981238274,0.17697631027253666,0.2142767295597484,ArrowHead,1,20,16.2,4,61,hybrid GPF-nbrs/raw-walk (M=1),0.826,2.8640927156905036,60.0,1.0,251.0,7.488874116593454,0.6055129065930606,0.11381732651643066,0.04765625,1.0
0.75,0.7861369200308858,0.798499061913696,0.9212007504690432,0.1205448637316562,0.10899371069182391,ArrowHead,2,5,5.0,13,52,none (raw-flat RF),0.826,1.2036073943329235,,,,,,,,
0.7654320987654321,0.8070979676940774,0.8088180112570357,0.927579737335835,0.11760450733752621,0.0970125786163522,ArrowHead,2,5,5.0,13,52,none,0.826,1.2036073943329235,60.0,1.0,251.0,,,,,
0.7804878048780488,0.8200123551899478,0.8210131332082552,0.9362101313320825,0.10816635220125785,0.0810377358490566,ArrowHead,2,5,5.0,13,52,SMOTE-raw,0.826,1.2036073943329235,60.0,1.0,251.0,1.9823783821108947,0.11952675739652896,0.7310900054209164,,
0.7560975609756098,0.7998592746771487,0.8011257035647279,0.9290806754221389,0.11306687631027254,0.10616352201257861,ArrowHead,2,5,5.0,13,52,KNNOR-raw (M=1),0.826,1.2036073943329235,60.0,1.0,251.0,5.916092999570857,0.4281853953541801,0.0872822489932878,1.0,
0.7804878048780488,0.8200123551899478,0.8210131332082552,0.9356472795497186,0.10864559748427671,0.10625786163522015,ArrowHead,2,5,5.0,13,52,chain-mean-GPF (PSSTO-style),0.826,1.2036073943329235,60.0,1.0,251.0,2.5098616610764033,0.17047919405037848,0.37153800678953935,,
0.7804878048780488,0.8200123551899478,0.8210131332082552,0.9350844277673546,0.10981457023060795,0.10216981132075473,ArrowHead,2,5,5.0,13,52,KNNOR-GPF (M=1),0.826,1.2036073943329235,60.0,1.0,251.0,3.792059144148382,0.3518844264810229,0.09495428247637534,1.0,1.0
0.7951807228915663,0.8327264832298901,0.8332082551594747,0.9439024390243903,0.1001482180293501,0.08471698113207549,ArrowHead,2,5,5.0,13,52,KNNOR-GPF (M=3/2),0.826,1.2036073943329235,60.0,1.0,251.0,3.2277288009745106,0.2726451432732113,0.16436155254666307,1.0,1.5
0.810126582278481,0.8416904280882964,0.8440900562851783,0.9373358348968105,0.10195534591194967,0.0827672955974843,ArrowHead,2,5,5.0,13,52,KNNOR-GPF (M calibrated),0.826,1.2036073943329235,60.0,1.0,251.0,2.4604412126063444,0.18748203945333497,0.3109678514161411,0.9811320754716981,2.4
0.7710843373493976,0.8126578357302252,0.8133208255159474,0.9356472795497186,0.10496530398322852,0.08405660377358487,ArrowHead,2,5,5.0,13,52,hybrid GPF-nbrs/raw-walk (M calibrated),0.826,1.2036073943329235,60.0,1.0,251.0,2.027242742188772,0.0666496824819437,2.096937001803502,0.8125,2.4
0.7654320987654321,0.8070979676940774,0.8088180112570357,0.9279549718574108,0.11419213836477989,0.10789308176100629,ArrowHead,2,5,5.0,13,52,hybrid GPF-nbrs/raw-walk (M=1),0.826,1.2036073943329235,60.0,1.0,251.0,4.945473103189137,0.3633290377204359,0.1319807290958219,0.8125,1.0
0.6774193548387096,0.7156780854205468,0.7560975609756098,0.8754221388367729,0.15492851153039833,0.15144654088050316,ArrowHead,2,10,10.8,6,59,none (raw-flat RF),0.826,1.8895476126752637,,,,,,,,
0.65625,0.7045816290856781,0.7407129455909944,0.8979362101313321,0.13821362683438154,0.11528301886792454,ArrowHead,2,10,10.8,6,59,none,0.826,1.8895476126752637,60.0,1.0,251.0,,,,,
0.7761194029850746,0.7963330593811955,0.8170731707317074,0.9335834896810506,0.10821572327044027,0.10452830188679246,ArrowHead,2,10,10.8,6,59,SMOTE-raw,0.826,1.8895476126752637,60.0,1.0,251.0,2.752209625914496,0.14370747285445895,0.5560482566864878,,
0.8108108108108109,0.8354257657813363,0.8427767354596623,0.9172607879924953,0.1160398322851153,0.11245283018867926,ArrowHead,2,10,10.8,6,59,KNNOR-raw (M=1),0.826,1.8895476126752637,60.0,1.0,251.0,5.324378025680652,0.49034261093328185,0.08920818578053706,0.14460784313725492,
0.7567567567567568,0.7939735488337473,0.8030018761726079,0.9255159474671669,0.10726624737945493,0.10000000000000002,ArrowHead,2,10,10.8,6,59,chain-mean-GPF (PSSTO-style),0.826,1.8895476126752637,60.0,1.0,251.0,2.875257622475303,0.2635269091370689,0.25222235883452965,,
0.7733333333333333,0.8080272690585473,0.8151969981238274,0.9159474671669795,0.1155455974842767,0.13889937106918238,ArrowHead,2,10,10.8,6,59,KNNOR-GPF (M=1),0.826,1.8895476126752637,60.0,1.0,251.0,3.7175550137939197,0.4184588274936517,0.12350378815195849,0.3259668508287293,1.0
0.7532467532467533,0.794446011564541,0.7998123827392121,0.9121951219512194,0.11702840670859539,0.09908805031446538,ArrowHead,2,10,10.8,6,59,KNNOR-GPF (M=3/2),0.826,1.8895476126752637,60.0,1.0,251.0,3.9891751878539523,0.41430293612670344,0.14096814389619955,0.30256410256410254,1.5
0.7532467532467533,0.794446011564541,0.7998123827392121,0.9099437148217636,0.11753333333333334,0.09836477987421384,ArrowHead,2,10,10.8,6,59,KNNOR-GPF (M calibrated),0.826,1.8895476126752637,60.0,1.0,251.0,3.88650799674339,0.4081085850165005,0.14177303094720847,0.3089005235602094,1.4
0.7323943661971831,0.7714414762115868,0.7863039399624765,0.8951219512195122,0.12903595387840672,0.10745283018867922,ArrowHead,2,10,10.8,6,59,hybrid GPF-nbrs/raw-walk (M calibrated),0.826,1.8895476126752637,60.0,1.0,251.0,8.358917347637785,0.4456815903768384,0.45541642840129704,0.4609375,1.4
0.7323943661971831,0.7714414762115868,0.7863039399624765,0.901688555347092,0.12747180293501048,0.08833333333333333,ArrowHead,2,10,10.8,6,59,hybrid GPF-nbrs/raw-walk (M=1),0.826,1.8895476126752637,60.0,1.0,251.0,5.415850706516629,0.4567305266372096,0.17834305287561547,0.4609375,1.0
0.5862068965517241,0.6439209162167846,0.7073170731707317,0.8938086303939963,0.17634601677148848,0.18594339622641512,ArrowHead,2,20,16.2,4,61,none (raw-flat RF),0.826,2.1891035391766795,,,,,,,,
0.5573770491803278,0.6288856698487318,0.6842401500938087,0.8889305816135085,0.1780069182389937,0.17823899371069182,ArrowHead,2,20,16.2,4,61,none,0.826,2.1891035391766795,60.0,1.0,251.0,,,,,
0.7466666666666667,0.7873293019083738,0.7953095684803002,0.9317073170731708,0.10890461215932914,0.10157232704402512,ArrowHead,2,20,16.2,4,61,SMOTE-raw,0.826,2.1891035391766795,60.0,1.0,251.0,1.8763632134138,0.13165806343103115,0.45349376316888335,,
0.6461538461538462,0.6989673433658632,0.7330206378986868,0.9009380863039399,0.15288909853249474,0.12459119496855348,ArrowHead,2,20,16.2,4,61,KNNOR-raw (M=1),0.826,2.1891035391766795,60.0,1.0,251.0,6.450210390461788,0.5697211603810511,0.06280182124213808,0.32105263157894737,
0.759493670886076,0.8010312302868935,0.8043151969981238,0.9290806754221389,0.11226687631027255,0.06748427672955976,ArrowHead,2,20,16.2,4,61,chain-mean-GPF (PSSTO-style),0.826,2.1891035391766795,60.0,1.0,251.0,2.7442886891750717,0.2555769315165606,0.23551546235898266,,
0.6666666666666666,0.7227215605153695,0.7388367729831145,0.900187617260788,0.15630964360587,0.13798742138364778,ArrowHead,2,20,16.2,4,61,KNNOR-GPF (M=1),0.826,2.1891035391766795,60.0,1.0,251.0,5.423631069104623,0.516026314865372,0.09692048057164115,0.4295774647887324,1.0
0.6666666666666666,0.7247953712644549,0.7356472795497186,0.9065666041275797,0.1489317610062893,0.13367924528301886,ArrowHead,2,20,16.2,4,61,KNNOR-GPF (M=3/2),0.826,2.1891035391766795,60.0,1.0,251.0,6.245190943883792,0.510641638094826,0.13500941959041585,0.40131578947368424,1.5
0.6753246753246753,0.7325198740332295,0.7401500938086304,0.9054409005628518,0.1495302935010482,0.1341823899371069,ArrowHead,2,20,16.2,4,61,KNNOR-GPF (M calibrated),0.826,2.1891035391766795,60.0,1.0,251.0,6.433086396606477,0.5156324209508445,0.14016886269575396,0.40131578947368424,1.5999999999999999
0.6842105263157895,0.7391491482878365,0.7478424015009382,0.8949343339587242,0.1568991614255765,0.14754716981132077,ArrowHead,2,20,16.2,4,61,hybrid GPF-nbrs/raw-walk (M calibrated),0.826,2.1891035391766795,60.0,1.0,251.0,11.381049706239939,0.4245154239084601,0.9382004310674075,0.23828125,1.5999999999999999
0.6486486486486487,0.7101515310116031,0.7234521575984991,0.8928705440900563,0.1550605870020964,0.15660377358490563,ArrowHead,2,20,16.2,4,61,hybrid GPF-nbrs/raw-walk (M=1),0.826,2.1891035391766795,60.0,1.0,251.0,7.510111797471016,0.5617139786064491,0.14227115877553156,0.13616071428571427,1.0
0.8266666666666667,0.8492353916724403,0.8549718574108818,0.9560975609756097,0.09609895178197064,0.11314465408805031,ArrowHead,3,5,5.0,13,52,none (raw-flat RF),0.826,0.9313839979034562,,,,,,,,
0.821917808219178,0.8421361206946366,0.8504690431519699,0.9611632270168856,0.10344067085953879,0.1341509433962264,ArrowHead,3,5,5.0,13,52,none,0.826,0.9313839979034562,60.0,1.0,251.0,,,,,
0.7837837837837838,0.8147330045284267,0.8228893058161351,0.9572232645403377,0.09133228511530399,0.10773584905660377,ArrowHead,3,5,5.0,13,52,SMOTE-raw,0.826,0.9313839979034562,60.0,1.0,251.0,1.3803634135304073,0.10638212009040571,0.573996767729922,,
0.8266666666666667,0.8492353916724403,0.8549718574108818,0.9589118198874296,0.09593280922431867,0.09437106918238991,ArrowHead,3,5,5.0,13,52,KNNOR-raw (M=1),0.826,0.9313839979034562,60.0,1.0,251.0,2.9911504030303817,0.2557822001397605,0.17254167304837684,1.0,
0.7894736842105263,0.8218407016184907,0.8273921200750469,0.9609756097560975,0.08907578616352202,0.0890880503144654,ArrowHead,3,5,5.0,13,52,chain-mean-GPF (PSSTO-style),0.826,0.9313839979034562,60.0,1.0,251.0,1.2974921167394342,0.10485728224855284,0.46798761109863823,,
0.821917808219178,0.8421361206946366,0.8504690431519699,0.9649155722326453,0.08781341719077568,0.08534591194968555,ArrowHead,3,5,5.0,13,52,KNNOR-GPF (M=1),0.826,0.9313839979034562,60.0,1.0,251.0,2.3120459044325194,0.24186155567709966,0.17854833778724064,1.0,1.0
0.8108108108108109,0.8354257657813363,0.8427767354596623,0.9652908067542214,0.0849746331236897,0.07987421383647797,ArrowHead,3,5,5.0,13,52,KNNOR-GPF (M=3/2),0.826,0.9313839979034562,60.0,1.0,251.0,1.984546833761609,0.18445368584038013,0.2695310650485121,1.0,1.5
0.8108108108108109,0.8354257657813363,0.8427767354596623,0.9643527204502814,0.08394549266247381,0.07459119496855346,ArrowHead,3,5,5.0,13,52,KNNOR-GPF (M calibrated),0.826,0.9313839979034562,60.0,1.0,251.0,1.574398958036209,0.1356036997270157,0.4007937668548915,0.9122807017543859,2.1999999999999997
0.8571428571428571,0.8762019351407901,0.8793621013133208,0.9682926829268292,0.07781572327044026,0.0660377358490566,ArrowHead,3,5,5.0,13,52,hybrid GPF-nbrs/raw-walk (M calibrated),0.826,0.9313839979034562,60.0,1.0,251.0,1.4903420196855262,0.07437205501020772,1.3691890428666875,0.8125,2.1999999999999997
0.8108108108108109,0.8354257657813363,0.8427767354596623,0.950844277673546,0.097866142557652,0.07808176100628932,ArrowHead,3,5,5.0,13,52,hybrid GPF-nbrs/raw-walk (M=1),0.826,0.9313839979034562,60.0,1.0,251.0,2.8397319590761203,0.2441724905844257,0.17775540493555714,0.8125,1.0
0.6349206349206349,0.6876012632229097,0.7285178236397749,0.9352720450281427,0.1420122641509434,0.16198113207547168,ArrowHead,3,10,10.8,6,59,none (raw-flat RF),0.826,1.7600696010033978,,,,,,,,
0.6,0.6574725612947925,0.7118198874296435,0.9131332082551595,0.1532738993710692,0.1701572327044025,ArrowHead,3,10,10.8,6,59,none,0.826,1.7600696010033978,60.0,1.0,251.0,,,,,
0.6865671641791045,0.7314946532732517,0.7574108818011258,0.923639774859287,0.14048459119496856,0.14386792452830188,ArrowHead,3,10,10.8,6,59,SMOTE-raw,0.826,1.7600696010033978,60.0,1.0,251.0,2.1165135790361322,0.22840553667921037,0.47875227568841977,,
0.6875,0.7268632652562563,0.7606003752345216,0.9287054409005628,0.14510796645702306,0.1783647798742138,ArrowHead,3,10,10.8,6,59,KNNOR-raw (M=1),0.826,1.7600696010033978,60.0,1.0,251.0,3.7833830575809664,0.4272023693261212,0.15853594919445133,0.39072847682119205,
0.696969696969697,0.7373702067235984,0.7651031894934335,0.9315196998123827,0.13703249475890986,0.1528930817610063,ArrowHead,3,10,10.8,6,59,chain-mean-GPF (PSSTO-style),0.826,1.7600696010033978,60.0,1.0,251.0,2.7263315895006865,0.35846825518008896,0.2595598749340261,,
0.6666666666666666,0.7101515310116031,0.7484052532833021,0.9347091932457786,0.1422940251572327,0.165062893081761,ArrowHead,3,10,10.8,6,59,KNNOR-GPF (M=1),0.826,1.7600696010033978,60.0,1.0,251.0,2.9373150768374217,0.3964259258205387,0.20485562902164742,0.7468354430379747,1.0
0.6666666666666666,0.7101515310116031,0.7484052532833021,0.923076923076923,0.14462044025157234,0.15657232704402516,ArrowHead,3,10,10.8,6,59,KNNOR-GPF (M=3/2),0.826,1.7600696010033978,60.0,1.0,251.0,2.7202108795309403,0.333708808577167,0.31396732906301245,0.6145833333333334,1.5
0.6666666666666666,0.7101515310116031,0.7484052532833021,0.9210131332082551,0.14201949685534587,0.15276729559748425,ArrowHead,3,10,10.8,6,59,KNNOR-GPF (M calibrated),0.826,1.7600696010033978,60.0,1.0,251.0,2.7332552554979763,0.34102387052056315,0.2978241448518986,0.6210526315789474,1.4
0.696969696969697,0.7373702067235984,0.7651031894934335,0.9257035647279549,0.13924129979035638,0.15025157232704406,ArrowHead,3,10,10.8,6,59,hybrid GPF-nbrs/raw-walk (M calibrated),0.826,1.7600696010033978,60.0,1.0,251.0,4.14361429388558,0.3382736595348309,0.6738970558642471,0.4609375,1.4
0.6875,0.7268632652562563,0.7606003752345216,0.9339587242026266,0.14357389937106918,0.16279874213836476,ArrowHead,3,10,10.8,6,59,hybrid GPF-nbrs/raw-walk (M=1),0.826,1.7600696010033978,60.0,1.0,251.0,3.3694241260078535,0.3615528421410187,0.35840975152236276,0.4609375,1.0
0.09302325581395349,0.2208630521496931,0.524390243902439,0.9478424015009381,0.19776341719077567,0.23084905660377358,ArrowHead,3,20,16.2,4,61,none (raw-flat RF),0.826,5.510254163336553,,,,,,,,
0.09302325581395349,0.2208630521496931,0.524390243902439,0.9555347091932458,0.19476174004192873,0.22877358490566035,ArrowHead,3,20,16.2,4,61,none,0.826,5.510254163336553,60.0,1.0,251.0,,,,,
0.2916666666666667,0.4131969352706687,0.5853658536585366,0.8739212007504691,0.23048721174004191,0.24723270440251577,ArrowHead,3,20,16.2,4,61,SMOTE-raw,0.826,5.510254163336553,60.0,1.0,251.0,6.306060440980998,0.39481847519090485,0.40730137947451467,,
0.17777777777777778,0.31234752377721214,0.5487804878048781,0.8878048780487805,0.21688553459119497,0.22547169811320752,ArrowHead,3,20,16.2,4,61,KNNOR-raw (M=1),0.826,5.510254163336553,60.0,1.0,251.0,8.210163020868096,0.6260647234726718,0.07786121707697859,0.45185185185185184,
0.39215686274509803,0.4938647983247948,0.6219512195121951,0.9228893058161352,0.19684339622641506,0.22182389937106917,ArrowHead,3,20,16.2,4,61,chain-mean-GPF (PSSTO-style),0.826,5.510254163336553,60.0,1.0,251.0,6.316304275366383,0.43198170481586495,0.31461755040069783,,
0.39215686274509803,0.4938647983247948,0.6219512195121951,0.9287054409005628,0.18534119496855345,0.2041823899371069,ArrowHead,3,20,16.2,4,61,KNNOR-GPF (M=1),0.826,5.510254163336553,60.0,1.0,251.0,6.954635873238724,0.6052180061110211,0.07559414690276504,1.0,1.0
0.36,0.4685212856658182,0.6097560975609756,0.9305816135084427,0.18112190775681342,0.20581761006289306,ArrowHead,3,20,16.2,4,61,KNNOR-GPF (M=3/2),0.826,5.510254163336553,60.0,1.0,251.0,6.677043750202701,0.5764250608653505,0.09612929115714455,0.9838709677419355,1.5
0.48148148148148145,0.563092506371473,0.6585365853658537,0.9362101313320824,0.17586844863731654,0.2014150943396226,ArrowHead,3,20,16.2,4,61,KNNOR-GPF (M calibrated),0.826,5.510254163336553,60.0,1.0,251.0,6.609910299082761,0.56706586270226,0.1038623729605802,0.9838709677419355,1.5999999999999999
0.36,0.4685212856658182,0.6097560975609756,0.9403377110694184,0.17134140461215935,0.2107232704402516,ArrowHead,3,20,16.2,4,61,hybrid GPF-nbrs/raw-walk (M calibrated),0.826,5.510254163336553,60.0,1.0,251.0,6.280616982353644,0.36129609121194417,1.0367967288730713,0.4765625,1.5999999999999999
0.17777777777777778,0.31234752377721214,0.5487804878048781,0.9076923076923077,0.2102383647798742,0.22666666666666666,ArrowHead,3,20,16.2,4,61,hybrid GPF-nbrs/raw-walk (M=1),0.826,5.510254163336553,60.0,1.0,251.0,6.875663232035668,0.43906567223015613,0.3937165047454932,0.953125,1.0
0.7536231884057971,0.7839860625938853,0.8016885553470919,0.9424015009380863,0.12298574423480083,0.129874213836478,ArrowHead,4,5,5.0,13,52,none (raw-flat RF),0.826,1.0344804758080546,,,,,,,,
0.8055555555555556,0.8279815643595723,0.8382739212007504,0.9435272045028142,0.11438920335429768,0.13141509433962265,ArrowHead,4,5,5.0,13,52,none,0.826,1.0344804758080546,60.0,1.0,251.0,,,,,
0.8108108108108109,0.8354257657813363,0.8427767354596623,0.9482176360225141,0.1021485324947589,0.08713836477987424,ArrowHead,4,5,5.0,13,52,SMOTE-raw,0.826,1.0344804758080546,60.0,1.0,251.0,1.1437910548048418,0.09392495424852876,0.38832943373567863,,
0.8108108108108109,0.8354257657813363,0.8427767354596623,0.9429643527204503,0.10774549266247382,0.09798742138364779,ArrowHead,4,5,5.0,13,52,KNNOR-raw (M=1),0.826,1.0344804758080546,60.0,1.0,251.0,2.384126457981006,0.24746118858864186,0.1398890495067475,1.0,
0.8169014084507042,0.8345269750253901,0.8459662288930582,0.9440900562851782,0.11032232704402516,0.14751572327044027,ArrowHead,4,5,5.0,13,52,chain-mean-GPF (PSSTO-style),0.826,1.0344804758080546,60.0,1.0,251.0,1.1902438470764682,0.08420593623873196,0.44802962994463974,,
0.8055555555555556,0.8279815643595723,0.8382739212007504,0.94859287054409,0.10709423480083857,0.11040880503144652,ArrowHead,4,5,5.0,13,52,KNNOR-GPF (M=1),0.826,1.0344804758080546,60.0,1.0,251.0,1.2418982324754264,0.10910444848253364,0.3057850442155111,1.0,1.0
0.8055555555555556,0.8279815643595723,0.8382739212007504,0.9454033771106942,0.107970964360587,0.10374213836477986,ArrowHead,4,5,5.0,13,52,KNNOR-GPF (M=3/2),0.826,1.0344804758080546,60.0,1.0,251.0,1.097498676154233,0.08469590353653444,0.4523501710641399,1.0,1.5
0.821917808219178,0.8421361206946366,0.8504690431519699,0.9418386491557224,0.10748197064989518,0.10163522012578619,ArrowHead,4,5,5.0,13,52,KNNOR-GPF (M calibrated),0.826,1.0344804758080546,60.0,1.0,251.0,1.0660458664684747,0.07652506122853442,0.5868691941004892,1.0,2.0
0.8266666666666667,0.8492353916724403,0.8549718574108818,0.9470919324577861,0.10107033542976938,0.09040880503144655,ArrowHead,4,5,5.0,13,52,hybrid GPF-nbrs/raw-walk (M calibrated),0.826,1.0344804758080546,60.0,1.0,251.0,1.74055792696646,0.08466358606835067,1.2487565245456789,0.8125,2.0
0.7945205479452054,0.8213839965531475,0.8305816135084427,0.949718574108818,0.1023517819706499,0.09106918238993712,ArrowHead,4,5,5.0,13,52,hybrid GPF-nbrs/raw-walk (M=1),0.826,1.0344804758080546,60.0,1.0,251.0,1.4675430937115301,0.12436746858151426,0.28542580312442495,0.8125,1.0
0.576271186440678,0.6389484795151106,0.699624765478424,0.9341463414634147,0.15943427672955973,0.1808490566037736,ArrowHead,4,10,10.8,6,59,none (raw-flat RF),0.826,1.3554403891905569,,,,,,,,
0.6333333333333333,0.6807456457050177,0.7317073170731707,0.9412757973733583,0.15252505241090147,0.18160377358490565,ArrowHead,4,10,10.8,6,59,none,0.826,1.3554403891905569,60.0,1.0,251.0,,,,,
0.8,0.8286610733490819,0.8350844277673546,0.9551594746716697,0.09949696016771488,0.1040566037735849,ArrowHead,4,10,10.8,6,59,SMOTE-raw,0.826,1.3554403891905569,60.0,1.0,251.0,1.500494274358724,0.10332188808884468,0.5027077351923275,,
0.7575757575757576,0.7808688094430303,0.8048780487804879,0.951031894934334,0.12251907756813417,0.1491194968553459,ArrowHead,4,10,10.8,6,59,KNNOR-raw (M=1),0.826,1.3554403891905569,60.0,1.0,251.0,4.784647951525729,0.5221447113631768,0.045699402411334994,0.04796747967479675,
0.8055555555555556,0.8279815643595723,0.8382739212007504,0.9517823639774858,0.10729129979035638,0.11443396226415092,ArrowHead,4,10,10.8,6,59,chain-mean-GPF (PSSTO-style),0.826,1.3554403891905569,60.0,1.0,251.0,2.0074841149259512,0.27088016280805194,0.16223274429343204,,
0.7714285714285715,0.7989204723880535,0.8138836772983115,0.9454033771106942,0.11919224318658278,0.13477987421383647,ArrowHead,4,10,10.8,6,59,KNNOR-GPF (M=1),0.826,1.3554403891905569,60.0,1.0,251.0,3.0208832157874053,0.39126531657249963,0.11450032954040214,0.22433460076045628,1.0
0.7945205479452054,0.8213839965531475,0.8305816135084427,0.9427767354596623,0.11526404612159327,0.12405660377358489,ArrowHead,4,10,10.8,6,59,KNNOR-GPF (M=3/2),0.826,1.3554403891905569,60.0,1.0,251.0,3.1353540350373823,0.34746944214918274,0.17078238305015594,0.1761194029850746,1.5
0.7536231884057971,0.7839860625938853,0.8016885553470919,0.9412757973733583,0.11863322851153042,0.13160377358490566,ArrowHead,4,10,10.8,6,59,KNNOR-GPF (M calibrated),0.826,1.3554403891905569,60.0,1.0,251.0,3.3356229587584814,0.38796793323180156,0.1397032526814952,0.17002881844380405,1.4
0.782608695652174,0.8052361475264893,0.8215759849906192,0.9461538461538461,0.12409234800838574,0.1361949685534591,ArrowHead,4,10,10.8,6,59,hybrid GPF-nbrs/raw-walk (M calibrated),0.826,1.3554403891905569,60.0,1.0,251.0,5.120989259328544,0.40063504669333905,0.29954115948147036,0.23046875,1.4
0.7272727272727273,0.7591839204966824,0.7849906191369607,0.9435272045028142,0.12840136268343816,0.1529245283018868,ArrowHead,4,10,10.8,6,59,hybrid GPF-nbrs/raw-walk (M=1),0.826,1.3554403891905569,60.0,1.0,251.0,4.160445631250099,0.43618010559100573,0.13833054728429336,0.23046875,1.0
0.48148148148148145,0.563092506371473,0.6585365853658537,0.9476547842401501,0.16400628930817607,0.2018867924528302,ArrowHead,4,20,16.2,4,61,none (raw-flat RF),0.826,2.1257944712394288,,,,,,,,
0.39215686274509803,0.4938647983247948,0.6219512195121951,0.9324577861163227,0.17981561844863733,0.21531446540880503,ArrowHead,4,20,16.2,4,61,none,0.826,2.1257944712394288,60.0,1.0,251.0,,,,,
0.7352941176470589,0.7687615829905761,0.7894934333958724,0.95046904315197,0.11597851153039833,0.12424528301886792,ArrowHead,4,20,16.2,4,61,SMOTE-raw,0.826,2.1257944712394288,60.0,1.0,251.0,2.5140881380539266,0.17568016874675463,0.4115679556660022,,
0.7272727272727273,0.7591839204966824,0.7849906191369607,0.9440900562851782,0.12699088050314464,0.13946540880503147,ArrowHead,4,20,16.2,4,61,KNNOR-raw (M=1),0.826,2.1257944712394288,60.0,1.0,251.0,4.495665379748978,0.34602260729149525,0.21950305940521123,0.5350877192982456,
0.782608695652174,0.8052361475264893,0.8215759849906192,0.9602251407129456,0.104058071278826,0.11301886792452831,ArrowHead,4,20,16.2,4,61,chain-mean-GPF (PSSTO-style),0.826,2.1257944712394288,60.0,1.0,251.0,2.6680129466397293,0.26186844978857127,0.2107249299145137,,
0.7352941176470589,0.7687615829905761,0.7894934333958724,0.9598499061913697,0.1099503144654088,0.119937106918239,ArrowHead,4,20,16.2,4,61,KNNOR-GPF (M=1),0.826,2.1257944712394288,60.0,1.0,251.0,3.0246616793374574,0.35765808384953857,0.09791518108517301,0.6931818181818182,1.0
0.7352941176470589,0.7687615829905761,0.7894934333958724,0.9634146341463415,0.1078329140461216,0.12031446540880503,ArrowHead,4,20,16.2,4,61,KNNOR-GPF (M=3/2),0.826,2.1257944712394288,60.0,1.0,251.0,2.6539333317465346,0.29435583495020223,0.14882410712582575,0.7261904761904762,1.5
0.7536231884057971,0.7839860625938853,0.8016885553470919,0.9652908067542214,0.10107924528301888,0.10584905660377358,ArrowHead,4,20,16.2,4,61,KNNOR-GPF (M calibrated),0.826,2.1257944712394288,60.0,1.0,251.0,2.553787588588934,0.27825573867021547,0.16255905310553245,0.6853932584269663,1.5999999999999999
0.7605633802816901,0.7925544707578142,0.8061913696060038,0.9521575984990619,0.10343081761006291,0.09867924528301887,ArrowHead,4,20,16.2,4,61,hybrid GPF-nbrs/raw-walk (M calibrated),0.826,2.1257944712394288,60.0,1.0,251.0,3.8179052820356,0.19229716055970714,1.1344997815799798,0.4765625,1.5999999999999999
0.7536231884057971,0.7839860625938853,0.8016885553470919,0.94953095684803,0.11467693920335428,0.12654088050314466,ArrowHead,4,20,16.2,4,61,hybrid GPF-nbrs/raw-walk (M=1),0.826,2.1257944712394288,60.0,1.0,251.0,3.143551809737531,0.2140301932189641,0.43095622876909545,0.4765625,1.0
0.46511627906976744,0.5504818825631803,0.6515151515151515,0.903046421663443,0.08076963298139768,0.06202111613876321,OSULeaf,0,5,5.7,33,155,none (raw-flat RF),0.647,0.6069250307470728,,,,,,,,
0.8955223880597015,0.943264835199011,0.9439071566731141,0.9881528046421664,0.030017194570135745,0.04654600301659125,OSULeaf,0,5,5.7,33,155,none,0.647,0.6069250307470728,60.0,1.0,427.0,,,,,
0.8266666666666667,0.9404410669397882,0.9404416505480335,0.9916183107672469,0.05806782302664655,0.1452337858220211,OSULeaf,0,5,5.7,33,155,SMOTE-raw,0.647,0.6069250307470728,60.0,1.0,427.0,1.914661441969809,0.1203654574308336,0.8512679456107053,,
0.8524590163934426,0.8828913288995621,0.8886202450032237,0.9946808510638298,0.048532026143790846,0.12054298642533937,OSULeaf,0,5,5.7,33,155,KNNOR-raw (M=1),0.647,0.6069250307470728,60.0,1.0,427.0,4.691411513997664,0.29051414182393764,0.6739868788774831,0.9226190476190477,
0.8695652173913043,0.9381243891079004,0.938588007736944,0.9875080593165699,0.03648024132730016,0.048265460030165915,OSULeaf,0,5,5.7,33,155,chain-mean-GPF (PSSTO-style),0.647,0.6069250307470728,60.0,1.0,427.0,0.8465311115395409,0.07730601443526253,0.5882358180676583,,
0.835820895522388,0.9063142638234268,0.9082849774339137,0.9853320438426821,0.03754595274007039,0.04396681749622926,OSULeaf,0,5,5.7,33,155,KNNOR-GPF (M=1),0.647,0.6069250307470728,60.0,1.0,427.0,1.379338318345054,0.14708698316020064,0.431039006104668,0.7711442786069652,1.0
0.8529411764705882,0.9223564696604214,0.9234364925854288,0.9858961960025789,0.03888149824032178,0.05078431372549019,OSULeaf,0,5,5.7,33,155,KNNOR-GPF (M=3/2),0.647,0.6069250307470728,60.0,1.0,427.0,1.2452129125929776,0.11231839851952108,0.5720112605733016,0.6828193832599119,1.5
0.8656716417910447,0.9248869448397515,0.9260960670535139,0.9866215344938749,0.038529864253393664,0.0573001508295626,OSULeaf,0,5,5.7,33,155,KNNOR-GPF (M calibrated),0.647,0.6069250307470728,60.0,1.0,427.0,1.216318541748553,0.10626374218784906,0.6038964583193004,0.6798245614035088,1.5999999999999999
0.8985507246376812,0.9562479061556576,0.9563990973565442,0.9934719535783365,0.034884565108094526,0.07674208144796381,OSULeaf,0,5,5.7,33,155,hybrid GPF-nbrs/raw-walk (M calibrated),0.647,0.6069250307470728,60.0,1.0,427.0,1.247042846904348,0.07217787827364208,1.3831060584791421,0.484375,1.5999999999999999
0.9117647058823529,0.9588570458105063,0.9590586718246292,0.994277885235332,0.03846460532931121,0.08978883861236801,OSULeaf,0,5,5.7,33,155,hybrid GPF-nbrs/raw-walk (M=1),0.647,0.6069250307470728,60.0,1.0,427.0,2.920164844422832,0.20648855135251176,0.6167680195865894,0.16145833333333334,1.0
0.058823529411764705,0.17407765595569785,0.5151515151515151,0.8727433913604127,0.09836958270487682,0.055761689291101056,OSULeaf,0,10,9.9,19,169,none (raw-flat RF),0.647,0.7966285140886651,,,,,,,,
0.8888888888888888,0.9162196319259367,0.9189232753062541,0.9889587362991619,0.03141860231271996,0.042232277526395176,OSULeaf,0,10,9.9,19,169,none,0.647,0.7966285140886651,60.0,1.0,427.0,,,,,
0.7017543859649122,0.7701725128493474,0.7923920051579626,0.9671179883945842,0.06495937657114129,0.09689291101055808,OSULeaf,0,10,9.9,19,169,SMOTE-raw,0.647,0.7966285140886651,60.0,1.0,427.0,2.8337674377507387,0.17215516228273486,0.8362353115552131,,
0.8135593220338984,0.8482545510432412,0.8583172147001934,0.9807382333978079,0.05449054801407743,0.10125188536953243,OSULeaf,0,10,9.9,19,169,KNNOR-raw (M=1),0.647,0.7966285140886651,60.0,1.0,427.0,6.148643560607621,0.3666559458638879,0.546730615759091,0.7788018433179723,
0.84375,0.8948595947916722,0.8984526112185687,0.9829142488716957,0.038776671694318754,0.051825037707390643,OSULeaf,0,10,9.9,19,169,chain-mean-GPF (PSSTO-style),0.647,0.7966285140886651,60.0,1.0,427.0,1.2318825935113544,0.12607318836358317,0.4868525907238781,,
0.8307692307692308,0.8924245981834769,0.8957930367504836,0.9842037395228884,0.03780744092508798,0.04533936651583711,OSULeaf,0,10,9.9,19,169,KNNOR-GPF (M=1),0.647,0.7966285140886651,60.0,1.0,427.0,2.2223372838090434,0.25911148850145654,0.3186777326656793,0.66015625,1.0
0.8307692307692308,0.8924245981834769,0.8957930367504836,0.9848484848484849,0.03733956762192056,0.036500754147812974,OSULeaf,0,10,9.9,19,169,KNNOR-GPF (M=3/2),0.647,0.7966285140886651,60.0,1.0,427.0,2.1611938636141623,0.19732474872264916,0.48753753943095224,0.5950704225352113,1.5
0.7936507936507936,0.8587359699877899,0.8654900064474533,0.9829948420373953,0.03941246857717446,0.042051282051282037,OSULeaf,0,10,9.9,19,169,KNNOR-GPF (M calibrated),0.647,0.7966285140886651,60.0,1.0,427.0,2.079997342948479,0.1825059118685819,0.5310420894910661,0.5971731448763251,1.5999999999999999
0.8823529411764706,0.9406981234067837,0.941247582205029,0.9878304319793682,0.03273655103066868,0.04500754147812971,OSULeaf,0,10,9.9,19,169,hybrid GPF-nbrs/raw-walk (M calibrated),0.647,0.7966285140886651,60.0,1.0,427.0,2.396617939959402,0.12324745894122002,1.5759577217001879,0.4401041666666667,1.5999999999999999
0.8852459016393442,0.9021251505384619,0.906431334622824,0.9962121212121211,0.035368325791855205,0.07939668174962292,OSULeaf,0,10,9.9,19,169,hybrid GPF-nbrs/raw-walk (M=1),0.647,0.7966285140886651,60.0,1.0,427.0,4.352386905523829,0.3116419813884761,0.5401003335479482,0.1015625,1.0
0.0,0.0,0.5,0.7462121212121211,0.1252563097033685,0.09628959276018098,OSULeaf,0,20,20.9,9,179,none (raw-flat RF),0.647,1.4446772516282422,,,,,,,,
0.7547169811320755,0.778498944161523,0.803030303030303,0.9840425531914894,0.043674358974358965,0.05778280542986427,OSULeaf,0,20,20.9,9,179,none,0.647,1.4446772516282422,60.0,1.0,427.0,,,,,
0.625,0.674199862463242,0.7272727272727273,0.9686492585428755,0.06258989441930618,0.07627450980392157,OSULeaf,0,20,20.9,9,179,SMOTE-raw,0.647,1.4446772516282422,60.0,1.0,427.0,2.1487669207694537,0.1513950343480125,0.7096415063769966,,
0.3076923076923077,0.42640143271122083,0.5909090909090909,0.9875886524822696,0.06392413273001508,0.09262443438914025,OSULeaf,0,20,20.9,9,179,KNNOR-raw (M=1),0.647,1.4446772516282422,60.0,1.0,427.0,7.8654104307400114,0.4858814378500785,0.29286455107952153,0.5474006116207951,
0.8571428571428571,0.8972879835027834,0.9011121856866537,0.9801740812379109,0.03895128205128206,0.049638009049773765,OSULeaf,0,20,20.9,9,179,chain-mean-GPF (PSSTO-style),0.647,1.4446772516282422,60.0,1.0,427.0,2.0406790164305306,0.2492897398866581,0.34527948150898186,,
0.8135593220338984,0.8482545510432412,0.8583172147001934,0.9821889103803998,0.03708657616892911,0.0444947209653092,OSULeaf,0,20,20.9,9,179,KNNOR-GPF (M=1),0.647,1.4446772516282422,60.0,1.0,427.0,3.397197052145712,0.4256602460575644,0.18610754570449003,0.6215277777777778,1.0
0.8524590163934426,0.8828913288995621,0.8886202450032237,0.9830754352030947,0.03429270990447462,0.03641025641025641,OSULeaf,0,20,20.9,9,179,KNNOR-GPF (M=3/2),0.647,1.4446772516282422,60.0,1.0,427.0,3.8212633211296936,0.3843061787105104,0.26403098456513596,0.49584487534626037,1.5
0.8524590163934426,0.8828913288995621,0.8886202450032237,0.9833172147001935,0.034710457516339874,0.034796380090497736,OSULeaf,0,20,20.9,9,179,KNNOR-GPF (M calibrated),0.647,1.4446772516282422,60.0,1.0,427.0,3.932369631245974,0.38076489130123664,0.2853954544008835,0.47480106100795755,1.5999999999999999
0.7857142857142857,0.8143221520847179,0.8306737588652482,0.9837201805286911,0.038240925087983914,0.045067873303167416,OSULeaf,0,20,20.9,9,179,hybrid GPF-nbrs/raw-walk (M calibrated),0.647,1.4446772516282422,60.0,1.0,427.0,8.734158393359918,0.3664591812766237,1.5839423631505187,0.39955357142857145,1.5999999999999999
0.7636363636363637,0.7955995999271589,0.815522243713733,0.9825112830431979,0.04279130216189039,0.054524886877828055,OSULeaf,0,20,20.9,9,179,hybrid GPF-nbrs/raw-walk (M=1),0.647,1.4446772516282422,60.0,1.0,427.0,8.398639568922365,0.5795380618873782,0.09044883164603344,0.1331845238095238,1.0
0.2564102564102564,0.3882128538033691,0.5730980012894906,0.9211798839458414,0.08378431372549021,0.06675716440422325,OSULeaf,1,5,5.7,33,155,none (raw-flat RF),0.647,0.8902119095824457,,,,,,,,
0.927536231884058,0.9741997327436942,0.9742101869761444,0.9950838168923275,0.02652790346907994,0.05852187028657616,OSULeaf,1,5,5.7,33,155,none,0.647,0.8902119095824457,60.0,1.0,427.0,,,,,
0.7586206896551724,0.9424955556077841,0.9441489361702128,0.9666344294003868,0.08550618401206633,0.14060331825037709,OSULeaf,1,5,5.7,33,155,SMOTE-raw,0.647,0.8902119095824457,60.0,1.0,427.0,2.476278059905985,0.1630649214501544,0.7979586474570579,,
0.8648648648648649,0.9608721591627212,0.9609123146357189,0.9950838168923275,0.055578079436902975,0.13996983408748118,OSULeaf,1,5,5.7,33,155,KNNOR-raw (M=1),0.647,0.8902119095824457,60.0,1.0,427.0,6.721183017242996,0.4097571429655781,0.5488536828709353,0.8333333333333334,
0.8648648648648649,0.9608721591627212,0.9609123146357189,0.9879110251450677,0.042928004022121664,0.06298642533936652,OSULeaf,1,5,5.7,33,155,chain-mean-GPF (PSSTO-style),0.647,0.8902119095824457,60.0,1.0,427.0,1.351898630797061,0.13118452488664978,0.5327918423090016,,
0.9142857142857143,0.9715488442034781,0.9715506125080593,0.9913765312701484,0.03659934640522876,0.07570135746606337,OSULeaf,1,5,5.7,33,155,KNNOR-GPF (M=1),0.647,0.8902119095824457,60.0,1.0,427.0,2.0620244679461166,0.22655562283305591,0.3804944453687144,0.9064327485380117,1.0
0.8533333333333334,0.9581843996064947,0.9582527401676337,0.9890393294648615,0.04057782805429864,0.07280542986425341,OSULeaf,1,5,5.7,33,155,KNNOR-GPF (M=3/2),0.647,0.8902119095824457,60.0,1.0,427.0,1.6974144289654944,0.1581357534043797,0.528647844194309,0.824468085106383,1.5
0.8648648648648649,0.9608721591627212,0.9609123146357189,0.9890393294648614,0.039763298139768734,0.06579185520361991,OSULeaf,1,5,5.7,33,155,KNNOR-GPF (M calibrated),0.647,0.8902119095824457,60.0,1.0,427.0,1.5608800966218688,0.13503122861174177,0.6108327771107119,0.7989690721649485,1.7999999999999998
0.8571428571428571,0.9703037471339208,0.9707446808510638,0.9945196647324307,0.03473569632981398,0.07802413273001509,OSULeaf,1,5,5.7,33,155,hybrid GPF-nbrs/raw-walk (M calibrated),0.647,0.8902119095824457,60.0,1.0,427.0,1.5240188407919284,0.07916846828397328,1.7417348502395442,0.60546875,1.7999999999999998
0.88,0.975770290372928,0.976063829787234,0.9957285622179239,0.04334982403217697,0.10027149321266969,OSULeaf,1,5,5.7,33,155,hybrid GPF-nbrs/raw-walk (M=1),0.647,0.8902119095824457,60.0,1.0,427.0,3.831023342151445,0.29176407116464026,0.48820148110722805,0.2690972222222222,1.0
0.0,0.0,0.5,0.8810444874274661,0.09746832579185517,0.05419306184012067,OSULeaf,1,10,9.9,19,169,none (raw-flat RF),0.647,1.25418281259409,,,,,,,,
0.90625,0.9324371676240342,0.9340747904577692,0.9953255963894261,0.028451684263448972,0.057164404223227744,OSULeaf,1,10,9.9,19,169,none,0.647,1.25418281259409,60.0,1.0,427.0,,,,,
0.6875,0.79671310586035,0.8093971631205674,0.9540618955512573,0.08513886375062847,0.12992458521870287,OSULeaf,1,10,9.9,19,169,SMOTE-raw,0.647,1.25418281259409,60.0,1.0,427.0,3.4898957796342494,0.21596338025294004,0.7980326766259396,,
0.7368421052631579,0.7913336195849973,0.8102030947775629,0.9754190844616377,0.06482026143790848,0.1286425339366516,OSULeaf,1,10,9.9,19,169,KNNOR-raw (M=1),0.647,1.25418281259409,60.0,1.0,427.0,9.741779933966116,0.503967584206786,0.44885252127151765,0.6869918699186992,
0.8064516129032258,0.8610790465664856,0.8681495809155384,0.9767085751128305,0.0493760180995475,0.059079939668174965,OSULeaf,1,10,9.9,19,169,chain-mean-GPF (PSSTO-style),0.647,1.25418281259409,60.0,1.0,427.0,1.8545786589939173,0.1822745840047424,0.48669268671506677,,
0.7796610169491526,0.8281593084082067,0.8405061250805932,0.9813023855577048,0.04977888386123681,0.07010558069381599,OSULeaf,1,10,9.9,19,169,KNNOR-GPF (M=1),0.647,1.25418281259409,60.0,1.0,427.0,2.7031011778933003,0.30913725759989863,0.30987471169323816,0.6954732510288066,1.0
0.8253968253968254,0.878131772237676,0.8833010960670535,0.9804964539007092,0.04953474107591755,0.07263951734539968,OSULeaf,1,10,9.9,19,169,KNNOR-GPF (M=3/2),0.647,1.25418281259409,60.0,1.0,427.0,2.526019049972634,0.23796845242355397,0.4366298142962973,0.6190476190476191,1.5
0.8307692307692308,0.8924245981834769,0.8957930367504836,0.9808188265635075,0.04939542483660131,0.0683710407239819,OSULeaf,1,10,9.9,19,169,KNNOR-GPF (M calibrated),0.647,1.25418281259409,60.0,1.0,427.0,2.5062181104248094,0.21734619655374843,0.5042504030731919,0.6213235294117647,1.7999999999999998
0.9014084507042254,0.9688907028495748,0.9688910380399742,0.9934719535783365,0.028952589240824538,0.044962292609351424,OSULeaf,1,10,9.9,19,169,hybrid GPF-nbrs/raw-walk (M calibrated),0.647,1.25418281259409,60.0,1.0,427.0,3.807665044836787,0.1692143595942469,2.1453594989196216,0.37723214285714285,1.7999999999999998
0.9230769230769231,0.9483774191781261,0.9492263056092843,0.9935525467440361,0.04184157868275515,0.10058823529411764,OSULeaf,1,10,9.9,19,169,hybrid GPF-nbrs/raw-walk (M=1),0.647,1.25418281259409,60.0,1.0,427.0,4.530157589178318,0.34054027734486125,0.4671224494874034,0.04982311320754717,1.0
0.0,0.0,0.5,0.8470341715022567,0.10923308195072902,0.08497737556561087,OSULeaf,1,20,20.9,9,179,none (raw-flat RF),0.647,1.793771118013094,,,,,,,,
0.8620689655172413,0.8703882797784892,0.8787878787878788,0.9934719535783365,0.03502830568124685,0.06085972850678733,OSULeaf,1,20,20.9,9,179,none,0.647,1.793771118013094,60.0,1.0,427.0,,,,,
0.3902439024390244,0.49236596391733095,0.6212121212121212,0.9299645390070923,0.08075570638511816,0.06918552036199095,OSULeaf,1,20,20.9,9,179,SMOTE-raw,0.647,1.793771118013094,60.0,1.0,427.0,4.6207035111817305,0.2757720074946004,0.693331039192334,,
0.3902439024390244,0.49236596391733095,0.6212121212121212,0.9831560283687943,0.06720864756158874,0.1188235294117647,OSULeaf,1,20,20.9,9,179,KNNOR-raw (M=1),0.647,1.793771118013094,60.0,1.0,427.0,11.299576012745156,0.5407058988029729,0.27159153107685796,0.7782608695652173,
0.6785714285714286,0.750671309276733,0.7772404900064475,0.9815441650548034,0.044704575163398694,0.04805429864253394,OSULeaf,1,20,20.9,9,179,chain-mean-GPF (PSSTO-style),0.647,1.793771118013094,60.0,1.0,427.0,2.3947999038352528,0.23916181910139822,0.4174700982320956,,
0.7857142857142857,0.8143221520847179,0.8306737588652482,0.9923436492585429,0.03878888888888889,0.05687782805429863,OSULeaf,1,20,20.9,9,179,KNNOR-GPF (M=1),0.647,1.793771118013094,60.0,1.0,427.0,3.9112930522540843,0.4768903841035217,0.17183735341411402,0.7991071428571429,1.0
0.7777777777777778,0.7977240352174656,0.8181818181818181,0.9954867827208252,0.03741352438411262,0.06520361990950226,OSULeaf,1,20,20.9,9,179,KNNOR-GPF (M=3/2),0.647,1.793771118013094,60.0,1.0,427.0,3.847633168145217,0.42325605445462533,0.22646049876567795,0.667910447761194,1.5
0.8135593220338984,0.8482545510432412,0.8583172147001934,0.9904900064474532,0.03721528406234289,0.057586726998491704,OSULeaf,1,20,20.9,9,179,KNNOR-GPF (M calibrated),0.647,1.793771118013094,60.0,1.0,427.0,3.6161588910612465,0.3672620137162477,0.2839990543384402,0.6532846715328468,1.7999999999999998
0.8615384615384616,0.9112804065534108,0.9136041263700838,0.9926660219213411,0.02880502765208648,0.03800904977375567,OSULeaf,1,20,20.9,9,179,hybrid GPF-nbrs/raw-walk (M calibrated),0.647,1.793771118013094,60.0,1.0,427.0,2.8101566972208136,0.13356337930241913,1.7088453688766012,0.4661458333333333,1.7999999999999998
0.6530612244897959,0.6963106238227914,0.7424242424242424,0.9916183107672469,0.04615027652086476,0.07419306184012066,OSULeaf,1,20,20.9,9,179,hybrid GPF-nbrs/raw-walk (M=1),0.647,1.793771118013094,60.0,1.0,427.0,6.9011149890176355,0.5715679565238855,0.1560875932770079,0.11653645833333333,1.0
0.5217391304347826,0.6014167670256413,0.6791586073500967,0.8965183752417796,0.08190804424333838,0.050723981900452485,OSULeaf,2,5,5.7,33,155,none (raw-flat RF),0.647,0.508597248821145,,,,,,,,
0.8615384615384616,0.9112804065534108,0.9136041263700838,0.9814635718891038,0.03504358974358975,0.03763197586727,OSULeaf,2,5,5.7,33,155,none,0.647,0.508597248821145,60.0,1.0,427.0,,,,,
0.7407407407407407,0.9066698903875635,0.9066731141199227,0.9756608639587364,0.07407963800904978,0.12751131221719458,OSULeaf,2,5,5.7,33,155,SMOTE-raw,0.647,0.508597248821145,60.0,1.0,427.0,1.8440365732807393,0.11672575969787358,0.805244738302698,,
0.7631578947368421,0.9018570996781282,0.9021598968407478,0.9668762088974856,0.0626315233785822,0.1225188536953243,OSULeaf,2,5,5.7,33,155,KNNOR-raw (M=1),0.647,0.508597248821145,60.0,1.0,427.0,5.087560834471482,0.3225200205078879,0.5839970947466495,0.9226190476190477,
0.8285714285714286,0.917274577159581,0.9181173436492586,0.9755802707930368,0.04179250879839116,0.05238310708898943,OSULeaf,2,5,5.7,33,155,chain-mean-GPF (PSSTO-style),0.647,0.508597248821145,60.0,1.0,427.0,0.7257913415218642,0.06511495220285735,0.5934764542179379,,
0.8285714285714286,0.917274577159581,0.9181173436492586,0.9773533204384268,0.04153986928104574,0.0441628959276018,OSULeaf,2,5,5.7,33,155,KNNOR-GPF (M=1),0.647,0.508597248821145,60.0,1.0,427.0,1.195420918905425,0.11920127295331373,0.465363618363237,0.8857142857142857,1.0
0.8235294117647058,0.9038209598867607,0.9056254029658285,0.9778368794326241,0.041434137757667175,0.0356108597285068,OSULeaf,2,5,5.7,33,155,KNNOR-GPF (M=3/2),0.647,0.508597248821145,60.0,1.0,427.0,1.1014731514455143,0.09331945739239966,0.5755026241504922,0.7788944723618091,1.5
0.8055555555555556,0.9121643726226872,0.9127981947130883,0.9804964539007093,0.04310035193564605,0.05004524886877828,OSULeaf,2,5,5.7,33,155,KNNOR-GPF (M calibrated),0.647,0.508597248821145,60.0,1.0,427.0,0.9866165604233021,0.07551598607889487,0.6696921981854005,0.7948717948717948,1.7999999999999998
0.8169014084507042,0.9147230434906045,0.9154577691811734,0.9821889103803998,0.03750950226244343,0.050980392156862744,OSULeaf,2,5,5.7,33,155,hybrid GPF-nbrs/raw-walk (M calibrated),0.647,0.508597248821145,60.0,1.0,427.0,2.9243040471294375,0.12595043864785394,2.2739905147687662,0.60546875,1.7999999999999998
0.821917808219178,0.9277580555679266,0.9279497098646035,0.9746131528046421,0.04661633986928105,0.06197586726998493,OSULeaf,2,5,5.7,33,155,hybrid GPF-nbrs/raw-walk (M=1),0.647,0.508597248821145,60.0,1.0,427.0,3.3252667112833016,0.23462860493569115,0.558862797817473,0.2421875,1.0
0.16216216216216217,0.30070838351282064,0.5427949709864603,0.8546905222437138,0.09993670186023125,0.04785822021116138,OSULeaf,2,10,9.9,19,169,none (raw-flat RF),0.647,0.9096000194701883,,,,,,,,
0.7931034482758621,0.8303945602695978,0.8431656995486783,0.9736460348162477,0.04013433886375063,0.039638009049773756,OSULeaf,2,10,9.9,19,169,none,0.647,0.9096000194701883,60.0,1.0,427.0,,,,,
0.647887323943662,0.8008498065411569,0.8085912314635719,0.9530141843971631,0.07377305178481648,0.09260935143288085,OSULeaf,2,10,9.9,19,169,SMOTE-raw,0.647,0.9096000194701883,60.0,1.0,427.0,2.710317597505215,0.16113401343268008,0.7990831785602628,,
0.7241379310344828,0.789191982046265,0.8075435203094777,0.9690522243713733,0.05775480140774258,0.08692307692307692,OSULeaf,2,10,9.9,19,169,KNNOR-raw (M=1),0.647,0.9096000194701883,60.0,1.0,427.0,8.758488506037782,0.47487573393833915,0.4186714246347182,0.7477876106194691,
0.8387096774193549,0.880514766502901,0.8859606705351386,0.9722759509993552,0.039783107088989446,0.04307692307692308,OSULeaf,2,10,9.9,19,169,chain-mean-GPF (PSSTO-style),0.647,0.9096000194701883,60.0,1.0,427.0,1.1648033809041252,0.10668479415164045,0.5466407039650968,,
0.8387096774193549,0.880514766502901,0.8859606705351386,0.974290780141844,0.039768878833584716,0.03395173453996983,OSULeaf,2,10,9.9,19,169,KNNOR-GPF (M=1),0.647,0.9096000194701883,60.0,1.0,427.0,1.6312963229176063,0.1866503790300595,0.4088887169008255,0.9712643678160919,1.0
0.8656716417910447,0.9248869448397515,0.9260960670535139,0.9726789168278531,0.039494469582704875,0.040316742081447955,OSULeaf,2,10,9.9,19,169,KNNOR-GPF (M=3/2),0.647,0.9096000194701883,60.0,1.0,427.0,1.3947973268903873,0.1265429131624931,0.5878679864072129,0.949438202247191,1.5
0.8484848484848485,0.9088007273814073,0.9109445519019987,0.9711476466795615,0.040470487682252386,0.03022624434389141,OSULeaf,2,10,9.9,19,169,KNNOR-GPF (M calibrated),0.647,0.9096000194701883,60.0,1.0,427.0,1.2889607135846344,0.11167496566342583,0.6385344288650902,0.9712643678160919,1.5999999999999999
0.8484848484848485,0.9088007273814073,0.9109445519019987,0.9775145067698259,0.041138662644545,0.05544494720965309,OSULeaf,2,10,9.9,19,169,hybrid GPF-nbrs/raw-walk (M calibrated),0.647,0.9096000194701883,60.0,1.0,427.0,2.685368844707961,0.13209348280848965,1.8346460026128333,0.528125,1.5999999999999999
0.8,0.8733462773611214,0.8779819471308833,0.9772727272727273,0.04748637506284565,0.05692307692307693,OSULeaf,2,10,9.9,19,169,hybrid GPF-nbrs/raw-walk (M=1),0.647,0.9096000194701883,60.0,1.0,427.0,2.9064580505304463,0.19420032990243274,0.7014320781948563,0.17604166666666668,1.0
0.11428571428571428,0.24618298195866548,0.5303030303030303,0.7927949709864603,0.11471302161890397,0.08621417797888385,OSULeaf,2,20,20.9,9,179,none (raw-flat RF),0.647,1.27594382948066,,,,,,,,
0.7636363636363637,0.7955995999271589,0.815522243713733,0.9829142488716957,0.0442710407239819,0.05066365007541479,OSULeaf,2,20,20.9,9,179,none,0.647,1.27594382948066,60.0,1.0,427.0,,,,,
0.5416666666666666,0.6242984457156828,0.6916505480335268,0.9517246937459704,0.06838929110105582,0.06580693815987936,OSULeaf,2,20,20.9,9,179,SMOTE-raw,0.647,1.27594382948066,60.0,1.0,427.0,3.820778593315154,0.2235612980721159,0.664033526504001,,
0.5333333333333333,0.6030226891555273,0.6818181818181819,0.9673597678916829,0.06109255907491201,0.08855203619909502,OSULeaf,2,20,20.9,9,179,KNNOR-raw (M=1),0.647,1.27594382948066,60.0,1.0,427.0,13.525162960442,0.529255425987643,0.19652154098791624,0.3370998116760829,
0.6909090909090909,0.7527084129115519,0.7799000644745326,0.9722759509993553,0.04833448969331323,0.03920060331825038,OSULeaf,2,20,20.9,9,179,chain-mean-GPF (PSSTO-style),0.647,1.27594382948066,60.0,1.0,427.0,1.6179706304950656,0.17299031840620543,0.40603088366872886,,
0.8571428571428571,0.8972879835027834,0.9011121856866537,0.9770309477756287,0.04156123680241327,0.041734539969834096,OSULeaf,2,20,20.9,9,179,KNNOR-GPF (M=1),0.647,1.27594382948066,60.0,1.0,427.0,3.222951948274991,0.39797826829582506,0.1888910162993191,0.5628930817610063,1.0
0.8615384615384616,0.9112804065534108,0.9136041263700838,0.9791263700838169,0.03861176470588236,0.0465158371040724,OSULeaf,2,20,20.9,9,179,KNNOR-GPF (M=3/2),0.647,1.27594382948066,60.0,1.0,427.0,3.427297669202712,0.3367586627201527,0.2811989129053693,0.5737179487179487,1.5
0.8709677419354839,0.8997098178225393,0.9037717601547389,0.9782398452611218,0.03735696329813977,0.0428054298642534,OSULeaf,2,20,20.9,9,179,KNNOR-GPF (M calibrated),0.647,1.27594382948066,60.0,1.0,427.0,3.4276615456206336,0.3255247570917089,0.306777104007294,0.5774193548387097,1.5999999999999999
0.8888888888888888,0.9162196319259367,0.9189232753062541,0.9773533204384268,0.034817345399698336,0.03340874811463045,OSULeaf,2,20,20.9,9,179,hybrid GPF-nbrs/raw-walk (M calibrated),0.647,1.27594382948066,60.0,1.0,427.0,5.769984026567677,0.25020539714367773,1.8794703062363542,0.4661458333333333,1.5999999999999999
0.7636363636363637,0.7955995999271589,0.815522243713733,0.9796905222437138,0.044580492709904475,0.06440422322775265,OSULeaf,2,20,20.9,9,179,hybrid GPF-nbrs/raw-walk (M=1),0.647,1.27594382948066,60.0,1.0,427.0,8.521381214841252,0.5807628091184308,0.1530185777533712,0.08740234375,1.0
0.3076923076923077,0.42640143271122083,0.5909090909090909,0.9468891038039975,0.07819084967320263,0.07167420814479639,OSULeaf,3,5,5.7,33,155,none (raw-flat RF),0.647,0.49380169876390667,,,,,,,,
0.8387096774193549,0.880514766502901,0.8859606705351386,0.9886363636363636,0.032885570638511816,0.03767722473604826,OSULeaf,3,5,5.7,33,155,none,0.647,0.49380169876390667,60.0,1.0,427.0,,,,,
0.8205128205128205,0.9500755000708865,0.9502740167633785,0.9799323017408124,0.06759286073403721,0.12171945701357464,OSULeaf,3,5,5.7,33,155,SMOTE-raw,0.647,0.49380169876390667,60.0,1.0,427.0,1.693308787122131,0.11444463088741308,0.7853286534811781,,
0.8484848484848485,0.9088007273814073,0.9109445519019987,0.9779980657640233,0.05314007038712921,0.11282051282051282,OSULeaf,3,5,5.7,33,155,KNNOR-raw (M=1),0.647,0.49380169876390667,60.0,1.0,427.0,4.451155223265678,0.2895285297807891,0.5964562970438517,0.8516483516483516,
0.8656716417910447,0.9248869448397515,0.9260960670535139,0.9839619600257898,0.03537878330819507,0.04057315233785822,OSULeaf,3,5,5.7,33,155,chain-mean-GPF (PSSTO-style),0.647,0.49380169876390667,60.0,1.0,427.0,0.7204310124211641,0.06377621317953208,0.6236222620899201,,
0.8615384615384616,0.9112804065534108,0.9136041263700838,0.9821083172147002,0.036484414278531926,0.03748114630467571,OSULeaf,3,5,5.7,33,155,KNNOR-GPF (M=1),0.647,0.49380169876390667,60.0,1.0,427.0,1.3780127670563527,0.129867247824776,0.4684530417471607,0.856353591160221,1.0
0.8615384615384616,0.9112804065534108,0.9136041263700838,0.982511283043198,0.03538069381598793,0.04147812971342383,OSULeaf,3,5,5.7,33,155,KNNOR-GPF (M=3/2),0.647,0.49380169876390667,60.0,1.0,427.0,1.2936984796271531,0.10292702068356341,0.6003556343363357,0.7989690721649485,1.5
0.8615384615384616,0.9112804065534108,0.9136041263700838,0.9815441650548034,0.03586757164404223,0.0441628959276018,OSULeaf,3,5,5.7,33,155,KNNOR-GPF (M calibrated),0.647,0.49380169876390667,60.0,1.0,427.0,1.2822430817048023,0.09941673543415974,0.6239921276778176,0.7868020304568528,1.5999999999999999
0.8615384615384616,0.9112804065534108,0.9136041263700838,0.9854932301740813,0.03500130718954248,0.03885369532428354,OSULeaf,3,5,5.7,33,155,hybrid GPF-nbrs/raw-walk (M calibrated),0.647,0.49380169876390667,60.0,1.0,427.0,2.467913705535043,0.1212519538965855,1.51259289262759,0.484375,1.5999999999999999
0.8615384615384616,0.9112804065534108,0.9136041263700838,0.9829948420373953,0.041524032176973355,0.0629713423831071,OSULeaf,3,5,5.7,33,155,hybrid GPF-nbrs/raw-walk (M=1),0.647,0.49380169876390667,60.0,1.0,427.0,2.1314481981228734,0.15368865078599803,0.6191260732448159,0.2421875,1.0
0.058823529411764705,0.17407765595569785,0.5151515151515151,0.8895067698259188,0.09914781297134238,0.06485671191553545,OSULeaf,3,10,9.9,19,169,none (raw-flat RF),0.647,0.7541320555085207,,,,,,,,
0.7272727272727273,0.7743469201880009,0.7977111540941328,0.9873468729851709,0.04208908999497235,0.042473604826545996,OSULeaf,3,10,9.9,19,169,none,0.647,0.7541320555085207,60.0,1.0,427.0,,,,,
0.8108108108108109,0.9251483230970086,0.9252901353965184,0.9802546744036106,0.057749773755656104,0.10031674208144799,OSULeaf,3,10,9.9,19,169,SMOTE-raw,0.647,0.7541320555085207,60.0,1.0,427.0,2.1027477906624856,0.1379087238420854,0.7579287198609503,,
0.7796610169491526,0.8281593084082067,0.8405061250805932,0.9672791747259833,0.057904927099044746,0.10140271493212667,OSULeaf,3,10,9.9,19,169,KNNOR-raw (M=1),0.647,0.7541320555085207,60.0,1.0,427.0,6.649019808992572,0.40436723108685396,0.4729305391334654,0.48985507246376814,
0.819672131147541,0.8634157646932474,0.8708091553836235,0.9817053513862024,0.04025832076420311,0.03161387631975868,OSULeaf,3,10,9.9,19,169,chain-mean-GPF (PSSTO-style),0.647,0.7541320555085207,60.0,1.0,427.0,1.0615513211464265,0.1114522306953798,0.48675536449037127,,
0.819672131147541,0.8634157646932474,0.8708091553836235,0.9821083172147003,0.03844771241830065,0.044720965309200604,OSULeaf,3,10,9.9,19,169,KNNOR-GPF (M=1),0.647,0.7541320555085207,60.0,1.0,427.0,1.665054510301152,0.22713758433719755,0.3142955489856266,0.6079136690647482,1.0
0.8387096774193549,0.880514766502901,0.8859606705351386,0.9825918762088975,0.036918250377073906,0.0428054298642534,OSULeaf,3,10,9.9,19,169,KNNOR-GPF (M=3/2),0.647,0.7541320555085207,60.0,1.0,427.0,1.550986529883323,0.15748912704379014,0.4662108796970383,0.52,1.5
0.8387096774193549,0.880514766502901,0.8859606705351386,0.9841231463571889,0.03680175967823027,0.04022624434389141,OSULeaf,3,10,9.9,19,169,KNNOR-GPF (M calibrated),0.647,0.7541320555085207,60.0,1.0,427.0,1.3694633372569474,0.1222717473163435,0.5780055583328345,0.5331230283911672,1.7999999999999998
0.819672131147541,0.8634157646932474,0.8708091553836235,0.9856544165054804,0.03636993464052288,0.037285067873303164,OSULeaf,3,10,9.9,19,169,hybrid GPF-nbrs/raw-walk (M calibrated),0.647,0.7541320555085207,60.0,1.0,427.0,6.1837471089187215,0.23030685508231286,2.494757122237969,0.4401041666666667,1.7999999999999998
0.8,0.8459712237493615,0.8556576402321083,0.9816247582205029,0.043144042232277524,0.046772247360482654,OSULeaf,3,10,9.9,19,169,hybrid GPF-nbrs/raw-walk (M=1),0.647,0.7541320555085207,60.0,1.0,427.0,3.939052443524801,0.3159718900551529,0.41753595741514005,0.048900462962962965,1.0
0.0,0.0,0.5,0.8666183107672468,0.1205607843137255,0.10968325791855203,OSULeaf,3,20,20.9,9,179,none (raw-flat RF),0.647,1.3774045907921941,,,,,,,,
0.6666666666666666,0.715829132906541,0.7549161831076725,0.9846067053513863,0.0519499245852187,0.06235294117647058,OSULeaf,3,20,20.9,9,179,none,0.647,1.3774045907921941,60.0,1.0,427.0,,,,,
0.56,0.6461211947643121,0.7041424887169568,0.9550290135396519,0.06470708898944194,0.05113122171945702,OSULeaf,3,20,20.9,9,179,SMOTE-raw,0.647,1.3774045907921941,60.0,1.0,427.0,2.0950613619751177,0.14397070516360477,0.6621334767184158,,
0.35,0.4605661864718383,0.6060606060606061,0.9619600257898131,0.06953001508295625,0.06886877828054298,OSULeaf,3,20,20.9,9,179,KNNOR-raw (M=1),0.647,1.3774045907921941,60.0,1.0,427.0,7.148851414642202,0.44977861853497986,0.32597269807396606,0.5986622073578596,
0.7142857142857143,0.7722625370796257,0.7950515796260478,0.9820277240490006,0.05126696832579185,0.052971342383107085,OSULeaf,3,20,20.9,9,179,chain-mean-GPF (PSSTO-style),0.647,1.3774045907921941,60.0,1.0,427.0,1.885781835211894,0.20485895866941284,0.38194138357559476,,
0.7586206896551724,0.8099557819994412,0.825354609929078,0.9842037395228885,0.048335193564605326,0.04770739064856711,OSULeaf,3,20,20.9,9,179,KNNOR-GPF (M=1),0.647,1.3774045907921941,60.0,1.0,427.0,3.106192870325007,0.37857722543722105,0.19467410696443108,0.6532846715328468,1.0
0.7586206896551724,0.8099557819994412,0.825354609929078,0.9851708575112831,0.045466918049270985,0.048009049773755655,OSULeaf,3,20,20.9,9,179,KNNOR-GPF (M=3/2),0.647,1.3774045907921941,60.0,1.0,427.0,3.0021290694072196,0.2982669390068065,0.280424728984599,0.662962962962963,1.5
0.7142857142857143,0.7722625370796257,0.7950515796260478,0.9858961960025789,0.04426148818501759,0.056033182503770734,OSULeaf,3,20,20.9,9,179,KNNOR-GPF (M calibrated),0.647,1.3774045907921941,60.0,1.0,427.0,2.8533870049171206,0.24954123301333958,0.3608863376301784,0.6704119850187266,1.7999999999999998
0.7368421052631579,0.7913336195849973,0.8102030947775629,0.9818665377176017,0.04317058823529412,0.04161387631975867,OSULeaf,3,20,20.9,9,179,hybrid GPF-nbrs/raw-walk (M calibrated),0.647,1.3774045907921941,60.0,1.0,427.0,6.566958135860229,0.2500076584246166,2.111712953469423,0.559375,1.7999999999999998
0.5106382978723404,0.5998065452150263,0.6764990328820116,0.9854932301740813,0.05630517848164907,0.06811463046757164,OSULeaf,3,20,20.9,9,179,hybrid GPF-nbrs/raw-walk (M=1),0.647,1.3774045907921941,60.0,1.0,427.0,3.0356573182219826,0.22984118643759477,0.5158971449593954,0.111875,1.0
0.2631578947368421,0.3892494720807615,0.5757575757575758,0.9299645390070922,0.08163690296631472,0.07239819004524888,OSULeaf,4,5,5.7,33,155,none (raw-flat RF),0.647,0.6384199977765874,,,,,,,,
0.8307692307692308,0.8924245981834769,0.8957930367504836,0.9803352675693101,0.03694690799396681,0.04196078431372549,OSULeaf,4,5,5.7,33,155,none,0.647,0.6384199977765874,60.0,1.0,427.0,,,,,
0.7252747252747253,0.9311397728567633,0.9335106382978724,0.9889587362991619,0.07817868275515334,0.15046757164404223,OSULeaf,4,5,5.7,33,155,SMOTE-raw,0.647,0.6384199977765874,60.0,1.0,427.0,2.0568001433379752,0.12411121180844675,0.8515231965332785,,
0.8285714285714286,0.917274577159581,0.9181173436492586,0.9867021276595745,0.0629833081950729,0.15800904977375563,OSULeaf,4,5,5.7,33,155,KNNOR-raw (M=1),0.647,0.6384199977765874,60.0,1.0,427.0,5.760209732595763,0.33672193144317225,0.5655743547157087,0.8031088082901554,
0.8333333333333334,0.9303604675678953,0.9306092843326885,0.975902643455835,0.044899446958270486,0.038974358974358976,OSULeaf,4,5,5.7,33,155,chain-mean-GPF (PSSTO-style),0.647,0.6384199977765874,60.0,1.0,427.0,1.1540892284261641,0.11142479195907085,0.5204358613304152,,
0.8333333333333334,0.9303604675678953,0.9306092843326885,0.9781592520954223,0.04431885369532428,0.0465761689291101,OSULeaf,4,5,5.7,33,155,KNNOR-GPF (M=1),0.647,0.6384199977765874,60.0,1.0,427.0,1.5389960601854842,0.16851880266249608,0.4179177586595355,0.856353591160221,1.0
0.8333333333333334,0.9303604675678953,0.9306092843326885,0.9767891682785299,0.04444856711915536,0.04413273001508296,OSULeaf,4,5,5.7,33,155,KNNOR-GPF (M=3/2),0.647,0.6384199977765874,60.0,1.0,427.0,1.2780016290331133,0.11079266024167933,0.6108294435845865,0.7598039215686274,1.5
0.821917808219178,0.9277580555679266,0.9279497098646035,0.9796905222437138,0.044279587732528915,0.04460030165912519,OSULeaf,4,5,5.7,33,155,KNNOR-GPF (M calibrated),0.647,0.6384199977765874,60.0,1.0,427.0,1.2194572383052424,0.1033096318590585,0.6384612760596938,0.748792270531401,1.5999999999999999
0.7837837837837838,0.9070253775176265,0.9074790457769182,0.976950354609929,0.044146807440925084,0.046455505279034685,OSULeaf,4,5,5.7,33,155,hybrid GPF-nbrs/raw-walk (M calibrated),0.647,0.6384199977765874,60.0,1.0,427.0,1.7279726615427329,0.08765829832710692,1.5422510905490951,0.484375,1.5999999999999999
0.8493150684931506,0.9457393683957496,0.9457607994842038,0.9804964539007093,0.04375822021116139,0.06553544494720964,OSULeaf,4,5,5.7,33,155,hybrid GPF-nbrs/raw-walk (M=1),0.647,0.6384199977765874,60.0,1.0,427.0,2.1357571985872337,0.15329576337563156,0.6191204041863387,0.1513671875,1.0
0.0,0.0,0.5,0.9200515796260477,0.09258924082453494,0.06440422322775262,OSULeaf,4,10,9.9,19,169,none (raw-flat RF),0.647,0.8217087774235843,,,,,,,,
0.7936507936507936,0.8587359699877899,0.8654900064474533,0.9555931656995487,0.04031010558069382,0.03134238310708899,OSULeaf,4,10,9.9,19,169,none,0.647,0.8217087774235843,60.0,1.0,427.0,,,,,
0.7407407407407407,0.9066698903875635,0.9066731141199227,0.9713088330109606,0.07939381598793366,0.13736048265460027,OSULeaf,4,10,9.9,19,169,SMOTE-raw,0.647,0.8217087774235843,60.0,1.0,427.0,2.3729245583395873,0.1390598851646866,0.7816884635873805,,
0.8484848484848485,0.9088007273814073,0.9109445519019987,0.9821083172147002,0.06070110608345902,0.13549019607843135,OSULeaf,4,10,9.9,19,169,KNNOR-raw (M=1),0.647,0.8217087774235843,60.0,1.0,427.0,7.036480219464648,0.39458648344572966,0.4450521849679253,0.7379912663755459,
0.835820895522388,0.9063142638234268,0.9082849774339137,0.9613152804642167,0.04241734539969834,0.03781297134238311,OSULeaf,4,10,9.9,19,169,chain-mean-GPF (PSSTO-style),0.647,0.8217087774235843,60.0,1.0,427.0,1.3892283654261561,0.142710864432116,0.4585209528638783,,
0.8181818181818182,0.8899829394405065,0.8931334622823985,0.9647807865892972,0.04221598793363499,0.03779788838612367,OSULeaf,4,10,9.9,19,169,KNNOR-GPF (M=1),0.647,0.8217087774235843,60.0,1.0,427.0,2.7088080199114035,0.33006847447312915,0.2574437846558826,0.9184782608695652,1.0
0.8059701492537313,0.8875345635790128,0.8904738878143134,0.9640554480980013,0.0435991452991453,0.033137254901960775,OSULeaf,4,10,9.9,19,169,KNNOR-GPF (M=3/2),0.647,0.8217087774235843,60.0,1.0,427.0,2.3757406667445427,0.2431567102741149,0.38097042339320014,0.8802083333333334,1.5
0.8405797101449275,0.9198190330243564,0.9207769181173436,0.9655867182462927,0.04404389140271493,0.023936651583710413,OSULeaf,4,10,9.9,19,169,KNNOR-GPF (M calibrated),0.647,0.8217087774235843,60.0,1.0,427.0,2.2017051587938017,0.20411601354688125,0.46670779429097026,0.8711340206185567,1.7999999999999998
0.8235294117647058,0.9038209598867607,0.9056254029658285,0.9648613797549968,0.043941025641025644,0.030814479638009037,OSULeaf,4,10,9.9,19,169,hybrid GPF-nbrs/raw-walk (M calibrated),0.647,0.8217087774235843,60.0,1.0,427.0,5.133156280511711,0.19956376981957857,2.3052824592701895,0.528125,1.7999999999999998
0.7619047619047619,0.8390839621582916,0.847678916827853,0.9713088330109606,0.047606787330316744,0.042790346907993965,OSULeaf,4,10,9.9,19,169,hybrid GPF-nbrs/raw-walk (M=1),0.647,0.8217087774235843,60.0,1.0,427.0,2.7603116902864517,0.20247980054575054,0.5556687453598245,0.07136824324324324,1.0
0.0,0.0,0.5,0.795535138620245,0.11959577677224736,0.0946606334841629,OSULeaf,4,20,20.9,9,179,none (raw-flat RF),0.647,1.6555481187165384,,,,,,,,
0.7636363636363637,0.7955995999271589,0.815522243713733,0.9733236621534493,0.04890145801910508,0.044464555052790344,OSULeaf,4,20,20.9,9,179,none,0.647,1.6555481187165384,60.0,1.0,427.0,,,,,
0.5416666666666666,0.6242984457156828,0.6916505480335268,0.9469696969696969,0.06700417295123176,0.04755656108597285,OSULeaf,4,20,20.9,9,179,SMOTE-raw,0.647,1.6555481187165384,60.0,1.0,427.0,3.6409884486359942,0.21744811303469902,0.735532159385013,,
0.6122448979591837,0.6724043869387439,0.7246131528046421,0.9570438426821405,0.06269150326797385,0.05487179487179486,OSULeaf,4,20,20.9,9,179,KNNOR-raw (M=1),0.647,1.6555481187165384,60.0,1.0,427.0,10.032528377175014,0.5065959543787418,0.4016230925938579,0.6258741258741258,
0.7636363636363637,0.7955995999271589,0.815522243713733,0.9680851063829787,0.045231674208144806,0.03677224736048265,OSULeaf,4,20,20.9,9,179,chain-mean-GPF (PSSTO-style),0.647,1.6555481187165384,60.0,1.0,427.0,2.4844543959898697,0.29069693725784335,0.3347795767790933,,
0.7719298245614035,0.8121419014464815,0.8280141843971631,0.9676015473887813,0.045036299648064354,0.036923076923076927,OSULeaf,4,20,20.9,9,179,KNNOR-GPF (M=1),0.647,1.6555481187165384,60.0,1.0,427.0,2.836067372059622,0.37423964006404165,0.2560749099589145,0.8483412322274881,1.0
0.75,0.7934694766938891,0.812862669245648,0.9687298517085752,0.04585922574157868,0.041085972850678734,OSULeaf,4,20,20.9,9,179,KNNOR-GPF (M=3/2),0.647,1.6555481187165384,60.0,1.0,427.0,2.4323255677310716,0.25593282536853973,0.41469123306242883,0.7955555555555556,1.5
0.75,0.7934694766938891,0.812862669245648,0.9730818826563508,0.04586339869281046,0.032503770739064845,OSULeaf,4,20,20.9,9,179,KNNOR-GPF (M calibrated),0.647,1.6555481187165384,60.0,1.0,427.0,2.122306499387941,0.1993653137609357,0.5259921374013782,0.771551724137931,1.7999999999999998
0.8,0.8459712237493615,0.8556576402321083,0.9734042553191489,0.03960583207642031,0.02696832579185521,OSULeaf,4,20,20.9,9,179,hybrid GPF-nbrs/raw-walk (M calibrated),0.647,1.6555481187165384,60.0,1.0,427.0,8.014472456351944,0.276298342676925,3.2233375554269372,0.4661458333333333,1.7999999999999998
0.7037037037037037,0.7547400182608645,0.7825596389426177,0.9744519664732431,0.04695646053293113,0.04518853695324284,OSULeaf,4,20,20.9,9,179,hybrid GPF-nbrs/raw-walk (M=1),0.647,1.6555481187165384,60.0,1.0,427.0,3.2499894308136454,0.2250646462242486,0.6395257756788447,0.04906798245614035,1.0
