f1,gmean,bacc,auc,brier,ece,dataset,seed,IR,IR_actual,n_min,n_syn,method,H,n_channels,length,M,energy_syn,mmd_syn,disp_ratio,accept,secs
0.7368421052631579,0.7637626158259734,0.7916666666666667,0.9979745370370371,0.010944518518518518,0.021044444444444442,ArticularyWordRecognition,0,5,24.0,11,253,none,0.53,9,144,1.7999999999999998,,,,,
0.7368421052631579,0.7637626158259734,0.7916666666666667,0.9985532407407408,0.009361555555555557,0.01457777777777778,ArticularyWordRecognition,0,5,24.0,11,253,SMOTE-raw,0.53,9,144,1.7999999999999998,1.7871764123459375,0.20452131648395988,0.4648991426784426,,
0.9090909090909091,0.9128709291752769,0.9166666666666667,0.9992766203703705,0.005776185185185185,0.013144444444444443,ArticularyWordRecognition,0,5,24.0,11,253,guide=gpf | walk=plain,0.53,9,144,1.7999999999999998,2.073136286896961,0.12225765286978285,1.3416141304677924,0.8784722222222222,0.3
0.9565217391304348,0.9574271077563381,0.9583333333333333,0.9997106481481481,0.004229481481481482,0.019000000000000003,ArticularyWordRecognition,0,5,24.0,11,253,guide=gpf | walk=aligned,0.53,9,144,1.7999999999999998,1.6075796769971404,0.12721635505980344,0.9063971686841916,0.8784722222222222,1.0
0.9565217391304348,0.9574271077563381,0.9583333333333333,0.9992766203703703,0.004880814814814815,0.016577777777777778,ArticularyWordRecognition,0,5,24.0,11,253,guide=sig | walk=plain,0.53,9,144,1.7999999999999998,1.1350634346974537,0.09258356248240818,1.1103142802167134,0.8784722222222222,0.6
0.9565217391304348,0.9574271077563381,0.9583333333333333,0.9979745370370371,0.004141074074074075,0.012055555555555555,ArticularyWordRecognition,0,5,24.0,11,253,guide=sig | walk=aligned,0.53,9,144,1.7999999999999998,1.149560320603289,0.09918213504287843,1.133269274508637,0.8784722222222222,1.1
0.9565217391304348,0.9574271077563381,0.9583333333333333,0.9994212962962963,0.004180814814814815,0.01833333333333333,ArticularyWordRecognition,0,5,24.0,11,253,guide=dtw | walk=plain,0.53,9,144,1.7999999999999998,1.1953614400634098,0.0846806719886678,1.1613468265857738,0.98828125,8.2
0.9565217391304348,0.9574271077563381,0.9583333333333333,0.9971064814814814,0.004336518518518517,0.01782222222222222,ArticularyWordRecognition,0,5,24.0,11,253,guide=dtw | walk=aligned,0.53,9,144,1.7999999999999998,1.264317972561095,0.10070612600245066,1.0814954208615895,0.98828125,8.4
0.6666666666666666,0.7071067811865476,0.75,0.9943576388888888,0.010924962962962963,0.019866666666666668,ArticularyWordRecognition,0,10,24.0,11,253,none,0.53,9,144,2.0,,,,,
0.7368421052631579,0.7637626158259734,0.7916666666666667,0.9985532407407407,0.009240518518518518,0.014733333333333334,ArticularyWordRecognition,0,10,24.0,11,253,SMOTE-raw,0.53,9,144,2.0,1.762380498981674,0.2184662632682387,0.4067719542531976,,
0.9565217391304348,0.9574271077563381,0.9583333333333333,0.9994212962962963,0.0048729259259259255,0.013788888888888889,ArticularyWordRecognition,0,10,24.0,11,253,guide=gpf | walk=plain,0.53,9,144,2.0,2.5328677610903902,0.13851157603595388,1.8889523344946972,0.8784722222222222,0.3
0.9565217391304348,0.9574271077563381,0.9583333333333333,0.9997106481481481,0.004263444444444445,0.017099999999999997,ArticularyWordRecognition,0,10,24.0,11,253,guide=gpf | walk=aligned,0.53,9,144,2.0,1.7492150808122506,0.12715758515190068,1.2572541773745305,0.8784722222222222,0.8
0.9565217391304348,0.9574271077563381,0.9583333333333333,0.9997106481481481,0.004672851851851852,0.017788888888888885,ArticularyWordRecognition,0,10,24.0,11,253,guide=sig | walk=plain,0.53,9,144,2.0,1.1970786846495702,0.07725911425574727,1.5191716910654993,0.8784722222222222,0.6
0.9565217391304348,0.9574271077563381,0.9583333333333333,0.9994212962962963,0.0034451111111111115,0.015000000000000001,ArticularyWordRecognition,0,10,24.0,11,253,guide=sig | walk=aligned,0.53,9,144,2.0,0.9835405570550826,0.07499387569319971,1.31987950499375,0.8784722222222222,1.2
0.9565217391304348,0.9574271077563381,0.9583333333333333,0.9991319444444444,0.004892814814814816,0.019666666666666666,ArticularyWordRecognition,0,10,24.0,11,253,guide=dtw | walk=plain,0.53,9,144,2.0,1.2865001268411138,0.07638988335921404,1.7016596078213824,0.98828125,8.1
0.9565217391304348,0.9574271077563381,0.9583333333333333,0.9991319444444444,0.004143259259259259,0.020555555555555556,ArticularyWordRecognition,0,10,24.0,11,253,guide=dtw | walk=aligned,0.53,9,144,2.0,1.1058977313361638,0.07897142365141563,1.4381245678589147,0.98828125,8.3
0.8,0.816496580927726,0.8333333333333333,0.9950810185185186,0.011189407407407407,0.021177777777777778,ArticularyWordRecognition,0,20,24.0,11,253,none,0.53,9,144,1.7999999999999998,,,,,
0.7368421052631579,0.7637626158259734,0.7916666666666667,0.9985532407407407,0.009631925925925926,0.014488888888888888,ArticularyWordRecognition,0,20,24.0,11,253,SMOTE-raw,0.53,9,144,1.7999999999999998,1.6715264086689352,0.1981673383372426,0.45859244821956624,,
0.9565217391304348,0.9574271077563381,0.9583333333333333,0.9950810185185185,0.005659444444444444,0.01338888888888889,ArticularyWordRecognition,0,20,24.0,11,253,guide=gpf | walk=plain,0.53,9,144,1.7999999999999998,2.3770546926146405,0.14898821577195942,1.3132187424303914,0.8784722222222222,0.3
0.9565217391304348,0.9574271077563381,0.9583333333333333,0.9994212962962963,0.0043182222222222216,0.017155555555555556,ArticularyWordRecognition,0,20,24.0,11,253,guide=gpf | walk=aligned,0.53,9,144,1.7999999999999998,1.9199011393958365,0.1588625309822994,0.8368311436457084,0.8784722222222222,0.8
0.9565217391304348,0.9574271077563381,0.9583333333333333,0.9994212962962963,0.004848296296296298,0.012733333333333333,ArticularyWordRecognition,0,20,24.0,11,253,guide=sig | walk=plain,0.53,9,144,1.7999999999999998,1.2051834420829302,0.09679728658321352,1.049534345734107,0.8784722222222222,0.6
0.9565217391304348,0.9574271077563381,0.9583333333333333,0.9976851851851851,0.0041091851851851845,0.011577777777777782,ArticularyWordRecognition,0,20,24.0,11,253,guide=sig | walk=aligned,0.53,9,144,1.7999999999999998,1.1613476153404552,0.1001331923269907,1.0737657327237098,0.8784722222222222,1.1
0.9565217391304348,0.9574271077563381,0.9583333333333333,1.0,0.004358666666666666,0.018822222222222223,ArticularyWordRecognition,0,20,24.0,11,253,guide=dtw | walk=plain,0.53,9,144,1.7999999999999998,1.199446139836553,0.08756289941444007,1.1788930391638224,0.98828125,8.0
0.9565217391304348,0.9574271077563381,0.9583333333333333,0.9986979166666666,0.003844703703703703,0.014522222222222221,ArticularyWordRecognition,0,20,24.0,11,253,guide=dtw | walk=aligned,0.53,9,144,1.7999999999999998,1.2580949884048742,0.09870689661625942,1.1446350040376843,0.98828125,8.4
0.7368421052631579,0.7637626158259734,0.7916666666666667,0.9918981481481481,0.011562555555555555,0.022477777777777774,ArticularyWordRecognition,1,5,24.0,11,253,none,0.53,9,144,2.0,,,,,
0.7368421052631579,0.7637626158259734,0.7916666666666667,0.9986979166666667,0.010104962962962963,0.01657777777777778,ArticularyWordRecognition,1,5,24.0,11,253,SMOTE-raw,0.53,9,144,2.0,1.6506265983184818,0.18854432360458961,0.510904548277905,,
0.9090909090909091,0.9128709291752769,0.9166666666666667,0.9972511574074074,0.006218851851851852,0.01521111111111111,ArticularyWordRecognition,1,5,24.0,11,253,guide=gpf | walk=plain,0.53,9,144,2.0,2.2319644313866043,0.13100258201626547,1.6019922566717648,0.8784722222222222,0.3
0.9565217391304348,0.9574271077563381,0.9583333333333333,0.9997106481481481,0.0042033703703703695,0.017588888888888887,ArticularyWordRecognition,1,5,24.0,11,253,guide=gpf | walk=aligned,0.53,9,144,2.0,1.8025284143724125,0.13777328283483004,1.011014925875509,0.8784722222222222,0.8
0.9565217391304348,0.9574271077563381,0.9583333333333333,0.9992766203703703,0.004662407407407408,0.013255555555555555,ArticularyWordRecognition,1,5,24.0,11,253,guide=sig | walk=plain,0.53,9,144,2.0,1.1262022166020973,0.08745148931991897,1.456634464107623,0.8784722222222222,0.6
0.9565217391304348,0.9574271077563381,0.9583333333333333,0.9995659722222222,0.003888037037037037,0.014233333333333332,ArticularyWordRecognition,1,5,24.0,11,253,guide=sig | walk=aligned,0.53,9,144,2.0,1.039935068434568,0.08740240697372748,1.1524642791370632,0.8784722222222222,1.2
0.9565217391304348,0.9574271077563381,0.9583333333333333,0.9994212962962964,0.004408,0.01922222222222222,ArticularyWordRecognition,1,5,24.0,11,253,guide=dtw | walk=plain,0.53,9,144,2.0,1.2139997294349243,0.08003829772350568,1.3800563150034164,0.98828125,8.0
0.9565217391304348,0.9574271077563381,0.9583333333333333,0.9991319444444444,0.004115592592592592,0.019255555555555554,ArticularyWordRecognition,1,5,24.0,11,253,guide=dtw | walk=aligned,0.53,9,144,2.0,1.2514220941897651,0.09608633993529381,1.2851048295642833,0.98828125,8.4
0.7368421052631579,0.7637626158259734,0.7916666666666667,0.9947916666666666,0.011320555555555558,0.021455555555555554,ArticularyWordRecognition,1,10,24.0,11,253,none,0.53,9,144,2.0,,,,,
0.7368421052631579,0.7637626158259734,0.7916666666666667,0.998119212962963,0.010021296296296296,0.01578888888888889,ArticularyWordRecognition,1,10,24.0,11,253,SMOTE-raw,0.53,9,144,2.0,1.717946689826789,0.20329507835629512,0.4541716942386324,,
0.9565217391304348,0.9574271077563381,0.9583333333333333,0.9973958333333333,0.005654296296296296,0.013955555555555556,ArticularyWordRecognition,1,10,24.0,11,253,guide=gpf | walk=plain,0.53,9,144,2.0,2.237783350693725,0.14061373412510703,1.4243965429319612,0.8784722222222222,0.3
0.9565217391304348,0.9574271077563381,0.9583333333333333,0.9994212962962963,0.004250666666666667,0.017133333333333334,ArticularyWordRecognition,1,10,24.0,11,253,guide=gpf | walk=aligned,0.53,9,144,2.0,1.800502539832923,0.14290782120380452,0.9554627745538739,0.8784722222222222,0.8
0.9565217391304348,0.9574271077563381,0.9583333333333333,0.9997106481481481,0.005168037037037037,0.012744444444444447,ArticularyWordRecognition,1,10,24.0,11,253,guide=sig | walk=plain,0.53,9,144,2.0,1.1566578507209968,0.08861250272740229,1.2608920603240081,0.8784722222222222,0.6
0.9565217391304348,0.9574271077563381,0.9583333333333333,0.9988425925925926,0.004096518518518519,0.017688888888888886,ArticularyWordRecognition,1,10,24.0,11,253,guide=sig | walk=aligned,0.53,9,144,2.0,1.0541818863611656,0.08652368040086467,1.198262367494203,0.8784722222222222,1.2
0.9565217391304348,0.9574271077563381,0.9583333333333333,0.9997106481481481,0.004508296296296296,0.018600000000000002,ArticularyWordRecognition,1,10,24.0,11,253,guide=dtw | walk=plain,0.53,9,144,2.0,1.2663281744109618,0.07722873123376939,1.5327281150197312,0.98828125,8.0
0.9565217391304348,0.9574271077563381,0.9583333333333333,0.9981192129629629,0.004397777777777777,0.01991111111111111,ArticularyWordRecognition,1,10,24.0,11,253,guide=dtw | walk=aligned,0.53,9,144,2.0,1.299280360140969,0.09630308741291094,1.2974184197537548,0.98828125,8.4
0.6666666666666666,0.7071067811865476,0.75,0.9929108796296297,0.011063259259259259,0.02084444444444444,ArticularyWordRecognition,1,20,24.0,11,253,none,0.53,9,144,2.0,,,,,
0.7368421052631579,0.7637626158259734,0.7916666666666667,0.997974537037037,0.010028629629629627,0.01618888888888889,ArticularyWordRecognition,1,20,24.0,11,253,SMOTE-raw,0.53,9,144,2.0,1.8172167790237044,0.20784633428032429,0.46185041048537573,,
0.9090909090909091,0.9128709291752769,0.9166666666666667,0.9985532407407407,0.005967407407407407,0.015511111111111111,ArticularyWordRecognition,1,20,24.0,11,253,guide=gpf | walk=plain,0.53,9,144,2.0,2.1566089722602637,0.12688435813846954,1.5560468652882207,0.8784722222222222,0.3
0.9565217391304348,0.9574271077563381,0.9583333333333333,0.9949363425925926,0.00508462962962963,0.014522222222222225,ArticularyWordRecognition,1,20,24.0,11,253,guide=gpf | walk=aligned,0.53,9,144,2.0,1.708565406237316,0.12721994753606447,1.0544081803449699,0.8784722222222222,0.9
0.9565217391304348,0.9574271077563381,0.9583333333333333,0.9998553240740741,0.004724814814814815,0.018,ArticularyWordRecognition,1,20,24.0,11,253,guide=sig | walk=plain,0.53,9,144,2.0,1.1798626901645886,0.09768416598626584,1.3083723390792077,0.8784722222222222,0.6
0.9565217391304348,0.9574271077563381,0.9583333333333333,0.9986979166666666,0.004131111111111112,0.017244444444444448,ArticularyWordRecognition,1,20,24.0,11,253,guide=sig | walk=aligned,0.53,9,144,2.0,1.05167436076038,0.08935000684925853,1.0982058579229605,0.8784722222222222,1.2
0.9565217391304348,0.9574271077563381,0.9583333333333333,0.9986979166666667,0.004731296296296296,0.019077777777777777,ArticularyWordRecognition,1,20,24.0,11,253,guide=dtw | walk=plain,0.53,9,144,2.0,1.2686301154507813,0.07932623583819909,1.4364889736668083,0.98828125,8.0
0.9565217391304348,0.9574271077563381,0.9583333333333333,0.9986979166666666,0.004229037037037036,0.02033333333333333,ArticularyWordRecognition,1,20,24.0,11,253,guide=dtw | walk=aligned,0.53,9,144,2.0,1.2414490352745098,0.09196681159923248,1.309898955393246,0.98828125,8.4
0.6666666666666666,0.7071067811865476,0.75,0.994068287037037,0.011741703703703704,0.02157777777777778,ArticularyWordRecognition,2,5,24.0,11,253,none,0.53,9,144,2.0,,,,,
0.7368421052631579,0.7637626158259734,0.7916666666666667,0.9971064814814814,0.010088740740740742,0.015444444444444448,ArticularyWordRecognition,2,5,24.0,11,253,SMOTE-raw,0.53,9,144,2.0,1.757856016758879,0.20859130086072453,0.44373104210718556,,
0.9090909090909091,0.9128709291752769,0.9166666666666667,0.997974537037037,0.006145370370370371,0.014166666666666666,ArticularyWordRecognition,2,5,24.0,11,253,guide=gpf | walk=plain,0.53,9,144,2.0,2.4352077996868005,0.1414846389329788,1.6429772518132162,0.8784722222222222,0.3
0.9090909090909091,0.9128709291752769,0.9166666666666667,0.9921875,0.005285740740740741,0.014966666666666666,ArticularyWordRecognition,2,5,24.0,11,253,guide=gpf | walk=aligned,0.53,9,144,2.0,1.7933332831202122,0.13102930984624672,1.109965837335279,0.8784722222222222,0.8
0.9565217391304348,0.9574271077563381,0.9583333333333333,0.9991319444444444,0.004264111111111112,0.012033333333333333,ArticularyWordRecognition,2,5,24.0,11,253,guide=sig | walk=plain,0.53,9,144,2.0,1.1990426029861645,0.08347265697724537,1.5147964438753605,0.8784722222222222,0.7
0.9565217391304348,0.9574271077563381,0.9583333333333333,0.9994212962962963,0.003640555555555555,0.015455555555555557,ArticularyWordRecognition,2,5,24.0,11,253,guide=sig | walk=aligned,0.53,9,144,2.0,1.0020189542111257,0.07663992709184075,1.2753462401267737,0.8784722222222222,1.3
0.9565217391304348,0.9574271077563381,0.9583333333333333,1.0,0.004093481481481482,0.019577777777777777,ArticularyWordRecognition,2,5,24.0,11,253,guide=dtw | walk=plain,0.53,9,144,2.0,1.1381795797083072,0.0691363143021766,1.711562660922207,0.98828125,8.1
0.9565217391304348,0.9574271077563381,0.9583333333333333,0.9998553240740742,0.0037912222222222223,0.019011111111111107,ArticularyWordRecognition,2,5,24.0,11,253,guide=dtw | walk=aligned,0.53,9,144,2.0,1.0989150906816647,0.0819800961387076,1.4743453268915605,0.98828125,8.4
0.8,0.816496580927726,0.8333333333333333,0.9959490740740741,0.010276925925925927,0.019811111111111113,ArticularyWordRecognition,2,10,24.0,11,253,none,0.53,9,144,2.0,,,,,
0.7368421052631579,0.7637626158259734,0.7916666666666667,0.9963831018518517,0.009910629629629629,0.014966666666666672,ArticularyWordRecognition,2,10,24.0,11,253,SMOTE-raw,0.53,9,144,2.0,1.640679038457069,0.19280786628350005,0.490894651782182,,
0.9090909090909091,0.9128709291752769,0.9166666666666667,0.9984085648148148,0.005998777777777777,0.0137,ArticularyWordRecognition,2,10,24.0,11,253,guide=gpf | walk=plain,0.53,9,144,2.0,2.5926036038247844,0.1408610270385351,1.8941808151029857,0.8784722222222222,0.3
0.9565217391304348,0.9574271077563381,0.9583333333333333,0.9986979166666667,0.004752629629629629,0.014011111111111108,ArticularyWordRecognition,2,10,24.0,11,253,guide=gpf | walk=aligned,0.53,9,144,2.0,1.811557700702405,0.1297845839059788,1.1412900621853,0.8784722222222222,0.8
0.9565217391304348,0.9574271077563381,0.9583333333333333,1.0,0.004487148148148149,0.012566666666666663,ArticularyWordRecognition,2,10,24.0,11,253,guide=sig | walk=plain,0.53,9,144,2.0,1.1252356542949062,0.07999495900982623,1.3401080597586796,0.790625,0.7
0.9565217391304348,0.9574271077563381,0.9583333333333333,0.9997106481481481,0.00351062962962963,0.014255555555555558,ArticularyWordRecognition,2,10,24.0,11,253,guide=sig | walk=aligned,0.53,9,144,2.0,0.9730825481689198,0.07471584508453866,1.5124849427272409,0.790625,1.3
0.9565217391304348,0.9574271077563381,0.9583333333333333,1.0,0.00438,0.020066666666666663,ArticularyWordRecognition,2,10,24.0,11,253,guide=dtw | walk=plain,0.53,9,144,2.0,1.3149994632413833,0.07586112730786443,1.7802403843703085,0.98828125,8.0
0.9565217391304348,0.9574271077563381,0.9583333333333333,0.9988425925925926,0.004147185185185185,0.02,ArticularyWordRecognition,2,10,24.0,11,253,guide=dtw | walk=aligned,0.53,9,144,2.0,1.1902694652654198,0.08592648675492531,1.5795770121375388,0.98828125,8.4
0.6666666666666666,0.7071067811865476,0.75,0.9946469907407407,0.011190888888888889,0.020955555555555554,ArticularyWordRecognition,2,20,24.0,11,253,none,0.53,9,144,2.0,,,,,
0.7368421052631579,0.7637626158259734,0.7916666666666667,0.9973958333333334,0.009583111111111112,0.014955555555555557,ArticularyWordRecognition,2,20,24.0,11,253,SMOTE-raw,0.53,9,144,2.0,1.6665295566369203,0.19919108242786698,0.4615646671911738,,
0.9090909090909091,0.9128709291752769,0.9166666666666667,0.9994212962962963,0.0056169629629629625,0.013577777777777779,ArticularyWordRecognition,2,20,24.0,11,253,guide=gpf | walk=plain,0.53,9,144,2.0,2.314569242907133,0.13067724022569593,1.7759252770200242,0.8784722222222222,0.3
0.9565217391304348,0.9574271077563381,0.9583333333333333,0.9991319444444444,0.004408000000000001,0.017666666666666667,ArticularyWordRecognition,2,20,24.0,11,253,guide=gpf | walk=aligned,0.53,9,144,2.0,1.67437597007965,0.12068067110305569,1.2364070420340876,0.8784722222222222,0.8
0.9565217391304348,0.9574271077563381,0.9583333333333333,0.998119212962963,0.004848333333333333,0.01312222222222222,ArticularyWordRecognition,2,20,24.0,11,253,guide=sig | walk=plain,0.53,9,144,2.0,1.1663606843574286,0.07812386767174084,1.5769047736296238,0.8784722222222222,0.6
0.9565217391304348,0.9574271077563381,0.9583333333333333,0.9992766203703703,0.003845925925925926,0.01682222222222222,ArticularyWordRecognition,2,20,24.0,11,253,guide=sig | walk=aligned,0.53,9,144,2.0,0.9663287452501663,0.07125106448703067,1.6578270841614544,0.8784722222222222,1.1
0.9565217391304348,0.9574271077563381,0.9583333333333333,1.0,0.0038284074074074075,0.021544444444444442,ArticularyWordRecognition,2,20,24.0,11,253,guide=dtw | walk=plain,0.53,9,144,2.0,1.2800559279489025,0.07475587723463528,1.807461339568637,0.98828125,8.1
0.9565217391304348,0.9574271077563381,0.9583333333333333,1.0,0.0038918888888888887,0.018144444444444442,ArticularyWordRecognition,2,20,24.0,11,253,guide=dtw | walk=aligned,0.53,9,144,2.0,1.1781234220173147,0.08401358967427497,1.5461491913429823,0.98828125,8.5
0.8857142857142857,0.9062267870482649,0.909017928819909,0.9909017928819909,0.038832286634460554,0.06910628019323675,Epilepsy,0,5,5.0,20,80,none,0.045,3,206,2.0,,,,,
0.8533333333333334,0.901935005463705,0.9027294621354027,0.9866202836499866,0.04068727858293075,0.04859903381642513,Epilepsy,0,5,5.0,20,80,SMOTE-raw,0.045,3,206,2.0,0.23805924816700208,0.08173127837544525,0.5851523048554492,,
0.8888888888888888,0.9160653958494662,0.9175809472839176,0.9905004013914905,0.0341,0.046038647342995134,Epilepsy,0,5,5.0,20,80,guide=gpf | walk=plain,0.045,3,206,2.0,0.23101021394742882,0.0740665410452841,1.431238282683787,0.625,0.0
0.8974358974358975,0.9432662070040937,0.9432700026759433,0.9905004013914905,0.03704766505636071,0.043381642512077274,Epilepsy,0,5,5.0,20,80,guide=gpf | walk=aligned,0.045,3,206,2.0,0.1503312866680584,0.06057475713960192,1.3058144794827415,0.8333333333333334,0.3
0.918918918918919,0.9442585967651508,0.9446079743109446,0.9906341985549906,0.036023268921095,0.0543236714975845,Epilepsy,0,5,5.0,20,80,guide=sig | walk=plain,0.045,3,206,2.0,0.7909040201694599,0.1603429142311683,2.9033631908597113,0.8333333333333334,0.1
0.8974358974358975,0.9432662070040937,0.9432700026759433,0.9859512978324859,0.0428829307568438,0.05256038647342996,Epilepsy,0,5,5.0,20,80,guide=sig | walk=aligned,0.045,3,206,2.0,0.25234740336689954,0.09669237788139018,2.016873569567924,0.8333333333333334,0.3
0.961038961038961,0.9850365626224086,0.9851485148514851,0.9971902595664973,0.02089001610305958,0.05091787439613529,Epilepsy,0,5,5.0,20,80,guide=dtw | walk=plain,0.045,3,206,2.0,0.922265746289564,0.1658640086058467,3.7857563038860813,0.8333333333333334,2.3
0.9230769230769231,0.9616683389365197,0.9617340112389617,0.9938453304789938,0.03447874396135266,0.053526570048309165,Epilepsy,0,5,5.0,20,80,guide=dtw | walk=aligned,0.045,3,206,2.0,0.34298722357487965,0.12284498654187814,1.4317461463274292,0.8333333333333334,2.5
0.8064516129032258,0.8219949365267865,0.8378378378378378,0.9761841048969762,0.0649073268921095,0.07992753623188405,Epilepsy,0,10,10.0,10,90,none,0.045,3,206,2.0,,,,,
0.8656716417910447,0.8809219876361221,0.8869413968423869,0.9799304254749799,0.05297858293075684,0.04579710144927539,Epilepsy,0,10,10.0,10,90,SMOTE-raw,0.045,3,206,2.0,0.24830455949542674,0.09410482139029086,0.6321906596774564,,
0.8405797101449275,0.8720682756153674,0.877040406743377,0.9882258496119882,0.04347818035426731,0.058816425120772974,Epilepsy,0,10,10.0,10,90,guide=gpf | walk=plain,0.045,3,206,2.0,0.19965207631754622,0.07294352298274431,1.4678513774745832,0.703125,0.0
0.9041095890410958,0.9302688071298884,0.9310944607974311,0.9882258496119882,0.04106352657004831,0.05272946859903382,Epilepsy,0,10,10.0,10,90,guide=gpf | walk=aligned,0.045,3,206,2.0,0.13932202732540988,0.06400722065877285,1.3503284070626818,0.9375,0.3
0.9473684210526315,0.9716340801232448,0.9716350013379716,0.9933101418249933,0.02912536231884058,0.04548309178743962,Epilepsy,0,10,10.0,10,90,guide=sig | walk=plain,0.045,3,206,2.0,0.5392809134444205,0.12055623432497509,2.2632951704132114,0.703125,0.1
0.8974358974358975,0.9432662070040937,0.9432700026759433,0.9826063687449826,0.04332399355877616,0.05507246376811597,Epilepsy,0,10,10.0,10,90,guide=sig | walk=aligned,0.045,3,206,2.0,0.13282931854779734,0.060994193544688824,1.5023529765582975,0.703125,0.4
0.8732394366197183,0.9016382675035555,0.904067433770404,0.9834091517259834,0.04861908212560386,0.05920289855072463,Epilepsy,0,10,10.0,10,90,guide=dtw | walk=plain,0.045,3,206,2.0,0.5456342660334734,0.2262496514332818,0.8625034752607402,0.4017857142857143,4.8
0.8169014084507042,0.8631237491627403,0.8671394166443671,0.9648113459994648,0.0704436392914654,0.05101449275362321,Epilepsy,0,10,10.0,10,90,guide=dtw | walk=aligned,0.045,3,206,2.0,0.9684284474394131,0.3403895238064736,0.723639743507476,0.5625,3.8
0.5660377358490566,0.6335546468146228,0.6977522076531978,0.9178485416109179,0.12248679549114332,0.11840579710144926,Epilepsy,0,20,20.0,5,95,none,0.045,3,206,1.5999999999999999,,,,,
0.6557377049180327,0.7205088440682177,0.7504682900722505,0.9413968423869414,0.10853615136876008,0.10427536231884059,Epilepsy,0,20,20.0,5,95,SMOTE-raw,0.045,3,206,1.5999999999999999,0.6492776996863996,0.24191798216214716,0.550023018071741,,
0.8450704225352113,0.8824395115648317,0.8856034252073857,0.9755151190794755,0.05625644122383253,0.03867149758454107,Epilepsy,0,20,20.0,5,95,guide=gpf | walk=plain,0.045,3,206,1.5999999999999999,1.1392007106587836,0.31754405256166884,2.0570855811734434,0.9895833333333334,0.0
0.8,0.8481117561835346,0.8536259031308536,0.9558469360449559,0.07159863123993558,0.0430193236714976,Epilepsy,0,20,20.0,5,95,guide=gpf | walk=aligned,0.045,3,206,1.5999999999999999,0.5307769571086278,0.16405247472388151,2.406453249915135,0.7421875,0.3
0.8285714285714286,0.8676075390703752,0.8720899116938721,0.9763179020604763,0.05917938808373591,0.06019323671497584,Epilepsy,0,20,20.0,5,95,guide=sig | walk=plain,0.045,3,206,1.5999999999999999,0.43411181056692216,0.13633591090518693,1.980015185695761,0.9895833333333334,0.1
0.8055555555555556,0.8586165447309626,0.8621889215948622,0.9705646240299706,0.06542818035426731,0.06425120772946857,Epilepsy,0,20,20.0,5,95,guide=sig | walk=aligned,0.045,3,206,1.5999999999999999,0.4686195862820344,0.17159950338880636,1.4433413131318757,0.7421875,0.4
0.8059701492537313,0.8414597965694547,0.85001337971635,0.955980733208456,0.07235249597423511,0.054782608695652185,Epilepsy,0,20,20.0,5,95,guide=dtw | walk=plain,0.045,3,206,1.5999999999999999,0.7065366429059767,0.20859553352361182,2.056635233471351,0.7421875,2.6
0.7647058823529411,0.817260937640279,0.8265988761038265,0.939122290607439,0.09166650563607086,0.08917874396135266,Epilepsy,0,20,20.0,5,95,guide=dtw | walk=aligned,0.045,3,206,1.5999999999999999,0.6725695466995543,0.21937973837593094,1.3375463347335885,0.7421875,2.9
0.8059701492537313,0.8414597965694547,0.85001337971635,0.9862188921594861,0.0471194041867955,0.07282608695652176,Epilepsy,1,5,5.0,20,80,none,0.045,3,206,2.0,,,,,
0.8493150684931506,0.8923904510654496,0.8941664436713941,0.9828739630719828,0.04817246376811595,0.061014492753623195,Epilepsy,1,5,5.0,20,80,SMOTE-raw,0.045,3,206,2.0,0.4457728379117265,0.1451678691703454,0.5178748109787022,,
0.918918918918919,0.9442585967651508,0.9446079743109446,0.9943805191329944,0.028265217391304345,0.043236714975845435,Epilepsy,1,5,5.0,20,80,guide=gpf | walk=plain,0.045,3,206,2.0,0.13674279262068856,0.0508680633689208,1.160129226441062,0.8333333333333334,0.0
0.9066666666666666,0.9394285978438609,0.9396574792614396,0.9859512978324859,0.039654186795491146,0.053405797101449305,Epilepsy,1,5,5.0,20,80,guide=gpf | walk=aligned,0.045,3,206,2.0,0.5674641602336385,0.17953381188046946,1.0453389308950525,0.8333333333333334,0.3
0.9041095890410958,0.9302688071298884,0.9310944607974311,0.9906341985549906,0.035183494363929146,0.057512077294686,Epilepsy,1,5,5.0,20,80,guide=sig | walk=plain,0.045,3,206,2.0,0.24847016619850848,0.08484500550031615,1.5558717710255245,0.8333333333333334,0.1
0.8493150684931506,0.8923904510654496,0.8941664436713941,0.9784586566764785,0.05779404186795492,0.07990338164251207,Epilepsy,1,5,5.0,20,80,guide=sig | walk=aligned,0.045,3,206,2.0,0.686173811866067,0.20913077651430645,0.933672344659913,0.8333333333333334,0.3
0.9473684210526315,0.9716340801232448,0.9716350013379716,0.9917045758629918,0.029995008051529787,0.054154589371980706,Epilepsy,1,5,5.0,20,80,guide=dtw | walk=plain,0.045,3,206,2.0,0.28081187063150104,0.08280830772569203,2.0648695589012016,0.8333333333333334,2.2
0.8648648648648649,0.906669604952555,0.9076799571849077,0.9894300240834895,0.03898107890499195,0.054227053140096626,Epilepsy,1,5,5.0,20,80,guide=dtw | walk=aligned,0.045,3,206,2.0,0.6772166699442757,0.21033421921052564,0.9182797634752954,0.8333333333333334,2.5
0.6885245901639344,0.7420977866605928,0.7689322986352689,0.9652127374899653,0.08357592592592593,0.09403381642512079,Epilepsy,1,10,10.0,10,90,none,0.045,3,206,1.5999999999999999,,,,,
0.7076923076923077,0.768666555807257,0.786058335563286,0.9641423601819642,0.07485523349436392,0.07942028985507246,Epilepsy,1,10,10.0,10,90,SMOTE-raw,0.045,3,206,1.5999999999999999,0.5337259892623913,0.19100491791812013,0.5014744602994282,,
0.8333333333333334,0.8778790701234258,0.8806529301578807,0.9775220765319775,0.057039774557165863,0.05019323671497585,Epilepsy,1,10,10.0,10,90,guide=gpf | walk=plain,0.045,3,206,1.5999999999999999,0.3230614181090401,0.11429630668353385,1.0523661542109208,0.9375,0.0
0.746268656716418,0.8013902824470998,0.813085362590313,0.9676210864329676,0.07334935587761675,0.0673671497584541,Epilepsy,1,10,10.0,10,90,guide=gpf | walk=aligned,0.045,3,206,1.5999999999999999,0.8581740915504021,0.2730058577226082,0.8297537982030979,0.9375,0.3
0.7272727272727273,0.7851989107281139,0.7995718490767996,0.9644099545089644,0.07410458937198067,0.06640096618357487,Epilepsy,1,10,10.0,10,90,guide=sig | walk=plain,0.045,3,206,1.5999999999999999,0.3589240215124796,0.137235015016401,0.6787677403007288,0.5625,0.1
0.7647058823529411,0.817260937640279,0.8265988761038265,0.9550441530639551,0.08401368760064412,0.06623188405797101,Epilepsy,1,10,10.0,10,90,guide=sig | walk=aligned,0.045,3,206,1.5999999999999999,0.7419717747301238,0.22758037068731873,0.9251610346530588,0.5625,0.6
0.8656716417910447,0.8809219876361221,0.8869413968423869,0.9862188921594862,0.048782367149758456,0.04475845410628018,Epilepsy,1,10,10.0,10,90,guide=dtw | walk=plain,0.045,3,206,1.5999999999999999,0.2976732519621661,0.12164269144459372,1.2029129651750397,0.703125,2.7
0.7536231884057971,0.8129932273338204,0.8216483810543216,0.9464811345999464,0.08968236714975845,0.06524154589371982,Epilepsy,1,10,10.0,10,90,guide=dtw | walk=aligned,0.045,3,206,1.5999999999999999,0.9996494355085546,0.3256369562928678,0.9099733786423571,0.703125,3.1
0.391304347826087,0.4931969619160719,0.6216216216216216,0.9502274551779502,0.12751481481481483,0.1554106280193237,Epilepsy,1,20,20.0,5,95,none,0.045,3,206,1.5999999999999999,,,,,
0.8253968253968254,0.8382736442849095,0.8513513513513513,0.9668183034519668,0.0627268115942029,0.06364734299516905,Epilepsy,1,20,20.0,5,95,SMOTE-raw,0.045,3,206,1.5999999999999999,1.1695406568283935,0.2673245070933664,0.45167071875102094,,
0.8656716417910447,0.8809219876361221,0.8869413968423869,0.9836767460529836,0.04532922705314009,0.03842995169082128,Epilepsy,1,20,20.0,5,95,guide=gpf | walk=plain,0.045,3,206,1.5999999999999999,1.5821893170784782,0.29209981755843306,1.1042825460086618,0.7421875,0.0
0.8285714285714286,0.8676075390703752,0.8720899116938721,0.9698956382124698,0.059031884057971024,0.040338164251207724,Epilepsy,1,20,20.0,5,95,guide=gpf | walk=aligned,0.045,3,206,1.5999999999999999,0.4695042049325435,0.10028183599987217,0.8557606292713726,0.59375,0.4
0.835820895522388,0.8612615598322857,0.8684773882793685,0.9677548835964677,0.05975772946859903,0.04519323671497585,Epilepsy,1,20,20.0,5,95,guide=sig | walk=plain,0.045,3,206,1.5999999999999999,2.1912809646614595,0.44058077227149517,0.7569699410512488,0.42410714285714285,0.2
0.8450704225352113,0.8824395115648317,0.8856034252073857,0.9740433502809741,0.05797914653784218,0.035241545893719806,Epilepsy,1,20,20.0,5,95,guide=sig | walk=aligned,0.045,3,206,1.5999999999999999,0.5569546179779641,0.11039193781760082,0.7828193589785829,0.3298611111111111,0.9
0.9444444444444444,0.9538452242376171,0.9545089644099545,0.9949157077869949,0.029504991948470213,0.055845410628019315,Epilepsy,1,20,20.0,5,95,guide=dtw | walk=plain,0.045,3,206,1.5999999999999999,1.5144116515753576,0.3374644685066086,0.8453789768159127,0.7421875,2.6
0.8055555555555556,0.8586165447309626,0.8621889215948622,0.9636071715279636,0.06942133655394525,0.04823671497584541,Epilepsy,1,20,20.0,5,95,guide=dtw | walk=aligned,0.045,3,206,1.5999999999999999,0.5234538720503958,0.15105773021824032,0.5263964423940657,0.7421875,2.9
0.8823529411764706,0.8959815740297358,0.9004549103559005,0.9941129248059941,0.03944202898550725,0.06734299516908213,Epilepsy,2,5,5.0,20,80,none,0.045,3,206,2.1999999999999997,,,,,
0.9090909090909091,0.9482177696715555,0.9482204977254483,0.9911693872089911,0.03529822866344605,0.04183574879227053,Epilepsy,2,5,5.0,20,80,SMOTE-raw,0.045,3,206,2.1999999999999997,0.33631075339190186,0.1290291495964626,0.5994463737611011,,
0.9473684210526315,0.9716340801232448,0.9716350013379716,0.9914369815359914,0.030920370370370372,0.037850241545893726,Epilepsy,2,5,5.0,20,80,guide=gpf | walk=plain,0.045,3,206,2.1999999999999997,0.1927499877337122,0.07146451403813481,1.4874710041744303,0.8333333333333334,0.0
0.8974358974358975,0.9432662070040937,0.9432700026759433,0.9834091517259834,0.04497971014492754,0.07188405797101452,Epilepsy,2,5,5.0,20,80,guide=gpf | walk=aligned,0.045,3,206,2.1999999999999997,0.18303006053457405,0.07666081124001456,1.0252818527683034,0.8333333333333334,0.3
0.961038961038961,0.9850365626224086,0.9851485148514851,0.9955846936044955,0.024077133655394524,0.052415458937198074,Epilepsy,2,5,5.0,20,80,guide=sig | walk=plain,0.045,3,206,2.1999999999999997,0.5715676991568124,0.13018368086494458,2.216056910723899,0.8333333333333334,0.1
0.8974358974358975,0.9432662070040937,0.9432700026759433,0.9847471233609847,0.043336876006441226,0.06091787439613529,Epilepsy,2,5,5.0,20,80,guide=sig | walk=aligned,0.045,3,206,2.1999999999999997,0.20611188612781195,0.09093800026649523,1.5065313531760618,0.8333333333333334,0.3
0.96,0.9765788147553446,0.9765854963874766,0.9986620283649987,0.020654428341384864,0.07512077294685993,Epilepsy,2,5,5.0,20,80,guide=dtw | walk=plain,0.045,3,206,2.1999999999999997,0.5532307080177215,0.12064561145538355,3.9282535256771536,0.8333333333333334,2.3
0.9113924050632911,0.9566465378293674,0.9567835161894568,0.9946481134599946,0.03269541062801932,0.05596618357487918,Epilepsy,2,5,5.0,20,80,guide=dtw | walk=aligned,0.045,3,206,2.1999999999999997,0.3066553293277692,0.10702014655662373,2.0912836113790654,0.8333333333333334,2.5
0.7419354838709677,0.7805845774671758,0.8009098207118008,0.971902595664972,0.08257826086956521,0.08323671497584542,Epilepsy,2,10,10.0,10,90,none,0.045,3,206,2.1999999999999997,,,,,
0.75,0.7933359043334857,0.8094728391758095,0.9772544822049772,0.07228582930756844,0.07207729468599035,Epilepsy,2,10,10.0,10,90,SMOTE-raw,0.045,3,206,2.1999999999999997,0.4904496039208406,0.15386205792104168,0.5031761495560108,,
0.8285714285714286,0.8676075390703752,0.8720899116938721,0.9854161091784854,0.05075491143317231,0.05487922705314011,Epilepsy,2,10,10.0,10,90,guide=gpf | walk=plain,0.045,3,206,2.1999999999999997,0.23714534122226127,0.084334726399931,0.5994419045300219,0.5625,0.1
0.8533333333333334,0.901935005463705,0.9027294621354027,0.9876906609579876,0.04410008051529791,0.06210144927536232,Epilepsy,2,10,10.0,10,90,guide=gpf | walk=aligned,0.045,3,206,2.1999999999999997,0.26861763344087675,0.0849404590182875,0.8278709586519075,0.9375,0.3
0.8571428571428571,0.8869765055404719,0.8905539202568906,0.9855499063419856,0.048299677938808384,0.04777777777777781,Epilepsy,2,10,10.0,10,90,guide=sig | walk=plain,0.045,3,206,2.1999999999999997,0.2138467858881088,0.07847143443061744,0.7483924575897748,0.5625,0.1
0.7887323943661971,0.8436829438958168,0.8486754080813487,0.9748461332619749,0.06542399355877615,0.07642512077294683,Epilepsy,2,10,10.0,10,90,guide=sig | walk=aligned,0.045,3,206,2.1999999999999997,0.3073366528803414,0.09700831236122054,0.6025472911201185,0.5625,0.6
0.9333333333333333,0.9580441229979535,0.9581214878244582,0.9951833021139952,0.024897181964573266,0.05495169082125604,Epilepsy,2,10,10.0,10,90,guide=dtw | walk=plain,0.045,3,206,2.1999999999999997,1.6182112598298357,0.2682805738757347,2.921150864698218,0.5625,3.4
0.8767123287671232,0.9113796086202668,0.9126304522344126,0.9814021942734814,0.053821819645732696,0.07591787439613527,Epilepsy,2,10,10.0,10,90,guide=dtw | walk=aligned,0.045,3,206,2.1999999999999997,0.6195027676518186,0.20431069558403414,1.623843491400361,0.5625,3.9
0.49056603773584906,0.5838794161454409,0.6608241905271608,0.9404602622424404,0.11689186795491144,0.1339855072463768,Epilepsy,2,20,20.0,5,95,none,0.045,3,206,1.5999999999999999,,,,,
0.6206896551724138,0.6870490468870997,0.7283917580947283,0.9535723842654537,0.10819806763285024,0.10787439613526568,Epilepsy,2,20,20.0,5,95,SMOTE-raw,0.045,3,206,1.5999999999999999,0.6525092522664588,0.21823392403015984,0.5263127774712287,,
0.835820895522388,0.8612615598322857,0.8684773882793685,0.9878244581214878,0.044231320450885674,0.06330917874396134,Epilepsy,2,20,20.0,5,95,guide=gpf | walk=plain,0.045,3,206,1.5999999999999999,0.5317160504640486,0.17734214144588056,1.3475596751740506,0.9895833333333334,0.0
0.8,0.8299324054998026,0.8414503612523414,0.9693604495584693,0.07503293075684381,0.07181159420289852,Epilepsy,2,20,20.0,5,95,guide=gpf | walk=aligned,0.045,3,206,1.5999999999999999,0.8775710565625332,0.26856295427270116,1.2282546819346423,0.9895833333333334,0.2
0.7878787878787878,0.8257301891033668,0.8364998662028365,0.971099812683971,0.07401658615136875,0.07144927536231882,Epilepsy,2,20,20.0,5,95,guide=sig | walk=plain,0.045,3,206,1.5999999999999999,0.7812598068333358,0.2797432741110405,0.5033334188914826,0.59375,0.1
0.7575757575757576,0.8055533768631653,0.818035857639818,0.9652127374899652,0.08235515297906604,0.08055555555555553,Epilepsy,2,20,20.0,5,95,guide=sig | walk=aligned,0.045,3,206,1.5999999999999999,0.8025045669635953,0.2537281259335964,0.5448720627534088,0.4947916666666667,0.6
0.8571428571428571,0.8869765055404719,0.8905539202568906,0.9787262510034788,0.0600756843800322,0.048309178743961366,Epilepsy,2,20,20.0,5,95,guide=dtw | walk=plain,0.045,3,206,1.5999999999999999,0.4138511208824991,0.1493844440919585,0.9052370087195342,0.59375,3.3
0.7301587301587301,0.776632225096669,0.7959593256622959,0.9565159218624565,0.09143848631239937,0.08637681159420293,Epilepsy,2,20,20.0,5,95,guide=dtw | walk=aligned,0.045,3,206,1.5999999999999999,1.08734965132232,0.3287711727463191,0.713109705679105,0.59375,3.6
0.9310344827586207,0.9455157322858251,0.9466666666666667,0.9908888888888889,0.02831611111111111,0.06209259259259259,NATOPS,0,5,5.0,30,120,none,0.715,24,51,2.1999999999999997,,,,,
0.8813559322033898,0.9215928240461366,0.9233333333333333,0.9846666666666667,0.03450913580246914,0.0414074074074074,NATOPS,0,5,5.0,30,120,SMOTE-raw,0.715,24,51,2.1999999999999997,0.6511561796644729,0.08881383341467453,0.6881414134025718,,
0.8928571428571429,0.9098229375970788,0.9133333333333333,0.9956666666666667,0.019881296296296293,0.04775925925925925,NATOPS,0,5,5.0,30,120,guide=gpf | walk=plain,0.715,24,51,2.1999999999999997,3.342674500807642,0.08462301210060763,10.0947449224393,0.75,0.8
0.9666666666666667,0.9799092928543041,0.98,0.9971111111111111,0.01506796296296296,0.03861111111111112,NATOPS,0,5,5.0,30,120,guide=gpf | walk=aligned,0.715,24,51,2.1999999999999997,0.45838087761317503,0.05754096616655047,2.6575357526580485,0.75,0.8
0.9666666666666667,0.9799092928543041,0.98,0.9971111111111112,0.015713395061728398,0.04046296296296296,NATOPS,0,5,5.0,30,120,guide=sig | walk=plain,0.715,24,51,2.1999999999999997,4.688028166334454,0.15156329440796645,14.230494407259206,0.75,0.2
0.9666666666666667,0.9799092928543041,0.98,0.9981111111111112,0.015497530864197532,0.04666666666666668,NATOPS,0,5,5.0,30,120,guide=sig | walk=aligned,0.715,24,51,2.1999999999999997,1.0170098210404515,0.07025997525896466,2.3083966257926343,0.9375,0.3
0.9666666666666667,0.9799092928543041,0.98,0.9964444444444445,0.01983895061728395,0.05698148148148148,NATOPS,0,5,5.0,30,120,guide=dtw | walk=plain,0.715,24,51,2.1999999999999997,3.6743890800309638,0.08590491038381931,11.890153804209511,0.75,0.8
0.9206349206349206,0.9699942726062298,0.97,0.9979999999999999,0.01878246913580247,0.04829629629629626,NATOPS,0,5,5.0,30,120,guide=dtw | walk=aligned,0.715,24,51,2.1999999999999997,0.3967050733392474,0.03635586747598396,2.1215935559317978,0.75,0.8
0.6666666666666666,0.7071067811865476,0.75,0.9755555555555555,0.05245074074074075,0.060148148148148145,NATOPS,0,10,10.0,15,135,none,0.715,24,51,2.1999999999999997,,,,,
0.8928571428571429,0.9098229375970788,0.9133333333333333,0.994,0.02898098765432099,0.04848148148148147,NATOPS,0,10,10.0,15,135,SMOTE-raw,0.715,24,51,2.1999999999999997,0.8602940073794088,0.08518469593187428,0.6711206906446882,,
0.9285714285714286,0.9309493362512627,0.9333333333333333,0.9878888888888888,0.02422006172839506,0.04398148148148148,NATOPS,0,10,10.0,15,135,guide=gpf | walk=plain,0.715,24,51,2.1999999999999997,5.911252957072833,0.1158836214554606,12.94684350293182,0.84375,0.8
0.9090909090909091,0.9128709291752769,0.9166666666666667,0.9916666666666667,0.019550308641975312,0.03312962962962964,NATOPS,0,10,10.0,15,135,guide=gpf | walk=aligned,0.715,24,51,2.1999999999999997,1.4067617239781,0.07942305511558545,0.9704558287336938,0.84375,0.8
0.9310344827586207,0.9455157322858251,0.9466666666666667,0.9961111111111112,0.019755,0.054981481481481485,NATOPS,0,10,10.0,15,135,guide=sig | walk=plain,0.715,24,51,2.1999999999999997,4.618263391804543,0.10963064741448003,7.013374630601639,0.84375,0.2
0.9491525423728814,0.9628660919936433,0.9633333333333334,0.9957777777777778,0.017964629629629626,0.04246296296296296,NATOPS,0,10,10.0,15,135,guide=sig | walk=aligned,0.715,24,51,2.1999999999999997,1.281654890617192,0.08171947722224415,0.8969739944638147,0.703125,0.3
0.9122807017543859,0.927840982544363,0.9299999999999999,0.994,0.023917469135802467,0.0475,NATOPS,0,10,10.0,15,135,guide=dtw | walk=plain,0.715,24,51,2.1999999999999997,7.272637982489147,0.1152412012082884,17.648548885243557,0.84375,0.7
0.9666666666666667,0.9799092928543041,0.98,0.996,0.015680802469135804,0.04164814814814813,NATOPS,0,10,10.0,15,135,guide=dtw | walk=aligned,0.715,24,51,2.1999999999999997,0.6642155404423882,0.03783896000461173,1.3538217233952448,0.84375,0.8
0.5365853658536586,0.6055300708194983,0.6833333333333333,0.9822222222222223,0.06294987654320988,0.08596296296296295,NATOPS,0,20,18.8,8,142,none,0.715,24,51,1.7999999999999998,,,,,
0.7547169811320755,0.8082903768654761,0.8233333333333333,0.9536666666666667,0.06158611111111111,0.046240740740740735,NATOPS,0,20,18.8,8,142,SMOTE-raw,0.715,24,51,1.7999999999999998,2.748159675317309,0.25119201559425164,0.605259857008698,,
0.9310344827586207,0.9455157322858251,0.9466666666666667,0.9955555555555555,0.025527345679012346,0.05375925925925927,NATOPS,0,20,18.8,8,142,guide=gpf | walk=plain,0.715,24,51,1.7999999999999998,2.116816413996993,0.15140007851354276,1.7996211961300879,0.6339285714285714,1.1
0.9310344827586207,0.9455157322858251,0.9466666666666667,0.9947777777777778,0.021726543209876544,0.04677777777777778,NATOPS,0,20,18.8,8,142,guide=gpf | walk=aligned,0.715,24,51,1.7999999999999998,2.957750255057304,0.26782850915068146,0.6804769057626517,0.4034090909090909,1.6
0.9333333333333333,0.959629558157151,0.96,0.9923333333333333,0.02842314814814815,0.053129629629629624,NATOPS,0,20,18.8,8,142,guide=sig | walk=plain,0.715,24,51,1.7999999999999998,3.2000624248847753,0.11152719034144809,7.12505281279614,0.7395833333333334,0.3
0.9310344827586207,0.9455157322858251,0.9466666666666667,0.9957777777777778,0.021777901234567902,0.04659259259259259,NATOPS,0,20,18.8,8,142,guide=sig | walk=aligned,0.715,24,51,1.7999999999999998,2.4986888577070268,0.26485914871769134,0.6431753028702376,0.5546875,0.4
0.8363636363636363,0.8697381470560231,0.8766666666666667,0.977,0.04716148148148148,0.07622222222222223,NATOPS,0,20,18.8,8,142,guide=dtw | walk=plain,0.715,24,51,1.7999999999999998,1.9799723565902951,0.08116220655727091,4.263795108148396,0.7395833333333334,0.8
0.9122807017543859,0.927840982544363,0.9299999999999999,0.9946666666666666,0.025778518518518517,0.04733333333333333,NATOPS,0,20,18.8,8,142,guide=dtw | walk=aligned,0.715,24,51,1.7999999999999998,2.0454822246579507,0.2005245149135635,0.6261278127413115,0.8875,0.8
0.8727272727272727,0.8914407813571615,0.8966666666666667,0.9905555555555556,0.02892160493827161,0.06581481481481483,NATOPS,1,5,5.0,30,120,none,0.715,24,51,2.1999999999999997,,,,,
0.8771929824561403,0.9067647005823629,0.91,0.9886666666666667,0.03135753086419753,0.03177777777777777,NATOPS,1,5,5.0,30,120,SMOTE-raw,0.715,24,51,2.1999999999999997,0.5949950493120859,0.09032701805860222,0.6596110019213178,,
0.9666666666666667,0.9799092928543041,0.98,0.9968888888888889,0.017112716049382713,0.04507407407407409,NATOPS,1,5,5.0,30,120,guide=gpf | walk=plain,0.715,24,51,2.1999999999999997,1.3528842793956022,0.04039590310518304,6.116797756480887,0.75,0.7
0.9666666666666667,0.9799092928543041,0.98,0.9976666666666667,0.013514691358024692,0.0374814814814815,NATOPS,1,5,5.0,30,120,guide=gpf | walk=aligned,0.715,24,51,2.1999999999999997,0.4587989363040963,0.06777962030253926,0.7805806964914141,0.75,0.8
0.9666666666666667,0.9799092928543041,0.98,0.9979999999999999,0.014182654320987654,0.04275925925925927,NATOPS,1,5,5.0,30,120,guide=sig | walk=plain,0.715,24,51,2.1999999999999997,2.397087608453199,0.07372279826087624,8.83586308071777,0.75,0.2
0.9666666666666667,0.9799092928543041,0.98,0.9961111111111111,0.01637561728395062,0.04194444444444448,NATOPS,1,5,5.0,30,120,guide=sig | walk=aligned,0.715,24,51,2.1999999999999997,0.7671572685238681,0.06794487043683484,1.3447663347674648,0.75,0.3
0.9666666666666667,0.9799092928543041,0.98,0.9968888888888888,0.02079104938271605,0.055685185185185185,NATOPS,1,5,5.0,30,120,guide=dtw | walk=plain,0.715,24,51,2.1999999999999997,1.908834635688648,0.05688361975207379,17.183618387976516,0.9375,0.7
0.9206349206349206,0.9699942726062298,0.97,0.9964444444444445,0.019504876543209877,0.05494444444444447,NATOPS,1,5,5.0,30,120,guide=dtw | walk=aligned,0.715,24,51,2.1999999999999997,0.3815555731127276,0.04629753530922576,1.4945382346780345,0.9375,0.7
0.8,0.816496580927726,0.8333333333333333,0.9837777777777778,0.04413524691358024,0.06642592592592593,NATOPS,1,10,10.0,15,135,none,0.715,24,51,2.0,,,,,
0.8301886792452831,0.8534895690308373,0.8633333333333333,0.979,0.04611722222222222,0.0387962962962963,NATOPS,1,10,10.0,15,135,SMOTE-raw,0.715,24,51,2.0,0.9226132976617887,0.1120375300322839,0.6319210057479304,,
0.9491525423728814,0.9628660919936433,0.9633333333333334,0.9967777777777778,0.01600253086419753,0.04401851851851854,NATOPS,1,10,10.0,15,135,guide=gpf | walk=plain,0.715,24,51,2.0,1.0295327119131379,0.039975081994413686,5.536208827289454,0.84375,0.8
0.9666666666666667,0.9799092928543041,0.98,0.9973333333333333,0.015061358024691357,0.040999999999999995,NATOPS,1,10,10.0,15,135,guide=gpf | walk=aligned,0.715,24,51,2.0,0.4842005983507045,0.06669898558977816,0.8737679544033579,0.84375,0.8
0.9666666666666667,0.9799092928543041,0.98,0.9985555555555555,0.014462962962962966,0.04322222222222223,NATOPS,1,10,10.0,15,135,guide=sig | walk=plain,0.715,24,51,2.0,0.6862005709916463,0.05360767427579616,2.987091540349754,0.84375,0.3
0.9666666666666667,0.9799092928543041,0.98,0.9984444444444444,0.013598641975308641,0.046111111111111096,NATOPS,1,10,10.0,15,135,guide=sig | walk=aligned,0.715,24,51,2.0,0.6463354906793279,0.10080426570292722,0.8186692352539101,0.84375,0.3
0.9491525423728814,0.9628660919936433,0.9633333333333334,0.9951111111111111,0.023968703703703704,0.06138888888888888,NATOPS,1,10,10.0,15,135,guide=dtw | walk=plain,0.715,24,51,2.0,1.4991545874275065,0.0645818802856275,7.921339003974931,0.84375,0.7
0.9508196721311475,0.9766154707855993,0.9766666666666667,0.9966666666666667,0.015779876543209875,0.04270370370370371,NATOPS,1,10,10.0,15,135,guide=dtw | walk=aligned,0.715,24,51,2.0,0.36919979437600237,0.053258669708312056,1.0756438586952635,0.84375,0.8
0.3684210526315789,0.48143304599682163,0.6133333333333333,0.888888888888889,0.09374308641975308,0.05414814814814813,NATOPS,1,20,18.8,8,142,none,0.715,24,51,1.7999999999999998,,,,,
0.7450980392156863,0.7904991390816873,0.81,0.9196666666666666,0.06408993827160495,0.059092592592592606,NATOPS,1,20,18.8,8,142,SMOTE-raw,0.715,24,51,1.7999999999999998,1.4488901773883445,0.10920381429004611,0.611684745143189,,
0.6666666666666666,0.7254117604658903,0.76,0.9347777777777777,0.06379969135802468,0.05920370370370371,NATOPS,1,20,18.8,8,142,guide=gpf | walk=plain,0.715,24,51,1.7999999999999998,8.225720957739037,0.22380552827230638,2.357541154199023,0.34134615384615385,1.6
0.5238095238095238,0.603508261933689,0.6799999999999999,0.9044444444444445,0.0788143827160494,0.04016666666666666,NATOPS,1,20,18.8,8,142,guide=gpf | walk=aligned,0.715,24,51,1.7999999999999998,5.551757394004872,0.32936049141428336,0.290275073107102,0.4034090909090909,1.6
0.5581395348837209,0.6303438215238834,0.6966666666666667,0.9294444444444445,0.0725874074074074,0.06755555555555556,NATOPS,1,20,18.8,8,142,guide=sig | walk=plain,0.715,24,51,1.7999999999999998,4.495358695670424,0.16633952957747145,1.0621747849902687,0.44375,0.3
0.72,0.7694153624668538,0.7933333333333333,0.9542222222222223,0.05405549382716049,0.05112962962962962,NATOPS,1,20,18.8,8,142,guide=sig | walk=aligned,0.715,24,51,1.7999999999999998,2.5463279162110393,0.14191803994168695,0.519964363889168,0.6339285714285714,0.4
0.8076923076923077,0.8338664961091394,0.8466666666666667,0.9667777777777778,0.047329691358024686,0.06475925925925927,NATOPS,1,20,18.8,8,142,guide=dtw | walk=plain,0.715,24,51,1.7999999999999998,3.3951524444091685,0.21957998125654787,1.5231137303753373,0.8875,0.7
0.7931034482758621,0.8608781046763305,0.8666666666666667,0.9193333333333333,0.06116555555555557,0.08377777777777781,NATOPS,1,20,18.8,8,142,guide=dtw | walk=aligned,0.715,24,51,1.7999999999999998,2.028673909119366,0.14715861007862907,0.41243495501586425,0.8875,0.8
0.8928571428571429,0.9098229375970788,0.9133333333333333,0.9932222222222222,0.026657530864197535,0.05566666666666668,NATOPS,2,5,5.0,30,120,none,0.715,24,51,2.1999999999999997,,,,,
0.9122807017543859,0.927840982544363,0.9299999999999999,0.9885555555555556,0.03174061728395061,0.048481481481481487,NATOPS,2,5,5.0,30,120,SMOTE-raw,0.715,24,51,2.1999999999999997,0.6356626294255694,0.09900237703566572,0.6241761134780434,,
0.9122807017543859,0.927840982544363,0.9299999999999999,0.9951111111111112,0.018379814814814814,0.050648148148148164,NATOPS,2,5,5.0,30,120,guide=gpf | walk=plain,0.715,24,51,2.1999999999999997,3.9967276693782923,0.11825221282626075,14.841874140410168,0.75,0.7
0.9666666666666667,0.9799092928543041,0.98,0.9974444444444445,0.015951604938271604,0.04288888888888888,NATOPS,2,5,5.0,30,120,guide=gpf | walk=aligned,0.715,24,51,2.1999999999999997,0.4915513582793114,0.05382554204430168,3.333816439625029,0.75,0.8
0.9491525423728814,0.9628660919936433,0.9633333333333334,0.998,0.01720574074074074,0.04527777777777777,NATOPS,2,5,5.0,30,120,guide=sig | walk=plain,0.715,24,51,2.1999999999999997,4.080006480701392,0.15656978364667806,17.871841277370844,0.75,0.2
0.9491525423728814,0.9628660919936433,0.9633333333333334,0.998,0.014132407407407406,0.042277777777777754,NATOPS,2,5,5.0,30,120,guide=sig | walk=aligned,0.715,24,51,2.1999999999999997,1.0531543821489295,0.07653755385236849,2.4576369136560188,0.75,0.3
0.9491525423728814,0.9628660919936433,0.9633333333333334,0.9953333333333333,0.021287901234567905,0.057888888888888886,NATOPS,2,5,5.0,30,120,guide=dtw | walk=plain,0.715,24,51,2.1999999999999997,3.6376630569660007,0.10639111769578635,17.017171882632823,0.75,0.8
0.9508196721311475,0.9766154707855993,0.9766666666666667,0.9973333333333334,0.020085555555555558,0.0574074074074074,NATOPS,2,5,5.0,30,120,guide=dtw | walk=aligned,0.715,24,51,2.1999999999999997,0.36330235159617086,0.036738460289911345,1.283097616668852,0.75,0.8
0.8,0.816496580927726,0.8333333333333333,0.9716666666666667,0.049737222222222224,0.045537037037037036,NATOPS,2,10,10.0,15,135,none,0.715,24,51,2.1999999999999997,,,,,
0.7777777777777778,0.8282511696339462,0.84,0.9875555555555555,0.04253382716049383,0.06274074074074074,NATOPS,2,10,10.0,15,135,SMOTE-raw,0.715,24,51,2.1999999999999997,1.1609789967833688,0.10435084064272349,0.5753585006565547,,
0.8928571428571429,0.9098229375970788,0.9133333333333333,0.9936666666666667,0.023003641975308645,0.041648148148148156,NATOPS,2,10,10.0,15,135,guide=gpf | walk=plain,0.715,24,51,2.1999999999999997,5.6406779431766925,0.1196699893246248,6.922518917977721,0.703125,0.8
0.8928571428571429,0.9098229375970788,0.9133333333333333,0.9944444444444445,0.02287166666666667,0.033462962962962965,NATOPS,2,10,10.0,15,135,guide=gpf | walk=aligned,0.715,24,51,2.1999999999999997,4.346960856113226,0.11877282584704718,5.582878780775782,0.6026785714285714,1.1
0.9122807017543859,0.927840982544363,0.9299999999999999,0.9973333333333334,0.020805493827160498,0.05527777777777778,NATOPS,2,10,10.0,15,135,guide=sig | walk=plain,0.715,24,51,2.1999999999999997,3.9243345927029036,0.06158304324911912,14.330599170175905,0.52734375,0.3
0.9310344827586207,0.9455157322858251,0.9466666666666667,0.9968888888888889,0.017746296296296295,0.04514814814814816,NATOPS,2,10,10.0,15,135,guide=sig | walk=aligned,0.715,24,51,2.1999999999999997,1.0232139361843426,0.035445634548479155,12.35570709866825,0.46875,0.4
0.8928571428571429,0.9098229375970788,0.9133333333333333,0.9943333333333334,0.02516123456790124,0.04514814814814814,NATOPS,2,10,10.0,15,135,guide=dtw | walk=plain,0.715,24,51,2.1999999999999997,5.510094878326408,0.13274072974779383,8.341360573583875,0.84375,0.8
0.9152542372881356,0.9423375191511798,0.9433333333333334,0.995,0.019939629629629634,0.0364074074074074,NATOPS,2,10,10.0,15,135,guide=dtw | walk=aligned,0.715,24,51,2.1999999999999997,1.6141301054104762,0.05638514884301349,2.429217848536701,0.84375,0.8
0.125,0.2581988897471611,0.5333333333333333,0.944,0.09028364197530865,0.08650000000000002,NATOPS,2,20,18.8,8,142,none,0.715,24,51,2.4,,,,,
0.5416666666666666,0.6472162612982533,0.7,0.9161111111111111,0.08625444444444444,0.047,NATOPS,2,20,18.8,8,142,SMOTE-raw,0.715,24,51,2.4,2.3866076584338174,0.14608813882502036,0.4477216864982796,,
0.8518518518518519,0.8726715049522102,0.88,0.9634444444444444,0.04234617283950618,0.040925925925925935,NATOPS,2,20,18.8,8,142,guide=gpf | walk=plain,0.715,24,51,2.4,8.741034697477454,0.2554141177288376,3.331649457917326,0.44375,1.3
0.8518518518518519,0.8726715049522102,0.88,0.9852222222222222,0.03201030864197531,0.038129629629629624,NATOPS,2,20,18.8,8,142,guide=gpf | walk=aligned,0.715,24,51,2.4,1.632206448533836,0.13351367676373016,0.2570903395447711,0.1232638888888889,4.7
0.8518518518518519,0.8726715049522102,0.88,0.99,0.03502975308641976,0.06392592592592593,NATOPS,2,20,18.8,8,142,guide=sig | walk=plain,0.715,24,51,2.4,6.475564419825913,0.15064130209952087,4.091217625340647,0.34134615384615385,0.3
0.8888888888888888,0.9498537899183338,0.95,0.994,0.02931697530864198,0.06205555555555555,NATOPS,2,20,18.8,8,142,guide=sig | walk=aligned,0.715,24,51,2.4,0.9745029235428664,0.06199479272725983,0.9587354160674803,0.3697916666666667,0.5
0.8620689655172413,0.9036961141150639,0.9066666666666667,0.9915555555555555,0.032591172839506174,0.05561111111111111,NATOPS,2,20,18.8,8,142,guide=dtw | walk=plain,0.715,24,51,2.4,8.82859084768994,0.2086969723861949,3.951166684087841,0.6339285714285714,0.9
0.9152542372881356,0.9423375191511798,0.9433333333333334,0.9945555555555555,0.026872530864197528,0.05372222222222223,NATOPS,2,20,18.8,8,142,guide=dtw | walk=aligned,0.715,24,51,2.4,0.8720398080971403,0.058130905145092115,0.4582771180261108,0.4930555555555556,1.3
0.7419354838709677,0.8335416406315084,0.8427083333333334,0.9730654761904762,0.04057644628099174,0.030041322314049587,OSULeaf,0,5,5.0,33,133,none,0.647,1,427,1.5999999999999999,,,,,
0.735632183908046,0.9436504599035548,0.9452380952380952,0.984375,0.0692238751147842,0.123168044077135,OSULeaf,0,5,5.0,33,133,SMOTE-raw,0.647,1,427,1.5999999999999999,1.4240326390635687,0.09372154162299062,0.8716777037807479,,
0.7837837837837838,0.9220351454927354,0.922172619047619,0.9751488095238096,0.046713590449954094,0.0490633608815427,OSULeaf,0,5,5.0,33,133,guide=gpf | walk=plain,0.647,1,427,1.5999999999999999,2.1471110833348312,0.10852240685246972,1.5772535507374785,0.59375,0.1
0.835820895522388,0.9196919774214263,0.9208333333333334,0.985639880952381,0.037767676767676776,0.05140495867768596,OSULeaf,0,5,5.0,33,133,guide=gpf | walk=aligned,0.647,1,427,1.5999999999999999,3.7333910172774143,0.2510157247927468,0.7737656117439008,0.27708333333333335,5.1
0.7160493827160493,0.9055056466916571,0.9055059523809523,0.9744791666666667,0.06774775022956842,0.12212121212121213,OSULeaf,0,5,5.0,33,133,guide=sig | walk=plain,0.647,1,427,1.5999999999999999,2.013552628241909,0.14364134370713932,2.0516769473430956,0.1298828125,0.8
0.8108108108108109,0.940174755792013,0.9401785714285714,0.9811755952380953,0.056089898989898995,0.10517906336088156,OSULeaf,0,5,5.0,33,133,guide=sig | walk=aligned,0.647,1,427,1.5999999999999999,3.6379685564954976,0.2019449926187198,1.6285475549855413,0.13407258064516128,11.1
0.7567567567567568,0.9036961141150639,0.9041666666666667,0.9744047619047619,0.053104683195592285,0.06517906336088154,OSULeaf,0,5,5.0,33,133,guide=dtw | walk=plain,0.647,1,427,1.5999999999999999,1.4036374634496376,0.07310688317128389,1.892018523996971,0.6927083333333334,29.3
0.7792207792207793,0.9330250341152236,0.9330357142857143,0.9836309523809524,0.05189458218549128,0.08958677685950414,OSULeaf,0,5,5.0,33,133,guide=dtw | walk=aligned,0.647,1,427,1.5999999999999999,1.9693429937336813,0.11567381216937189,1.3997394475976987,0.83125,25.9
0.7368421052631579,0.8023403267940606,0.8186011904761905,0.973735119047619,0.03998714416896235,0.03757575757575759,OSULeaf,0,10,9.8,17,149,none,0.647,1,427,1.7999999999999998,,,,,
0.821917808219178,0.9425459443140463,0.9425595238095238,0.9851190476190476,0.05655665748393021,0.10013774104683194,OSULeaf,0,10,9.8,17,149,SMOTE-raw,0.647,1,427,1.7999999999999998,1.537323870215829,0.09834416069168606,0.7847173444125377,,
0.7936507936507936,0.871165065546462,0.8763392857142858,0.9701636904761903,0.0413526170798898,0.02399449035812672,OSULeaf,0,10,9.8,17,149,guide=gpf | walk=plain,0.647,1,427,1.7999999999999998,7.651412503056472,0.2731142358434794,2.39590283892167,0.58203125,0.1
0.8285714285714286,0.9313488681937152,0.9316964285714286,0.9820684523809524,0.03784086317722681,0.0497245179063361,OSULeaf,0,10,9.8,17,149,guide=gpf | walk=aligned,0.647,1,427,1.7999999999999998,2.007678382870953,0.10918386336585428,1.7630643509711599,0.04901315789473684,32.3
0.7936507936507936,0.871165065546462,0.8763392857142858,0.9711309523809524,0.03705537190082645,0.036694214876033054,OSULeaf,0,10,9.8,17,149,guide=sig | walk=plain,0.647,1,427,1.7999999999999998,10.429179223618084,0.41938944780008514,2.1206290214632877,0.04901315789473684,2.6
0.819672131147541,0.875425066821283,0.8811011904761905,0.9791666666666667,0.039672956841138654,0.054586776859504145,OSULeaf,0,10,9.8,17,149,guide=sig | walk=aligned,0.647,1,427,1.7999999999999998,5.549168392369969,0.29033428416052487,1.316446712773776,0.04901315789473684,34.4
0.7878787878787878,0.8840518192094958,0.887202380952381,0.9653273809523809,0.04518305785123966,0.029573002754820926,OSULeaf,0,10,9.8,17,149,guide=dtw | walk=plain,0.647,1,427,1.7999999999999998,6.0748099125765105,0.21705407169661872,2.732019530620327,0.465625,44.4
0.8852459016393442,0.9141741003300661,0.9171130952380953,0.9903273809523809,0.03735050505050505,0.07865013774104682,OSULeaf,0,10,9.8,17,149,guide=dtw | walk=aligned,0.647,1,427,1.7999999999999998,3.6625928991938235,0.20800693512683988,1.3707915818156793,0.20244565217391305,109.1
0.7058823529411765,0.7482121547872826,0.7788690476190476,0.975297619047619,0.04821198347107438,0.045440771349862255,OSULeaf,0,20,20.8,8,158,none,0.647,1,427,1.5999999999999999,,,,,
0.4,0.5252550400927698,0.6311011904761905,0.9026041666666667,0.07809274563820018,0.025867768595041314,OSULeaf,0,20,20.8,8,158,SMOTE-raw,0.647,1,427,1.5999999999999999,3.8214738000991115,0.23003893813458615,0.7208005210574239,,
0.6785714285714286,0.7613232527895725,0.7849702380952381,0.9725446428571429,0.0469732782369146,0.02942148760330578,OSULeaf,0,20,20.8,8,158,guide=gpf | walk=plain,0.647,1,427,1.5999999999999999,6.039546635521182,0.24482551998055768,2.04066624962699,0.4114583333333333,0.1
0.6923076923076923,0.7464200272921789,0.7764880952380953,0.9755952380952382,0.04398691460055097,0.04048209366391184,OSULeaf,0,20,20.8,8,158,guide=gpf | walk=aligned,0.647,1,427,1.5999999999999999,12.449015281888903,0.6558153718020191,0.7809463462049975,0.04888613861386139,34.3
0.5306122448979592,0.6312779932501249,0.6936011904761905,0.9654761904761905,0.060000321395775935,0.056487603305785124,OSULeaf,0,20,20.8,8,158,guide=sig | walk=plain,0.647,1,427,1.5999999999999999,1.7421476933980333,0.10100095570137513,0.8746583400703353,0.04888613861386139,2.6
0.5306122448979592,0.6312779932501249,0.6936011904761905,0.9654761904761905,0.060000321395775935,0.056487603305785124,OSULeaf,0,20,20.8,8,158,guide=sig | walk=aligned,0.647,1,427,1.5999999999999999,1.7421476933980333,0.10100095570137513,0.8746583400703353,0.04888613861386139,36.2
0.75,0.8042853971072706,0.8209821428571429,0.9773809523809525,0.04290188246097337,0.03020661157024794,OSULeaf,0,20,20.8,8,158,guide=dtw | walk=plain,0.647,1,427,1.5999999999999999,11.817027532258441,0.4717360556940312,2.33602957375158,0.04888613861386139,422.5
0.6923076923076923,0.7464200272921789,0.7764880952380953,0.9678571428571429,0.0546741046831956,0.06038567493112948,OSULeaf,0,20,20.8,8,158,guide=dtw | walk=aligned,0.647,1,427,1.5999999999999999,10.092842652996419,0.5459260892458597,0.7326985210741934,0.06021341463414634,368.3
0.7419354838709677,0.8335416406315084,0.8427083333333334,0.971577380952381,0.0402653810835629,0.034600550964187335,OSULeaf,1,5,5.0,33,133,none,0.647,1,427,1.7999999999999998,,,,,
0.7294117647058823,0.9312689755177636,0.9319940476190476,0.9783482142857143,0.07141354453627181,0.1281955922865014,OSULeaf,1,5,5.0,33,133,SMOTE-raw,0.647,1,427,1.7999999999999998,1.6131483093899224,0.10521472931161235,0.8621650785556778,,
0.7671232876712328,0.9059985283284588,0.906547619047619,0.9678571428571429,0.04934788797061525,0.04263085399449037,OSULeaf,1,5,5.0,33,133,guide=gpf | walk=plain,0.647,1,427,1.7999999999999998,2.87584088951583,0.12320358439909318,1.9626165835215992,0.59375,0.1
0.8115942028985508,0.9151502608861564,0.9160714285714286,0.9841517857142857,0.038461845730027554,0.04761707988980716,OSULeaf,1,5,5.0,33,133,guide=gpf | walk=aligned,0.647,1,427,1.7999999999999998,3.782774689288038,0.24366838419239023,1.0533361888325907,0.27708333333333335,5.0
0.7532467532467533,0.9149876397812055,0.9150297619047619,0.9619791666666666,0.06761808999081727,0.10319559228650138,OSULeaf,1,5,5.0,33,133,guide=sig | walk=plain,0.647,1,427,1.7999999999999998,2.0297448877265243,0.14418404066749013,2.3992245070232716,0.13854166666666667,0.8
0.7945205479452054,0.9243723739458496,0.9245535714285714,0.9833333333333334,0.05392566574839302,0.1068457300275482,OSULeaf,1,5,5.0,33,133,guide=sig | walk=aligned,0.647,1,427,1.7999999999999998,3.6739913174054184,0.21330995390803453,1.329556192862964,0.1298828125,11.4
0.7777777777777778,0.9082951062292475,0.9089285714285714,0.9722470238095238,0.04993494031221304,0.051225895316804416,OSULeaf,1,5,5.0,33,133,guide=dtw | walk=plain,0.647,1,427,1.7999999999999998,1.809209468642928,0.08330241210009459,1.9392244706936155,0.6927083333333334,29.1
0.7631578947368421,0.9173428242172372,0.9174107142857143,0.9835565476190476,0.05057979797979798,0.0889807162534435,OSULeaf,1,5,5.0,33,133,guide=dtw | walk=aligned,0.647,1,427,1.7999999999999998,1.7075173322238868,0.10040524414893925,1.3957716944659082,0.83125,25.8
0.7368421052631579,0.8023403267940606,0.8186011904761905,0.9773065476190476,0.04307685950413223,0.044269972451790644,OSULeaf,1,10,9.8,17,149,none,0.647,1,427,1.7999999999999998,,,,,
0.7714285714285715,0.8941775950159853,0.8956845238095238,0.9804315476190477,0.052775206611570244,0.09060606060606062,OSULeaf,1,10,9.8,17,149,SMOTE-raw,0.647,1,427,1.7999999999999998,1.6205057117236983,0.10170497291208946,0.809228862248615,,
0.71875,0.8294253604583288,0.8379464285714286,0.9753720238095238,0.04537281910009183,0.04358126721763086,OSULeaf,1,10,9.8,17,149,guide=gpf | walk=plain,0.647,1,427,1.7999999999999998,4.486133554784438,0.17923391545985867,2.0735917015761274,0.58203125,0.1
0.835820895522388,0.9196919774214263,0.9208333333333334,0.9831845238095238,0.03559247015610652,0.036308539944903594,OSULeaf,1,10,9.8,17,149,guide=gpf | walk=aligned,0.647,1,427,1.7999999999999998,2.8779330703072343,0.16783895930831783,2.3143628287176115,0.05609939759036144,27.7
0.7540983606557377,0.8355921766713028,0.8450892857142858,0.9508928571428572,0.04361969696969697,0.03833333333333334,OSULeaf,1,10,9.8,17,149,guide=sig | walk=plain,0.647,1,427,1.7999999999999998,14.106413118589884,0.5506693971273353,2.5016197011712324,0.04901315789473684,2.5
0.8709677419354839,0.9119739187999998,0.9147321428571429,0.9920386904761905,0.03363943985307622,0.06753443526170799,OSULeaf,1,10,9.8,17,149,guide=sig | walk=aligned,0.647,1,427,1.7999999999999998,3.5142846071978973,0.18088302551779367,1.9895687791053998,0.04901315789473684,33.7
0.7575757575757576,0.8647357152002322,0.8691964285714286,0.9702380952380952,0.044104637281910004,0.032603305785123965,OSULeaf,1,10,9.8,17,149,guide=dtw | walk=plain,0.647,1,427,1.7999999999999998,6.452910855803186,0.24101396111160667,2.2742199757974433,0.6651785714285714,31.0
0.8059701492537313,0.9008924146961961,0.902827380952381,0.9836309523809523,0.04522075298438935,0.07134986225895318,OSULeaf,1,10,9.8,17,149,guide=dtw | walk=aligned,0.647,1,427,1.7999999999999998,3.135325503988792,0.1634909632948568,2.037157278131734,0.6651785714285714,33.1
0.7407407407407407,0.7867957924694432,0.8077380952380953,0.9796875,0.04315913682277319,0.036942148760330584,OSULeaf,1,20,20.8,8,158,none,0.647,1,427,1.5999999999999999,,,,,
0.7142857142857143,0.7830039834478737,0.8029761904761905,0.975297619047619,0.059145592286501375,0.12428374655647381,OSULeaf,1,20,20.8,8,158,SMOTE-raw,0.647,1,427,1.5999999999999999,3.115461087160135,0.1768311851172525,0.7268969489067694,,
0.7636363636363637,0.806225774829855,0.8233630952380953,0.9755208333333334,0.04180032139577595,0.03257575757575758,OSULeaf,1,20,20.8,8,158,guide=gpf | walk=plain,0.647,1,427,1.5999999999999999,10.51473700436422,0.41037233822871044,1.918000400380614,0.20572916666666666,0.2
0.6530612244897959,0.7054211845550484,0.7476190476190476,0.9820684523809524,0.04482759412304867,0.05128099173553719,OSULeaf,1,20,20.8,8,158,guide=gpf | walk=aligned,0.647,1,427,1.5999999999999999,17.098145162770237,0.7601008353997375,0.46895807704836073,0.04888613861386139,34.8
0.6545454545454545,0.7410176400445153,0.7693452380952381,0.959375,0.05051960514233242,0.04577134986225895,OSULeaf,1,20,20.8,8,158,guide=sig | walk=plain,0.647,1,427,1.5999999999999999,1.3231880547822001,0.06056581928889648,0.8671808322585594,0.04888613861386139,2.6
0.6545454545454545,0.7410176400445153,0.7693452380952381,0.959375,0.05051960514233242,0.04577134986225895,OSULeaf,1,20,20.8,8,158,guide=sig | walk=aligned,0.647,1,427,1.5999999999999999,1.3231880547822001,0.06056581928889648,0.8671808322585594,0.04888613861386139,37.2
0.7777777777777778,0.8081614937622307,0.8257440476190476,0.9808035714285714,0.040605096418732785,0.049545454545454545,OSULeaf,1,20,20.8,8,158,guide=dtw | walk=plain,0.647,1,427,1.5999999999999999,20.994103451659186,0.8733725233333635,0.8108855940513742,0.04888613861386139,423.2
0.64,0.7037315505489968,0.7452380952380953,0.9761160714285714,0.04687075298438935,0.05238292011019284,OSULeaf,1,20,20.8,8,158,guide=dtw | walk=aligned,0.647,1,427,1.5999999999999999,10.939179860268327,0.7501615615917336,0.08233657530043312,0.04888613861386139,456.6
0.7619047619047619,0.85146931829632,0.8583333333333334,0.9696428571428571,0.03986409550045914,0.03035812672176308,OSULeaf,2,5,5.0,33,133,none,0.647,1,427,1.5999999999999999,,,,,
0.7045454545454546,0.9238087567498043,0.9248511904761905,0.9758928571428571,0.07102089072543617,0.13406336088154272,OSULeaf,2,5,5.0,33,133,SMOTE-raw,0.647,1,427,1.5999999999999999,1.4929810584044798,0.10111250061671495,0.8325658443763291,,
0.7246376811594203,0.8582582029069941,0.8620535714285714,0.9693452380952381,0.04757869605142332,0.05173553719008265,OSULeaf,2,5,5.0,33,133,guide=gpf | walk=plain,0.647,1,427,1.5999999999999999,2.6149710868872624,0.13807118411648833,1.4774421684832941,0.59375,0.1
0.835820895522388,0.9196919774214263,0.9208333333333334,0.9843005952380952,0.03765174471992654,0.0421900826446281,OSULeaf,2,5,5.0,33,133,guide=gpf | walk=aligned,0.647,1,427,1.5999999999999999,4.3592585039794045,0.2880975831582011,0.6299048548056179,0.31971153846153844,4.5
0.7160493827160493,0.9055056466916571,0.9055059523809523,0.9680803571428571,0.06689504132231405,0.10966942148760331,OSULeaf,2,5,5.0,33,133,guide=sig | walk=plain,0.647,1,427,1.5999999999999999,1.8794800811701489,0.11800582828511152,2.216623428932083,0.12224264705882353,0.9
0.7792207792207793,0.9330250341152236,0.9330357142857143,0.9835565476190476,0.05366469237832875,0.088168044077135,OSULeaf,2,5,5.0,33,133,guide=sig | walk=aligned,0.647,1,427,1.5999999999999999,2.8048512542594857,0.1599061461092547,1.5401883184102174,0.15393518518518517,9.5
0.7945205479452054,0.9243723739458496,0.9245535714285714,0.9695684523809525,0.051210697887970606,0.05326446280991737,OSULeaf,2,5,5.0,33,133,guide=dtw | walk=plain,0.647,1,427,1.5999999999999999,1.480159654229352,0.0748537256992321,1.656245046917117,0.6927083333333334,29.3
0.7894736842105263,0.9354143466934853,0.9354166666666667,0.9864583333333333,0.048122176308539946,0.07913223140495869,OSULeaf,2,5,5.0,33,133,guide=dtw | walk=aligned,0.647,1,427,1.5999999999999999,1.8406218113697044,0.11130573685181733,1.200756126925653,0.83125,26.2
0.75,0.8042853971072706,0.8209821428571429,0.9695684523809524,0.04107314049586777,0.024889807162534434,OSULeaf,2,10,9.8,17,149,none,0.647,1,427,1.7999999999999998,,,,,
0.8985507246376812,0.9700883612184142,0.9700892857142858,0.9916666666666668,0.05758406795224977,0.14527548209366395,OSULeaf,2,10,9.8,17,149,SMOTE-raw,0.647,1,427,1.7999999999999998,2.754189576369072,0.16903677987991517,0.6930584828884576,,
0.7419354838709677,0.8335416406315084,0.8427083333333334,0.9736607142857143,0.042076675849403125,0.028705234159779627,OSULeaf,2,10,9.8,17,149,guide=gpf | walk=plain,0.647,1,427,1.7999999999999998,5.126245514352695,0.20955923668180954,1.912524623220761,0.6651785714285714,0.1
0.8135593220338984,0.8598172563316663,0.8678571428571429,0.9837797619047619,0.0349848025711662,0.03508264462809918,OSULeaf,2,10,9.8,17,149,guide=gpf | walk=aligned,0.647,1,427,1.7999999999999998,5.696842101895518,0.31576252786608566,0.8318856624046593,0.2586805555555556,6.4
0.7636363636363637,0.806225774829855,0.8233630952380953,0.9700148809523809,0.0400973829201102,0.02351239669421487,OSULeaf,2,10,9.8,17,149,guide=sig | walk=plain,0.647,1,427,1.7999999999999998,20.45297634932637,0.7573317720815735,1.8310236136782136,0.04901315789473684,2.7
0.8571428571428571,0.9097684163723048,0.9123511904761905,0.986904761904762,0.040517171717171716,0.0874931129476584,OSULeaf,2,10,9.8,17,149,guide=sig | walk=aligned,0.647,1,427,1.7999999999999998,6.373431815459844,0.302244154846403,2.090133774957042,0.04901315789473684,34.8
0.8307692307692308,0.905341293183326,0.9075892857142858,0.9773809523809525,0.039550688705234156,0.041790633608815436,OSULeaf,2,10,9.8,17,149,guide=dtw | walk=plain,0.647,1,427,1.7999999999999998,6.755389899137485,0.26175880997084633,2.467558634531123,0.3880208333333333,53.5
0.8666666666666667,0.8970852271450604,0.9014880952380953,0.9886904761904762,0.03566023875114784,0.06093663911845729,OSULeaf,2,10,9.8,17,149,guide=dtw | walk=aligned,0.647,1,427,1.7999999999999998,5.944620808982934,0.3540534009251541,0.46708538734366345,0.19401041666666666,114.2
0.68,0.7271315136171984,0.7632440476190476,0.9658482142857141,0.05117892561983471,0.05389807162534435,OSULeaf,2,20,20.8,8,158,none,0.647,1,427,1.5999999999999999,,,,,
0.43902439024390244,0.5303300858899106,0.640625,0.9508184523809524,0.06668471074380165,0.05761707988980715,OSULeaf,2,20,20.8,8,158,SMOTE-raw,0.647,1,427,1.5999999999999999,3.0788621389941735,0.1848803500276024,0.6867560906659087,,
0.6896551724137931,0.7791937224739796,0.7982142857142858,0.9696428571428571,0.04777786960514234,0.03333333333333334,OSULeaf,2,20,20.8,8,158,guide=gpf | walk=plain,0.647,1,427,1.5999999999999999,5.848751909894663,0.2414825965824181,1.8107344562137722,0.5486111111111112,0.1
0.7058823529411765,0.7482121547872826,0.7788690476190476,0.96875,0.04562433425160698,0.0481542699724518,OSULeaf,2,20,20.8,8,158,guide=gpf | walk=aligned,0.647,1,427,1.5999999999999999,5.099824578939053,0.27035870089905056,1.160823144531993,0.04888613861386139,34.5
0.68,0.7271315136171984,0.7632440476190476,0.9740327380952382,0.046011294765840226,0.04435261707988982,OSULeaf,2,20,20.8,8,158,guide=sig | walk=plain,0.647,1,427,1.5999999999999999,11.810438716056009,0.5713403213642294,0.7709117255128932,0.04888613861386139,2.7
0.6382978723404256,0.6846531968814576,0.734375,0.9651041666666668,0.051001790633608816,0.04778236914600552,OSULeaf,2,20,20.8,8,158,guide=sig | walk=aligned,0.647,1,427,1.5999999999999999,9.237199156426552,0.5108889321087533,0.5279561669200304,0.04888613861386139,36.5
0.7142857142857143,0.7830039834478737,0.8029761904761905,0.9668898809523809,0.04622966023875116,0.03699724517906336,OSULeaf,2,20,20.8,8,158,guide=dtw | walk=plain,0.647,1,427,1.5999999999999999,12.189526500028567,0.5279883192316885,1.2553147583114592,0.05038265306122449,416.5
0.5833333333333334,0.6582805886043833,0.7139880952380953,0.9830357142857143,0.047104729109274567,0.053457300275482095,OSULeaf,2,20,20.8,8,158,guide=dtw | walk=aligned,0.647,1,427,1.5999999999999999,6.544030729742094,0.37100441232443016,1.3888411125646802,0.04888613861386139,460.8
0.5384615384615384,0.6069769786668839,0.6842105263157895,0.9469238975817924,0.2030765185185185,0.25104444444444446,GunPoint,0,5,5.2,5,21,none,0.852,1,150,1.5999999999999999,,,,,
0.784,0.8029550685469662,0.8223684210526316,0.994576813655761,0.11429703703703704,0.2200444444444445,GunPoint,0,5,5.2,5,21,SMOTE-raw,0.852,1,150,1.5999999999999999,2.5303677048097413,0.24415146426930578,0.5550528893203354,,
0.6666666666666666,0.7071067811865476,0.75,0.983819345661451,0.1352368148148148,0.23611111111111105,GunPoint,0,5,5.2,5,21,guide=gpf | walk=plain,0.852,1,150,1.5999999999999999,4.060414747198102,0.3392736763783609,0.6969208170511848,0.328125,0.0
0.7642276422764228,0.7863975156570492,0.8092105263157895,0.9910206258890469,0.11497125925925923,0.2015111111111111,GunPoint,0,5,5.2,5,21,guide=gpf | walk=aligned,0.852,1,150,1.5999999999999999,4.116485951072722,0.3559304817040506,1.1368502197913914,0.65625,0.1
0.6896551724137931,0.7254762501100116,0.763157894736842,0.9923541963015647,0.12831170370370373,0.2332888888888889,GunPoint,0,5,5.2,5,21,guide=sig | walk=plain,0.852,1,150,1.5999999999999999,3.1075198747026995,0.28283479189764527,0.772529023258263,0.328125,0.0
0.7540983606557377,0.7779866052154991,0.8026315789473684,0.9915540540540541,0.11847081481481482,0.19782222222222223,GunPoint,0,5,5.2,5,21,guide=sig | walk=aligned,0.852,1,150,1.5999999999999999,5.463714444973537,0.3531572970090352,2.268528395889646,0.328125,0.2
0.6666666666666666,0.7071067811865476,0.75,0.9860419630156472,0.14561933333333332,0.2378444444444445,GunPoint,0,5,5.2,5,21,guide=dtw | walk=plain,0.852,1,150,1.5999999999999999,3.8258425371145197,0.34860025965906694,0.6054775932265042,0.328125,0.2
0.6896551724137931,0.7254762501100116,0.763157894736842,0.9919096728307255,0.13346859259259256,0.23151111111111114,GunPoint,0,5,5.2,5,21,guide=dtw | walk=aligned,0.852,1,150,1.5999999999999999,3.756409909742647,0.28835681397837243,1.7759996818115777,0.328125,0.3
0.5794392523364486,0.6386663736585051,0.7039473684210527,0.972972972972973,0.1697417037037037,0.24295555555555556,GunPoint,0,10,6.5,4,22,none,0.852,1,150,1.5999999999999999,,,,,
0.9305555555555556,0.9325586943189843,0.9340327169274538,0.9943990042674253,0.06885407407407407,0.17413333333333333,GunPoint,0,10,6.5,4,22,SMOTE-raw,0.852,1,150,1.5999999999999999,1.8611677960502195,0.18021146190388682,0.3836938813914592,,
0.8676470588235294,0.8751142985701226,0.8814011379800853,0.9810633001422475,0.10051,0.16371111111111114,GunPoint,0,10,6.5,4,22,guide=gpf | walk=plain,0.852,1,150,1.5999999999999999,3.8550270945815885,0.3151782214345208,0.4969917020172856,0.34375,0.0
0.9142857142857143,0.9176629354822471,0.9210526315789473,0.992798719772404,0.07353044444444444,0.16322222222222224,GunPoint,0,10,6.5,4,22,guide=gpf | walk=aligned,0.852,1,150,1.5999999999999999,7.391449822757673,0.3701377744948357,3.8064069741063524,0.34375,0.1
0.8920863309352518,0.8970871148374593,0.9011379800853485,0.987375533428165,0.0851271111111111,0.17146666666666668,GunPoint,0,10,6.5,4,22,guide=sig | walk=plain,0.852,1,150,1.5999999999999999,3.2303841171681,0.2810336713196411,0.42145545722761546,0.34375,0.0
0.9142857142857143,0.9176629354822471,0.9210526315789473,0.9884423897581792,0.09493037037037036,0.17933333333333332,GunPoint,0,10,6.5,4,22,guide=sig | walk=aligned,0.852,1,150,1.5999999999999999,14.923483273433705,0.5919380516875429,2.886185562909337,0.34375,0.1
0.8840579710144928,0.8898231320093283,0.8945590327169275,0.9872866287339971,0.0943831851851852,0.19144444444444444,GunPoint,0,10,6.5,4,22,guide=dtw | walk=plain,0.852,1,150,1.5999999999999999,3.443233622264632,0.28606660539862516,0.6533866651786955,0.34375,0.2
0.9219858156028369,0.9248043889897674,0.9276315789473684,0.9862197724039828,0.09394637037037039,0.18164444444444444,GunPoint,0,10,6.5,4,22,guide=dtw | walk=aligned,0.852,1,150,1.5999999999999999,14.315669501348035,0.6615572560593093,2.0854194202561556,0.34375,0.3
0.34782608695652173,0.45883146774112354,0.6052631578947368,0.9414118065433854,0.2104777777777778,0.26106666666666667,GunPoint,0,20,6.5,4,22,none,0.852,1,150,1.5999999999999999,,,,,
0.8676470588235294,0.8751142985701226,0.8814011379800853,0.9932432432432432,0.08106925925925926,0.1844222222222222,GunPoint,0,20,6.5,4,22,SMOTE-raw,0.852,1,150,1.5999999999999999,1.6179317148532686,0.15960539550351316,0.4257663399619612,,
0.8656716417910447,0.8735890880367281,0.881578947368421,0.9964438122332859,0.08649125925925925,0.19039999999999999,GunPoint,0,20,6.5,4,22,guide=gpf | walk=plain,0.852,1,150,1.5999999999999999,2.3501072990999745,0.16694781901770805,1.2262345355165991,0.6875,0.0
0.8125,0.8271701918685112,0.8421052631578947,0.9648826458036984,0.12637555555555555,0.1758666666666667,GunPoint,0,20,6.5,4,22,guide=gpf | walk=aligned,0.852,1,150,1.5999999999999999,16.117445551798767,0.5685721962305472,2.726343018737144,0.6875,0.1
0.8396946564885496,0.8506963092234007,0.861842105263158,0.9903093883357041,0.10540451851851852,0.2008666666666667,GunPoint,0,20,6.5,4,22,guide=sig | walk=plain,0.852,1,150,1.5999999999999999,3.2480889169204854,0.2563614382395659,0.8073529956958001,0.34375,0.0
0.784,0.8029550685469662,0.8223684210526316,0.9539473684210527,0.1383571111111111,0.20864444444444444,GunPoint,0,20,6.5,4,22,guide=sig | walk=aligned,0.852,1,150,1.5999999999999999,20.914659955905186,0.7109061242517715,2.230469538204271,0.34375,0.1
0.7642276422764228,0.7863975156570492,0.8092105263157895,0.9861308677098151,0.12160637037037039,0.19506666666666667,GunPoint,0,20,6.5,4,22,guide=dtw | walk=plain,0.852,1,150,1.5999999999999999,4.860175841521645,0.33489541667376455,0.9887822164028864,0.34375,0.2
0.7936507936507936,0.8111071056538127,0.8289473684210527,0.9759068278805121,0.12659607407407408,0.1886888888888889,GunPoint,0,20,6.5,4,22,guide=dtw | walk=aligned,0.852,1,150,1.5999999999999999,20.757016567395958,0.6477948943526368,3.175733764142797,0.34375,0.3
0.5925925925925926,0.6488856845230502,0.7105263157894737,0.9818634423897582,0.17579251851851851,0.2831777777777778,GunPoint,1,5,5.2,5,21,none,0.852,1,150,1.5999999999999999,,,,,
0.8484848484848485,0.8583950752789521,0.868421052631579,0.9961770981507824,0.08286414814814815,0.1862222222222222,GunPoint,1,5,5.2,5,21,SMOTE-raw,0.852,1,150,1.5999999999999999,2.061266970527017,0.18940322957001943,0.51725531375369,,
0.6181818181818182,0.6688560540599386,0.7236842105263158,0.9732396870554765,0.1521286666666667,0.25384444444444443,GunPoint,1,5,5.2,5,21,guide=gpf | walk=plain,0.852,1,150,1.5999999999999999,11.130097246070116,0.7469336179170496,0.6132398800613005,0.65625,0.0
0.7333333333333333,0.7608859102526822,0.7894736842105263,0.9866642958748222,0.11409392592592592,0.2008888888888889,GunPoint,1,5,5.2,5,21,guide=gpf | walk=aligned,0.852,1,150,1.5999999999999999,3.3522767060041776,0.29781794375547554,0.6407186431134501,0.65625,0.1
0.6548672566371682,0.6977407149243606,0.743421052631579,0.9904871977240398,0.12348911111111112,0.21926666666666664,GunPoint,1,5,5.2,5,21,guide=sig | walk=plain,0.852,1,150,1.5999999999999999,3.9951432798851823,0.35519398984985073,0.5152240348850842,0.65625,0.0
0.6306306306306306,0.6786208925382962,0.7302631578947368,0.977151493598862,0.1429685925925926,0.20724444444444445,GunPoint,1,5,5.2,5,21,guide=sig | walk=aligned,0.852,1,150,1.5999999999999999,4.418890919383962,0.3641110981561786,0.7592609288458653,0.65625,0.1
0.7642276422764228,0.7863975156570492,0.8092105263157895,0.9926209103840683,0.107752,0.20791111111111116,GunPoint,1,5,5.2,5,21,guide=dtw | walk=plain,0.852,1,150,1.5999999999999999,3.0041994140880846,0.26087537468736977,0.6021493536149698,0.65625,0.1
0.6782608695652174,0.7163503994113789,0.756578947368421,0.9835526315789473,0.12169874074074073,0.21824444444444446,GunPoint,1,5,5.2,5,21,guide=dtw | walk=aligned,0.852,1,150,1.5999999999999999,2.9461045008308435,0.26417753696431656,0.7637028471666146,0.65625,0.2
0.46464646464646464,0.5501196042201808,0.6513157894736842,0.9697724039829303,0.20809829629629634,0.29086666666666666,GunPoint,1,10,6.5,4,22,none,0.852,1,150,1.7999999999999998,,,,,
0.9594594594594594,0.9599927394225201,0.960348506401138,0.9989331436699858,0.055570148148148146,0.16686666666666666,GunPoint,1,10,6.5,4,22,SMOTE-raw,0.852,1,150,1.7999999999999998,2.485271760064359,0.21467163388739274,0.49180904979775275,,
0.6949152542372882,0.7295090810187098,0.7629800853485065,0.9935988620199147,0.12222814814814816,0.2416888888888889,GunPoint,1,10,6.5,4,22,guide=gpf | walk=plain,0.852,1,150,1.7999999999999998,3.450291499653197,0.2879465045193784,0.6217107593750333,0.34375,0.0
0.6181818181818182,0.6688560540599386,0.7236842105263158,0.9927098150782362,0.13014081481481482,0.24637777777777778,GunPoint,1,10,6.5,4,22,guide=gpf | walk=aligned,0.852,1,150,1.7999999999999998,4.863403428283139,0.3655327065987749,1.4693743928711247,0.34375,0.1
0.6306306306306306,0.6786208925382962,0.7302631578947368,0.9911095305832147,0.1334737037037037,0.24126666666666668,GunPoint,1,10,6.5,4,22,guide=sig | walk=plain,0.852,1,150,1.7999999999999998,4.118347162547554,0.3314683067250065,0.581762673924708,0.34375,0.0
0.6428571428571429,0.6882472016116853,0.7368421052631579,0.992176386913229,0.14745029629629633,0.2514888888888889,GunPoint,1,10,6.5,4,22,guide=sig | walk=aligned,0.852,1,150,1.7999999999999998,33.50092888904178,0.6507057198171279,10.289706089771505,0.34375,0.1
0.5660377358490566,0.6282808624375432,0.6973684210526316,0.9716394025604552,0.15858911111111113,0.22673333333333331,GunPoint,1,10,6.5,4,22,guide=dtw | walk=plain,0.852,1,150,1.7999999999999998,5.288273393255938,0.35999668071418844,1.2056629793408438,0.34375,0.2
0.6548672566371682,0.6977407149243606,0.743421052631579,0.9927098150782361,0.13912992592592593,0.22995555555555555,GunPoint,1,10,6.5,4,22,guide=dtw | walk=aligned,0.852,1,150,1.7999999999999998,31.178583949278924,0.6545599085924845,8.246452343580103,0.34375,0.3
0.5098039215686274,0.5848976518656018,0.6710526315789473,0.9795519203413939,0.16896985185185187,0.2490888888888889,GunPoint,1,20,6.5,4,22,none,0.852,1,150,1.5999999999999999,,,,,
0.9523809523809523,0.9532082534239031,0.9537695590327169,0.9979551920341393,0.058220370370370374,0.17073333333333335,GunPoint,1,20,6.5,4,22,SMOTE-raw,0.852,1,150,1.5999999999999999,1.9311489216676918,0.1600194196396707,0.3613857778469105,,
0.9379310344827586,0.9394923116760644,0.9406116642958748,0.9983108108108107,0.06217022222222222,0.17653333333333338,GunPoint,1,20,6.5,4,22,guide=gpf | walk=plain,0.852,1,150,1.5999999999999999,1.8246752695475514,0.15399526076964898,0.5391766609281959,0.34375,0.0
0.8823529411764706,0.8885233166386386,0.8947368421052632,0.9905761024182076,0.08858355555555555,0.18306666666666666,GunPoint,1,20,6.5,4,22,guide=gpf | walk=aligned,0.852,1,150,1.5999999999999999,4.579981004948285,0.2214408317827482,2.245241580047615,0.34375,0.1
0.9305555555555556,0.9325586943189843,0.9340327169274538,0.998221906116643,0.06860977777777777,0.18866666666666665,GunPoint,1,20,6.5,4,22,guide=sig | walk=plain,0.852,1,150,1.5999999999999999,2.194552328009353,0.19998239946842755,0.3412963375644849,0.34375,0.0
0.9142857142857143,0.9176629354822471,0.9210526315789473,0.9887091038406828,0.09990022222222222,0.1824222222222222,GunPoint,1,20,6.5,4,22,guide=sig | walk=aligned,0.852,1,150,1.5999999999999999,13.893633423406069,0.546636019897365,2.6062031343889713,0.34375,0.2
0.9452054794520548,0.9463751312492006,0.9471906116642959,0.9982219061166431,0.05786785185185186,0.17053333333333334,GunPoint,1,20,6.5,4,22,guide=dtw | walk=plain,0.852,1,150,1.5999999999999999,2.369838628771724,0.20385662504939206,1.2199118426926283,0.171875,0.4
0.8714285714285714,0.8775491216347576,0.8810455192034139,0.9880867709815078,0.08133533333333333,0.17806666666666668,GunPoint,1,20,6.5,4,22,guide=dtw | walk=aligned,0.852,1,150,1.5999999999999999,1.9069618928467769,0.16468026246894185,0.5359154516730277,0.171875,0.6
0.6181818181818182,0.6688560540599386,0.7236842105263158,0.8601529160739687,0.2436754814814815,0.2782,GunPoint,2,5,5.2,5,21,none,0.852,1,150,1.5999999999999999,,,,,
0.6181818181818182,0.6688560540599386,0.7236842105263158,0.9445234708392602,0.184399037037037,0.22144444444444444,GunPoint,2,5,5.2,5,21,SMOTE-raw,0.852,1,150,1.5999999999999999,2.9053573477549444,0.2594159380346093,0.5014371727406514,,
0.6181818181818182,0.6688560540599386,0.7236842105263158,0.9412339971550497,0.18729644444444446,0.22124444444444444,GunPoint,2,5,5.2,5,21,guide=gpf | walk=plain,0.852,1,150,1.5999999999999999,4.908609954883787,0.3818974665747642,0.6159385285372125,0.65625,0.0
0.6126126126126126,0.6643213844587705,0.716927453769559,0.9791073968705547,0.14835414814814812,0.2120222222222222,GunPoint,2,5,5.2,5,21,guide=gpf | walk=aligned,0.852,1,150,1.5999999999999999,7.792027050934355,0.4445456483261802,2.1747838134788777,0.65625,0.1
0.6181818181818182,0.6688560540599386,0.7236842105263158,0.9439900426742531,0.18125703703703705,0.21671111111111113,GunPoint,2,5,5.2,5,21,guide=sig | walk=plain,0.852,1,150,1.5999999999999999,2.525365825020372,0.23779198071177032,0.4451951140582558,0.65625,0.0
0.625,0.674020019879027,0.7235064011379801,0.9684388335704124,0.14648414814814817,0.20684444444444444,GunPoint,2,5,5.2,5,21,guide=sig | walk=aligned,0.852,1,150,1.5999999999999999,8.282415957903755,0.466595945255462,2.4270977628978567,0.328125,0.2
0.6896551724137931,0.7254762501100116,0.763157894736842,0.9823968705547653,0.14255377777777775,0.22200000000000003,GunPoint,2,5,5.2,5,21,guide=dtw | walk=plain,0.852,1,150,1.5999999999999999,3.5665998754896693,0.2434012478713411,1.3437461988664627,0.65625,0.1
0.6782608695652174,0.7163503994113789,0.756578947368421,0.9893314366998578,0.12584948148148148,0.20853333333333335,GunPoint,2,5,5.2,5,21,guide=dtw | walk=aligned,0.852,1,150,1.5999999999999999,3.7626854895991313,0.29397056740595584,1.255007341471109,0.65625,0.2
0.4329896907216495,0.5256574830378469,0.6381578947368421,0.9490576102418207,0.22071451851851853,0.2669333333333333,GunPoint,2,10,6.5,4,22,none,0.852,1,150,1.5999999999999999,,,,,
0.8125,0.8271701918685112,0.8421052631578947,0.9895981507823614,0.11041118518518518,0.1986,GunPoint,2,10,6.5,4,22,SMOTE-raw,0.852,1,150,1.5999999999999999,2.0108058191921483,0.16119552689964578,0.3661128526980513,,
0.7272727272727273,0.7557273022289731,0.7827169274537695,0.9814189189189189,0.13026251851851853,0.212,GunPoint,2,10,6.5,4,22,guide=gpf | walk=plain,0.852,1,150,1.5999999999999999,3.221395642108714,0.19791010343267668,1.1875115676168961,0.34375,0.0
0.8396946564885496,0.8506963092234007,0.861842105263158,0.97475106685633,0.1144385925925926,0.1699333333333333,GunPoint,2,10,6.5,4,22,guide=gpf | walk=aligned,0.852,1,150,1.5999999999999999,3.8960306236705424,0.26766373959217005,1.6826422354374169,0.22916666666666666,0.2
0.784,0.8029550685469662,0.8223684210526316,0.9883534850640113,0.11378703703703702,0.19113333333333335,GunPoint,2,10,6.5,4,22,guide=sig | walk=plain,0.852,1,150,1.5999999999999999,2.0497427741626684,0.17137853617666465,0.5519004574984842,0.34375,0.0
0.8507462686567164,0.8601539774161745,0.8682432432432432,0.9695056899004267,0.10541103703703705,0.14491111111111107,GunPoint,2,10,6.5,4,22,guide=sig | walk=aligned,0.852,1,150,1.5999999999999999,1.9837163129610307,0.12890891769073254,2.182304732859916,0.34375,0.1
0.8333333333333334,0.844928810118256,0.8550853485064012,0.9845305832147937,0.10311392592592593,0.19497777777777778,GunPoint,2,10,6.5,4,22,guide=dtw | walk=plain,0.852,1,150,1.5999999999999999,5.499111137188379,0.37561312682267545,0.894520628610197,0.34375,0.2
0.8920863309352518,0.8970871148374593,0.9011379800853485,0.9822190611664295,0.09014029629629629,0.16795555555555555,GunPoint,2,10,6.5,4,22,guide=dtw | walk=aligned,0.852,1,150,1.5999999999999999,3.5034421968261427,0.16583513024089713,3.337304790051935,0.22916666666666666,0.4
0.48,0.5619514869490163,0.6578947368421053,0.738620199146515,0.3036472592592593,0.3463555555555556,GunPoint,2,20,6.5,4,22,none,0.852,1,150,1.5999999999999999,,,,,
0.5660377358490566,0.6282808624375432,0.6973684210526316,0.8158783783783784,0.2722971851851852,0.30435555555555555,GunPoint,2,20,6.5,4,22,SMOTE-raw,0.852,1,150,1.5999999999999999,5.4152587257210545,0.4823736433173257,0.37460888875368725,,
0.5384615384615384,0.6069769786668839,0.6842105263157895,0.837126600284495,0.26650437037037034,0.29860000000000003,GunPoint,2,20,6.5,4,22,guide=gpf | walk=plain,0.852,1,150,1.5999999999999999,5.156431373107328,0.3783451467774892,1.3112658344336914,0.6875,0.0
0.6181818181818182,0.6688560540599386,0.7236842105263158,0.8549075391180654,0.2429991111111111,0.2847555555555556,GunPoint,2,20,6.5,4,22,guide=gpf | walk=aligned,0.852,1,150,1.5999999999999999,8.695583664407378,0.5240421897550376,2.002777317073702,0.6875,0.1
0.5925925925925926,0.6488856845230502,0.7105263157894737,0.7844061166429588,0.27786822222222224,0.3142444444444445,GunPoint,2,20,6.5,4,22,guide=sig | walk=plain,0.852,1,150,1.5999999999999999,5.80743347848224,0.45277705747193286,0.882425134121252,0.6875,0.0
0.5794392523364486,0.6386663736585051,0.7039473684210527,0.7875177809388335,0.26949925925925927,0.30040000000000006,GunPoint,2,20,6.5,4,22,guide=sig | walk=aligned,0.852,1,150,1.5999999999999999,13.799353960446881,0.7656313164623212,1.1209219239722106,0.6875,0.1
0.5384615384615384,0.6069769786668839,0.6842105263157895,0.8533961593172119,0.2668357777777777,0.30215555555555557,GunPoint,2,20,6.5,4,22,guide=dtw | walk=plain,0.852,1,150,1.5999999999999999,4.829717906369924,0.34109910515072583,1.5737949401414586,0.6875,0.1
0.5523809523809524,0.6177207681213422,0.6907894736842105,0.9157183499288762,0.24273629629629628,0.2887111111111111,GunPoint,2,20,6.5,4,22,guide=dtw | walk=aligned,0.852,1,150,1.5999999999999999,6.029652836011172,0.47099422412299485,0.8489558619287555,0.34375,0.3
0.0425531914893617,0.15221485181647873,0.5097691709172646,0.8390968559983861,0.042553986928104574,0.01268235294117647,Handwriting,0,5,14.0,10,130,none,0.218,3,152,1.7999999999999998,,,,,
0.19672131147540983,0.3707560054287876,0.5623324976225469,0.8862280625918562,0.044474797385620914,0.05058039215686274,Handwriting,0,5,14.0,10,130,SMOTE-raw,0.218,3,152,1.7999999999999998,1.3105499733367143,0.13312789159176752,0.5254716001120217,,
0.2033898305084746,0.3712220722443836,0.5635716549955333,0.8357972392726434,0.04800397385620915,0.05392941176470587,Handwriting,0,5,14.0,10,130,guide=gpf | walk=plain,0.218,3,152,1.7999999999999998,8.208715735657975,0.36817639261478186,1.984084956932267,0.3385416666666667,0.1
0.3283582089552239,0.5016901780809141,0.6198524538197747,0.857986801533097,0.04908149019607844,0.07159215686274509,Handwriting,0,5,14.0,10,130,guide=gpf | walk=aligned,0.218,3,152,1.7999999999999998,2.9736799219986683,0.1956772742318239,1.4488304671541035,0.0655241935483871,4.7
0.21052631578947367,0.3716875546494899,0.5648108123685196,0.8819630558197171,0.04267694117647059,0.043717647058823535,Handwriting,0,5,14.0,10,130,guide=sig | walk=plain,0.218,3,152,1.7999999999999998,3.7828229032599996,0.23176888871098056,1.0940581141476213,0.29017857142857145,0.3
0.2891566265060241,0.5190250951202375,0.6221866804991211,0.8443560704302469,0.055657660130718954,0.08031764705882354,Handwriting,0,5,14.0,10,130,guide=sig | walk=aligned,0.218,3,152,1.7999999999999998,1.890148442890899,0.13761736349922715,0.859994086252647,0.23897058823529413,1.3
0.2545454545454545,0.4022214330540261,0.5782974554047434,0.8674822051237716,0.041464339869281046,0.04394509803921568,Handwriting,0,5,14.0,10,130,guide=dtw | walk=plain,0.218,3,152,1.7999999999999998,2.5531383665996525,0.1460626051445144,1.324853786648624,0.5803571428571429,3.6
0.3333333333333333,0.6574680219440076,0.6972421544047722,0.8571366819400017,0.07601998692810459,0.13936862745098041,Handwriting,0,5,14.0,10,130,guide=dtw | walk=aligned,0.218,3,152,1.7999999999999998,1.0249072669618844,0.0776554430957549,1.197070543975302,0.5803571428571429,3.9
0.0,0.0,0.49814126394052044,0.8507247629751304,0.04204938562091504,0.01556078431372549,Handwriting,0,10,14.0,10,130,none,0.218,3,152,1.7999999999999998,,,,,
0.2033898305084746,0.3712220722443836,0.5635716549955333,0.8801763637935506,0.04561849673202614,0.051635294117647064,Handwriting,0,10,14.0,10,130,SMOTE-raw,0.218,3,152,1.7999999999999998,1.2986029747646715,0.12989256903734359,0.5115003653938538,,
0.2,0.3709891120254916,0.5629520763090401,0.828650471167978,0.047836300653594774,0.05354901960784314,Handwriting,0,10,14.0,10,130,guide=gpf | walk=plain,0.218,3,152,1.7999999999999998,8.033032097558632,0.3588844457574203,2.100171359909423,0.3693181818181818,0.1
0.3235294117647059,0.5013741527405271,0.6192328751332814,0.8655802426443041,0.050868352941176476,0.08025490196078434,Handwriting,0,10,14.0,10,130,guide=gpf | walk=aligned,0.218,3,152,1.7999999999999998,2.7506762630055945,0.1674213556233296,1.5768731945422485,0.07965686274509803,3.4
0.21428571428571427,0.37192007738393085,0.5654303910550128,0.8778133195008789,0.042459032679738565,0.03570196078431373,Handwriting,0,10,14.0,10,130,guide=sig | walk=plain,0.218,3,152,1.7999999999999998,3.199461063419758,0.1999164823592643,1.1348464186485285,0.2138157894736842,0.3
0.21333333333333335,0.42486883843070467,0.5781533673381171,0.850465404455203,0.05126070588235294,0.06658039215686275,Handwriting,0,10,14.0,10,130,guide=sig | walk=aligned,0.218,3,152,1.7999999999999998,1.9183805424331375,0.14379488209327695,0.8302828173665024,0.22569444444444445,1.3
0.1509433962264151,0.3038612069582874,0.5427941557880176,0.8578138958531455,0.04337027450980392,0.04669803921568627,Handwriting,0,10,14.0,10,130,guide=dtw | walk=plain,0.218,3,152,1.7999999999999998,2.7305897307431746,0.16027782612058317,1.32461277169478,0.5803571428571429,3.6
0.3225806451612903,0.6557124299667841,0.6947638396587995,0.8497305553154088,0.08033267973856208,0.1501490196078431,Handwriting,0,10,14.0,10,130,guide=dtw | walk=aligned,0.218,3,152,1.7999999999999998,1.0865926238208594,0.0845418113937546,1.079899296134607,0.5803571428571429,3.9
0.0425531914893617,0.15221485181647873,0.5097691709172646,0.7507852799631136,0.04326935947712418,0.02051764705882353,Handwriting,0,20,20.0,7,133,none,0.218,3,152,1.5999999999999999,,,,,
0.2222222222222222,0.4002103132876757,0.5733408259127979,0.7468949021642028,0.04896147712418301,0.0325607843137255,Handwriting,0,20,20.0,7,133,SMOTE-raw,0.218,3,152,1.5999999999999999,2.294175401163768,0.2043917084591792,0.5288964552075497,,
0.16666666666666666,0.3048081123603052,0.5458920492204835,0.7821100256476758,0.04216832679738562,0.012913725490196077,Handwriting,0,20,20.0,7,133,guide=gpf | walk=plain,0.218,3,152,1.5999999999999999,7.605270964597478,0.5712660474450717,0.23919332611838223,0.09035326086956522,0.4
0.2545454545454545,0.4022214330540261,0.5782974554047434,0.7716348232039423,0.043893111111111105,0.022207843137254893,Handwriting,0,20,20.0,7,133,guide=gpf | walk=aligned,0.218,3,152,1.5999999999999999,4.645871067258007,0.3498174503483915,0.4177416392607958,0.04889705882352941,5.6
0.19607843137254902,0.3403627558467038,0.5562807988242414,0.7699057664044264,0.04404586928104575,0.015384313725490194,Handwriting,0,20,20.0,7,133,guide=sig | walk=plain,0.218,3,152,1.5999999999999999,5.421572038083861,0.34970908227943737,0.5796572384585261,0.04889705882352941,1.5
0.14035087719298245,0.3031015527524445,0.5403158410420449,0.8013601913489526,0.04951511111111111,0.03589019607843137,Handwriting,0,20,20.0,7,133,guide=sig | walk=aligned,0.218,3,152,1.5999999999999999,3.1265675658944456,0.2418108117306068,0.6374898875462599,0.04889705882352941,6.6
0.08695652173913043,0.21553188321064293,0.5226362352669952,0.7682631624448863,0.04229479738562092,0.02010980392156863,Handwriting,0,20,20.0,7,133,guide=dtw | walk=plain,0.218,3,152,1.5999999999999999,2.754463122913746,0.23042002941291873,0.6149177266492643,0.51953125,4.1
0.3516483516483517,0.5977778895486839,0.6662199936601251,0.738148756519985,0.06484739869281045,0.08600784313725489,Handwriting,0,20,20.0,7,133,guide=dtw | walk=aligned,0.218,3,152,1.5999999999999999,2.143001438506799,0.17988402058569053,0.6576666645552205,0.51953125,4.5
0.0425531914893617,0.15221485181647873,0.5097691709172646,0.8457681334831849,0.04244905882352941,0.019580392156862744,Handwriting,1,5,14.0,10,130,none,0.218,3,152,1.7999999999999998,,,,,
0.2153846153846154,0.3997059522639935,0.5721016685398116,0.8844845969856776,0.04650959477124183,0.054619607843137255,Handwriting,1,5,14.0,10,130,SMOTE-raw,0.218,3,152,1.7999999999999998,1.2490909964142283,0.1246130834394078,0.5506872061257249,,
0.14285714285714285,0.3032916446825464,0.5409354197285381,0.8500907754819746,0.046503712418300654,0.052329411764705874,Handwriting,1,5,14.0,10,130,guide=gpf | walk=plain,0.218,3,152,1.7999999999999998,8.469372704415846,0.37878438953465554,2.010216325596414,0.3693181818181818,0.1
0.4117647058823529,0.5666952292870892,0.6559753321229935,0.8627561165384283,0.04985639215686275,0.08014117647058824,Handwriting,1,5,14.0,10,130,guide=gpf | walk=aligned,0.218,3,152,1.7999999999999998,2.720613294803128,0.1800543531415989,1.4673706283518788,0.06885593220338983,4.0
0.21818181818181817,0.3721524548370207,0.566049969741506,0.8847583643122676,0.04167261437908497,0.03454509803921569,Handwriting,1,5,14.0,10,130,guide=sig | walk=plain,0.218,3,152,1.7999999999999998,3.340390386398777,0.1917490396398992,1.3703589517996202,0.23897058823529413,0.3
0.2465753424657534,0.45150392762734676,0.5916400103743408,0.868721362496758,0.050583947712418295,0.0700549019607843,Handwriting,1,5,14.0,10,130,guide=sig | walk=aligned,0.218,3,152,1.7999999999999998,1.8110483471126262,0.13780139584985884,0.786288008377442,0.25390625,1.2
0.27586206896551724,0.4294563135892779,0.5886862050085012,0.8642402236246793,0.04229180392156863,0.04020000000000001,Handwriting,1,5,14.0,10,130,guide=dtw | walk=plain,0.218,3,152,1.7999999999999998,2.0295630679759054,0.13635066970206833,1.7237741971182288,0.6770833333333334,3.0
0.2786885245901639,0.6041316684005844,0.6592605400420737,0.8467767499495693,0.07940560784313726,0.1450549019607843,Handwriting,1,5,14.0,10,130,guide=dtw | walk=aligned,0.218,3,152,1.7999999999999998,1.2380890569504395,0.0996958815824961,0.9129152992829411,0.5803571428571429,3.9
0.0425531914893617,0.15221485181647873,0.5097691709172646,0.8248609550157056,0.042388797385620916,0.018898039215686273,Handwriting,1,10,14.0,10,130,none,0.218,3,152,1.7999999999999998,,,,,
0.2191780821917808,0.4254111090259168,0.5793925247111034,0.8738508976686551,0.048052,0.05807058823529411,Handwriting,1,10,14.0,10,130,SMOTE-raw,0.218,3,152,1.7999999999999998,1.1593544724233968,0.11385502856812102,0.5700624987252846,,
0.14035087719298245,0.3031015527524445,0.5403158410420449,0.8329587043601049,0.047513895424836604,0.051368627450980385,Handwriting,1,10,14.0,10,130,guide=gpf | walk=plain,0.218,3,152,1.7999999999999998,8.20522988330059,0.3741892337246431,1.9651120952697112,0.3693181818181818,0.1
0.3142857142857143,0.5007415037153656,0.6179937177602951,0.8512146624016599,0.05191737254901961,0.08278823529411763,Handwriting,1,10,14.0,10,130,guide=gpf | walk=aligned,0.218,3,152,1.7999999999999998,2.6809225780551067,0.17057494399443374,1.4194139099393501,0.08290816326530612,3.4
0.18181818181818182,0.33951502662040983,0.5538024840782687,0.8818189677530908,0.04215915032679738,0.03680392156862744,Handwriting,1,10,14.0,10,130,guide=sig | walk=plain,0.218,3,152,1.7999999999999998,3.0160891541595394,0.18224065236117226,1.1695463949494047,0.25390625,0.3
0.2972972972972973,0.4994738016721337,0.6155154030143224,0.8605659779257082,0.05275354248366013,0.07408627450980393,Handwriting,1,10,14.0,10,130,guide=sig | walk=aligned,0.218,3,152,1.7999999999999998,1.8510905696679014,0.13456110291576007,0.8930246011032568,0.23897058823529413,1.3
0.14545454545454545,0.3034816175446958,0.5415549984150313,0.8695570732831907,0.04164556862745098,0.04768627450980391,Handwriting,1,10,14.0,10,130,guide=dtw | walk=plain,0.218,3,152,1.7999999999999998,2.224287901163379,0.1445411760196995,1.384302423538248,0.6770833333333334,3.1
0.2903225806451613,0.6212290058037703,0.6702688683323247,0.8357972392726434,0.08059100653594771,0.1444470588235294,Handwriting,1,10,14.0,10,130,guide=dtw | walk=aligned,0.218,3,152,1.7999999999999998,1.0639547887524294,0.08569500873884195,0.9879095914911897,0.6770833333333334,3.4
0.0,0.0,0.4993804213135068,0.7769804904757788,0.042499620915032676,0.009815686274509803,Handwriting,1,20,20.0,7,133,none,0.218,3,152,1.7999999999999998,,,,,
0.26229508196721313,0.42865032667885117,0.5868274689490216,0.8509697126883952,0.04511585620915033,0.03961176470588235,Handwriting,1,20,20.0,7,133,SMOTE-raw,0.218,3,152,1.7999999999999998,1.8156383695364635,0.18339679898151284,0.48488751071810804,,
0.0425531914893617,0.15221485181647873,0.5097691709172646,0.8622662171118988,0.04082518954248366,0.02293725490196078,Handwriting,1,20,20.0,7,133,guide=gpf | walk=plain,0.218,3,152,1.7999999999999998,4.499123330117396,0.23966040099221164,2.6858528429285085,0.24448529411764705,0.1
0.18518518518518517,0.3397271572419313,0.5544220627647618,0.8589089651595054,0.04071166013071895,0.033403921568627454,Handwriting,1,20,20.0,7,133,guide=gpf | walk=aligned,0.218,3,152,1.7999999999999998,3.6196944707990273,0.21579001945963217,1.5227990373649496,0.04889705882352941,5.6
0.19230769230769232,0.3401510216079566,0.5556612201377482,0.866372727010749,0.042212483660130716,0.03767450980392156,Handwriting,1,20,20.0,7,133,guide=sig | walk=plain,0.218,3,152,1.7999999999999998,5.735642713032739,0.2723509225049857,1.9697084058543937,0.19791666666666666,0.4
0.21052631578947367,0.3716875546494899,0.5648108123685196,0.8370652142589551,0.04779371241830065,0.04918039215686275,Handwriting,1,20,20.0,7,133,guide=sig | walk=aligned,0.218,3,152,1.7999999999999998,3.361374288543681,0.2554402188583267,0.6976386703248139,0.259765625,1.2
0.1724137931034483,0.33887783802010224,0.5519437480187891,0.8398317051381804,0.04420494117647059,0.03463529411764706,Handwriting,1,20,20.0,7,133,guide=dtw | walk=plain,0.218,3,152,1.7999999999999998,3.6910729245910883,0.12587797505052578,4.743910201588551,0.3778409090909091,5.5
0.12307692307692308,0.30157650381708195,0.5353592115500995,0.7893720642056425,0.057318104575163405,0.06925098039215685,Handwriting,1,20,20.0,7,133,guide=dtw | walk=aligned,0.218,3,152,1.7999999999999998,2.7670880377290406,0.257074156981887,0.5052163453878311,0.415625,5.5
0.0425531914893617,0.15221485181647873,0.5097691709172646,0.8568629146134118,0.04186794771241831,0.021380392156862747,Handwriting,2,5,14.0,10,130,none,0.218,3,152,1.7999999999999998,,,,,
0.24242424242424243,0.4273036368074525,0.5837295755165557,0.8669778968905795,0.048278117647058826,0.05866666666666667,Handwriting,2,5,14.0,10,130,SMOTE-raw,0.218,3,152,1.7999999999999998,1.3612092007428505,0.13486211173462748,0.5150531477857743,,
0.21052631578947367,0.3716875546494899,0.5648108123685196,0.8489957061756145,0.0465860522875817,0.049007843137254904,Handwriting,2,5,14.0,10,130,guide=gpf | walk=plain,0.218,3,152,1.7999999999999998,9.742437360477737,0.4165043506734828,2.3204314042846628,0.40625,0.1
0.3188405797101449,0.5010579280778855,0.6186132964467883,0.8648742111178351,0.04996903267973857,0.0757372549019608,Handwriting,2,5,14.0,10,130,guide=gpf | walk=aligned,0.218,3,152,1.7999999999999998,2.7593105720361386,0.17338034609286712,1.5299852702498686,0.06885593220338983,3.8
0.21818181818181817,0.3721524548370207,0.566049969741506,0.8828564018328001,0.04184077124183007,0.03989411764705883,Handwriting,2,5,14.0,10,130,guide=sig | walk=plain,0.218,3,152,1.7999999999999998,3.3110347944181484,0.2032080578773251,1.0967977490629994,0.2708333333333333,0.3
0.16901408450704225,0.3684168274685554,0.5561367107576151,0.8441111207169822,0.053394771241830064,0.07263529411764708,Handwriting,2,5,14.0,10,130,guide=sig | walk=aligned,0.218,3,152,1.7999999999999998,2.384601452721748,0.1754871642713719,0.8323578802821355,0.29017857142857145,1.1
0.18181818181818182,0.33951502662040983,0.5538024840782687,0.8528716751678627,0.043358888888888884,0.04086666666666667,Handwriting,2,5,14.0,10,130,guide=dtw | walk=plain,0.218,3,152,1.7999999999999998,2.2589661908072767,0.13022863475780633,1.5195397370713035,0.5803571428571429,3.6
0.3333333333333333,0.6429530800539942,0.6887121408604939,0.8694129852165643,0.07185154248366013,0.13820000000000002,Handwriting,2,5,14.0,10,130,guide=dtw | walk=aligned,0.218,3,152,1.7999999999999998,1.111412580135191,0.08109893178225092,1.1476794279891995,0.5803571428571429,3.9
0.0425531914893617,0.15221485181647873,0.5097691709172646,0.8473098757960865,0.04282397385620915,0.019670588235294113,Handwriting,2,10,14.0,10,130,none,0.218,3,152,1.7999999999999998,,,,,
0.21875,0.39995821227791123,0.5727212472263047,0.8818910117864038,0.04620912418300654,0.05112941176470589,Handwriting,2,10,14.0,10,130,SMOTE-raw,0.218,3,152,1.7999999999999998,1.404498019824615,0.13853620287900625,0.5035971705181498,,
0.11764705882352941,0.263315737586241,0.5317858274977666,0.8395579378115904,0.04721532026143791,0.04952941176470587,Handwriting,2,10,14.0,10,130,guide=gpf | walk=plain,0.218,3,152,1.7999999999999998,9.033380199858541,0.4063029791293732,2.1948159649621353,0.3693181818181818,0.1
0.35294117647058826,0.5239983012979329,0.6314803607965188,0.8611135125788882,0.04877562091503268,0.07007450980392156,Handwriting,2,10,14.0,10,130,guide=gpf | walk=aligned,0.218,3,152,1.7999999999999998,2.995094759007122,0.1884967424628028,1.6947224658999136,0.07665094339622641,3.6
0.2413793103448276,0.4014684437514408,0.5764387193452638,0.8792830177804674,0.042340196078431376,0.042623529411764706,Handwriting,2,10,14.0,10,130,guide=sig | walk=plain,0.218,3,152,1.7999999999999998,3.3640857643491024,0.1986093234569738,1.3164792437917752,0.23897058823529413,0.3
0.3333333333333333,0.5422948865555743,0.6375320595948244,0.8624391227918504,0.05280149019607843,0.08467450980392155,Handwriting,2,10,14.0,10,130,guide=sig | walk=aligned,0.218,3,152,1.7999999999999998,1.9275001091015085,0.14295536794836372,0.8545866114177404,0.23897058823529413,1.3
0.1509433962264151,0.3038612069582874,0.5427941557880176,0.8637791418114752,0.04182781699346405,0.040227450980392154,Handwriting,2,10,14.0,10,130,guide=dtw | walk=plain,0.218,3,152,1.7999999999999998,2.1735053997074925,0.14683798476635246,1.0735839874807904,0.5803571428571429,3.6
0.2975206611570248,0.6224802235987141,0.6721276043918043,0.8415319443243711,0.07735687581699345,0.1394392156862745,Handwriting,2,10,14.0,10,130,guide=dtw | walk=aligned,0.218,3,152,1.7999999999999998,1.0046333535899823,0.08397836371238177,0.9821809416922865,0.5803571428571429,3.9
0.0,0.0,0.4993804213135068,0.8720209792225008,0.039926366013071896,0.012137254901960784,Handwriting,2,20,20.0,7,133,none,0.218,3,152,1.4,,,,,
0.24561403508771928,0.40171959700950693,0.577058298031757,0.8542981470274632,0.04325288888888888,0.02151372549019608,Handwriting,2,20,20.0,7,133,SMOTE-raw,0.218,3,152,1.4,1.8552741308144736,0.19822441337819136,0.5119339881565222,,
0.24489795918367346,0.3735436838188142,0.5697674418604651,0.8695138468632028,0.03955300653594772,0.018694117647058826,Handwriting,2,20,20.0,7,133,guide=gpf | walk=plain,0.218,3,152,1.4,2.8917635353368976,0.24111118292367406,0.5802381550581344,0.1013719512195122,0.3
0.2962962962962963,0.43052861566695033,0.5911645197544739,0.8767326590011815,0.0414002614379085,0.030031372549019615,Handwriting,2,20,20.0,7,133,guide=gpf | walk=aligned,0.218,3,152,1.4,2.533983492478841,0.2181236731591364,0.6748493446358707,0.06597222222222222,4.0
0.24,0.373312172371835,0.5691478631739719,0.8786922567072996,0.03989081045751634,0.022929411764705882,Handwriting,2,20,20.0,7,133,guide=sig | walk=plain,0.218,3,152,1.4,8.763424749024589,0.5740818469781096,0.47567415005966956,0.15393518518518517,0.5
0.21428571428571427,0.37192007738393085,0.5654303910550128,0.8279732572548342,0.046335908496732026,0.03049019607843137,Handwriting,2,20,20.0,7,133,guide=sig | walk=aligned,0.218,3,152,1.4,2.943442190763287,0.2124807466986628,1.0051874266444225,0.31971153846153844,1.0
0.3018867924528302,0.4307962741420853,0.5917840984409671,0.8613296446788278,0.04011146405228758,0.022482352941176467,Handwriting,2,20,20.0,7,133,guide=dtw | walk=plain,0.218,3,152,1.4,2.679422246548322,0.29991130336462873,0.4535113924561754,0.4618055555555556,4.5
0.3384615384615385,0.5023216322994811,0.621091611192761,0.8704504192962739,0.04397362091503267,0.03647058823529412,Handwriting,2,20,20.0,7,133,guide=dtw | walk=aligned,0.218,3,152,1.4,2.2965479623968594,0.22293226014415524,0.5962375180397173,0.4618055555555556,5.0
0.5098039215686274,0.6408553614135919,0.6993529355790276,0.9151203730136074,0.051490150150150155,0.04300900900900901,JapaneseVowels,0,5,8.0,30,210,none,0.85,12,29,2.0,,,,,
0.5454545454545454,0.8750025488319796,0.8750118945665619,0.918070225520982,0.09108726726726726,0.166,JapaneseVowels,0,5,8.0,30,210,SMOTE-raw,0.85,12,29,2.0,1.8208311617377468,0.07800531354316198,0.5483789941954831,,
0.5,0.7183549789105442,0.7446950233133505,0.9122656770387289,0.06260372372372372,0.06425225225225227,JapaneseVowels,0,5,8.0,30,210,guide=gpf | walk=plain,0.85,12,29,2.0,8.844078896194155,0.18360026468394686,4.098987053139642,0.34539473684210525,0.5
0.4722222222222222,0.7138369782491262,0.7387953182986011,0.9046055761728042,0.06693792792792792,0.07525225225225225,JapaneseVowels,0,5,8.0,30,210,guide=gpf | walk=aligned,0.85,12,29,2.0,8.81527959949021,0.1760446898466942,4.968032553873166,0.34539473684210525,0.7
0.49382716049382713,0.766855508440154,0.7783328575506708,0.9236844609382435,0.07917285285285286,0.13450450450450452,JapaneseVowels,0,5,8.0,30,210,guide=sig | walk=plain,0.85,12,29,2.0,1.9124703829603682,0.045497130284196996,2.90565392065109,0.29829545454545453,0.2
0.5714285714285714,0.8686721491408194,0.8692073460843087,0.9308212008754401,0.08916102102102104,0.1652972972972973,JapaneseVowels,0,5,8.0,30,210,guide=sig | walk=aligned,0.85,12,29,2.0,1.9588728350568516,0.04182509301782167,4.087777544761582,0.29829545454545453,0.3
0.5128205128205128,0.77056911615686,0.7827576363117328,0.9108859073175374,0.07393459459459459,0.1105045045045045,JapaneseVowels,0,5,8.0,30,210,guide=dtw | walk=plain,0.85,12,29,2.0,4.586966243668819,0.07816871580037887,5.077119052355562,0.9375,0.3
0.4835164835164835,0.7938051134807709,0.7987915120373014,0.9156437339423351,0.08591792792792793,0.1360990990990991,JapaneseVowels,0,5,8.0,30,210,guide=dtw | walk=aligned,0.85,12,29,2.0,3.576306224267455,0.06738187575440135,5.132592544709037,0.9375,0.4
0.44,0.588612720570814,0.6656199448092112,0.9093158245313542,0.053237867867867855,0.027162162162162162,JapaneseVowels,0,10,10.0,24,216,none,0.85,12,29,2.1999999999999997,,,,,
0.4854368932038835,0.8334522705113219,0.833904272528309,0.9056522980302598,0.10211666666666666,0.17278378378378378,JapaneseVowels,0,10,10.0,24,216,SMOTE-raw,0.85,12,29,2.1999999999999997,1.728700190890919,0.07246597916380626,0.5294063329741628,,
0.4838709677419355,0.6789944034695029,0.7183366638119707,0.9077457417451709,0.05920402402402403,0.048504504504504505,JapaneseVowels,0,10,10.0,24,216,guide=gpf | walk=plain,0.85,12,29,2.1999999999999997,17.659361053608343,0.26613344997703725,7.230069103356724,0.45,0.4
0.5079365079365079,0.7012624044814465,0.7344656960700352,0.9162146731373109,0.058349009009008995,0.049855855855855856,JapaneseVowels,0,10,10.0,24,216,guide=gpf | walk=aligned,0.85,12,29,2.1999999999999997,17.234892525259667,0.24065784034688198,9.5347966869925,0.48214285714285715,0.5
0.5333333333333333,0.7742649124973453,0.7871824150727947,0.9166428775335427,0.07729225225225225,0.12354954954954955,JapaneseVowels,0,10,10.0,24,216,guide=sig | walk=plain,0.85,12,29,2.1999999999999997,4.898592711494139,0.08357229627829199,4.586885995076777,0.39705882352941174,0.1
0.5526315789473685,0.7933854438170315,0.8033114473308592,0.9142163859548957,0.08086837837837839,0.13608108108108108,JapaneseVowels,0,10,10.0,24,216,guide=sig | walk=aligned,0.85,12,29,2.1999999999999997,4.965048196193109,0.07953634483508731,6.7350369420807175,0.375,0.3
0.5428571428571428,0.7594364643984304,0.7769530878294795,0.9111237986487771,0.07185399399399399,0.10264864864864864,JapaneseVowels,0,10,10.0,24,216,guide=dtw | walk=plain,0.85,12,29,2.1999999999999997,12.53257652351499,0.14034780800415625,12.752623373255567,0.9642857142857143,0.3
0.5194805194805194,0.771803014651202,0.7842325625654201,0.9089827766676182,0.07611981981981981,0.11607207207207206,JapaneseVowels,0,10,10.0,24,216,guide=dtw | walk=aligned,0.85,12,29,2.1999999999999997,10.35772648512696,0.12153004901546338,13.683791940660443,0.9642857142857143,0.4
0.21052631578947367,0.3576176445235395,0.5600913502711962,0.8961366447806641,0.05899225225225225,0.02241441441441442,JapaneseVowels,0,20,20.0,12,228,none,0.85,12,29,2.0,,,,,
0.43636363636363634,0.6110599262872102,0.6758492720525264,0.8998001712817585,0.0623782882882883,0.060531531531531534,JapaneseVowels,0,20,20.0,12,228,SMOTE-raw,0.85,12,29,2.0,2.170112490386824,0.08419363497862253,0.4808011514162245,,
0.375,0.5324202384446449,0.6333618802930822,0.9078408982776668,0.05581483483483484,0.03699099099099099,JapaneseVowels,0,20,20.0,12,228,guide=gpf | walk=plain,0.85,12,29,2.0,26.23314907466832,0.3495249309240973,5.4629996630324404,0.4453125,0.5
0.46153846153846156,0.6138565538332104,0.6802740508135883,0.8982300884955752,0.05787711711711712,0.025801801801801805,JapaneseVowels,0,20,20.0,12,228,guide=gpf | walk=aligned,0.85,12,29,2.0,23.162466095370036,0.31114251123548375,5.47978798063704,0.3958333333333333,0.6
0.4090909090909091,0.5356276182902697,0.6392615853078314,0.9119326291749928,0.053520270270270266,0.02278378378378379,JapaneseVowels,0,20,20.0,12,228,guide=sig | walk=plain,0.85,12,29,2.0,16.10022112009193,0.2030732311020661,6.602567742463705,0.2544642857142857,0.2
0.46808510638297873,0.5912741330298001,0.6700447235702731,0.9164049862023028,0.05386627627627628,0.04463963963963964,JapaneseVowels,0,20,20.0,12,228,guide=sig | walk=aligned,0.85,12,29,2.0,13.313201559834098,0.16724119916089508,7.5184975296328345,0.2375,0.5
0.4838709677419355,0.6789944034695029,0.7183366638119707,0.9080312113426586,0.06640801801801802,0.07874774774774776,JapaneseVowels,0,20,20.0,12,228,guide=dtw | walk=plain,0.85,12,29,2.0,8.431288111510383,0.1155426453750118,6.680483849384593,0.7916666666666666,0.4
0.4931506849315068,0.7345321907527741,0.7549243505566657,0.9121705205062327,0.06953744744744746,0.08966666666666667,JapaneseVowels,0,20,20.0,12,228,guide=dtw | walk=aligned,0.85,12,29,2.0,6.078650066191031,0.09154156440198413,6.440479229982848,0.7916666666666666,0.5
0.56,0.6670471842014548,0.7184318203444666,0.9038919021790847,0.05282717717717717,0.05076576576576577,JapaneseVowels,1,5,8.0,30,210,none,0.85,12,29,2.0,,,,,
0.54,0.8735331900306192,0.8735369683128746,0.918212960319726,0.09620117117117118,0.17123423423423423,JapaneseVowels,1,5,8.0,30,210,SMOTE-raw,0.85,12,29,2.0,1.814840421889258,0.07894697490813674,0.5706657450757184,,
0.5070422535211268,0.7368603493348819,0.7578742030640404,0.9034636977828528,0.06644297297297297,0.076981981981982,JapaneseVowels,1,5,8.0,30,210,guide=gpf | walk=plain,0.85,12,29,2.0,9.584971332504232,0.1780256842940635,4.833116004340811,0.3125,0.6
0.5205479452054794,0.7558570110184326,0.7725283090684176,0.9078884765439147,0.06782831831831831,0.07883783783783782,JapaneseVowels,1,5,8.0,30,210,guide=gpf | walk=aligned,0.85,12,29,2.0,9.134828909552816,0.1630770349025631,5.821533504163723,0.328125,0.7
0.5432098765432098,0.8068835079101133,0.8135407745741745,0.9222095346845561,0.07842054054054054,0.1385045045045045,JapaneseVowels,1,5,8.0,30,210,guide=sig | walk=plain,0.85,12,29,2.0,2.139811374864596,0.04843667745176794,3.412974677419435,0.29829545454545453,0.2
0.5416666666666666,0.8615224625443353,0.8618327148158722,0.9300599486154725,0.09321312312312312,0.17074774774774773,JapaneseVowels,1,5,8.0,30,210,guide=sig | walk=aligned,0.85,12,29,2.0,1.8353768661546148,0.041323242023175055,3.833336616333516,0.29829545454545453,0.4
0.5348837209302325,0.8196952335801059,0.8237701018174898,0.9125035683699685,0.08145696696696697,0.13386486486486487,JapaneseVowels,1,5,8.0,30,210,guide=dtw | walk=plain,0.85,12,29,2.0,2.7317365326620227,0.04871767834447083,3.787182252531903,0.9375,0.3
0.5052631578947369,0.826343316782425,0.8280997240460557,0.9146445903511276,0.09325537537537539,0.15863063063063065,JapaneseVowels,1,5,8.0,30,210,guide=dtw | walk=aligned,0.85,12,29,2.0,2.3093980754830525,0.045877676288976654,4.086272216988097,0.9375,0.4
0.43478260869565216,0.563757765832536,0.6539156913122086,0.9150727947473594,0.0504972972972973,0.04021621621621622,JapaneseVowels,1,10,10.0,24,216,none,0.85,12,29,2.1999999999999997,,,,,
0.5070422535211268,0.7368603493348819,0.7578742030640404,0.9228756304120278,0.07016873873873875,0.10572072072072072,JapaneseVowels,1,10,10.0,24,216,SMOTE-raw,0.85,12,29,2.1999999999999997,2.152144604757705,0.10527523995560228,0.45695416664279714,,
0.5806451612903226,0.7472473035657399,0.7711485393472262,0.9233989913407556,0.05635684684684684,0.05292792792792794,JapaneseVowels,1,10,10.0,24,216,guide=gpf | walk=plain,0.85,12,29,2.1999999999999997,14.573968296611287,0.22795540622427535,7.285445938237657,0.39705882352941174,0.5
0.6031746031746031,0.7677236236302427,0.7872775716052907,0.9191645256446856,0.058014984984984995,0.06775675675675676,JapaneseVowels,1,10,10.0,24,216,guide=gpf | walk=aligned,0.85,12,29,2.1999999999999997,14.969781504078579,0.21689076083670855,16.64901315978155,0.421875,0.6
0.5625,0.7449516074997184,0.7681986868398516,0.9307260443429443,0.05987180180180181,0.08334234234234235,JapaneseVowels,1,10,10.0,24,216,guide=sig | walk=plain,0.85,12,29,2.1999999999999997,7.09775083759158,0.09640416139070329,11.778615405334198,0.45,0.1
0.53125,0.7228447412379048,0.7505947283280997,0.9257303263869063,0.061270990990991,0.09180180180180181,JapaneseVowels,1,10,10.0,24,216,guide=sig | walk=aligned,0.85,12,29,2.1999999999999997,6.549043405025987,0.09578499811153052,10.293568319990042,0.39705882352941174,0.3
0.5070422535211268,0.7368603493348819,0.7578742030640404,0.9257303263869066,0.06936954954954955,0.10900900900900902,JapaneseVowels,1,10,10.0,24,216,guide=dtw | walk=plain,0.85,12,29,2.1999999999999997,4.251007697436382,0.06846534773832835,6.974563132252117,0.84375,0.4
0.5054945054945055,0.8129927888468073,0.8163954705490533,0.9216861737558284,0.08199597597597598,0.13490090090090093,JapaneseVowels,1,10,10.0,24,216,guide=dtw | walk=aligned,0.85,12,29,2.1999999999999997,3.268210239174568,0.05810247706229954,6.588243199755751,0.84375,0.4
0.17142857142857143,0.31062634136676054,0.5469121705205062,0.9113141117137693,0.05167894894894895,0.02613513513513513,JapaneseVowels,1,20,20.0,12,228,none,0.85,12,29,2.0,,,,,
0.5925925925925926,0.710965189456219,0.7477400323532211,0.8811970691787991,0.05657123123123123,0.05504504504504505,JapaneseVowels,1,20,20.0,12,228,SMOTE-raw,0.85,12,29,2.0,1.9307031111290378,0.06780374588963578,0.5442139995218425,,
0.3333333333333333,0.47237915777796174,0.6070035207917023,0.9179274907222381,0.05016546546546548,0.02882882882882883,JapaneseVowels,1,20,20.0,12,228,guide=gpf | walk=plain,0.85,12,29,2.0,29.181185094609095,0.3888361115874458,4.637279933913433,0.35625,0.6
0.34146341463414637,0.4730836759289927,0.6084784470453897,0.9219716433533163,0.050278618618618626,0.027639639639639637,JapaneseVowels,1,20,20.0,12,228,guide=gpf | walk=aligned,0.85,12,29,2.0,28.866686182370078,0.3787843954760335,4.903282811334159,0.35625,0.7
0.4444444444444444,0.5646010838295052,0.6553906175658959,0.9167380340660386,0.048506606606606606,0.04075675675675676,JapaneseVowels,1,20,20.0,12,228,guide=sig | walk=plain,0.85,12,29,2.0,9.25903278813917,0.1750004654780598,3.00324788922712,0.3392857142857143,0.2
0.48148148148148145,0.6379533599607444,0.6949281568179656,0.9077933200114188,0.05258684684684684,0.04974774774774775,JapaneseVowels,1,20,20.0,12,228,guide=sig | walk=aligned,0.85,12,29,2.0,8.107730936283698,0.1291165933856938,5.666024352723133,0.35625,0.3
0.5245901639344263,0.7034301450598848,0.7374155485774099,0.9083642592063945,0.05934402402402403,0.0589009009009009,JapaneseVowels,1,20,20.0,12,228,guide=dtw | walk=plain,0.85,12,29,2.0,5.599960560551576,0.0872752394735975,4.201629521502245,0.7125,0.4
0.53125,0.7228447412379048,0.7505947283280997,0.9106480159862974,0.06079111111111111,0.06958558558558559,JapaneseVowels,1,20,20.0,12,228,guide=dtw | walk=aligned,0.85,12,29,2.0,6.907060414323492,0.08814903146712239,9.208991035183697,0.7125,0.5
0.4528301886792453,0.6129257624655972,0.678799124559901,0.9118374726424969,0.05319933933933934,0.053297297297297305,JapaneseVowels,2,5,8.0,30,210,none,0.85,12,29,2.0,,,,,
0.5252525252525253,0.8572040270167722,0.8574079360548101,0.9252069654581787,0.09078339339339338,0.16281981981981983,JapaneseVowels,2,5,8.0,30,210,SMOTE-raw,0.85,12,29,2.0,1.8556608727298567,0.08303926863503852,0.4940802409700779,,
0.5588235294117647,0.7618134231508623,0.7799029403368541,0.9161195166048148,0.06293846846846848,0.0675045045045045,JapaneseVowels,2,5,8.0,30,210,guide=gpf | walk=plain,0.85,12,29,2.0,11.086141052155739,0.20328745925729097,4.986583147195848,0.34539473684210525,0.5
0.5263157894736842,0.7730349436310124,0.7857074888191073,0.9128841944999524,0.06653963963963964,0.07947747747747749,JapaneseVowels,2,5,8.0,30,210,guide=gpf | walk=aligned,0.85,12,29,2.0,10.041242607925746,0.18739605514290192,5.820365949806046,0.34539473684210525,0.7
0.5176470588235295,0.8016777535130221,0.8076410695594253,0.9261585307831383,0.08064984984984985,0.14255855855855856,JapaneseVowels,2,5,8.0,30,210,guide=sig | walk=plain,0.85,12,29,2.0,2.3223739381449064,0.050927103012701425,4.1556492919345445,0.3125,0.2
0.5591397849462365,0.8658193593372351,0.866257493576934,0.933390427252831,0.09295327327327327,0.17610810810810812,JapaneseVowels,2,5,8.0,30,210,guide=sig | walk=aligned,0.85,12,29,2.0,1.783003903054972,0.04338466486538406,4.0685562391535965,0.3125,0.3
0.5609756097560976,0.8250179858303528,0.829669806832239,0.9206870301646207,0.07972762762762763,0.13545945945945947,JapaneseVowels,2,5,8.0,30,210,guide=dtw | walk=plain,0.85,12,29,2.0,3.6707599264280546,0.06428157734188011,4.911813871634465,0.9375,0.3
0.5054945054945055,0.8129927888468073,0.8163954705490533,0.9198781996384052,0.08746033033033034,0.1520810810810811,JapaneseVowels,2,5,8.0,30,210,guide=dtw | walk=aligned,0.85,12,29,2.0,2.8678166308470594,0.056302111771470376,5.003971995502785,0.9375,0.4
0.46808510638297873,0.5912741330298001,0.6700447235702731,0.909363402797602,0.05004321321321322,0.03179279279279279,JapaneseVowels,2,10,10.0,24,216,none,0.85,12,29,2.0,,,,,
0.5681818181818182,0.854591356676664,0.8560281663336188,0.9149776382148634,0.08170324324324324,0.13616216216216215,JapaneseVowels,2,10,10.0,24,216,SMOTE-raw,0.85,12,29,2.0,1.970662830061034,0.09170555288805338,0.46617297861801543,,
0.53125,0.7228447412379048,0.7505947283280997,0.915976781806071,0.057563243243243245,0.057297297297297295,JapaneseVowels,2,10,10.0,24,216,guide=gpf | walk=plain,0.85,12,29,2.0,12.428068947454374,0.2313031157253096,4.986088336811473,0.375,0.5
0.4931506849315068,0.7345321907527741,0.7549243505566657,0.9108383290512894,0.06268357357357357,0.06811711711711713,JapaneseVowels,2,10,10.0,24,216,guide=gpf | walk=aligned,0.85,12,29,2.0,12.943060732585327,0.21082152364347628,8.423824769997163,0.375,0.7
0.5384615384615384,0.7908627492150062,0.8003615948234846,0.9212579693595966,0.07417852852852853,0.12249549549549552,JapaneseVowels,2,10,10.0,24,216,guide=sig | walk=plain,0.85,12,29,2.0,2.5175931193964054,0.05678776400202701,3.255085685394086,0.29347826086956524,0.2
0.5882352941176471,0.8587567332159077,0.8604529450946807,0.9292986963555048,0.08056891891891892,0.13624324324324324,JapaneseVowels,2,10,10.0,24,216,guide=sig | walk=aligned,0.85,12,29,2.0,3.1690994374204315,0.049612159198712535,14.195800318209507,0.29347826086956524,0.4
0.5647058823529412,0.8400481206395313,0.842848986582929,0.920163669235893,0.08025057057057057,0.13989189189189188,JapaneseVowels,2,10,10.0,24,216,guide=dtw | walk=plain,0.85,12,29,2.0,3.645176382793128,0.06353576554342144,4.223250645066707,0.84375,0.4
0.5416666666666666,0.8615224625443353,0.8618327148158722,0.9251118089256828,0.0881821921921922,0.15910810810810813,JapaneseVowels,2,10,10.0,24,216,guide=dtw | walk=aligned,0.85,12,29,2.0,2.8926864432968706,0.053628191432548156,3.830108059460105,0.84375,0.4
0.17647058823529413,0.3110855084191276,0.5483870967741935,0.9039394804453326,0.0564051051051051,0.02632432432432432,JapaneseVowels,2,20,20.0,12,228,none,0.85,12,29,2.0,,,,,
0.47058823529411764,0.695813507586209,0.7270910648015987,0.9013226758016938,0.07212258258258258,0.10158558558558559,JapaneseVowels,2,20,20.0,12,228,SMOTE-raw,0.85,12,29,2.0,1.773931301860145,0.07324060652148934,0.4319332891596235,,
0.3333333333333333,0.47237915777796174,0.6070035207917023,0.9011323627367018,0.05459660660660661,0.02921621621621621,JapaneseVowels,2,20,20.0,12,228,guide=gpf | walk=plain,0.85,12,29,2.0,27.781212412576213,0.3744524628991228,5.0639518475067495,0.3958333333333333,0.5
0.3829787234042553,0.5332238920921644,0.6348368065467694,0.8963269578456561,0.05449402402402403,0.018315315315315314,JapaneseVowels,2,20,20.0,12,228,guide=gpf | walk=aligned,0.85,12,29,2.0,25.75130568901483,0.3199742903973428,5.845068478482669,0.296875,0.8
0.3673469387755102,0.53161536989913,0.6318869540393948,0.8929013226758017,0.056590300300300295,0.02905405405405406,JapaneseVowels,2,20,20.0,12,228,guide=sig | walk=plain,0.85,12,29,2.0,25.066487414589677,0.32768256466345724,5.165563183080812,0.10035211267605634,0.4
0.5172413793103449,0.6831857667521063,0.7242363688267199,0.905128937101532,0.05684714714714715,0.05257657657657658,JapaneseVowels,2,20,20.0,12,228,guide=sig | walk=aligned,0.85,12,29,2.0,15.38395172523045,0.21582343604664445,5.5508910520486445,0.10477941176470588,1.0
0.5,0.7001760174550143,0.7329907698163478,0.8851460652773813,0.06718546546546547,0.06891891891891892,JapaneseVowels,2,20,20.0,12,228,guide=dtw | walk=plain,0.85,12,29,2.0,7.389446406013693,0.1097203093290916,4.413451469709629,0.7916666666666666,0.4
0.5866666666666667,0.8146297672113363,0.8223903320962984,0.9032258064516129,0.08136387387387388,0.13732432432432434,JapaneseVowels,2,20,20.0,12,228,guide=dtw | walk=aligned,0.85,12,29,2.0,5.885321178573019,0.08686623382161474,4.437696915617588,0.7916666666666666,0.5
0.27450980392156865,0.40161823294666765,0.5768081928739066,0.8216343076594836,0.16869554093567252,0.11085526315789473,RacketSports,0,5,4.9,22,86,none,0.138,6,30,2.1999999999999997,,,,,
0.3880597014925373,0.5213594348787626,0.6007040751013442,0.8228077661617239,0.15946973684210528,0.07662280701754384,RacketSports,0,5,4.9,22,86,SMOTE-raw,0.138,6,30,2.1999999999999997,1.1539701240196543,0.07429111254157628,0.39615229111285155,,
0.2692307692307692,0.3997545651971831,0.5722210369106038,0.7921911670578194,0.1658550438596491,0.0649780701754386,RacketSports,0,5,4.9,22,86,guide=gpf | walk=plain,0.138,6,30,2.1999999999999997,8.472941811160595,0.24860270213935187,4.049237990029628,0.5375,0.1
0.5405405405405406,0.6466667913076702,0.6820994239385535,0.8328355024535951,0.1462918859649123,0.058092105263157896,RacketSports,0,5,4.9,22,86,guide=gpf | walk=aligned,0.138,6,30,2.1999999999999997,3.7011992599429355,0.15257105280127004,2.170429450488478,0.26875,0.2
0.3728813559322034,0.49404389325845305,0.6049711969276723,0.7780029869852785,0.16725358187134504,0.09638157894736842,RacketSports,0,5,4.9,22,86,guide=sig | walk=plain,0.138,6,30,2.1999999999999997,8.449257872956103,0.22306928770118806,8.215959955649904,0.5375,0.1
0.5128205128205128,0.6333320232507159,0.6637508000853425,0.819180712609345,0.15833523391812862,0.10179824561403511,RacketSports,0,5,4.9,22,86,guide=sig | walk=aligned,0.138,6,30,2.1999999999999997,2.2453187747198413,0.10211515732857224,1.5666737307873169,0.38392857142857145,0.2
0.3333333333333333,0.47712781247230424,0.572861105184553,0.8043524642628547,0.16063691520467838,0.09765350877192984,RacketSports,0,5,4.9,22,86,guide=dtw | walk=plain,0.138,6,30,2.1999999999999997,6.107760912901654,0.1455738691966546,7.53685218843752,0.671875,0.1
0.6170212765957447,0.7336875482051574,0.7362918711329208,0.8057392788564114,0.16429042397660817,0.0812061403508772,RacketSports,0,5,4.9,22,86,guide=dtw | walk=aligned,0.138,6,30,2.1999999999999997,1.334921409145064,0.053038825715583604,1.4551214552573608,0.671875,0.1
0.045454545454545456,0.15249857033260467,0.5116279069767442,0.794004693834009,0.19951805555555555,0.17506578947368423,RacketSports,0,10,9.8,11,97,none,0.138,6,30,2.0,,,,,
0.3103448275862069,0.4447258668554252,0.5771282270108812,0.7622146362278642,0.17846096491228067,0.11232456140350877,RacketSports,0,10,9.8,11,97,SMOTE-raw,0.138,6,30,2.0,1.9509500131661035,0.11655131252585849,0.49991090352951617,,
0.21818181818181817,0.3631171497375738,0.5422445060806486,0.7055685939833582,0.20598786549707607,0.16144736842105262,RacketSports,0,10,9.8,11,97,guide=gpf | walk=plain,0.138,6,30,2.0,7.935620845162354,0.23644819798513395,3.521026430252088,0.37890625,0.1
0.3448275862068966,0.4710523696671776,0.5933432899509281,0.7442927245572861,0.17941586257309944,0.10703947368421049,RacketSports,0,10,9.8,11,97,guide=gpf | walk=aligned,0.138,6,30,2.0,5.726223109704893,0.22822902016559599,1.2068952402808084,0.10104166666666667,0.6
0.23529411764705882,0.370100811435389,0.5605931299338596,0.7807766161723918,0.18088296783625732,0.13690789473684206,RacketSports,0,10,9.8,11,97,guide=sig | walk=plain,0.138,6,30,2.0,18.10645966083538,0.4012601497340921,5.054848968880124,0.5052083333333334,0.1
0.4126984126984127,0.5318930128188899,0.6190526989545552,0.7402389588222743,0.17267302631578946,0.08046052631578947,RacketSports,0,10,9.8,11,97,guide=sig | walk=aligned,0.138,6,30,2.0,5.096304867534364,0.19622569007803803,2.124996558131243,0.37890625,0.2
0.3,0.4403869741563822,0.5679539150842756,0.701834862385321,0.1995934941520468,0.11103070175438597,RacketSports,0,10,9.8,11,97,guide=dtw | walk=plain,0.138,6,30,2.0,6.608882081611238,0.16836249988468854,5.799977537921963,0.60625,0.1
0.4473684210526316,0.5807891014570087,0.6242799231918071,0.739065500320034,0.1803423245614035,0.07642543859649123,RacketSports,0,10,9.8,11,97,guide=dtw | walk=aligned,0.138,6,30,2.0,1.879064903787837,0.07918134940822408,1.011514787931855,0.60625,0.2
0.0,0.0,0.5,0.6558566247066354,0.2499795321637427,0.21517543859649127,RacketSports,0,20,21.6,5,103,none,0.138,6,30,1.4,,,,,
0.08333333333333333,0.21267696480596646,0.5094943460635801,0.6544698101130788,0.219615350877193,0.18008771929824566,RacketSports,0,20,21.6,5,103,SMOTE-raw,0.138,6,30,1.4,4.75298070249478,0.14839085381991568,0.3891994619105155,,
0.0,0.0,0.4954128440366973,0.6227864305525922,0.22716564327485383,0.20219298245614037,RacketSports,0,20,21.6,5,103,guide=gpf | walk=plain,0.138,6,30,1.4,17.4804995062319,0.4808732524228211,0.5010836375433674,0.17881944444444445,0.2
0.16666666666666666,0.30359484753316857,0.541924471943674,0.6044378066993813,0.2160671783625731,0.1518201754385965,RacketSports,0,20,21.6,5,103,guide=gpf | walk=aligned,0.138,6,30,1.4,2.9532461416101565,0.23538505904527185,0.043949167342224045,0.08253205128205128,0.7
0.0,0.0,0.48623853211009177,0.6026242799231918,0.2354215643274854,0.20059210526315785,RacketSports,0,20,21.6,5,103,guide=sig | walk=plain,0.138,6,30,1.4,3.3382913428282652,0.2891499569292315,0.04088172786957083,0.058522727272727275,0.6
0.0,0.0,0.5,0.6463622786430553,0.23355197368421052,0.2042763157894737,RacketSports,0,20,21.6,5,103,guide=sig | walk=aligned,0.138,6,30,1.4,2.9492315316520727,0.3091622166999757,0.012278163125084101,0.04876893939393939,1.2
0.0425531914893617,0.1503853240164716,0.497866439086836,0.6486025176018776,0.21528033625730997,0.16410087719298241,RacketSports,0,20,21.6,5,103,guide=dtw | walk=plain,0.138,6,30,1.4,4.464588702977261,0.13362005114341435,0.5483534931578213,0.201171875,0.3
0.25925925925925924,0.39600091807666205,0.5630467249839983,0.6353744399402602,0.20291103801169594,0.14037280701754387,RacketSports,0,20,21.6,5,103,guide=dtw | walk=aligned,0.138,6,30,1.4,2.148977633929265,0.13108364126126193,0.2314870928659256,0.321875,0.3
0.2962962962962963,0.4253539296119329,0.5792617879240453,0.8072327714956261,0.16831915204678363,0.12885964912280704,RacketSports,1,5,4.9,22,86,none,0.138,6,30,2.0,,,,,
0.5074626865671642,0.6082429303679985,0.6655643268615319,0.8544911457222104,0.14462755847953215,0.07107456140350876,RacketSports,1,5,4.9,22,86,SMOTE-raw,0.138,6,30,2.0,1.0295223427074927,0.09227483362961719,0.45232487023285484,,
0.5,0.6052540035309728,0.6609771708982292,0.84798378493706,0.14912397660818713,0.061184210526315785,RacketSports,1,5,4.9,22,86,guide=gpf | walk=plain,0.138,6,30,2.0,1.7115991106783852,0.12165986564858977,0.665460953363846,0.8958333333333334,0.0
0.5897435897435898,0.6899256769586882,0.7123959889054832,0.8591849797311714,0.14491206140350876,0.10046052631578947,RacketSports,1,5,4.9,22,86,guide=gpf | walk=aligned,0.138,6,30,2.0,0.6716506777558156,0.048684065639853835,0.9481268332127888,0.38392857142857145,0.2
0.5217391304347826,0.6228012315444054,0.6726050778749734,0.8576914870919565,0.13972923976608187,0.0962719298245614,RacketSports,1,5,4.9,22,86,guide=sig | walk=plain,0.138,6,30,2.0,1.2528283541615597,0.07100432193539197,1.2547078854081022,0.671875,0.1
0.7209302325581395,0.8009755093562075,0.8054192447194367,0.89310859825048,0.13002258771929823,0.113530701754386,RacketSports,1,5,4.9,22,86,guide=sig | walk=aligned,0.138,6,30,2.0,0.4956914280952418,0.035743602905703886,1.177452430406546,0.4479166666666667,0.1
0.5263157894736842,0.6400341360642428,0.6729251120119479,0.8428632387454662,0.14827390350877195,0.0900657894736842,RacketSports,1,5,4.9,22,86,guide=dtw | walk=plain,0.138,6,30,2.0,1.4927265034479742,0.08296836513786765,1.452757834222841,0.671875,0.1
0.5952380952380952,0.7043102386808291,0.7173031790057607,0.8399829315126947,0.1478551169590643,0.10333333333333335,RacketSports,1,5,4.9,22,86,guide=dtw | walk=aligned,0.138,6,30,2.0,0.5514791133007808,0.03677881985187159,0.966292537350294,0.671875,0.1
0.045454545454545456,0.15249857033260467,0.5116279069767442,0.7109024962662684,0.21832807017543862,0.1867543859649123,RacketSports,1,10,9.8,11,97,none,0.138,6,30,2.1999999999999997,,,,,
0.25,0.3922113484323592,0.5538724130573928,0.7330915297631747,0.18595263157894734,0.1332017543859649,RacketSports,1,10,9.8,11,97,SMOTE-raw,0.138,6,30,2.1999999999999997,1.4085642686474245,0.08368098573275862,0.4115979357712226,,
0.08333333333333333,0.21267696480596646,0.5094943460635801,0.6868999359931727,0.21899298245614038,0.1790350877192982,RacketSports,1,10,9.8,11,97,guide=gpf | walk=plain,0.138,6,30,2.1999999999999997,24.89181832710443,0.494959810109285,7.39005581271425,0.37890625,0.1
0.2545454545454545,0.39411068810468003,0.5584595690206956,0.7048218476637508,0.2002468567251462,0.13265350877192983,RacketSports,1,10,9.8,11,97,guide=gpf | walk=aligned,0.138,6,30,2.1999999999999997,12.637987151251435,0.34630890839840955,4.043719668832624,0.10104166666666667,0.6
0.2857142857142857,0.42132204781526766,0.5700874759974397,0.6937273309152976,0.20107850877192981,0.15021929824561406,RacketSports,1,10,9.8,11,97,guide=sig | walk=plain,0.138,6,30,2.1999999999999997,15.92599713742098,0.32837660124274715,7.780350385719657,0.4330357142857143,0.1
0.417910447761194,0.5437936580767931,0.6169191380413911,0.7266908470236826,0.1816578947368421,0.07425438596491228,RacketSports,1,10,9.8,11,97,guide=sig | walk=aligned,0.138,6,30,2.1999999999999997,4.1536236818499805,0.176468505083067,1.9736831790104457,0.2526041666666667,0.3
0.32727272727272727,0.4511559720494148,0.5908896949007895,0.7008747599743972,0.19606929824561403,0.14978070175438596,RacketSports,1,10,9.8,11,97,guide=dtw | walk=plain,0.138,6,30,2.1999999999999997,16.04643842842122,0.3180010231797398,6.67758475550866,0.4330357142857143,0.2
0.5294117647058824,0.6258768118862716,0.6771922338382761,0.7745892895242158,0.16415021929824558,0.10835526315789475,RacketSports,1,10,9.8,11,97,guide=dtw | walk=aligned,0.138,6,30,2.1999999999999997,3.751628071000157,0.1498791579881641,0.9876777008323216,0.5052083333333334,0.2
0.045454545454545456,0.15249857033260467,0.5116279069767442,0.7020482184766375,0.22923567251461988,0.21807017543859644,RacketSports,1,20,21.6,5,103,none,0.138,6,30,1.5999999999999999,,,,,
0.13043478260869565,0.26413527189768715,0.5348837209302325,0.8140601664177513,0.20718194444444443,0.20160087719298245,RacketSports,1,20,21.6,5,103,SMOTE-raw,0.138,6,30,1.5999999999999999,3.14019993561417,0.17869675411076424,0.39745835360531323,,
0.045454545454545456,0.15249857033260467,0.5116279069767442,0.7959248986558566,0.19618179824561402,0.18655701754385964,RacketSports,1,20,21.6,5,103,guide=gpf | walk=plain,0.138,6,30,1.5999999999999999,8.432182041466895,0.3003976521801428,1.4757582324259622,0.5364583333333334,0.1
0.20833333333333334,0.34099716973523675,0.5581395348837209,0.7976317473863879,0.18085899122807017,0.14638157894736842,RacketSports,1,20,21.6,5,103,guide=gpf | walk=aligned,0.138,6,30,1.5999999999999999,6.2837744447262445,0.27146748565875545,0.9401117258877358,0.04876893939393939,1.2
0.08888888888888889,0.21566554640687682,0.5232558139534884,0.7716023042457862,0.206012865497076,0.1967543859649123,RacketSports,1,20,21.6,5,103,guide=sig | walk=plain,0.138,6,30,1.5999999999999999,16.282442501751074,0.4639325324958695,1.7576980806050968,0.45982142857142855,0.1
0.37735849056603776,0.4822428221704121,0.6162790697674418,0.7915510987838702,0.16006951754385965,0.12278508771929826,RacketSports,1,20,21.6,5,103,guide=sig | walk=aligned,0.138,6,30,1.5999999999999999,3.2553123488249938,0.14221614705546926,1.008421145143643,0.10729166666666666,0.6
0.13043478260869565,0.26413527189768715,0.5348837209302325,0.7899509280989973,0.1973391812865497,0.1792543859649123,RacketSports,1,20,21.6,5,103,guide=dtw | walk=plain,0.138,6,30,1.5999999999999999,5.332102651733685,0.22221073041941297,0.8423680646230772,0.3576388888888889,0.2
0.39285714285714285,0.501118867614672,0.6187326648175806,0.8151269468743332,0.1542282894736842,0.06449561403508772,RacketSports,1,20,21.6,5,103,guide=dtw | walk=aligned,0.138,6,30,1.5999999999999999,1.8290288733694382,0.12196758845302247,0.4449614726455848,0.45982142857142855,0.2
0.4074074074074074,0.5057805388588732,0.627906976744186,0.9012161297205036,0.13473084795321638,0.09938596491228072,RacketSports,2,5,4.9,22,86,none,0.138,6,30,2.1999999999999997,,,,,
0.6486486486486487,0.7227002916441674,0.7469596756987412,0.9014294858118198,0.12056461988304093,0.09350877192982457,RacketSports,2,5,4.9,22,86,SMOTE-raw,0.138,6,30,2.1999999999999997,1.3937551369405146,0.08404093776101262,0.5021789456443215,,
0.6388888888888888,0.7109434438326078,0.7399189246852997,0.8843609985065073,0.12670847953216374,0.12210526315789474,RacketSports,2,5,4.9,22,86,guide=gpf | walk=plain,0.138,6,30,2.1999999999999997,2.6216373288768313,0.0864846840455954,2.255914675823883,0.4479166666666667,0.1
0.6987951807228916,0.7786899328495449,0.7867505867292511,0.8838276082782163,0.12600160818713452,0.0732017543859649,RacketSports,2,5,4.9,22,86,guide=gpf | walk=aligned,0.138,6,30,2.1999999999999997,1.446413838699863,0.048140180466300087,1.3638866235187015,0.24431818181818182,0.2
0.45161290322580644,0.5573566801938313,0.6398549178579049,0.8733731598037123,0.13332273391812866,0.08015350877192985,RacketSports,2,5,4.9,22,86,guide=sig | walk=plain,0.138,6,30,2.1999999999999997,7.198174010487596,0.1375295314893612,12.387672514404706,0.5375,0.1
0.6966292134831461,0.7884920101662477,0.7916577768295285,0.9063366759120973,0.12412953216374269,0.11570175438596493,RacketSports,2,5,4.9,22,86,guide=sig | walk=aligned,0.138,6,30,2.1999999999999997,0.9728982257641992,0.033070975351413234,4.3899584133423435,0.38392857142857145,0.1
0.6027397260273972,0.6885326680013495,0.7191167057819501,0.8954555152549605,0.12988209064327486,0.11006578947368421,RacketSports,2,5,4.9,22,86,guide=dtw | walk=plain,0.138,6,30,2.1999999999999997,1.8663680708381012,0.07026710993733665,1.9648639608849472,0.671875,0.1
0.6956521739130435,0.7925404297797699,0.7941113718796672,0.8959889054832516,0.1293813596491228,0.12212719298245615,RacketSports,2,5,4.9,22,86,guide=dtw | walk=aligned,0.138,6,30,2.1999999999999997,0.6819429686546172,0.03167493288710865,0.9431660567207804,0.671875,0.1
0.0,0.0,0.5,0.7584809046298272,0.21914627192982453,0.1904605263157895,RacketSports,2,10,9.8,11,97,none,0.138,6,30,2.0,,,,,
0.3448275862068966,0.4710523696671776,0.5933432899509281,0.7965649669298058,0.17000884502923974,0.10563596491228068,RacketSports,2,10,9.8,11,97,SMOTE-raw,0.138,6,30,2.0,1.5662452116194192,0.1069730252486848,0.31665936055251087,,
0.21052631578947367,0.3595744586837929,0.5330701941540431,0.7331982078088329,0.19876608187134504,0.1475,RacketSports,2,10,9.8,11,97,guide=gpf | walk=plain,0.138,6,30,2.0,12.124100347470536,0.30781906183635155,4.228158838269384,0.37890625,0.1
0.22641509433962265,0.3666256094837572,0.5514188180072541,0.7427992319180712,0.19198720760233917,0.12822368421052632,RacketSports,2,10,9.8,11,97,guide=gpf | walk=aligned,0.138,6,30,2.0,7.154095265458386,0.30505571902007655,0.831412182570791,0.08192567567567567,0.8
0.19230769230769232,0.3346818607888897,0.5397909110305099,0.7639214849583955,0.1942687134502924,0.14324561403508768,RacketSports,2,10,9.8,11,97,guide=sig | walk=plain,0.138,6,30,2.0,13.499818029988463,0.33051555111740893,4.85209972514488,0.5052083333333334,0.1
0.3939393939393939,0.5240126806902824,0.6052912310646469,0.8169404736505227,0.1576925438596491,0.10776315789473684,RacketSports,2,10,9.8,11,97,guide=sig | walk=aligned,0.138,6,30,2.0,3.6832567229186726,0.15754439747502225,1.9906101557555118,0.3368055555555556,0.2
0.2807017543859649,0.4192915682967157,0.565500320034137,0.7554939193513975,0.18288801169590643,0.11442982456140352,RacketSports,2,10,9.8,11,97,guide=dtw | walk=plain,0.138,6,30,2.0,8.351274244160484,0.2227983554493188,3.0090969675450823,0.60625,0.1
0.5555555555555556,0.6532321047168564,0.691273735865159,0.7951781523362491,0.16206929824561403,0.06508771929824562,RacketSports,2,10,9.8,11,97,guide=dtw | walk=aligned,0.138,6,30,2.0,1.8855113027190384,0.07936070223311298,0.8861627445318327,0.5052083333333334,0.2
0.0,0.0,0.5,0.7701088116065714,0.2349824561403509,0.20824561403508776,RacketSports,2,20,21.6,5,103,none,0.138,6,30,1.4,,,,,
0.16326530612244897,0.3021860471355721,0.5373373159803713,0.8357158096863665,0.18897551169590643,0.1619078947368421,RacketSports,2,20,21.6,5,103,SMOTE-raw,0.138,6,30,1.4,3.0869802395575423,0.17723675634670055,0.31436419475966115,,
0.1276595744680851,0.26292085042178737,0.5302965649669298,0.7077021548965222,0.21307960526315792,0.15655701754385964,RacketSports,2,20,21.6,5,103,guide=gpf | walk=plain,0.138,6,30,1.4,10.76302325978598,0.48178526542569544,0.31417177617837194,0.13994565217391305,0.2
0.0,0.0,0.5,0.7366119052698954,0.23819459064327483,0.20482456140350877,RacketSports,2,20,21.6,5,103,guide=gpf | walk=aligned,0.138,6,30,1.4,7.83965242159041,0.6548092740800173,0.0260900965155389,0.04876893939393939,1.2
0.043478260869565216,0.15109302356778606,0.5024535950501386,0.7350117345850223,0.22648823099415202,0.20146929824561402,RacketSports,2,20,21.6,5,103,guide=sig | walk=plain,0.138,6,30,1.4,7.039122350555997,0.4797656262274227,0.09053884280948886,0.04876893939393939,0.7
0.0,0.0,0.5,0.7278643055259229,0.23919766081871346,0.21368421052631575,RacketSports,2,20,21.6,5,103,guide=sig | walk=aligned,0.138,6,30,1.4,8.137973871037806,0.6457199574056296,0.02854824532604619,0.04876893939393939,1.2
0.08695652173913043,0.21467397542399946,0.5186686579901857,0.7404523149135908,0.1984453216374269,0.16118421052631582,RacketSports,2,20,21.6,5,103,guide=dtw | walk=plain,0.138,6,30,1.4,3.8573646240307387,0.31607324201933673,0.09359554802574055,0.3576388888888889,0.2
0.5428571428571428,0.6398674387997761,0.6842329848517175,0.8597183699594624,0.1426047514619883,0.12146929824561405,RacketSports,2,20,21.6,5,103,guide=dtw | walk=aligned,0.138,6,30,1.4,1.3770380946095298,0.14270906391734028,0.07642940565668858,0.5364583333333334,0.2
