f1,gmean,bacc,auc,dataset,seed,IR,IR_actual,n_min,n_syn,method,H,ref_energy,energy_syn,disp_ratio,accept,M
0.75,0.7745966692414834,0.8,0.8416666666666667,BasicMotions,0,5,5.0,6,24,none (raw-flat RF),0.04,0.4414206395876332,,,,
0.8888888888888888,0.8944271909999159,0.9,1.0,BasicMotions,0,5,5.0,6,24,none,0.04,0.4414206395876332,,,,
0.8888888888888888,0.8944271909999159,0.9,1.0,BasicMotions,0,5,5.0,6,24,SMOTE-raw,0.04,0.4414206395876332,0.6097096959703714,0.5120231961322763,,
0.8888888888888888,0.8944271909999159,0.9,1.0,BasicMotions,0,5,5.0,6,24,KNNOR-raw (M=1),0.04,0.4414206395876332,1.309496719769024,0.08909518871479526,0.12307692307692308,
0.8888888888888888,0.8944271909999159,0.9,1.0,BasicMotions,0,5,5.0,6,24,chain-mean-GPF (PSSTO-style),0.04,0.4414206395876332,0.5973524394566956,0.2838497591339604,,
0.8888888888888888,0.8944271909999159,0.9,1.0,BasicMotions,0,5,5.0,6,24,KNNOR-GPF (M=1),0.04,0.4414206395876332,0.5043146336754385,0.49553482599385434,1.0,1.0
1.0,1.0,1.0,1.0,BasicMotions,0,5,5.0,6,24,KNNOR-GPF (M=3/2),0.04,0.4414206395876332,0.3643140758134662,1.0994925502950939,1.0,1.5
1.0,1.0,1.0,1.0,BasicMotions,0,5,5.0,6,24,KNNOR-GPF (M calibrated),0.04,0.4414206395876332,0.3928216836659699,1.0126347588943707,0.8888888888888888,1.5999999999999999
0.5714285714285714,0.6324555320336759,0.7,0.8133333333333334,BasicMotions,0,10,7.5,4,26,none (raw-flat RF),0.04,0.7872565980200066,,,,
0.8235294117647058,0.8366600265340756,0.85,1.0,BasicMotions,0,10,7.5,4,26,none,0.04,0.7872565980200066,,,,
0.8888888888888888,0.8944271909999159,0.9,1.0,BasicMotions,0,10,7.5,4,26,SMOTE-raw,0.04,0.7872565980200066,0.9536662502780353,0.45827816188687936,,
0.8888888888888888,0.8944271909999159,0.9,1.0,BasicMotions,0,10,7.5,4,26,KNNOR-raw (M=1),0.04,0.7872565980200066,1.4382171554666416,0.22476727984726866,0.6046511627906976,
0.9473684210526315,0.9486832980505138,0.95,1.0,BasicMotions,0,10,7.5,4,26,chain-mean-GPF (PSSTO-style),0.04,0.7872565980200066,0.9762945308276629,0.25931124843227127,,
0.9473684210526315,0.9486832980505138,0.95,1.0,BasicMotions,0,10,7.5,4,26,KNNOR-GPF (M=1),0.04,0.7872565980200066,0.9539032244747276,0.4195785827889989,1.0,1.0
0.9473684210526315,0.9486832980505138,0.95,1.0,BasicMotions,0,10,7.5,4,26,KNNOR-GPF (M=3/2),0.04,0.7872565980200066,0.8584769614326935,0.9774268209112089,1.0,1.5
0.9473684210526315,0.9486832980505138,0.95,1.0,BasicMotions,0,10,7.5,4,26,KNNOR-GPF (M calibrated),0.04,0.7872565980200066,0.8465844855265146,1.1115488246613952,1.0,1.5999999999999999
0.5714285714285714,0.6324555320336759,0.7,0.795,BasicMotions,0,20,7.5,4,26,none (raw-flat RF),0.04,0.7050516551373969,,,,
0.75,0.7745966692414834,0.8,0.9933333333333333,BasicMotions,0,20,7.5,4,26,none,0.04,0.7050516551373969,,,,
0.8235294117647058,0.8366600265340756,0.85,1.0,BasicMotions,0,20,7.5,4,26,SMOTE-raw,0.04,0.7050516551373969,0.7615819450276122,0.47026527787337047,,
0.8235294117647058,0.8366600265340756,0.85,1.0,BasicMotions,0,20,7.5,4,26,KNNOR-raw (M=1),0.04,0.7050516551373969,1.4317804143681236,0.1567706288196216,0.48148148148148145,
0.8888888888888888,0.8944271909999159,0.9,1.0,BasicMotions,0,20,7.5,4,26,chain-mean-GPF (PSSTO-style),0.04,0.7050516551373969,0.8387503490993282,0.22336234132512836,,
0.8888888888888888,0.8944271909999159,0.9,1.0,BasicMotions,0,20,7.5,4,26,KNNOR-GPF (M=1),0.04,0.7050516551373969,0.7647043626657797,0.32153454987946084,1.0,1.0
0.9473684210526315,0.9486832980505138,0.95,1.0,BasicMotions,0,20,7.5,4,26,KNNOR-GPF (M=3/2),0.04,0.7050516551373969,0.6850191421259293,0.7562598548908811,0.9629629629629629,1.5
0.8888888888888888,0.8944271909999159,0.9,1.0,BasicMotions,0,20,7.5,4,26,KNNOR-GPF (M calibrated),0.04,0.7050516551373969,0.7442653809739843,0.8323854933255183,0.9285714285714286,1.5999999999999999
0.46153846153846156,0.5477225575051661,0.65,0.8733333333333333,BasicMotions,1,5,5.0,6,24,none (raw-flat RF),0.04,0.24944176027516862,,,,
1.0,1.0,1.0,1.0,BasicMotions,1,5,5.0,6,24,none,0.04,0.24944176027516862,,,,
1.0,1.0,1.0,1.0,BasicMotions,1,5,5.0,6,24,SMOTE-raw,0.04,0.24944176027516862,0.5042592274968642,0.5054501388136776,,
1.0,1.0,1.0,1.0,BasicMotions,1,5,5.0,6,24,KNNOR-raw (M=1),0.04,0.24944176027516862,1.167047406754961,0.2306219912422859,1.0,
1.0,1.0,1.0,1.0,BasicMotions,1,5,5.0,6,24,chain-mean-GPF (PSSTO-style),0.04,0.24944176027516862,0.3357428659110009,0.2598043534707417,,
1.0,1.0,1.0,1.0,BasicMotions,1,5,5.0,6,24,KNNOR-GPF (M=1),0.04,0.24944176027516862,0.3724210184795329,0.29749077117820777,1.0,1.0
1.0,1.0,1.0,1.0,BasicMotions,1,5,5.0,6,24,KNNOR-GPF (M=3/2),0.04,0.24944176027516862,0.34698939324954226,0.6709858668959118,1.0,1.5
1.0,1.0,1.0,1.0,BasicMotions,1,5,5.0,6,24,KNNOR-GPF (M calibrated),0.04,0.24944176027516862,0.34555373883058627,0.7645712427532484,1.0,1.5999999999999999
0.18181818181818182,0.31622776601683794,0.55,0.87,BasicMotions,1,10,7.5,4,26,none (raw-flat RF),0.04,0.39778571770962623,,,,
1.0,1.0,1.0,1.0,BasicMotions,1,10,7.5,4,26,none,0.04,0.39778571770962623,,,,
1.0,1.0,1.0,1.0,BasicMotions,1,10,7.5,4,26,SMOTE-raw,0.04,0.39778571770962623,0.6764417957158066,0.639979784031362,,
1.0,1.0,1.0,1.0,BasicMotions,1,10,7.5,4,26,KNNOR-raw (M=1),0.04,0.39778571770962623,1.220890840770683,0.2328959350383351,0.9629629629629629,
1.0,1.0,1.0,1.0,BasicMotions,1,10,7.5,4,26,chain-mean-GPF (PSSTO-style),0.04,0.39778571770962623,0.47061189809548876,0.24340669101134846,,
1.0,1.0,1.0,1.0,BasicMotions,1,10,7.5,4,26,KNNOR-GPF (M=1),0.04,0.39778571770962623,0.46973481035025655,0.3017278031156065,1.0,1.0
1.0,1.0,1.0,1.0,BasicMotions,1,10,7.5,4,26,KNNOR-GPF (M=3/2),0.04,0.39778571770962623,0.4353992191979543,0.7599837574888646,0.9629629629629629,1.5
1.0,1.0,1.0,1.0,BasicMotions,1,10,7.5,4,26,KNNOR-GPF (M calibrated),0.04,0.39778571770962623,0.4485651303148517,0.8006924029768258,0.9285714285714286,1.5999999999999999
0.0,0.0,0.5,0.8600000000000001,BasicMotions,1,20,7.5,4,26,none (raw-flat RF),0.04,0.3382595857760182,,,,
1.0,1.0,1.0,1.0,BasicMotions,1,20,7.5,4,26,none,0.04,0.3382595857760182,,,,
1.0,1.0,1.0,1.0,BasicMotions,1,20,7.5,4,26,SMOTE-raw,0.04,0.3382595857760182,0.5829343073045319,0.5616200991682926,,
1.0,1.0,1.0,1.0,BasicMotions,1,20,7.5,4,26,KNNOR-raw (M=1),0.04,0.3382595857760182,1.3293866449871365,0.10725964195733309,0.8125,
1.0,1.0,1.0,1.0,BasicMotions,1,20,7.5,4,26,chain-mean-GPF (PSSTO-style),0.04,0.3382595857760182,0.4086962058777601,0.21964269739096864,,
1.0,1.0,1.0,1.0,BasicMotions,1,20,7.5,4,26,KNNOR-GPF (M=1),0.04,0.3382595857760182,0.38899026334367504,0.28540954199882235,1.0,1.0
1.0,1.0,1.0,1.0,BasicMotions,1,20,7.5,4,26,KNNOR-GPF (M=3/2),0.04,0.3382595857760182,0.3813622971127866,0.42242743132033594,0.8666666666666667,1.5
1.0,1.0,1.0,1.0,BasicMotions,1,20,7.5,4,26,KNNOR-GPF (M calibrated),0.04,0.3382595857760182,0.38334196957873345,0.4424905192429836,0.8387096774193549,1.5999999999999999
0.46153846153846156,0.5477225575051661,0.65,0.9316666666666666,BasicMotions,2,5,5.0,6,24,none (raw-flat RF),0.04,0.3221106200890833,,,,
0.9473684210526315,0.9486832980505138,0.95,1.0,BasicMotions,2,5,5.0,6,24,none,0.04,0.3221106200890833,,,,
0.9473684210526315,0.9486832980505138,0.95,1.0,BasicMotions,2,5,5.0,6,24,SMOTE-raw,0.04,0.3221106200890833,0.48828029852137944,0.5483020656688246,,
0.9473684210526315,0.9486832980505138,0.95,1.0,BasicMotions,2,5,5.0,6,24,KNNOR-raw (M=1),0.04,0.3221106200890833,0.9870766142713083,0.22975649029406192,0.19047619047619047,
0.9473684210526315,0.9486832980505138,0.95,1.0,BasicMotions,2,5,5.0,6,24,chain-mean-GPF (PSSTO-style),0.04,0.3221106200890833,0.44327629615085473,0.2404661963003242,,
0.9473684210526315,0.9486832980505138,0.95,1.0,BasicMotions,2,5,5.0,6,24,KNNOR-GPF (M=1),0.04,0.3221106200890833,0.34478838198900386,0.4210548449029149,1.0,1.0
1.0,1.0,1.0,1.0,BasicMotions,2,5,5.0,6,24,KNNOR-GPF (M=3/2),0.04,0.3221106200890833,0.2968511413418018,0.8291519977529453,0.8888888888888888,1.5
1.0,1.0,1.0,1.0,BasicMotions,2,5,5.0,6,24,KNNOR-GPF (M calibrated),0.04,0.3221106200890833,0.295157870395087,0.894221319607903,0.8571428571428571,1.5999999999999999
0.46153846153846156,0.5477225575051661,0.65,0.9183333333333333,BasicMotions,2,10,7.5,4,26,none (raw-flat RF),0.04,0.3410389672319798,,,,
0.9473684210526315,0.9486832980505138,0.95,1.0,BasicMotions,2,10,7.5,4,26,none,0.04,0.3410389672319798,,,,
1.0,1.0,1.0,1.0,BasicMotions,2,10,7.5,4,26,SMOTE-raw,0.04,0.3410389672319798,0.47651651379528426,0.49509146098946005,,
1.0,1.0,1.0,1.0,BasicMotions,2,10,7.5,4,26,KNNOR-raw (M=1),0.04,0.3410389672319798,0.8512214154824611,0.24054599022465772,0.8387096774193549,
1.0,1.0,1.0,1.0,BasicMotions,2,10,7.5,4,26,chain-mean-GPF (PSSTO-style),0.04,0.3410389672319798,0.44350823795847893,0.19262521057065668,,
1.0,1.0,1.0,1.0,BasicMotions,2,10,7.5,4,26,KNNOR-GPF (M=1),0.04,0.3410389672319798,0.4411162809514342,0.2596464272219799,1.0,1.0
1.0,1.0,1.0,1.0,BasicMotions,2,10,7.5,4,26,KNNOR-GPF (M=3/2),0.04,0.3410389672319798,0.4419649851066034,0.7046956981639179,1.0,1.5
1.0,1.0,1.0,1.0,BasicMotions,2,10,7.5,4,26,KNNOR-GPF (M calibrated),0.04,0.3410389672319798,0.45103336674925876,0.8275234637402287,1.0,1.5999999999999999
0.46153846153846156,0.5477225575051661,0.65,0.9283333333333335,BasicMotions,2,20,7.5,4,26,none (raw-flat RF),0.04,0.32178200006415003,,,,
0.9473684210526315,0.9486832980505138,0.95,1.0,BasicMotions,2,20,7.5,4,26,none,0.04,0.32178200006415003,,,,
1.0,1.0,1.0,1.0,BasicMotions,2,20,7.5,4,26,SMOTE-raw,0.04,0.32178200006415003,0.44809037438901544,0.4860209049787577,,
1.0,1.0,1.0,1.0,BasicMotions,2,20,7.5,4,26,KNNOR-raw (M=1),0.04,0.32178200006415003,0.6437725390224416,0.38952951542413095,1.0,
1.0,1.0,1.0,1.0,BasicMotions,2,20,7.5,4,26,chain-mean-GPF (PSSTO-style),0.04,0.32178200006415003,0.40980219695968567,0.23485864840577036,,
1.0,1.0,1.0,1.0,BasicMotions,2,20,7.5,4,26,KNNOR-GPF (M=1),0.04,0.32178200006415003,0.35132999666506004,0.38704201123137943,1.0,1.0
1.0,1.0,1.0,1.0,BasicMotions,2,20,7.5,4,26,KNNOR-GPF (M=3/2),0.04,0.32178200006415003,0.33706825214861214,0.9195350805286784,1.0,1.5
1.0,1.0,1.0,1.0,BasicMotions,2,20,7.5,4,26,KNNOR-GPF (M calibrated),0.04,0.32178200006415003,0.34247194804765035,1.0208026384085165,1.0,1.5999999999999999
0.46153846153846156,0.5477225575051661,0.65,0.8200000000000001,BasicMotions,3,5,5.0,6,24,none (raw-flat RF),0.04,0.3290180622647778,,,,
1.0,1.0,1.0,1.0,BasicMotions,3,5,5.0,6,24,none,0.04,0.3290180622647778,,,,
1.0,1.0,1.0,1.0,BasicMotions,3,5,5.0,6,24,SMOTE-raw,0.04,0.3290180622647778,0.5061255207350879,0.5542218101203763,,
1.0,1.0,1.0,1.0,BasicMotions,3,5,5.0,6,24,KNNOR-raw (M=1),0.04,0.3290180622647778,1.0473838458764417,0.22531699401361538,0.25263157894736843,
1.0,1.0,1.0,1.0,BasicMotions,3,5,5.0,6,24,chain-mean-GPF (PSSTO-style),0.04,0.3290180622647778,0.4583690017081148,0.3003941964575151,,
1.0,1.0,1.0,1.0,BasicMotions,3,5,5.0,6,24,KNNOR-GPF (M=1),0.04,0.3290180622647778,0.6171315948298837,0.4261004785042682,1.0,1.0
1.0,1.0,1.0,1.0,BasicMotions,3,5,5.0,6,24,KNNOR-GPF (M=3/2),0.04,0.3290180622647778,0.6972345450253488,0.7785065944957396,1.0,1.5
1.0,1.0,1.0,1.0,BasicMotions,3,5,5.0,6,24,KNNOR-GPF (M calibrated),0.04,0.3290180622647778,0.7124626284230478,0.8289939043906501,1.0,1.5999999999999999
0.0,0.0,0.5,0.7366666666666666,BasicMotions,3,10,7.5,4,26,none (raw-flat RF),0.04,0.442824738345341,,,,
0.9473684210526315,0.9486832980505138,0.95,1.0,BasicMotions,3,10,7.5,4,26,none,0.04,0.442824738345341,,,,
1.0,1.0,1.0,1.0,BasicMotions,3,10,7.5,4,26,SMOTE-raw,0.04,0.442824738345341,0.7659577419615928,0.660327933029884,,
1.0,1.0,1.0,1.0,BasicMotions,3,10,7.5,4,26,KNNOR-raw (M=1),0.04,0.442824738345341,1.476229386574666,0.11689931155375195,0.1092436974789916,
1.0,1.0,1.0,1.0,BasicMotions,3,10,7.5,4,26,chain-mean-GPF (PSSTO-style),0.04,0.442824738345341,0.5372170334034505,0.32657955341949874,,
1.0,1.0,1.0,1.0,BasicMotions,3,10,7.5,4,26,KNNOR-GPF (M=1),0.04,0.442824738345341,0.5402234218436794,0.3301380235825006,1.0,1.0
1.0,1.0,1.0,1.0,BasicMotions,3,10,7.5,4,26,KNNOR-GPF (M=3/2),0.04,0.442824738345341,0.5084756560993839,0.8434949089867939,1.0,1.5
1.0,1.0,1.0,1.0,BasicMotions,3,10,7.5,4,26,KNNOR-GPF (M calibrated),0.04,0.442824738345341,0.5101554208926313,0.9484308494880526,1.0,1.5999999999999999
0.3333333333333333,0.4472135954999579,0.6,0.73,BasicMotions,3,20,7.5,4,26,none (raw-flat RF),0.04,0.45858102659466815,,,,
0.9473684210526315,0.9486832980505138,0.95,1.0,BasicMotions,3,20,7.5,4,26,none,0.04,0.45858102659466815,,,,
1.0,1.0,1.0,1.0,BasicMotions,3,20,7.5,4,26,SMOTE-raw,0.04,0.45858102659466815,0.8764122558258813,0.6403528066680964,,
1.0,1.0,1.0,1.0,BasicMotions,3,20,7.5,4,26,KNNOR-raw (M=1),0.04,0.45858102659466815,1.3234408111366218,0.19787153025664228,0.2826086956521739,
1.0,1.0,1.0,1.0,BasicMotions,3,20,7.5,4,26,chain-mean-GPF (PSSTO-style),0.04,0.45858102659466815,0.5377558226310264,0.3214070558832632,,
1.0,1.0,1.0,1.0,BasicMotions,3,20,7.5,4,26,KNNOR-GPF (M=1),0.04,0.45858102659466815,0.619574788579526,0.2926578800633836,1.0,1.0
1.0,1.0,1.0,1.0,BasicMotions,3,20,7.5,4,26,KNNOR-GPF (M=3/2),0.04,0.45858102659466815,0.6517770281695932,0.7139936474270242,1.0,1.5
1.0,1.0,1.0,1.0,BasicMotions,3,20,7.5,4,26,KNNOR-GPF (M calibrated),0.04,0.45858102659466815,0.6858652171749291,1.0694273180825762,1.0,1.7999999999999998
0.18181818181818182,0.31622776601683794,0.55,0.9183333333333333,BasicMotions,4,5,5.0,6,24,none (raw-flat RF),0.04,0.24969627117271953,,,,
1.0,1.0,1.0,1.0,BasicMotions,4,5,5.0,6,24,none,0.04,0.24969627117271953,,,,
1.0,1.0,1.0,1.0,BasicMotions,4,5,5.0,6,24,SMOTE-raw,0.04,0.24969627117271953,0.5341475257197299,0.8315398128810016,,
1.0,1.0,1.0,1.0,BasicMotions,4,5,5.0,6,24,KNNOR-raw (M=1),0.04,0.24969627117271953,0.2513047377864617,0.842348232693463,0.045283018867924525,
1.0,1.0,1.0,1.0,BasicMotions,4,5,5.0,6,24,chain-mean-GPF (PSSTO-style),0.04,0.24969627117271953,0.3819690051514222,0.19978192918971227,,
1.0,1.0,1.0,1.0,BasicMotions,4,5,5.0,6,24,KNNOR-GPF (M=1),0.04,0.24969627117271953,0.35747815677183414,0.5031724654012741,1.0,1.0
1.0,1.0,1.0,1.0,BasicMotions,4,5,5.0,6,24,KNNOR-GPF (M=3/2),0.04,0.24969627117271953,0.3857954064544642,0.932135615394889,1.0,1.5
1.0,1.0,1.0,1.0,BasicMotions,4,5,5.0,6,24,KNNOR-GPF (M calibrated),0.04,0.24969627117271953,0.4002845150634897,0.9571944801890083,0.96,1.5999999999999999
0.0,0.0,0.5,0.8550000000000001,BasicMotions,4,10,7.5,4,26,none (raw-flat RF),0.04,0.28332149267797746,,,,
1.0,1.0,1.0,1.0,BasicMotions,4,10,7.5,4,26,none,0.04,0.28332149267797746,,,,
1.0,1.0,1.0,1.0,BasicMotions,4,10,7.5,4,26,SMOTE-raw,0.04,0.28332149267797746,0.5695450206533978,0.6373591692364506,,
1.0,1.0,1.0,1.0,BasicMotions,4,10,7.5,4,26,KNNOR-raw (M=1),0.04,0.28332149267797746,1.26541636168185,0.06732302654392412,0.0456140350877193,
1.0,1.0,1.0,1.0,BasicMotions,4,10,7.5,4,26,chain-mean-GPF (PSSTO-style),0.04,0.28332149267797746,0.34844319983334526,0.13638667729049742,,
1.0,1.0,1.0,1.0,BasicMotions,4,10,7.5,4,26,KNNOR-GPF (M=1),0.04,0.28332149267797746,0.37410531151898585,0.3385743936293286,1.0,1.0
1.0,1.0,1.0,1.0,BasicMotions,4,10,7.5,4,26,KNNOR-GPF (M=3/2),0.04,0.28332149267797746,0.4090095167126182,0.8987743944976508,1.0,1.5
1.0,1.0,1.0,1.0,BasicMotions,4,10,7.5,4,26,KNNOR-GPF (M calibrated),0.04,0.28332149267797746,0.4227295800444075,1.0564793596258077,1.0,1.5999999999999999
0.0,0.0,0.5,0.9650000000000001,BasicMotions,4,20,7.5,4,26,none (raw-flat RF),0.04,0.347981923517223,,,,
1.0,1.0,1.0,1.0,BasicMotions,4,20,7.5,4,26,none,0.04,0.347981923517223,,,,
1.0,1.0,1.0,1.0,BasicMotions,4,20,7.5,4,26,SMOTE-raw,0.04,0.347981923517223,0.3507499867848509,0.674104506333228,,
1.0,1.0,1.0,1.0,BasicMotions,4,20,7.5,4,26,KNNOR-raw (M=1),0.04,0.347981923517223,0.7580284649866627,0.22790870811463637,0.13333333333333333,
1.0,1.0,1.0,1.0,BasicMotions,4,20,7.5,4,26,chain-mean-GPF (PSSTO-style),0.04,0.347981923517223,0.4608141088831361,0.15413271488865737,,
1.0,1.0,1.0,1.0,BasicMotions,4,20,7.5,4,26,KNNOR-GPF (M=1),0.04,0.347981923517223,0.3679230146480623,0.25540031154921444,1.0,1.0
1.0,1.0,1.0,1.0,BasicMotions,4,20,7.5,4,26,KNNOR-GPF (M=3/2),0.04,0.347981923517223,0.3476558332589301,0.4198793977112775,0.7647058823529411,1.5
1.0,1.0,1.0,1.0,BasicMotions,4,20,7.5,4,26,KNNOR-GPF (M calibrated),0.04,0.347981923517223,0.3243825785642591,0.4764766087500948,0.6666666666666666,1.5999999999999999
0.723404255319149,0.752772652709081,0.7833333333333333,0.9782183908045977,JapaneseVowels,0,5,9.3,31,258,none (raw-flat RF),0.839,1.3445553851875616,,,,
0.358974358974359,0.48137733425145235,0.6132183908045977,0.9398275862068967,JapaneseVowels,0,5,9.3,31,258,none,0.839,1.3445553851875616,,,,
0.5866666666666667,0.8216887572512499,0.8270114942528735,0.9476436781609195,JapaneseVowels,0,5,9.3,31,258,SMOTE-raw,0.839,1.3445553851875616,1.7862080286107016,0.507925764800588,,
0.5714285714285714,0.7878385971583354,0.7988505747126436,0.9225862068965517,JapaneseVowels,0,5,9.3,31,258,KNNOR-raw (M=1),0.839,1.3445553851875616,2.9576776482354887,0.2965262645355449,1.0,
0.42857142857142855,0.5448821448021012,0.6448275862068965,0.9382758620689655,JapaneseVowels,0,5,9.3,31,258,chain-mean-GPF (PSSTO-style),0.839,1.3445553851875616,1.780479006744919,0.47163522965350235,,
0.41025641025641024,0.5155066696336543,0.6316091954022989,0.9495977011494253,JapaneseVowels,0,5,9.3,31,258,KNNOR-GPF (M=1),0.839,1.3445553851875616,3.441837073760368,0.13405595274023585,0.07977736549165121,1.0
0.4878048780487805,0.5763539780776888,0.6649425287356322,0.9491954022988506,JapaneseVowels,0,5,9.3,31,258,KNNOR-GPF (M=3/2),0.839,1.3445553851875616,2.7742170516908047,0.28873298585910734,0.09648466716529544,1.5
0.64,0.7252427259161259,0.7597701149425287,0.9474137931034483,JapaneseVowels,0,5,9.3,31,258,KNNOR-GPF (M calibrated),0.839,1.3445553851875616,1.973866173071542,0.5789841599427911,0.19471698113207547,2.1999999999999997
0.6956521739130435,0.7302967433402214,0.7666666666666666,0.978735632183908,JapaneseVowels,0,10,10.0,29,260,none (raw-flat RF),0.839,1.3191630382843655,,,,
0.32432432432432434,0.4464418717230567,0.5982758620689655,0.9362643678160919,JapaneseVowels,0,10,10.0,29,260,none,0.839,1.3191630382843655,,,,
0.5569620253164557,0.8155105586467706,0.8201149425287356,0.9193103448275862,JapaneseVowels,0,10,10.0,29,260,SMOTE-raw,0.839,1.3191630382843655,1.401458585073609,0.527551782000634,,
0.5,0.7731113434850683,0.7816091954022988,0.889080459770115,JapaneseVowels,0,10,10.0,29,260,KNNOR-raw (M=1),0.839,1.3191630382843655,3.6711131817594627,0.24743536878107328,1.0,
0.4186046511627907,0.5439320444370944,0.6431034482758621,0.9266666666666666,JapaneseVowels,0,10,10.0,29,260,chain-mean-GPF (PSSTO-style),0.839,1.3191630382843655,1.5976186135343262,0.546161663559434,,
0.41025641025641024,0.5155066696336543,0.6316091954022989,0.9256896551724139,JapaneseVowels,0,10,10.0,29,260,KNNOR-GPF (M=1),0.839,1.3191630382843655,3.346217491328744,0.23520669777507247,0.0645641917059846,1.0
0.4,0.5146140167221416,0.6298850574712643,0.9263218390804597,JapaneseVowels,0,10,10.0,29,260,KNNOR-GPF (M=3/2),0.839,1.3191630382843655,3.2318584307435394,0.5253327117968609,0.05684302579798863,1.5
0.4090909090909091,0.5429802816004431,0.6413793103448275,0.9259195402298851,JapaneseVowels,0,10,10.0,29,260,KNNOR-GPF (M calibrated),0.839,1.3191630382843655,2.123229441970544,0.6747528824441265,0.11270047680970958,2.0
0.18181818181818182,0.31622776601683794,0.55,0.9502873563218391,JapaneseVowels,0,20,20.6,14,275,none (raw-flat RF),0.839,2.842043478486019,,,,
0.2857142857142857,0.408248290463863,0.5833333333333334,0.861551724137931,JapaneseVowels,0,20,20.6,14,275,none,0.839,2.842043478486019,,,,
0.4,0.6125131947910212,0.6689655172413793,0.8635632183908046,JapaneseVowels,0,20,20.6,14,275,SMOTE-raw,0.839,2.842043478486019,1.387913636789122,0.5016449613817565,,
0.32142857142857145,0.5314261878223996,0.6206896551724138,0.8524712643678162,JapaneseVowels,0,20,20.6,14,275,KNNOR-raw (M=1),0.839,2.842043478486019,1.9054172682703943,0.47881305071945973,1.0,
0.3684210526315789,0.48221233459149915,0.6149425287356322,0.8804597701149425,JapaneseVowels,0,20,20.6,14,275,chain-mean-GPF (PSSTO-style),0.839,2.842043478486019,2.037965881108452,0.44397937767439394,,
0.3783783783783784,0.48304589153964794,0.6166666666666667,0.8674137931034483,JapaneseVowels,0,20,20.6,14,275,KNNOR-GPF (M=1),0.839,2.842043478486019,10.42057833794507,2.3626572552426617e-30,0.04954954954954955,1.0
0.3333333333333333,0.4472135954999579,0.6,0.8673563218390804,JapaneseVowels,0,20,20.6,14,275,KNNOR-GPF (M=3/2),0.839,2.842043478486019,11.913678883410867,0.0034973880710870006,0.04954954954954955,1.5
0.4444444444444444,0.572351471472339,0.6580459770114943,0.8510919540229885,JapaneseVowels,0,20,20.6,14,275,KNNOR-GPF (M calibrated),0.839,2.842043478486019,4.518186598986102,0.1833377624592565,0.06730298580518845,2.4
0.76,0.7828813612588127,0.8064516129032258,0.9997209509989954,JapaneseVowels,1,5,9.7,30,260,none (raw-flat RF),0.839,1.7950690608974469,,,,
0.32558139534883723,0.4710623797320681,0.6042527067753097,0.8503739256613462,JapaneseVowels,1,5,9.7,30,260,none,0.839,1.7950690608974469,,,,
0.4536082474226804,0.7756478880045163,0.778714142203371,0.8724746065409086,JapaneseVowels,1,5,9.7,30,260,SMOTE-raw,0.839,1.7950690608974469,1.2200444001525064,0.5484107648878993,,
0.38202247191011235,0.6859943405700354,0.7032592923317335,0.8440674182386427,JapaneseVowels,1,5,9.7,30,260,KNNOR-raw (M=1),0.839,1.7950690608974469,2.033907260115523,0.3157473694089637,0.9885931558935361,
0.39215686274509803,0.5580489988532434,0.6439892845183615,0.8785578747628083,JapaneseVowels,1,5,9.7,30,260,chain-mean-GPF (PSSTO-style),0.839,1.7950690608974469,1.5708508348188737,0.4747706860590583,,
0.4583333333333333,0.5894674003292282,0.6670387320013395,0.882687799977676,JapaneseVowels,1,5,9.7,30,260,KNNOR-GPF (M=1),0.839,1.7950690608974469,2.7957117692648765,0.15684790639375662,0.049523809523809526,1.0
0.44,0.5873807835144578,0.6635785243888828,0.876046433753767,JapaneseVowels,1,5,9.7,30,260,KNNOR-GPF (M=3/2),0.839,1.7950690608974469,2.6501330835576873,0.2863945775948,0.049523809523809526,1.5
0.5245901639344263,0.7008039966838477,0.7338430628418351,0.8764371023551737,JapaneseVowels,1,5,9.7,30,260,KNNOR-GPF (M calibrated),0.839,1.7950690608974469,1.6713456396243203,0.6000649672737454,0.11550422034651266,2.1999999999999997
0.76,0.7828813612588127,0.8064516129032258,0.9995535215983927,JapaneseVowels,1,10,10.0,29,261,none (raw-flat RF),0.839,1.771546814552714,,,,
0.34146341463414637,0.47271814012629637,0.6077129143877664,0.8499832570599397,JapaneseVowels,1,10,10.0,29,261,none,0.839,1.771546814552714,,,,
0.4631578947368421,0.778807362948982,0.7821743498158277,0.873479182944525,JapaneseVowels,1,10,10.0,29,261,SMOTE-raw,0.839,1.771546814552714,1.0729891067309723,0.5166629188500242,,
0.4175824175824176,0.7252251768198795,0.7355173568478626,0.8608661680991182,JapaneseVowels,1,10,10.0,29,261,KNNOR-raw (M=1),0.839,1.771546814552714,1.767866788233917,0.326113076477101,0.9923954372623575,
0.35294117647058826,0.528462146426194,0.6261301484540686,0.8741489005469361,JapaneseVowels,1,10,10.0,29,261,chain-mean-GPF (PSSTO-style),0.839,1.771546814552714,1.4600438834686287,0.5246638173121362,,
0.3829787234042553,0.5322504540344197,0.633050563678982,0.8751534769505526,JapaneseVowels,1,10,10.0,29,261,KNNOR-GPF (M=1),0.839,1.771546814552714,2.854759216267553,0.1512865911307456,0.06062717770034843,1.0
0.40816326530612246,0.5600456027227996,0.6474494921308181,0.88598057818953,JapaneseVowels,1,10,10.0,29,261,KNNOR-GPF (M=3/2),0.839,1.771546814552714,2.594999514293338,0.22459333824426603,0.08950617283950617,1.5
0.5,0.678550552028035,0.7177140305837706,0.8849201919857127,JapaneseVowels,1,10,10.0,29,261,KNNOR-GPF (M calibrated),0.839,1.771546814552714,1.9817816959543855,0.41291794601516457,0.17069980379332897,2.1999999999999997
0.3684210526315789,0.4751909633114914,0.6129032258064516,0.9886706105592142,JapaneseVowels,1,20,20.7,14,276,none (raw-flat RF),0.839,3.61618250676527,,,,
0.0625,0.1796053020267749,0.5161290322580645,0.8803437883692377,JapaneseVowels,1,20,20.7,14,276,none,0.839,3.61618250676527,,,,
0.4857142857142857,0.7117874445534347,0.7361312646500726,0.8679540127246345,JapaneseVowels,1,20,20.7,14,276,SMOTE-raw,0.839,3.61618250676527,1.7622634494732985,0.5278731140142942,,
0.4533333333333333,0.7050912708222626,0.7274807456189307,0.8506529746623507,JapaneseVowels,1,20,20.7,14,276,KNNOR-raw (M=1),0.839,3.61618250676527,2.033080504880566,0.27336991407707234,0.989247311827957,
0.20512820512820512,0.3567160557895969,0.5575957138073446,0.890612791606206,JapaneseVowels,1,20,20.7,14,276,chain-mean-GPF (PSSTO-style),0.839,3.61618250676527,2.913462230214165,0.4676310712306677,,
0.058823529411764705,0.17898275144640438,0.5126688246456078,0.8854224801875209,JapaneseVowels,1,20,20.7,14,276,KNNOR-GPF (M=1),0.839,3.61618250676527,6.820507860876784,0.03233596808814395,0.04955116696588869,1.0
0.1111111111111111,0.25267847440937086,0.5270677530974439,0.8829668489786807,JapaneseVowels,1,20,20.7,14,276,KNNOR-GPF (M=3/2),0.839,3.61618250676527,6.404346752438581,0.07338522461043047,0.04955116696588869,1.5
0.22727272727272727,0.39601204345899876,0.5668043308404956,0.8803437883692377,JapaneseVowels,1,20,20.7,14,276,KNNOR-GPF (M calibrated),0.839,3.61618250676527,3.8749048576356806,0.3668723860170575,0.09533678756476684,2.1999999999999997
0.8888888888888888,0.8944271909999159,0.9,0.9989080459770114,JapaneseVowels,2,5,9.3,31,258,none (raw-flat RF),0.839,1.6353361745545811,,,,
0.21052631578947367,0.36262136295806296,0.5597701149425287,0.8914367816091955,JapaneseVowels,2,5,9.3,31,258,none,0.839,1.6353361745545811,,,,
0.5060240963855421,0.7891505690865687,0.7948275862068965,0.9181034482758621,JapaneseVowels,2,5,9.3,31,258,SMOTE-raw,0.839,1.6353361745545811,1.105844606468672,0.4970295145860376,,
0.631578947368421,0.859831579338411,0.8620689655172413,0.9243103448275863,JapaneseVowels,2,5,9.3,31,258,KNNOR-raw (M=1),0.839,1.6353361745545811,2.430973938195823,0.29458153058221737,0.9961389961389961,
0.45454545454545453,0.573354717591046,0.6597701149425287,0.8903448275862069,JapaneseVowels,2,5,9.3,31,258,chain-mean-GPF (PSSTO-style),0.839,1.6353361745545811,1.4783183914165257,0.5194337063867619,,
0.35,0.48054088299528175,0.6114942528735632,0.9103448275862068,JapaneseVowels,2,5,9.3,31,258,KNNOR-GPF (M=1),0.839,1.6353361745545811,3.2745901340934296,0.17948566611295783,0.12616136919315404,1.0
0.5333333333333333,0.6291757059562275,0.6948275862068966,0.9173563218390806,JapaneseVowels,2,5,9.3,31,258,KNNOR-GPF (M=3/2),0.839,1.6353361745545811,2.759112311305156,0.29324449854176327,0.10483543275091427,1.5
0.5,0.6258786926641892,0.6896551724137931,0.9053448275862069,JapaneseVowels,2,5,9.3,31,258,KNNOR-GPF (M calibrated),0.839,1.6353361745545811,2.44208101644082,0.537961147753348,0.14844649021864212,2.1999999999999997
0.8888888888888888,0.8944271909999159,0.9,0.9983908045977011,JapaneseVowels,2,10,10.0,29,260,none (raw-flat RF),0.839,1.8635972081844532,,,,
0.16216216216216217,0.31403931227661996,0.5431034482758621,0.9000574712643677,JapaneseVowels,2,10,10.0,29,260,none,0.839,1.8635972081844532,,,,
0.5063291139240507,0.7745966692414834,0.7833333333333333,0.9038505747126437,JapaneseVowels,2,10,10.0,29,260,SMOTE-raw,0.839,1.8635972081844532,1.1250311688359478,0.45661566975372175,,
0.5714285714285714,0.7878385971583354,0.7988505747126436,0.9158045977011494,JapaneseVowels,2,10,10.0,29,260,KNNOR-raw (M=1),0.839,1.8635972081844532,2.181777194243315,0.34163512819959785,1.0,
0.2857142857142857,0.4425630677830192,0.5896551724137931,0.8919540229885057,JapaneseVowels,2,10,10.0,29,260,chain-mean-GPF (PSSTO-style),0.839,1.8635972081844532,1.5293810939776886,0.48315035364911596,,
0.35,0.48054088299528175,0.6114942528735632,0.9181609195402299,JapaneseVowels,2,10,10.0,29,260,KNNOR-GPF (M=1),0.839,1.8635972081844532,3.697736547028496,0.3225043145828861,0.19490254872563717,1.0
0.2631578947368421,0.4061311718344606,0.5781609195402299,0.916896551724138,JapaneseVowels,2,10,10.0,29,260,KNNOR-GPF (M=3/2),0.839,1.8635972081844532,4.208081971291451,0.5730144978643555,0.15513126491646778,1.5
0.46511627906976744,0.5743562113107722,0.6614942528735632,0.9078735632183909,JapaneseVowels,2,10,10.0,29,260,KNNOR-GPF (M calibrated),0.839,1.8635972081844532,4.28054598096899,0.76452144266405,0.17543859649122806,2.0
0.5,0.5773502691896257,0.6666666666666666,0.9864367816091953,JapaneseVowels,2,20,20.6,14,275,none (raw-flat RF),0.839,5.069517868115367,,,,
0.0625,0.18225913092242513,0.5149425287356322,0.8558045977011494,JapaneseVowels,2,20,20.6,14,275,none,0.839,5.069517868115367,,,,
0.5151515151515151,0.7276951490047583,0.7505747126436781,0.8970689655172414,JapaneseVowels,2,20,20.6,14,275,SMOTE-raw,0.839,5.069517868115367,1.7675399791813131,0.4929377752179838,,
0.4074074074074074,0.5918022347520084,0.6609195402298851,0.8911494252873563,JapaneseVowels,2,20,20.6,14,275,KNNOR-raw (M=1),0.839,5.069517868115367,1.631452306965203,0.2622099429421136,0.9927797833935018,
0.11764705882352941,0.2573070083610708,0.5298850574712644,0.8843103448275862,JapaneseVowels,2,20,20.6,14,275,chain-mean-GPF (PSSTO-style),0.839,5.069517868115367,3.4206716875211907,0.42894046603359726,,
0.06060606060606061,0.18194353045893683,0.5132183908045977,0.8876436781609196,JapaneseVowels,2,20,20.6,14,275,KNNOR-GPF (M=1),0.839,5.069517868115367,18.412339580553017,0.13298374736727178,0.04954954954954955,1.0
0.06060606060606061,0.18194353045893683,0.5132183908045977,0.8820689655172413,JapaneseVowels,2,20,20.6,14,275,KNNOR-GPF (M=3/2),0.839,5.069517868115367,26.220680262093268,0.13111801794794553,0.04954954954954955,1.5
0.06060606060606061,0.18194353045893683,0.5132183908045977,0.9058620689655172,JapaneseVowels,2,20,20.6,14,275,KNNOR-GPF (M calibrated),0.839,5.069517868115367,19.25886301837413,0.41347304042015953,0.08293124246079614,2.0
0.8235294117647058,0.8366600265340756,0.85,0.9969540229885058,JapaneseVowels,3,5,9.3,31,258,none (raw-flat RF),0.839,2.5339466601465297,,,,
0.32558139534883723,0.4780227474989415,0.6063218390804598,0.8655747126436781,JapaneseVowels,3,5,9.3,31,258,none,0.839,2.5339466601465297,,,,
0.4175824175824176,0.7359410271226213,0.7442528735632183,0.8545402298850575,JapaneseVowels,3,5,9.3,31,258,SMOTE-raw,0.839,2.5339466601465297,0.8212036100299738,0.49312588437122157,,
0.43010752688172044,0.7535357270587925,0.7591954022988505,0.837528735632184,JapaneseVowels,3,5,9.3,31,258,KNNOR-raw (M=1),0.839,2.5339466601465297,1.1678722701492656,0.3172479500082158,1.0,
0.2978723404255319,0.4746444525345673,0.5994252873563218,0.858735632183908,JapaneseVowels,3,5,9.3,31,258,chain-mean-GPF (PSSTO-style),0.839,2.5339466601465297,1.6201973909343739,0.490603571636199,,
0.30434782608695654,0.4754912764951514,0.6011494252873564,0.8598275862068966,JapaneseVowels,3,5,9.3,31,258,KNNOR-GPF (M=1),0.839,2.5339466601465297,1.9767745858614525,0.2629005183588688,0.1913946587537092,1.0
0.2978723404255319,0.4746444525345673,0.5994252873563218,0.8598850574712643,JapaneseVowels,3,5,9.3,31,258,KNNOR-GPF (M=3/2),0.839,2.5339466601465297,2.532853783746468,0.46837872522914253,0.1532976827094474,1.5
0.3389830508474576,0.55811670184072,0.6339080459770114,0.856551724137931,JapaneseVowels,3,5,9.3,31,258,KNNOR-GPF (M calibrated),0.839,2.5339466601465297,2.807355067800721,0.7029371748591154,0.2332730560578662,2.1999999999999997
0.8235294117647058,0.8366600265340756,0.85,0.9964942528735633,JapaneseVowels,3,10,10.0,29,260,none (raw-flat RF),0.839,2.6901202779700046,,,,
0.32558139534883723,0.4780227474989415,0.6063218390804598,0.8708620689655173,JapaneseVowels,3,10,10.0,29,260,none,0.839,2.6901202779700046,,,,
0.37362637362637363,0.6933178601279603,0.707471264367816,0.8719540229885058,JapaneseVowels,3,10,10.0,29,260,SMOTE-raw,0.839,2.6901202779700046,0.8497322628188666,0.521183357293199,,
0.35555555555555557,0.6726171222199508,0.6908045977011494,0.8279885057471266,JapaneseVowels,3,10,10.0,29,260,KNNOR-raw (M=1),0.839,2.6901202779700046,1.5209453774134118,0.3333405960129452,1.0,
0.32,0.5056008147818256,0.6126436781609196,0.8535632183908045,JapaneseVowels,3,10,10.0,29,260,chain-mean-GPF (PSSTO-style),0.839,2.6901202779700046,1.8060229345416072,0.48406282613868234,,
0.35555555555555557,0.5101273223985079,0.621264367816092,0.8474712643678161,JapaneseVowels,3,10,10.0,29,260,KNNOR-GPF (M=1),0.839,2.6901202779700046,2.0942136440823607,0.22078129567992938,0.1343669250645995,1.0
0.3137254901960784,0.5046906415599173,0.610919540229885,0.8582183908045977,JapaneseVowels,3,10,10.0,29,260,KNNOR-GPF (M=3/2),0.839,2.6901202779700046,1.9863386565784875,0.33758459427207926,0.14631401238041644,1.5
0.3103448275862069,0.5294759933993296,0.6172413793103448,0.8593103448275862,JapaneseVowels,3,10,10.0,29,260,KNNOR-GPF (M calibrated),0.839,2.6901202779700046,2.671623029051622,0.4991978782550937,0.20684168655529037,2.0
0.46153846153846156,0.5477225575051661,0.65,0.9806896551724138,JapaneseVowels,3,20,20.6,14,275,none (raw-flat RF),0.839,5.184844006212863,,,,
0.0625,0.18225913092242513,0.5149425287356322,0.8476436781609196,JapaneseVowels,3,20,20.6,14,275,none,0.839,5.184844006212863,,,,
0.358974358974359,0.6418364456686031,0.674712643678161,0.8126436781609195,JapaneseVowels,3,20,20.6,14,275,SMOTE-raw,0.839,5.184844006212863,2.2000454841624553,0.48394248406557666,,
0.31746031746031744,0.553982447126385,0.6270114942528735,0.8041954022988506,JapaneseVowels,3,20,20.6,14,275,KNNOR-raw (M=1),0.839,5.184844006212863,3.4212531621325404,0.4609653869712119,0.9821428571428571,
0.10810810810810811,0.25596335944683635,0.524712643678161,0.8482758620689655,JapaneseVowels,3,20,20.6,14,275,chain-mean-GPF (PSSTO-style),0.839,5.184844006212863,3.9713708630756237,0.39047956912037984,,
0.12121212121212122,0.25775333481682716,0.5316091954022989,0.869367816091954,JapaneseVowels,3,20,20.6,14,275,KNNOR-GPF (M=1),0.839,5.184844006212863,8.211279672353232,0.0756805228945032,0.04954954954954955,1.0
0.0,0.0,0.4982758620689655,0.8683908045977011,JapaneseVowels,3,20,20.6,14,275,KNNOR-GPF (M=3/2),0.839,5.184844006212863,10.71016443306165,0.20533923097613044,0.05730360491769119,1.5
0.10810810810810811,0.25596335944683635,0.524712643678161,0.8383333333333334,JapaneseVowels,3,20,20.6,14,275,KNNOR-GPF (M calibrated),0.839,5.184844006212863,11.540809080972995,0.4417790399564867,0.15777395295467583,2.1999999999999997
0.7755102040816326,0.7958224257542215,0.8166666666666667,0.996609195402299,JapaneseVowels,4,5,9.3,31,258,none (raw-flat RF),0.839,2.6386605242113728,,,,
0.3333333333333333,0.47886359730886435,0.6080459770114942,0.858103448275862,JapaneseVowels,4,5,9.3,31,258,none,0.839,2.6386605242113728,,,,
0.45,0.7306114586072927,0.7448275862068965,0.8728735632183908,JapaneseVowels,4,5,9.3,31,258,SMOTE-raw,0.839,2.6386605242113728,0.8933259958805699,0.5433650559860911,,
0.4473684210526316,0.714142842854285,0.7333333333333334,0.8697701149425288,JapaneseVowels,4,5,9.3,31,258,KNNOR-raw (M=1),0.839,2.6386605242113728,1.281536382240244,0.3001641150912386,1.0,
0.4166666666666667,0.5693311260018046,0.6528735632183907,0.8886206896551724,JapaneseVowels,4,5,9.3,31,258,chain-mean-GPF (PSSTO-style),0.839,2.6386605242113728,1.7159434376158007,0.40217471634306523,,
0.4166666666666667,0.5693311260018046,0.6528735632183907,0.8840229885057471,JapaneseVowels,4,5,9.3,31,258,KNNOR-GPF (M=1),0.839,2.6386605242113728,3.0857795735361133,0.23134523252360403,0.11058722674667809,1.0
0.3829787234042553,0.5401149302982047,0.6362068965517241,0.882816091954023,JapaneseVowels,4,5,9.3,31,258,KNNOR-GPF (M=3/2),0.839,2.6386605242113728,4.7350343100945995,0.3377911085704454,0.13374805598755832,1.5
0.41509433962264153,0.5928695074580604,0.6626436781609195,0.8772413793103448,JapaneseVowels,4,5,9.3,31,258,KNNOR-GPF (M calibrated),0.839,2.6386605242113728,4.624659019592487,0.5245643977546801,0.2146422628951747,2.0
0.6956521739130435,0.7302967433402214,0.7666666666666666,0.995,JapaneseVowels,4,10,10.0,29,260,none (raw-flat RF),0.839,3.1007114396904676,,,,
0.35,0.48054088299528175,0.6114942528735632,0.8543103448275862,JapaneseVowels,4,10,10.0,29,260,none,0.839,3.1007114396904676,,,,
0.43243243243243246,0.6941462961507251,0.7183908045977012,0.8622413793103448,JapaneseVowels,4,10,10.0,29,260,SMOTE-raw,0.839,3.1007114396904676,1.0158233375129626,0.5359615672558923,,
0.4788732394366197,0.7209508408640138,0.7419540229885058,0.8605747126436781,JapaneseVowels,4,10,10.0,29,260,KNNOR-raw (M=1),0.839,3.1007114396904676,1.2059026087519253,0.2801977284874162,1.0,
0.3111111111111111,0.476336594987345,0.6028735632183908,0.8768965517241379,JapaneseVowels,4,10,10.0,29,260,chain-mean-GPF (PSSTO-style),0.839,3.1007114396904676,2.2448115206688577,0.47828096652970226,,
0.3333333333333333,0.47886359730886435,0.6080459770114942,0.8725862068965518,JapaneseVowels,4,10,10.0,29,260,KNNOR-GPF (M=1),0.839,3.1007114396904676,3.604776882310624,0.21332376515328325,0.16029593094944514,1.0
0.3111111111111111,0.476336594987345,0.6028735632183908,0.8720689655172413,JapaneseVowels,4,10,10.0,29,260,KNNOR-GPF (M=3/2),0.839,3.1007114396904676,4.334186874385384,0.34892885143999247,0.20015396458814472,1.5
0.43137254901960786,0.594998309666294,0.6660919540229885,0.8766666666666667,JapaneseVowels,4,10,10.0,29,260,KNNOR-GPF (M calibrated),0.839,3.1007114396904676,4.328579785319803,0.500167372549104,0.28291621327529926,2.0
0.46153846153846156,0.5477225575051661,0.65,0.9857471264367815,JapaneseVowels,4,20,20.6,14,275,none (raw-flat RF),0.839,5.173926295518637,,,,
0.17142857142857143,0.3151354388633341,0.5465517241379311,0.8370114942528735,JapaneseVowels,4,20,20.6,14,275,none,0.839,5.173926295518637,,,,
0.4727272727272727,0.6445171051652351,0.695977011494253,0.8970114942528736,JapaneseVowels,4,20,20.6,14,275,SMOTE-raw,0.839,5.173926295518637,2.090163851231374,0.44992682720431343,,
0.34615384615384615,0.53530526257261,0.6275862068965518,0.8626436781609196,JapaneseVowels,4,20,20.6,14,275,KNNOR-raw (M=1),0.839,5.173926295518637,1.4146911732889471,0.2697542532433093,1.0,
0.22857142857142856,0.36451826184485026,0.5649425287356322,0.8651724137931034,JapaneseVowels,4,20,20.6,14,275,chain-mean-GPF (PSSTO-style),0.839,5.173926295518637,3.164652250213397,0.34037479570673573,,
0.22857142857142856,0.36451826184485026,0.5649425287356322,0.8366666666666667,JapaneseVowels,4,20,20.6,14,275,KNNOR-GPF (M=1),0.839,5.173926295518637,6.488819327471372,0.10580976853197867,0.04954954954954955,1.0
0.2222222222222222,0.36388706091787365,0.5632183908045977,0.845344827586207,JapaneseVowels,4,20,20.6,14,275,KNNOR-GPF (M=3/2),0.839,5.173926295518637,7.6222788076862535,0.16980588723481777,0.11987794245858761,1.5
0.17142857142857143,0.3151354388633341,0.5465517241379311,0.8319540229885058,JapaneseVowels,4,20,20.6,14,275,KNNOR-GPF (M calibrated),0.839,5.173926295518637,7.068451195243046,0.2900468149913424,0.24466192170818504,2.1999999999999997
0.6493506493506493,0.6928203230275509,0.73,0.9714,GunPoint,0,5,5.0,10,40,none (raw-flat RF),0.852,1.1479883434421971,,,,
0.9130434782608695,0.916515138991168,0.9199999999999999,0.9978,GunPoint,0,5,5.0,10,40,none,0.852,1.1479883434421971,,,,
0.9583333333333334,0.9591663046625439,0.96,0.9996,GunPoint,0,5,5.0,10,40,SMOTE-raw,0.852,1.1479883434421971,1.6214962140773714,0.6268009407953787,,
0.9473684210526315,0.9486832980505138,0.95,0.9992,GunPoint,0,5,5.0,10,40,KNNOR-raw (M=1),0.852,1.1479883434421971,2.728577285266688,0.38486626113635086,0.32786885245901637,
0.9473684210526315,0.9486832980505138,0.95,0.9996,GunPoint,0,5,5.0,10,40,chain-mean-GPF (PSSTO-style),0.852,1.1479883434421971,1.7392855896370936,0.5306812357981677,,
0.9361702127659575,0.938083151964686,0.94,0.9992,GunPoint,0,5,5.0,10,40,KNNOR-GPF (M=1),0.852,1.1479883434421971,2.573665546063488,0.2488940801775674,0.32,1.0
0.9583333333333334,0.9591663046625439,0.96,0.9987999999999999,GunPoint,0,5,5.0,10,40,KNNOR-GPF (M=3/2),0.852,1.1479883434421971,2.7198359701913173,0.3080493091488181,0.32,1.5
0.9473684210526315,0.9486832980505138,0.95,0.9992,GunPoint,0,5,5.0,10,40,KNNOR-GPF (M calibrated),0.852,1.1479883434421971,2.8287803918243046,0.3303869690110743,0.35714285714285715,1.5999999999999999
0.4375,0.5291502622129182,0.64,0.906,GunPoint,0,10,10.0,5,45,none (raw-flat RF),0.852,1.4382303925163882,,,,
0.6111111111111112,0.6633249580710799,0.72,0.9915999999999999,GunPoint,0,10,10.0,5,45,none,0.852,1.4382303925163882,,,,
0.9583333333333334,0.9591663046625439,0.96,0.9976,GunPoint,0,10,10.0,5,45,SMOTE-raw,0.852,1.4382303925163882,1.6918581541724471,0.5975879635737837,,
0.7951807228915663,0.812403840463596,0.8300000000000001,0.9968,GunPoint,0,10,10.0,5,45,KNNOR-raw (M=1),0.852,1.4382303925163882,4.3178070638678605,0.16768188422986205,0.45,
0.9361702127659575,0.938083151964686,0.94,0.9958,GunPoint,0,10,10.0,5,45,chain-mean-GPF (PSSTO-style),0.852,1.4382303925163882,2.073263212865063,0.32499075515322856,,
0.7654320987654321,0.7874007874011811,0.81,0.9924000000000001,GunPoint,0,10,10.0,5,45,KNNOR-GPF (M=1),0.852,1.4382303925163882,3.5130798642726546,0.08798573964250997,0.5056179775280899,1.0
0.9010989010989011,0.9055385138137416,0.9099999999999999,0.9935999999999999,GunPoint,0,10,10.0,5,45,KNNOR-GPF (M=3/2),0.852,1.4382303925163882,3.7811973055271118,0.1083818674743731,0.36885245901639346,1.5
0.8888888888888888,0.8944271909999159,0.9,0.9944,GunPoint,0,10,10.0,5,45,KNNOR-GPF (M calibrated),0.852,1.4382303925163882,3.849789921589963,0.11204606083892693,0.36885245901639346,1.5999999999999999
0.11320754716981132,0.2449489742783178,0.53,0.9428,GunPoint,0,20,12.5,4,46,none (raw-flat RF),0.852,2.565197663442218,,,,
0.3870967741935484,0.4898979485566356,0.62,0.9936,GunPoint,0,20,12.5,4,46,none,0.852,2.565197663442218,,,,
0.75,0.7745966692414834,0.8,0.9968,GunPoint,0,20,12.5,4,46,SMOTE-raw,0.852,2.565197663442218,2.991283161780869,0.425827252769996,,
0.5507246376811594,0.6164414002968976,0.69,0.9954000000000001,GunPoint,0,20,12.5,4,46,KNNOR-raw (M=1),0.852,2.565197663442218,4.633866635512481,0.07693664578503644,0.5609756097560976,
0.6842105263157895,0.7211102550927979,0.76,0.9924,GunPoint,0,20,12.5,4,46,chain-mean-GPF (PSSTO-style),0.852,2.565197663442218,3.558535230375048,0.2025018545819638,,
0.5507246376811594,0.6164414002968976,0.69,0.9934000000000001,GunPoint,0,20,12.5,4,46,KNNOR-GPF (M=1),0.852,2.565197663442218,4.085290911950581,0.09468191617767985,0.7931034482758621,1.0
0.5714285714285714,0.6324555320336759,0.7,0.9896,GunPoint,0,20,12.5,4,46,KNNOR-GPF (M=3/2),0.852,2.565197663442218,3.805567458472032,0.13848615053945176,0.8214285714285714,1.5
0.5714285714285714,0.6324555320336759,0.7,0.9916,GunPoint,0,20,12.5,4,46,KNNOR-GPF (M calibrated),0.852,2.565197663442218,3.849145352699388,0.13313350677874775,0.7796610169491526,1.4
0.691358024691358,0.7255342858886822,0.75,0.9046,GunPoint,1,5,5.0,10,40,none (raw-flat RF),0.852,0.8271892772127991,,,,
0.7654320987654321,0.7874007874011811,0.81,0.9984,GunPoint,1,5,5.0,10,40,none,0.852,0.8271892772127991,,,,
0.9583333333333334,0.9591663046625439,0.96,1.0,GunPoint,1,5,5.0,10,40,SMOTE-raw,0.852,0.8271892772127991,1.6656625659517292,0.5878976587713981,,
0.8372093023255814,0.848528137423857,0.86,0.996,GunPoint,1,5,5.0,10,40,KNNOR-raw (M=1),0.852,0.8271892772127991,3.589784835713651,0.34464730948082384,0.975609756097561,
0.9583333333333334,0.9591663046625439,0.96,0.9996,GunPoint,1,5,5.0,10,40,chain-mean-GPF (PSSTO-style),0.852,0.8271892772127991,1.7511770101883002,0.353973721191769,,
0.8235294117647058,0.8366600265340756,0.85,0.9988,GunPoint,1,5,5.0,10,40,KNNOR-GPF (M=1),0.852,0.8271892772127991,2.986127614172581,0.09710735049122945,0.6060606060606061,1.0
0.8505747126436781,0.8602325267042626,0.87,0.998,GunPoint,1,5,5.0,10,40,KNNOR-GPF (M=3/2),0.852,0.8271892772127991,2.7665095171463943,0.13412752716375695,0.45454545454545453,1.5
0.8505747126436781,0.8602325267042626,0.87,0.9968,GunPoint,1,5,5.0,10,40,KNNOR-GPF (M calibrated),0.852,0.8271892772127991,2.755720062937641,0.18115838857273303,0.32,2.0
0.4307692307692308,0.5238320341483518,0.63,0.9166,GunPoint,1,10,10.0,5,45,none (raw-flat RF),0.852,1.3422596273809404,,,,
0.4375,0.5291502622129182,0.64,0.983,GunPoint,1,10,10.0,5,45,none,0.852,1.3422596273809404,,,,
0.8764044943820225,0.8831760866327847,0.89,0.9992,GunPoint,1,10,10.0,5,45,SMOTE-raw,0.852,1.3422596273809404,1.4170579438827513,0.5372143587023609,,
0.7012987012987013,0.7348469228349535,0.77,0.9944000000000001,GunPoint,1,10,10.0,5,45,KNNOR-raw (M=1),0.852,1.3422596273809404,4.198900498352781,0.0958751177348768,0.07908611599297012,
0.8636363636363636,0.8717797887081347,0.88,0.9964,GunPoint,1,10,10.0,5,45,chain-mean-GPF (PSSTO-style),0.852,1.3422596273809404,2.101667289253246,0.22116823644957173,,
0.8235294117647058,0.8366600265340756,0.85,0.9954,GunPoint,1,10,10.0,5,45,KNNOR-GPF (M=1),0.852,1.3422596273809404,2.183580028307434,0.1831840519617565,0.11873350923482849,1.0
0.7951807228915663,0.812403840463596,0.8300000000000001,0.9985999999999999,GunPoint,1,10,10.0,5,45,KNNOR-GPF (M=3/2),0.852,1.3422596273809404,2.40164611687492,0.1863049869876667,0.10227272727272728,1.5
0.8505747126436781,0.8602325267042626,0.87,0.9988,GunPoint,1,10,10.0,5,45,KNNOR-GPF (M calibrated),0.852,1.3422596273809404,2.561740280682102,0.17557766732535884,0.09656652360515021,1.5999999999999999
0.3548387096774194,0.464327470649756,0.6,0.8894,GunPoint,1,20,12.5,4,46,none (raw-flat RF),0.852,1.5891027833958908,,,,
0.48484848484848486,0.565685424949238,0.66,0.9828,GunPoint,1,20,12.5,4,46,none,0.852,1.5891027833958908,,,,
0.8764044943820225,0.8831760866327847,0.89,0.9948,GunPoint,1,20,12.5,4,46,SMOTE-raw,0.852,1.5891027833958908,1.8343484646255437,0.4718673260089086,,
0.7012987012987013,0.7348469228349535,0.77,0.9818,GunPoint,1,20,12.5,4,46,KNNOR-raw (M=1),0.852,1.5891027833958908,4.183812846062946,0.07429161150791726,0.05686032138442522,
0.9010989010989011,0.9055385138137416,0.9099999999999999,0.9857999999999999,GunPoint,1,20,12.5,4,46,chain-mean-GPF (PSSTO-style),0.852,1.5891027833958908,2.3640477505678668,0.20088579042454183,,
0.7654320987654321,0.7874007874011811,0.81,0.978,GunPoint,1,20,12.5,4,46,KNNOR-GPF (M=1),0.852,1.5891027833958908,3.230338550354153,0.09150104296761655,0.07528641571194762,1.0
0.7951807228915663,0.812403840463596,0.8300000000000001,0.978,GunPoint,1,20,12.5,4,46,KNNOR-GPF (M=3/2),0.852,1.5891027833958908,3.115875070704492,0.13580099052274544,0.06835066864784546,1.5
0.8095238095238095,0.8246211251235321,0.8400000000000001,0.9764,GunPoint,1,20,12.5,4,46,KNNOR-GPF (M calibrated),0.852,1.5891027833958908,3.214244676177378,0.19905323524384796,0.06896551724137931,1.7999999999999998
0.5915492957746479,0.648074069840786,0.71,0.9702000000000001,GunPoint,2,5,5.0,10,40,none (raw-flat RF),0.852,0.732889999232393,,,,
0.8764044943820225,0.8831760866327847,0.89,0.9934,GunPoint,2,5,5.0,10,40,none,0.852,0.732889999232393,,,,
0.9591836734693877,0.9597916440561461,0.96,0.9936,GunPoint,2,5,5.0,10,40,SMOTE-raw,0.852,0.732889999232393,0.9740692804853044,0.64539974902591,,
0.9032258064516129,0.9073036977771004,0.9099999999999999,0.9955999999999999,GunPoint,2,5,5.0,10,40,KNNOR-raw (M=1),0.852,0.732889999232393,3.093877077310321,0.4057111064509703,0.3225806451612903,
0.8666666666666667,0.8742997197757757,0.88,0.9928,GunPoint,2,5,5.0,10,40,chain-mean-GPF (PSSTO-style),0.852,0.732889999232393,1.3422523126894745,0.39158082480139017,,
0.8764044943820225,0.8831760866327847,0.89,0.9936,GunPoint,2,5,5.0,10,40,KNNOR-GPF (M=1),0.852,0.732889999232393,2.054343249856686,0.3061305017637105,0.49382716049382713,1.0
0.8791208791208791,0.8854377448471462,0.89,0.9912,GunPoint,2,5,5.0,10,40,KNNOR-GPF (M=3/2),0.852,0.732889999232393,2.080420571891821,0.46986801957934987,0.47619047619047616,1.5
0.9148936170212766,0.9180413934022801,0.9199999999999999,0.9914000000000001,GunPoint,2,5,5.0,10,40,KNNOR-GPF (M calibrated),0.852,0.732889999232393,2.1801824327284116,0.4719114707268879,0.547945205479452,1.7999999999999998
0.3050847457627119,0.4242640687119285,0.59,0.9106,GunPoint,2,10,10.0,5,45,none (raw-flat RF),0.852,2.1193774539293724,,,,
0.5507246376811594,0.6164414002968976,0.69,0.9848,GunPoint,2,10,10.0,5,45,none,0.852,2.1193774539293724,,,,
0.8791208791208791,0.8854377448471462,0.89,0.9932,GunPoint,2,10,10.0,5,45,SMOTE-raw,0.852,2.1193774539293724,2.266108179934969,0.5421180434300389,,
0.8275862068965517,0.84,0.85,0.9922,GunPoint,2,10,10.0,5,45,KNNOR-raw (M=1),0.852,2.1193774539293724,4.509112087944937,0.11262012662207112,0.9183673469387755,
0.8666666666666667,0.8742997197757757,0.88,0.9948,GunPoint,2,10,10.0,5,45,chain-mean-GPF (PSSTO-style),0.852,2.1193774539293724,2.926644948489468,0.22616503390080664,,
0.8409090909090909,0.8515867542417507,0.86,0.9919999999999999,GunPoint,2,10,10.0,5,45,KNNOR-GPF (M=1),0.852,2.1193774539293724,4.286477927195511,0.05075122251315367,0.8181818181818182,1.0
0.8539325842696629,0.8630179604156567,0.87,0.9912,GunPoint,2,10,10.0,5,45,KNNOR-GPF (M=3/2),0.852,2.1193774539293724,4.066169451506314,0.06994127697663649,0.8035714285714286,1.5
0.8539325842696629,0.8630179604156567,0.87,0.992,GunPoint,2,10,10.0,5,45,KNNOR-GPF (M calibrated),0.852,2.1193774539293724,4.015043205771136,0.07547433876319835,0.8035714285714286,1.5999999999999999
0.24561403508771928,0.37416573867739417,0.5700000000000001,0.9092,GunPoint,2,20,12.5,4,46,none (raw-flat RF),0.852,2.376884076822133,,,,
0.18181818181818182,0.31622776601683794,0.55,0.9786,GunPoint,2,20,12.5,4,46,none,0.852,2.376884076822133,,,,
0.9263157894736842,0.928654941299512,0.9299999999999999,0.9928,GunPoint,2,20,12.5,4,46,SMOTE-raw,0.852,2.376884076822133,2.6163553235362365,0.43730502397601695,,
0.6111111111111112,0.6633249580710799,0.72,0.9908,GunPoint,2,20,12.5,4,46,KNNOR-raw (M=1),0.852,2.376884076822133,6.419068926995632,0.021983799321946936,0.2875,
0.8791208791208791,0.8854377448471462,0.89,0.9932,GunPoint,2,20,12.5,4,46,chain-mean-GPF (PSSTO-style),0.852,2.376884076822133,2.9067004515097867,0.2374655563066324,,
0.6666666666666666,0.7071067811865476,0.75,0.992,GunPoint,2,20,12.5,4,46,KNNOR-GPF (M=1),0.852,2.376884076822133,5.27410585473501,0.03867806677963884,0.3262411347517731,1.0
0.5507246376811594,0.6164414002968976,0.69,0.9916,GunPoint,2,20,12.5,4,46,KNNOR-GPF (M=3/2),0.852,2.376884076822133,5.4872828811893815,0.04754387808172945,0.3458646616541353,1.5
0.5507246376811594,0.6164414002968976,0.69,0.9906,GunPoint,2,20,12.5,4,46,KNNOR-GPF (M calibrated),0.852,2.376884076822133,5.487961352737443,0.050578662674137416,0.3709677419354839,1.5999999999999999
0.5507246376811594,0.6164414002968976,0.69,0.8658,GunPoint,3,5,5.0,10,40,none (raw-flat RF),0.852,2.714406906724755,,,,
0.5915492957746479,0.648074069840786,0.71,0.9766,GunPoint,3,5,5.0,10,40,none,0.852,2.714406906724755,,,,
0.5915492957746479,0.648074069840786,0.71,0.9842000000000001,GunPoint,3,5,5.0,10,40,SMOTE-raw,0.852,2.714406906724755,3.035064017035004,0.5936701792493131,,
0.5915492957746479,0.648074069840786,0.71,0.9788,GunPoint,3,5,5.0,10,40,KNNOR-raw (M=1),0.852,2.714406906724755,3.928861468042803,0.3069989178415618,1.0,
0.5915492957746479,0.648074069840786,0.71,0.9834,GunPoint,3,5,5.0,10,40,chain-mean-GPF (PSSTO-style),0.852,2.714406906724755,3.1503071924611517,0.48509200512263895,,
0.5915492957746479,0.648074069840786,0.71,0.9775999999999999,GunPoint,3,5,5.0,10,40,KNNOR-GPF (M=1),0.852,2.714406906724755,3.643212193570121,0.25661597967717836,1.0,1.0
0.5915492957746479,0.648074069840786,0.71,0.9892000000000001,GunPoint,3,5,5.0,10,40,KNNOR-GPF (M=3/2),0.852,2.714406906724755,3.2157528211586355,0.5376783496360902,1.0,1.5
0.5915492957746479,0.648074069840786,0.71,0.9852,GunPoint,3,5,5.0,10,40,KNNOR-GPF (M calibrated),0.852,2.714406906724755,2.865181131165694,0.8622998858252143,1.0,2.1999999999999997
0.48484848484848486,0.565685424949238,0.66,0.9752,GunPoint,3,10,10.0,5,45,none (raw-flat RF),0.852,0.7097883535107874,,,,
0.6301369863013698,0.6782329983125268,0.73,0.9965999999999999,GunPoint,3,10,10.0,5,45,none,0.852,0.7097883535107874,,,,
0.9583333333333334,0.9591663046625439,0.96,0.9982,GunPoint,3,10,10.0,5,45,SMOTE-raw,0.852,0.7097883535107874,0.8692859141929556,0.531208632141507,,
0.8636363636363636,0.8717797887081347,0.88,0.9984,GunPoint,3,10,10.0,5,45,KNNOR-raw (M=1),0.852,0.7097883535107874,2.4711962008623267,0.1655564487468584,1.0,
0.9247311827956989,0.9273618495495703,0.9299999999999999,0.9972,GunPoint,3,10,10.0,5,45,chain-mean-GPF (PSSTO-style),0.852,0.7097883535107874,1.127874483235514,0.2604402808502585,,
0.8095238095238095,0.8246211251235321,0.8400000000000001,0.9968,GunPoint,3,10,10.0,5,45,KNNOR-GPF (M=1),0.852,0.7097883535107874,2.640569964049037,0.021801183569402204,0.8490566037735849,1.0
0.8372093023255814,0.848528137423857,0.86,0.9967999999999999,GunPoint,3,10,10.0,5,45,KNNOR-GPF (M=3/2),0.852,0.7097883535107874,2.4928716356432243,0.034920314213224495,0.9,1.5
0.7951807228915663,0.812403840463596,0.8300000000000001,0.9968,GunPoint,3,10,10.0,5,45,KNNOR-GPF (M calibrated),0.852,0.7097883535107874,2.4690585274127645,0.03799034758180471,0.9,1.5999999999999999
0.18181818181818182,0.31622776601683794,0.55,0.8366,GunPoint,3,20,12.5,4,46,none (raw-flat RF),0.852,1.6233716342668654,,,,
0.0392156862745098,0.1414213562373095,0.51,0.9426,GunPoint,3,20,12.5,4,46,none,0.852,1.6233716342668654,,,,
0.9361702127659575,0.938083151964686,0.94,0.9916,GunPoint,3,20,12.5,4,46,SMOTE-raw,0.852,1.6233716342668654,1.3565911043541252,0.469136760972409,,
0.717948717948718,0.7483314773547883,0.78,0.9920000000000001,GunPoint,3,20,12.5,4,46,KNNOR-raw (M=1),0.852,1.6233716342668654,3.7341528443221037,0.034326287443963065,0.27218934911242604,
0.8913043478260869,0.8964373932405988,0.8999999999999999,0.9935999999999999,GunPoint,3,20,12.5,4,46,chain-mean-GPF (PSSTO-style),0.852,1.6233716342668654,1.6380164397653498,0.2973707547581577,,
0.717948717948718,0.7483314773547883,0.78,0.9950000000000001,GunPoint,3,20,12.5,4,46,KNNOR-GPF (M=1),0.852,1.6233716342668654,2.721857354859063,0.04506938221899533,0.17424242424242425,1.0
0.7012987012987013,0.7348469228349535,0.77,0.996,GunPoint,3,20,12.5,4,46,KNNOR-GPF (M=3/2),0.852,1.6233716342668654,2.990197382786553,0.026986594193705467,0.2,1.5
0.6666666666666666,0.7071067811865476,0.75,0.9952,GunPoint,3,20,12.5,4,46,KNNOR-GPF (M calibrated),0.852,1.6233716342668654,3.025230820050938,0.025059668636428938,0.19574468085106383,1.5999999999999999
0.6216216216216216,0.6714164132637808,0.72,0.8916,GunPoint,4,5,5.0,10,40,none (raw-flat RF),0.852,0.9770718840603498,,,,
0.6842105263157895,0.7211102550927979,0.76,0.9932000000000001,GunPoint,4,5,5.0,10,40,none,0.852,0.9770718840603498,,,,
0.9130434782608695,0.916515138991168,0.9199999999999999,0.997,GunPoint,4,5,5.0,10,40,SMOTE-raw,0.852,0.9770718840603498,1.7463413799814065,0.5572559748862211,,
0.7341772151898734,0.7615773105863908,0.79,0.998,GunPoint,4,5,5.0,10,40,KNNOR-raw (M=1),0.852,0.9770718840603498,3.7914403304244653,0.28635792579810704,0.8163265306122449,
0.9361702127659575,0.938083151964686,0.94,0.9992,GunPoint,4,5,5.0,10,40,chain-mean-GPF (PSSTO-style),0.852,0.9770718840603498,1.8797052104138894,0.4038637609815509,,
0.7654320987654321,0.7874007874011811,0.81,0.9978,GunPoint,4,5,5.0,10,40,KNNOR-GPF (M=1),0.852,0.9770718840603498,2.661984460911275,0.32344229514133943,0.7692307692307693,1.0
0.8372093023255814,0.848528137423857,0.86,0.9984000000000001,GunPoint,4,5,5.0,10,40,KNNOR-GPF (M=3/2),0.852,0.9770718840603498,2.5311656179836044,0.5504842201207046,0.8163265306122449,1.5
0.8636363636363636,0.8717797887081347,0.88,0.9984,GunPoint,4,5,5.0,10,40,KNNOR-GPF (M calibrated),0.852,0.9770718840603498,2.5573168419118657,0.6571212434682108,0.8163265306122449,1.7999999999999998
0.18181818181818182,0.31622776601683794,0.55,0.935,GunPoint,4,10,10.0,5,45,none (raw-flat RF),0.852,1.3717666388039698,,,,
0.11320754716981132,0.2449489742783178,0.53,0.9928,GunPoint,4,10,10.0,5,45,none,0.852,1.3717666388039698,,,,
0.98989898989899,0.9899494936611666,0.99,1.0,GunPoint,4,10,10.0,5,45,SMOTE-raw,0.852,1.3717666388039698,1.1974537853337788,0.5227159363018116,,
0.9473684210526315,0.9486832980505138,0.95,1.0,GunPoint,4,10,10.0,5,45,KNNOR-raw (M=1),0.852,1.3717666388039698,2.223485724184484,0.2708726143535462,0.41284403669724773,
0.9473684210526315,0.9486832980505138,0.95,1.0,GunPoint,4,10,10.0,5,45,chain-mean-GPF (PSSTO-style),0.852,1.3717666388039698,2.2647949818640187,0.1536641199515473,,
0.7804878048780488,0.8,0.8200000000000001,0.9988,GunPoint,4,10,10.0,5,45,KNNOR-GPF (M=1),0.852,1.3717666388039698,3.017519440706633,0.06427230892327088,0.2393617021276596,1.0
0.8235294117647058,0.8366600265340756,0.85,0.9995999999999999,GunPoint,4,10,10.0,5,45,KNNOR-GPF (M=3/2),0.852,1.3717666388039698,2.737046142626494,0.11984193547542878,0.3146853146853147,1.5
0.8095238095238095,0.8246211251235321,0.8400000000000001,0.9992,GunPoint,4,10,10.0,5,45,KNNOR-GPF (M calibrated),0.852,1.3717666388039698,2.817268361888444,0.11416374274911581,0.3191489361702128,1.5999999999999999
0.4375,0.5291502622129182,0.64,0.9666,GunPoint,4,20,12.5,4,46,none (raw-flat RF),0.852,1.7233804011604335,,,,
0.48484848484848486,0.565685424949238,0.66,0.9888,GunPoint,4,20,12.5,4,46,none,0.852,1.7233804011604335,,,,
0.75,0.7745966692414834,0.8,0.9982,GunPoint,4,20,12.5,4,46,SMOTE-raw,0.852,1.7233804011604335,1.9895288681051113,0.40807327262892823,,
0.6666666666666666,0.7071067811865476,0.75,0.9954000000000001,GunPoint,4,20,12.5,4,46,KNNOR-raw (M=1),0.852,1.7233804011604335,3.270021563367875,0.14313178837017343,0.45544554455445546,
0.6666666666666666,0.7071067811865476,0.75,0.996,GunPoint,4,20,12.5,4,46,chain-mean-GPF (PSSTO-style),0.852,1.7233804011604335,2.689623980460272,0.16858041984260794,,
0.6666666666666666,0.7071067811865476,0.75,0.9958,GunPoint,4,20,12.5,4,46,KNNOR-GPF (M=1),0.852,1.7233804011604335,2.7068155733766606,0.13399276349733744,0.3150684931506849,1.0
0.6842105263157895,0.7211102550927979,0.76,0.9936,GunPoint,4,20,12.5,4,46,KNNOR-GPF (M=3/2),0.852,1.7233804011604335,2.468252194094596,0.25752704960949924,0.23,1.5
0.7012987012987013,0.7348469228349535,0.77,0.9936,GunPoint,4,20,12.5,4,46,KNNOR-GPF (M calibrated),0.852,1.7233804011604335,2.3696989093135006,0.29557018377515404,0.21395348837209302,1.5999999999999999
0.9491525423728814,0.950230005281386,0.9506293706293707,0.9911222111222111,ItalyPowerDemand,0,5,5.0,55,219,none (raw-flat RF),0.645,0.1674211675634698,,,,
0.91796875,0.9210239129822029,0.9231302031302031,0.988977688977689,ItalyPowerDemand,0,5,5.0,55,219,none,0.645,0.1674211675634698,,,,
0.9449715370018975,0.9463109930168282,0.9469530469530469,0.9881518481518482,ItalyPowerDemand,0,5,5.0,55,219,SMOTE-raw,0.645,0.1674211675634698,0.2574060767222921,0.8612348212082993,,
0.9384615384615385,0.9402247837738825,0.9414319014319015,0.9864402264402264,ItalyPowerDemand,0,5,5.0,55,219,KNNOR-raw (M=1),0.645,0.1674211675634698,0.9994639086377912,0.3702390804209699,0.9690265486725663,
0.940952380952381,0.9425028850415729,0.9432900432900433,0.9862337662337662,ItalyPowerDemand,0,5,5.0,55,219,chain-mean-GPF (PSSTO-style),0.645,0.1674211675634698,0.33724664688679873,0.6583822010453448,,
0.9305019305019305,0.9327075586395717,0.9341192141192141,0.9848884448884448,ItalyPowerDemand,0,5,5.0,55,219,KNNOR-GPF (M=1),0.645,0.1674211675634698,0.834703530953524,0.3497181120583848,0.9954545454545455,1.0
0.9407265774378585,0.9423332786185618,0.9432767232767233,0.9844422244422244,ItalyPowerDemand,0,5,5.0,55,219,KNNOR-GPF (M=3/2),0.645,0.1674211675634698,0.6717847071543517,0.4678518120865319,0.9909502262443439,1.5
0.9393939393939394,0.9409045463283537,0.9414851814851815,0.9828371628371629,ItalyPowerDemand,0,5,5.0,55,219,KNNOR-GPF (M calibrated),0.645,0.1674211675634698,0.507102260979158,0.6466171799420184,0.9954545454545455,2.1999999999999997
0.9242718446601942,0.9268841454649114,0.9286247086247086,0.9886380286380286,ItalyPowerDemand,0,10,10.1,27,247,none (raw-flat RF),0.645,0.32253705498896323,,,,
0.7601809954751131,0.7830369423895996,0.8058741258741259,0.9804395604395604,ItalyPowerDemand,0,10,10.1,27,247,none,0.645,0.32253705498896323,,,,
0.8977955911823647,0.902521719708426,0.9066200466200466,0.9827372627372627,ItalyPowerDemand,0,10,10.1,27,247,SMOTE-raw,0.645,0.32253705498896323,0.24910880319459672,0.7454602092552305,,
0.8906882591093117,0.8960638386467802,0.9011122211122211,0.9833499833499832,ItalyPowerDemand,0,10,10.1,27,247,KNNOR-raw (M=1),0.645,0.32253705498896323,1.094113769149061,0.272634685162004,0.9216417910447762,
0.8641975308641975,0.8722609476751558,0.8791608391608392,0.9854878454878455,ItalyPowerDemand,0,10,10.1,27,247,chain-mean-GPF (PSSTO-style),0.645,0.32253705498896323,0.36353962231461345,0.663188938250514,,
0.8780487804878049,0.884634061393423,0.8901498501498502,0.9852480852480854,ItalyPowerDemand,0,10,10.1,27,247,KNNOR-GPF (M=1),0.645,0.32253705498896323,0.6359975405084821,0.4677246352356406,0.9919678714859438,1.0
0.905511811023622,0.9094904217048287,0.9121545121545122,0.9865268065268067,ItalyPowerDemand,0,10,10.1,27,247,KNNOR-GPF (M=3/2),0.645,0.32253705498896323,0.5033786770209421,0.5741707449692716,0.9840637450199203,1.5
0.8986083499005965,0.9032151104789687,0.9066466866466867,0.984049284049284,ItalyPowerDemand,0,10,10.1,27,247,KNNOR-GPF (M calibrated),0.645,0.32253705498896323,0.485613010267377,0.5911910590676697,0.9801587301587301,1.5999999999999999
0.8061002178649237,0.8217003560857663,0.837009657009657,0.9864602064602064,ItalyPowerDemand,0,20,19.6,14,260,none (raw-flat RF),0.645,0.5105200172626727,,,,
0.5927835051546392,0.6490342219370419,0.7106227106227107,0.9833899433899433,ItalyPowerDemand,0,20,19.6,14,260,none,0.645,0.5105200172626727,,,,
0.7149532710280374,0.7458978726096733,0.7765834165834166,0.977002997002997,ItalyPowerDemand,0,20,19.6,14,260,SMOTE-raw,0.645,0.5105200172626727,0.7502946501209689,0.5515857776572043,,
0.625,0.674199862463242,0.7253013653013652,0.9783283383283383,ItalyPowerDemand,0,20,19.6,14,260,KNNOR-raw (M=1),0.645,0.5105200172626727,2.2852683727117338,0.18945971122691732,0.9885931558935361,
0.6997635933806147,0.7336087637029823,0.7674259074259073,0.9798135198135198,ItalyPowerDemand,0,20,19.6,14,260,chain-mean-GPF (PSSTO-style),0.645,0.5105200172626727,0.7388354921577491,0.5177429817479867,,
0.6966824644549763,0.731126155013931,0.7655944055944055,0.9794538794538793,ItalyPowerDemand,0,20,19.6,14,260,KNNOR-GPF (M=1),0.645,0.5105200172626727,1.5082721668413583,0.29015416729168086,0.9420289855072463,1.0
0.8272921108742004,0.8399134154509889,0.8516749916749917,0.9823110223110222,ItalyPowerDemand,0,20,19.6,14,260,KNNOR-GPF (M=3/2),0.645,0.5105200172626727,1.2412061829116077,0.4327394196244867,0.896551724137931,1.5
0.859504132231405,0.8680973871594555,0.8754978354978356,0.9826973026973028,ItalyPowerDemand,0,20,19.6,14,260,KNNOR-GPF (M calibrated),0.645,0.5105200172626727,1.1025508500726655,0.5180918950793622,0.8843537414965986,1.7999999999999998
0.9626865671641791,0.9632547787411432,0.9635036496350364,0.9939994139272205,ItalyPowerDemand,1,5,5.0,55,220,none (raw-flat RF),0.645,0.20913665595578657,,,,
0.9366602687140115,0.9384885875846262,0.9397810218978102,0.9882519047365336,ItalyPowerDemand,1,5,5.0,55,220,none,0.645,0.20913665595578657,,,,
0.9608938547486033,0.9614693188581456,0.9616788321167883,0.9879855080185412,ItalyPowerDemand,1,5,5.0,55,220,SMOTE-raw,0.645,0.20913665595578657,0.1816078978178961,0.7996068967278074,,
0.9548872180451128,0.9557585186625633,0.9562043795620438,0.9867068037721775,ItalyPowerDemand,1,5,5.0,55,220,KNNOR-raw (M=1),0.645,0.20913665595578657,0.5896822647116888,0.36949615748744297,0.9821428571428571,
0.9625468164794008,0.9631648928926727,0.9635036496350364,0.9875459534338537,ItalyPowerDemand,1,5,5.0,55,220,chain-mean-GPF (PSSTO-style),0.645,0.20913665595578657,0.2364830152613937,0.736333654925177,,
0.9489603024574669,0.9500975102153272,0.9507299270072993,0.9866668442644786,ItalyPowerDemand,1,5,5.0,55,220,KNNOR-GPF (M=1),0.645,0.20913665595578657,0.8168161156362626,0.26293959340393325,1.0,1.0
0.9471698113207547,0.9483364382467642,0.948905109489051,0.9865602855772816,ItalyPowerDemand,1,5,5.0,55,220,KNNOR-GPF (M=3/2),0.645,0.20913665595578657,0.6801868103343303,0.34360246595099725,1.0,1.5
0.9570093457943926,0.9577354433201007,0.9580291970802919,0.9861806702541425,ItalyPowerDemand,1,5,5.0,55,220,KNNOR-GPF (M calibrated),0.645,0.20913665595578657,0.5388628842793715,0.45536441965667573,1.0,2.0
0.9445506692160612,0.9459808957268563,0.9470802919708029,0.9907027545420641,ItalyPowerDemand,1,10,9.8,28,247,none (raw-flat RF),0.645,0.4767662714601375,,,,
0.7982456140350878,0.8150052617267791,0.8321167883211679,0.9814254888379774,ItalyPowerDemand,1,10,9.8,28,247,none,0.645,0.4767662714601375,,,,
0.9161793372319688,0.9193169137087591,0.9215328467153285,0.9841160956897012,ItalyPowerDemand,1,10,9.8,28,247,SMOTE-raw,0.645,0.4767662714601375,0.4123224794183784,0.8157459164045928,,
0.8600823045267489,0.8685748013376133,0.8759124087591241,0.9811990516276838,ItalyPowerDemand,1,10,9.8,28,247,KNNOR-raw (M=1),0.645,0.4767662714601375,0.6102658050594414,0.4402900136113736,1.0,
0.896414342629482,0.9012086295522442,0.9051094890510949,0.985947573125899,ItalyPowerDemand,1,10,9.8,28,247,chain-mean-GPF (PSSTO-style),0.645,0.4767662714601375,0.37905484443440685,0.6933182004670827,,
0.884,0.8898600588837615,0.8941605839416058,0.9841960147050989,ItalyPowerDemand,1,10,9.8,28,247,KNNOR-GPF (M=1),0.645,0.4767662714601375,0.47013713554430403,0.4399805894412667,1.0,1.0
0.8932806324110671,0.8981958699349981,0.9014598540145986,0.9842159944589484,ItalyPowerDemand,1,10,9.8,28,247,KNNOR-GPF (M=3/2),0.645,0.4767662714601375,0.46574625685306614,0.5735776856327902,0.9724409448818898,1.5
0.9048543689320389,0.9085905510111553,0.9105839416058394,0.9811857317917843,ItalyPowerDemand,1,10,9.8,28,247,KNNOR-GPF (M calibrated),0.645,0.4767662714601375,0.45949860064763826,0.6775840473734882,0.96484375,1.7999999999999998
0.8445378151260504,0.8549265204214586,0.864963503649635,0.9911023496190527,ItalyPowerDemand,1,20,19.6,14,261,none (raw-flat RF),0.645,1.030922768687871,,,,
0.5578947368421052,0.6219817632926332,0.6934306569343066,0.9797005700889765,ItalyPowerDemand,1,20,19.6,14,261,none,0.645,1.030922768687871,,,,
0.8942115768463074,0.89920371354362,0.9032846715328466,0.9877124513825989,ItalyPowerDemand,1,20,19.6,14,261,SMOTE-raw,0.645,1.030922768687871,0.7452741943085339,0.6657758617801426,,
0.787746170678337,0.8060655030352976,0.8229927007299269,0.9836698811870638,ItalyPowerDemand,1,20,19.6,14,261,KNNOR-raw (M=1),0.645,1.030922768687871,1.098639356104055,0.32045780722723904,1.0,
0.7651006711409396,0.7871036827275077,0.8083941605839415,0.988238584900634,ItalyPowerDemand,1,20,19.6,14,261,chain-mean-GPF (PSSTO-style),0.645,1.030922768687871,1.0871338792370295,0.5052507737655629,,
0.7947598253275109,0.8120253421999053,0.8284671532846715,0.9849152858436785,ItalyPowerDemand,1,20,19.6,14,261,KNNOR-GPF (M=1),0.645,1.030922768687871,1.1244457166385615,0.29293557347378224,0.7457142857142857,1.0
0.86652977412731,0.8743294699088494,0.8813868613138687,0.9873861154030583,ItalyPowerDemand,1,20,19.6,14,261,KNNOR-GPF (M=3/2),0.645,1.030922768687871,0.8927444002044176,0.43753000247464313,0.6868421052631579,1.5
0.9007936507936508,0.9052051397539838,0.9087591240875912,0.9860807714848954,ItalyPowerDemand,1,20,19.6,14,261,KNNOR-GPF (M calibrated),0.645,1.030922768687871,0.7060992550402663,0.5893655589329789,0.6868421052631579,2.0
0.9507575757575758,0.9518616632896957,0.9524342324342324,0.9924542124542125,ItalyPowerDemand,2,5,5.0,55,219,none (raw-flat RF),0.645,0.2149916667778875,,,,
0.8724279835390947,0.8796209034197253,0.8864602064602065,0.9867399267399267,ItalyPowerDemand,2,5,5.0,55,219,none,0.645,0.2149916667778875,,,,
0.9361702127659575,0.938083151964686,0.9395870795870795,0.9896503496503497,ItalyPowerDemand,2,5,5.0,55,219,SMOTE-raw,0.645,0.2149916667778875,0.19389310715141583,0.8462911080764424,,
0.9254901960784314,0.9280761506069107,0.9304162504162504,0.9887778887778887,ItalyPowerDemand,2,5,5.0,55,219,KNNOR-raw (M=1),0.645,0.2149916667778875,0.4569685988573422,0.4890072724460954,1.0,
0.9260700389105059,0.9285926891185297,0.9304428904428905,0.988977688977689,ItalyPowerDemand,2,5,5.0,55,219,chain-mean-GPF (PSSTO-style),0.645,0.2149916667778875,0.29602923179527174,0.746653584921035,,
0.9087301587301587,0.9125389157330622,0.9157775557775558,0.9868198468198469,ItalyPowerDemand,2,5,5.0,55,219,KNNOR-GPF (M=1),0.645,0.2149916667778875,0.7255741729806697,0.3557657183891977,1.0,1.0
0.9130434782608695,0.916515138991168,0.9194405594405595,0.9862470862470861,ItalyPowerDemand,2,5,5.0,55,219,KNNOR-GPF (M=3/2),0.645,0.2149916667778875,0.6076228890632791,0.47208851634645754,1.0,1.5
0.9158512720156555,0.919062198480236,0.9212987012987013,0.9853146853146852,ItalyPowerDemand,2,5,5.0,55,219,KNNOR-GPF (M calibrated),0.645,0.2149916667778875,0.5459958325137979,0.5518975407826884,1.0,1.7999999999999998
0.9361702127659575,0.938083151964686,0.9395870795870795,0.9924275724275724,ItalyPowerDemand,2,10,10.1,27,247,none (raw-flat RF),0.645,0.3036479894162607,,,,
0.78125,0.8006407690254357,0.8205128205128205,0.9833033633033633,ItalyPowerDemand,2,10,10.1,27,247,none,0.645,0.3036479894162607,,,,
0.8924302788844621,0.8975491104081189,0.9011655011655011,0.9840359640359639,ItalyPowerDemand,2,10,10.1,27,247,SMOTE-raw,0.645,0.3036479894162607,0.32051672449209256,0.7217377142754908,,
0.8179871520342612,0.8318661743341486,0.8443623043623043,0.9796669996669997,ItalyPowerDemand,2,10,10.1,27,247,KNNOR-raw (M=1),0.645,0.3036479894162607,1.1975203866498152,0.28210690564548196,1.0,
0.8482328482328483,0.8581279720319204,0.8663536463536463,0.9825974025974026,ItalyPowerDemand,2,10,10.1,27,247,chain-mean-GPF (PSSTO-style),0.645,0.3036479894162607,0.4401350519037006,0.5612839841680684,,
0.8,0.816480267146749,0.8315417915417915,0.9762703962703962,ItalyPowerDemand,2,10,10.1,27,247,KNNOR-GPF (M=1),0.645,0.3036479894162607,1.1022428596324598,0.31788456298783196,1.0,1.0
0.8245243128964059,0.8374357893586238,0.8480519480519481,0.9730336330336331,ItalyPowerDemand,2,10,10.1,27,247,KNNOR-GPF (M=3/2),0.645,0.3036479894162607,0.8973319286961345,0.43176770994119723,1.0,1.5
0.860655737704918,0.8690481892534817,0.8755244755244755,0.9750915750915751,ItalyPowerDemand,2,10,10.1,27,247,KNNOR-GPF (M calibrated),0.645,0.3036479894162607,0.7669550026322671,0.5379744770135257,0.988,2.0
0.8648648648648649,0.8728715609439694,0.8809523809523809,0.9931668331668332,ItalyPowerDemand,2,20,19.6,14,260,none (raw-flat RF),0.645,0.8763132338235984,,,,
0.596401028277635,0.6518500018473766,0.7124542124542125,0.9800399600399601,ItalyPowerDemand,2,20,19.6,14,260,none,0.645,0.8763132338235984,,,,
0.8222698072805139,0.8355727485873496,0.8480119880119881,0.9872194472194472,ItalyPowerDemand,2,20,19.6,14,260,SMOTE-raw,0.645,0.8763132338235984,0.6484034466282846,0.7097453627221927,,
0.7822222222222223,0.8014638621574415,0.8205261405261406,0.9883782883782883,ItalyPowerDemand,2,20,19.6,14,260,KNNOR-raw (M=1),0.645,0.8763132338235984,1.5478392570109687,0.1733206160750446,0.8524590163934426,
0.7373271889400922,0.7641658091994066,0.7912221112221112,0.9856143856143855,ItalyPowerDemand,2,20,19.6,14,260,chain-mean-GPF (PSSTO-style),0.645,0.8763132338235984,1.0224174480744868,0.5590325603432241,,
0.7964989059080962,0.8135220844071671,0.8296969696969696,0.9863802863802864,ItalyPowerDemand,2,20,19.6,14,260,KNNOR-GPF (M=1),0.645,0.8763132338235984,1.869525766382047,0.21793577138880676,0.87248322147651,1.0
0.8247863247863247,0.8377458933460562,0.8498434898434899,0.985854145854146,ItalyPowerDemand,2,20,19.6,14,260,KNNOR-GPF (M=3/2),0.645,0.8763132338235984,1.9614209179810835,0.24135922547866018,0.8552631578947368,1.5
0.8475991649269311,0.8576000556657256,0.8663403263403264,0.9860472860472861,ItalyPowerDemand,2,20,19.6,14,260,KNNOR-GPF (M calibrated),0.645,0.8763132338235984,1.9202472243812991,0.3056017092672105,0.8280254777070064,2.0
0.9467680608365019,0.9480618011612845,0.9487712287712288,0.9912221112221112,ItalyPowerDemand,3,5,5.0,55,219,none (raw-flat RF),0.645,0.10798183918896775,,,,
0.9215686274509803,0.9244162777371754,0.9267665667665668,0.9875258075258077,ItalyPowerDemand,3,5,5.0,55,219,none,0.645,0.10798183918896775,,,,
0.9423076923076923,0.9438798074485389,0.945081585081585,0.9879054279054279,ItalyPowerDemand,3,5,5.0,55,219,SMOTE-raw,0.645,0.10798183918896775,0.17062093609443885,0.7380269713190548,,
0.9151873767258383,0.9184967956592792,0.9212720612720613,0.9856743256743257,ItalyPowerDemand,3,5,5.0,55,219,KNNOR-raw (M=1),0.645,0.10798183918896775,1.09814746139876,0.2685644741507809,0.9690265486725663,
0.944337811900192,0.9458041311738147,0.9469130869130868,0.9884115884115884,ItalyPowerDemand,3,5,5.0,55,219,chain-mean-GPF (PSSTO-style),0.645,0.10798183918896775,0.18724056711949721,0.7482231644375981,,
0.9151873767258383,0.9184967956592792,0.9212720612720613,0.984941724941725,ItalyPowerDemand,3,5,5.0,55,219,KNNOR-GPF (M=1),0.645,0.10798183918896775,0.8917965255972184,0.3065376911986512,1.0,1.0
0.92578125,0.9283416299068904,0.9304295704295704,0.9843156843156844,ItalyPowerDemand,3,5,5.0,55,219,KNNOR-GPF (M=3/2),0.645,0.10798183918896775,0.7248806387070417,0.41365318386511907,1.0,1.5
0.9341085271317829,0.936142957225891,0.9377555777555777,0.9860339660339661,ItalyPowerDemand,3,5,5.0,55,219,KNNOR-GPF (M calibrated),0.645,0.10798183918896775,0.5982695535243501,0.5259191945721242,0.9909502262443439,2.0
0.9263565891472868,0.928829339934922,0.9304562104562104,0.9896037296037296,ItalyPowerDemand,3,10,10.1,27,247,none (raw-flat RF),0.645,0.23904497290724436,,,,
0.8607068607068608,0.8691861224642944,0.8773026973026973,0.9813120213120213,ItalyPowerDemand,3,10,10.1,27,247,none,0.645,0.23904497290724436,,,,
0.9233791748526523,0.9261078002455533,0.9285847485847486,0.9864801864801865,ItalyPowerDemand,3,10,10.1,27,247,SMOTE-raw,0.645,0.23904497290724436,0.2255610180862746,0.6759669728394601,,
0.9018036072144289,0.9061891751609159,0.9102697302697302,0.9855211455211454,ItalyPowerDemand,3,10,10.1,27,247,KNNOR-raw (M=1),0.645,0.23904497290724436,0.9685875606609375,0.3079557853803573,1.0,
0.9169960474308301,0.9201774865354002,0.923090243090243,0.9860805860805862,ItalyPowerDemand,3,10,10.1,27,247,chain-mean-GPF (PSSTO-style),0.645,0.23904497290724436,0.2775585472539497,0.6262173670023019,,
0.8816326530612245,0.887880435831125,0.8937862137862138,0.9874259074259074,ItalyPowerDemand,3,10,10.1,27,247,KNNOR-GPF (M=1),0.645,0.23904497290724436,1.3718081634485166,0.162224941983901,1.0,1.0
0.8995983935742972,0.9041731789481136,0.9084382284382284,0.9850882450882451,ItalyPowerDemand,3,10,10.1,27,247,KNNOR-GPF (M=3/2),0.645,0.23904497290724436,1.2403264457452678,0.21423703301236993,0.9919678714859438,1.5
0.900398406374502,0.9048800245379819,0.9084648684648684,0.9857342657342657,ItalyPowerDemand,3,10,10.1,27,247,KNNOR-GPF (M calibrated),0.645,0.23904497290724436,1.0075943053506826,0.2982157238327455,0.96484375,2.1999999999999997
0.8207343412526998,0.834248581641405,0.847985347985348,0.9892107892107892,ItalyPowerDemand,3,20,19.6,14,260,none (raw-flat RF),0.645,0.5850042790712475,,,,
0.6246851385390428,0.6739528575593802,0.7271062271062271,0.9791475191475192,ItalyPowerDemand,3,20,19.6,14,260,none,0.645,0.5850042790712475,,,,
0.8,0.816496580927726,0.8333333333333333,0.9792474192474193,ItalyPowerDemand,3,20,19.6,14,260,SMOTE-raw,0.645,0.5850042790712475,0.4447021515503664,0.6429930846385754,,
0.7920353982300885,0.8097392516592337,0.8278388278388278,0.9813852813852814,ItalyPowerDemand,3,20,19.6,14,260,KNNOR-raw (M=1),0.645,0.5850042790712475,1.1446802805687426,0.2956094783311998,0.9523809523809523,
0.759090909090909,0.7821263399998825,0.8058608058608059,0.9813653013653014,ItalyPowerDemand,3,20,19.6,14,260,chain-mean-GPF (PSSTO-style),0.645,0.5850042790712475,0.6773531766310406,0.5449523488703996,,
0.7619047619047619,0.7844645405527362,0.8076923076923077,0.9824908424908425,ItalyPowerDemand,3,20,19.6,14,260,KNNOR-GPF (M=1),0.645,0.5850042790712475,1.104258794285892,0.2643704046024403,0.9252669039145908,1.0
0.8407643312101911,0.8516306272526402,0.8626373626373627,0.9842091242091242,ItalyPowerDemand,3,20,19.6,14,260,KNNOR-GPF (M=3/2),0.645,0.5850042790712475,1.0648540718609034,0.3111537740974909,0.87248322147651,1.5
0.8583333333333333,0.8670840973255315,0.8754711954711955,0.9822644022644023,ItalyPowerDemand,3,20,19.6,14,260,KNNOR-GPF (M calibrated),0.645,0.5850042790712475,0.9300219596603974,0.37746573643703113,0.9027777777777778,1.7999999999999998
0.9607476635514018,0.9613925963287445,0.9616050616050615,0.994025974025974,ItalyPowerDemand,4,5,5.0,55,219,none (raw-flat RF),0.645,0.12034935568701854,,,,
0.9266409266409267,0.9290515933665165,0.9304695304695305,0.9905760905760906,ItalyPowerDemand,4,5,5.0,55,219,none,0.645,0.12034935568701854,,,,
0.9607476635514018,0.9613925963287445,0.9616050616050615,0.9906293706293705,ItalyPowerDemand,4,5,5.0,55,219,SMOTE-raw,0.645,0.12034935568701854,0.14933469702667068,0.8290075628170203,,
0.9330783938814532,0.9350253441872013,0.935977355977356,0.9889377289377288,ItalyPowerDemand,4,5,5.0,55,219,KNNOR-raw (M=1),0.645,0.12034935568701854,0.661031757699579,0.4204865638468923,1.0,
0.946969696969697,0.9482093118615209,0.9487845487845488,0.9905827505827507,ItalyPowerDemand,4,5,5.0,55,219,chain-mean-GPF (PSSTO-style),0.645,0.12034935568701854,0.2286219794980333,0.7142412418879652,,
0.9348659003831418,0.9367616972968512,0.9377955377955378,0.9895038295038295,ItalyPowerDemand,4,5,5.0,55,219,KNNOR-GPF (M=1),0.645,0.12034935568701854,0.8094185277758541,0.29491002692352986,1.0,1.0
0.9411764705882353,0.9426583307883767,0.9433033633033633,0.9879720279720281,ItalyPowerDemand,4,5,5.0,55,219,KNNOR-GPF (M=3/2),0.645,0.12034935568701854,0.7369836758515298,0.37408361376145155,1.0,1.5
0.941398865784499,0.9427996228632725,0.9433166833166833,0.9889110889110889,ItalyPowerDemand,4,5,5.0,55,219,KNNOR-GPF (M calibrated),0.645,0.12034935568701854,0.6889431866928959,0.43218144208078635,1.0,1.7999999999999998
0.9302325581395349,0.9324861765894814,0.9341058941058942,0.9931934731934732,ItalyPowerDemand,4,10,10.1,27,247,none (raw-flat RF),0.645,0.41892277619944274,,,,
0.8403361344537815,0.8512395224663412,0.8608458208458208,0.9862803862803862,ItalyPowerDemand,4,10,10.1,27,247,none,0.645,0.41892277619944274,,,,
0.9221789883268483,0.9249348601412402,0.9267932067932068,0.9871728271728273,ItalyPowerDemand,4,10,10.1,27,247,SMOTE-raw,0.645,0.41892277619944274,0.5533859694477066,0.6947342629721289,,
0.9065606361829026,0.9105442927671937,0.913946053946054,0.9866400266400267,ItalyPowerDemand,4,10,10.1,27,247,KNNOR-raw (M=1),0.645,0.41892277619944274,1.1882995119035353,0.35530619687653536,0.8821428571428571,
0.8744939271255061,0.8813757296540317,0.8865134865134865,0.986999666999667,ItalyPowerDemand,4,10,10.1,27,247,chain-mean-GPF (PSSTO-style),0.645,0.41892277619944274,0.5964106811248318,0.617414701139163,,
0.8968253968253969,0.9015471217785639,0.9048285048285047,0.9848218448218449,ItalyPowerDemand,4,10,10.1,27,247,KNNOR-GPF (M=1),0.645,0.41892277619944274,0.9243002271738412,0.3230232329287638,0.8487972508591065,1.0
0.9227799227799228,0.92539557831069,0.9268198468198467,0.9859873459873459,ItalyPowerDemand,4,10,10.1,27,247,KNNOR-GPF (M=3/2),0.645,0.41892277619944274,0.8456526974160976,0.40619567053124045,0.7916666666666666,1.5
0.9328214971209213,0.9348401328174105,0.935964035964036,0.9853479853479853,ItalyPowerDemand,4,10,10.1,27,247,KNNOR-GPF (M calibrated),0.645,0.41892277619944274,0.748399755286357,0.527811705654242,0.7243401759530792,2.0
0.8947368421052632,0.8997354108424374,0.9047619047619048,0.9942257742257743,ItalyPowerDemand,4,20,19.6,14,260,none (raw-flat RF),0.645,0.8780050035607303,,,,
0.69377990430622,0.7287904576320489,0.7655677655677655,0.9860606060606061,ItalyPowerDemand,4,20,19.6,14,260,none,0.645,0.8780050035607303,,,,
0.816414686825054,0.8305360978248988,0.8443356643356643,0.9877988677988677,ItalyPowerDemand,4,20,19.6,14,260,SMOTE-raw,0.645,0.8780050035607303,1.0222033378187216,0.6153845632905556,,
0.7373271889400922,0.7641658091994066,0.7912221112221112,0.9853546453546453,ItalyPowerDemand,4,20,19.6,14,260,KNNOR-raw (M=1),0.645,0.8780050035607303,2.2804322301027806,0.213281131275209,1.0,
0.7982456140350878,0.8150106896491752,0.8315151515151515,0.9884249084249084,ItalyPowerDemand,4,20,19.6,14,260,chain-mean-GPF (PSSTO-style),0.645,0.8780050035607303,1.1106029123213705,0.42452367396788654,,
0.8061002178649237,0.8217003560857663,0.837009657009657,0.986033966033966,ItalyPowerDemand,4,20,19.6,14,260,KNNOR-GPF (M=1),0.645,0.8780050035607303,2.0462597574742443,0.1189689436253545,1.0,1.0
0.8172043010752689,0.8312094145936335,0.8443489843489843,0.9838228438228438,ItalyPowerDemand,4,20,19.6,14,260,KNNOR-GPF (M=3/2),0.645,0.8780050035607303,1.836506342867649,0.1782745527728052,0.9961685823754789,1.5
0.8392484342379958,0.850221808046067,0.8590409590409591,0.9808524808524809,ItalyPowerDemand,4,20,19.6,14,260,KNNOR-GPF (M calibrated),0.645,0.8780050035607303,1.4322443915179601,0.31533296331704613,0.9885931558935361,2.1999999999999997
0.7575757575757576,0.7808688094430303,0.8048780487804879,0.94765478424015,ArrowHead,0,5,5.0,13,52,none (raw-flat RF),0.826,0.8364140587989581,,,,
0.7887323943661971,0.8135807864373628,0.826078799249531,0.9309568480300188,ArrowHead,0,5,5.0,13,52,none,0.826,0.8364140587989581,,,,
0.8108108108108109,0.8354257657813363,0.8427767354596623,0.9378986866791745,ArrowHead,0,5,5.0,13,52,SMOTE-raw,0.826,0.8364140587989581,1.2293601617342453,0.4263130280510547,,
0.8055555555555556,0.8279815643595723,0.8382739212007504,0.9395872420262664,ArrowHead,0,5,5.0,13,52,KNNOR-raw (M=1),0.826,0.8364140587989581,2.896950229095001,0.09195999286787476,1.0,
0.7837837837837838,0.8147330045284267,0.8228893058161351,0.9330206378986867,ArrowHead,0,5,5.0,13,52,chain-mean-GPF (PSSTO-style),0.826,0.8364140587989581,0.9640790667827854,0.4550752769855647,,
0.7945205479452054,0.8213839965531475,0.8305816135084427,0.9380863039399624,ArrowHead,0,5,5.0,13,52,KNNOR-GPF (M=1),0.826,0.8364140587989581,1.8992518028794532,0.13610326668118003,1.0,1.0
0.8055555555555556,0.8279815643595723,0.8382739212007504,0.9358348968105066,ArrowHead,0,5,5.0,13,52,KNNOR-GPF (M=3/2),0.826,0.8364140587989581,1.7428894293232773,0.21047727580673065,0.9811320754716981,1.5
0.8108108108108109,0.8354257657813363,0.8427767354596623,0.9315196998123827,ArrowHead,0,5,5.0,13,52,KNNOR-GPF (M calibrated),0.826,0.8364140587989581,1.4356817917917972,0.3516098504751122,0.9811320754716981,2.1999999999999997
0.5357142857142857,0.6048583789091339,0.6829268292682926,0.9626641651031895,ArrowHead,0,10,10.8,6,59,none (raw-flat RF),0.826,2.1538217114618803,,,,
0.696969696969697,0.7373702067235984,0.7651031894934335,0.9382739212007505,ArrowHead,0,10,10.8,6,59,none,0.826,2.1538217114618803,,,,
0.821917808219178,0.8421361206946366,0.8504690431519699,0.9433395872420263,ArrowHead,0,10,10.8,6,59,SMOTE-raw,0.826,2.1538217114618803,1.8685644555287908,0.5572965446066028,,
0.7837837837837838,0.8147330045284267,0.8228893058161351,0.9418386491557224,ArrowHead,0,10,10.8,6,59,KNNOR-raw (M=1),0.826,2.1538217114618803,3.8530207222201547,0.15355501312191305,0.6781609195402298,
0.7671232876712328,0.8005626539202179,0.8106941838649155,0.9420262664165103,ArrowHead,0,10,10.8,6,59,chain-mean-GPF (PSSTO-style),0.826,2.1538217114618803,3.041699024402998,0.2961440961458259,,
0.7945205479452054,0.8213839965531475,0.8305816135084427,0.9409005628517824,ArrowHead,0,10,10.8,6,59,KNNOR-GPF (M=1),0.826,2.1538217114618803,3.324404369661414,0.13484988407052279,0.7662337662337663,1.0
0.7777777777777778,0.8070979676940774,0.8183864915572233,0.9392120075046905,ArrowHead,0,10,10.8,6,59,KNNOR-GPF (M=3/2),0.826,2.1538217114618803,3.1598165749270315,0.19019745978056507,0.7662337662337663,1.5
0.7777777777777778,0.8070979676940774,0.8183864915572233,0.9388367729831144,ArrowHead,0,10,10.8,6,59,KNNOR-GPF (M calibrated),0.826,2.1538217114618803,3.2141833248142397,0.18298339800652175,0.7763157894736842,1.4
0.6333333333333333,0.6807456457050177,0.7317073170731707,0.9200750469043151,ArrowHead,0,20,16.2,4,61,none (raw-flat RF),0.826,2.3685891780085093,,,,
0.6101694915254238,0.6625891564490792,0.7195121951219512,0.8772983114446529,ArrowHead,0,20,16.2,4,61,none,0.826,2.3685891780085093,,,,
0.6774193548387096,0.7156780854205468,0.7560975609756098,0.9358348968105066,ArrowHead,0,20,16.2,4,61,SMOTE-raw,0.826,2.3685891780085093,2.233575327063516,0.5463254746655283,,
0.6774193548387096,0.7156780854205468,0.7560975609756098,0.9151969981238274,ArrowHead,0,20,16.2,4,61,KNNOR-raw (M=1),0.826,2.3685891780085093,4.211462145840773,0.13260071924218714,0.2147887323943662,
0.7076923076923077,0.7431993109253062,0.7727954971857411,0.9356472795497186,ArrowHead,0,20,16.2,4,61,chain-mean-GPF (PSSTO-style),0.826,2.3685891780085093,2.8410702162497437,0.21591506951749578,,
0.6451612903225806,0.693036930918736,0.7362101313320826,0.9133208255159475,ArrowHead,0,20,16.2,4,61,KNNOR-GPF (M=1),0.826,2.3685891780085093,3.954248033311309,0.12414213837556484,0.48412698412698413,1.0
0.6666666666666666,0.7101515310116031,0.7484052532833021,0.9118198874296435,ArrowHead,0,20,16.2,4,61,KNNOR-GPF (M=3/2),0.826,2.3685891780085093,3.7868713993993524,0.20349236980587626,0.5545454545454546,1.5
0.6666666666666666,0.7101515310116031,0.7484052532833021,0.922138836772983,ArrowHead,0,20,16.2,4,61,KNNOR-GPF (M calibrated),0.826,2.3685891780085093,3.7033289643205336,0.2378988308582809,0.5213675213675214,1.5999999999999999
0.8,0.8200123551899478,0.8337711069418388,0.974296435272045,ArrowHead,1,5,5.0,13,52,none (raw-flat RF),0.826,1.2005406095057243,,,,
0.7076923076923077,0.7431993109253062,0.7727954971857411,0.9681050656660413,ArrowHead,1,5,5.0,13,52,none,0.826,1.2005406095057243,,,,
0.868421052631579,0.8832398147482217,0.8870544090056285,0.9675422138836772,ArrowHead,1,5,5.0,13,52,SMOTE-raw,0.826,1.2005406095057243,0.8296248603703145,0.5108605711544791,,
0.7272727272727273,0.7591839204966824,0.7849906191369607,0.9654784240150094,ArrowHead,1,5,5.0,13,52,KNNOR-raw (M=1),0.826,1.2005406095057243,2.2941206800985157,0.13782754921032378,0.48598130841121495,
0.782608695652174,0.8052361475264893,0.8215759849906192,0.9628517823639775,ArrowHead,1,5,5.0,13,52,chain-mean-GPF (PSSTO-style),0.826,1.2005406095057243,1.6671659217074648,0.49496469688851125,,
0.7536231884057971,0.7839860625938853,0.8016885553470919,0.9696060037523452,ArrowHead,1,5,5.0,13,52,KNNOR-GPF (M=1),0.826,1.2005406095057243,2.6241656097965276,0.21445593358620238,0.7761194029850746,1.0
0.7536231884057971,0.7839860625938853,0.8016885553470919,0.9682926829268294,ArrowHead,1,5,5.0,13,52,KNNOR-GPF (M=3/2),0.826,1.2005406095057243,3.436604377866935,0.2997100097899213,0.7222222222222222,1.5
0.7536231884057971,0.7839860625938853,0.8016885553470919,0.9647279549718574,ArrowHead,1,5,5.0,13,52,KNNOR-GPF (M calibrated),0.826,1.2005406095057243,5.108687528102685,0.3915611701753361,0.6419753086419753,2.1999999999999997
0.5862068965517241,0.6439209162167846,0.7073170731707317,0.9444652908067542,ArrowHead,1,10,10.8,6,59,none (raw-flat RF),0.826,2.5439703687248265,,,,
0.576271186440678,0.6389484795151106,0.699624765478424,0.9174484052532832,ArrowHead,1,10,10.8,6,59,none,0.826,2.5439703687248265,,,,
0.6,0.6574725612947925,0.7118198874296435,0.924015009380863,ArrowHead,1,10,10.8,6,59,SMOTE-raw,0.826,2.5439703687248265,2.374557858978024,0.5181321653024166,,
0.6,0.6574725612947925,0.7118198874296435,0.9281425891181989,ArrowHead,1,10,10.8,6,59,KNNOR-raw (M=1),0.826,2.5439703687248265,5.281549181158693,0.15296677609270048,0.5412844036697247,
0.576271186440678,0.6389484795151106,0.699624765478424,0.9208255159474671,ArrowHead,1,10,10.8,6,59,chain-mean-GPF (PSSTO-style),0.826,2.5439703687248265,3.6682452957737723,0.25728299424599993,,
0.6,0.6574725612947925,0.7118198874296435,0.925891181988743,ArrowHead,1,10,10.8,6,59,KNNOR-GPF (M=1),0.826,2.5439703687248265,4.037147392430885,0.19601567289959654,0.8805970149253731,1.0
0.6229508196721312,0.6754888439022496,0.724015009380863,0.9279549718574109,ArrowHead,1,10,10.8,6,59,KNNOR-GPF (M=3/2),0.826,2.5439703687248265,4.385097596128382,0.2864394133424336,0.8194444444444444,1.5
0.6229508196721312,0.6754888439022496,0.724015009380863,0.9285178236397749,ArrowHead,1,10,10.8,6,59,KNNOR-GPF (M calibrated),0.826,2.5439703687248265,4.56078267646139,0.29782241436025836,0.7972972972972973,1.5999999999999999
0.047619047619047616,0.15617376188860607,0.5121951219512195,0.9579737335834896,ArrowHead,1,20,16.2,4,61,none (raw-flat RF),0.826,2.8640927156905036,,,,
0.047619047619047616,0.15617376188860607,0.5121951219512195,0.9393996247654784,ArrowHead,1,20,16.2,4,61,none,0.826,2.8640927156905036,,,,
0.5263157894736842,0.6001875879364265,0.675234521575985,0.9191369606003752,ArrowHead,1,20,16.2,4,61,SMOTE-raw,0.826,2.8640927156905036,3.0185445639894333,0.4132366584596579,,
0.047619047619047616,0.15617376188860607,0.5121951219512195,0.924015009380863,ArrowHead,1,20,16.2,4,61,KNNOR-raw (M=1),0.826,2.8640927156905036,7.693005242789766,0.011119167861661363,0.048031496062992125,
0.7076923076923077,0.7431993109253062,0.7727954971857411,0.9585365853658536,ArrowHead,1,20,16.2,4,61,chain-mean-GPF (PSSTO-style),0.826,2.8640927156905036,2.740894725271847,0.251674269980201,,
0.5862068965517241,0.6439209162167846,0.7073170731707317,0.9572232645403377,ArrowHead,1,20,16.2,4,61,KNNOR-GPF (M=1),0.826,2.8640927156905036,4.694979176382832,0.04327794934637964,0.6039603960396039,1.0
0.6333333333333333,0.6807456457050177,0.7317073170731707,0.9585365853658536,ArrowHead,1,20,16.2,4,61,KNNOR-GPF (M=3/2),0.826,2.8640927156905036,4.711594836381709,0.05307215817839635,0.61,1.5
0.71875,0.7489830503797116,0.7804878048780488,0.9572232645403377,ArrowHead,1,20,16.2,4,61,KNNOR-GPF (M calibrated),0.826,2.8640927156905036,4.712008330717648,0.056600159282470176,0.5350877192982456,1.5999999999999999
0.75,0.7861369200308858,0.798499061913696,0.9212007504690432,ArrowHead,2,5,5.0,13,52,none (raw-flat RF),0.826,1.2036073943329235,,,,
0.7654320987654321,0.8070979676940774,0.8088180112570357,0.927579737335835,ArrowHead,2,5,5.0,13,52,none,0.826,1.2036073943329235,,,,
0.7804878048780488,0.8200123551899478,0.8210131332082552,0.9362101313320825,ArrowHead,2,5,5.0,13,52,SMOTE-raw,0.826,1.2036073943329235,1.9823783821108947,0.7310900054209164,,
0.7560975609756098,0.7998592746771487,0.8011257035647279,0.9290806754221389,ArrowHead,2,5,5.0,13,52,KNNOR-raw (M=1),0.826,1.2036073943329235,5.916092999570857,0.0872822489932878,1.0,
0.7804878048780488,0.8200123551899478,0.8210131332082552,0.9356472795497186,ArrowHead,2,5,5.0,13,52,chain-mean-GPF (PSSTO-style),0.826,1.2036073943329235,2.5098616610764033,0.37153800678953935,,
0.7804878048780488,0.8200123551899478,0.8210131332082552,0.9350844277673546,ArrowHead,2,5,5.0,13,52,KNNOR-GPF (M=1),0.826,1.2036073943329235,3.792059144148382,0.09495428247637534,1.0,1.0
0.7951807228915663,0.8327264832298901,0.8332082551594747,0.9439024390243903,ArrowHead,2,5,5.0,13,52,KNNOR-GPF (M=3/2),0.826,1.2036073943329235,3.2277288009745106,0.16436155254666307,1.0,1.5
0.810126582278481,0.8416904280882964,0.8440900562851783,0.9373358348968105,ArrowHead,2,5,5.0,13,52,KNNOR-GPF (M calibrated),0.826,1.2036073943329235,2.4604412126063444,0.3109678514161411,0.9811320754716981,2.4
0.6774193548387096,0.7156780854205468,0.7560975609756098,0.8754221388367729,ArrowHead,2,10,10.8,6,59,none (raw-flat RF),0.826,1.8895476126752637,,,,
0.65625,0.7045816290856781,0.7407129455909944,0.8979362101313321,ArrowHead,2,10,10.8,6,59,none,0.826,1.8895476126752637,,,,
0.7761194029850746,0.7963330593811955,0.8170731707317074,0.9335834896810506,ArrowHead,2,10,10.8,6,59,SMOTE-raw,0.826,1.8895476126752637,2.752209625914496,0.5560482566864878,,
0.8108108108108109,0.8354257657813363,0.8427767354596623,0.9172607879924953,ArrowHead,2,10,10.8,6,59,KNNOR-raw (M=1),0.826,1.8895476126752637,5.324378025680652,0.08920818578053706,0.14460784313725492,
0.7567567567567568,0.7939735488337473,0.8030018761726079,0.9255159474671669,ArrowHead,2,10,10.8,6,59,chain-mean-GPF (PSSTO-style),0.826,1.8895476126752637,2.875257622475303,0.25222235883452965,,
0.7733333333333333,0.8080272690585473,0.8151969981238274,0.9159474671669795,ArrowHead,2,10,10.8,6,59,KNNOR-GPF (M=1),0.826,1.8895476126752637,3.7175550137939197,0.12350378815195849,0.3259668508287293,1.0
0.7532467532467533,0.794446011564541,0.7998123827392121,0.9121951219512194,ArrowHead,2,10,10.8,6,59,KNNOR-GPF (M=3/2),0.826,1.8895476126752637,3.9891751878539523,0.14096814389619955,0.30256410256410254,1.5
0.7532467532467533,0.794446011564541,0.7998123827392121,0.9099437148217636,ArrowHead,2,10,10.8,6,59,KNNOR-GPF (M calibrated),0.826,1.8895476126752637,3.88650799674339,0.14177303094720847,0.3089005235602094,1.4
0.5862068965517241,0.6439209162167846,0.7073170731707317,0.8938086303939963,ArrowHead,2,20,16.2,4,61,none (raw-flat RF),0.826,2.1891035391766795,,,,
0.5573770491803278,0.6288856698487318,0.6842401500938087,0.8889305816135085,ArrowHead,2,20,16.2,4,61,none,0.826,2.1891035391766795,,,,
0.7466666666666667,0.7873293019083738,0.7953095684803002,0.9317073170731708,ArrowHead,2,20,16.2,4,61,SMOTE-raw,0.826,2.1891035391766795,1.8763632134138,0.45349376316888335,,
0.6461538461538462,0.6989673433658632,0.7330206378986868,0.9009380863039399,ArrowHead,2,20,16.2,4,61,KNNOR-raw (M=1),0.826,2.1891035391766795,6.450210390461788,0.06280182124213808,0.32105263157894737,
0.759493670886076,0.8010312302868935,0.8043151969981238,0.9290806754221389,ArrowHead,2,20,16.2,4,61,chain-mean-GPF (PSSTO-style),0.826,2.1891035391766795,2.7442886891750717,0.23551546235898266,,
0.6666666666666666,0.7227215605153695,0.7388367729831145,0.900187617260788,ArrowHead,2,20,16.2,4,61,KNNOR-GPF (M=1),0.826,2.1891035391766795,5.423631069104623,0.09692048057164115,0.4295774647887324,1.0
0.6666666666666666,0.7247953712644549,0.7356472795497186,0.9065666041275797,ArrowHead,2,20,16.2,4,61,KNNOR-GPF (M=3/2),0.826,2.1891035391766795,6.245190943883792,0.13500941959041585,0.40131578947368424,1.5
0.6753246753246753,0.7325198740332295,0.7401500938086304,0.9054409005628518,ArrowHead,2,20,16.2,4,61,KNNOR-GPF (M calibrated),0.826,2.1891035391766795,6.433086396606477,0.14016886269575396,0.40131578947368424,1.5999999999999999
0.8266666666666667,0.8492353916724403,0.8549718574108818,0.9560975609756097,ArrowHead,3,5,5.0,13,52,none (raw-flat RF),0.826,0.9313839979034562,,,,
0.821917808219178,0.8421361206946366,0.8504690431519699,0.9611632270168856,ArrowHead,3,5,5.0,13,52,none,0.826,0.9313839979034562,,,,
0.7837837837837838,0.8147330045284267,0.8228893058161351,0.9572232645403377,ArrowHead,3,5,5.0,13,52,SMOTE-raw,0.826,0.9313839979034562,1.3803634135304073,0.573996767729922,,
0.8266666666666667,0.8492353916724403,0.8549718574108818,0.9589118198874296,ArrowHead,3,5,5.0,13,52,KNNOR-raw (M=1),0.826,0.9313839979034562,2.9911504030303817,0.17254167304837684,1.0,
0.7894736842105263,0.8218407016184907,0.8273921200750469,0.9609756097560975,ArrowHead,3,5,5.0,13,52,chain-mean-GPF (PSSTO-style),0.826,0.9313839979034562,1.2974921167394342,0.46798761109863823,,
0.821917808219178,0.8421361206946366,0.8504690431519699,0.9649155722326453,ArrowHead,3,5,5.0,13,52,KNNOR-GPF (M=1),0.826,0.9313839979034562,2.3120459044325194,0.17854833778724064,1.0,1.0
0.8108108108108109,0.8354257657813363,0.8427767354596623,0.9652908067542214,ArrowHead,3,5,5.0,13,52,KNNOR-GPF (M=3/2),0.826,0.9313839979034562,1.984546833761609,0.2695310650485121,1.0,1.5
0.8108108108108109,0.8354257657813363,0.8427767354596623,0.9643527204502814,ArrowHead,3,5,5.0,13,52,KNNOR-GPF (M calibrated),0.826,0.9313839979034562,1.574398958036209,0.4007937668548915,0.9122807017543859,2.1999999999999997
0.6349206349206349,0.6876012632229097,0.7285178236397749,0.9352720450281427,ArrowHead,3,10,10.8,6,59,none (raw-flat RF),0.826,1.7600696010033978,,,,
0.6,0.6574725612947925,0.7118198874296435,0.9131332082551595,ArrowHead,3,10,10.8,6,59,none,0.826,1.7600696010033978,,,,
0.6865671641791045,0.7314946532732517,0.7574108818011258,0.923639774859287,ArrowHead,3,10,10.8,6,59,SMOTE-raw,0.826,1.7600696010033978,2.1165135790361322,0.47875227568841977,,
0.6875,0.7268632652562563,0.7606003752345216,0.9287054409005628,ArrowHead,3,10,10.8,6,59,KNNOR-raw (M=1),0.826,1.7600696010033978,3.7833830575809664,0.15853594919445133,0.39072847682119205,
0.696969696969697,0.7373702067235984,0.7651031894934335,0.9315196998123827,ArrowHead,3,10,10.8,6,59,chain-mean-GPF (PSSTO-style),0.826,1.7600696010033978,2.7263315895006865,0.2595598749340261,,
0.6666666666666666,0.7101515310116031,0.7484052532833021,0.9347091932457786,ArrowHead,3,10,10.8,6,59,KNNOR-GPF (M=1),0.826,1.7600696010033978,2.9373150768374217,0.20485562902164742,0.7468354430379747,1.0
0.6666666666666666,0.7101515310116031,0.7484052532833021,0.923076923076923,ArrowHead,3,10,10.8,6,59,KNNOR-GPF (M=3/2),0.826,1.7600696010033978,2.7202108795309403,0.31396732906301245,0.6145833333333334,1.5
0.6666666666666666,0.7101515310116031,0.7484052532833021,0.9210131332082551,ArrowHead,3,10,10.8,6,59,KNNOR-GPF (M calibrated),0.826,1.7600696010033978,2.7332552554979763,0.2978241448518986,0.6210526315789474,1.4
0.09302325581395349,0.2208630521496931,0.524390243902439,0.9478424015009381,ArrowHead,3,20,16.2,4,61,none (raw-flat RF),0.826,5.510254163336553,,,,
0.09302325581395349,0.2208630521496931,0.524390243902439,0.9555347091932458,ArrowHead,3,20,16.2,4,61,none,0.826,5.510254163336553,,,,
0.2916666666666667,0.4131969352706687,0.5853658536585366,0.8739212007504691,ArrowHead,3,20,16.2,4,61,SMOTE-raw,0.826,5.510254163336553,6.306060440980998,0.40730137947451467,,
0.17777777777777778,0.31234752377721214,0.5487804878048781,0.8878048780487805,ArrowHead,3,20,16.2,4,61,KNNOR-raw (M=1),0.826,5.510254163336553,8.210163020868096,0.07786121707697859,0.45185185185185184,
0.39215686274509803,0.4938647983247948,0.6219512195121951,0.9228893058161352,ArrowHead,3,20,16.2,4,61,chain-mean-GPF (PSSTO-style),0.826,5.510254163336553,6.316304275366383,0.31461755040069783,,
0.39215686274509803,0.4938647983247948,0.6219512195121951,0.9287054409005628,ArrowHead,3,20,16.2,4,61,KNNOR-GPF (M=1),0.826,5.510254163336553,6.954635873238724,0.07559414690276504,1.0,1.0
0.36,0.4685212856658182,0.6097560975609756,0.9305816135084427,ArrowHead,3,20,16.2,4,61,KNNOR-GPF (M=3/2),0.826,5.510254163336553,6.677043750202701,0.09612929115714455,0.9838709677419355,1.5
0.48148148148148145,0.563092506371473,0.6585365853658537,0.9362101313320824,ArrowHead,3,20,16.2,4,61,KNNOR-GPF (M calibrated),0.826,5.510254163336553,6.609910299082761,0.1038623729605802,0.9838709677419355,1.5999999999999999
0.7536231884057971,0.7839860625938853,0.8016885553470919,0.9424015009380863,ArrowHead,4,5,5.0,13,52,none (raw-flat RF),0.826,1.0344804758080546,,,,
0.8055555555555556,0.8279815643595723,0.8382739212007504,0.9435272045028142,ArrowHead,4,5,5.0,13,52,none,0.826,1.0344804758080546,,,,
0.8108108108108109,0.8354257657813363,0.8427767354596623,0.9482176360225141,ArrowHead,4,5,5.0,13,52,SMOTE-raw,0.826,1.0344804758080546,1.1437910548048418,0.38832943373567863,,
0.8108108108108109,0.8354257657813363,0.8427767354596623,0.9429643527204503,ArrowHead,4,5,5.0,13,52,KNNOR-raw (M=1),0.826,1.0344804758080546,2.384126457981006,0.1398890495067475,1.0,
0.8169014084507042,0.8345269750253901,0.8459662288930582,0.9440900562851782,ArrowHead,4,5,5.0,13,52,chain-mean-GPF (PSSTO-style),0.826,1.0344804758080546,1.1902438470764682,0.44802962994463974,,
0.8055555555555556,0.8279815643595723,0.8382739212007504,0.94859287054409,ArrowHead,4,5,5.0,13,52,KNNOR-GPF (M=1),0.826,1.0344804758080546,1.2418982324754264,0.3057850442155111,1.0,1.0
0.8055555555555556,0.8279815643595723,0.8382739212007504,0.9454033771106942,ArrowHead,4,5,5.0,13,52,KNNOR-GPF (M=3/2),0.826,1.0344804758080546,1.097498676154233,0.4523501710641399,1.0,1.5
0.821917808219178,0.8421361206946366,0.8504690431519699,0.9418386491557224,ArrowHead,4,5,5.0,13,52,KNNOR-GPF (M calibrated),0.826,1.0344804758080546,1.0660458664684747,0.5868691941004892,1.0,2.0
0.576271186440678,0.6389484795151106,0.699624765478424,0.9341463414634147,ArrowHead,4,10,10.8,6,59,none (raw-flat RF),0.826,1.3554403891905569,,,,
0.6333333333333333,0.6807456457050177,0.7317073170731707,0.9412757973733583,ArrowHead,4,10,10.8,6,59,none,0.826,1.3554403891905569,,,,
0.8,0.8286610733490819,0.8350844277673546,0.9551594746716697,ArrowHead,4,10,10.8,6,59,SMOTE-raw,0.826,1.3554403891905569,1.500494274358724,0.5027077351923275,,
0.7575757575757576,0.7808688094430303,0.8048780487804879,0.951031894934334,ArrowHead,4,10,10.8,6,59,KNNOR-raw (M=1),0.826,1.3554403891905569,4.784647951525729,0.045699402411334994,0.04796747967479675,
0.8055555555555556,0.8279815643595723,0.8382739212007504,0.9517823639774858,ArrowHead,4,10,10.8,6,59,chain-mean-GPF (PSSTO-style),0.826,1.3554403891905569,2.0074841149259512,0.16223274429343204,,
0.7714285714285715,0.7989204723880535,0.8138836772983115,0.9454033771106942,ArrowHead,4,10,10.8,6,59,KNNOR-GPF (M=1),0.826,1.3554403891905569,3.0208832157874053,0.11450032954040214,0.22433460076045628,1.0
0.7945205479452054,0.8213839965531475,0.8305816135084427,0.9427767354596623,ArrowHead,4,10,10.8,6,59,KNNOR-GPF (M=3/2),0.826,1.3554403891905569,3.1353540350373823,0.17078238305015594,0.1761194029850746,1.5
0.7536231884057971,0.7839860625938853,0.8016885553470919,0.9412757973733583,ArrowHead,4,10,10.8,6,59,KNNOR-GPF (M calibrated),0.826,1.3554403891905569,3.3356229587584814,0.1397032526814952,0.17002881844380405,1.4
0.48148148148148145,0.563092506371473,0.6585365853658537,0.9476547842401501,ArrowHead,4,20,16.2,4,61,none (raw-flat RF),0.826,2.1257944712394288,,,,
0.39215686274509803,0.4938647983247948,0.6219512195121951,0.9324577861163227,ArrowHead,4,20,16.2,4,61,none,0.826,2.1257944712394288,,,,
0.7352941176470589,0.7687615829905761,0.7894934333958724,0.95046904315197,ArrowHead,4,20,16.2,4,61,SMOTE-raw,0.826,2.1257944712394288,2.5140881380539266,0.4115679556660022,,
0.7272727272727273,0.7591839204966824,0.7849906191369607,0.9440900562851782,ArrowHead,4,20,16.2,4,61,KNNOR-raw (M=1),0.826,2.1257944712394288,4.495665379748978,0.21950305940521123,0.5350877192982456,
0.782608695652174,0.8052361475264893,0.8215759849906192,0.9602251407129456,ArrowHead,4,20,16.2,4,61,chain-mean-GPF (PSSTO-style),0.826,2.1257944712394288,2.6680129466397293,0.2107249299145137,,
0.7352941176470589,0.7687615829905761,0.7894934333958724,0.9598499061913697,ArrowHead,4,20,16.2,4,61,KNNOR-GPF (M=1),0.826,2.1257944712394288,3.0246616793374574,0.09791518108517301,0.6931818181818182,1.0
0.7352941176470589,0.7687615829905761,0.7894934333958724,0.9634146341463415,ArrowHead,4,20,16.2,4,61,KNNOR-GPF (M=3/2),0.826,2.1257944712394288,2.6539333317465346,0.14882410712582575,0.7261904761904762,1.5
0.7536231884057971,0.7839860625938853,0.8016885553470919,0.9652908067542214,ArrowHead,4,20,16.2,4,61,KNNOR-GPF (M calibrated),0.826,2.1257944712394288,2.553787588588934,0.16255905310553245,0.6853932584269663,1.5999999999999999
0.46511627906976744,0.5504818825631803,0.6515151515151515,0.903046421663443,OSULeaf,0,5,5.7,33,155,none (raw-flat RF),0.647,0.6069250307470728,,,,
0.8955223880597015,0.943264835199011,0.9439071566731141,0.9881528046421664,OSULeaf,0,5,5.7,33,155,none,0.647,0.6069250307470728,,,,
0.8266666666666667,0.9404410669397882,0.9404416505480335,0.9916183107672469,OSULeaf,0,5,5.7,33,155,SMOTE-raw,0.647,0.6069250307470728,1.914661441969809,0.8512679456107053,,
0.8524590163934426,0.8828913288995621,0.8886202450032237,0.9946808510638298,OSULeaf,0,5,5.7,33,155,KNNOR-raw (M=1),0.647,0.6069250307470728,4.691411513997664,0.6739868788774831,0.9226190476190477,
0.8695652173913043,0.9381243891079004,0.938588007736944,0.9875080593165699,OSULeaf,0,5,5.7,33,155,chain-mean-GPF (PSSTO-style),0.647,0.6069250307470728,0.8465311115395409,0.5882358180676583,,
0.835820895522388,0.9063142638234268,0.9082849774339137,0.9853320438426821,OSULeaf,0,5,5.7,33,155,KNNOR-GPF (M=1),0.647,0.6069250307470728,1.379338318345054,0.431039006104668,0.7711442786069652,1.0
0.8529411764705882,0.9223564696604214,0.9234364925854288,0.9858961960025789,OSULeaf,0,5,5.7,33,155,KNNOR-GPF (M=3/2),0.647,0.6069250307470728,1.2452129125929776,0.5720112605733016,0.6828193832599119,1.5
0.8656716417910447,0.9248869448397515,0.9260960670535139,0.9866215344938749,OSULeaf,0,5,5.7,33,155,KNNOR-GPF (M calibrated),0.647,0.6069250307470728,1.216318541748553,0.6038964583193004,0.6798245614035088,1.5999999999999999
0.058823529411764705,0.17407765595569785,0.5151515151515151,0.8727433913604127,OSULeaf,0,10,9.9,19,169,none (raw-flat RF),0.647,0.7966285140886651,,,,
0.8888888888888888,0.9162196319259367,0.9189232753062541,0.9889587362991619,OSULeaf,0,10,9.9,19,169,none,0.647,0.7966285140886651,,,,
0.7017543859649122,0.7701725128493474,0.7923920051579626,0.9671179883945842,OSULeaf,0,10,9.9,19,169,SMOTE-raw,0.647,0.7966285140886651,2.8337674377507387,0.8362353115552131,,
0.8135593220338984,0.8482545510432412,0.8583172147001934,0.9807382333978079,OSULeaf,0,10,9.9,19,169,KNNOR-raw (M=1),0.647,0.7966285140886651,6.148643560607621,0.546730615759091,0.7788018433179723,
0.84375,0.8948595947916722,0.8984526112185687,0.9829142488716957,OSULeaf,0,10,9.9,19,169,chain-mean-GPF (PSSTO-style),0.647,0.7966285140886651,1.2318825935113544,0.4868525907238781,,
0.8307692307692308,0.8924245981834769,0.8957930367504836,0.9842037395228884,OSULeaf,0,10,9.9,19,169,KNNOR-GPF (M=1),0.647,0.7966285140886651,2.2223372838090434,0.3186777326656793,0.66015625,1.0
0.8307692307692308,0.8924245981834769,0.8957930367504836,0.9848484848484849,OSULeaf,0,10,9.9,19,169,KNNOR-GPF (M=3/2),0.647,0.7966285140886651,2.1611938636141623,0.48753753943095224,0.5950704225352113,1.5
0.7936507936507936,0.8587359699877899,0.8654900064474533,0.9829948420373953,OSULeaf,0,10,9.9,19,169,KNNOR-GPF (M calibrated),0.647,0.7966285140886651,2.079997342948479,0.5310420894910661,0.5971731448763251,1.5999999999999999
0.0,0.0,0.5,0.7462121212121211,OSULeaf,0,20,20.9,9,179,none (raw-flat RF),0.647,1.4446772516282422,,,,
0.7547169811320755,0.778498944161523,0.803030303030303,0.9840425531914894,OSULeaf,0,20,20.9,9,179,none,0.647,1.4446772516282422,,,,
0.625,0.674199862463242,0.7272727272727273,0.9686492585428755,OSULeaf,0,20,20.9,9,179,SMOTE-raw,0.647,1.4446772516282422,2.1487669207694537,0.7096415063769966,,
0.3076923076923077,0.42640143271122083,0.5909090909090909,0.9875886524822696,OSULeaf,0,20,20.9,9,179,KNNOR-raw (M=1),0.647,1.4446772516282422,7.8654104307400114,0.29286455107952153,0.5474006116207951,
0.8571428571428571,0.8972879835027834,0.9011121856866537,0.9801740812379109,OSULeaf,0,20,20.9,9,179,chain-mean-GPF (PSSTO-style),0.647,1.4446772516282422,2.0406790164305306,0.34527948150898186,,
0.8135593220338984,0.8482545510432412,0.8583172147001934,0.9821889103803998,OSULeaf,0,20,20.9,9,179,KNNOR-GPF (M=1),0.647,1.4446772516282422,3.397197052145712,0.18610754570449003,0.6215277777777778,1.0
0.8524590163934426,0.8828913288995621,0.8886202450032237,0.9830754352030947,OSULeaf,0,20,20.9,9,179,KNNOR-GPF (M=3/2),0.647,1.4446772516282422,3.8212633211296936,0.26403098456513596,0.49584487534626037,1.5
0.8524590163934426,0.8828913288995621,0.8886202450032237,0.9833172147001935,OSULeaf,0,20,20.9,9,179,KNNOR-GPF (M calibrated),0.647,1.4446772516282422,3.932369631245974,0.2853954544008835,0.47480106100795755,1.5999999999999999
0.2564102564102564,0.3882128538033691,0.5730980012894906,0.9211798839458414,OSULeaf,1,5,5.7,33,155,none (raw-flat RF),0.647,0.8902119095824457,,,,
0.927536231884058,0.9741997327436942,0.9742101869761444,0.9950838168923275,OSULeaf,1,5,5.7,33,155,none,0.647,0.8902119095824457,,,,
0.7586206896551724,0.9424955556077841,0.9441489361702128,0.9666344294003868,OSULeaf,1,5,5.7,33,155,SMOTE-raw,0.647,0.8902119095824457,2.476278059905985,0.7979586474570579,,
0.8648648648648649,0.9608721591627212,0.9609123146357189,0.9950838168923275,OSULeaf,1,5,5.7,33,155,KNNOR-raw (M=1),0.647,0.8902119095824457,6.721183017242996,0.5488536828709353,0.8333333333333334,
0.8648648648648649,0.9608721591627212,0.9609123146357189,0.9879110251450677,OSULeaf,1,5,5.7,33,155,chain-mean-GPF (PSSTO-style),0.647,0.8902119095824457,1.351898630797061,0.5327918423090016,,
0.9142857142857143,0.9715488442034781,0.9715506125080593,0.9913765312701484,OSULeaf,1,5,5.7,33,155,KNNOR-GPF (M=1),0.647,0.8902119095824457,2.0620244679461166,0.3804944453687144,0.9064327485380117,1.0
0.8533333333333334,0.9581843996064947,0.9582527401676337,0.9890393294648615,OSULeaf,1,5,5.7,33,155,KNNOR-GPF (M=3/2),0.647,0.8902119095824457,1.6974144289654944,0.528647844194309,0.824468085106383,1.5
0.8648648648648649,0.9608721591627212,0.9609123146357189,0.9890393294648614,OSULeaf,1,5,5.7,33,155,KNNOR-GPF (M calibrated),0.647,0.8902119095824457,1.5608800966218688,0.6108327771107119,0.7989690721649485,1.7999999999999998
0.0,0.0,0.5,0.8810444874274661,OSULeaf,1,10,9.9,19,169,none (raw-flat RF),0.647,1.25418281259409,,,,
0.90625,0.9324371676240342,0.9340747904577692,0.9953255963894261,OSULeaf,1,10,9.9,19,169,none,0.647,1.25418281259409,,,,
0.6875,0.79671310586035,0.8093971631205674,0.9540618955512573,OSULeaf,1,10,9.9,19,169,SMOTE-raw,0.647,1.25418281259409,3.4898957796342494,0.7980326766259396,,
0.7368421052631579,0.7913336195849973,0.8102030947775629,0.9754190844616377,OSULeaf,1,10,9.9,19,169,KNNOR-raw (M=1),0.647,1.25418281259409,9.741779933966116,0.44885252127151765,0.6869918699186992,
0.8064516129032258,0.8610790465664856,0.8681495809155384,0.9767085751128305,OSULeaf,1,10,9.9,19,169,chain-mean-GPF (PSSTO-style),0.647,1.25418281259409,1.8545786589939173,0.48669268671506677,,
0.7796610169491526,0.8281593084082067,0.8405061250805932,0.9813023855577048,OSULeaf,1,10,9.9,19,169,KNNOR-GPF (M=1),0.647,1.25418281259409,2.7031011778933003,0.30987471169323816,0.6954732510288066,1.0
0.8253968253968254,0.878131772237676,0.8833010960670535,0.9804964539007092,OSULeaf,1,10,9.9,19,169,KNNOR-GPF (M=3/2),0.647,1.25418281259409,2.526019049972634,0.4366298142962973,0.6190476190476191,1.5
0.8307692307692308,0.8924245981834769,0.8957930367504836,0.9808188265635075,OSULeaf,1,10,9.9,19,169,KNNOR-GPF (M calibrated),0.647,1.25418281259409,2.5062181104248094,0.5042504030731919,0.6213235294117647,1.7999999999999998
0.0,0.0,0.5,0.8470341715022567,OSULeaf,1,20,20.9,9,179,none (raw-flat RF),0.647,1.793771118013094,,,,
0.8620689655172413,0.8703882797784892,0.8787878787878788,0.9934719535783365,OSULeaf,1,20,20.9,9,179,none,0.647,1.793771118013094,,,,
0.3902439024390244,0.49236596391733095,0.6212121212121212,0.9299645390070923,OSULeaf,1,20,20.9,9,179,SMOTE-raw,0.647,1.793771118013094,4.6207035111817305,0.693331039192334,,
0.3902439024390244,0.49236596391733095,0.6212121212121212,0.9831560283687943,OSULeaf,1,20,20.9,9,179,KNNOR-raw (M=1),0.647,1.793771118013094,11.299576012745156,0.27159153107685796,0.7782608695652173,
0.6785714285714286,0.750671309276733,0.7772404900064475,0.9815441650548034,OSULeaf,1,20,20.9,9,179,chain-mean-GPF (PSSTO-style),0.647,1.793771118013094,2.3947999038352528,0.4174700982320956,,
0.7857142857142857,0.8143221520847179,0.8306737588652482,0.9923436492585429,OSULeaf,1,20,20.9,9,179,KNNOR-GPF (M=1),0.647,1.793771118013094,3.9112930522540843,0.17183735341411402,0.7991071428571429,1.0
0.7777777777777778,0.7977240352174656,0.8181818181818181,0.9954867827208252,OSULeaf,1,20,20.9,9,179,KNNOR-GPF (M=3/2),0.647,1.793771118013094,3.847633168145217,0.22646049876567795,0.667910447761194,1.5
0.8135593220338984,0.8482545510432412,0.8583172147001934,0.9904900064474532,OSULeaf,1,20,20.9,9,179,KNNOR-GPF (M calibrated),0.647,1.793771118013094,3.6161588910612465,0.2839990543384402,0.6532846715328468,1.7999999999999998
0.5217391304347826,0.6014167670256413,0.6791586073500967,0.8965183752417796,OSULeaf,2,5,5.7,33,155,none (raw-flat RF),0.647,0.508597248821145,,,,
0.8615384615384616,0.9112804065534108,0.9136041263700838,0.9814635718891038,OSULeaf,2,5,5.7,33,155,none,0.647,0.508597248821145,,,,
0.7407407407407407,0.9066698903875635,0.9066731141199227,0.9756608639587364,OSULeaf,2,5,5.7,33,155,SMOTE-raw,0.647,0.508597248821145,1.8440365732807393,0.805244738302698,,
0.7631578947368421,0.9018570996781282,0.9021598968407478,0.9668762088974856,OSULeaf,2,5,5.7,33,155,KNNOR-raw (M=1),0.647,0.508597248821145,5.087560834471482,0.5839970947466495,0.9226190476190477,
0.8285714285714286,0.917274577159581,0.9181173436492586,0.9755802707930368,OSULeaf,2,5,5.7,33,155,chain-mean-GPF (PSSTO-style),0.647,0.508597248821145,0.7257913415218642,0.5934764542179379,,
0.8285714285714286,0.917274577159581,0.9181173436492586,0.9773533204384268,OSULeaf,2,5,5.7,33,155,KNNOR-GPF (M=1),0.647,0.508597248821145,1.195420918905425,0.465363618363237,0.8857142857142857,1.0
0.8235294117647058,0.9038209598867607,0.9056254029658285,0.9778368794326241,OSULeaf,2,5,5.7,33,155,KNNOR-GPF (M=3/2),0.647,0.508597248821145,1.1014731514455143,0.5755026241504922,0.7788944723618091,1.5
0.8055555555555556,0.9121643726226872,0.9127981947130883,0.9804964539007093,OSULeaf,2,5,5.7,33,155,KNNOR-GPF (M calibrated),0.647,0.508597248821145,0.9866165604233021,0.6696921981854005,0.7948717948717948,1.7999999999999998
0.16216216216216217,0.30070838351282064,0.5427949709864603,0.8546905222437138,OSULeaf,2,10,9.9,19,169,none (raw-flat RF),0.647,0.9096000194701883,,,,
0.7931034482758621,0.8303945602695978,0.8431656995486783,0.9736460348162477,OSULeaf,2,10,9.9,19,169,none,0.647,0.9096000194701883,,,,
0.647887323943662,0.8008498065411569,0.8085912314635719,0.9530141843971631,OSULeaf,2,10,9.9,19,169,SMOTE-raw,0.647,0.9096000194701883,2.710317597505215,0.7990831785602628,,
0.7241379310344828,0.789191982046265,0.8075435203094777,0.9690522243713733,OSULeaf,2,10,9.9,19,169,KNNOR-raw (M=1),0.647,0.9096000194701883,8.758488506037782,0.4186714246347182,0.7477876106194691,
0.8387096774193549,0.880514766502901,0.8859606705351386,0.9722759509993552,OSULeaf,2,10,9.9,19,169,chain-mean-GPF (PSSTO-style),0.647,0.9096000194701883,1.1648033809041252,0.5466407039650968,,
0.8387096774193549,0.880514766502901,0.8859606705351386,0.974290780141844,OSULeaf,2,10,9.9,19,169,KNNOR-GPF (M=1),0.647,0.9096000194701883,1.6312963229176063,0.4088887169008255,0.9712643678160919,1.0
0.8656716417910447,0.9248869448397515,0.9260960670535139,0.9726789168278531,OSULeaf,2,10,9.9,19,169,KNNOR-GPF (M=3/2),0.647,0.9096000194701883,1.3947973268903873,0.5878679864072129,0.949438202247191,1.5
0.8484848484848485,0.9088007273814073,0.9109445519019987,0.9711476466795615,OSULeaf,2,10,9.9,19,169,KNNOR-GPF (M calibrated),0.647,0.9096000194701883,1.2889607135846344,0.6385344288650902,0.9712643678160919,1.5999999999999999
0.11428571428571428,0.24618298195866548,0.5303030303030303,0.7927949709864603,OSULeaf,2,20,20.9,9,179,none (raw-flat RF),0.647,1.27594382948066,,,,
0.7636363636363637,0.7955995999271589,0.815522243713733,0.9829142488716957,OSULeaf,2,20,20.9,9,179,none,0.647,1.27594382948066,,,,
0.5416666666666666,0.6242984457156828,0.6916505480335268,0.9517246937459704,OSULeaf,2,20,20.9,9,179,SMOTE-raw,0.647,1.27594382948066,3.820778593315154,0.664033526504001,,
0.5333333333333333,0.6030226891555273,0.6818181818181819,0.9673597678916829,OSULeaf,2,20,20.9,9,179,KNNOR-raw (M=1),0.647,1.27594382948066,13.525162960442,0.19652154098791624,0.3370998116760829,
0.6909090909090909,0.7527084129115519,0.7799000644745326,0.9722759509993553,OSULeaf,2,20,20.9,9,179,chain-mean-GPF (PSSTO-style),0.647,1.27594382948066,1.6179706304950656,0.40603088366872886,,
0.8571428571428571,0.8972879835027834,0.9011121856866537,0.9770309477756287,OSULeaf,2,20,20.9,9,179,KNNOR-GPF (M=1),0.647,1.27594382948066,3.222951948274991,0.1888910162993191,0.5628930817610063,1.0
0.8615384615384616,0.9112804065534108,0.9136041263700838,0.9791263700838169,OSULeaf,2,20,20.9,9,179,KNNOR-GPF (M=3/2),0.647,1.27594382948066,3.427297669202712,0.2811989129053693,0.5737179487179487,1.5
0.8709677419354839,0.8997098178225393,0.9037717601547389,0.9782398452611218,OSULeaf,2,20,20.9,9,179,KNNOR-GPF (M calibrated),0.647,1.27594382948066,3.4276615456206336,0.306777104007294,0.5774193548387097,1.5999999999999999
0.3076923076923077,0.42640143271122083,0.5909090909090909,0.9468891038039975,OSULeaf,3,5,5.7,33,155,none (raw-flat RF),0.647,0.49380169876390667,,,,
0.8387096774193549,0.880514766502901,0.8859606705351386,0.9886363636363636,OSULeaf,3,5,5.7,33,155,none,0.647,0.49380169876390667,,,,
0.8205128205128205,0.9500755000708865,0.9502740167633785,0.9799323017408124,OSULeaf,3,5,5.7,33,155,SMOTE-raw,0.647,0.49380169876390667,1.693308787122131,0.7853286534811781,,
0.8484848484848485,0.9088007273814073,0.9109445519019987,0.9779980657640233,OSULeaf,3,5,5.7,33,155,KNNOR-raw (M=1),0.647,0.49380169876390667,4.451155223265678,0.5964562970438517,0.8516483516483516,
0.8656716417910447,0.9248869448397515,0.9260960670535139,0.9839619600257898,OSULeaf,3,5,5.7,33,155,chain-mean-GPF (PSSTO-style),0.647,0.49380169876390667,0.7204310124211641,0.6236222620899201,,
0.8615384615384616,0.9112804065534108,0.9136041263700838,0.9821083172147002,OSULeaf,3,5,5.7,33,155,KNNOR-GPF (M=1),0.647,0.49380169876390667,1.3780127670563527,0.4684530417471607,0.856353591160221,1.0
0.8615384615384616,0.9112804065534108,0.9136041263700838,0.982511283043198,OSULeaf,3,5,5.7,33,155,KNNOR-GPF (M=3/2),0.647,0.49380169876390667,1.2936984796271531,0.6003556343363357,0.7989690721649485,1.5
0.8615384615384616,0.9112804065534108,0.9136041263700838,0.9815441650548034,OSULeaf,3,5,5.7,33,155,KNNOR-GPF (M calibrated),0.647,0.49380169876390667,1.2822430817048023,0.6239921276778176,0.7868020304568528,1.5999999999999999
0.058823529411764705,0.17407765595569785,0.5151515151515151,0.8895067698259188,OSULeaf,3,10,9.9,19,169,none (raw-flat RF),0.647,0.7541320555085207,,,,
0.7272727272727273,0.7743469201880009,0.7977111540941328,0.9873468729851709,OSULeaf,3,10,9.9,19,169,none,0.647,0.7541320555085207,,,,
0.8108108108108109,0.9251483230970086,0.9252901353965184,0.9802546744036106,OSULeaf,3,10,9.9,19,169,SMOTE-raw,0.647,0.7541320555085207,2.1027477906624856,0.7579287198609503,,
0.7796610169491526,0.8281593084082067,0.8405061250805932,0.9672791747259833,OSULeaf,3,10,9.9,19,169,KNNOR-raw (M=1),0.647,0.7541320555085207,6.649019808992572,0.4729305391334654,0.48985507246376814,
0.819672131147541,0.8634157646932474,0.8708091553836235,0.9817053513862024,OSULeaf,3,10,9.9,19,169,chain-mean-GPF (PSSTO-style),0.647,0.7541320555085207,1.0615513211464265,0.48675536449037127,,
0.819672131147541,0.8634157646932474,0.8708091553836235,0.9821083172147003,OSULeaf,3,10,9.9,19,169,KNNOR-GPF (M=1),0.647,0.7541320555085207,1.665054510301152,0.3142955489856266,0.6079136690647482,1.0
0.8387096774193549,0.880514766502901,0.8859606705351386,0.9825918762088975,OSULeaf,3,10,9.9,19,169,KNNOR-GPF (M=3/2),0.647,0.7541320555085207,1.550986529883323,0.4662108796970383,0.52,1.5
0.8387096774193549,0.880514766502901,0.8859606705351386,0.9841231463571889,OSULeaf,3,10,9.9,19,169,KNNOR-GPF (M calibrated),0.647,0.7541320555085207,1.3694633372569474,0.5780055583328345,0.5331230283911672,1.7999999999999998
0.0,0.0,0.5,0.8666183107672468,OSULeaf,3,20,20.9,9,179,none (raw-flat RF),0.647,1.3774045907921941,,,,
0.6666666666666666,0.715829132906541,0.7549161831076725,0.9846067053513863,OSULeaf,3,20,20.9,9,179,none,0.647,1.3774045907921941,,,,
0.56,0.6461211947643121,0.7041424887169568,0.9550290135396519,OSULeaf,3,20,20.9,9,179,SMOTE-raw,0.647,1.3774045907921941,2.0950613619751177,0.6621334767184158,,
0.35,0.4605661864718383,0.6060606060606061,0.9619600257898131,OSULeaf,3,20,20.9,9,179,KNNOR-raw (M=1),0.647,1.3774045907921941,7.148851414642202,0.32597269807396606,0.5986622073578596,
0.7142857142857143,0.7722625370796257,0.7950515796260478,0.9820277240490006,OSULeaf,3,20,20.9,9,179,chain-mean-GPF (PSSTO-style),0.647,1.3774045907921941,1.885781835211894,0.38194138357559476,,
0.7586206896551724,0.8099557819994412,0.825354609929078,0.9842037395228885,OSULeaf,3,20,20.9,9,179,KNNOR-GPF (M=1),0.647,1.3774045907921941,3.106192870325007,0.19467410696443108,0.6532846715328468,1.0
0.7586206896551724,0.8099557819994412,0.825354609929078,0.9851708575112831,OSULeaf,3,20,20.9,9,179,KNNOR-GPF (M=3/2),0.647,1.3774045907921941,3.0021290694072196,0.280424728984599,0.662962962962963,1.5
0.7142857142857143,0.7722625370796257,0.7950515796260478,0.9858961960025789,OSULeaf,3,20,20.9,9,179,KNNOR-GPF (M calibrated),0.647,1.3774045907921941,2.8533870049171206,0.3608863376301784,0.6704119850187266,1.7999999999999998
0.2631578947368421,0.3892494720807615,0.5757575757575758,0.9299645390070922,OSULeaf,4,5,5.7,33,155,none (raw-flat RF),0.647,0.6384199977765874,,,,
0.8307692307692308,0.8924245981834769,0.8957930367504836,0.9803352675693101,OSULeaf,4,5,5.7,33,155,none,0.647,0.6384199977765874,,,,
0.7252747252747253,0.9311397728567633,0.9335106382978724,0.9889587362991619,OSULeaf,4,5,5.7,33,155,SMOTE-raw,0.647,0.6384199977765874,2.0568001433379752,0.8515231965332785,,
0.8285714285714286,0.917274577159581,0.9181173436492586,0.9867021276595745,OSULeaf,4,5,5.7,33,155,KNNOR-raw (M=1),0.647,0.6384199977765874,5.760209732595763,0.5655743547157087,0.8031088082901554,
0.8333333333333334,0.9303604675678953,0.9306092843326885,0.975902643455835,OSULeaf,4,5,5.7,33,155,chain-mean-GPF (PSSTO-style),0.647,0.6384199977765874,1.1540892284261641,0.5204358613304152,,
0.8333333333333334,0.9303604675678953,0.9306092843326885,0.9781592520954223,OSULeaf,4,5,5.7,33,155,KNNOR-GPF (M=1),0.647,0.6384199977765874,1.5389960601854842,0.4179177586595355,0.856353591160221,1.0
0.8333333333333334,0.9303604675678953,0.9306092843326885,0.9767891682785299,OSULeaf,4,5,5.7,33,155,KNNOR-GPF (M=3/2),0.647,0.6384199977765874,1.2780016290331133,0.6108294435845865,0.7598039215686274,1.5
0.821917808219178,0.9277580555679266,0.9279497098646035,0.9796905222437138,OSULeaf,4,5,5.7,33,155,KNNOR-GPF (M calibrated),0.647,0.6384199977765874,1.2194572383052424,0.6384612760596938,0.748792270531401,1.5999999999999999
0.0,0.0,0.5,0.9200515796260477,OSULeaf,4,10,9.9,19,169,none (raw-flat RF),0.647,0.8217087774235843,,,,
0.7936507936507936,0.8587359699877899,0.8654900064474533,0.9555931656995487,OSULeaf,4,10,9.9,19,169,none,0.647,0.8217087774235843,,,,
0.7407407407407407,0.9066698903875635,0.9066731141199227,0.9713088330109606,OSULeaf,4,10,9.9,19,169,SMOTE-raw,0.647,0.8217087774235843,2.3729245583395873,0.7816884635873805,,
0.8484848484848485,0.9088007273814073,0.9109445519019987,0.9821083172147002,OSULeaf,4,10,9.9,19,169,KNNOR-raw (M=1),0.647,0.8217087774235843,7.036480219464648,0.4450521849679253,0.7379912663755459,
0.835820895522388,0.9063142638234268,0.9082849774339137,0.9613152804642167,OSULeaf,4,10,9.9,19,169,chain-mean-GPF (PSSTO-style),0.647,0.8217087774235843,1.3892283654261561,0.4585209528638783,,
0.8181818181818182,0.8899829394405065,0.8931334622823985,0.9647807865892972,OSULeaf,4,10,9.9,19,169,KNNOR-GPF (M=1),0.647,0.8217087774235843,2.7088080199114035,0.2574437846558826,0.9184782608695652,1.0
0.8059701492537313,0.8875345635790128,0.8904738878143134,0.9640554480980013,OSULeaf,4,10,9.9,19,169,KNNOR-GPF (M=3/2),0.647,0.8217087774235843,2.3757406667445427,0.38097042339320014,0.8802083333333334,1.5
0.8405797101449275,0.9198190330243564,0.9207769181173436,0.9655867182462927,OSULeaf,4,10,9.9,19,169,KNNOR-GPF (M calibrated),0.647,0.8217087774235843,2.2017051587938017,0.46670779429097026,0.8711340206185567,1.7999999999999998
0.0,0.0,0.5,0.795535138620245,OSULeaf,4,20,20.9,9,179,none (raw-flat RF),0.647,1.6555481187165384,,,,
0.7636363636363637,0.7955995999271589,0.815522243713733,0.9733236621534493,OSULeaf,4,20,20.9,9,179,none,0.647,1.6555481187165384,,,,
0.5416666666666666,0.6242984457156828,0.6916505480335268,0.9469696969696969,OSULeaf,4,20,20.9,9,179,SMOTE-raw,0.647,1.6555481187165384,3.6409884486359942,0.735532159385013,,
0.6122448979591837,0.6724043869387439,0.7246131528046421,0.9570438426821405,OSULeaf,4,20,20.9,9,179,KNNOR-raw (M=1),0.647,1.6555481187165384,10.032528377175014,0.4016230925938579,0.6258741258741258,
0.7636363636363637,0.7955995999271589,0.815522243713733,0.9680851063829787,OSULeaf,4,20,20.9,9,179,chain-mean-GPF (PSSTO-style),0.647,1.6555481187165384,2.4844543959898697,0.3347795767790933,,
0.7719298245614035,0.8121419014464815,0.8280141843971631,0.9676015473887813,OSULeaf,4,20,20.9,9,179,KNNOR-GPF (M=1),0.647,1.6555481187165384,2.836067372059622,0.2560749099589145,0.8483412322274881,1.0
0.75,0.7934694766938891,0.812862669245648,0.9687298517085752,OSULeaf,4,20,20.9,9,179,KNNOR-GPF (M=3/2),0.647,1.6555481187165384,2.4323255677310716,0.41469123306242883,0.7955555555555556,1.5
0.75,0.7934694766938891,0.812862669245648,0.9730818826563508,OSULeaf,4,20,20.9,9,179,KNNOR-GPF (M calibrated),0.647,1.6555481187165384,2.122306499387941,0.5259921374013782,0.771551724137931,1.7999999999999998
